date,round,type,winner_raw,score,loser_raw,duration,tournament_url,page_number,tournament_name,winner_name,winner_rank,winner_elo,loser_name,loser_rank,loser_elo
21/12/2025,Final,MD,KIM Won .. / SEO Seun.. Rank 1 Elo 2447 (+8),21-18 / 21-14,LIANG W.. / WANG Ch.. Rank 5 Elo 2146 (-8),40,https://badmintonranks.com/tournament?id=14651,1,BWF World Tour Finals 2025,KIM Won .. / SEO Seun..,1,2447,LIANG W.. / WANG Ch..,5,2146
21/12/2025,Final,MS,Christo POPOV Rank 8 Elo 2405 (+42),21-19 / 21-9,SHI Yu Qi Rank 1 Elo 2608 (-42),45,https://badmintonranks.com/tournament?id=14651,1,BWF World Tour Finals 2025,Christo POPOV,8,2405,SHI Yu Qi,1,2608
21/12/2025,Final,WS,AN Se Young Rank 1 Elo 2805 (+12),21-13 / 18-21 / 21-10,WANG Zhi Yi Rank 2 Elo 2576 (-11),96,https://badmintonranks.com/tournament?id=14651,1,BWF World Tour Finals 2025,AN Se Young,1,2805,WANG Zhi Yi,2,2576
21/12/2025,Final,WD,BAEK Ha.. / LEE So H.. Rank 7 Elo 2290 (+26),21-17 / 21-11,Yuki FUK.. / Mayu MAT.. Rank 5 Elo 2268 (-25),69,https://badmintonranks.com/tournament?id=14651,1,BWF World Tour Finals 2025,BAEK Ha.. / LEE So H..,7,2290,Yuki FUK.. / Mayu MAT..,5,2268
21/12/2025,Final,XD,FENG Ya.. / HUANG D.. Rank 1 Elo 2488 (+17),21-12 / 21-17,JIANG Zh.. / WEI Ya Xin Rank 2 Elo 2344 (-17),45,https://badmintonranks.com/tournament?id=14651,1,BWF World Tour Finals 2025,FENG Ya.. / HUANG D..,1,2488,JIANG Zh.. / WEI Ya Xin,2,2344
20/12/2025,Semi final,MD,LIANG W.. / WANG Ch.. Rank 5 Elo 2112 (+34),10-21 / 21-17 / 21-13,Satwiksai.. / Chirag SH.. Rank 3 Elo 2203 (-34),63,https://badmintonranks.com/tournament?id=14651,1,BWF World Tour Finals 2025,LIANG W.. / WANG Ch..,5,2112,Satwiksai.. / Chirag SH..,3,2203
20/12/2025,Semi final,MD,KIM Won .. / SEO Seun.. Rank 1 Elo 2438 (+9),21-9 / 21-11,Sabar Ka.. / Moh Reza.. Rank 10 Elo 2173 (-9),28,https://badmintonranks.com/tournament?id=14651,1,BWF World Tour Finals 2025,KIM Won .. / SEO Seun..,1,2438,Sabar Ka.. / Moh Reza..,10,2173
20/12/2025,Semi final,MS,SHI Yu Qi Rank 1 Elo 2594 (+14),21-16 / 21-13,Kunlavut VITIDSARN Rank 2 Elo 2423 (-15),52,https://badmintonranks.com/tournament?id=14651,1,BWF World Tour Finals 2025,SHI Yu Qi,1,2594,Kunlavut VITIDSARN,2,2423
20/12/2025,Semi final,WD,BAEK Ha.. / LEE So H.. Rank 7 Elo 2252 (+38),15-21 / 21-16 / 21-19,LIU Shen.. / TAN Ning Rank 1 Elo 2401 (-38),80,https://badmintonranks.com/tournament?id=14651,1,BWF World Tour Finals 2025,BAEK Ha.. / LEE So H..,7,2252,LIU Shen.. / TAN Ning,1,2401
20/12/2025,Semi final,XD,JIANG Zh.. / WEI Ya Xin Rank 2 Elo 2325 (+19),9-21 / 21-11 / 21-17,CHEN Ta.. / TOH Ee W.. Rank 4 Elo 2227 (-20),58,https://badmintonranks.com/tournament?id=14651,1,BWF World Tour Finals 2025,JIANG Zh.. / WEI Ya Xin,2,2325,CHEN Ta.. / TOH Ee W..,4,2227
20/12/2025,Semi final,MS,Christo POPOV Rank 8 Elo 2387 (+18),21-19 / 21-8,Kodai NARAOKA Rank 9 Elo 2266 (-18),50,https://badmintonranks.com/tournament?id=14651,1,BWF World Tour Finals 2025,Christo POPOV,8,2387,Kodai NARAOKA,9,2266
20/12/2025,Semi final,WD,Yuki FUK.. / Mayu MAT.. Rank 5 Elo 2237 (+31),21-19 / 21-13,Pearly TA.. / THINAAH .. Rank 2 Elo 2291 (-31),61,https://badmintonranks.com/tournament?id=14651,1,BWF World Tour Finals 2025,Yuki FUK.. / Mayu MAT..,5,2237,Pearly TA.. / THINAAH ..,2,2291
20/12/2025,Semi final,XD,FENG Ya.. / HUANG D.. Rank 1 Elo 2483 (+5),22-20 / 17-21 / 21-9,Hiroki MI.. / Natsu SAI.. Rank 8 Elo 2094 (-5),67,https://badmintonranks.com/tournament?id=14651,1,BWF World Tour Finals 2025,FENG Ya.. / HUANG D..,1,2483,Hiroki MI.. / Natsu SAI..,8,2094
20/12/2025,Semi final,WS,WANG Zhi Yi Rank 2 Elo 2570 (+6),15-21 / 21-17 / 21-11,Ratchanok INTANON Rank 8 Elo 2228 (-6),76,https://badmintonranks.com/tournament?id=14651,1,BWF World Tour Finals 2025,WANG Zhi Yi,2,2570,Ratchanok INTANON,8,2228
20/12/2025,Semi final,WS,AN Se Young Rank 1 Elo 2797 (+8),21-15 / 21-12,Akane YAMAGUCHI Rank 3 Elo 2509 (-8),38,https://badmintonranks.com/tournament?id=14651,1,BWF World Tour Finals 2025,AN Se Young,1,2797,Akane YAMAGUCHI,3,2509
19/12/2025,Group B,MD,Satwiksai.. / Chirag S.. (3) Rank 3 Elo 2184 (+19),17-21 / 21-18 / 21-15,Aaron CH.. / SOH Wo.. (2) Rank 2 Elo 2089 (-19),70,https://badmintonranks.com/tournament?id=14651,1,BWF World Tour Finals 2025,Satwiksai.. / Chirag S.. (3),3,2184,Aaron CH.. / SOH Wo.. (2),2,2089
19/12/2025,Group A,MS,Kunlavut VITIDSARN (1) Rank 2 Elo 2397 (+26),21-15 / 18-21 / 21-13,Anders ANTONSEN (4) Rank 3 Elo 2407 (-26),87,https://badmintonranks.com/tournament?id=14651,1,BWF World Tour Finals 2025,Kunlavut VITIDSARN (1),2,2397,Anders ANTONSEN (4),3,2407
19/12/2025,Group A,MD,KIM Won .. / SEO Seu.. (1) Rank 1 Elo 2432 (+6),25-23 / 14-21 / 21-19,MAN Wei.. / TEE Kai .. (4) Rank 4 Elo 2070 (-5),63,https://badmintonranks.com/tournament?id=14651,1,BWF World Tour Finals 2025,KIM Won .. / SEO Seu.. (1),1,2432,MAN Wei.. / TEE Kai .. (4),4,2070
19/12/2025,Group A,MD,Sabar Ka.. / Moh Reza.. Rank 10 Elo 2158 (+15),21-19 / 20-22 / 21-15,CHIU Hsi.. / WANG Ch.. Rank 16 Elo 2015 (-17),65,https://badmintonranks.com/tournament?id=14651,1,BWF World Tour Finals 2025,Sabar Ka.. / Moh Reza..,10,2158,CHIU Hsi.. / WANG Ch..,16,2015
19/12/2025,Group B,MD,LIANG W.. / WANG Ch.. Rank 5 Elo 2081 (+31),21-17 / 21-14,Fajar ALF.. / Muhamma.. Rank 8 Elo 2147 (-31),40,https://badmintonranks.com/tournament?id=14651,1,BWF World Tour Finals 2025,LIANG W.. / WANG Ch..,5,2081,Fajar ALF.. / Muhamma..,8,2147
19/12/2025,Group B,MS,SHI Yu Qi Rank 1 Elo 2586 (+8),21-9 / 21-11,Kodai NARAOKA Rank 9 Elo 2273 (-7),28,https://badmintonranks.com/tournament?id=14651,2,BWF World Tour Finals 2025,SHI Yu Qi,1,2586,Kodai NARAOKA,9,2273
19/12/2025,Group A,MS,Christo POPOV Rank 8 Elo 2362 (+25),18-21 / 21-16 / 21-13,Jonatan CHRISTIE Rank 5 Elo 2359 (-25),72,https://badmintonranks.com/tournament?id=14651,2,BWF World Tour Finals 2025,Christo POPOV,8,2362,Jonatan CHRISTIE,5,2359
19/12/2025,Group B,WD,LIU Shen.. / TAN Ning (3) Rank 1 Elo 2387 (+14),21-17 / 21-11,KIM Hye .. / KONG H.. (2) Rank 3 Elo 2216 (-14),48,https://badmintonranks.com/tournament?id=14651,2,BWF World Tour Finals 2025,LIU Shen.. / TAN Ning (3),1,2387,KIM Hye .. / KONG H.. (2),3,2216
19/12/2025,Group A,XD,Hiroki MI.. / Natsu SAI.. Rank 8 Elo 2065 (+29),21-14 / 21-23 / 21-14,Thom GI.. / Delphine .. Rank 5 Elo 2100 (-29),67,https://badmintonranks.com/tournament?id=14651,2,BWF World Tour Finals 2025,Hiroki MI.. / Natsu SAI..,8,2065,Thom GI.. / Delphine ..,5,2100
19/12/2025,Group A,XD,JIANG Zh.. / WEI Ya X.. (4) Rank 2 Elo 2309 (+16),21-10 / 21-12,Dechapol.. / Supissar.. (1) Rank 3 Elo 2173 (-16),30,https://badmintonranks.com/tournament?id=14651,2,BWF World Tour Finals 2025,JIANG Zh.. / WEI Ya X.. (4),2,2309,Dechapol.. / Supissar.. (1),3,2173
19/12/2025,Group B,WD,BAEK Ha.. / LEE So H.. Rank 7 Elo 2247 (+5),21-17 / 21-19,HSIEH P.. / HUNG En-.. Rank 9 Elo 1855 (-6),49,https://badmintonranks.com/tournament?id=14651,2,BWF World Tour Finals 2025,BAEK Ha.. / LEE So H..,7,2247,HSIEH P.. / HUNG En-..,9,1855
19/12/2025,Group B,MS,CHOU Tien Chen (3) Rank 6 Elo 2200 (+13),14-21 / 11-14 Ret.,LI Shi Feng (2) Rank 4 Elo 2292 (-13),38,https://badmintonranks.com/tournament?id=14651,2,BWF World Tour Finals 2025,CHOU Tien Chen (3),6,2200,LI Shi Feng (2),4,2292
19/12/2025,Group A,WD,JIA Yi Fan / ZHANG .. (4) Rank 4 Elo 2332 (+10),21-11 / 21-8,Rin IWAN.. / Kie NAKA.. Rank 6 Elo 2105 (-11),34,https://badmintonranks.com/tournament?id=14651,2,BWF World Tour Finals 2025,JIA Yi Fan / ZHANG .. (4),4,2332,Rin IWAN.. / Kie NAKA..,6,2105
19/12/2025,Group B,XD,Jafar HID.. / Felisha Al.. Rank 10 Elo 2035 (+23),21-17 / 21-17,GOH Soo.. / LAI Shevo.. Rank 9 Elo 1988 (-23),34,https://badmintonranks.com/tournament?id=14651,2,BWF World Tour Finals 2025,Jafar HID.. / Felisha Al..,10,2035,GOH Soo.. / LAI Shevo..,9,1988
19/12/2025,Group A,WD,Yuki FUK.. / Mayu MAT.. Rank 5 Elo 2203 (+34),21-15 / 16-21 / 21-19,Pearly TA.. / THINAAH.. (1) Rank 2 Elo 2325 (-34),81,https://badmintonranks.com/tournament?id=14651,2,BWF World Tour Finals 2025,Yuki FUK.. / Mayu MAT..,5,2203,Pearly TA.. / THINAAH.. (1),2,2325
19/12/2025,Group A,WS,AN Se Young (1) Rank 1 Elo 2788 (+9),14-21 / 21-5 / 21-14,Akane YAMAGUCHI (4) Rank 3 Elo 2518 (-9),47,https://badmintonranks.com/tournament?id=14651,2,BWF World Tour Finals 2025,AN Se Young (1),1,2788,Akane YAMAGUCHI (4),3,2518
19/12/2025,Group B,XD,FENG Ya.. / HUANG .. (2) Rank 1 Elo 2472 (+11),21-18 / 26-24,CHEN Ta.. / TOH Ee .. (3) Rank 4 Elo 2237 (-10),53,https://badmintonranks.com/tournament?id=14651,2,BWF World Tour Finals 2025,FENG Ya.. / HUANG .. (2),1,2472,CHEN Ta.. / TOH Ee .. (3),4,2237
19/12/2025,Group A,WS,Putri Kusuma WARDANI Rank 7 Elo 2228 (+19),21-17 / 21-9,Tomoka MIYAZAKI Rank 9 Elo 2151 (-20),39,https://badmintonranks.com/tournament?id=14651,2,BWF World Tour Finals 2025,Putri Kusuma WARDANI,7,2228,Tomoka MIYAZAKI,9,2151
19/12/2025,Group B,WS,Ratchanok INTANON Rank 8 Elo 2188 (+40),21-17 / 21-10,HAN Yue (3) Rank 5 Elo 2423 (-40),38,https://badmintonranks.com/tournament?id=14651,2,BWF World Tour Finals 2025,Ratchanok INTANON,8,2188,HAN Yue (3),5,2423
18/12/2025,Group A,MS,Anders ANTONSEN (4) Rank 3 Elo 2382 (+25),21-16 / 21-14,Jonatan CHRISTIE Rank 5 Elo 2384 (-25),49,https://badmintonranks.com/tournament?id=14651,2,BWF World Tour Finals 2025,Anders ANTONSEN (4),3,2382,Jonatan CHRISTIE,5,2384
18/12/2025,Group B,MD,Satwiksai.. / Chirag S.. (3) Rank 3 Elo 2158 (+26),21-11 / 16-21 / 21-11,Fajar ALF.. / Muhamma.. Rank 8 Elo 2173 (-26),60,https://badmintonranks.com/tournament?id=14651,2,BWF World Tour Finals 2025,Satwiksai.. / Chirag S.. (3),3,2158,Fajar ALF.. / Muhamma..,8,2173
18/12/2025,Group A,XD,JIANG Zh.. / WEI Ya X.. (4) Rank 2 Elo 2298 (+11),21-17 / 21-16,Hiroki MI.. / Natsu SAI.. Rank 8 Elo 2077 (-12),38,https://badmintonranks.com/tournament?id=14651,2,BWF World Tour Finals 2025,JIANG Zh.. / WEI Ya X.. (4),2,2298,Hiroki MI.. / Natsu SAI..,8,2077
18/12/2025,Group B,MD,LIANG W.. / WANG Ch.. Rank 5 Elo 2050 (+31),21-14 / 21-18,Aaron CH.. / SOH Wo.. (2) Rank 2 Elo 2120 (-31),44,https://badmintonranks.com/tournament?id=14651,2,BWF World Tour Finals 2025,LIANG W.. / WANG Ch..,5,2050,Aaron CH.. / SOH Wo.. (2),2,2120
18/12/2025,Group A,MD,MAN Wei.. / TEE Kai .. (4) Rank 4 Elo 2045 (+25),21-18 / 21-19,CHIU Hsi.. / WANG Ch.. Rank 16 Elo 2040 (-25),34,https://badmintonranks.com/tournament?id=14651,2,BWF World Tour Finals 2025,MAN Wei.. / TEE Kai .. (4),4,2045,CHIU Hsi.. / WANG Ch..,16,2040
18/12/2025,Group B,MS,SHI Yu Qi Rank 1 Elo 2581 (+5),21-11 / 19-21 / 21-15,CHOU Tien Chen (3) Rank 6 Elo 2205 (-5),75,https://badmintonranks.com/tournament?id=14651,2,BWF World Tour Finals 2025,SHI Yu Qi,1,2581,CHOU Tien Chen (3),6,2205
18/12/2025,Group A,XD,Thom GI.. / Delphine .. Rank 5 Elo 2063 (+37),14-21 / 21-14 / 21-18,Dechapol.. / Supissar.. (1) Rank 3 Elo 2209 (-36),66,https://badmintonranks.com/tournament?id=14651,3,BWF World Tour Finals 2025,Thom GI.. / Delphine ..,5,2063,Dechapol.. / Supissar.. (1),3,2209
18/12/2025,Group B,WD,LIU Shen.. / TAN Ning (3) Rank 1 Elo 2369 (+18),21-7 / 21-10,BAEK Ha.. / LEE So H.. Rank 7 Elo 2265 (-18),44,https://badmintonranks.com/tournament?id=14651,3,BWF World Tour Finals 2025,LIU Shen.. / TAN Ning (3),1,2369,BAEK Ha.. / LEE So H..,7,2265
18/12/2025,Group A,MS,Christo POPOV Rank 8 Elo 2330 (+32),21-11 / 18-21 / 21-10,Kunlavut VITIDSARN (1) Rank 2 Elo 2429 (-32),74,https://badmintonranks.com/tournament?id=14651,3,BWF World Tour Finals 2025,Christo POPOV,8,2330,Kunlavut VITIDSARN (1),2,2429
18/12/2025,Group B,WS,WANG Zhi Yi (2) Rank 2 Elo 2565 (+5),21-17 / 21-19,Ratchanok INTANON Rank 8 Elo 2193 (-5),48,https://badmintonranks.com/tournament?id=14651,3,BWF World Tour Finals 2025,WANG Zhi Yi (2),2,2565,Ratchanok INTANON,8,2193
18/12/2025,Group B,MS,Kodai NARAOKA Rank 9 Elo 2242 (+31),21-16 / 21-15,LI Shi Feng (2) Rank 4 Elo 2323 (-31),59,https://badmintonranks.com/tournament?id=14651,3,BWF World Tour Finals 2025,Kodai NARAOKA,9,2242,LI Shi Feng (2),4,2323
18/12/2025,Group B,XD,FENG Ya.. / HUANG .. (2) Rank 1 Elo 2469 (+3),23-25 / 21-11 / 22-20,GOH Soo.. / LAI Shevo.. Rank 9 Elo 1992 (-4),69,https://badmintonranks.com/tournament?id=14651,3,BWF World Tour Finals 2025,FENG Ya.. / HUANG .. (2),1,2469,GOH Soo.. / LAI Shevo..,9,1992
18/12/2025,Group A,MD,KIM Won .. / SEO Seu.. (1) Rank 1 Elo 2423 (+9),22-20 / 21-17,Sabar Ka.. / Moh Reza.. Rank 10 Elo 2167 (-9),42,https://badmintonranks.com/tournament?id=14651,3,BWF World Tour Finals 2025,KIM Won .. / SEO Seu.. (1),1,2423,Sabar Ka.. / Moh Reza..,10,2167
18/12/2025,Group B,WD,KIM Hye .. / KONG H.. (2) Rank 3 Elo 2210 (+6),21-7 / 16-21 / 21-13,HSIEH P.. / HUNG En-.. Rank 9 Elo 1862 (-7),59,https://badmintonranks.com/tournament?id=14651,3,BWF World Tour Finals 2025,KIM Hye .. / KONG H.. (2),3,2210,HSIEH P.. / HUNG En-..,9,1862
18/12/2025,Group A,WD,JIA Yi Fan / ZHANG .. (4) Rank 4 Elo 2313 (+19),21-19 / 16-21 / 21-16,Yuki FUK.. / Mayu MAT.. Rank 5 Elo 2222 (-19),91,https://badmintonranks.com/tournament?id=14651,3,BWF World Tour Finals 2025,JIA Yi Fan / ZHANG .. (4),4,2313,Yuki FUK.. / Mayu MAT..,5,2222
18/12/2025,Group B,WS,HAN Yue (3) Rank 5 Elo 2423 (+0),W.O.,Pornpawee CHOCHUW.. Rank 6 Elo 2247 (-1),0,https://badmintonranks.com/tournament?id=14651,3,BWF World Tour Finals 2025,HAN Yue (3),5,2423,Pornpawee CHOCHUW..,6,2247
18/12/2025,Group A,WS,AN Se Young (1) Rank 1 Elo 2787 (+1),21-9 / 21-6,Tomoka MIYAZAKI Rank 9 Elo 2152 (-1),33,https://badmintonranks.com/tournament?id=14651,3,BWF World Tour Finals 2025,AN Se Young (1),1,2787,Tomoka MIYAZAKI,9,2152
18/12/2025,Group B,XD,CHEN Ta.. / TOH Ee .. (3) Rank 4 Elo 2224 (+13),17-21 / 21-14 / 21-15,Jafar HID.. / Felisha Al.. Rank 10 Elo 2049 (-14),65,https://badmintonranks.com/tournament?id=14651,3,BWF World Tour Finals 2025,CHEN Ta.. / TOH Ee .. (3),4,2224,Jafar HID.. / Felisha Al..,10,2049
18/12/2025,Group A,WD,Pearly TA.. / THINAAH.. (1) Rank 2 Elo 2313 (+12),21-13 / 21-18,Rin IWAN.. / Kie NAKA.. Rank 6 Elo 2118 (-13),52,https://badmintonranks.com/tournament?id=14651,3,BWF World Tour Finals 2025,Pearly TA.. / THINAAH.. (1),2,2313,Rin IWAN.. / Kie NAKA..,6,2118
18/12/2025,Group A,WS,Akane YAMAGUCHI (4) Rank 3 Elo 2510 (+8),22-24 / 21-19 / 21-13,Putri Kusuma WARDANI Rank 7 Elo 2236 (-8),65,https://badmintonranks.com/tournament?id=14651,3,BWF World Tour Finals 2025,Akane YAMAGUCHI (4),3,2510,Putri Kusuma WARDANI,7,2236
17/12/2025,Group A,MD,KIM Won .. / SEO Seu.. (1) Rank 1 Elo 2417 (+6),21-19 / 23-25 / 21-14,CHIU Hsi.. / WANG Ch.. Rank 16 Elo 2046 (-6),56,https://badmintonranks.com/tournament?id=14651,3,BWF World Tour Finals 2025,KIM Won .. / SEO Seu.. (1),1,2417,CHIU Hsi.. / WANG Ch..,16,2046
17/12/2025,Group A,MD,Sabar Ka.. / Moh Reza.. Rank 10 Elo 2148 (+19),23-21 / 21-19,MAN Wei.. / TEE Kai .. (4) Rank 4 Elo 2065 (-20),43,https://badmintonranks.com/tournament?id=14651,3,BWF World Tour Finals 2025,Sabar Ka.. / Moh Reza..,10,2148,MAN Wei.. / TEE Kai .. (4),4,2065
17/12/2025,Group B,MS,Kodai NARAOKA Rank 9 Elo 2215 (+27),21-17 / 21-18,CHOU Tien Chen (3) Rank 6 Elo 2232 (-27),55,https://badmintonranks.com/tournament?id=14651,3,BWF World Tour Finals 2025,Kodai NARAOKA,9,2215,CHOU Tien Chen (3),6,2232
17/12/2025,Group B,MD,Satwiksai.. / Chirag S.. (3) Rank 3 Elo 2137 (+21),12-21 / 22-20 / 21-14,LIANG W.. / WANG Ch.. Rank 5 Elo 2071 (-21),60,https://badmintonranks.com/tournament?id=14651,3,BWF World Tour Finals 2025,Satwiksai.. / Chirag S.. (3),3,2137,LIANG W.. / WANG Ch..,5,2071
17/12/2025,Group B,MD,Aaron CH.. / SOH Wo.. (2) Rank 2 Elo 2085 (+35),22-24 / 21-18 / 21-19,Fajar ALF.. / Muhamma.. Rank 8 Elo 2207 (-34),83,https://badmintonranks.com/tournament?id=14651,3,BWF World Tour Finals 2025,Aaron CH.. / SOH Wo.. (2),2,2085,Fajar ALF.. / Muhamma..,8,2207
17/12/2025,Group B,MS,SHI Yu Qi Rank 1 Elo 2571 (+10),21-13 / 23-21,LI Shi Feng (2) Rank 4 Elo 2333 (-10),57,https://badmintonranks.com/tournament?id=14651,3,BWF World Tour Finals 2025,SHI Yu Qi,1,2571,LI Shi Feng (2),4,2333
17/12/2025,Group B,WD,LIU Shen.. / TAN Ning (3) Rank 1 Elo 2367 (+2),21-10 / 21-14,HSIEH P.. / HUNG En-.. Rank 9 Elo 1865 (-3),39,https://badmintonranks.com/tournament?id=14651,4,BWF World Tour Finals 2025,LIU Shen.. / TAN Ning (3),1,2367,HSIEH P.. / HUNG En-..,9,1865
17/12/2025,Group A,MS,Christo POPOV Rank 8 Elo 2297 (+33),21-13 / 12-21 / 21-19,Anders ANTONSEN (4) Rank 3 Elo 2415 (-33),78,https://badmintonranks.com/tournament?id=14651,4,BWF World Tour Finals 2025,Christo POPOV,8,2297,Anders ANTONSEN (4),3,2415
17/12/2025,Group B,WS,Pornpawee CHOCHUW.. Rank 6 Elo 2221 (+26),21-18 / 14-21 / 21-10,Ratchanok INTANON Rank 8 Elo 2218 (-25),57,https://badmintonranks.com/tournament?id=14651,4,BWF World Tour Finals 2025,Pornpawee CHOCHUW..,6,2221,Ratchanok INTANON,8,2218
17/12/2025,Group A,XD,JIANG Zh.. / WEI Ya X.. (4) Rank 2 Elo 2286 (+12),16-21 / 21-16 / 21-17,Thom GI.. / Delphine .. Rank 5 Elo 2075 (-12),70,https://badmintonranks.com/tournament?id=14651,4,BWF World Tour Finals 2025,JIANG Zh.. / WEI Ya X.. (4),2,2286,Thom GI.. / Delphine ..,5,2075
17/12/2025,Group B,WS,WANG Zhi Yi (2) Rank 2 Elo 2547 (+18),21-14 / 21-5,HAN Yue (3) Rank 5 Elo 2441 (-18),35,https://badmintonranks.com/tournament?id=14651,4,BWF World Tour Finals 2025,WANG Zhi Yi (2),2,2547,HAN Yue (3),5,2441
17/12/2025,Group A,XD,Hiroki MI.. / Natsu SAI.. Rank 8 Elo 2036 (+41),21-19 / 21-18,Dechapol.. / Supissar.. (1) Rank 3 Elo 2248 (-39),43,https://badmintonranks.com/tournament?id=14651,4,BWF World Tour Finals 2025,Hiroki MI.. / Natsu SAI..,8,2036,Dechapol.. / Supissar.. (1),3,2248
17/12/2025,Group B,WD,BAEK Ha.. / LEE So H.. Rank 7 Elo 2240 (+25),21-15 / 21-12,KIM Hye .. / KONG H.. (2) Rank 3 Elo 2235 (-25),55,https://badmintonranks.com/tournament?id=14651,4,BWF World Tour Finals 2025,BAEK Ha.. / LEE So H..,7,2240,KIM Hye .. / KONG H.. (2),3,2235
17/12/2025,Group A,MS,Kunlavut VITIDSARN (1) Rank 2 Elo 2403 (+26),21-10 / 21-14,Jonatan CHRISTIE Rank 5 Elo 2410 (-26),45,https://badmintonranks.com/tournament?id=14651,4,BWF World Tour Finals 2025,Kunlavut VITIDSARN (1),2,2403,Jonatan CHRISTIE,5,2410
17/12/2025,Group A,WD,Pearly TA.. / THINAAH.. (1) Rank 2 Elo 2283 (+30),21-17 / 21-11,JIA Yi Fan / ZHANG .. (4) Rank 4 Elo 2342 (-29),46,https://badmintonranks.com/tournament?id=14651,4,BWF World Tour Finals 2025,Pearly TA.. / THINAAH.. (1),2,2283,JIA Yi Fan / ZHANG .. (4),4,2342
17/12/2025,Group B,XD,CHEN Ta.. / TOH Ee .. (3) Rank 4 Elo 2212 (+12),21-13 / 21-13,GOH Soo.. / LAI Shevo.. Rank 9 Elo 2004 (-12),41,https://badmintonranks.com/tournament?id=14651,4,BWF World Tour Finals 2025,CHEN Ta.. / TOH Ee .. (3),4,2212,GOH Soo.. / LAI Shevo..,9,2004
17/12/2025,Group B,XD,FENG Ya.. / HUANG .. (2) Rank 1 Elo 2465 (+4),21-18 / 21-16,Jafar HID.. / Felisha Al.. Rank 10 Elo 2053 (-4),46,https://badmintonranks.com/tournament?id=14651,4,BWF World Tour Finals 2025,FENG Ya.. / HUANG .. (2),1,2465,Jafar HID.. / Felisha Al..,10,2053
17/12/2025,Group A,WS,Akane YAMAGUCHI (4) Rank 3 Elo 2504 (+6),21-14 / 21-17,Tomoka MIYAZAKI Rank 9 Elo 2158 (-6),42,https://badmintonranks.com/tournament?id=14651,4,BWF World Tour Finals 2025,Akane YAMAGUCHI (4),3,2504,Tomoka MIYAZAKI,9,2158
17/12/2025,Group A,WS,AN Se Young (1) Rank 1 Elo 2785 (+2),21-16 / 8-21 / 21-8,Putri Kusuma WARDANI Rank 7 Elo 2238 (-2),63,https://badmintonranks.com/tournament?id=14651,4,BWF World Tour Finals 2025,AN Se Young (1),1,2785,Putri Kusuma WARDANI,7,2238
17/12/2025,Group A,WD,Yuki FUK.. / Mayu MAT.. Rank 5 Elo 2201 (+21),21-14 / 21-14,Rin IWAN.. / Kie NAKA.. Rank 6 Elo 2139 (-21),47,https://badmintonranks.com/tournament?id=14651,4,BWF World Tour Finals 2025,Yuki FUK.. / Mayu MAT..,5,2201,Rin IWAN.. / Kie NAKA..,6,2139
15/12/2024,Final,MS,SHI Yu Qi Rank 1 Elo 2439 (+25),21-18 / 21-14,Anders ANTONSEN Rank 2 Elo 2404 (-25),52,https://badmintonranks.com/tournament?id=14357,1,BWF World Tour Finals 2024,SHI Yu Qi,1,2439,Anders ANTONSEN,2,2404
15/12/2024,Final,MD,Kim AST.. / Anders Sk.. Rank 3 Elo 2206 (+28),21-17 / 17-21 / 21-11,GOH Sze.. / Nur IZZUD.. Rank 7 Elo 2209 (-27),65,https://badmintonranks.com/tournament?id=14357,1,BWF World Tour Finals 2024,Kim AST.. / Anders Sk..,3,2206,GOH Sze.. / Nur IZZUD..,7,2209
15/12/2024,Final,WD,BAEK Ha.. / LEE So H.. Rank 2 Elo 2289 (+24),21-19 / 21-14,Nami MA.. / Chiharu S.. Rank 4 Elo 2244 (-24),70,https://badmintonranks.com/tournament?id=14357,1,BWF World Tour Finals 2024,BAEK Ha.. / LEE So H..,2,2289,Nami MA.. / Chiharu S..,4,2244
15/12/2024,Final,XD,ZHENG .. / HUANG Y.. Rank 3 Elo 2497 (+9),21-18 / 14-21 / 21-17,CHEN Ta.. / TOH Ee W.. Rank 8 Elo 2215 (-9),75,https://badmintonranks.com/tournament?id=14357,1,BWF World Tour Finals 2024,ZHENG .. / HUANG Y..,3,2497,CHEN Ta.. / TOH Ee W..,8,2215
15/12/2024,Final,WS,WANG Zhi Yi Rank 2 Elo 2460 (+18),19-21 / 21-19 / 21-11,HAN Yue Rank 8 Elo 2333 (-18),74,https://badmintonranks.com/tournament?id=14357,1,BWF World Tour Finals 2024,WANG Zhi Yi,2,2460,HAN Yue,8,2333
14/12/2024,Semi final,MS,Anders ANTONSEN Rank 2 Elo 2376 (+28),21-6 / 15-21 / 21-13,Jonatan CHRISTIE Rank 4 Elo 2386 (-28),72,https://badmintonranks.com/tournament?id=14357,1,BWF World Tour Finals 2024,Anders ANTONSEN,2,2376,Jonatan CHRISTIE,4,2386
14/12/2024,Semi final,MD,Kim AST.. / Anders Sk.. Rank 3 Elo 2185 (+21),23-21 / 21-13,Sabar Ka.. / Moh Reza.. Rank 11 Elo 2114 (-22),44,https://badmintonranks.com/tournament?id=14357,1,BWF World Tour Finals 2024,Kim AST.. / Anders Sk..,3,2185,Sabar Ka.. / Moh Reza..,11,2114
14/12/2024,Semi final,MS,SHI Yu Qi Rank 1 Elo 2426 (+13),21-14 / 21-18,CHOU Tien Chen Rank 9 Elo 2238 (-14),52,https://badmintonranks.com/tournament?id=14357,1,BWF World Tour Finals 2024,SHI Yu Qi,1,2426,CHOU Tien Chen,9,2238
14/12/2024,Semi final,MD,GOH Sze.. / Nur IZZUD.. Rank 7 Elo 2186 (+23),17-21 / 21-16 / 27-25,Fajar ALF.. / Muhamma.. Rank 4 Elo 2141 (-24),81,https://badmintonranks.com/tournament?id=14357,1,BWF World Tour Finals 2024,GOH Sze.. / Nur IZZUD..,7,2186,Fajar ALF.. / Muhamma..,4,2141
14/12/2024,Semi final,WD,Nami MA.. / Chiharu S.. Rank 4 Elo 2199 (+45),23-21 / 21-13,CHEN Qi.. / JIA Yi Fan Rank 3 Elo 2488 (-45),67,https://badmintonranks.com/tournament?id=14357,1,BWF World Tour Finals 2024,Nami MA.. / Chiharu S..,4,2199,CHEN Qi.. / JIA Yi Fan,3,2488
14/12/2024,Semi final,WD,BAEK Ha.. / LEE So H.. Rank 2 Elo 2250 (+39),21-14 / 22-20,LIU Shen.. / TAN Ning Rank 1 Elo 2419 (-39),68,https://badmintonranks.com/tournament?id=14357,1,BWF World Tour Finals 2024,BAEK Ha.. / LEE So H..,2,2250,LIU Shen.. / TAN Ning,1,2419
14/12/2024,Semi final,WS,WANG Zhi Yi Rank 2 Elo 2418 (+42),21-17 / 21-14,AN Se Young Rank 1 Elo 2648 (-43),44,https://badmintonranks.com/tournament?id=14357,1,BWF World Tour Finals 2024,WANG Zhi Yi,2,2418,AN Se Young,1,2648
14/12/2024,Semi final,XD,ZHENG .. / HUANG Y.. Rank 3 Elo 2479 (+18),21-11 / 21-18,JIANG Zh.. / WEI Ya Xin Rank 2 Elo 2361 (-18),39,https://badmintonranks.com/tournament?id=14357,1,BWF World Tour Finals 2024,ZHENG .. / HUANG Y..,3,2479,JIANG Zh.. / WEI Ya Xin,2,2361
14/12/2024,Semi final,WS,HAN Yue Rank 8 Elo 2310 (+23),21-17 / 21-13,Aya OHORI Rank 9 Elo 2267 (-24),44,https://badmintonranks.com/tournament?id=14357,1,BWF World Tour Finals 2024,HAN Yue,8,2310,Aya OHORI,9,2267
14/12/2024,Semi final,XD,CHEN Ta.. / TOH Ee W.. Rank 8 Elo 2197 (+18),21-15 / 21-12,GOH Soo.. / LAI Shevo.. Rank 10 Elo 2077 (-19),42,https://badmintonranks.com/tournament?id=14357,1,BWF World Tour Finals 2024,CHEN Ta.. / TOH Ee W..,8,2197,GOH Soo.. / LAI Shevo..,10,2077
13/12/2024,Group A,MS,CHOU Tien Chen Rank 9 Elo 2198 (+40),16-21 / 21-18 / 21-15,Anders ANTONSEN Rank 2 Elo 2415 (-39),75,https://badmintonranks.com/tournament?id=14357,1,BWF World Tour Finals 2024,CHOU Tien Chen,9,2198,Anders ANTONSEN,2,2415
13/12/2024,Group B,MD,Sabar Ka.. / Moh Reza.. Rank 11 Elo 2081 (+33),21-16 / 21-16,Aaron CH.. / SOH Wooi.. Rank 5 Elo 2180 (-32),41,https://badmintonranks.com/tournament?id=14357,1,BWF World Tour Finals 2024,Sabar Ka.. / Moh Reza..,11,2081,Aaron CH.. / SOH Wooi..,5,2180
13/12/2024,Group A,MD,LEE Jhe-.. / YANG Po-.. Rank 10 Elo 1903 (+49),21-10 / 21-19,Kim AST.. / Anders Sk.. Rank 3 Elo 2229 (-44),26,https://badmintonranks.com/tournament?id=14357,1,BWF World Tour Finals 2024,LEE Jhe-.. / YANG Po-..,10,1903,Kim AST.. / Anders Sk..,3,2229
13/12/2024,Group B,MS,Jonatan CHRISTIE Rank 4 Elo 2362 (+24),21-15 / 21-12,Kunlavut VITIDSARN Rank 5 Elo 2347 (-24),44,https://badmintonranks.com/tournament?id=14357,1,BWF World Tour Finals 2024,Jonatan CHRISTIE,4,2362,Kunlavut VITIDSARN,5,2347
13/12/2024,Group B,MS,Kodai NARAOKA Rank 7 Elo 2203 (+41),21-14 / 21-17,SHI Yu Qi Rank 1 Elo 2467 (-41),30,https://badmintonranks.com/tournament?id=14357,1,BWF World Tour Finals 2024,Kodai NARAOKA,7,2203,SHI Yu Qi,1,2467
13/12/2024,Group B,MD,Fajar ALF.. / Muhamma.. Rank 4 Elo 2141 (+0),W.O.,HE Ji Ting / REN Xian.. Rank 6 Elo 2072 (-1),0,https://badmintonranks.com/tournament?id=14357,2,BWF World Tour Finals 2024,Fajar ALF.. / Muhamma..,4,2141,HE Ji Ting / REN Xian..,6,2072
13/12/2024,Group A,MD,GOH Sze.. / Nur IZZUD.. Rank 7 Elo 2158 (+28),24-22 / 21-12,LEE Yang / WANG Ch.. Rank 13 Elo 2188 (-28),42,https://badmintonranks.com/tournament?id=14357,2,BWF World Tour Finals 2024,GOH Sze.. / Nur IZZUD..,7,2158,LEE Yang / WANG Ch..,13,2188
13/12/2024,Group A,MS,LI Shi Feng Rank 6 Elo 2289 (+11),20-22 / 11-15 Ret.,LEE Zii Jia Rank 8 Elo 2330 (-12),40,https://badmintonranks.com/tournament?id=14357,2,BWF World Tour Finals 2024,LI Shi Feng,6,2289,LEE Zii Jia,8,2330
13/12/2024,Group B,WD,BAEK Ha.. / LEE So H.. Rank 2 Elo 2233 (+17),21-15 / 21-6,Rin IWAN.. / Kie NAKA.. Rank 5 Elo 2118 (-17),46,https://badmintonranks.com/tournament?id=14357,2,BWF World Tour Finals 2024,BAEK Ha.. / LEE So H..,2,2233,Rin IWAN.. / Kie NAKA..,5,2118
13/12/2024,Group B,WD,CHEN Qi.. / JIA Yi Fan Rank 3 Elo 2485 (+3),21-14 / 21-19,Febriana .. / Amallia C.. Rank 10 Elo 2003 (-4),46,https://badmintonranks.com/tournament?id=14357,2,BWF World Tour Finals 2024,CHEN Qi.. / JIA Yi Fan,3,2485,Febriana .. / Amallia C..,10,2003
13/12/2024,Group A,WS,WANG Zhi Yi Rank 2 Elo 2400 (+18),21-8 / 21-16,Gregoria Mariska TUNJ.. Rank 6 Elo 2294 (-18),37,https://badmintonranks.com/tournament?id=14357,2,BWF World Tour Finals 2024,WANG Zhi Yi,2,2400,Gregoria Mariska TUNJ..,6,2294
13/12/2024,Group B,WS,Akane YAMAGUCHI Rank 4 Elo 2390 (+13),13-21 / 21-14 / 25-23,Supanida KATETHONG Rank 10 Elo 2192 (-12),72,https://badmintonranks.com/tournament?id=14357,2,BWF World Tour Finals 2024,Akane YAMAGUCHI,4,2390,Supanida KATETHONG,10,2192
13/12/2024,Group A,WD,Nami MA.. / Chiharu S.. Rank 4 Elo 2188 (+11),21-17 / 21-13,Treesa J.. / GAYATRI .. Rank 13 Elo 1963 (-12),49,https://badmintonranks.com/tournament?id=14357,2,BWF World Tour Finals 2024,Nami MA.. / Chiharu S..,4,2188,Treesa J.. / GAYATRI ..,13,1963
13/12/2024,Group A,WD,LIU Shen.. / TAN Ning Rank 1 Elo 2412 (+7),21-9 / 18-21 / 21-18,Pearly TA.. / THINAAH .. Rank 6 Elo 2079 (-7),76,https://badmintonranks.com/tournament?id=14357,2,BWF World Tour Finals 2024,LIU Shen.. / TAN Ning,1,2412,Pearly TA.. / THINAAH ..,6,2079
13/12/2024,Group A,WS,Aya OHORI Rank 9 Elo 2252 (+15),21-18 / 21-15,Busanan ONGBAMRUN.. Rank 12 Elo 2104 (-16),42,https://badmintonranks.com/tournament?id=14357,2,BWF World Tour Finals 2024,Aya OHORI,9,2252,Busanan ONGBAMRUN..,12,2104
13/12/2024,Group B,WS,AN Se Young Rank 1 Elo 2641 (+7),21-11 / 21-15,HAN Yue Rank 8 Elo 2316 (-6),38,https://badmintonranks.com/tournament?id=14357,2,BWF World Tour Finals 2024,AN Se Young,1,2641,HAN Yue,8,2316
13/12/2024,Group A,XD,ZHENG .. / HUANG Y.. Rank 3 Elo 2477 (+2),21-19 / 21-17,YANG Po.. / HU Ling F.. Rank 14 Elo 1925 (-2),33,https://badmintonranks.com/tournament?id=14357,2,BWF World Tour Finals 2024,ZHENG .. / HUANG Y..,3,2477,YANG Po.. / HU Ling F..,14,1925
13/12/2024,Group A,XD,JIANG Zh.. / WEI Ya Xin Rank 2 Elo 2351 (+10),21-16 / 19-21 / 21-15,TANG Ch.. / TSE Ying .. Rank 6 Elo 2123 (-11),63,https://badmintonranks.com/tournament?id=14357,2,BWF World Tour Finals 2024,JIANG Zh.. / WEI Ya Xin,2,2351,TANG Ch.. / TSE Ying ..,6,2123
13/12/2024,Group B,XD,CHEN Ta.. / TOH Ee W.. Rank 8 Elo 2187 (+10),21-17 / 21-18,Hiroki MI.. / Natsu SAI.. Rank 21 Elo 1941 (-11),41,https://badmintonranks.com/tournament?id=14357,2,BWF World Tour Finals 2024,CHEN Ta.. / TOH Ee W..,8,2187,Hiroki MI.. / Natsu SAI..,21,1941
13/12/2024,Group B,XD,GOH Soo.. / LAI Shevo.. Rank 10 Elo 2055 (+22),17-21 / 21-15 / 21-14,Dejan FE.. / Gloria Em.. Rank 13 Elo 2004 (-23),70,https://badmintonranks.com/tournament?id=14357,2,BWF World Tour Finals 2024,GOH Soo.. / LAI Shevo..,10,2055,Dejan FE.. / Gloria Em..,13,2004
12/12/2024,Group B,MD,Aaron CH.. / SOH Wooi.. Rank 5 Elo 2154 (+26),19-21 / 21-14 / 21-15,Fajar ALF.. / Muhamma.. Rank 4 Elo 2167 (-26),58,https://badmintonranks.com/tournament?id=14357,2,BWF World Tour Finals 2024,Aaron CH.. / SOH Wooi..,5,2154,Fajar ALF.. / Muhamma..,4,2167
12/12/2024,Group A,MS,LEE Zii Jia Rank 8 Elo 2294 (+36),21-14 / 21-19,Anders ANTONSEN Rank 2 Elo 2451 (-36),47,https://badmintonranks.com/tournament?id=14357,2,BWF World Tour Finals 2024,LEE Zii Jia,8,2294,Anders ANTONSEN,2,2451
12/12/2024,Group A,MD,GOH Sze.. / Nur IZZUD.. Rank 7 Elo 2148 (+10),15-21 / 21-19 / 21-13,LEE Jhe-.. / YANG Po-.. Rank 10 Elo 1915 (-12),52,https://badmintonranks.com/tournament?id=14357,2,BWF World Tour Finals 2024,GOH Sze.. / Nur IZZUD..,7,2148,LEE Jhe-.. / YANG Po-..,10,1915
12/12/2024,Group A,MS,LI Shi Feng Rank 6 Elo 2267 (+22),18-21 / 21-14 / 21-13,CHOU Tien Chen Rank 9 Elo 2220 (-22),73,https://badmintonranks.com/tournament?id=14357,2,BWF World Tour Finals 2024,LI Shi Feng,6,2267,CHOU Tien Chen,9,2220
12/12/2024,Group B,MD,Sabar Ka.. / Moh Reza.. Rank 11 Elo 2051 (+30),21-17 / 21-11,HE Ji Ting / REN Xian.. Rank 6 Elo 2102 (-30),33,https://badmintonranks.com/tournament?id=14357,2,BWF World Tour Finals 2024,Sabar Ka.. / Moh Reza..,11,2051,HE Ji Ting / REN Xian..,6,2102
12/12/2024,Group A,MD,Kim AST.. / Anders Sk.. Rank 3 Elo 2202 (+27),13-21 / 21-19 / 21-19,LEE Yang / WANG Ch.. Rank 13 Elo 2214 (-26),65,https://badmintonranks.com/tournament?id=14357,3,BWF World Tour Finals 2024,Kim AST.. / Anders Sk..,3,2202,LEE Yang / WANG Ch..,13,2214
12/12/2024,Group A,WS,Gregoria Mariska TUNJ.. Rank 6 Elo 2280 (+14),10-21 / 21-10 / 21-11,Busanan ONGBAMRUN.. Rank 12 Elo 2118 (-14),56,https://badmintonranks.com/tournament?id=14357,3,BWF World Tour Finals 2024,Gregoria Mariska TUNJ..,6,2280,Busanan ONGBAMRUN..,12,2118
12/12/2024,Group B,WS,HAN Yue Rank 8 Elo 2297 (+19),21-16 / 21-18,Supanida KATETHONG Rank 10 Elo 2211 (-19),48,https://badmintonranks.com/tournament?id=14357,3,BWF World Tour Finals 2024,HAN Yue,8,2297,Supanida KATETHONG,10,2211
12/12/2024,Group B,WD,Febriana .. / Amallia C.. Rank 10 Elo 1962 (+41),21-15 / 21-12,Rin IWAN.. / Kie NAKA.. Rank 5 Elo 2157 (-39),47,https://badmintonranks.com/tournament?id=14357,3,BWF World Tour Finals 2024,Febriana .. / Amallia C..,10,1962,Rin IWAN.. / Kie NAKA..,5,2157
12/12/2024,Group B,WD,CHEN Qi.. / JIA Yi Fan Rank 3 Elo 2474 (+11),21-16 / 21-16,BAEK Ha.. / LEE So H.. Rank 2 Elo 2244 (-11),52,https://badmintonranks.com/tournament?id=14357,3,BWF World Tour Finals 2024,CHEN Qi.. / JIA Yi Fan,3,2474,BAEK Ha.. / LEE So H..,2,2244
12/12/2024,Group B,MS,Jonatan CHRISTIE Rank 4 Elo 2345 (+17),21-12 / 21-11,Kodai NARAOKA Rank 7 Elo 2219 (-16),42,https://badmintonranks.com/tournament?id=14357,3,BWF World Tour Finals 2024,Jonatan CHRISTIE,4,2345,Kodai NARAOKA,7,2219
12/12/2024,Group B,WS,Akane YAMAGUCHI Rank 4 Elo 2346 (+44),22-20 / 17-21 / 21-15,AN Se Young Rank 1 Elo 2685 (-44),71,https://badmintonranks.com/tournament?id=14357,3,BWF World Tour Finals 2024,Akane YAMAGUCHI,4,2346,AN Se Young,1,2685
12/12/2024,Group A,WS,Aya OHORI Rank 9 Elo 2212 (+40),21-17 / 13-21 / 21-19,WANG Zhi Yi Rank 2 Elo 2440 (-40),76,https://badmintonranks.com/tournament?id=14357,3,BWF World Tour Finals 2024,Aya OHORI,9,2212,WANG Zhi Yi,2,2440
12/12/2024,Group B,MS,SHI Yu Qi Rank 1 Elo 2448 (+19),14-21 / 21-19 / 25-23,Kunlavut VITIDSARN Rank 5 Elo 2366 (-19),90,https://badmintonranks.com/tournament?id=14357,3,BWF World Tour Finals 2024,SHI Yu Qi,1,2448,Kunlavut VITIDSARN,5,2366
12/12/2024,Group A,XD,ZHENG .. / HUANG Y.. Rank 3 Elo 2471 (+6),14-21 / 21-13 / 21-18,TANG Ch.. / TSE Ying .. Rank 6 Elo 2130 (-7),59,https://badmintonranks.com/tournament?id=14357,3,BWF World Tour Finals 2024,ZHENG .. / HUANG Y..,3,2471,TANG Ch.. / TSE Ying ..,6,2130
12/12/2024,Group A,WD,Treesa J.. / GAYATRI .. Rank 13 Elo 1921 (+42),21-19 / 21-19,Pearly TA.. / THINAAH .. Rank 6 Elo 2117 (-38),46,https://badmintonranks.com/tournament?id=14357,3,BWF World Tour Finals 2024,Treesa J.. / GAYATRI ..,13,1921,Pearly TA.. / THINAAH ..,6,2117
12/12/2024,Group A,WD,LIU Shen.. / TAN Ning Rank 1 Elo 2400 (+12),21-7 / 21-14,Nami MA.. / Chiharu S.. Rank 4 Elo 2200 (-12),47,https://badmintonranks.com/tournament?id=14357,3,BWF World Tour Finals 2024,LIU Shen.. / TAN Ning,1,2400,Nami MA.. / Chiharu S..,4,2200
12/12/2024,Group A,XD,JIANG Zh.. / WEI Ya Xin Rank 2 Elo 2346 (+5),21-17 / 21-19,YANG Po.. / HU Ling F.. Rank 14 Elo 1930 (-5),38,https://badmintonranks.com/tournament?id=14357,3,BWF World Tour Finals 2024,JIANG Zh.. / WEI Ya Xin,2,2346,YANG Po.. / HU Ling F..,14,1930
12/12/2024,Group B,XD,GOH Soo.. / LAI Shevo.. Rank 10 Elo 2034 (+21),21-14 / 21-14,Hiroki MI.. / Natsu SAI.. Rank 21 Elo 1962 (-21),35,https://badmintonranks.com/tournament?id=14357,3,BWF World Tour Finals 2024,GOH Soo.. / LAI Shevo..,10,2034,Hiroki MI.. / Natsu SAI..,21,1962
12/12/2024,Group B,XD,CHEN Ta.. / TOH Ee W.. Rank 8 Elo 2172 (+15),21-17 / 21-18,Dejan FE.. / Gloria Em.. Rank 13 Elo 2019 (-15),50,https://badmintonranks.com/tournament?id=14357,3,BWF World Tour Finals 2024,CHEN Ta.. / TOH Ee W..,8,2172,Dejan FE.. / Gloria Em..,13,2019
11/12/2024,Group A,MD,Kim AST.. / Anders Sk.. Rank 3 Elo 2177 (+25),21-18 / 16-21 / 21-14,GOH Sze.. / Nur IZZUD.. Rank 7 Elo 2173 (-25),74,https://badmintonranks.com/tournament?id=14357,3,BWF World Tour Finals 2024,Kim AST.. / Anders Sk..,3,2177,GOH Sze.. / Nur IZZUD..,7,2173
11/12/2024,Group A,MD,LEE Yang / WANG Ch.. Rank 13 Elo 2206 (+8),16-21 / 21-16 / 21-18,LEE Jhe-.. / YANG Po-.. Rank 10 Elo 1924 (-9),54,https://badmintonranks.com/tournament?id=14357,3,BWF World Tour Finals 2024,LEE Yang / WANG Ch..,13,2206,LEE Jhe-.. / YANG Po-..,10,1924
11/12/2024,Group A,MS,Anders ANTONSEN Rank 2 Elo 2437 (+14),21-14 / 21-19,LI Shi Feng Rank 6 Elo 2282 (-15),58,https://badmintonranks.com/tournament?id=14357,3,BWF World Tour Finals 2024,Anders ANTONSEN,2,2437,LI Shi Feng,6,2282
11/12/2024,Group B,MD,Fajar ALF.. / Muhamma.. Rank 4 Elo 2147 (+20),28-26 / 21-18,Sabar Ka.. / Moh Reza.. Rank 11 Elo 2071 (-20),57,https://badmintonranks.com/tournament?id=14357,3,BWF World Tour Finals 2024,Fajar ALF.. / Muhamma..,4,2147,Sabar Ka.. / Moh Reza..,11,2071
11/12/2024,Group B,WD,CHEN Qi.. / JIA Yi Fan Rank 3 Elo 2467 (+7),21-11 / 21-17,Rin IWAN.. / Kie NAKA.. Rank 5 Elo 2164 (-7),57,https://badmintonranks.com/tournament?id=14357,3,BWF World Tour Finals 2024,CHEN Qi.. / JIA Yi Fan,3,2467,Rin IWAN.. / Kie NAKA..,5,2164
11/12/2024,Group B,MD,Aaron CH.. / SOH Wooi.. Rank 5 Elo 2128 (+26),17-21 / 21-18 / 21-15,HE Ji Ting / REN Xian.. Rank 6 Elo 2127 (-25),63,https://badmintonranks.com/tournament?id=14357,4,BWF World Tour Finals 2024,Aaron CH.. / SOH Wooi..,5,2128,HE Ji Ting / REN Xian..,6,2127
11/12/2024,Group A,WS,WANG Zhi Yi Rank 2 Elo 2432 (+8),21-19 / 21-14,Busanan ONGBAMRUN.. Rank 12 Elo 2126 (-8),56,https://badmintonranks.com/tournament?id=14357,4,BWF World Tour Finals 2024,WANG Zhi Yi,2,2432,Busanan ONGBAMRUN..,12,2126
11/12/2024,Group A,MS,LEE Zii Jia Rank 8 Elo 2270 (+24),21-13 / 21-15,CHOU Tien Chen Rank 9 Elo 2244 (-24),39,https://badmintonranks.com/tournament?id=14357,4,BWF World Tour Finals 2024,LEE Zii Jia,8,2270,CHOU Tien Chen,9,2244
11/12/2024,Group B,WD,BAEK Ha.. / LEE So H.. Rank 2 Elo 2234 (+10),21-6 / 21-17,Febriana .. / Amallia C.. Rank 10 Elo 1972 (-10),37,https://badmintonranks.com/tournament?id=14357,4,BWF World Tour Finals 2024,BAEK Ha.. / LEE So H..,2,2234,Febriana .. / Amallia C..,10,1972
11/12/2024,Group A,XD,JIANG Zh.. / WEI Ya Xin Rank 2 Elo 2308 (+38),21-17 / 22-20,ZHENG .. / HUANG Y.. Rank 3 Elo 2509 (-38),42,https://badmintonranks.com/tournament?id=14357,4,BWF World Tour Finals 2024,JIANG Zh.. / WEI Ya Xin,2,2308,ZHENG .. / HUANG Y..,3,2509
11/12/2024,Group A,WS,Aya OHORI Rank 9 Elo 2177 (+35),21-15 / 21-13,Gregoria Mariska TUNJ.. Rank 6 Elo 2314 (-34),38,https://badmintonranks.com/tournament?id=14357,4,BWF World Tour Finals 2024,Aya OHORI,9,2177,Gregoria Mariska TUNJ..,6,2314
11/12/2024,Group B,MS,Kunlavut VITIDSARN Rank 5 Elo 2349 (+17),24-22 / 21-18,Kodai NARAOKA Rank 7 Elo 2237 (-18),75,https://badmintonranks.com/tournament?id=14357,4,BWF World Tour Finals 2024,Kunlavut VITIDSARN,5,2349,Kodai NARAOKA,7,2237
11/12/2024,Group B,MS,SHI Yu Qi Rank 1 Elo 2427 (+21),21-16 / 17-21 / 21-8,Jonatan CHRISTIE Rank 4 Elo 2366 (-21),64,https://badmintonranks.com/tournament?id=14357,4,BWF World Tour Finals 2024,SHI Yu Qi,1,2427,Jonatan CHRISTIE,4,2366
11/12/2024,Group A,WD,Nami MA.. / Chiharu S.. Rank 4 Elo 2177 (+23),13-21 / 21-17 / 21-18,Pearly TA.. / THINAAH .. Rank 6 Elo 2140 (-23),74,https://badmintonranks.com/tournament?id=14357,4,BWF World Tour Finals 2024,Nami MA.. / Chiharu S..,4,2177,Pearly TA.. / THINAAH ..,6,2140
11/12/2024,Group B,WS,HAN Yue Rank 8 Elo 2264 (+33),21-19 / 21-17,Akane YAMAGUCHI Rank 4 Elo 2380 (-34),48,https://badmintonranks.com/tournament?id=14357,4,BWF World Tour Finals 2024,HAN Yue,8,2264,Akane YAMAGUCHI,4,2380
11/12/2024,Group A,XD,TANG Ch.. / TSE Ying .. Rank 6 Elo 2116 (+14),21-15 / 21-17,YANG Po.. / HU Ling F.. Rank 14 Elo 1945 (-15),39,https://badmintonranks.com/tournament?id=14357,4,BWF World Tour Finals 2024,TANG Ch.. / TSE Ying ..,6,2116,YANG Po.. / HU Ling F..,14,1945
11/12/2024,Group A,WD,LIU Shen.. / TAN Ning Rank 1 Elo 2397 (+3),20-22 / 22-20 / 21-14,Treesa J.. / GAYATRI .. Rank 13 Elo 1924 (-3),82,https://badmintonranks.com/tournament?id=14357,4,BWF World Tour Finals 2024,LIU Shen.. / TAN Ning,1,2397,Treesa J.. / GAYATRI ..,13,1924
11/12/2024,Group B,WS,AN Se Young Rank 1 Elo 2682 (+3),21-16 / 21-14,Supanida KATETHONG Rank 10 Elo 2214 (-3),44,https://badmintonranks.com/tournament?id=14357,4,BWF World Tour Finals 2024,AN Se Young,1,2682,Supanida KATETHONG,10,2214
11/12/2024,Group B,XD,CHEN Ta.. / TOH Ee W.. Rank 8 Elo 2153 (+19),14-21 / 21-10 / 21-14,GOH Soo.. / LAI Shevo.. Rank 10 Elo 2052 (-18),50,https://badmintonranks.com/tournament?id=14357,4,BWF World Tour Finals 2024,CHEN Ta.. / TOH Ee W..,8,2153,GOH Soo.. / LAI Shevo..,10,2052
11/12/2024,Group B,XD,Dejan FE.. / Gloria Em.. Rank 13 Elo 1993 (+26),23-21 / 16-21 / 21-11,Hiroki MI.. / Natsu SAI.. Rank 21 Elo 1989 (-27),61,https://badmintonranks.com/tournament?id=14357,4,BWF World Tour Finals 2024,Dejan FE.. / Gloria Em..,13,1993,Hiroki MI.. / Natsu SAI..,21,1989
17/12/2023,Final,MS,Viktor AXELSEN Rank 1 Elo 2567 (+12),21-11 / 21-12,SHI Yu Qi Rank 7 Elo 2360 (-13),49,https://badmintonranks.com/tournament?id=11086,1,BWF World Tour Finals 2023,Viktor AXELSEN,1,2567,SHI Yu Qi,7,2360
17/12/2023,Final,XD,ZHENG .. / HUANG Y.. Rank 1 Elo 2523 (+16),21-11 / 21-18,FENG Ya.. / HUANG D.. Rank 4 Elo 2362 (-15),48,https://badmintonranks.com/tournament?id=11086,1,BWF World Tour Finals 2023,ZHENG .. / HUANG Y..,1,2523,FENG Ya.. / HUANG D..,4,2362
17/12/2023,Final,WS,TAI Tzu Ying Rank 4 Elo 2470 (+29),12-21 / 21-14 / 21-18,Carolina MARIN Rank 5 Elo 2492 (-29),73,https://badmintonranks.com/tournament?id=11086,1,BWF World Tour Finals 2023,TAI Tzu Ying,4,2470,Carolina MARIN,5,2492
17/12/2023,Final,WD,CHEN Qi.. / JIA Yi Fan Rank 1 Elo 2417 (+24),21-16 / 21-16,BAEK Ha.. / LEE So H.. Rank 2 Elo 2376 (-24),62,https://badmintonranks.com/tournament?id=11086,1,BWF World Tour Finals 2023,CHEN Qi.. / JIA Yi Fan,1,2417,BAEK Ha.. / LEE So H..,2,2376
17/12/2023,Final,MD,KANG Mi.. / SEO Seun.. Rank 6 Elo 2176 (+34),21-17 / 22-20,LIANG W.. / WANG Ch.. Rank 1 Elo 2250 (-33),43,https://badmintonranks.com/tournament?id=11086,1,BWF World Tour Finals 2023,KANG Mi.. / SEO Seun..,6,2176,LIANG W.. / WANG Ch..,1,2250
16/12/2023,Semi final,XD,FENG Ya.. / HUANG D.. Rank 4 Elo 2348 (+14),21-19 / 23-21,Yuta WAT.. / Arisa IGA.. Rank 2 Elo 2169 (-14),63,https://badmintonranks.com/tournament?id=11086,1,BWF World Tour Finals 2023,FENG Ya.. / HUANG D..,4,2348,Yuta WAT.. / Arisa IGA..,2,2169
16/12/2023,Semi final,XD,ZHENG .. / HUANG Y.. Rank 1 Elo 2509 (+14),21-12 / 21-5,SEO Seu.. / CHAE Yu .. Rank 3 Elo 2334 (-15),38,https://badmintonranks.com/tournament?id=11086,1,BWF World Tour Finals 2023,ZHENG .. / HUANG Y..,1,2509,SEO Seu.. / CHAE Yu ..,3,2334
16/12/2023,Semi final,MS,Viktor AXELSEN Rank 1 Elo 2556 (+11),21-9 / 21-14,Anders ANTONSEN Rank 11 Elo 2305 (-10),56,https://badmintonranks.com/tournament?id=11086,1,BWF World Tour Finals 2023,Viktor AXELSEN,1,2556,Anders ANTONSEN,11,2305
16/12/2023,Semi final,MS,SHI Yu Qi Rank 7 Elo 2330 (+30),21-16 / 21-15,Jonatan CHRISTIE Rank 6 Elo 2367 (-29),55,https://badmintonranks.com/tournament?id=11086,1,BWF World Tour Finals 2023,SHI Yu Qi,7,2330,Jonatan CHRISTIE,6,2367
16/12/2023,Semi final,WS,Carolina MARIN Rank 5 Elo 2454 (+38),21-17 / 19-21 / 21-13,CHEN Yu Fei Rank 2 Elo 2620 (-39),104,https://badmintonranks.com/tournament?id=11086,1,BWF World Tour Finals 2023,Carolina MARIN,5,2454,CHEN Yu Fei,2,2620
16/12/2023,Semi final,WS,TAI Tzu Ying Rank 4 Elo 2425 (+45),19-21 / 21-15 / 22-20,AN Se Young Rank 1 Elo 2704 (-44),72,https://badmintonranks.com/tournament?id=11086,1,BWF World Tour Finals 2023,TAI Tzu Ying,4,2425,AN Se Young,1,2704
16/12/2023,Semi final,MD,LIANG W.. / WANG Ch.. Rank 1 Elo 2235 (+15),22-20 / 12-21 / 21-16,Fajar ALF.. / Muhamma.. Rank 5 Elo 2071 (-15),62,https://badmintonranks.com/tournament?id=11086,1,BWF World Tour Finals 2023,LIANG W.. / WANG Ch..,1,2235,Fajar ALF.. / Muhamma..,5,2071
16/12/2023,Semi final,WD,CHEN Qi.. / JIA Yi Fan Rank 1 Elo 2404 (+13),21-12 / 21-15,LIU Shen.. / TAN Ning Rank 9 Elo 2219 (-14),50,https://badmintonranks.com/tournament?id=11086,1,BWF World Tour Finals 2023,CHEN Qi.. / JIA Yi Fan,1,2404,LIU Shen.. / TAN Ning,9,2219
16/12/2023,Semi final,MD,KANG Mi.. / SEO Seun.. Rank 6 Elo 2143 (+33),21-13 / 21-12,LIU Yu C.. / OU Xuan .. Rank 8 Elo 2221 (-33),37,https://badmintonranks.com/tournament?id=11086,1,BWF World Tour Finals 2023,KANG Mi.. / SEO Seun..,6,2143,LIU Yu C.. / OU Xuan ..,8,2221
16/12/2023,Semi final,WD,BAEK Ha.. / LEE So H.. Rank 2 Elo 2353 (+23),21-17 / 18-21 / 21-18,Nami MA.. / Chiharu S.. Rank 4 Elo 2302 (-23),121,https://badmintonranks.com/tournament?id=11086,1,BWF World Tour Finals 2023,BAEK Ha.. / LEE So H..,2,2353,Nami MA.. / Chiharu S..,4,2302
15/12/2023,Group A,XD,FENG Ya.. / HUANG D.. Rank 4 Elo 2333 (+15),21-16 / 19-21 / 21-17,Yuta WAT.. / Arisa IGA.. Rank 2 Elo 2185 (-16),72,https://badmintonranks.com/tournament?id=11086,1,BWF World Tour Finals 2023,FENG Ya.. / HUANG D..,4,2333,Yuta WAT.. / Arisa IGA..,2,2185
15/12/2023,Group A,XD,Dechapol.. / Sapsiree .. Rank 6 Elo 2129 (+21),18-21 / 21-18 / 21-14,CHEN Ta.. / TOH Ee W.. Rank 8 Elo 2070 (-21),70,https://badmintonranks.com/tournament?id=11086,1,BWF World Tour Finals 2023,Dechapol.. / Sapsiree ..,6,2129,CHEN Ta.. / TOH Ee W..,8,2070
15/12/2023,Group B,XD,TANG Ch.. / TSE Ying .. Rank 10 Elo 2156 (+22),25-23 / 14-21 / 21-18,KIM Won .. / JEONG N.. Rank 7 Elo 2103 (-22),76,https://badmintonranks.com/tournament?id=11086,1,BWF World Tour Finals 2023,TANG Ch.. / TSE Ying ..,10,2156,KIM Won .. / JEONG N..,7,2103
15/12/2023,Group B,MS,LI Shi Feng Rank 3 Elo 2335 (+30),21-13 / 21-18,Jonatan CHRISTIE Rank 6 Elo 2397 (-30),53,https://badmintonranks.com/tournament?id=11086,1,BWF World Tour Finals 2023,LI Shi Feng,3,2335,Jonatan CHRISTIE,6,2397
15/12/2023,Group B,XD,ZHENG .. / HUANG Y.. Rank 1 Elo 2493 (+16),21-15 / 25-23,SEO Seu.. / CHAE Yu .. Rank 3 Elo 2349 (-15),46,https://badmintonranks.com/tournament?id=11086,1,BWF World Tour Finals 2023,ZHENG .. / HUANG Y..,1,2493,SEO Seu.. / CHAE Yu ..,3,2349
15/12/2023,Group A,MS,Viktor AXELSEN Rank 1 Elo 2546 (+10),16-21 / 21-7 / 21-13,Anthony Sinisuka GINTI.. Rank 4 Elo 2305 (-10),66,https://badmintonranks.com/tournament?id=11086,2,BWF World Tour Finals 2023,Viktor AXELSEN,1,2546,Anthony Sinisuka GINTI..,4,2305
15/12/2023,Group A,MS,SHI Yu Qi Rank 7 Elo 2305 (+25),18-21 / 23-21 / 21-13,Kodai NARAOKA Rank 2 Elo 2306 (-26),98,https://badmintonranks.com/tournament?id=11086,2,BWF World Tour Finals 2023,SHI Yu Qi,7,2305,Kodai NARAOKA,2,2306
15/12/2023,Group B,MS,Anders ANTONSEN Rank 11 Elo 2281 (+24),21-16 / 21-11,Kunlavut VITIDSARN Rank 5 Elo 2269 (-25),49,https://badmintonranks.com/tournament?id=11086,2,BWF World Tour Finals 2023,Anders ANTONSEN,11,2281,Kunlavut VITIDSARN,5,2269
15/12/2023,Group B,MD,Kim AST.. / Anders Sk.. Rank 3 Elo 2234 (+12),21-17 / 21-6,Muhamm.. / Bagas MA.. Rank 10 Elo 2044 (-13),31,https://badmintonranks.com/tournament?id=11086,2,BWF World Tour Finals 2023,Kim AST.. / Anders Sk..,3,2234,Muhamm.. / Bagas MA..,10,2044
15/12/2023,Group B,WS,Carolina MARIN Rank 5 Elo 2413 (+41),25-23 / 24-22,CHEN Yu Fei Rank 2 Elo 2660 (-40),70,https://badmintonranks.com/tournament?id=11086,2,BWF World Tour Finals 2023,Carolina MARIN,5,2413,CHEN Yu Fei,2,2660
15/12/2023,Group B,WS,HAN Yue Rank 8 Elo 2351 (+14),22-20 / 21-16,ZHANG Beiwen Rank 9 Elo 2189 (-15),40,https://badmintonranks.com/tournament?id=11086,2,BWF World Tour Finals 2023,HAN Yue,8,2351,ZHANG Beiwen,9,2189
15/12/2023,Group A,WD,CHEN Qi.. / JIA Yi Fan Rank 1 Elo 2404 (+0),W.O.,Mayu MA.. / Wakana N.. Rank 8 Elo 2096 (-1),0,https://badmintonranks.com/tournament?id=11086,2,BWF World Tour Finals 2023,CHEN Qi.. / JIA Yi Fan,1,2404,Mayu MA.. / Wakana N..,8,2096
15/12/2023,Group A,WS,Gregoria Mariska TUNJ.. Rank 7 Elo 2270 (+22),21-14 / 20-22 / 21-17,KIM Ga Eun Rank 13 Elo 2227 (-22),63,https://badmintonranks.com/tournament?id=11086,2,BWF World Tour Finals 2023,Gregoria Mariska TUNJ..,7,2270,KIM Ga Eun,13,2227
15/12/2023,Group A,WS,AN Se Young Rank 1 Elo 2695 (+9),21-17 / 21-15,TAI Tzu Ying Rank 4 Elo 2434 (-9),49,https://badmintonranks.com/tournament?id=11086,2,BWF World Tour Finals 2023,AN Se Young,1,2695,TAI Tzu Ying,4,2434
15/12/2023,Group B,MD,KANG Mi.. / SEO Seun.. Rank 6 Elo 2119 (+24),22-20 / 17-21 / 21-12,Fajar ALF.. / Muhamma.. Rank 5 Elo 2095 (-24),61,https://badmintonranks.com/tournament?id=11086,2,BWF World Tour Finals 2023,KANG Mi.. / SEO Seun..,6,2119,Fajar ALF.. / Muhamma..,5,2095
15/12/2023,Group A,MD,LIU Yu C.. / OU Xuan .. Rank 8 Elo 2203 (+18),21-12 / 21-17,Takuro H.. / Yugo KOB.. Rank 7 Elo 2104 (-18),36,https://badmintonranks.com/tournament?id=11086,2,BWF World Tour Finals 2023,LIU Yu C.. / OU Xuan ..,8,2203,Takuro H.. / Yugo KOB..,7,2104
15/12/2023,Group A,MD,LIANG W.. / WANG Ch.. Rank 1 Elo 2214 (+21),18-21 / 21-14 / 21-12,Aaron CH.. / SOH Wooi.. Rank 4 Elo 2151 (-21),61,https://badmintonranks.com/tournament?id=11086,2,BWF World Tour Finals 2023,LIANG W.. / WANG Ch..,1,2214,Aaron CH.. / SOH Wooi..,4,2151
15/12/2023,Group A,WD,LIU Shen.. / TAN Ning Rank 9 Elo 2193 (+26),21-13 / 21-8,Apriyani .. / Siti Fadia .. Rank 7 Elo 2200 (-26),51,https://badmintonranks.com/tournament?id=11086,2,BWF World Tour Finals 2023,LIU Shen.. / TAN Ning,9,2193,Apriyani .. / Siti Fadia ..,7,2200
15/12/2023,Group B,WD,KIM So Y.. / KONG He.. Rank 3 Elo 2201 (+16),21-15 / 21-19,Jongkolp.. / Rawinda .. Rank 10 Elo 2055 (-15),48,https://badmintonranks.com/tournament?id=11086,2,BWF World Tour Finals 2023,KIM So Y.. / KONG He..,3,2201,Jongkolp.. / Rawinda ..,10,2055
15/12/2023,Group B,WD,BAEK Ha.. / LEE So H.. Rank 2 Elo 2328 (+25),21-18 / 9-21 / 21-16,Nami MA.. / Chiharu S.. Rank 4 Elo 2327 (-25),100,https://badmintonranks.com/tournament?id=11086,2,BWF World Tour Finals 2023,BAEK Ha.. / LEE So H..,2,2328,Nami MA.. / Chiharu S..,4,2327
14/12/2023,Group B,MS,Jonatan CHRISTIE Rank 6 Elo 2377 (+20),21-16 / 21-18,Anders ANTONSEN Rank 11 Elo 2301 (-20),52,https://badmintonranks.com/tournament?id=11086,2,BWF World Tour Finals 2023,Jonatan CHRISTIE,6,2377,Anders ANTONSEN,11,2301
14/12/2023,Group A,XD,FENG Ya.. / HUANG D.. Rank 4 Elo 2320 (+13),12-21 / 21-12 / 21-18,Dechapol.. / Sapsiree .. Rank 6 Elo 2142 (-13),86,https://badmintonranks.com/tournament?id=11086,2,BWF World Tour Finals 2023,FENG Ya.. / HUANG D..,4,2320,Dechapol.. / Sapsiree ..,6,2142
14/12/2023,Group B,XD,SEO Seu.. / CHAE Yu .. Rank 3 Elo 2335 (+14),17-21 / 21-13 / 21-18,TANG Ch.. / TSE Ying .. Rank 10 Elo 2171 (-15),63,https://badmintonranks.com/tournament?id=11086,2,BWF World Tour Finals 2023,SEO Seu.. / CHAE Yu ..,3,2335,TANG Ch.. / TSE Ying ..,10,2171
14/12/2023,Group B,MS,LI Shi Feng Rank 3 Elo 2311 (+24),21-18 / 22-20,Kunlavut VITIDSARN Rank 5 Elo 2293 (-24),69,https://badmintonranks.com/tournament?id=11086,2,BWF World Tour Finals 2023,LI Shi Feng,3,2311,Kunlavut VITIDSARN,5,2293
14/12/2023,Group A,MS,Viktor AXELSEN Rank 1 Elo 2535 (+11),21-17 / 21-9,Kodai NARAOKA Rank 2 Elo 2317 (-11),47,https://badmintonranks.com/tournament?id=11086,2,BWF World Tour Finals 2023,Viktor AXELSEN,1,2535,Kodai NARAOKA,2,2317
14/12/2023,Group A,XD,CHEN Ta.. / TOH Ee W.. Rank 8 Elo 2031 (+39),12-21 / 21-16 / 21-16,Yuta WAT.. / Arisa IGA.. Rank 2 Elo 2223 (-38),61,https://badmintonranks.com/tournament?id=11086,3,BWF World Tour Finals 2023,CHEN Ta.. / TOH Ee W..,8,2031,Yuta WAT.. / Arisa IGA..,2,2223
14/12/2023,Group A,MS,Anthony Sinisuka GINTI.. Rank 4 Elo 2276 (+29),11-21 / 21-7 / 21-17,SHI Yu Qi Rank 7 Elo 2334 (-29),63,https://badmintonranks.com/tournament?id=11086,3,BWF World Tour Finals 2023,Anthony Sinisuka GINTI..,4,2276,SHI Yu Qi,7,2334
14/12/2023,Group B,XD,ZHENG .. / HUANG Y.. Rank 1 Elo 2488 (+5),18-21 / 27-25 / 21-15,KIM Won .. / JEONG N.. Rank 7 Elo 2108 (-5),74,https://badmintonranks.com/tournament?id=11086,3,BWF World Tour Finals 2023,ZHENG .. / HUANG Y..,1,2488,KIM Won .. / JEONG N..,7,2108
14/12/2023,Group B,MD,Fajar ALF.. / Muhamma.. Rank 5 Elo 2055 (+40),21-12 / 21-18,Kim AST.. / Anders Sk.. Rank 3 Elo 2273 (-39),44,https://badmintonranks.com/tournament?id=11086,3,BWF World Tour Finals 2023,Fajar ALF.. / Muhamma..,5,2055,Kim AST.. / Anders Sk..,3,2273
14/12/2023,Group B,WS,CHEN Yu Fei Rank 2 Elo 2657 (+3),21-13 / 21-15,ZHANG Beiwen Rank 9 Elo 2192 (-3),36,https://badmintonranks.com/tournament?id=11086,3,BWF World Tour Finals 2023,CHEN Yu Fei,2,2657,ZHANG Beiwen,9,2192
14/12/2023,Group B,WS,Carolina MARIN Rank 5 Elo 2389 (+24),21-11 / 21-12,HAN Yue Rank 8 Elo 2376 (-25),44,https://badmintonranks.com/tournament?id=11086,3,BWF World Tour Finals 2023,Carolina MARIN,5,2389,HAN Yue,8,2376
14/12/2023,Group B,MD,KANG Mi.. / SEO Seun.. Rank 6 Elo 2096 (+23),21-9 / 21-12,Muhamm.. / Bagas MA.. Rank 10 Elo 2068 (-24),35,https://badmintonranks.com/tournament?id=11086,3,BWF World Tour Finals 2023,KANG Mi.. / SEO Seun..,6,2096,Muhamm.. / Bagas MA..,10,2068
14/12/2023,Group A,MD,LIANG W.. / WANG Ch.. Rank 1 Elo 2194 (+20),23-21 / 21-17,Takuro H.. / Yugo KOB.. Rank 7 Elo 2125 (-21),43,https://badmintonranks.com/tournament?id=11086,3,BWF World Tour Finals 2023,LIANG W.. / WANG Ch..,1,2194,Takuro H.. / Yugo KOB..,7,2125
14/12/2023,Group A,WS,TAI Tzu Ying Rank 4 Elo 2421 (+13),21-15 / 21-23 / 21-11,KIM Ga Eun Rank 13 Elo 2241 (-14),64,https://badmintonranks.com/tournament?id=11086,3,BWF World Tour Finals 2023,TAI Tzu Ying,4,2421,KIM Ga Eun,13,2241
14/12/2023,Group A,WD,CHEN Qi.. / JIA Yi Fan Rank 1 Elo 2390 (+14),21-10 / 21-14,Apriyani .. / Siti Fadia .. Rank 7 Elo 2214 (-14),42,https://badmintonranks.com/tournament?id=11086,3,BWF World Tour Finals 2023,CHEN Qi.. / JIA Yi Fan,1,2390,Apriyani .. / Siti Fadia ..,7,2214
14/12/2023,Group B,WD,Nami MA.. / Chiharu S.. Rank 4 Elo 2308 (+19),21-13 / 21-14,KIM So Y.. / KONG He.. Rank 3 Elo 2220 (-19),49,https://badmintonranks.com/tournament?id=11086,3,BWF World Tour Finals 2023,Nami MA.. / Chiharu S..,4,2308,KIM So Y.. / KONG He..,3,2220
14/12/2023,Group A,MD,LIU Yu C.. / OU Xuan .. Rank 8 Elo 2178 (+25),19-21 / 21-18 / 22-20,Aaron CH.. / SOH Wooi.. Rank 4 Elo 2176 (-25),76,https://badmintonranks.com/tournament?id=11086,3,BWF World Tour Finals 2023,LIU Yu C.. / OU Xuan ..,8,2178,Aaron CH.. / SOH Wooi..,4,2176
14/12/2023,Group A,WS,AN Se Young Rank 1 Elo 2691 (+4),21-14 / 21-16,Gregoria Mariska TUNJ.. Rank 7 Elo 2274 (-4),45,https://badmintonranks.com/tournament?id=11086,3,BWF World Tour Finals 2023,AN Se Young,1,2691,Gregoria Mariska TUNJ..,7,2274
14/12/2023,Group B,WD,BAEK Ha.. / LEE So H.. Rank 2 Elo 2318 (+10),21-15 / 21-15,Jongkolp.. / Rawinda .. Rank 10 Elo 2065 (-10),53,https://badmintonranks.com/tournament?id=11086,3,BWF World Tour Finals 2023,BAEK Ha.. / LEE So H..,2,2318,Jongkolp.. / Rawinda ..,10,2065
14/12/2023,Group A,WD,LIU Shen.. / TAN Ning Rank 9 Elo 2185 (+8),19-21 / 21-11 Ret.,Mayu MA.. / Wakana N.. Rank 8 Elo 2104 (-8),62,https://badmintonranks.com/tournament?id=11086,3,BWF World Tour Finals 2023,LIU Shen.. / TAN Ning,9,2185,Mayu MA.. / Wakana N..,8,2104
13/12/2023,Group A,XD,FENG Ya.. / HUANG D.. Rank 4 Elo 2311 (+9),21-10 / 21-13,CHEN Ta.. / TOH Ee W.. Rank 8 Elo 2040 (-9),38,https://badmintonranks.com/tournament?id=11086,3,BWF World Tour Finals 2023,FENG Ya.. / HUANG D..,4,2311,CHEN Ta.. / TOH Ee W..,8,2040
13/12/2023,Group B,MS,Jonatan CHRISTIE Rank 6 Elo 2355 (+22),21-18 / 21-8,Kunlavut VITIDSARN Rank 5 Elo 2315 (-22),46,https://badmintonranks.com/tournament?id=11086,3,BWF World Tour Finals 2023,Jonatan CHRISTIE,6,2355,Kunlavut VITIDSARN,5,2315
13/12/2023,Group A,MS,SHI Yu Qi Rank 7 Elo 2292 (+42),21-19 / 21-19,Viktor AXELSEN Rank 1 Elo 2577 (-42),51,https://badmintonranks.com/tournament?id=11086,3,BWF World Tour Finals 2023,SHI Yu Qi,7,2292,Viktor AXELSEN,1,2577
13/12/2023,Group B,XD,SEO Seu.. / CHAE Yu .. Rank 3 Elo 2323 (+12),23-21 / 21-12,KIM Won .. / JEONG N.. Rank 7 Elo 2121 (-13),47,https://badmintonranks.com/tournament?id=11086,3,BWF World Tour Finals 2023,SEO Seu.. / CHAE Yu ..,3,2323,KIM Won .. / JEONG N..,7,2121
13/12/2023,Group B,MS,Anders ANTONSEN Rank 11 Elo 2270 (+31),21-18 / 21-12,LI Shi Feng Rank 3 Elo 2341 (-30),55,https://badmintonranks.com/tournament?id=11086,3,BWF World Tour Finals 2023,Anders ANTONSEN,11,2270,LI Shi Feng,3,2341
13/12/2023,Group A,XD,Yuta WAT.. / Arisa IGA.. Rank 2 Elo 2200 (+23),21-16 / 21-14,Dechapol.. / Sapsiree .. Rank 6 Elo 2165 (-23),44,https://badmintonranks.com/tournament?id=11086,4,BWF World Tour Finals 2023,Yuta WAT.. / Arisa IGA..,2,2200,Dechapol.. / Sapsiree ..,6,2165
13/12/2023,Group B,WS,CHEN Yu Fei Rank 2 Elo 2648 (+9),21-17 / 19-21 / 21-9,HAN Yue Rank 8 Elo 2385 (-9),63,https://badmintonranks.com/tournament?id=11086,4,BWF World Tour Finals 2023,CHEN Yu Fei,2,2648,HAN Yue,8,2385
13/12/2023,Group A,MS,Anthony Sinisuka GINTI.. Rank 4 Elo 2243 (+33),10-21 / 21-10 / 21-18,Kodai NARAOKA Rank 2 Elo 2350 (-33),72,https://badmintonranks.com/tournament?id=11086,4,BWF World Tour Finals 2023,Anthony Sinisuka GINTI..,4,2243,Kodai NARAOKA,2,2350
13/12/2023,Group B,XD,ZHENG .. / HUANG Y.. Rank 1 Elo 2481 (+7),21-17 / 21-17,TANG Ch.. / TSE Ying .. Rank 10 Elo 2178 (-7),44,https://badmintonranks.com/tournament?id=11086,4,BWF World Tour Finals 2023,ZHENG .. / HUANG Y..,1,2481,TANG Ch.. / TSE Ying ..,10,2178
13/12/2023,Group B,WS,Carolina MARIN Rank 5 Elo 2375 (+14),21-18 / 21-10,ZHANG Beiwen Rank 9 Elo 2206 (-14),35,https://badmintonranks.com/tournament?id=11086,4,BWF World Tour Finals 2023,Carolina MARIN,5,2375,ZHANG Beiwen,9,2206
13/12/2023,Group A,WD,Apriyani .. / Siti Fadia .. Rank 7 Elo 2194 (+20),11-21 / 21-16 / 21-18,Mayu MA.. / Wakana N.. Rank 8 Elo 2124 (-20),83,https://badmintonranks.com/tournament?id=11086,4,BWF World Tour Finals 2023,Apriyani .. / Siti Fadia ..,7,2194,Mayu MA.. / Wakana N..,8,2124
13/12/2023,Group B,MD,Kim AST.. / Anders Sk.. Rank 3 Elo 2258 (+15),21-10 / 15-21 / 24-22,KANG Mi.. / SEO Seun.. Rank 6 Elo 2111 (-15),62,https://badmintonranks.com/tournament?id=11086,4,BWF World Tour Finals 2023,Kim AST.. / Anders Sk..,3,2258,KANG Mi.. / SEO Seun..,6,2111
13/12/2023,Group A,WD,CHEN Qi.. / JIA Yi Fan Rank 1 Elo 2377 (+13),21-14 / 21-17,LIU Shen.. / TAN Ning Rank 9 Elo 2198 (-13),44,https://badmintonranks.com/tournament?id=11086,4,BWF World Tour Finals 2023,CHEN Qi.. / JIA Yi Fan,1,2377,LIU Shen.. / TAN Ning,9,2198
13/12/2023,Group B,MD,Fajar ALF.. / Muhamma.. Rank 5 Elo 2023 (+32),21-14 / 21-19,Muhamm.. / Bagas MA.. Rank 10 Elo 2099 (-31),42,https://badmintonranks.com/tournament?id=11086,4,BWF World Tour Finals 2023,Fajar ALF.. / Muhamma..,5,2023,Muhamm.. / Bagas MA..,10,2099
13/12/2023,Group A,MD,LIU Yu C.. / OU Xuan .. Rank 8 Elo 2146 (+32),21-18 / 16-21 / 21-16,LIANG W.. / WANG Ch.. Rank 1 Elo 2225 (-31),54,https://badmintonranks.com/tournament?id=11086,4,BWF World Tour Finals 2023,LIU Yu C.. / OU Xuan ..,8,2146,LIANG W.. / WANG Ch..,1,2225
13/12/2023,Group A,MD,Takuro H.. / Yugo KOB.. Rank 7 Elo 2091 (+34),21-16 / 14-21 / 21-18,Aaron CH.. / SOH Wooi.. Rank 4 Elo 2210 (-34),63,https://badmintonranks.com/tournament?id=11086,4,BWF World Tour Finals 2023,Takuro H.. / Yugo KOB..,7,2091,Aaron CH.. / SOH Wooi..,4,2210
13/12/2023,Group A,WS,TAI Tzu Ying Rank 4 Elo 2403 (+18),21-18 / 21-17,Gregoria Mariska TUNJ.. Rank 7 Elo 2291 (-17),43,https://badmintonranks.com/tournament?id=11086,4,BWF World Tour Finals 2023,TAI Tzu Ying,4,2403,Gregoria Mariska TUNJ..,7,2291
13/12/2023,Group B,WD,Nami MA.. / Chiharu S.. Rank 4 Elo 2297 (+11),21-15 / 21-10,Jongkolp.. / Rawinda .. Rank 10 Elo 2076 (-11),43,https://badmintonranks.com/tournament?id=11086,4,BWF World Tour Finals 2023,Nami MA.. / Chiharu S..,4,2297,Jongkolp.. / Rawinda ..,10,2076
13/12/2023,Group B,WD,BAEK Ha.. / LEE So H.. Rank 2 Elo 2297 (+21),21-11 / 22-20,KIM So Y.. / KONG He.. Rank 3 Elo 2242 (-22),54,https://badmintonranks.com/tournament?id=11086,4,BWF World Tour Finals 2023,BAEK Ha.. / LEE So H..,2,2297,KIM So Y.. / KONG He..,3,2242
13/12/2023,Group A,WS,KIM Ga Eun Rank 13 Elo 2192 (+49),21-18 / 21-18,AN Se Young Rank 1 Elo 2739 (-48),49,https://badmintonranks.com/tournament?id=11086,4,BWF World Tour Finals 2023,KIM Ga Eun,13,2192,AN Se Young,1,2739
11/12/2022,Final,XD,ZHENG .. / HUANG Y.. Rank 3 Elo 2483 (+15),21-19 / 18-21 / 21-13,Dechapol.. / Sapsiree .. Rank 1 Elo 2311 (-15),62,https://badmintonranks.com/tournament?id=12828,1,BWF World Tour Finals 2022,ZHENG .. / HUANG Y..,3,2483,Dechapol.. / Sapsiree ..,1,2311
11/12/2022,Final,MS,Viktor AXELSEN Rank 1 Elo 2633 (+10),21-13 / 21-14,Anthony Sinisuka GINTI.. Rank 7 Elo 2378 (-10),41,https://badmintonranks.com/tournament?id=12828,1,BWF World Tour Finals 2022,Viktor AXELSEN,1,2633,Anthony Sinisuka GINTI..,7,2378
11/12/2022,Final,WD,CHEN Qi.. / JIA Yi Fan Rank 1 Elo 2355 (+7),21-13 / 21-14,Benyapa .. / Nuntakarn.. Rank 13 Elo 2029 (-7),37,https://badmintonranks.com/tournament?id=12828,1,BWF World Tour Finals 2022,CHEN Qi.. / JIA Yi Fan,1,2355,Benyapa .. / Nuntakarn..,13,2029
11/12/2022,Final,MD,LIU Yu C.. / OU Xuan .. Rank 11 Elo 2181 (+20),21-17 / 19-21 / 21-12,Hendra S.. / Mohamma.. Rank 6 Elo 2081 (-20),59,https://badmintonranks.com/tournament?id=12828,1,BWF World Tour Finals 2022,LIU Yu C.. / OU Xuan ..,11,2181,Hendra S.. / Mohamma..,6,2081
11/12/2022,Final,WS,Akane YAMAGUCHI Rank 1 Elo 2525 (+25),21-18 / 22-20,TAI Tzu Ying Rank 3 Elo 2499 (-25),46,https://badmintonranks.com/tournament?id=12828,1,BWF World Tour Finals 2022,Akane YAMAGUCHI,1,2525,TAI Tzu Ying,3,2499
10/12/2022,Semi final,XD,Dechapol.. / Sapsiree .. Rank 1 Elo 2304 (+7),24-22 / 16-21 / 21-14,Rinov RI.. / Pitha Hani.. Rank 13 Elo 1977 (-8),73,https://badmintonranks.com/tournament?id=12828,1,BWF World Tour Finals 2022,Dechapol.. / Sapsiree ..,1,2304,Rinov RI.. / Pitha Hani..,13,1977
10/12/2022,Semi final,MS,Viktor AXELSEN Rank 1 Elo 2627 (+6),21-23 / 21-19 / 21-18,Kodai NARAOKA Rank 14 Elo 2260 (-5),83,https://badmintonranks.com/tournament?id=12828,1,BWF World Tour Finals 2022,Viktor AXELSEN,1,2627,Kodai NARAOKA,14,2260
10/12/2022,Semi final,XD,ZHENG .. / HUANG Y.. Rank 3 Elo 2480 (+3),21-10 / 21-15,TAN Kian.. / LAI Pei Jin.. Rank 8 Elo 2006 (-4),27,https://badmintonranks.com/tournament?id=12828,1,BWF World Tour Finals 2022,ZHENG .. / HUANG Y..,3,2480,TAN Kian.. / LAI Pei Jin..,8,2006
10/12/2022,Semi final,MS,Anthony Sinisuka GINTI.. Rank 7 Elo 2359 (+19),21-15 / 11-21 / 21-18,Jonatan CHRISTIE Rank 5 Elo 2253 (-19),56,https://badmintonranks.com/tournament?id=12828,1,BWF World Tour Finals 2022,Anthony Sinisuka GINTI..,7,2359,Jonatan CHRISTIE,5,2253
10/12/2022,Semi final,MD,LIU Yu C.. / OU Xuan .. Rank 11 Elo 2150 (+31),22-20 / 11-21 / 21-19,Fajar ALF.. / Muhamma.. Rank 3 Elo 2199 (-31),57,https://badmintonranks.com/tournament?id=12828,1,BWF World Tour Finals 2022,LIU Yu C.. / OU Xuan ..,11,2150,Fajar ALF.. / Muhamma..,3,2199
10/12/2022,Semi final,WS,TAI Tzu Ying Rank 3 Elo 2468 (+31),21-18 / 21-14,HE Bing Jiao Rank 5 Elo 2534 (-32),40,https://badmintonranks.com/tournament?id=12828,1,BWF World Tour Finals 2022,TAI Tzu Ying,3,2468,HE Bing Jiao,5,2534
10/12/2022,Semi final,MD,Hendra S.. / Mohamma.. Rank 6 Elo 2051 (+30),17-21 / 21-13 / 21-19,ONG Yew.. / TEO Ee Yi Rank 8 Elo 2084 (-30),54,https://badmintonranks.com/tournament?id=12828,1,BWF World Tour Finals 2022,Hendra S.. / Mohamma..,6,2051,ONG Yew.. / TEO Ee Yi,8,2084
10/12/2022,Semi final,WS,Akane YAMAGUCHI Rank 1 Elo 2500 (+25),21-19 / 21-10,CHEN Yu Fei Rank 4 Elo 2475 (-25),35,https://badmintonranks.com/tournament?id=12828,1,BWF World Tour Finals 2022,Akane YAMAGUCHI,1,2500,CHEN Yu Fei,4,2475
10/12/2022,Semi final,WD,Benyapa .. / Nuntakarn.. Rank 13 Elo 1994 (+35),22-20 / 21-15,JEONG .. / KIM Hye J.. Rank 5 Elo 2074 (-34),43,https://badmintonranks.com/tournament?id=12828,1,BWF World Tour Finals 2022,Benyapa .. / Nuntakarn..,13,1994,JEONG .. / KIM Hye J..,5,2074
10/12/2022,Semi final,WD,CHEN Qi.. / JIA Yi Fan Rank 1 Elo 2342 (+13),21-19 / 21-13,ZHANG .. / ZHENG Yu Rank 7 Elo 2131 (-12),39,https://badmintonranks.com/tournament?id=12828,1,BWF World Tour Finals 2022,CHEN Qi.. / JIA Yi Fan,1,2342,ZHANG .. / ZHENG Yu,7,2131
9/12/2022,Group B,MD,LIU Yu C.. / OU Xuan .. (4) Rank 11 Elo 2128 (+22),21-13 / 21-18,Hendra S.. / Mohamm.. (2) Rank 6 Elo 2073 (-22),26,https://badmintonranks.com/tournament?id=12828,1,BWF World Tour Finals 2022,LIU Yu C.. / OU Xuan .. (4),11,2128,Hendra S.. / Mohamm.. (2),6,2073
9/12/2022,Group B,WS,TAI Tzu Ying (2) Rank 3 Elo 2449 (+19),21-10 / 12-21 / 21-7,Ratchanok INTANON Rank 7 Elo 2359 (-19),50,https://badmintonranks.com/tournament?id=12828,1,BWF World Tour Finals 2022,TAI Tzu Ying (2),3,2449,Ratchanok INTANON,7,2359
9/12/2022,Group B,MD,Kim AST.. / Anders Sk.. Rank 5 Elo 1944 (+40),21-19 / 23-21,Aaron CH.. / SOH Wooi.. Rank 4 Elo 2116 (-38),45,https://badmintonranks.com/tournament?id=12828,1,BWF World Tour Finals 2022,Kim AST.. / Anders Sk..,5,1944,Aaron CH.. / SOH Wooi..,4,2116
9/12/2022,Group A,XD,Rinov RI.. / Pitha Hani.. Rank 13 Elo 1942 (+35),14-21 / 21-17 / 24-22,Thom GI.. / Delphine .. Rank 10 Elo 2044 (-34),66,https://badmintonranks.com/tournament?id=12828,1,BWF World Tour Finals 2022,Rinov RI.. / Pitha Hani..,13,1942,Thom GI.. / Delphine ..,10,2044
9/12/2022,Group B,WS,HE Bing Jiao (3) Rank 5 Elo 2529 (+5),8-21 / 22-20 / 21-13,Busanan ONGBAMRUN.. Rank 10 Elo 2148 (-5),59,https://badmintonranks.com/tournament?id=12828,1,BWF World Tour Finals 2022,HE Bing Jiao (3),5,2529,Busanan ONGBAMRUN..,10,2148
9/12/2022,Group A,MS,Kodai NARAOKA Rank 14 Elo 2237 (+23),21-19 / 21-15,LU Guang Zu Rank 17 Elo 2210 (-24),58,https://badmintonranks.com/tournament?id=12828,2,BWF World Tour Finals 2022,Kodai NARAOKA,14,2237,LU Guang Zu,17,2210
9/12/2022,Group A,XD,ZHENG .. / HUANG .. (1) Rank 3 Elo 2480 (+0),W.O.,GOH Soo.. / LAI Shev.. (4) Rank 11 Elo 1963 (-0),0,https://badmintonranks.com/tournament?id=12828,2,BWF World Tour Finals 2022,ZHENG .. / HUANG .. (1),3,2480,GOH Soo.. / LAI Shev.. (4),11,1963
9/12/2022,Group A,MS,PRANNOY H. S. (3) Rank 12 Elo 2164 (+48),14-21 / 21-17 / 21-18,Viktor AXELSEN (1) Rank 1 Elo 2675 (-48),51,https://badmintonranks.com/tournament?id=12828,2,BWF World Tour Finals 2022,PRANNOY H. S. (3),12,2164,Viktor AXELSEN (1),1,2675
9/12/2022,Group A,MD,CHOI Sol.. / KIM Won .. Rank 15 Elo 1979 (+35),21-11 / 21-19,Takuro H.. / Yugo KOB.. Rank 1 Elo 2095 (-34),40,https://badmintonranks.com/tournament?id=12828,2,BWF World Tour Finals 2022,CHOI Sol.. / KIM Won ..,15,1979,Takuro H.. / Yugo KOB..,1,2095
9/12/2022,Group B,XD,Dechapol.. / Sapsiree .. (2) Rank 1 Elo 2285 (+19),23-21 / 21-13,WANG Yi.. / HUANG .. (3) Rank 4 Elo 2207 (-20),43,https://badmintonranks.com/tournament?id=12828,2,BWF World Tour Finals 2022,Dechapol.. / Sapsiree .. (2),1,2285,WANG Yi.. / HUANG .. (3),4,2207
9/12/2022,Group B,XD,TAN Kian.. / LAI Pei Jin.. Rank 8 Elo 1981 (+25),21-17 / 22-20,Supak JO.. / Supissara .. Rank 12 Elo 1960 (-25),41,https://badmintonranks.com/tournament?id=12828,2,BWF World Tour Finals 2022,TAN Kian.. / LAI Pei Jin..,8,1981,Supak JO.. / Supissara ..,12,1960
9/12/2022,Group B,MS,Anthony Sinisuka GINTI.. Rank 7 Elo 2338 (+21),21-12 / 23-21,LOH Kean Yew Rank 3 Elo 2278 (-21),38,https://badmintonranks.com/tournament?id=12828,2,BWF World Tour Finals 2022,Anthony Sinisuka GINTI..,7,2338,LOH Kean Yew,3,2278
9/12/2022,Group A,MD,ONG Yew.. / TEO Ee .. (3) Rank 8 Elo 2045 (+39),10-21 / 21-17 / 21-19,Fajar ALF.. / Muhamm.. (1) Rank 3 Elo 2237 (-38),53,https://badmintonranks.com/tournament?id=12828,2,BWF World Tour Finals 2022,ONG Yew.. / TEO Ee .. (3),8,2045,Fajar ALF.. / Muhamm.. (1),3,2237
9/12/2022,Group A,WD,Benyapa .. / Nuntakar.. (3) Rank 13 Elo 1956 (+38),21-15 / 21-8,JEONG .. / KIM Hye .. (1) Rank 5 Elo 2110 (-36),34,https://badmintonranks.com/tournament?id=12828,2,BWF World Tour Finals 2022,Benyapa .. / Nuntakar.. (3),13,1956,JEONG .. / KIM Hye .. (1),5,2110
9/12/2022,Group A,WD,Jongkolp.. / Rawinda .. Rank 6 Elo 2043 (+6),21-10 / 21-17,Vivian H.. / LIM Chiew.. Rank 24 Elo 1678 (-10),37,https://badmintonranks.com/tournament?id=12828,2,BWF World Tour Finals 2022,Jongkolp.. / Rawinda ..,6,2043,Vivian H.. / LIM Chiew..,24,1678
9/12/2022,Group B,MS,Jonatan CHRISTIE (4) Rank 5 Elo 2227 (+26),21-13 / 12-21 / 21-17,CHOU Tien Chen (2) Rank 4 Elo 2232 (-26),50,https://badmintonranks.com/tournament?id=12828,2,BWF World Tour Finals 2022,Jonatan CHRISTIE (4),5,2227,CHOU Tien Chen (2),4,2232
9/12/2022,Group B,WD,ZHANG .. / ZHENG .. (2) Rank 7 Elo 2102 (+29),21-19 / 20-22 / 21-9,Pearly TA.. / THINAAH .. Rank 9 Elo 2148 (-29),59,https://badmintonranks.com/tournament?id=12828,2,BWF World Tour Finals 2022,ZHANG .. / ZHENG .. (2),7,2102,Pearly TA.. / THINAAH ..,9,2148
9/12/2022,Group A,WS,CHEN Yu Fei (1) Rank 4 Elo 2449 (+26),21-16 / 21-12,AN Se Young (4) Rank 2 Elo 2464 (-26),40,https://badmintonranks.com/tournament?id=12828,2,BWF World Tour Finals 2022,CHEN Yu Fei (1),4,2449,AN Se Young (4),2,2464
9/12/2022,Group A,WS,Akane YAMAGUCHI Rank 1 Elo 2492 (+8),21-15 / 13-21 / 21-18,Gregoria Mariska TUNJ.. Rank 18 Elo 2194 (-7),61,https://badmintonranks.com/tournament?id=12828,2,BWF World Tour Finals 2022,Akane YAMAGUCHI,1,2492,Gregoria Mariska TUNJ..,18,2194
9/12/2022,Group B,WD,CHEN Qi.. / JIA Yi Fan (4) Rank 1 Elo 2330 (+12),21-16 / 21-16,Apriyani .. / Siti Fadia .. Rank 14 Elo 2129 (-12),37,https://badmintonranks.com/tournament?id=12828,2,BWF World Tour Finals 2022,CHEN Qi.. / JIA Yi Fan (4),1,2330,Apriyani .. / Siti Fadia ..,14,2129
8/12/2022,Group B,MD,LIU Yu C.. / OU Xuan .. (4) Rank 11 Elo 2099 (+29),23-21 / 22-24 / 21-16,Aaron CH.. / SOH Wooi.. Rank 4 Elo 2145 (-29),66,https://badmintonranks.com/tournament?id=12828,2,BWF World Tour Finals 2022,LIU Yu C.. / OU Xuan .. (4),11,2099,Aaron CH.. / SOH Wooi..,4,2145
8/12/2022,Group B,WS,HE Bing Jiao (3) Rank 5 Elo 2514 (+15),21-17 / 24-22,Ratchanok INTANON Rank 7 Elo 2374 (-15),48,https://badmintonranks.com/tournament?id=12828,2,BWF World Tour Finals 2022,HE Bing Jiao (3),5,2514,Ratchanok INTANON,7,2374
8/12/2022,Group A,MS,Viktor AXELSEN (1) Rank 1 Elo 2671 (+4),21-5 / 21-15,Kodai NARAOKA Rank 14 Elo 2241 (-4),33,https://badmintonranks.com/tournament?id=12828,2,BWF World Tour Finals 2022,Viktor AXELSEN (1),1,2671,Kodai NARAOKA,14,2241
8/12/2022,Group B,MD,Hendra S.. / Mohamm.. (2) Rank 6 Elo 2053 (+20),21-13 / 21-12,Kim AST.. / Anders Sk.. Rank 5 Elo 1964 (-20),26,https://badmintonranks.com/tournament?id=12828,2,BWF World Tour Finals 2022,Hendra S.. / Mohamm.. (2),6,2053,Kim AST.. / Anders Sk..,5,1964
8/12/2022,Group A,XD,Thom GI.. / Delphine .. Rank 10 Elo 2020 (+24),16-21 / 21-18 / 21-17,GOH Soo.. / LAI Shev.. (4) Rank 11 Elo 1987 (-24),60,https://badmintonranks.com/tournament?id=12828,2,BWF World Tour Finals 2022,Thom GI.. / Delphine ..,10,2020,GOH Soo.. / LAI Shev.. (4),11,1987
8/12/2022,Group A,XD,ZHENG .. / HUANG .. (1) Rank 3 Elo 2478 (+2),21-9 / 22-20,Rinov RI.. / Pitha Hani.. Rank 13 Elo 1944 (-2),33,https://badmintonranks.com/tournament?id=12828,3,BWF World Tour Finals 2022,ZHENG .. / HUANG .. (1),3,2478,Rinov RI.. / Pitha Hani..,13,1944
8/12/2022,Group A,WD,JEONG .. / KIM Hye .. (1) Rank 5 Elo 2086 (+24),21-14 / 21-12,Jongkolp.. / Rawinda .. Rank 6 Elo 2068 (-25),37,https://badmintonranks.com/tournament?id=12828,3,BWF World Tour Finals 2022,JEONG .. / KIM Hye .. (1),5,2086,Jongkolp.. / Rawinda ..,6,2068
8/12/2022,Group B,WS,TAI Tzu Ying (2) Rank 3 Elo 2441 (+8),22-20 / 21-16,Busanan ONGBAMRUN.. Rank 10 Elo 2156 (-8),44,https://badmintonranks.com/tournament?id=12828,3,BWF World Tour Finals 2022,TAI Tzu Ying (2),3,2441,Busanan ONGBAMRUN..,10,2156
8/12/2022,Group A,MS,LU Guang Zu Rank 17 Elo 2184 (+26),23-21 / 17-21 / 21-19,PRANNOY H. S. (3) Rank 12 Elo 2190 (-26),84,https://badmintonranks.com/tournament?id=12828,3,BWF World Tour Finals 2022,LU Guang Zu,17,2184,PRANNOY H. S. (3),12,2190
8/12/2022,Group B,XD,Dechapol.. / Sapsiree .. (2) Rank 1 Elo 2276 (+9),21-9 / 21-11,TAN Kian.. / LAI Pei Jin.. Rank 8 Elo 1989 (-8),29,https://badmintonranks.com/tournament?id=12828,3,BWF World Tour Finals 2022,Dechapol.. / Sapsiree .. (2),1,2276,TAN Kian.. / LAI Pei Jin..,8,1989
8/12/2022,Group A,WD,Benyapa .. / Nuntakar.. (3) Rank 13 Elo 1946 (+10),21-9 / 21-12,Vivian H.. / LIM Chiew.. Rank 24 Elo 1693 (-15),27,https://badmintonranks.com/tournament?id=12828,3,BWF World Tour Finals 2022,Benyapa .. / Nuntakar.. (3),13,1946,Vivian H.. / LIM Chiew..,24,1693
8/12/2022,Group B,MS,Jonatan CHRISTIE (4) Rank 5 Elo 2194 (+33),16-21 / 22-20 / 21-10,LOH Kean Yew Rank 3 Elo 2311 (-33),62,https://badmintonranks.com/tournament?id=12828,3,BWF World Tour Finals 2022,Jonatan CHRISTIE (4),5,2194,LOH Kean Yew,3,2311
8/12/2022,Group B,XD,WANG Yi.. / HUANG .. (3) Rank 4 Elo 2196 (+11),21-16 / 21-7,Supak JO.. / Supissara .. Rank 12 Elo 1972 (-12),29,https://badmintonranks.com/tournament?id=12828,3,BWF World Tour Finals 2022,WANG Yi.. / HUANG .. (3),4,2196,Supak JO.. / Supissara ..,12,1972
8/12/2022,Group A,MD,Fajar ALF.. / Muhamm.. (1) Rank 3 Elo 2219 (+18),21-18 / 21-15,Takuro H.. / Yugo KOB.. Rank 1 Elo 2113 (-18),37,https://badmintonranks.com/tournament?id=12828,3,BWF World Tour Finals 2022,Fajar ALF.. / Muhamm.. (1),3,2219,Takuro H.. / Yugo KOB..,1,2113
8/12/2022,Group A,MD,ONG Yew.. / TEO Ee .. (3) Rank 8 Elo 2020 (+25),21-17 / 23-21,CHOI Sol.. / KIM Won .. Rank 15 Elo 2004 (-25),40,https://badmintonranks.com/tournament?id=12828,3,BWF World Tour Finals 2022,ONG Yew.. / TEO Ee .. (3),8,2020,CHOI Sol.. / KIM Won ..,15,2004
8/12/2022,Group B,MS,Anthony Sinisuka GINTI.. Rank 7 Elo 2318 (+20),21-14 / 12-21 / 21-19,CHOU Tien Chen (2) Rank 4 Elo 2253 (-21),56,https://badmintonranks.com/tournament?id=12828,3,BWF World Tour Finals 2022,Anthony Sinisuka GINTI..,7,2318,CHOU Tien Chen (2),4,2253
8/12/2022,Group B,WD,ZHANG .. / ZHENG .. (2) Rank 7 Elo 2069 (+33),21-14 / 21-19,Apriyani .. / Siti Fadia .. Rank 14 Elo 2161 (-32),35,https://badmintonranks.com/tournament?id=12828,3,BWF World Tour Finals 2022,ZHANG .. / ZHENG .. (2),7,2069,Apriyani .. / Siti Fadia ..,14,2161
8/12/2022,Group A,WS,CHEN Yu Fei (1) Rank 4 Elo 2416 (+33),21-19 / 21-18,Akane YAMAGUCHI Rank 1 Elo 2525 (-33),49,https://badmintonranks.com/tournament?id=12828,3,BWF World Tour Finals 2022,CHEN Yu Fei (1),4,2416,Akane YAMAGUCHI,1,2525
8/12/2022,Group B,WD,CHEN Qi.. / JIA Yi Fan (4) Rank 1 Elo 2315 (+15),21-13 / 21-15,Pearly TA.. / THINAAH .. Rank 9 Elo 2163 (-15),42,https://badmintonranks.com/tournament?id=12828,3,BWF World Tour Finals 2022,CHEN Qi.. / JIA Yi Fan (4),1,2315,Pearly TA.. / THINAAH ..,9,2163
8/12/2022,Group A,WS,AN Se Young (4) Rank 2 Elo 2454 (+10),21-9 / 11-21 / 21-10,Gregoria Mariska TUNJ.. Rank 18 Elo 2204 (-10),52,https://badmintonranks.com/tournament?id=12828,3,BWF World Tour Finals 2022,AN Se Young (4),2,2454,Gregoria Mariska TUNJ..,18,2204
7/12/2022,Group A,XD,ZHENG .. / HUANG .. (1) Rank 3 Elo 2474 (+4),21-8 / 21-9,Thom GI.. / Delphine .. Rank 10 Elo 2023 (-3),25,https://badmintonranks.com/tournament?id=12828,3,BWF World Tour Finals 2022,ZHENG .. / HUANG .. (1),3,2474,Thom GI.. / Delphine ..,10,2023
7/12/2022,Group B,MD,Hendra S.. / Mohamm.. (2) Rank 6 Elo 2015 (+38),21-12 / 21-15,Aaron CH.. / SOH Wooi.. Rank 4 Elo 2182 (-37),32,https://badmintonranks.com/tournament?id=12828,3,BWF World Tour Finals 2022,Hendra S.. / Mohamm.. (2),6,2015,Aaron CH.. / SOH Wooi..,4,2182
7/12/2022,Group B,MD,LIU Yu C.. / OU Xuan .. (4) Rank 11 Elo 2080 (+19),21-11 / 21-19,Kim AST.. / Anders Sk.. Rank 5 Elo 1983 (-19),36,https://badmintonranks.com/tournament?id=12828,3,BWF World Tour Finals 2022,LIU Yu C.. / OU Xuan .. (4),11,2080,Kim AST.. / Anders Sk..,5,1983
7/12/2022,Group A,XD,Rinov RI.. / Pitha Hani.. Rank 13 Elo 1907 (+37),21-12 / 21-15,GOH Soo.. / LAI Shev.. (4) Rank 11 Elo 2022 (-35),35,https://badmintonranks.com/tournament?id=12828,3,BWF World Tour Finals 2022,Rinov RI.. / Pitha Hani..,13,1907,GOH Soo.. / LAI Shev.. (4),11,2022
7/12/2022,Group A,MS,Viktor AXELSEN (1) Rank 1 Elo 2668 (+3),21-13 / 21-11,LU Guang Zu Rank 17 Elo 2187 (-3),39,https://badmintonranks.com/tournament?id=12828,3,BWF World Tour Finals 2022,Viktor AXELSEN (1),1,2668,LU Guang Zu,17,2187
7/12/2022,Group A,MD,Takuro H.. / Yugo KOB.. Rank 1 Elo 2090 (+23),21-19 / 21-16,ONG Yew.. / TEO Ee .. (3) Rank 8 Elo 2043 (-23),39,https://badmintonranks.com/tournament?id=12828,4,BWF World Tour Finals 2022,Takuro H.. / Yugo KOB..,1,2090,ONG Yew.. / TEO Ee .. (3),8,2043
7/12/2022,Group A,MS,Kodai NARAOKA Rank 14 Elo 2216 (+25),21-12 / 9-21 / 21-17,PRANNOY H. S. (3) Rank 12 Elo 2215 (-25),60,https://badmintonranks.com/tournament?id=12828,4,BWF World Tour Finals 2022,Kodai NARAOKA,14,2216,PRANNOY H. S. (3),12,2215
7/12/2022,Group B,MS,LOH Kean Yew Rank 3 Elo 2287 (+24),21-15 / 21-17,CHOU Tien Chen (2) Rank 4 Elo 2277 (-24),42,https://badmintonranks.com/tournament?id=12828,4,BWF World Tour Finals 2022,LOH Kean Yew,3,2287,CHOU Tien Chen (2),4,2277
7/12/2022,Group A,WS,Akane YAMAGUCHI Rank 1 Elo 2502 (+23),21-18 / 21-16,AN Se Young (4) Rank 2 Elo 2478 (-24),42,https://badmintonranks.com/tournament?id=12828,4,BWF World Tour Finals 2022,Akane YAMAGUCHI,1,2502,AN Se Young (4),2,2478
7/12/2022,Group A,WD,Jongkolp.. / Rawinda .. Rank 6 Elo 2048 (+20),21-19 / 10-21 / 21-12,Benyapa .. / Nuntakar.. (3) Rank 13 Elo 1966 (-20),51,https://badmintonranks.com/tournament?id=12828,4,BWF World Tour Finals 2022,Jongkolp.. / Rawinda ..,6,2048,Benyapa .. / Nuntakar.. (3),13,1966
7/12/2022,Group B,WS,Ratchanok INTANON Rank 7 Elo 2362 (+12),21-15 / 21-13,Busanan ONGBAMRUN.. Rank 10 Elo 2169 (-13),40,https://badmintonranks.com/tournament?id=12828,4,BWF World Tour Finals 2022,Ratchanok INTANON,7,2362,Busanan ONGBAMRUN..,10,2169
7/12/2022,Group A,MD,Fajar ALF.. / Muhamm.. (1) Rank 3 Elo 2206 (+13),23-21 / 21-17,CHOI Sol.. / KIM Won .. Rank 15 Elo 2017 (-13),48,https://badmintonranks.com/tournament?id=12828,4,BWF World Tour Finals 2022,Fajar ALF.. / Muhamm.. (1),3,2206,CHOI Sol.. / KIM Won ..,15,2017
7/12/2022,Group B,MS,Anthony Sinisuka GINTI.. Rank 7 Elo 2298 (+20),6-21 / 21-10 / 21-9,Jonatan CHRISTIE (4) Rank 5 Elo 2213 (-19),47,https://badmintonranks.com/tournament?id=12828,4,BWF World Tour Finals 2022,Anthony Sinisuka GINTI..,7,2298,Jonatan CHRISTIE (4),5,2213
7/12/2022,Group A,WS,Gregoria Mariska TUNJ.. Rank 18 Elo 2161 (+43),21-9 / 14-21 / 21-16,CHEN Yu Fei (1) Rank 4 Elo 2459 (-43),56,https://badmintonranks.com/tournament?id=12828,4,BWF World Tour Finals 2022,Gregoria Mariska TUNJ..,18,2161,CHEN Yu Fei (1),4,2459
7/12/2022,Group B,XD,TAN Kian.. / LAI Pei Jin.. Rank 8 Elo 1943 (+46),23-21 / 14-21 / 21-16,WANG Yi.. / HUANG .. (3) Rank 4 Elo 2239 (-43),61,https://badmintonranks.com/tournament?id=12828,4,BWF World Tour Finals 2022,TAN Kian.. / LAI Pei Jin..,8,1943,WANG Yi.. / HUANG .. (3),4,2239
7/12/2022,Group A,WD,JEONG .. / KIM Hye .. (1) Rank 5 Elo 2080 (+6),21-18 / 21-13,Vivian H.. / LIM Chiew.. Rank 24 Elo 1702 (-9),43,https://badmintonranks.com/tournament?id=12828,4,BWF World Tour Finals 2022,JEONG .. / KIM Hye .. (1),5,2080,Vivian H.. / LIM Chiew..,24,1702
7/12/2022,Group B,WD,Apriyani .. / Siti Fadia .. Rank 14 Elo 2131 (+30),23-21 / 21-19,Pearly TA.. / THINAAH .. Rank 9 Elo 2193 (-30),47,https://badmintonranks.com/tournament?id=12828,4,BWF World Tour Finals 2022,Apriyani .. / Siti Fadia ..,14,2131,Pearly TA.. / THINAAH ..,9,2193
7/12/2022,Group B,WS,HE Bing Jiao (3) Rank 5 Elo 2490 (+24),21-19 / 21-19,TAI Tzu Ying (2) Rank 3 Elo 2464 (-23),47,https://badmintonranks.com/tournament?id=12828,4,BWF World Tour Finals 2022,HE Bing Jiao (3),5,2490,TAI Tzu Ying (2),3,2464
7/12/2022,Group B,XD,Dechapol.. / Sapsiree .. (2) Rank 1 Elo 2268 (+8),21-6 / 25-23,Supak JO.. / Supissara .. Rank 12 Elo 1980 (-8),46,https://badmintonranks.com/tournament?id=12828,4,BWF World Tour Finals 2022,Dechapol.. / Sapsiree .. (2),1,2268,Supak JO.. / Supissara ..,12,1980
7/12/2022,Group B,WD,CHEN Qi.. / JIA Yi Fan (4) Rank 1 Elo 2305 (+10),21-18 / 17-21 / 21-14,ZHANG .. / ZHENG .. (2) Rank 7 Elo 2081 (-12),58,https://badmintonranks.com/tournament?id=12828,4,BWF World Tour Finals 2022,CHEN Qi.. / JIA Yi Fan (4),1,2305,ZHANG .. / ZHENG .. (2),7,2081
5/12/2021,Final,MS,Viktor AXELSEN Rank 1 Elo 2611 (+5),21-12 / 21-8,Kunlavut VITIDSARN Rank 23 Elo 2199 (-5),43,https://badmintonranks.com/tournament?id=11068,1,BWF World Tour Finals 2021,Viktor AXELSEN,1,2611,Kunlavut VITIDSARN,23,2199
5/12/2021,Final,MD,Takuro H.. / Yugo KOB.. Rank 6 Elo 2277 (+34),21-16 / 13-21 / 21-17,Marcus G.. / Kevin SU.. Rank 1 Elo 2366 (-34),61,https://badmintonranks.com/tournament?id=11068,1,BWF World Tour Finals 2021,Takuro H.. / Yugo KOB..,6,2277,Marcus G.. / Kevin SU..,1,2366
5/12/2021,Final,WS,AN Se Young Rank 6 Elo 2475 (+17),21-16 / 21-12,PUSARLA V. Sindhu Rank 7 Elo 2342 (-18),39,https://badmintonranks.com/tournament?id=11068,1,BWF World Tour Finals 2021,AN Se Young,6,2475,PUSARLA V. Sindhu,7,2342
5/12/2021,Final,XD,Dechapol.. / Sapsiree .. Rank 2 Elo 2373 (+28),21-19 / 21-11,Yuta WAT.. / Arisa IGA.. Rank 4 Elo 2378 (-28),40,https://badmintonranks.com/tournament?id=11068,1,BWF World Tour Finals 2021,Dechapol.. / Sapsiree ..,2,2373,Yuta WAT.. / Arisa IGA..,4,2378
5/12/2021,Final,WD,KIM So Y.. / KONG He.. Rank 4 Elo 2148 (+36),21-14 / 21-14,Nami MA.. / Chiharu S.. Rank 7 Elo 2257 (-36),44,https://badmintonranks.com/tournament?id=11068,1,BWF World Tour Finals 2021,KIM So Y.. / KONG He..,4,2148,Nami MA.. / Chiharu S..,7,2257
4/12/2021,Semi final,MS,Viktor AXELSEN Rank 1 Elo 2608 (+3),21-13 / 21-11,Lakshya SEN Rank 21 Elo 2135 (-3),39,https://badmintonranks.com/tournament?id=11068,1,BWF World Tour Finals 2021,Viktor AXELSEN,1,2608,Lakshya SEN,21,2135
4/12/2021,Semi final,MD,Marcus G.. / Kevin SU.. Rank 1 Elo 2348 (+18),18-21 / 23-21 / 21-17,LEE Yang / WANG Ch.. Rank 3 Elo 2233 (-18),61,https://badmintonranks.com/tournament?id=11068,1,BWF World Tour Finals 2021,Marcus G.. / Kevin SU..,1,2348,LEE Yang / WANG Ch..,3,2233
4/12/2021,Semi final,MS,Kunlavut VITIDSARN Rank 23 Elo 2160 (+39),21-18 / 21-18,LEE Zii Jia Rank 8 Elo 2321 (-39),44,https://badmintonranks.com/tournament?id=11068,1,BWF World Tour Finals 2021,Kunlavut VITIDSARN,23,2160,LEE Zii Jia,8,2321
4/12/2021,Semi final,MD,Takuro H.. / Yugo KOB.. Rank 6 Elo 2263 (+14),21-18 / 21-15,ONG Yew.. / TEO Ee Yi Rank 12 Elo 2077 (-14),39,https://badmintonranks.com/tournament?id=11068,1,BWF World Tour Finals 2021,Takuro H.. / Yugo KOB..,6,2263,ONG Yew.. / TEO Ee Yi,12,2077
4/12/2021,Semi final,WS,PUSARLA V. Sindhu Rank 7 Elo 2301 (+41),21-15 / 15-21 / 21-19,Akane YAMAGUCHI Rank 3 Elo 2499 (-40),70,https://badmintonranks.com/tournament?id=11068,1,BWF World Tour Finals 2021,PUSARLA V. Sindhu,7,2301,Akane YAMAGUCHI,3,2499
4/12/2021,Semi final,XD,Dechapol.. / Sapsiree .. Rank 2 Elo 2369 (+4),21-8 / 21-18,CHAN Pe.. / GOH Liu .. Rank 9 Elo 1927 (-4),42,https://badmintonranks.com/tournament?id=11068,1,BWF World Tour Finals 2021,Dechapol.. / Sapsiree ..,2,2369,CHAN Pe.. / GOH Liu ..,9,1927
4/12/2021,Semi final,WS,AN Se Young Rank 6 Elo 2459 (+16),25-23 / 21-17,Pornpawee CHOCHUW.. Rank 10 Elo 2309 (-16),55,https://badmintonranks.com/tournament?id=11068,1,BWF World Tour Finals 2021,AN Se Young,6,2459,Pornpawee CHOCHUW..,10,2309
4/12/2021,Semi final,XD,Yuta WAT.. / Arisa IGA.. Rank 4 Elo 2367 (+11),19-21 / 21-9 / 21-19,TANG Ch.. / TSE Ying .. Rank 7 Elo 2122 (-10),67,https://badmintonranks.com/tournament?id=11068,1,BWF World Tour Finals 2021,Yuta WAT.. / Arisa IGA..,4,2367,TANG Ch.. / TSE Ying ..,7,2122
4/12/2021,Semi final,WD,Nami MA.. / Chiharu S.. Rank 7 Elo 2234 (+23),21-14 / 13-21 / 23-21,Greysia P.. / Apriyani R.. Rank 6 Elo 2180 (-23),76,https://badmintonranks.com/tournament?id=11068,1,BWF World Tour Finals 2021,Nami MA.. / Chiharu S..,7,2234,Greysia P.. / Apriyani R..,6,2180
4/12/2021,Semi final,WD,KIM So Y.. / KONG He.. Rank 4 Elo 2148 (+0),W.O.,Gabriela .. / Stefani ST.. Rank 11 Elo 1949 (-1),0,https://badmintonranks.com/tournament?id=11068,1,BWF World Tour Finals 2021,KIM So Y.. / KONG He..,4,2148,Gabriela .. / Stefani ST..,11,1949
3/12/2021,Group B,MD,Pramudy.. / Yeremia E.. Rank 27 Elo 1957 (+8),21-15 / 21-16,Christo P.. / Toma Juni.. Rank 31 Elo 1658 (-14),39,https://badmintonranks.com/tournament?id=11068,1,BWF World Tour Finals 2021,Pramudy.. / Yeremia E..,27,1957,Christo P.. / Toma Juni..,31,1658
3/12/2021,Group A,MD,Marcus G.. / Kevin SU.. (1) Rank 1 Elo 2341 (+7),21-15 / 18-21 / 21-9,Kim AST.. / Anders Sk.. Rank 10 Elo 2040 (-8),69,https://badmintonranks.com/tournament?id=11068,1,BWF World Tour Finals 2021,Marcus G.. / Kevin SU.. (1),1,2341,Kim AST.. / Anders Sk..,10,2040
3/12/2021,Group A,MD,LEE Yang / WANG Ch.. Rank 3 Elo 2233 (+0),W.O.,Satwiksai.. / Chirag SH.. Rank 9 Elo 2048 (-1),0,https://badmintonranks.com/tournament?id=11068,1,BWF World Tour Finals 2021,LEE Yang / WANG Ch..,3,2233,Satwiksai.. / Chirag SH..,9,2048
3/12/2021,Group A,MS,Lakshya SEN Rank 21 Elo 2135 (+0),W.O.,Rasmus GEMKE Rank 10 Elo 2151 (-2),0,https://badmintonranks.com/tournament?id=11068,1,BWF World Tour Finals 2021,Lakshya SEN,21,2135,Rasmus GEMKE,10,2151
3/12/2021,Group B,MD,Takuro H.. / Yugo KO.. (2) Rank 6 Elo 2249 (+14),21-19 / 12-21 / 21-10,ONG Yew.. / TEO Ee Yi Rank 12 Elo 2091 (-14),54,https://badmintonranks.com/tournament?id=11068,1,BWF World Tour Finals 2021,Takuro H.. / Yugo KO.. (2),6,2249,ONG Yew.. / TEO Ee Yi,12,2091
3/12/2021,Group B,XD,Dechapol.. / Sapsiree .. (2) Rank 2 Elo 2366 (+3),21-18 / 21-13,Marcus E.. / Lauren S.. Rank 8 Elo 1880 (-4),40,https://badmintonranks.com/tournament?id=11068,2,BWF World Tour Finals 2021,Dechapol.. / Sapsiree .. (2),2,2366,Marcus E.. / Lauren S..,8,1880
3/12/2021,Group A,XD,Yuta WAT.. / Arisa IGA.. (1) Rank 4 Elo 2363 (+4),21-11 / 21-12,CHAN Pe.. / GOH Liu .. Rank 9 Elo 1931 (-4),33,https://badmintonranks.com/tournament?id=11068,2,BWF World Tour Finals 2021,Yuta WAT.. / Arisa IGA.. (1),4,2363,CHAN Pe.. / GOH Liu ..,9,1931
3/12/2021,Group B,XD,TANG Ch.. / TSE Ying .. Rank 7 Elo 2100 (+22),21-11 / 21-15,Praveen .. / Melati Dae.. Rank 5 Elo 2053 (-23),30,https://badmintonranks.com/tournament?id=11068,2,BWF World Tour Finals 2021,TANG Ch.. / TSE Ying ..,7,2100,Praveen .. / Melati Dae..,5,2053
3/12/2021,Group A,XD,Mathias .. / Alexandra .. Rank 14 Elo 1979 (+22),21-15 / 21-17,TAN Kian.. / LAI Pei Jin.. Rank 11 Elo 1924 (-23),48,https://badmintonranks.com/tournament?id=11068,2,BWF World Tour Finals 2021,Mathias .. / Alexandra ..,14,1979,TAN Kian.. / LAI Pei Jin..,11,1924
3/12/2021,Group A,WS,Pornpawee CHOCHU.. (1) Rank 10 Elo 2281 (+28),21-12 / 19-21 / 21-14,PUSARLA V. Sindhu Rank 7 Elo 2330 (-29),71,https://badmintonranks.com/tournament?id=11068,2,BWF World Tour Finals 2021,Pornpawee CHOCHU.. (1),10,2281,PUSARLA V. Sindhu,7,2330
3/12/2021,Group A,WS,Line CHRISTOPHERSEN Rank 27 Elo 1887 (+29),21-11 / 21-14,Yvonne LI Rank 24 Elo 1896 (-29),33,https://badmintonranks.com/tournament?id=11068,2,BWF World Tour Finals 2021,Line CHRISTOPHERSEN,27,1887,Yvonne LI,24,1896
3/12/2021,Group A,MS,Viktor AXELSEN (1) Rank 1 Elo 2608 (+0),W.O.,Kento MOMOTA Rank 2 Elo 2468 (-1),0,https://badmintonranks.com/tournament?id=11068,2,BWF World Tour Finals 2021,Viktor AXELSEN (1),1,2608,Kento MOMOTA,2,2468
3/12/2021,Group B,WS,AN Se Young Rank 6 Elo 2459 (+0),W.O.,YEO Jia Min Rank 17 Elo 2024 (-0),0,https://badmintonranks.com/tournament?id=11068,2,BWF World Tour Finals 2021,AN Se Young,6,2459,YEO Jia Min,17,2024
3/12/2021,Group A,WD,KIM So Y.. / KONG He.. Rank 4 Elo 2138 (+10),18-21 / 22-20 / 21-8,Jongkolp.. / Rawinda .. (1) Rank 9 Elo 1897 (-11),81,https://badmintonranks.com/tournament?id=11068,2,BWF World Tour Finals 2021,KIM So Y.. / KONG He..,4,2138,Jongkolp.. / Rawinda .. (1),9,1897
3/12/2021,Group B,WD,Ashwini P.. / REDDY Si.. Rank 24 Elo 1676 (+54),21-19 / 9-21 / 21-14,Chloe CO.. / Lauren S.. Rank 13 Elo 1760 (-43),64,https://badmintonranks.com/tournament?id=11068,2,BWF World Tour Finals 2021,Ashwini P.. / REDDY Si..,24,1676,Chloe CO.. / Lauren S..,13,1760
3/12/2021,Group A,WD,Greysia P.. / Apriyani R.. Rank 6 Elo 2173 (+7),21-18 / 21-11,Pearly TA.. / THINAAH .. Rank 17 Elo 1848 (-8),46,https://badmintonranks.com/tournament?id=11068,2,BWF World Tour Finals 2021,Greysia P.. / Apriyani R..,6,2173,Pearly TA.. / THINAAH ..,17,1848
3/12/2021,Group B,MS,Kunlavut VITIDSARN Rank 23 Elo 2149 (+11),21-12 / 20-22 / 21-5,Toma Junior POPOV Rank 33 Elo 1919 (-11),75,https://badmintonranks.com/tournament?id=11068,2,BWF World Tour Finals 2021,Kunlavut VITIDSARN,23,2149,Toma Junior POPOV,33,1919
3/12/2021,Group B,WS,Akane YAMAGUCHI (2) Rank 3 Elo 2493 (+6),21-18 / 21-18,Busanan ONGBAMRUN.. Rank 12 Elo 2147 (-6),41,https://badmintonranks.com/tournament?id=11068,2,BWF World Tour Finals 2021,Akane YAMAGUCHI (2),3,2493,Busanan ONGBAMRUN..,12,2147
3/12/2021,Group B,MS,LEE Zii Jia (2) Rank 8 Elo 2306 (+15),21-19 / 21-14,KIDAMBI Srikanth Rank 14 Elo 2156 (-15),37,https://badmintonranks.com/tournament?id=11068,2,BWF World Tour Finals 2021,LEE Zii Jia (2),8,2306,KIDAMBI Srikanth,14,2156
3/12/2021,Group B,WD,Nami MA.. / Chiharu .. (2) Rank 7 Elo 2225 (+9),21-9 / 21-16,Gabriela .. / Stefani ST.. Rank 11 Elo 1959 (-10),36,https://badmintonranks.com/tournament?id=11068,2,BWF World Tour Finals 2021,Nami MA.. / Chiharu .. (2),7,2225,Gabriela .. / Stefani ST..,11,1959
2/12/2021,Group B,XD,Dechapol.. / Sapsiree .. (2) Rank 2 Elo 2357 (+9),21-14 / 20-22 / 21-19,TANG Ch.. / TSE Ying .. Rank 7 Elo 2110 (-10),72,https://badmintonranks.com/tournament?id=11068,2,BWF World Tour Finals 2021,Dechapol.. / Sapsiree .. (2),2,2357,TANG Ch.. / TSE Ying ..,7,2110
2/12/2021,Group A,MD,LEE Yang / WANG Ch.. Rank 3 Elo 2219 (+14),21-13 / 21-12,Kim AST.. / Anders Sk.. Rank 10 Elo 2054 (-14),37,https://badmintonranks.com/tournament?id=11068,2,BWF World Tour Finals 2021,LEE Yang / WANG Ch..,3,2219,Kim AST.. / Anders Sk..,10,2054
2/12/2021,Group A,MD,Marcus G.. / Kevin SU.. (1) Rank 1 Elo 2341 (+0),W.O.,Satwiksai.. / Chirag SH.. Rank 9 Elo 2049 (-1),0,https://badmintonranks.com/tournament?id=11068,2,BWF World Tour Finals 2021,Marcus G.. / Kevin SU.. (1),1,2341,Satwiksai.. / Chirag SH..,9,2049
2/12/2021,Group A,MS,Viktor AXELSEN (1) Rank 1 Elo 2605 (+3),21-15 / 21-14,Lakshya SEN Rank 21 Elo 2139 (-4),46,https://badmintonranks.com/tournament?id=11068,2,BWF World Tour Finals 2021,Viktor AXELSEN (1),1,2605,Lakshya SEN,21,2139
2/12/2021,Group B,XD,Praveen .. / Melati Dae.. Rank 5 Elo 2037 (+16),21-16 / 21-13,Marcus E.. / Lauren S.. Rank 8 Elo 1897 (-17),33,https://badmintonranks.com/tournament?id=11068,2,BWF World Tour Finals 2021,Praveen .. / Melati Dae..,5,2037,Marcus E.. / Lauren S..,8,1897
2/12/2021,Group B,MD,Takuro H.. / Yugo KO.. (2) Rank 6 Elo 2247 (+2),21-9 / 21-15,Christo P.. / Toma Juni.. Rank 31 Elo 1661 (-3),47,https://badmintonranks.com/tournament?id=11068,3,BWF World Tour Finals 2021,Takuro H.. / Yugo KO.. (2),6,2247,Christo P.. / Toma Juni..,31,1661
2/12/2021,Group B,MD,ONG Yew.. / TEO Ee Yi Rank 12 Elo 2073 (+18),12-21 / 21-11 / 21-18,Pramudy.. / Yeremia E.. Rank 27 Elo 1976 (-19),56,https://badmintonranks.com/tournament?id=11068,3,BWF World Tour Finals 2021,ONG Yew.. / TEO Ee Yi,12,2073,Pramudy.. / Yeremia E..,27,1976
2/12/2021,Group A,XD,Yuta WAT.. / Arisa IGA.. (1) Rank 4 Elo 2360 (+3),21-16 / 21-10,TAN Kian.. / LAI Pei Jin.. Rank 11 Elo 1928 (-4),41,https://badmintonranks.com/tournament?id=11068,3,BWF World Tour Finals 2021,Yuta WAT.. / Arisa IGA.. (1),4,2360,TAN Kian.. / LAI Pei Jin..,11,1928
2/12/2021,Group A,WS,PUSARLA V. Sindhu Rank 7 Elo 2326 (+4),21-10 / 21-13,Yvonne LI Rank 24 Elo 1901 (-5),31,https://badmintonranks.com/tournament?id=11068,3,BWF World Tour Finals 2021,PUSARLA V. Sindhu,7,2326,Yvonne LI,24,1901
2/12/2021,Group A,WS,Pornpawee CHOCHU.. (1) Rank 10 Elo 2276 (+5),22-20 / 23-21,Line CHRISTOPHERSEN Rank 27 Elo 1892 (-5),45,https://badmintonranks.com/tournament?id=11068,3,BWF World Tour Finals 2021,Pornpawee CHOCHU.. (1),10,2276,Line CHRISTOPHERSEN,27,1892
2/12/2021,Group A,XD,CHAN Pe.. / GOH Liu .. Rank 9 Elo 1893 (+38),21-17 / 19-21 / 21-16,Mathias .. / Alexandra .. Rank 14 Elo 2014 (-35),84,https://badmintonranks.com/tournament?id=11068,3,BWF World Tour Finals 2021,CHAN Pe.. / GOH Liu ..,9,1893,Mathias .. / Alexandra ..,14,2014
2/12/2021,Group A,WD,Pearly TA.. / THINAAH .. Rank 17 Elo 1804 (+44),23-21 / 21-14,Jongkolp.. / Rawinda .. (1) Rank 9 Elo 1934 (-37),59,https://badmintonranks.com/tournament?id=11068,3,BWF World Tour Finals 2021,Pearly TA.. / THINAAH ..,17,1804,Jongkolp.. / Rawinda .. (1),9,1934
2/12/2021,Group B,MS,Kunlavut VITIDSARN Rank 23 Elo 2118 (+31),21-18 / 21-7,KIDAMBI Srikanth Rank 14 Elo 2186 (-30),46,https://badmintonranks.com/tournament?id=11068,3,BWF World Tour Finals 2021,Kunlavut VITIDSARN,23,2118,KIDAMBI Srikanth,14,2186
2/12/2021,Group A,WD,KIM So Y.. / KONG He.. Rank 4 Elo 2105 (+33),21-15 / 21-18,Greysia P.. / Apriyani R.. Rank 6 Elo 2206 (-33),55,https://badmintonranks.com/tournament?id=11068,3,BWF World Tour Finals 2021,KIM So Y.. / KONG He..,4,2105,Greysia P.. / Apriyani R..,6,2206
2/12/2021,Group B,WD,Gabriela .. / Stefani ST.. Rank 11 Elo 1949 (+10),21-19 / 22-20,Ashwini P.. / REDDY Si.. Rank 24 Elo 1692 (-16),53,https://badmintonranks.com/tournament?id=11068,3,BWF World Tour Finals 2021,Gabriela .. / Stefani ST..,11,1949,Ashwini P.. / REDDY Si..,24,1692
2/12/2021,Group B,WS,Akane YAMAGUCHI (2) Rank 3 Elo 2467 (+26),21-14 / 18-21 / 21-16,AN Se Young Rank 6 Elo 2485 (-26),56,https://badmintonranks.com/tournament?id=11068,3,BWF World Tour Finals 2021,Akane YAMAGUCHI (2),3,2467,AN Se Young,6,2485
2/12/2021,Group B,MS,LEE Zii Jia (2) Rank 8 Elo 2300 (+6),21-13 / 21-19,Toma Junior POPOV Rank 33 Elo 1925 (-6),47,https://badmintonranks.com/tournament?id=11068,3,BWF World Tour Finals 2021,LEE Zii Jia (2),8,2300,Toma Junior POPOV,33,1925
2/12/2021,Group B,WS,Busanan ONGBAMRUN.. Rank 12 Elo 2140 (+7),21-7 / 15-9 Ret.,YEO Jia Min Rank 17 Elo 2032 (-8),31,https://badmintonranks.com/tournament?id=11068,3,BWF World Tour Finals 2021,Busanan ONGBAMRUN..,12,2140,YEO Jia Min,17,2032
2/12/2021,Group B,WD,Nami MA.. / Chiharu .. (2) Rank 7 Elo 2221 (+4),22-20 / 21-14,Chloe CO.. / Lauren S.. Rank 13 Elo 1765 (-5),45,https://badmintonranks.com/tournament?id=11068,3,BWF World Tour Finals 2021,Nami MA.. / Chiharu .. (2),7,2221,Chloe CO.. / Lauren S..,13,1765
1/12/2021,Group A,MS,Lakshya SEN Rank 21 Elo 2130 (+9),1-1 Ret.,Kento MOMOTA Rank 2 Elo 2477 (-9),1,https://badmintonranks.com/tournament?id=11068,3,BWF World Tour Finals 2021,Lakshya SEN,21,2130,Kento MOMOTA,2,2477
1/12/2021,Group A,MD,Kim AST.. / Anders Sk.. Rank 10 Elo 2024 (+30),21-16 / 21-5,Satwiksai.. / Chirag SH.. Rank 9 Elo 2079 (-30),40,https://badmintonranks.com/tournament?id=11068,3,BWF World Tour Finals 2021,Kim AST.. / Anders Sk..,10,2024,Satwiksai.. / Chirag SH..,9,2079
1/12/2021,Group A,MD,Marcus G.. / Kevin SU.. (1) Rank 1 Elo 2321 (+20),23-21 / 21-19,LEE Yang / WANG Ch.. Rank 3 Elo 2239 (-20),44,https://badmintonranks.com/tournament?id=11068,3,BWF World Tour Finals 2021,Marcus G.. / Kevin SU.. (1),1,2321,LEE Yang / WANG Ch..,3,2239
1/12/2021,Group A,MS,Viktor AXELSEN (1) Rank 1 Elo 2604 (+1),5-1 Ret.,Rasmus GEMKE Rank 10 Elo 2152 (-1),3,https://badmintonranks.com/tournament?id=11068,3,BWF World Tour Finals 2021,Viktor AXELSEN (1),1,2604,Rasmus GEMKE,10,2152
1/12/2021,Group B,XD,Dechapol.. / Sapsiree .. (2) Rank 2 Elo 2349 (+8),21-14 / 10-21 / 21-11,Praveen .. / Melati Dae.. Rank 5 Elo 2044 (-7),52,https://badmintonranks.com/tournament?id=11068,3,BWF World Tour Finals 2021,Dechapol.. / Sapsiree .. (2),2,2349,Praveen .. / Melati Dae..,5,2044
1/12/2021,Group B,MD,ONG Yew.. / TEO Ee Yi Rank 12 Elo 2068 (+5),21-16 / 21-19,Christo P.. / Toma Juni.. Rank 31 Elo 1669 (-8),46,https://badmintonranks.com/tournament?id=11068,3,BWF World Tour Finals 2021,ONG Yew.. / TEO Ee Yi,12,2068,Christo P.. / Toma Juni..,31,1669
1/12/2021,Group B,XD,TANG Ch.. / TSE Ying .. Rank 7 Elo 2097 (+13),21-11 / 21-16,Marcus E.. / Lauren S.. Rank 8 Elo 1911 (-14),37,https://badmintonranks.com/tournament?id=11068,4,BWF World Tour Finals 2021,TANG Ch.. / TSE Ying ..,7,2097,Marcus E.. / Lauren S..,8,1911
1/12/2021,Group B,MD,Takuro H.. / Yugo KO.. (2) Rank 6 Elo 2237 (+10),21-14 / 21-19,Pramudy.. / Yeremia E.. Rank 27 Elo 1987 (-11),42,https://badmintonranks.com/tournament?id=11068,4,BWF World Tour Finals 2021,Takuro H.. / Yugo KO.. (2),6,2237,Pramudy.. / Yeremia E..,27,1987
1/12/2021,Group A,WS,PUSARLA V. Sindhu Rank 7 Elo 2322 (+4),21-14 / 21-16,Line CHRISTOPHERSEN Rank 27 Elo 1897 (-5),38,https://badmintonranks.com/tournament?id=11068,4,BWF World Tour Finals 2021,PUSARLA V. Sindhu,7,2322,Line CHRISTOPHERSEN,27,1897
1/12/2021,Group A,XD,Yuta WAT.. / Arisa IGA.. (1) Rank 4 Elo 2353 (+7),21-12 / 21-15,Mathias .. / Alexandra .. Rank 14 Elo 2021 (-7),36,https://badmintonranks.com/tournament?id=11068,4,BWF World Tour Finals 2021,Yuta WAT.. / Arisa IGA.. (1),4,2353,Mathias .. / Alexandra ..,14,2021
1/12/2021,Group A,WS,Pornpawee CHOCHU.. (1) Rank 10 Elo 2270 (+6),21-18 / 21-18,Yvonne LI Rank 24 Elo 1907 (-6),49,https://badmintonranks.com/tournament?id=11068,4,BWF World Tour Finals 2021,Pornpawee CHOCHU.. (1),10,2270,Yvonne LI,24,1907
1/12/2021,Group A,XD,CHAN Pe.. / GOH Liu .. Rank 9 Elo 1855 (+38),21-14 / 21-13,TAN Kian.. / LAI Pei Jin.. Rank 11 Elo 1964 (-36),38,https://badmintonranks.com/tournament?id=11068,4,BWF World Tour Finals 2021,CHAN Pe.. / GOH Liu ..,9,1855,TAN Kian.. / LAI Pei Jin..,11,1964
1/12/2021,Group B,MS,LEE Zii Jia (2) Rank 8 Elo 2286 (+14),21-15 / 21-16,Kunlavut VITIDSARN Rank 23 Elo 2133 (-15),51,https://badmintonranks.com/tournament?id=11068,4,BWF World Tour Finals 2021,LEE Zii Jia (2),8,2286,Kunlavut VITIDSARN,23,2133
1/12/2021,Group A,WD,Greysia P.. / Apriyani R.. Rank 6 Elo 2196 (+10),21-15 / 21-12,Jongkolp.. / Rawinda .. (1) Rank 9 Elo 1945 (-11),37,https://badmintonranks.com/tournament?id=11068,4,BWF World Tour Finals 2021,Greysia P.. / Apriyani R..,6,2196,Jongkolp.. / Rawinda .. (1),9,1945
1/12/2021,Group A,WD,KIM So Y.. / KONG He.. Rank 4 Elo 2096 (+9),21-14 / 21-14,Pearly TA.. / THINAAH .. Rank 17 Elo 1814 (-10),45,https://badmintonranks.com/tournament?id=11068,4,BWF World Tour Finals 2021,KIM So Y.. / KONG He..,4,2096,Pearly TA.. / THINAAH ..,17,1814
1/12/2021,Group B,MS,KIDAMBI Srikanth Rank 14 Elo 2176 (+10),21-14 / 21-16,Toma Junior POPOV Rank 33 Elo 1936 (-11),42,https://badmintonranks.com/tournament?id=11068,4,BWF World Tour Finals 2021,KIDAMBI Srikanth,14,2176,Toma Junior POPOV,33,1936
1/12/2021,Group B,WS,Akane YAMAGUCHI (2) Rank 3 Elo 2463 (+4),21-11 / 21-14,YEO Jia Min Rank 17 Elo 2036 (-4),34,https://badmintonranks.com/tournament?id=11068,4,BWF World Tour Finals 2021,Akane YAMAGUCHI (2),3,2463,YEO Jia Min,17,2036
1/12/2021,Group B,WD,Gabriela .. / Stefani ST.. Rank 11 Elo 1932 (+17),21-12 / 21-11,Chloe CO.. / Lauren S.. Rank 13 Elo 1785 (-20),38,https://badmintonranks.com/tournament?id=11068,4,BWF World Tour Finals 2021,Gabriela .. / Stefani ST..,11,1932,Chloe CO.. / Lauren S..,13,1785
1/12/2021,Group B,WS,AN Se Young Rank 6 Elo 2479 (+6),21-16 / 21-5,Busanan ONGBAMRUN.. Rank 12 Elo 2147 (-7),37,https://badmintonranks.com/tournament?id=11068,4,BWF World Tour Finals 2021,AN Se Young,6,2479,Busanan ONGBAMRUN..,12,2147
1/12/2021,Group B,WD,Nami MA.. / Chiharu .. (2) Rank 7 Elo 2219 (+2),21-14 / 21-18,Ashwini P.. / REDDY Si.. Rank 24 Elo 1696 (-4),43,https://badmintonranks.com/tournament?id=11068,4,BWF World Tour Finals 2021,Nami MA.. / Chiharu .. (2),7,2219,Ashwini P.. / REDDY Si..,24,1696
31/1/2021,Final,XD,Dechapol.. / Sapsiree .. Rank 3 Elo 2280 (+11),21-18 / 8-21 / 21-8,SEO Seu.. / CHAE Yu .. Rank 6 Elo 2199 (-11),57,https://badmintonranks.com/tournament?id=10618,1,BWF World Tour Finals 2020,Dechapol.. / Sapsiree ..,3,2280,SEO Seu.. / CHAE Yu ..,6,2199
31/1/2021,Final,MS,Anders ANTONSEN Rank 3 Elo 2395 (+19),21-16 / 5-21 / 21-17,Viktor AXELSEN Rank 4 Elo 2559 (-19),60,https://badmintonranks.com/tournament?id=10618,1,BWF World Tour Finals 2020,Anders ANTONSEN,3,2395,Viktor AXELSEN,4,2559
31/1/2021,Final,WS,TAI Tzu Ying Rank 1 Elo 2587 (+11),14-21 / 21-8 / 21-19,Carolina MARIN Rank 6 Elo 2515 (-11),67,https://badmintonranks.com/tournament?id=10618,1,BWF World Tour Finals 2020,TAI Tzu Ying,1,2587,Carolina MARIN,6,2515
31/1/2021,Final,MD,LEE Yang / WANG Ch.. Rank 7 Elo 2281 (+14),21-17 / 23-21,Hendra S.. / Mohamma.. Rank 2 Elo 2299 (-14),37,https://badmintonranks.com/tournament?id=10618,1,BWF World Tour Finals 2020,LEE Yang / WANG Ch..,7,2281,Hendra S.. / Mohamma..,2,2299
31/1/2021,Final,WD,LEE So H.. / SHIN Seu.. Rank 4 Elo 2201 (+14),15-21 / 26-24 / 21-19,KIM So Y.. / KONG He.. Rank 6 Elo 2215 (-14),92,https://badmintonranks.com/tournament?id=10618,1,BWF World Tour Finals 2020,LEE So H.. / SHIN Seu..,4,2201,KIM So Y.. / KONG He..,6,2215
30/1/2021,Semi final,XD,SEO Seu.. / CHAE Yu .. Rank 6 Elo 2190 (+9),21-19 / 21-8,GOH Soo.. / LAI Shevo.. Rank 12 Elo 2051 (-8),39,https://badmintonranks.com/tournament?id=10618,1,BWF World Tour Finals 2020,SEO Seu.. / CHAE Yu ..,6,2190,GOH Soo.. / LAI Shevo..,12,2051
30/1/2021,Semi final,MS,Viktor AXELSEN Rank 4 Elo 2553 (+6),21-16 / 21-9,CHOU Tien Chen Rank 2 Elo 2358 (-7),45,https://badmintonranks.com/tournament?id=10618,1,BWF World Tour Finals 2020,Viktor AXELSEN,4,2553,CHOU Tien Chen,2,2358
30/1/2021,Semi final,XD,Dechapol.. / Sapsiree .. Rank 3 Elo 2275 (+5),21-15 / 21-17,Thom GI.. / Delphine .. Rank 15 Elo 2030 (-6),44,https://badmintonranks.com/tournament?id=10618,1,BWF World Tour Finals 2020,Dechapol.. / Sapsiree ..,3,2275,Thom GI.. / Delphine ..,15,2030
30/1/2021,Semi final,MS,Anders ANTONSEN Rank 3 Elo 2387 (+8),21-18 / 14-21 / 21-16,WANG Tzu Wei Rank 12 Elo 2234 (-8),80,https://badmintonranks.com/tournament?id=10618,1,BWF World Tour Finals 2020,Anders ANTONSEN,3,2387,WANG Tzu Wei,12,2234
30/1/2021,Semi final,WS,Carolina MARIN Rank 6 Elo 2510 (+5),21-13 / 21-13,Pornpawee CHOCHUW.. Rank 13 Elo 2244 (-5),40,https://badmintonranks.com/tournament?id=10618,1,BWF World Tour Finals 2020,Carolina MARIN,6,2510,Pornpawee CHOCHUW..,13,2244
30/1/2021,Semi final,MD,LEE Yang / WANG Ch.. Rank 7 Elo 2277 (+4),22-20 / 21-17,Ben LANE / Sean VEN.. Rank 32 Elo 1955 (-4),42,https://badmintonranks.com/tournament?id=10618,1,BWF World Tour Finals 2020,LEE Yang / WANG Ch..,7,2277,Ben LANE / Sean VEN..,32,1955
30/1/2021,Semi final,WS,TAI Tzu Ying Rank 1 Elo 2582 (+5),21-18 / 21-12,AN Se Young Rank 9 Elo 2321 (-5),37,https://badmintonranks.com/tournament?id=10618,1,BWF World Tour Finals 2020,TAI Tzu Ying,1,2582,AN Se Young,9,2321
30/1/2021,Semi final,MD,Hendra S.. / Mohamma.. Rank 2 Elo 2292 (+7),23-21 / 21-13,CHOI Sol.. / SEO Seun.. Rank 8 Elo 2109 (-7),34,https://badmintonranks.com/tournament?id=10618,1,BWF World Tour Finals 2020,Hendra S.. / Mohamma..,2,2292,CHOI Sol.. / SEO Seun..,8,2109
30/1/2021,Semi final,WD,KIM So Y.. / KONG He.. Rank 6 Elo 2209 (+6),21-11 / 12-21 / 21-16,Jongkolp.. / Rawinda .. Rank 11 Elo 1990 (-6),69,https://badmintonranks.com/tournament?id=10618,1,BWF World Tour Finals 2020,KIM So Y.. / KONG He..,6,2209,Jongkolp.. / Rawinda ..,11,1990
30/1/2021,Semi final,WD,LEE So H.. / SHIN Seu.. Rank 4 Elo 2196 (+5),21-14 / 21-15,CHOW M.. / LEE Meng.. Rank 14 Elo 1908 (-4),49,https://badmintonranks.com/tournament?id=10618,1,BWF World Tour Finals 2020,LEE So H.. / SHIN Seu..,4,2196,CHOW M.. / LEE Meng..,14,1908
29/1/2021,Group A,XD,Dechapol.. / Sapsiree .. (3) Rank 3 Elo 2270 (+5),21-12 / 21-11,Marcus E.. / Lauren S.. (1) Rank 9 Elo 2036 (-5),36,https://badmintonranks.com/tournament?id=10618,1,BWF World Tour Finals 2020,Dechapol.. / Sapsiree .. (3),3,2270,Marcus E.. / Lauren S.. (1),9,2036
29/1/2021,Group B,XD,Thom GI.. / Delphine .. (4) Rank 15 Elo 2021 (+9),21-10 / 21-15,Mark LA.. / Isabel LO.. (2) Rank 17 Elo 1900 (-9),32,https://badmintonranks.com/tournament?id=10618,1,BWF World Tour Finals 2020,Thom GI.. / Delphine .. (4),15,2021,Mark LA.. / Isabel LO.. (2),17,1900
29/1/2021,Group A,MS,Viktor AXELSEN (1) Rank 4 Elo 2546 (+7),21-10 / 21-14,CHOU Tien Chen (3) Rank 2 Elo 2364 (-6),36,https://badmintonranks.com/tournament?id=10618,1,BWF World Tour Finals 2020,Viktor AXELSEN (1),4,2546,CHOU Tien Chen (3),2,2364
29/1/2021,Group A,XD,SEO Seu.. / CHAE Yu .. Rank 6 Elo 2176 (+14),21-10 / 21-13,Praveen .. / Melati Dae.. Rank 4 Elo 2212 (-14),28,https://badmintonranks.com/tournament?id=10618,1,BWF World Tour Finals 2020,SEO Seu.. / CHAE Yu ..,6,2176,Praveen .. / Melati Dae..,4,2212
29/1/2021,Group A,WS,Evgeniya KOSETSKAYA Rank 25 Elo 1883 (+25),25-23 / 21-10,Michelle LI Rank 10 Elo 2252 (-23),34,https://badmintonranks.com/tournament?id=10618,1,BWF World Tour Finals 2020,Evgeniya KOSETSKAYA,25,1883,Michelle LI,10,2252
29/1/2021,Group B,WS,TAI Tzu Ying (2) Rank 1 Elo 2576 (+6),23-25 / 21-12 / 21-9,Ratchanok INTANON (3) Rank 5 Elo 2388 (-7),57,https://badmintonranks.com/tournament?id=10618,2,BWF World Tour Finals 2020,TAI Tzu Ying (2),1,2576,Ratchanok INTANON (3),5,2388
29/1/2021,Group B,MS,WANG Tzu Wei (4) Rank 12 Elo 2215 (+19),21-11 / 21-19,Anders ANTONSEN (2) Rank 3 Elo 2406 (-19),38,https://badmintonranks.com/tournament?id=10618,2,BWF World Tour Finals 2020,WANG Tzu Wei (4),12,2215,Anders ANTONSEN (2),3,2406
29/1/2021,Group B,XD,GOH Soo.. / LAI Shevo.. Rank 12 Elo 2038 (+13),17-21 / 21-13 / 21-13,Hafiz FAI.. / Gloria Em.. Rank 8 Elo 2052 (-14),57,https://badmintonranks.com/tournament?id=10618,2,BWF World Tour Finals 2020,GOH Soo.. / LAI Shevo..,12,2038,Hafiz FAI.. / Gloria Em..,8,2052
29/1/2021,Group B,WS,PUSARLA V. Sindhu Rank 7 Elo 2280 (+12),21-18 / 21-15,Pornpawee CHOCHUW.. Rank 13 Elo 2255 (-11),42,https://badmintonranks.com/tournament?id=10618,2,BWF World Tour Finals 2020,PUSARLA V. Sindhu,7,2280,Pornpawee CHOCHUW..,13,2255
29/1/2021,Group A,MS,Anthony Sinisuka GINTI.. Rank 6 Elo 2377 (+9),21-12 / 15-21 / 21-13,LEE Zii Jia Rank 10 Elo 2289 (-9),50,https://badmintonranks.com/tournament?id=10618,2,BWF World Tour Finals 2020,Anthony Sinisuka GINTI..,6,2377,LEE Zii Jia,10,2289
29/1/2021,Group A,MD,Ben LANE / Sean VEN.. Rank 32 Elo 1936 (+19),21-15 / 21-13,ONG Yew.. / TEO Ee .. (4) Rank 15 Elo 2072 (-18),38,https://badmintonranks.com/tournament?id=10618,2,BWF World Tour Finals 2020,Ben LANE / Sean VEN..,32,1936,ONG Yew.. / TEO Ee .. (4),15,2072
29/1/2021,Group A,WS,AN Se Young (4) Rank 9 Elo 2301 (+20),21-16 / 14-21 / 21-19,Carolina MARIN (1) Rank 6 Elo 2530 (-20),55,https://badmintonranks.com/tournament?id=10618,2,BWF World Tour Finals 2020,AN Se Young (4),9,2301,Carolina MARIN (1),6,2530
29/1/2021,Group B,MD,Hendra S.. / Mohamm.. (3) Rank 2 Elo 2285 (+7),18-21 / 21-17 / 21-11,Aaron CH.. / SOH Wo.. (2) Rank 9 Elo 2142 (-8),45,https://badmintonranks.com/tournament?id=10618,2,BWF World Tour Finals 2020,Hendra S.. / Mohamm.. (3),2,2285,Aaron CH.. / SOH Wo.. (2),9,2142
29/1/2021,Group B,MS,NG Ka Long Angus Rank 8 Elo 2291 (+6),12-21 / 21-18 / 21-19,KIDAMBI Srikanth Rank 14 Elo 2098 (-6),65,https://badmintonranks.com/tournament?id=10618,2,BWF World Tour Finals 2020,NG Ka Long Angus,8,2291,KIDAMBI Srikanth,14,2098
29/1/2021,Group A,WD,CHOW M.. / LEE Meng.. Rank 14 Elo 1884 (+24),21-13 / 21-17,Greysia P.. / Apriyani .. (1) Rank 8 Elo 2174 (-21),49,https://badmintonranks.com/tournament?id=10618,2,BWF World Tour Finals 2020,CHOW M.. / LEE Meng..,14,1884,Greysia P.. / Apriyani .. (1),8,2174
29/1/2021,Group A,MD,LEE Yang / WANG C.. (1) Rank 7 Elo 2273 (+4),21-17 / 21-13,Marcus E.. / Chris LAN.. Rank 22 Elo 1988 (-4),41,https://badmintonranks.com/tournament?id=10618,2,BWF World Tour Finals 2020,LEE Yang / WANG C.. (1),7,2273,Marcus E.. / Chris LAN..,22,1988
29/1/2021,Group B,WD,Jongkolp.. / Rawinda .. Rank 11 Elo 1986 (+4),21-13 / 21-14,Linda EF.. / Isabel LO.. Rank 31 Elo 1696 (-6),39,https://badmintonranks.com/tournament?id=10618,2,BWF World Tour Finals 2020,Jongkolp.. / Rawinda ..,11,1986,Linda EF.. / Isabel LO..,31,1696
29/1/2021,Group B,WD,KIM So Y.. / KONG H.. (2) Rank 6 Elo 2206 (+3),21-14 / 21-18,Chloe CO.. / Lauren S.. (4) Rank 18 Elo 1857 (-3),45,https://badmintonranks.com/tournament?id=10618,2,BWF World Tour Finals 2020,KIM So Y.. / KONG H.. (2),6,2206,Chloe CO.. / Lauren S.. (4),18,1857
29/1/2021,Group A,WD,LEE So H.. / SHIN Se.. (3) Rank 4 Elo 2194 (+2),21-12 / 21-16,Vivian H.. / YAP Chen.. Rank 25 Elo 1790 (-3),40,https://badmintonranks.com/tournament?id=10618,2,BWF World Tour Finals 2020,LEE So H.. / SHIN Se.. (3),4,2194,Vivian H.. / YAP Chen..,25,1790
29/1/2021,Group B,MD,CHOI Sol.. / SEO Seun.. Rank 8 Elo 2102 (+7),21-11 / 17-21 / 21-16,Vladimir I.. / Ivan SOZ.. Rank 24 Elo 1955 (-8),55,https://badmintonranks.com/tournament?id=10618,2,BWF World Tour Finals 2020,CHOI Sol.. / SEO Seun..,8,2102,Vladimir I.. / Ivan SOZ..,24,1955
28/1/2021,Group A,XD,Praveen .. / Melati Dae.. Rank 4 Elo 2205 (+7),22-20 / 21-19,Marcus E.. / Lauren S.. (1) Rank 9 Elo 2044 (-8),42,https://badmintonranks.com/tournament?id=10618,2,BWF World Tour Finals 2020,Praveen .. / Melati Dae..,4,2205,Marcus E.. / Lauren S.. (1),9,2044
28/1/2021,Group A,MS,Viktor AXELSEN (1) Rank 4 Elo 2541 (+5),21-15 / 21-4,LEE Zii Jia Rank 10 Elo 2294 (-5),32,https://badmintonranks.com/tournament?id=10618,2,BWF World Tour Finals 2020,Viktor AXELSEN (1),4,2541,LEE Zii Jia,10,2294
28/1/2021,Group B,XD,Hafiz FAI.. / Gloria Em.. Rank 8 Elo 2044 (+8),15-21 / 22-20 / 21-15,Mark LA.. / Isabel LO.. (2) Rank 17 Elo 1909 (-9),68,https://badmintonranks.com/tournament?id=10618,2,BWF World Tour Finals 2020,Hafiz FAI.. / Gloria Em..,8,2044,Mark LA.. / Isabel LO.. (2),17,1909
28/1/2021,Group A,XD,SEO Seu.. / CHAE Yu .. Rank 6 Elo 2159 (+17),21-17 / 21-17,Dechapol.. / Sapsiree .. (3) Rank 3 Elo 2287 (-17),49,https://badmintonranks.com/tournament?id=10618,2,BWF World Tour Finals 2020,SEO Seu.. / CHAE Yu ..,6,2159,Dechapol.. / Sapsiree .. (3),3,2287
28/1/2021,Group B,MS,Anders ANTONSEN (2) Rank 3 Elo 2396 (+10),21-19 / 21-16,NG Ka Long Angus Rank 8 Elo 2300 (-9),46,https://badmintonranks.com/tournament?id=10618,2,BWF World Tour Finals 2020,Anders ANTONSEN (2),3,2396,NG Ka Long Angus,8,2300
28/1/2021,Group A,MS,CHOU Tien Chen (3) Rank 2 Elo 2350 (+14),21-19 / 21-11,Anthony Sinisuka GINTI.. Rank 6 Elo 2391 (-14),45,https://badmintonranks.com/tournament?id=10618,3,BWF World Tour Finals 2020,CHOU Tien Chen (3),2,2350,Anthony Sinisuka GINTI..,6,2391
28/1/2021,Group B,XD,Thom GI.. / Delphine .. (4) Rank 15 Elo 2006 (+15),21-17 / 21-9,GOH Soo.. / LAI Shevo.. Rank 12 Elo 2052 (-14),36,https://badmintonranks.com/tournament?id=10618,3,BWF World Tour Finals 2020,Thom GI.. / Delphine .. (4),15,2006,GOH Soo.. / LAI Shevo..,12,2052
28/1/2021,Group B,WS,Pornpawee CHOCHUW.. Rank 13 Elo 2233 (+22),21-17 / 21-11,TAI Tzu Ying (2) Rank 1 Elo 2598 (-22),37,https://badmintonranks.com/tournament?id=10618,3,BWF World Tour Finals 2020,Pornpawee CHOCHUW..,13,2233,TAI Tzu Ying (2),1,2598
28/1/2021,Group A,WS,AN Se Young (4) Rank 9 Elo 2299 (+2),21-13 / 21-17,Evgeniya KOSETSKAYA Rank 25 Elo 1885 (-2),35,https://badmintonranks.com/tournament?id=10618,3,BWF World Tour Finals 2020,AN Se Young (4),9,2299,Evgeniya KOSETSKAYA,25,1885
28/1/2021,Group A,WD,Greysia P.. / Apriyani .. (1) Rank 8 Elo 2172 (+2),21-17 / 21-7,Vivian H.. / YAP Chen.. Rank 25 Elo 1793 (-3),35,https://badmintonranks.com/tournament?id=10618,3,BWF World Tour Finals 2020,Greysia P.. / Apriyani .. (1),8,2172,Vivian H.. / YAP Chen..,25,1793
28/1/2021,Group A,WD,LEE So H.. / SHIN Se.. (3) Rank 4 Elo 2190 (+4),21-15 / 21-17,CHOW M.. / LEE Meng.. Rank 14 Elo 1889 (-5),46,https://badmintonranks.com/tournament?id=10618,3,BWF World Tour Finals 2020,LEE So H.. / SHIN Se.. (3),4,2190,CHOW M.. / LEE Meng..,14,1889
28/1/2021,Group B,WS,Ratchanok INTANON (3) Rank 5 Elo 2378 (+10),21-18 / 21-13,PUSARLA V. Sindhu Rank 7 Elo 2290 (-10),43,https://badmintonranks.com/tournament?id=10618,3,BWF World Tour Finals 2020,Ratchanok INTANON (3),5,2378,PUSARLA V. Sindhu,7,2290
28/1/2021,Group B,MS,WANG Tzu Wei (4) Rank 12 Elo 2206 (+9),19-21 / 21-9 / 21-19,KIDAMBI Srikanth Rank 14 Elo 2108 (-10),78,https://badmintonranks.com/tournament?id=10618,3,BWF World Tour Finals 2020,WANG Tzu Wei (4),12,2206,KIDAMBI Srikanth,14,2108
28/1/2021,Group A,WS,Carolina MARIN (1) Rank 6 Elo 2525 (+5),21-16 / 21-13,Michelle LI Rank 10 Elo 2256 (-4),35,https://badmintonranks.com/tournament?id=10618,3,BWF World Tour Finals 2020,Carolina MARIN (1),6,2525,Michelle LI,10,2256
28/1/2021,Group B,MD,Vladimir I.. / Ivan SOZ.. Rank 24 Elo 1933 (+22),21-19 / 21-16,Aaron CH.. / SOH Wo.. (2) Rank 9 Elo 2162 (-20),33,https://badmintonranks.com/tournament?id=10618,3,BWF World Tour Finals 2020,Vladimir I.. / Ivan SOZ..,24,1933,Aaron CH.. / SOH Wo.. (2),9,2162
28/1/2021,Group B,WD,KIM So Y.. / KONG H.. (2) Rank 6 Elo 2200 (+6),21-12 / 21-14,Jongkolp.. / Rawinda .. Rank 11 Elo 1992 (-6),49,https://badmintonranks.com/tournament?id=10618,3,BWF World Tour Finals 2020,KIM So Y.. / KONG H.. (2),6,2200,Jongkolp.. / Rawinda ..,11,1992
28/1/2021,Group B,WD,Chloe CO.. / Lauren S.. (4) Rank 18 Elo 1848 (+9),20-22 / 21-16 / 21-12,Linda EF.. / Isabel LO.. Rank 31 Elo 1708 (-12),68,https://badmintonranks.com/tournament?id=10618,3,BWF World Tour Finals 2020,Chloe CO.. / Lauren S.. (4),18,1848,Linda EF.. / Isabel LO..,31,1708
28/1/2021,Group A,MD,ONG Yew.. / TEO Ee .. (4) Rank 15 Elo 2061 (+11),21-19 / 21-18,Marcus E.. / Chris LAN.. Rank 22 Elo 1999 (-11),53,https://badmintonranks.com/tournament?id=10618,3,BWF World Tour Finals 2020,ONG Yew.. / TEO Ee .. (4),15,2061,Marcus E.. / Chris LAN..,22,1999
28/1/2021,Group A,MD,LEE Yang / WANG C.. (1) Rank 7 Elo 2270 (+3),21-14 / 21-18,Ben LANE / Sean VEN.. Rank 32 Elo 1940 (-4),41,https://badmintonranks.com/tournament?id=10618,3,BWF World Tour Finals 2020,LEE Yang / WANG C.. (1),7,2270,Ben LANE / Sean VEN..,32,1940
28/1/2021,Group B,MD,CHOI Sol.. / SEO Seun.. Rank 8 Elo 2082 (+20),21-19 / 21-16,Hendra S.. / Mohamm.. (3) Rank 2 Elo 2304 (-19),36,https://badmintonranks.com/tournament?id=10618,3,BWF World Tour Finals 2020,CHOI Sol.. / SEO Seun..,8,2082,Hendra S.. / Mohamm.. (3),2,2304
27/1/2021,Group A,MS,Viktor AXELSEN (1) Rank 4 Elo 2533 (+8),21-17 / 21-8,Anthony Sinisuka GINTI.. Rank 6 Elo 2399 (-8),39,https://badmintonranks.com/tournament?id=10618,3,BWF World Tour Finals 2020,Viktor AXELSEN (1),4,2533,Anthony Sinisuka GINTI..,6,2399
27/1/2021,Group B,XD,GOH Soo.. / LAI Shevo.. Rank 12 Elo 2044 (+8),14-21 / 21-18 / 21-18,Mark LA.. / Isabel LO.. (2) Rank 17 Elo 1918 (-9),55,https://badmintonranks.com/tournament?id=10618,3,BWF World Tour Finals 2020,GOH Soo.. / LAI Shevo..,12,2044,Mark LA.. / Isabel LO.. (2),17,1918
27/1/2021,Group A,XD,Dechapol.. / Sapsiree .. (3) Rank 3 Elo 2276 (+11),21-13 / 16-21 / 21-11,Praveen .. / Melati Dae.. Rank 4 Elo 2216 (-11),54,https://badmintonranks.com/tournament?id=10618,3,BWF World Tour Finals 2020,Dechapol.. / Sapsiree .. (3),3,2276,Praveen .. / Melati Dae..,4,2216
27/1/2021,Group A,XD,SEO Seu.. / CHAE Yu .. Rank 6 Elo 2150 (+9),21-12 / 21-12,Marcus E.. / Lauren S.. (1) Rank 9 Elo 2053 (-9),37,https://badmintonranks.com/tournament?id=10618,3,BWF World Tour Finals 2020,SEO Seu.. / CHAE Yu ..,6,2150,Marcus E.. / Lauren S.. (1),9,2053
27/1/2021,Group B,WS,Pornpawee CHOCHUW.. Rank 13 Elo 2214 (+19),15-21 / 21-11 / 21-18,Ratchanok INTANON (3) Rank 5 Elo 2397 (-19),62,https://badmintonranks.com/tournament?id=10618,3,BWF World Tour Finals 2020,Pornpawee CHOCHUW..,13,2214,Ratchanok INTANON (3),5,2397
27/1/2021,Group A,MS,CHOU Tien Chen (3) Rank 2 Elo 2339 (+11),21-16 / 12-21 / 21-11,LEE Zii Jia Rank 10 Elo 2306 (-12),57,https://badmintonranks.com/tournament?id=10618,4,BWF World Tour Finals 2020,CHOU Tien Chen (3),2,2339,LEE Zii Jia,10,2306
27/1/2021,Group B,MS,WANG Tzu Wei (4) Rank 12 Elo 2189 (+17),21-10 / 21-14,NG Ka Long Angus Rank 8 Elo 2317 (-17),40,https://badmintonranks.com/tournament?id=10618,4,BWF World Tour Finals 2020,WANG Tzu Wei (4),12,2189,NG Ka Long Angus,8,2317
27/1/2021,Group B,XD,Thom GI.. / Delphine .. (4) Rank 15 Elo 1990 (+16),14-21 / 21-14 / 21-17,Hafiz FAI.. / Gloria Em.. Rank 8 Elo 2059 (-15),68,https://badmintonranks.com/tournament?id=10618,4,BWF World Tour Finals 2020,Thom GI.. / Delphine .. (4),15,1990,Hafiz FAI.. / Gloria Em..,8,2059
27/1/2021,Group A,WD,Greysia P.. / Apriyani .. (1) Rank 8 Elo 2157 (+15),21-17 / 22-24 / 21-15,LEE So H.. / SHIN Se.. (3) Rank 4 Elo 2205 (-15),94,https://badmintonranks.com/tournament?id=10618,4,BWF World Tour Finals 2020,Greysia P.. / Apriyani .. (1),8,2157,LEE So H.. / SHIN Se.. (3),4,2205
27/1/2021,Group B,MS,Anders ANTONSEN (2) Rank 3 Elo 2392 (+4),15-21 / 21-16 / 21-18,KIDAMBI Srikanth Rank 14 Elo 2112 (-4),77,https://badmintonranks.com/tournament?id=10618,4,BWF World Tour Finals 2020,Anders ANTONSEN (2),3,2392,KIDAMBI Srikanth,14,2112
27/1/2021,Group A,WS,Carolina MARIN (1) Rank 6 Elo 2525 (+0),21-19 / 21-14,Evgeniya KOSETSKAYA Rank 25 Elo 1886 (-1),40,https://badmintonranks.com/tournament?id=10618,4,BWF World Tour Finals 2020,Carolina MARIN (1),6,2525,Evgeniya KOSETSKAYA,25,1886
27/1/2021,Group B,WS,TAI Tzu Ying (2) Rank 1 Elo 2595 (+3),19-21 / 21-12 / 21-17,PUSARLA V. Sindhu Rank 7 Elo 2294 (-4),59,https://badmintonranks.com/tournament?id=10618,4,BWF World Tour Finals 2020,TAI Tzu Ying (2),1,2595,PUSARLA V. Sindhu,7,2294
27/1/2021,Group B,MD,Hendra S.. / Mohamm.. (3) Rank 2 Elo 2302 (+2),21-18 / 15-21 / 21-17,Vladimir I.. / Ivan SOZ.. Rank 24 Elo 1936 (-3),52,https://badmintonranks.com/tournament?id=10618,4,BWF World Tour Finals 2020,Hendra S.. / Mohamm.. (3),2,2302,Vladimir I.. / Ivan SOZ..,24,1936
27/1/2021,Group A,WS,AN Se Young (4) Rank 9 Elo 2287 (+12),21-12 / 21-17,Michelle LI Rank 10 Elo 2268 (-12),40,https://badmintonranks.com/tournament?id=10618,4,BWF World Tour Finals 2020,AN Se Young (4),9,2287,Michelle LI,10,2268
27/1/2021,Group A,MD,LEE Yang / WANG C.. (1) Rank 7 Elo 2264 (+6),21-18 / 24-22,ONG Yew.. / TEO Ee .. (4) Rank 15 Elo 2068 (-7),40,https://badmintonranks.com/tournament?id=10618,4,BWF World Tour Finals 2020,LEE Yang / WANG C.. (1),7,2264,ONG Yew.. / TEO Ee .. (4),15,2068
27/1/2021,Group A,WD,CHOW M.. / LEE Meng.. Rank 14 Elo 1877 (+12),21-16 / 10-21 / 21-15,Vivian H.. / YAP Chen.. Rank 25 Elo 1806 (-13),66,https://badmintonranks.com/tournament?id=10618,4,BWF World Tour Finals 2020,CHOW M.. / LEE Meng..,14,1877,Vivian H.. / YAP Chen..,25,1806
27/1/2021,Group B,WD,KIM So Y.. / KONG H.. (2) Rank 6 Elo 2199 (+1),21-11 / 19-21 / 21-11,Linda EF.. / Isabel LO.. Rank 31 Elo 1711 (-3),59,https://badmintonranks.com/tournament?id=10618,4,BWF World Tour Finals 2020,KIM So Y.. / KONG H.. (2),6,2199,Linda EF.. / Isabel LO..,31,1711
27/1/2021,Group A,MD,Ben LANE / Sean VEN.. Rank 32 Elo 1922 (+18),22-20 / 21-15,Marcus E.. / Chris LAN.. Rank 22 Elo 2016 (-17),53,https://badmintonranks.com/tournament?id=10618,4,BWF World Tour Finals 2020,Ben LANE / Sean VEN..,32,1922,Marcus E.. / Chris LAN..,22,2016
27/1/2021,Group B,WD,Jongkolp.. / Rawinda .. Rank 11 Elo 1983 (+9),21-10 / 21-11,Chloe CO.. / Lauren S.. (4) Rank 18 Elo 1858 (-10),33,https://badmintonranks.com/tournament?id=10618,4,BWF World Tour Finals 2020,Jongkolp.. / Rawinda ..,11,1983,Chloe CO.. / Lauren S.. (4),18,1858
27/1/2021,Group B,MD,Aaron CH.. / SOH Wo.. (2) Rank 9 Elo 2151 (+11),21-14 / 21-19,CHOI Sol.. / SEO Seun.. Rank 8 Elo 2092 (-10),38,https://badmintonranks.com/tournament?id=10618,4,BWF World Tour Finals 2020,Aaron CH.. / SOH Wo.. (2),9,2151,CHOI Sol.. / SEO Seun..,8,2092
