date,round,type,winner_raw,score,loser_raw,duration,tournament_url,page_number,tournament_name,winner_name,winner_rank,winner_elo,loser_name,loser_rank,loser_elo
8/3/2026,Final,MD,KIM Won .. / SEO Seu.. (1) Rank 1 Elo 2491 (+7),18-21 / 21-12 / 21-19,Aaron CH.. / SOH Wo.. (2) Rank 2 Elo 2142 (-6),63,https://badmintonranks.com/tournament?id=14702,1,All England Open 2026,KIM Won .. / SEO Seu.. (1),1.0,2491,Aaron CH.. / SOH Wo.. (2),2.0,2142
8/3/2026,Final,WS,WANG Zhi Yi (2) Rank 2 Elo 2584 (+46),21-15 / 21-19,AN Se Young (1) Rank 1 Elo 2859 (-46),59,https://badmintonranks.com/tournament?id=14702,1,All England Open 2026,WANG Zhi Yi (2),2.0,2584,AN Se Young (1),1.0,2859
8/3/2026,Final,WD,LIU Shen.. / TAN Ning (1) Rank 1 Elo 2472 (+19),21-18 / 21-12,BAEK Ha.. / LEE So H.. (4) Rank 4 Elo 2359 (-20),59,https://badmintonranks.com/tournament?id=14702,1,All England Open 2026,LIU Shen.. / TAN Ning (1),1.0,2472,BAEK Ha.. / LEE So H.. (4),4.0,2359
8/3/2026,Final,MS,LIN Chun-Yi Rank 11 Elo 2327 (+26),21-15 / 22-20,Lakshya SEN Rank 12 Elo 2300 (-26),57,https://badmintonranks.com/tournament?id=14702,1,All England Open 2026,LIN Chun-Yi,11.0,2327,Lakshya SEN,12.0,2300
8/3/2026,Final,XD,YE Hong .. / Nicole Go.. Rank 15 Elo 2009 (+39),21-19 / 21-18,Thom GI.. / Delphine .. (5) Rank 5 Elo 2127 (-38),46,https://badmintonranks.com/tournament?id=14702,1,All England Open 2026,YE Hong .. / Nicole Go..,15.0,2009,Thom GI.. / Delphine .. (5),5.0,2127
7/3/2026,Semi final,MD,KIM Won .. / SEO Seu.. (1) Rank 1 Elo 2486 (+5),21-19 / 21-13,Raymond.. / Nikolaus J.. Rank 17 Elo 2108 (-5),48,https://badmintonranks.com/tournament?id=14702,1,All England Open 2026,KIM Won .. / SEO Seu.. (1),1.0,2486,Raymond.. / Nikolaus J..,17.0,2108
7/3/2026,Semi final,WS,WANG Zhi Yi (2) Rank 2 Elo 2560 (+24),21-15 / 21-19,Akane YAMAGUCHI (4) Rank 4 Elo 2510 (-24),43,https://badmintonranks.com/tournament?id=14702,1,All England Open 2026,WANG Zhi Yi (2),2.0,2560,Akane YAMAGUCHI (4),4.0,2510
7/3/2026,Semi final,MD,Aaron CH.. / SOH Wo.. (2) Rank 2 Elo 2118 (+24),21-11 / 21-19,CHEN Bo.. / LIU Yi Rank 11 Elo 2071 (-24),42,https://badmintonranks.com/tournament?id=14702,1,All England Open 2026,Aaron CH.. / SOH Wo.. (2),2.0,2118,CHEN Bo.. / LIU Yi,11.0,2071
7/3/2026,Semi final,WS,AN Se Young (1) Rank 1 Elo 2850 (+9),20-22 / 21-9 / 21-12,CHEN Yu Fei (3) Rank 3 Elo 2584 (-10),73,https://badmintonranks.com/tournament?id=14702,1,All England Open 2026,AN Se Young (1),1.0,2850,CHEN Yu Fei (3),3.0,2584
7/3/2026,Semi final,WD,LIU Shen.. / TAN Ning (1) Rank 1 Elo 2455 (+17),18-21 / 21-17 / 22-20,JIA Yi Fan / ZHANG .. (3) Rank 3 Elo 2319 (-17),90,https://badmintonranks.com/tournament?id=14702,1,All England Open 2026,LIU Shen.. / TAN Ning (1),1.0,2455,JIA Yi Fan / ZHANG .. (3),3.0,2319
7/3/2026,Semi final,WD,BAEK Ha.. / LEE So H.. (4) Rank 4 Elo 2338 (+21),21-17 / 21-18,Pearly TA.. / THINAAH.. (2) Rank 2 Elo 2247 (-20),69,https://badmintonranks.com/tournament?id=14702,1,All England Open 2026,BAEK Ha.. / LEE So H.. (4),4.0,2338,Pearly TA.. / THINAAH.. (2),2.0,2247
7/3/2026,Semi final,MS,Lakshya SEN Rank 12 Elo 2279 (+21),21-16 / 18-21 / 21-15,Victor LAI Rank 16 Elo 2190 (-21),97,https://badmintonranks.com/tournament?id=14702,1,All England Open 2026,Lakshya SEN,12.0,2279,Victor LAI,16.0,2190
7/3/2026,Semi final,XD,YE Hong .. / Nicole Go.. Rank 15 Elo 1967 (+42),16-21 / 21-15 / 21-13,TANG Ch.. / TSE Ying.. (7) Rank 7 Elo 2127 (-40),65,https://badmintonranks.com/tournament?id=14702,1,All England Open 2026,YE Hong .. / Nicole Go..,15.0,1967,TANG Ch.. / TSE Ying.. (7),7.0,2127
7/3/2026,Semi final,MS,LIN Chun-Yi Rank 11 Elo 2286 (+41),21-14 / 18-21 / 21-16,Kunlavut VITIDSARN (2) Rank 2 Elo 2473 (-41),78,https://badmintonranks.com/tournament?id=14702,1,All England Open 2026,LIN Chun-Yi,11.0,2286,Kunlavut VITIDSARN (2),2.0,2473
7/3/2026,Semi final,XD,Thom GI.. / Delphine .. (5) Rank 5 Elo 2098 (+29),11-21 / 21-18 / 21-12,GUO Xin .. / CHEN Fa.. (6) Rank 6 Elo 2106 (-29),69,https://badmintonranks.com/tournament?id=14702,1,All England Open 2026,Thom GI.. / Delphine .. (5),5.0,2098,GUO Xin .. / CHEN Fa.. (6),6.0,2106
6/3/2026,Quarter final,MD,KIM Won .. / SEO Seu.. (1) Rank 1 Elo 2483 (+3),16-21 / 21-7 / 21-14,Christo P.. / Toma Juni.. Rank 25 Elo 1952 (-3),67,https://badmintonranks.com/tournament?id=14702,1,All England Open 2026,KIM Won .. / SEO Seu.. (1),1.0,2483,Christo P.. / Toma Juni..,25.0,1952
6/3/2026,Quarter final,WD,LIU Shen.. / TAN Ning (1) Rank 1 Elo 2453 (+2),21-11 / 21-16,HSIEH P.. / HUNG E.. (8) Rank 9 Elo 1929 (-3),51,https://badmintonranks.com/tournament?id=14702,1,All England Open 2026,LIU Shen.. / TAN Ning (1),1.0,2453,HSIEH P.. / HUNG E.. (8),9.0,1929
6/3/2026,Quarter final,WD,JIA Yi Fan / ZHANG .. (3) Rank 3 Elo 2316 (+3),21-17 / 22-20,Sayaka H.. / Ayako SA.. Rank Elo 1836 (-4),59,https://badmintonranks.com/tournament?id=14702,1,All England Open 2026,JIA Yi Fan / ZHANG .. (3),3.0,2316,Sayaka H.. / Ayako SA..,,1836
6/3/2026,Quarter final,WS,WANG Zhi Yi (2) Rank 2 Elo 2556 (+4),21-13 / 8-21 / 21-16,Tomoka MIYAZAKI Rank 9 Elo 2157 (-5),68,https://badmintonranks.com/tournament?id=14702,1,All England Open 2026,WANG Zhi Yi (2),2.0,2556,Tomoka MIYAZAKI,9.0,2157
6/3/2026,Quarter final,WS,Akane YAMAGUCHI (4) Rank 4 Elo 2507 (+3),13-21 / 21-17 / 21-10,Line CHRISTOPHERSEN Rank 23 Elo 2028 (-3),56,https://badmintonranks.com/tournament?id=14702,1,All England Open 2026,Akane YAMAGUCHI (4),4.0,2507,Line CHRISTOPHERSEN,23.0,2028
6/3/2026,Quarter final,MS,Victor LAI Rank 16 Elo 2159 (+31),18-21 / 21-17 / 21-15,Koki WATANABE Rank 24 Elo 2209 (-31),79,https://badmintonranks.com/tournament?id=14702,2,All England Open 2026,Victor LAI,16.0,2159,Koki WATANABE,24.0,2209
6/3/2026,Quarter final,XD,TANG Ch.. / TSE Ying.. (7) Rank 7 Elo 2113 (+14),21-18 / 19-21 / 21-15,Mads VE.. / Christine .. Rank 20 Elo 1918 (-15),70,https://badmintonranks.com/tournament?id=14702,2,All England Open 2026,TANG Ch.. / TSE Ying.. (7),7.0,2113,Mads VE.. / Christine ..,20.0,1918
6/3/2026,Quarter final,MD,Raymond.. / Nikolaus J.. Rank 17 Elo 2072 (+36),21-18 / 21-12,LIANG W.. / WANG C.. (3) Rank 3 Elo 2188 (-36),36,https://badmintonranks.com/tournament?id=14702,2,All England Open 2026,Raymond.. / Nikolaus J..,17.0,2072,LIANG W.. / WANG C.. (3),3.0,2188
6/3/2026,Quarter final,WD,Pearly TA.. / THINAAH.. (2) Rank 2 Elo 2236 (+11),21-9 / 21-18,Febriana .. / Meilysa Tri.. Rank 21 Elo 2009 (-12),43,https://badmintonranks.com/tournament?id=14702,2,All England Open 2026,Pearly TA.. / THINAAH.. (2),2.0,2236,Febriana .. / Meilysa Tri..,21.0,2009
6/3/2026,Quarter final,MS,Lakshya SEN Rank 12 Elo 2251 (+28),21-13 / 21-16,LI Shi Feng (6) Rank 6 Elo 2263 (-28),60,https://badmintonranks.com/tournament?id=14702,2,All England Open 2026,Lakshya SEN,12.0,2251,LI Shi Feng (6),6.0,2263
6/3/2026,Quarter final,XD,YE Hong .. / Nicole Go.. Rank 15 Elo 1939 (+28),21-15 / 21-12,Pakkapo.. / Sapsiree .. Rank 28 Elo 1923 (-28),33,https://badmintonranks.com/tournament?id=14702,2,All England Open 2026,YE Hong .. / Nicole Go..,15.0,1939,Pakkapo.. / Sapsiree ..,28.0,1923
6/3/2026,Quarter final,WD,BAEK Ha.. / LEE So H.. (4) Rank 4 Elo 2315 (+23),21-18 / 21-7,Yuki FUK.. / Mayu MA.. (5) Rank 6 Elo 2264 (-23),50,https://badmintonranks.com/tournament?id=14702,2,All England Open 2026,BAEK Ha.. / LEE So H.. (4),4.0,2315,Yuki FUK.. / Mayu MA.. (5),6.0,2264
6/3/2026,Quarter final,MD,Aaron CH.. / SOH Wo.. (2) Rank 2 Elo 2089 (+29),21-16 / 20-22 / 21-14,MAN Wei.. / TEE Kai .. (6) Rank 6 Elo 2114 (-29),61,https://badmintonranks.com/tournament?id=14702,2,All England Open 2026,Aaron CH.. / SOH Wo.. (2),2.0,2089,MAN Wei.. / TEE Kai .. (6),6.0,2114
6/3/2026,Quarter final,MS,LIN Chun-Yi Rank 11 Elo 2247 (+39),21-18 / 21-14,Christo POPOV (5) Rank 5 Elo 2419 (-39),56,https://badmintonranks.com/tournament?id=14702,2,All England Open 2026,LIN Chun-Yi,11.0,2247,Christo POPOV (5),5.0,2419
6/3/2026,Quarter final,WS,AN Se Young (1) Rank 1 Elo 2848 (+2),21-11 / 21-14,Putri Kusuma WARDA.. (6) Rank 6 Elo 2272 (-2),39,https://badmintonranks.com/tournament?id=14702,2,All England Open 2026,AN Se Young (1),1.0,2848,Putri Kusuma WARDA.. (6),6.0,2272
6/3/2026,Quarter final,MD,CHEN Bo.. / LIU Yi Rank 11 Elo 2048 (+23),21-16 / 21-10,Muhamm.. / Rahmat HI.. Rank 50 Elo 1989 (-24),40,https://badmintonranks.com/tournament?id=14702,2,All England Open 2026,CHEN Bo.. / LIU Yi,11.0,2048,Muhamm.. / Rahmat HI..,50.0,1989
6/3/2026,Quarter final,XD,GUO Xin .. / CHEN Fa.. (6) Rank 6 Elo 2089 (+17),21-17 / 18-21 / 21-15,Amri SYA.. / Nita Violin.. Rank 17 Elo 1947 (-17),80,https://badmintonranks.com/tournament?id=14702,2,All England Open 2026,GUO Xin .. / CHEN Fa.. (6),6.0,2089,Amri SYA.. / Nita Violin..,17.0,1947
6/3/2026,Quarter final,MS,Kunlavut VITIDSARN (2) Rank 2 Elo 2460 (+13),21-17 / 21-12,Alwi FARHAN Rank 14 Elo 2264 (-13),61,https://badmintonranks.com/tournament?id=14702,2,All England Open 2026,Kunlavut VITIDSARN (2),2.0,2460,Alwi FARHAN,14.0,2264
6/3/2026,Quarter final,WS,CHEN Yu Fei (3) Rank 3 Elo 2577 (+7),23-21 / 21-11,Pornpawee CHOCHU.. (8) Rank 8 Elo 2247 (-7),51,https://badmintonranks.com/tournament?id=14702,2,All England Open 2026,CHEN Yu Fei (3),3.0,2577,Pornpawee CHOCHU.. (8),8.0,2247
6/3/2026,Quarter final,XD,Thom GI.. / Delphine .. (5) Rank 5 Elo 2055 (+43),21-16 / 21-16,JIANG Zh.. / WEI Ya X.. (2) Rank 2 Elo 2284 (-43),42,https://badmintonranks.com/tournament?id=14702,2,All England Open 2026,Thom GI.. / Delphine .. (5),5.0,2055,JIANG Zh.. / WEI Ya X.. (2),2.0,2284
5/3/2026,Round 2,MD,Christo P.. / Toma Juni.. Rank 25 Elo 1906 (+46),21-10 / 15-21 / 21-19,Takuro H.. / Yugo KOB.. Rank 9 Elo 2154 (-42),62,https://badmintonranks.com/tournament?id=14702,2,All England Open 2026,Christo P.. / Toma Juni..,25.0,1906,Takuro H.. / Yugo KOB..,9.0,2154
5/3/2026,Round 2,MD,Aaron CH.. / SOH Wo.. (2) Rank 2 Elo 2073 (+16),21-15 / 18-21 / 21-18,Junaidi A.. / YAP Roy .. Rank 18 Elo 1918 (-16),63,https://badmintonranks.com/tournament?id=14702,2,All England Open 2026,Aaron CH.. / SOH Wo.. (2),2.0,2073,Junaidi A.. / YAP Roy ..,18.0,1918
5/3/2026,Round 2,WD,Febriana .. / Meilysa Tri.. Rank 21 Elo 1972 (+37),21-11 / 18-21 / 21-17,Rin IWAN.. / Kie NAK.. (6) Rank 7 Elo 2101 (-36),81,https://badmintonranks.com/tournament?id=14702,2,All England Open 2026,Febriana .. / Meilysa Tri..,21.0,1972,Rin IWAN.. / Kie NAK.. (6),7.0,2101
5/3/2026,Round 2,WS,Tomoka MIYAZAKI Rank 9 Elo 2132 (+25),18-21 / 21-15 / 24-22,Riko GUNJI Rank 26 Elo 2121 (-25),89,https://badmintonranks.com/tournament?id=14702,2,All England Open 2026,Tomoka MIYAZAKI,9.0,2132,Riko GUNJI,26.0,2121
5/3/2026,Round 2,MD,KIM Won .. / SEO Seu.. (1) Rank 1 Elo 2481 (+2),21-14 / 21-16,Kim AST.. / Anders Sk.. Rank 10 Elo 1963 (-3),40,https://badmintonranks.com/tournament?id=14702,2,All England Open 2026,KIM Won .. / SEO Seu.. (1),1.0,2481,Kim AST.. / Anders Sk..,10.0,1963
5/3/2026,Round 2,WS,WANG Zhi Yi (2) Rank 2 Elo 2553 (+3),21-19 / 21-18,Supanida KATETHONG Rank 16 Elo 2050 (-3),47,https://badmintonranks.com/tournament?id=14702,3,All England Open 2026,WANG Zhi Yi (2),2.0,2553,Supanida KATETHONG,16.0,2050
5/3/2026,Round 2,WD,HSIEH P.. / HUNG E.. (8) Rank 9 Elo 1894 (+35),21-19 / 21-12,Rui HIRO.. / Sayaka H.. Rank 16 Elo 1967 (-33),48,https://badmintonranks.com/tournament?id=14702,3,All England Open 2026,HSIEH P.. / HUNG E.. (8),9.0,1894,Rui HIRO.. / Sayaka H..,16.0,1967
5/3/2026,Round 2,MD,Raymond.. / Nikolaus J.. Rank 17 Elo 2038 (+34),8-21 / 21-14 / 21-16,Fajar ALF.. / Muhamm.. (5) Rank 5 Elo 2129 (-33),55,https://badmintonranks.com/tournament?id=14702,3,All England Open 2026,Raymond.. / Nikolaus J..,17.0,2038,Fajar ALF.. / Muhamm.. (5),5.0,2129
5/3/2026,Round 2,WD,Pearly TA.. / THINAAH.. (2) Rank 2 Elo 2231 (+5),21-14 / 21-14,LEE Seo .. / LEE Yeon .. Rank Elo 1838 (-5),43,https://badmintonranks.com/tournament?id=14702,3,All England Open 2026,Pearly TA.. / THINAAH.. (2),2.0,2231,LEE Seo .. / LEE Yeon ..,,1838
5/3/2026,Round 2,MD,LIANG W.. / WANG C.. (3) Rank 3 Elo 2176 (+12),21-17 / 14-21 / 21-11,LEE Jhe-.. / YANG Po-.. Rank 14 Elo 1963 (-13),45,https://badmintonranks.com/tournament?id=14702,3,All England Open 2026,LIANG W.. / WANG C.. (3),3.0,2176,LEE Jhe-.. / YANG Po-..,14.0,1963
5/3/2026,Round 2,MD,Muhamm.. / Rahmat HI.. Rank 50 Elo 1951 (+38),23-21 / 21-16,GOH Sze.. / Nur IZZU.. (8) Rank 8 Elo 2086 (-36),37,https://badmintonranks.com/tournament?id=14702,3,All England Open 2026,Muhamm.. / Rahmat HI..,50.0,1951,GOH Sze.. / Nur IZZU.. (8),8.0,2086
5/3/2026,Round 2,WD,LIU Shen.. / TAN Ning (1) Rank 1 Elo 2451 (+2),21-13 / 21-16,Francesc.. / Jennie GA.. Rank 32 Elo 1820 (-2),45,https://badmintonranks.com/tournament?id=14702,3,All England Open 2026,LIU Shen.. / TAN Ning (1),1.0,2451,Francesc.. / Jennie GA..,32.0,1820
5/3/2026,Round 2,MD,MAN Wei.. / TEE Kai .. (6) Rank 6 Elo 2095 (+19),21-14 / 21-18,CHIU Hsi.. / WANG Ch.. Rank 12 Elo 1993 (-20),33,https://badmintonranks.com/tournament?id=14702,3,All England Open 2026,MAN Wei.. / TEE Kai .. (6),6.0,2095,CHIU Hsi.. / WANG Ch..,12.0,1993
5/3/2026,Round 2,WD,Yuki FUK.. / Mayu MA.. (5) Rank 6 Elo 2258 (+6),21-15 / 21-16,Amallia C.. / Siti Fadia .. Rank 78 Elo 1900 (-7),53,https://badmintonranks.com/tournament?id=14702,3,All England Open 2026,Yuki FUK.. / Mayu MA.. (5),6.0,2258,Amallia C.. / Siti Fadia ..,78.0,1900
5/3/2026,Round 2,WD,BAEK Ha.. / LEE So H.. (4) Rank 4 Elo 2312 (+3),21-8 / 21-7,Margot L.. / Camille P.. Rank 22 Elo 1860 (-4),33,https://badmintonranks.com/tournament?id=14702,3,All England Open 2026,BAEK Ha.. / LEE So H.. (4),4.0,2312,Margot L.. / Camille P..,22.0,1860
5/3/2026,Round 2,WD,Sayaka H.. / Ayako SA.. Rank Elo 1781 (+55),21-6 / 21-17,Gabriela .. / Stefani ST.. Rank 12 Elo 2034 (-44),45,https://badmintonranks.com/tournament?id=14702,3,All England Open 2026,Sayaka H.. / Ayako SA..,,1781,Gabriela .. / Stefani ST..,12.0,2034
5/3/2026,Round 2,MS,Victor LAI Rank 16 Elo 2131 (+28),21-12 / 21-18,LEE Cheuk Yiu Rank 25 Elo 2149 (-27),46,https://badmintonranks.com/tournament?id=14702,3,All England Open 2026,Victor LAI,16.0,2131,LEE Cheuk Yiu,25.0,2149
5/3/2026,Round 2,XD,Mads VE.. / Christine .. Rank 20 Elo 1859 (+59),18-21 / 21-18 / 21-17,FENG Ya.. / HUANG .. (1) Rank 1 Elo 2491 (-50),74,https://badmintonranks.com/tournament?id=14702,3,All England Open 2026,Mads VE.. / Christine ..,20.0,1859,FENG Ya.. / HUANG .. (1),1.0,2491
5/3/2026,Round 2,WD,JIA Yi Fan / ZHANG .. (3) Rank 3 Elo 2312 (+4),21-7 / 22-20,Kaho OS.. / Mai TANA.. Rank 19 Elo 1886 (-5),52,https://badmintonranks.com/tournament?id=14702,3,All England Open 2026,JIA Yi Fan / ZHANG .. (3),3.0,2312,Kaho OS.. / Mai TANA..,19.0,1886
5/3/2026,Round 2,MD,CHEN Bo.. / LIU Yi Rank 11 Elo 2032 (+16),21-19 / 21-17,KANG Kh.. / Aaron TAI Rank 33 Elo 1886 (-18),48,https://badmintonranks.com/tournament?id=14702,3,All England Open 2026,CHEN Bo.. / LIU Yi,11.0,2032,KANG Kh.. / Aaron TAI,33.0,1886
5/3/2026,Round 2,WS,Line CHRISTOPHERSEN Rank 23 Elo 1995 (+33),21-18 / 21-11,YEO Jia Min Rank 38 Elo 2076 (-33),36,https://badmintonranks.com/tournament?id=14702,3,All England Open 2026,Line CHRISTOPHERSEN,23.0,1995,YEO Jia Min,38.0,2076
5/3/2026,Round 2,MS,Alwi FARHAN Rank 14 Elo 2245 (+19),21-13 / 21-19,CHOU Tien Chen (7) Rank 7 Elo 2152 (-20),54,https://badmintonranks.com/tournament?id=14702,3,All England Open 2026,Alwi FARHAN,14.0,2245,CHOU Tien Chen (7),7.0,2152
5/3/2026,Round 2,MS,Koki WATANABE Rank 24 Elo 2193 (+16),21-9 / 21-13,LEONG Jun Hao Rank 26 Elo 2053 (-16),37,https://badmintonranks.com/tournament?id=14702,3,All England Open 2026,Koki WATANABE,24.0,2193,LEONG Jun Hao,26.0,2053
5/3/2026,Round 2,XD,YE Hong .. / Nicole Go.. Rank 15 Elo 1916 (+23),21-14 / 21-16,Rasmus .. / Amalie Ce.. Rank 34 Elo 1851 (-25),35,https://badmintonranks.com/tournament?id=14702,3,All England Open 2026,YE Hong .. / Nicole Go..,15.0,1916,Rasmus .. / Amalie Ce..,34.0,1851
5/3/2026,Round 2,XD,TANG Ch.. / TSE Ying.. (7) Rank 7 Elo 2110 (+3),21-19 / 9-8 Ret.,DHRUV .. / Tanisha C.. Rank 21 Elo 1821 (-4),40,https://badmintonranks.com/tournament?id=14702,3,All England Open 2026,TANG Ch.. / TSE Ying.. (7),7.0,2110,DHRUV .. / Tanisha C..,21.0,1821
5/3/2026,Round 2,XD,GUO Xin .. / CHEN Fa.. (6) Rank 6 Elo 2077 (+12),21-19 / 21-19,Alexande.. / Julie MAC.. Rank 32 Elo 1875 (-14),47,https://badmintonranks.com/tournament?id=14702,4,All England Open 2026,GUO Xin .. / CHEN Fa.. (6),6.0,2077,Alexande.. / Julie MAC..,32.0,1875
5/3/2026,Round 2,MS,Christo POPOV (5) Rank 5 Elo 2404 (+15),21-12 / 21-17,LOH Kean Yew Rank 10 Elo 2255 (-15),41,https://badmintonranks.com/tournament?id=14702,4,All England Open 2026,Christo POPOV (5),5.0,2404,LOH Kean Yew,10.0,2255
5/3/2026,Round 2,XD,Amri SYA.. / Nita Violin.. Rank 17 Elo 1906 (+41),22-20 / 21-18,Jafar HID.. / Felisha Al.. Rank 10 Elo 2076 (-38),51,https://badmintonranks.com/tournament?id=14702,4,All England Open 2026,Amri SYA.. / Nita Violin..,17.0,1906,Jafar HID.. / Felisha Al..,10.0,2076
5/3/2026,Round 2,WS,Akane YAMAGUCHI (4) Rank 4 Elo 2504 (+3),21-19 / 21-17,CHIU Pin-Chian Rank 13 Elo 2008 (-3),44,https://badmintonranks.com/tournament?id=14702,4,All England Open 2026,Akane YAMAGUCHI (4),4.0,2504,CHIU Pin-Chian,13.0,2008
5/3/2026,Round 2,MS,Kunlavut VITIDSARN (2) Rank 2 Elo 2452 (+8),19-21 / 21-9 / 21-13,Toma Junior POPOV Rank 17 Elo 2139 (-8),75,https://badmintonranks.com/tournament?id=14702,4,All England Open 2026,Kunlavut VITIDSARN (2),2.0,2452,Toma Junior POPOV,17.0,2139
5/3/2026,Round 2,WS,AN Se Young (1) Rank 1 Elo 2847 (+1),21-15 / 21-11,LIN Hsiang Ti Rank 19 Elo 2002 (-0),37,https://badmintonranks.com/tournament?id=14702,4,All England Open 2026,AN Se Young (1),1.0,2847,LIN Hsiang Ti,19.0,2002
5/3/2026,Round 2,MS,LI Shi Feng (6) Rank 6 Elo 2250 (+13),17-21 / 21-12 / 21-11,Nhat NGUYEN Rank 27 Elo 2059 (-13),79,https://badmintonranks.com/tournament?id=14702,4,All England Open 2026,LI Shi Feng (6),6.0,2250,Nhat NGUYEN,27.0,2059
5/3/2026,Round 2,XD,JIANG Zh.. / WEI Ya X.. (2) Rank 2 Elo 2277 (+7),21-16 / 21-18,GOH Soo.. / LAI Shevo.. Rank 11 Elo 1950 (-7),42,https://badmintonranks.com/tournament?id=14702,4,All England Open 2026,JIANG Zh.. / WEI Ya X.. (2),2.0,2277,GOH Soo.. / LAI Shevo..,11.0,1950
5/3/2026,Round 2,MS,LIN Chun-Yi Rank 11 Elo 2210 (+37),21-19 / 21-12,Jonatan CHRISTIE (4) Rank 4 Elo 2368 (-37),48,https://badmintonranks.com/tournament?id=14702,4,All England Open 2026,LIN Chun-Yi,11.0,2210,Jonatan CHRISTIE (4),4.0,2368
5/3/2026,Round 2,XD,Pakkapo.. / Sapsiree .. Rank 28 Elo 1899 (+24),21-15 / 13-21 / 21-15,YANG Po.. / HU Ling F.. Rank 27 Elo 1841 (-26),54,https://badmintonranks.com/tournament?id=14702,4,All England Open 2026,Pakkapo.. / Sapsiree ..,28.0,1899,YANG Po.. / HU Ling F..,27.0,1841
5/3/2026,Round 2,WS,Putri Kusuma WARDA.. (6) Rank 6 Elo 2248 (+24),25-23 / 21-15,KIM Ga Eun Rank 14 Elo 2226 (-24),50,https://badmintonranks.com/tournament?id=14702,4,All England Open 2026,Putri Kusuma WARDA.. (6),6.0,2248,KIM Ga Eun,14.0,2226
5/3/2026,Round 2,XD,Thom GI.. / Delphine .. (5) Rank 5 Elo 2036 (+19),21-18 / 21-11,Yuichi SH.. / Sayaka H.. Rank 19 Elo 1930 (-20),43,https://badmintonranks.com/tournament?id=14702,4,All England Open 2026,Thom GI.. / Delphine .. (5),5.0,2036,Yuichi SH.. / Sayaka H..,19.0,1930
5/3/2026,Round 2,WS,CHEN Yu Fei (3) Rank 3 Elo 2574 (+3),21-9 / 21-16,Natsuki NIDAIRA Rank 24 Elo 2080 (-2),48,https://badmintonranks.com/tournament?id=14702,4,All England Open 2026,CHEN Yu Fei (3),3.0,2574,Natsuki NIDAIRA,24.0,2080
5/3/2026,Round 2,MS,Lakshya SEN Rank 12 Elo 2239 (+12),21-19 / 21-23 / 21-10,NG Ka Long Angus Rank 29 Elo 2037 (-13),81,https://badmintonranks.com/tournament?id=14702,4,All England Open 2026,Lakshya SEN,12.0,2239,NG Ka Long Angus,29.0,2037
5/3/2026,Round 2,WS,Pornpawee CHOCHU.. (8) Rank 8 Elo 2224 (+23),21-16 / 24-22,Michelle LI Rank 11 Elo 2189 (-23),59,https://badmintonranks.com/tournament?id=14702,4,All England Open 2026,Pornpawee CHOCHU.. (8),8.0,2224,Michelle LI,11.0,2189
4/3/2026,Round 1,MD,GOH Sze.. / Nur IZZU.. (8) Rank 8 Elo 2068 (+18),21-10 / 21-15,Kakeru K.. / Hiroki NIS.. Rank 27 Elo 1955 (-19),31,https://badmintonranks.com/tournament?id=14702,4,All England Open 2026,GOH Sze.. / Nur IZZU.. (8),8.0,2068,Kakeru K.. / Hiroki NIS..,27.0,1955
4/3/2026,Round 1,WD,Rin IWAN.. / Kie NAK.. (6) Rank 7 Elo 2094 (+7),21-23 / 21-7 / 21-13,LIN Xiao .. / WANG Yu .. Rank 37 Elo 1762 (-9),66,https://badmintonranks.com/tournament?id=14702,4,All England Open 2026,Rin IWAN.. / Kie NAK.. (6),7.0,2094,LIN Xiao .. / WANG Yu ..,37.0,1762
4/3/2026,Round 1,WD,Yuki FUK.. / Mayu MA.. (5) Rank 6 Elo 2256 (+2),21-17 / 21-8,ONG Xin .. / Carmen TI.. Rank 25 Elo 1694 (-3),38,https://badmintonranks.com/tournament?id=14702,4,All England Open 2026,Yuki FUK.. / Mayu MA.. (5),6.0,2256,ONG Xin .. / Carmen TI..,25.0,1694
4/3/2026,Round 1,WD,Febriana .. / Meilysa Tri.. Rank 21 Elo 1963 (+9),19-21 / 21-15 / 21-19,Polina B.. / Yevheniia .. Rank 30 Elo 1681 (-14),67,https://badmintonranks.com/tournament?id=14702,4,All England Open 2026,Febriana .. / Meilysa Tri..,21.0,1963,Polina B.. / Yevheniia ..,30.0,1681
4/3/2026,Round 1,WD,LEE Seo .. / LEE Yeon .. Rank Elo 1799 (+39),21-19 / 15-21 / 21-17,Lauren L.. / Allison Qu.. Rank 24 Elo 1871 (-36),71,https://badmintonranks.com/tournament?id=14702,4,All England Open 2026,LEE Seo .. / LEE Yeon ..,,1799,Lauren L.. / Allison Qu..,24.0,1871
4/3/2026,Round 1,MS,Christo POPOV (5) Rank 5 Elo 2396 (+8),21-14 / 21-16,Rasmus GEMKE Rank 23 Elo 2103 (-8),49,https://badmintonranks.com/tournament?id=14702,5,All England Open 2026,Christo POPOV (5),5.0,2396,Rasmus GEMKE,23.0,2103
4/3/2026,Round 1,MD,Muhamm.. / Rahmat HI.. Rank 50 Elo 1928 (+23),21-10 / 21-16,LIU Kuan.. / YANG Po .. Rank 20 Elo 1859 (-24),30,https://badmintonranks.com/tournament?id=14702,5,All England Open 2026,Muhamm.. / Rahmat HI..,50.0,1928,LIU Kuan.. / YANG Po ..,20.0,1859
4/3/2026,Round 1,MD,Aaron CH.. / SOH Wo.. (2) Rank 2 Elo 2062 (+11),21-17 / 21-17,CHEN Z.. / Presley S.. Rank 28 Elo 1831 (-13),38,https://badmintonranks.com/tournament?id=14702,5,All England Open 2026,Aaron CH.. / SOH Wo.. (2),2.0,2062,CHEN Z.. / Presley S..,28.0,1831
4/3/2026,Round 1,WD,Pearly TA.. / THINAAH.. (2) Rank 2 Elo 2220 (+11),21-19 / 21-13,Arisa IGA.. / Chiharu S.. Rank 17 Elo 1986 (-11),46,https://badmintonranks.com/tournament?id=14702,5,All England Open 2026,Pearly TA.. / THINAAH.. (2),2.0,2220,Arisa IGA.. / Chiharu S..,17.0,1986
4/3/2026,Round 1,WD,Amallia C.. / Siti Fadia .. Rank 78 Elo 1871 (+29),21-16 / 22-20,HSU Ya .. / SUNG Yu-.. Rank 15 Elo 1866 (-30),46,https://badmintonranks.com/tournament?id=14702,5,All England Open 2026,Amallia C.. / Siti Fadia ..,78.0,1871,HSU Ya .. / SUNG Yu-..,15.0,1866
4/3/2026,Round 1,MS,CHOU Tien Chen (7) Rank 7 Elo 2137 (+15),17-21 / 21-14 / 11-3 Ret.,CHI Yu Jen Rank 19 Elo 2126 (-15),62,https://badmintonranks.com/tournament?id=14702,5,All England Open 2026,CHOU Tien Chen (7),7.0,2137,CHI Yu Jen,19.0,2126
4/3/2026,Round 1,MD,Junaidi A.. / YAP Roy .. Rank 18 Elo 1888 (+30),21-19 / 18-21 / 21-18,Daniel LU.. / Mads VES.. Rank 23 Elo 1898 (-30),69,https://badmintonranks.com/tournament?id=14702,5,All England Open 2026,Junaidi A.. / YAP Roy ..,18.0,1888,Daniel LU.. / Mads VES..,23.0,1898
4/3/2026,Round 1,MS,Toma Junior POPOV Rank 17 Elo 2110 (+29),21-19 / 21-15,Yushi TANAKA Rank 20 Elo 2139 (-28),42,https://badmintonranks.com/tournament?id=14702,5,All England Open 2026,Toma Junior POPOV,17.0,2110,Yushi TANAKA,20.0,2139
4/3/2026,Round 1,WS,Supanida KATETHONG Rank 16 Elo 2035 (+15),21-12 / 21-14,HSU Wen Chi Rank 42 Elo 1863 (-16),38,https://badmintonranks.com/tournament?id=14702,5,All England Open 2026,Supanida KATETHONG,16.0,2035,HSU Wen Chi,42.0,1863
4/3/2026,Round 1,MS,LOH Kean Yew Rank 10 Elo 2228 (+27),14-21 / 21-19 / 24-22,Kodai NARAOKA Rank 9 Elo 2243 (-27),93,https://badmintonranks.com/tournament?id=14702,5,All England Open 2026,LOH Kean Yew,10.0,2228,Kodai NARAOKA,9.0,2243
4/3/2026,Round 1,MS,Alwi FARHAN Rank 14 Elo 2233 (+12),19-21 / 21-9 / 21-17,Ayush SHETTY Rank 22 Elo 2021 (-12),75,https://badmintonranks.com/tournament?id=14702,5,All England Open 2026,Alwi FARHAN,14.0,2233,Ayush SHETTY,22.0,2021
4/3/2026,Round 1,XD,Alexande.. / Julie MAC.. Rank 32 Elo 1834 (+41),21-19 / 14-21 / 21-9,Jesper T.. / Amalie M.. Rank 12 Elo 1946 (-36),55,https://badmintonranks.com/tournament?id=14702,5,All England Open 2026,Alexande.. / Julie MAC..,32.0,1834,Jesper T.. / Amalie M..,12.0,1946
4/3/2026,Round 1,XD,Yuichi SH.. / Sayaka H.. Rank 19 Elo 1908 (+22),21-14 / 19-21 / 21-18,CHEN Ch.. / HSU Yin-.. Rank 25 Elo 1825 (-24),63,https://badmintonranks.com/tournament?id=14702,5,All England Open 2026,Yuichi SH.. / Sayaka H..,19.0,1908,CHEN Ch.. / HSU Yin-..,25.0,1825
4/3/2026,Round 1,MS,Kunlavut VITIDSARN (2) Rank 2 Elo 2446 (+6),21-15 / 21-10,LU Guang Zu Rank 18 Elo 2114 (-7),47,https://badmintonranks.com/tournament?id=14702,5,All England Open 2026,Kunlavut VITIDSARN (2),2.0,2446,LU Guang Zu,18.0,2114
4/3/2026,Round 1,WS,Line CHRISTOPHERSEN Rank 23 Elo 1961 (+34),21-15 / 21-11,NGUYEN Thuy Linh Rank 25 Elo 2042 (-33),34,https://badmintonranks.com/tournament?id=14702,5,All England Open 2026,Line CHRISTOPHERSEN,23.0,1961,NGUYEN Thuy Linh,25.0,2042
4/3/2026,Round 1,XD,GOH Soo.. / LAI Shevo.. Rank 11 Elo 1939 (+11),21-14 / 21-12,Callum H.. / Estelle VA.. Rank 39 Elo 1702 (-16),39,https://badmintonranks.com/tournament?id=14702,5,All England Open 2026,GOH Soo.. / LAI Shevo..,11.0,1939,Callum H.. / Estelle VA..,39.0,1702
4/3/2026,Round 1,WS,Akane YAMAGUCHI (4) Rank 4 Elo 2501 (+3),21-13 / 21-11,Busanan ONGBAMRUN.. Rank 17 Elo 1991 (-3),35,https://badmintonranks.com/tournament?id=14702,5,All England Open 2026,Akane YAMAGUCHI (4),4.0,2501,Busanan ONGBAMRUN..,17.0,1991
4/3/2026,Round 1,XD,Thom GI.. / Delphine .. (5) Rank 5 Elo 2031 (+5),21-12 / 21-15,Rohan K.. / GADDE R.. Rank 36 Elo 1625 (-9),42,https://badmintonranks.com/tournament?id=14702,5,All England Open 2026,Thom GI.. / Delphine .. (5),5.0,2031,Rohan K.. / GADDE R..,36.0,1625
4/3/2026,Round 1,MD,CHEN Bo.. / LIU Yi Rank 11 Elo 2027 (+5),21-12 / 21-12,HE Zhi W.. / HUANG J.. Rank 37 Elo 1647 (-10),31,https://badmintonranks.com/tournament?id=14702,5,All England Open 2026,CHEN Bo.. / LIU Yi,11.0,2027,HE Zhi W.. / HUANG J..,37.0,1647
4/3/2026,Round 1,MD,CHIU Hsi.. / WANG Ch.. Rank 12 Elo 1973 (+20),21-18 / 21-14,Nur Mohd.. / TAN Wee .. Rank 26 Elo 1869 (-21),41,https://badmintonranks.com/tournament?id=14702,5,All England Open 2026,CHIU Hsi.. / WANG Ch..,12.0,1973,Nur Mohd.. / TAN Wee ..,26.0,1869
4/3/2026,Round 1,WS,WANG Zhi Yi (2) Rank 2 Elo 2551 (+2),21-15 / 21-15,Hina AKECHI Rank 30 Elo 1970 (-2),42,https://badmintonranks.com/tournament?id=14702,6,All England Open 2026,WANG Zhi Yi (2),2.0,2551,Hina AKECHI,30.0,1970
4/3/2026,Round 1,MS,Jonatan CHRISTIE (4) Rank 4 Elo 2364 (+4),21-11 / 10-21 / 21-15,Jia Heng Jason TEH Rank 34 Elo 1930 (-4),60,https://badmintonranks.com/tournament?id=14702,6,All England Open 2026,Jonatan CHRISTIE (4),4.0,2364,Jia Heng Jason TEH,34.0,1930
4/3/2026,Round 1,MS,LIN Chun-Yi Rank 11 Elo 2195 (+15),21-16 / 21-17,WANG Tzu Wei Rank 28 Elo 2039 (-16),44,https://badmintonranks.com/tournament?id=14702,6,All England Open 2026,LIN Chun-Yi,11.0,2195,WANG Tzu Wei,28.0,2039
4/3/2026,Round 1,MD,MAN Wei.. / TEE Kai .. (6) Rank 6 Elo 2083 (+12),21-17 / 21-16,LEE Fan.. / LEE Fang-.. Rank 22 Elo 1874 (-14),41,https://badmintonranks.com/tournament?id=14702,6,All England Open 2026,MAN Wei.. / TEE Kai .. (6),6.0,2083,LEE Fan.. / LEE Fang-..,22.0,1874
4/3/2026,Round 1,XD,GUO Xin .. / CHEN Fa.. (6) Rank 6 Elo 2071 (+6),17-21 / 21-12 / 21-9,WONG Ti.. / LIM Chiew.. Rank 37 Elo 1699 (-9),56,https://badmintonranks.com/tournament?id=14702,6,All England Open 2026,GUO Xin .. / CHEN Fa.. (6),6.0,2071,WONG Ti.. / LIM Chiew..,37.0,1699
4/3/2026,Round 1,WS,YEO Jia Min Rank 38 Elo 2059 (+17),12-21 / 11-6 Ret.,Ratchanok INTANON (7) Rank 7 Elo 2281 (-16),25,https://badmintonranks.com/tournament?id=14702,6,All England Open 2026,YEO Jia Min,38.0,2059,Ratchanok INTANON (7),7.0,2281
4/3/2026,Round 1,XD,JIANG Zh.. / WEI Ya X.. (2) Rank 2 Elo 2274 (+3),21-10 / 16-21 / 21-12,Presley S.. / Jennie GA.. Rank 26 Elo 1807 (-4),47,https://badmintonranks.com/tournament?id=14702,6,All England Open 2026,JIANG Zh.. / WEI Ya X.. (2),2.0,2274,Presley S.. / Jennie GA..,26.0,1807
4/3/2026,Round 1,WD,Margot L.. / Camille P.. Rank 22 Elo 1843 (+17),21-17 / 21-16,YEUNG .. / YEUNG P.. Rank 18 Elo 1674 (-24),45,https://badmintonranks.com/tournament?id=14702,6,All England Open 2026,Margot L.. / Camille P..,22.0,1843,YEUNG .. / YEUNG P..,18.0,1674
4/3/2026,Round 1,MD,KANG Kh.. / Aaron TAI Rank 33 Elo 1832 (+54),23-21 / 21-12,Satwiksai.. / Chirag S.. (4) Rank 4 Elo 2149 (-45),42,https://badmintonranks.com/tournament?id=14702,6,All England Open 2026,KANG Kh.. / Aaron TAI,33.0,1832,Satwiksai.. / Chirag S.. (4),4.0,2149
4/3/2026,Round 1,WD,Gabriela .. / Stefani ST.. Rank 12 Elo 2003 (+31),21-15 / 21-17,LI Yi jing / LUO Xu .. (7) Rank 8 Elo 2054 (-31),53,https://badmintonranks.com/tournament?id=14702,6,All England Open 2026,Gabriela .. / Stefani ST..,12.0,2003,LI Yi jing / LUO Xu .. (7),8.0,2054
4/3/2026,Round 1,XD,Jafar HID.. / Felisha Al.. Rank 10 Elo 2065 (+11),24-22 / 21-13,GAO Jia .. / WU Meng .. Rank 29 Elo 1843 (-14),40,https://badmintonranks.com/tournament?id=14702,6,All England Open 2026,Jafar HID.. / Felisha Al..,10.0,2065,GAO Jia .. / WU Meng ..,29.0,1843
4/3/2026,Round 1,XD,Mads VE.. / Christine .. Rank 20 Elo 1809 (+50),21-16 / 15-21 / 21-17,CHENG .. / ZHANG C.. Rank 14 Elo 2025 (-42),73,https://badmintonranks.com/tournament?id=14702,6,All England Open 2026,Mads VE.. / Christine ..,20.0,1809,CHENG .. / ZHANG C..,14.0,2025
4/3/2026,Round 1,WS,Tomoka MIYAZAKI Rank 9 Elo 2104 (+28),15-21 / 21-15 / 21-14,Nozomi OKUHARA Rank 22 Elo 2128 (-28),70,https://badmintonranks.com/tournament?id=14702,6,All England Open 2026,Tomoka MIYAZAKI,9.0,2104,Nozomi OKUHARA,22.0,2128
4/3/2026,Round 1,WS,CHIU Pin-Chian Rank 13 Elo 1979 (+29),18-21 / 21-8 / 21-12,ZHANG Beiwen Rank 21 Elo 2003 (-29),57,https://badmintonranks.com/tournament?id=14702,6,All England Open 2026,CHIU Pin-Chian,13.0,1979,ZHANG Beiwen,21.0,2003
4/3/2026,Round 1,WS,Riko GUNJI Rank 26 Elo 2076 (+45),20-22 / 21-17 / 21-18,HAN Yue (5) Rank 5 Elo 2390 (-44),71,https://badmintonranks.com/tournament?id=14702,6,All England Open 2026,Riko GUNJI,26.0,2076,HAN Yue (5),5.0,2390
4/3/2026,Round 1,XD,Amri SYA.. / Nita Violin.. Rank 17 Elo 1879 (+27),21-17 / 21-14,Marvin S.. / Thuc Phu.. Rank 30 Elo 1839 (-27),35,https://badmintonranks.com/tournament?id=14702,6,All England Open 2026,Amri SYA.. / Nita Violin..,17.0,1879,Marvin S.. / Thuc Phu..,30.0,1839
4/3/2026,Round 1,MD,Christo P.. / Toma Juni.. Rank 25 Elo 1855 (+51),21-12 / 21-12,Sabar Ka.. / Moh Rez.. (7) Rank 7 Elo 2141 (-44),32,https://badmintonranks.com/tournament?id=14702,6,All England Open 2026,Christo P.. / Toma Juni..,25.0,1855,Sabar Ka.. / Moh Rez.. (7),7.0,2141
4/3/2026,Round 1,WD,BAEK Ha.. / LEE So H.. (4) Rank 4 Elo 2308 (+4),21-10 / 21-10,Ririna HI.. / Kokona IS.. Rank 26 Elo 1851 (-4),46,https://badmintonranks.com/tournament?id=14702,6,All England Open 2026,BAEK Ha.. / LEE So H.. (4),4.0,2308,Ririna HI.. / Kokona IS..,26.0,1851
3/3/2026,Round 1,MS,Koki WATANABE Rank 24 Elo 2152 (+41),21-8 / 21-12,Anders ANTONSEN (3) Rank 3 Elo 2384 (-40),40,https://badmintonranks.com/tournament?id=14702,6,All England Open 2026,Koki WATANABE,24.0,2152,Anders ANTONSEN (3),3.0,2384
3/3/2026,Round 1,MS,LEONG Jun Hao Rank 26 Elo 2022 (+31),21-17 / 13-21 / 21-18,Kenta NISHIMOTO Rank 13 Elo 2081 (-31),81,https://badmintonranks.com/tournament?id=14702,6,All England Open 2026,LEONG Jun Hao,26.0,2022,Kenta NISHIMOTO,13.0,2081
3/3/2026,Round 1,XD,YANG Po.. / HU Ling F.. Rank 27 Elo 1781 (+60),21-16 / 21-18,Mathias .. / Alexandr.. (8) Rank 9 Elo 2124 (-46),38,https://badmintonranks.com/tournament?id=14702,7,All England Open 2026,YANG Po.. / HU Ling F..,27.0,1781,Mathias .. / Alexandr.. (8),9.0,2124
3/3/2026,Round 1,WD,Rui HIRO.. / Sayaka H.. Rank 16 Elo 1952 (+15),19-21 / 21-8 / 21-7,HSU Yin-.. / LIN Jhih Y.. Rank 14 Elo 1780 (-18),55,https://badmintonranks.com/tournament?id=14702,7,All England Open 2026,Rui HIRO.. / Sayaka H..,16.0,1952,HSU Yin-.. / LIN Jhih Y..,14.0,1780
3/3/2026,Round 1,MD,LIANG W.. / WANG C.. (3) Rank 3 Elo 2169 (+7),21-16 / 21-19,Takumi N.. / Yuichi SHI.. Rank 31 Elo 1866 (-9),39,https://badmintonranks.com/tournament?id=14702,7,All England Open 2026,LIANG W.. / WANG C.. (3),3.0,2169,Takumi N.. / Yuichi SHI..,31.0,1866
3/3/2026,Round 1,WS,Pornpawee CHOCHU.. (8) Rank 8 Elo 2211 (+13),21-12 / 21-18,Unnati HOODA Rank 27 Elo 2004 (-13),42,https://badmintonranks.com/tournament?id=14702,7,All England Open 2026,Pornpawee CHOCHU.. (8),8.0,2211,Unnati HOODA,27.0,2004
3/3/2026,Round 1,MD,Takuro H.. / Yugo KOB.. Rank 9 Elo 2148 (+6),21-12 / 21-14,CHEN Zh.. / LIN Yu Chi.. Rank 36 Elo 1817 (-8),29,https://badmintonranks.com/tournament?id=14702,7,All England Open 2026,Takuro H.. / Yugo KOB..,9.0,2148,CHEN Zh.. / LIN Yu Chi..,36.0,1817
3/3/2026,Round 1,MD,Fajar ALF.. / Muhamm.. (5) Rank 5 Elo 2122 (+7),21-9 / 21-17,ONG Yew.. / TEO Ee Yi Rank 32 Elo 1776 (-8),32,https://badmintonranks.com/tournament?id=14702,7,All England Open 2026,Fajar ALF.. / Muhamm.. (5),5.0,2122,ONG Yew.. / TEO Ee Yi,32.0,1776
3/3/2026,Round 1,MD,Kim AST.. / Anders Sk.. Rank 10 Elo 1943 (+20),21-13 / 21-17,CHOON.. / Muhamma.. Rank 29 Elo 1843 (-22),38,https://badmintonranks.com/tournament?id=14702,7,All England Open 2026,Kim AST.. / Anders Sk..,10.0,1943,CHOON.. / Muhamma..,29.0,1843
3/3/2026,Round 1,WD,Kaho OS.. / Mai TANA.. Rank 19 Elo 1865 (+21),21-18 / 21-9,LUI Lok L.. / TSANG Hi.. Rank 29 Elo 1751 (-25),46,https://badmintonranks.com/tournament?id=14702,7,All England Open 2026,Kaho OS.. / Mai TANA..,19.0,1865,LUI Lok L.. / TSANG Hi..,29.0,1751
3/3/2026,Round 1,WS,Putri Kusuma WARDA.. (6) Rank 6 Elo 2244 (+4),11-1 Ret.,Mia BLICHFELDT Rank 20 Elo 2154 (-4),5,https://badmintonranks.com/tournament?id=14702,7,All England Open 2026,Putri Kusuma WARDA.. (6),6.0,2244,Mia BLICHFELDT,20.0,2154
3/3/2026,Round 1,WD,Sayaka H.. / Ayako SA.. Rank Elo 1725 (+56),21-15 / 15-21 / 21-18,Treesa J.. / GAYATRI .. Rank 23 Elo 1893 (-42),57,https://badmintonranks.com/tournament?id=14702,7,All England Open 2026,Sayaka H.. / Ayako SA..,,1725,Treesa J.. / GAYATRI ..,23.0,1893
3/3/2026,Round 1,MD,KIM Won .. / SEO Seu.. (1) Rank 1 Elo 2480 (+1),21-16 / 18-15 Ret.,Ben LANE / Sean VEN.. Rank 15 Elo 2039 (-2),43,https://badmintonranks.com/tournament?id=14702,7,All England Open 2026,KIM Won .. / SEO Seu.. (1),1.0,2480,Ben LANE / Sean VEN..,15.0,2039
3/3/2026,Round 1,MS,Nhat NGUYEN Rank 27 Elo 2041 (+18),21-17 / 21-8,LEE Chia Hao Rank 21 Elo 1927 (-20),41,https://badmintonranks.com/tournament?id=14702,7,All England Open 2026,Nhat NGUYEN,27.0,2041,LEE Chia Hao,21.0,1927
3/3/2026,Round 1,WD,Francesc.. / Jennie GA.. Rank 32 Elo 1790 (+30),17-21 / 21-18 / 21-18,CHANG .. / YANG Chi.. Rank 20 Elo 1753 (-33),77,https://badmintonranks.com/tournament?id=14702,7,All England Open 2026,Francesc.. / Jennie GA..,32.0,1790,CHANG .. / YANG Chi..,20.0,1753
3/3/2026,Round 1,XD,Rasmus .. / Amalie Ce.. Rank 34 Elo 1789 (+62),18-21 / 21-12 / 25-23,CHEN Ta.. / TOH Ee .. (4) Rank 4 Elo 2229 (-48),62,https://badmintonranks.com/tournament?id=14702,7,All England Open 2026,Rasmus .. / Amalie Ce..,34.0,1789,CHEN Ta.. / TOH Ee .. (4),4.0,2229
3/3/2026,Round 1,MS,LEE Cheuk Yiu Rank 25 Elo 2116 (+33),21-19 / 21-17,WENG Hong Yang Rank 15 Elo 2219 (-34),52,https://badmintonranks.com/tournament?id=14702,7,All England Open 2026,LEE Cheuk Yiu,25.0,2116,WENG Hong Yang,15.0,2219
3/3/2026,Round 1,MD,Raymond.. / Nikolaus J.. Rank 17 Elo 2011 (+27),17-21 / 21-12 / 21-19,KANG Mi.. / KI Dong Ju Rank 16 Elo 2018 (-27),64,https://badmintonranks.com/tournament?id=14702,7,All England Open 2026,Raymond.. / Nikolaus J..,17.0,2011,KANG Mi.. / KI Dong Ju,16.0,2018
3/3/2026,Round 1,WD,JIA Yi Fan / ZHANG .. (3) Rank 3 Elo 2307 (+5),21-16 / 21-17,Rachel Al.. / Febi SETI.. Rank 27 Elo 1937 (-6),44,https://badmintonranks.com/tournament?id=14702,7,All England Open 2026,JIA Yi Fan / ZHANG .. (3),3.0,2307,Rachel Al.. / Febi SETI..,27.0,1937
3/3/2026,Round 1,MS,LI Shi Feng (6) Rank 6 Elo 2240 (+10),21-12 / 21-16,WANG Zheng Xing Rank 30 Elo 1999 (-11),44,https://badmintonranks.com/tournament?id=14702,7,All England Open 2026,LI Shi Feng (6),6.0,2240,WANG Zheng Xing,30.0,1999
3/3/2026,Round 1,WS,KIM Ga Eun Rank 14 Elo 2217 (+9),21-11 / 21-10,HUANG Yu-Hsun Rank 32 Elo 1954 (-10),26,https://badmintonranks.com/tournament?id=14702,7,All England Open 2026,KIM Ga Eun,14.0,2217,HUANG Yu-Hsun,32.0,1954
3/3/2026,Round 1,MS,Victor LAI Rank 16 Elo 2091 (+40),21-12 / 21-23 / 23-21,Alex LANIER (8) Rank 8 Elo 2293 (-40),87,https://badmintonranks.com/tournament?id=14702,7,All England Open 2026,Victor LAI,16.0,2091,Alex LANIER (8),8.0,2293
3/3/2026,Round 1,WS,Natsuki NIDAIRA Rank 24 Elo 2072 (+8),21-13 / 21-15,SUNG Shuo Yun Rank 35 Elo 1776 (-10),54,https://badmintonranks.com/tournament?id=14702,8,All England Open 2026,Natsuki NIDAIRA,24.0,2072,SUNG Shuo Yun,35.0,1776
3/3/2026,Round 1,MS,Lakshya SEN Rank 12 Elo 2192 (+47),23-21 / 19-21 / 21-17,SHI Yu Qi (1) Rank 1 Elo 2576 (-46),78,https://badmintonranks.com/tournament?id=14702,8,All England Open 2026,Lakshya SEN,12.0,2192,SHI Yu Qi (1),1.0,2576
3/3/2026,Round 1,WS,AN Se Young (1) Rank 1 Elo 2847 (+0),21-8 / 21-6,Neslihan ARIN Rank 34 Elo 1927 (-0),27,https://badmintonranks.com/tournament?id=14702,8,All England Open 2026,AN Se Young (1),1.0,2847,Neslihan ARIN,34.0,1927
3/3/2026,Round 1,XD,DHRUV .. / Tanisha C.. Rank 21 Elo 1773 (+48),21-17 / 21-19,HOO Pan.. / CHENG S.. Rank 23 Elo 1919 (-40),41,https://badmintonranks.com/tournament?id=14702,8,All England Open 2026,DHRUV .. / Tanisha C..,21.0,1773,HOO Pan.. / CHENG S..,23.0,1919
3/3/2026,Round 1,XD,TANG Ch.. / TSE Ying.. (7) Rank 7 Elo 2092 (+18),16-21 / 21-15 / 21-11,Ruttanap.. / Jhenicha .. Rank 13 Elo 1974 (-19),64,https://badmintonranks.com/tournament?id=14702,8,All England Open 2026,TANG Ch.. / TSE Ying.. (7),7.0,2092,Ruttanap.. / Jhenicha ..,13.0,1974
3/3/2026,Round 1,XD,YE Hong .. / Nicole Go.. Rank 15 Elo 1896 (+20),21-17 / 21-18,Jimmy W.. / LAI Pei Jin.. Rank 24 Elo 1786 (-24),36,https://badmintonranks.com/tournament?id=14702,8,All England Open 2026,YE Hong .. / Nicole Go..,15.0,1896,Jimmy W.. / LAI Pei Jin..,24.0,1786
3/3/2026,Round 1,WS,Michelle LI Rank 11 Elo 2160 (+29),21-10 / 23-21,GAO Fang jie Rank 10 Elo 2207 (-30),44,https://badmintonranks.com/tournament?id=14702,8,All England Open 2026,Michelle LI,11.0,2160,GAO Fang jie,10.0,2207
3/3/2026,Round 1,WS,CHEN Yu Fei (3) Rank 3 Elo 2574 (+0),21-11 / 21-6,Malvika BANSOD Rank 52 Elo 1800 (-1),30,https://badmintonranks.com/tournament?id=14702,8,All England Open 2026,CHEN Yu Fei (3),3.0,2574,Malvika BANSOD,52.0,1800
3/3/2026,Round 1,WD,HSIEH P.. / HUNG E.. (8) Rank 9 Elo 1872 (+22),19-21 / 21-16 / 21-18,Bengisu .. / Nazlıcan I.. Rank 33 Elo 1774 (-25),67,https://badmintonranks.com/tournament?id=14702,8,All England Open 2026,HSIEH P.. / HUNG E.. (8),9.0,1872,Bengisu .. / Nazlıcan I..,33.0,1774
3/3/2026,Round 1,WS,LIN Hsiang Ti Rank 19 Elo 1957 (+45),21-16 / 21-13,SIM Yu Jin Rank 15 Elo 2214 (-42),33,https://badmintonranks.com/tournament?id=14702,8,All England Open 2026,LIN Hsiang Ti,19.0,1957,SIM Yu Jin,15.0,2214
3/3/2026,Round 1,MS,NG Ka Long Angus Rank 29 Elo 2013 (+24),21-14 / 21-9,Brian YANG Rank 33 Elo 1981 (-25),44,https://badmintonranks.com/tournament?id=14702,8,All England Open 2026,NG Ka Long Angus,29.0,2013,Brian YANG,33.0,1981
3/3/2026,Round 1,XD,Pakkapo.. / Sapsiree .. Rank 28 Elo 1885 (+14),21-18 / 21-12,WU Guan.. / LEE Chia .. Rank 38 Elo 1674 (-21),34,https://badmintonranks.com/tournament?id=14702,8,All England Open 2026,Pakkapo.. / Sapsiree ..,28.0,1885,WU Guan.. / LEE Chia ..,38.0,1674
3/3/2026,Round 1,WD,LIU Shen.. / TAN Ning (1) Rank 1 Elo 2450 (+1),21-17 / 21-11,HU Ling .. / JHENG Y.. Rank 31 Elo 1808 (-1),34,https://badmintonranks.com/tournament?id=14702,8,All England Open 2026,LIU Shen.. / TAN Ning (1),1.0,2450,HU Ling .. / JHENG Y..,31.0,1808
3/3/2026,Round 1,XD,FENG Ya.. / HUANG .. (1) Rank 1 Elo 2490 (+1),18-21 / 21-18 / 21-19,HEE Yon.. / Gloria Em.. Rank 123 Elo 1881 (-1),81,https://badmintonranks.com/tournament?id=14702,8,All England Open 2026,FENG Ya.. / HUANG .. (1),1.0,2490,HEE Yon.. / Gloria Em..,123.0,1881
3/3/2026,Round 1,MD,LEE Jhe-.. / YANG Po-.. Rank 14 Elo 1932 (+31),21-13 / 21-19,Leo Rolly.. / Bagas MA.. Rank 13 Elo 1959 (-30),33,https://badmintonranks.com/tournament?id=14702,8,All England Open 2026,LEE Jhe-.. / YANG Po-..,14.0,1932,Leo Rolly.. / Bagas MA..,13.0,1959
16/3/2025,Final,MD,KIM Won .. / SEO Seun.. Rank 43 Elo 2173 (+22),21-19 / 21-19,Leo Rolly.. / Bagas MA.. Rank 18 Elo 2094 (-22),42,https://badmintonranks.com/tournament?id=14410,1,All England Open 2025,KIM Won .. / SEO Seun..,43.0,2173,Leo Rolly.. / Bagas MA..,18.0,2094
16/3/2025,Final,WS,AN Se Young (1) Rank 1 Elo 2704 (+13),13-21 / 21-18 / 21-18,WANG Zhi Yi (2) Rank 2 Elo 2499 (-13),95,https://badmintonranks.com/tournament?id=14410,1,All England Open 2025,AN Se Young (1),1.0,2704,WANG Zhi Yi (2),2.0,2499
16/3/2025,Final,MS,SHI Yu Qi (1) Rank 1 Elo 2533 (+6),21-17 / 21-19,LEE Chia Hao Rank 22 Elo 2167 (-6),51,https://badmintonranks.com/tournament?id=14410,1,All England Open 2025,SHI Yu Qi (1),1.0,2533,LEE Chia Hao,22.0,2167
16/3/2025,Final,WD,Nami MA.. / Chiharu .. (3) Rank 3 Elo 2280 (+20),21-16 / 14-21 / 21-17,Yuki FUK.. / Mayu MA.. (6) Rank 24 Elo 2175 (-20),83,https://badmintonranks.com/tournament?id=14410,1,All England Open 2025,Nami MA.. / Chiharu .. (3),3.0,2280,Yuki FUK.. / Mayu MA.. (6),24.0,2175
16/3/2025,Final,XD,GUO Xin .. / CHEN Fa.. (7) Rank 7 Elo 2143 (+23),21-16 / 10-21 / 23-21,FENG Ya.. / WEI Ya X.. (5) Rank Elo 2084 (-24),70,https://badmintonranks.com/tournament?id=14410,1,All England Open 2025,GUO Xin .. / CHEN Fa.. (7),7.0,2143,FENG Ya.. / WEI Ya X.. (5),,2084
15/3/2025,Semi final,MD,KIM Won .. / SEO Seun.. Rank 43 Elo 2153 (+20),16-21 / 21-13 / 21-13,HE Ji Ting / REN Xian.. (6) Rank 6 Elo 2056 (-20),59,https://badmintonranks.com/tournament?id=14410,1,All England Open 2025,KIM Won .. / SEO Seun..,43.0,2153,HE Ji Ting / REN Xian.. (6),6.0,2056
15/3/2025,Semi final,WS,WANG Zhi Yi (2) Rank 2 Elo 2487 (+12),21-10 / 21-19,HAN Yue (4) Rank 4 Elo 2263 (-12),48,https://badmintonranks.com/tournament?id=14410,1,All England Open 2025,WANG Zhi Yi (2),2.0,2487,HAN Yue (4),4.0,2263
15/3/2025,Semi final,MD,Leo Rolly.. / Bagas MA.. Rank 18 Elo 2064 (+30),21-14 / 17-21 / 21-15,Sabar Ka.. / Moh Reza.. Rank 8 Elo 2085 (-30),59,https://badmintonranks.com/tournament?id=14410,1,All England Open 2025,Leo Rolly.. / Bagas MA..,18.0,2064,Sabar Ka.. / Moh Reza..,8.0,2085
15/3/2025,Semi final,WS,AN Se Young (1) Rank 1 Elo 2695 (+9),21-12 / 21-17,Akane YAMAGUCHI (3) Rank 3 Elo 2418 (-10),48,https://badmintonranks.com/tournament?id=14410,1,All England Open 2025,AN Se Young (1),1.0,2695,Akane YAMAGUCHI (3),3.0,2418
15/3/2025,Semi final,WD,Yuki FUK.. / Mayu MA.. (6) Rank 24 Elo 2147 (+28),21-16 / 21-17,JIA Yi Fan / ZHANG S.. Rank 27 Elo 2148 (-28),50,https://badmintonranks.com/tournament?id=14410,1,All England Open 2025,Yuki FUK.. / Mayu MA.. (6),24.0,2147,JIA Yi Fan / ZHANG S..,27.0,2148
15/3/2025,Semi final,MS,LEE Chia Hao Rank 22 Elo 2124 (+43),19-21 / 21-14 / 21-17,Alex LANIER Rank 10 Elo 2328 (-42),69,https://badmintonranks.com/tournament?id=14410,1,All England Open 2025,LEE Chia Hao,22.0,2124,Alex LANIER,10.0,2328
15/3/2025,Semi final,WD,Nami MA.. / Chiharu .. (3) Rank 3 Elo 2248 (+32),21-9 / 21-17,LIU Shen.. / TAN Ning (2) Rank 2 Elo 2306 (-32),46,https://badmintonranks.com/tournament?id=14410,1,All England Open 2025,Nami MA.. / Chiharu .. (3),3.0,2248,LIU Shen.. / TAN Ning (2),2.0,2306
15/3/2025,Semi final,MS,SHI Yu Qi (1) Rank 1 Elo 2521 (+12),21-9 / 20-22 / 21-19,LI Shi Feng (6) Rank 6 Elo 2300 (-12),76,https://badmintonranks.com/tournament?id=14410,1,All England Open 2025,SHI Yu Qi (1),1.0,2521,LI Shi Feng (6),6.0,2300
15/3/2025,Semi final,XD,FENG Ya.. / WEI Ya X.. (5) Rank Elo 2065 (+19),21-14 / 21-18,LEE Jong.. / CHAE Yu .. Rank 68 Elo 1948 (-20),42,https://badmintonranks.com/tournament?id=14410,1,All England Open 2025,FENG Ya.. / WEI Ya X.. (5),,2065,LEE Jong.. / CHAE Yu ..,68.0,1948
15/3/2025,Semi final,XD,GUO Xin .. / CHEN Fa.. (7) Rank 7 Elo 2119 (+24),21-15 / 24-26 / 21-16,JIANG Zh.. / HUANG .. (5) Rank Elo 2065 (-24),76,https://badmintonranks.com/tournament?id=14410,1,All England Open 2025,GUO Xin .. / CHEN Fa.. (7),7.0,2119,JIANG Zh.. / HUANG .. (5),,2065
14/3/2025,Quarter final,WD,JIA Yi Fan / ZHANG S.. Rank 27 Elo 2124 (+24),21-11 / 21-12,LI Yi jing / LUO Xu .. (7) Rank 6 Elo 2079 (-24),42,https://badmintonranks.com/tournament?id=14410,1,All England Open 2025,JIA Yi Fan / ZHANG S..,27.0,2124,LI Yi jing / LUO Xu .. (7),6.0,2079
14/3/2025,Quarter final,MD,HE Ji Ting / REN Xian.. (6) Rank 6 Elo 2028 (+28),21-19 / 21-15,KANG Mi.. / KI Dong Ju Rank 45 Elo 2032 (-28),45,https://badmintonranks.com/tournament?id=14410,1,All England Open 2025,HE Ji Ting / REN Xian.. (6),6.0,2028,KANG Mi.. / KI Dong Ju,45.0,2032
14/3/2025,Quarter final,WD,Yuki FUK.. / Mayu MA.. (6) Rank 24 Elo 2120 (+27),21-15 / 10-21 / 21-15,Rin IWAN.. / Kie NAK.. (4) Rank 4 Elo 2116 (-27),70,https://badmintonranks.com/tournament?id=14410,1,All England Open 2025,Yuki FUK.. / Mayu MA.. (6),24.0,2120,Rin IWAN.. / Kie NAK.. (4),4.0,2116
14/3/2025,Quarter final,WS,WANG Zhi Yi (2) Rank 2 Elo 2472 (+15),21-16 / 21-12,Pornpawee CHOCHU.. (6) Rank 6 Elo 2305 (-15),45,https://badmintonranks.com/tournament?id=14410,1,All England Open 2025,WANG Zhi Yi (2),2.0,2472,Pornpawee CHOCHU.. (6),6.0,2305
14/3/2025,Quarter final,MS,LEE Chia Hao Rank 22 Elo 2088 (+36),21-9 / 21-18,Kenta NISHIMOTO Rank 16 Elo 2196 (-35),39,https://badmintonranks.com/tournament?id=14410,1,All England Open 2025,LEE Chia Hao,22.0,2088,Kenta NISHIMOTO,16.0,2196
14/3/2025,Quarter final,MD,KIM Won .. / SEO Seun.. Rank 43 Elo 2142 (+11),21-19 / 21-10,XIE Hao .. / ZENG Wei.. Rank 33 Elo 1906 (-12),37,https://badmintonranks.com/tournament?id=14410,2,All England Open 2025,KIM Won .. / SEO Seun..,43.0,2142,XIE Hao .. / ZENG Wei..,33.0,1906
14/3/2025,Quarter final,WS,HAN Yue (4) Rank 4 Elo 2230 (+33),21-15 / 21-17,Gregoria Mariska TUN.. (5) Rank 5 Elo 2304 (-33),39,https://badmintonranks.com/tournament?id=14410,2,All England Open 2025,HAN Yue (4),4.0,2230,Gregoria Mariska TUN.. (5),5.0,2304
14/3/2025,Quarter final,MS,Alex LANIER Rank 10 Elo 2313 (+15),21-19 / 21-13,WANG Tzu Wei Rank 25 Elo 2144 (-15),51,https://badmintonranks.com/tournament?id=14410,2,All England Open 2025,Alex LANIER,10.0,2313,WANG Tzu Wei,25.0,2144
14/3/2025,Quarter final,MD,Leo Rolly.. / Bagas MA.. Rank 18 Elo 2043 (+21),21-11 / 20-22 / 22-20,LEE Jhe-.. / YANG Po.. (8) Rank 10 Elo 1959 (-22),57,https://badmintonranks.com/tournament?id=14410,2,All England Open 2025,Leo Rolly.. / Bagas MA..,18.0,2043,LEE Jhe-.. / YANG Po.. (8),10.0,1959
14/3/2025,Quarter final,WS,AN Se Young (1) Rank 1 Elo 2679 (+16),21-9 / 21-14,CHEN Yu Fei Rank 13 Elo 2531 (-16),43,https://badmintonranks.com/tournament?id=14410,2,All England Open 2025,AN Se Young (1),1.0,2679,CHEN Yu Fei,13.0,2531
14/3/2025,Quarter final,WS,Akane YAMAGUCHI (3) Rank 3 Elo 2408 (+10),26-24 / 21-16,Tomoka MIYAZAKI (7) Rank 8 Elo 2143 (-9),49,https://badmintonranks.com/tournament?id=14410,2,All England Open 2025,Akane YAMAGUCHI (3),3.0,2408,Tomoka MIYAZAKI (7),8.0,2143
14/3/2025,Quarter final,MD,Sabar Ka.. / Moh Reza.. Rank 8 Elo 2075 (+10),21-11 / 21-17,LIU Kuan.. / YANG Po .. Rank 25 Elo 1818 (-13),34,https://badmintonranks.com/tournament?id=14410,2,All England Open 2025,Sabar Ka.. / Moh Reza..,8.0,2075,LIU Kuan.. / YANG Po ..,25.0,1818
14/3/2025,Quarter final,MS,SHI Yu Qi (1) Rank 1 Elo 2515 (+6),21-18 / 21-16,LOH Kean Yew Rank 14 Elo 2172 (-6),46,https://badmintonranks.com/tournament?id=14410,2,All England Open 2025,SHI Yu Qi (1),1.0,2515,LOH Kean Yew,14.0,2172
14/3/2025,Quarter final,XD,LEE Jong.. / CHAE Yu .. Rank 68 Elo 1928 (+20),21-19 / 21-14,Gregory .. / Jenny MAI.. Rank 44 Elo 1801 (-23),41,https://badmintonranks.com/tournament?id=14410,2,All England Open 2025,LEE Jong.. / CHAE Yu ..,68.0,1928,Gregory .. / Jenny MAI..,44.0,1801
14/3/2025,Quarter final,XD,FENG Ya.. / WEI Ya X.. (5) Rank Elo 2040 (+25),21-10 / 21-14,Rehan N.. / Gloria Em.. Rank 110 Elo 2005 (-25),34,https://badmintonranks.com/tournament?id=14410,2,All England Open 2025,FENG Ya.. / WEI Ya X.. (5),,2040,Rehan N.. / Gloria Em..,110.0,2005
14/3/2025,Quarter final,WD,LIU Shen.. / TAN Ning (2) Rank 2 Elo 2298 (+8),21-14 / 21-10,Treesa J.. / GAYATRI .. Rank 9 Elo 1970 (-8),46,https://badmintonranks.com/tournament?id=14410,2,All England Open 2025,LIU Shen.. / TAN Ning (2),2.0,2298,Treesa J.. / GAYATRI ..,9.0,1970
14/3/2025,Quarter final,MS,LI Shi Feng (6) Rank 6 Elo 2278 (+22),21-10 / 21-16,Lakshya SEN Rank 15 Elo 2220 (-23),45,https://badmintonranks.com/tournament?id=14410,2,All England Open 2025,LI Shi Feng (6),6.0,2278,Lakshya SEN,15.0,2220
14/3/2025,Quarter final,XD,GUO Xin .. / CHEN Fa.. (7) Rank 7 Elo 2093 (+26),14-21 / 21-10 / 21-17,Thom GI.. / Delphine .. (3) Rank 8 Elo 2079 (-27),63,https://badmintonranks.com/tournament?id=14410,2,All England Open 2025,GUO Xin .. / CHEN Fa.. (7),7.0,2093,Thom GI.. / Delphine .. (3),8.0,2079
14/3/2025,Quarter final,WD,Nami MA.. / Chiharu .. (3) Rank 3 Elo 2232 (+16),21-17 / 21-19,Pearly TA.. / THINAAH.. (5) Rank 5 Elo 2083 (-17),41,https://badmintonranks.com/tournament?id=14410,2,All England Open 2025,Nami MA.. / Chiharu .. (3),3.0,2232,Pearly TA.. / THINAAH.. (5),5.0,2083
14/3/2025,Quarter final,XD,JIANG Zh.. / HUANG .. (5) Rank Elo 2034 (+31),18-21 / 21-8 / 21-10,GOH Soo.. / LAI Shev.. (1) Rank 3 Elo 2078 (-31),45,https://badmintonranks.com/tournament?id=14410,2,All England Open 2025,JIANG Zh.. / HUANG .. (5),,2034,GOH Soo.. / LAI Shev.. (1),3.0,2078
13/3/2025,Round 2,MD,KANG Mi.. / KI Dong Ju Rank 45 Elo 1998 (+34),21-18 / 25-27 / 23-21,Fajar ALF.. / Muhamm.. (4) Rank 4 Elo 2087 (-33),80,https://badmintonranks.com/tournament?id=14410,2,All England Open 2025,KANG Mi.. / KI Dong Ju,45.0,1998,Fajar ALF.. / Muhamm.. (4),4.0,2087
13/3/2025,Round 2,MS,Kenta NISHIMOTO Rank 16 Elo 2162 (+34),21-10 / 21-18,LIN Chun-Yi Rank 12 Elo 2281 (-35),45,https://badmintonranks.com/tournament?id=14410,2,All England Open 2025,Kenta NISHIMOTO,16.0,2162,LIN Chun-Yi,12.0,2281
13/3/2025,Round 2,WS,Pornpawee CHOCHU.. (6) Rank 6 Elo 2300 (+5),21-13 / 21-7,CHIU Pin-Chian Rank 27 Elo 1929 (-6),39,https://badmintonranks.com/tournament?id=14410,2,All England Open 2025,Pornpawee CHOCHU.. (6),6.0,2300,CHIU Pin-Chian,27.0,1929
13/3/2025,Round 2,MD,LEE Jhe-.. / YANG Po.. (8) Rank 10 Elo 1922 (+37),23-21 / 23-21,Ben LANE / Sean VEN.. Rank 11 Elo 2036 (-36),44,https://badmintonranks.com/tournament?id=14410,2,All England Open 2025,LEE Jhe-.. / YANG Po.. (8),10.0,1922,Ben LANE / Sean VEN..,11.0,2036
13/3/2025,Round 2,WD,Treesa J.. / GAYATRI .. Rank 9 Elo 1925 (+45),15-21 / 21-18 / 21-18,KIM Hye .. / KONG H.. (8) Rank 11 Elo 2155 (-41),87,https://badmintonranks.com/tournament?id=14410,2,All England Open 2025,Treesa J.. / GAYATRI ..,9.0,1925,KIM Hye .. / KONG H.. (8),11.0,2155
13/3/2025,Round 2,MD,Leo Rolly.. / Bagas MA.. Rank 18 Elo 2012 (+31),21-19 / 21-17,Muhamm.. / Daniel MA.. Rank 16 Elo 2058 (-30),37,https://badmintonranks.com/tournament?id=14410,3,All England Open 2025,Leo Rolly.. / Bagas MA..,18.0,2012,Muhamm.. / Daniel MA..,16.0,2058
13/3/2025,Round 2,WD,LIU Shen.. / TAN Ning (2) Rank 2 Elo 2292 (+6),21-6 / 21-19,Benyapa .. / Nuntakarn.. Rank 20 Elo 1941 (-7),44,https://badmintonranks.com/tournament?id=14410,3,All England Open 2025,LIU Shen.. / TAN Ning (2),2.0,2292,Benyapa .. / Nuntakarn..,20.0,1941
13/3/2025,Round 2,MD,HE Ji Ting / REN Xian.. (6) Rank 6 Elo 2013 (+15),21-11 / 21-18,Peeratch.. / Pakkapon .. Rank 29 Elo 1845 (-17),36,https://badmintonranks.com/tournament?id=14410,3,All England Open 2025,HE Ji Ting / REN Xian.. (6),6.0,2013,Peeratch.. / Pakkapon ..,29.0,1845
13/3/2025,Round 2,MS,WANG Tzu Wei Rank 25 Elo 2099 (+45),21-10 / 21-13,Anders ANTONSEN (2) Rank 3 Elo 2406 (-44),47,https://badmintonranks.com/tournament?id=14410,3,All England Open 2025,WANG Tzu Wei,25.0,2099,Anders ANTONSEN (2),3.0,2406
13/3/2025,Round 2,WS,WANG Zhi Yi (2) Rank 2 Elo 2468 (+4),21-11 / 21-16,HSU Wen Chi Rank 26 Elo 2047 (-5),40,https://badmintonranks.com/tournament?id=14410,3,All England Open 2025,WANG Zhi Yi (2),2.0,2468,HSU Wen Chi,26.0,2047
13/3/2025,Round 2,WS,Gregoria Mariska TUN.. (5) Rank 5 Elo 2287 (+17),21-18 / 21-19,SIM Yu Jin Rank 17 Elo 2165 (-18),35,https://badmintonranks.com/tournament?id=14410,3,All England Open 2025,Gregoria Mariska TUN.. (5),5.0,2287,SIM Yu Jin,17.0,2165
13/3/2025,Round 2,MD,KIM Won .. / SEO Seun.. Rank 43 Elo 2108 (+34),21-16 / 21-13,GOH Sze.. / Nur IZZU.. (2) Rank 2 Elo 2216 (-34),36,https://badmintonranks.com/tournament?id=14410,3,All England Open 2025,KIM Won .. / SEO Seun..,43.0,2108,GOH Sze.. / Nur IZZU.. (2),2.0,2216
13/3/2025,Round 2,MS,LEE Chia Hao Rank 22 Elo 2066 (+22),21-18 / 21-8,Yushi TANAKA Rank 26 Elo 2009 (-23),40,https://badmintonranks.com/tournament?id=14410,3,All England Open 2025,LEE Chia Hao,22.0,2066,Yushi TANAKA,26.0,2009
13/3/2025,Round 2,WD,JIA Yi Fan / ZHANG S.. Rank 27 Elo 2088 (+36),21-18 / 21-18,BAEK Ha.. / LEE So H.. (1) Rank 1 Elo 2220 (-36),52,https://badmintonranks.com/tournament?id=14410,3,All England Open 2025,JIA Yi Fan / ZHANG S..,27.0,2088,BAEK Ha.. / LEE So H.. (1),1.0,2220
13/3/2025,Round 2,WS,HAN Yue (4) Rank 4 Elo 2225 (+5),14-5 Ret.,KIM Ga Eun Rank 21 Elo 2201 (-5),10,https://badmintonranks.com/tournament?id=14410,3,All England Open 2025,HAN Yue (4),4.0,2225,KIM Ga Eun,21.0,2201
13/3/2025,Round 2,MD,XIE Hao .. / ZENG Wei.. Rank 33 Elo 1887 (+19),21-16 / 2-2 Ret.,Satwiksai.. / Chirag S.. (7) Rank 12 Elo 2143 (-17),23,https://badmintonranks.com/tournament?id=14410,3,All England Open 2025,XIE Hao .. / ZENG Wei..,33.0,1887,Satwiksai.. / Chirag S.. (7),12.0,2143
13/3/2025,Round 2,WD,LI Yi jing / LUO Xu .. (7) Rank 6 Elo 2064 (+15),21-7 / 21-14,HSIEH P.. / HUNG En-.. Rank 16 Elo 1908 (-17),28,https://badmintonranks.com/tournament?id=14410,3,All England Open 2025,LI Yi jing / LUO Xu .. (7),6.0,2064,HSIEH P.. / HUNG En-..,16.0,1908
13/3/2025,Round 2,MD,Sabar Ka.. / Moh Reza.. Rank 8 Elo 2063 (+12),21-6 / 21-18,HUANG .. / LIU Yang Rank 37 Elo 1846 (-14),31,https://badmintonranks.com/tournament?id=14410,3,All England Open 2025,Sabar Ka.. / Moh Reza..,8.0,2063,HUANG .. / LIU Yang,37.0,1846
13/3/2025,Round 2,MS,Alex LANIER Rank 10 Elo 2278 (+35),22-20 / 21-15,Kunlavut VITIDSARN (5) Rank 5 Elo 2406 (-35),54,https://badmintonranks.com/tournament?id=14410,3,All England Open 2025,Alex LANIER,10.0,2278,Kunlavut VITIDSARN (5),5.0,2406
13/3/2025,Round 2,WD,Pearly TA.. / THINAAH.. (5) Rank 5 Elo 2060 (+23),21-16 / 21-14,Apriyani .. / Siti Fadia .. Rank 29 Elo 2008 (-23),43,https://badmintonranks.com/tournament?id=14410,3,All England Open 2025,Pearly TA.. / THINAAH.. (5),5.0,2060,Apriyani .. / Siti Fadia ..,29.0,2008
13/3/2025,Round 2,MD,LIU Kuan.. / YANG Po .. Rank 25 Elo 1765 (+53),21-15 / 21-16,Rasmus .. / Frederik S.. Rank 15 Elo 1948 (-41),40,https://badmintonranks.com/tournament?id=14410,3,All England Open 2025,LIU Kuan.. / YANG Po ..,25.0,1765,Rasmus .. / Frederik S..,15.0,1948
13/3/2025,Round 2,MS,LI Shi Feng (6) Rank 6 Elo 2259 (+19),21-18 / 17-21 / 21-15,Toma Junior POPOV Rank 17 Elo 2159 (-19),74,https://badmintonranks.com/tournament?id=14410,3,All England Open 2025,LI Shi Feng (6),6.0,2259,Toma Junior POPOV,17.0,2159
13/3/2025,Round 2,XD,Gregory .. / Jenny MAI.. Rank 44 Elo 1746 (+55),21-19 / 21-16,Ruttanap.. / Jhenicha .. Rank 18 Elo 1926 (-42),42,https://badmintonranks.com/tournament?id=14410,3,All England Open 2025,Gregory .. / Jenny MAI..,44.0,1746,Ruttanap.. / Jhenicha ..,18.0,1926
13/3/2025,Round 2,MS,Lakshya SEN Rank 15 Elo 2182 (+38),21-13 / 21-10,Jonatan CHRISTIE (3) Rank 2 Elo 2358 (-38),36,https://badmintonranks.com/tournament?id=14410,3,All England Open 2025,Lakshya SEN,15.0,2182,Jonatan CHRISTIE (3),2.0,2358
13/3/2025,Round 2,WD,Nami MA.. / Chiharu .. (3) Rank 3 Elo 2221 (+11),21-14 / 21-19,Gabriela .. / Stefani ST.. Rank 12 Elo 1991 (-11),36,https://badmintonranks.com/tournament?id=14410,3,All England Open 2025,Nami MA.. / Chiharu .. (3),3.0,2221,Gabriela .. / Stefani ST..,12.0,1991
13/3/2025,Round 2,XD,Rehan N.. / Gloria Em.. Rank 110 Elo 1972 (+33),21-16 / 20-22 / 21-12,Jesper T.. / Amalie M.. Rank 10 Elo 2041 (-32),60,https://badmintonranks.com/tournament?id=14410,4,All England Open 2025,Rehan N.. / Gloria Em..,110.0,1972,Jesper T.. / Amalie M..,10.0,2041
13/3/2025,Round 2,WS,AN Se Young (1) Rank 1 Elo 2678 (+1),21-12 / 16-21 / 21-8,Kirsty GILMOUR Rank 33 Elo 1919 (-1),56,https://badmintonranks.com/tournament?id=14410,4,All England Open 2025,AN Se Young (1),1.0,2678,Kirsty GILMOUR,33.0,1919
13/3/2025,Round 2,WS,Tomoka MIYAZAKI (7) Rank 8 Elo 2110 (+33),21-18 / 10-21 / 21-17,ZHANG Beiwen Rank 14 Elo 2201 (-33),57,https://badmintonranks.com/tournament?id=14410,4,All England Open 2025,Tomoka MIYAZAKI (7),8.0,2110,ZHANG Beiwen,14.0,2201
13/3/2025,Round 2,XD,GOH Soo.. / LAI Shev.. (1) Rank 3 Elo 2071 (+7),21-9 / 21-10,Alexande.. / Julie MAC.. Rank 33 Elo 1743 (-10),25,https://badmintonranks.com/tournament?id=14410,4,All England Open 2025,GOH Soo.. / LAI Shev.. (1),3.0,2071,Alexande.. / Julie MAC..,33.0,1743
13/3/2025,Round 2,XD,GUO Xin .. / CHEN Fa.. (7) Rank 7 Elo 2083 (+10),21-12 / 21-14,KI Dong J.. / JEONG N.. Rank Elo 1826 (-11),32,https://badmintonranks.com/tournament?id=14410,4,All England Open 2025,GUO Xin .. / CHEN Fa.. (7),7.0,2083,KI Dong J.. / JEONG N..,,1826
13/3/2025,Round 2,MS,LOH Kean Yew Rank 14 Elo 2147 (+25),21-15 / 21-17,NG Ka Long Angus Rank 19 Elo 2139 (-25),44,https://badmintonranks.com/tournament?id=14410,4,All England Open 2025,LOH Kean Yew,14.0,2147,NG Ka Long Angus,19.0,2139
13/3/2025,Round 2,XD,FENG Ya.. / WEI Ya X.. (5) Rank Elo 2032 (+8),21-10 / 21-12,Rohan K.. / GADDE R.. Rank 40 Elo 1734 (-11),30,https://badmintonranks.com/tournament?id=14410,4,All England Open 2025,FENG Ya.. / WEI Ya X.. (5),,2032,Rohan K.. / GADDE R..,40.0,1734
13/3/2025,Round 2,WS,Akane YAMAGUCHI (3) Rank 3 Elo 2405 (+3),21-16 / 21-13,Malvika BANSOD Rank 28 Elo 1949 (-3),33,https://badmintonranks.com/tournament?id=14410,4,All England Open 2025,Akane YAMAGUCHI (3),3.0,2405,Malvika BANSOD,28.0,1949
13/3/2025,Round 2,WS,CHEN Yu Fei Rank 13 Elo 2526 (+5),21-14 / 22-24 / 21-10,Putri Kusuma WARDANI Rank 11 Elo 2149 (-6),65,https://badmintonranks.com/tournament?id=14410,4,All England Open 2025,CHEN Yu Fei,13.0,2526,Putri Kusuma WARDANI,11.0,2149
13/3/2025,Round 2,XD,LEE Jong.. / CHAE Yu .. Rank 68 Elo 1899 (+29),21-17 / 21-13,YANG Po.. / HU Ling .. (4) Rank 6 Elo 1908 (-30),30,https://badmintonranks.com/tournament?id=14410,4,All England Open 2025,LEE Jong.. / CHAE Yu ..,68.0,1899,YANG Po.. / HU Ling .. (4),6.0,1908
13/3/2025,Round 2,WD,Rin IWAN.. / Kie NAK.. (4) Rank 4 Elo 2111 (+5),21-16 / 21-18,Francesc.. / Jennie GA.. Rank Elo 1719 (-8),38,https://badmintonranks.com/tournament?id=14410,4,All England Open 2025,Rin IWAN.. / Kie NAK.. (4),4.0,2111,Francesc.. / Jennie GA..,,1719
13/3/2025,Round 2,XD,Thom GI.. / Delphine .. (3) Rank 8 Elo 2068 (+11),19-21 / 21-17 / 21-14,CHEN Ch.. / HSU Yin-.. Rank 21 Elo 1843 (-13),65,https://badmintonranks.com/tournament?id=14410,4,All England Open 2025,Thom GI.. / Delphine .. (3),8.0,2068,CHEN Ch.. / HSU Yin-..,21.0,1843
13/3/2025,Round 2,XD,JIANG Zh.. / HUANG .. (5) Rank Elo 2022 (+12),21-13 / 21-17,LU Ming .. / HUNG En-.. Rank 39 Elo 1793 (-14),28,https://badmintonranks.com/tournament?id=14410,4,All England Open 2025,JIANG Zh.. / HUANG .. (5),,2022,LU Ming .. / HUNG En-..,39.0,1793
13/3/2025,Round 2,WD,Yuki FUK.. / Mayu MA.. (6) Rank 24 Elo 2105 (+15),21-12 / 19-21 / 21-16,Febriana .. / Amallia C.. Rank 8 Elo 1942 (-16),71,https://badmintonranks.com/tournament?id=14410,4,All England Open 2025,Yuki FUK.. / Mayu MA.. (6),24.0,2105,Febriana .. / Amallia C..,8.0,1942
13/3/2025,Round 2,MS,SHI Yu Qi (1) Rank 1 Elo 2506 (+9),21-11 / 21-19,CHOU Tien Chen Rank 9 Elo 2220 (-9),46,https://badmintonranks.com/tournament?id=14410,4,All England Open 2025,SHI Yu Qi (1),1.0,2506,CHOU Tien Chen,9.0,2220
12/3/2025,Round 1,MD,HE Ji Ting / REN Xian.. (6) Rank 6 Elo 1977 (+36),21-15 / 21-8,MAN Wei.. / TEE Kai .. Rank 7 Elo 2094 (-35),32,https://badmintonranks.com/tournament?id=14410,4,All England Open 2025,HE Ji Ting / REN Xian.. (6),6.0,1977,MAN Wei.. / TEE Kai ..,7.0,2094
12/3/2025,Round 1,MS,Kenta NISHIMOTO Rank 16 Elo 2141 (+21),21-19 / 21-15,LEI Lan Xi Rank 28 Elo 2069 (-21),52,https://badmintonranks.com/tournament?id=14410,4,All England Open 2025,Kenta NISHIMOTO,16.0,2141,LEI Lan Xi,28.0,2069
12/3/2025,Round 1,WD,LIU Shen.. / TAN Ning (2) Rank 2 Elo 2292 (+0),21-18 / 21-11,Jacquelin.. / Catherine .. Rank 71 Elo 1573 (-2),35,https://badmintonranks.com/tournament?id=14410,4,All England Open 2025,LIU Shen.. / TAN Ning (2),2.0,2292,Jacquelin.. / Catherine ..,71.0,1573
12/3/2025,Round 1,MS,LIN Chun-Yi Rank 12 Elo 2239 (+42),21-19 / 13-21 / 21-11,Viktor AXELSEN (4) Rank 4 Elo 2489 (-42),54,https://badmintonranks.com/tournament?id=14410,4,All England Open 2025,LIN Chun-Yi,12.0,2239,Viktor AXELSEN (4),4.0,2489
12/3/2025,Round 1,MD,XIE Hao .. / ZENG Wei.. Rank 33 Elo 1852 (+35),21-19 / 15-21 / 23-21,CHIU Hsi.. / WANG Ch.. Rank 20 Elo 1909 (-33),64,https://badmintonranks.com/tournament?id=14410,4,All England Open 2025,XIE Hao .. / ZENG Wei..,33.0,1852,CHIU Hsi.. / WANG Ch..,20.0,1909
12/3/2025,Round 1,XD,Ruttanap.. / Jhenicha .. Rank 18 Elo 1906 (+20),21-17 / 21-14,DHRUV .. / Tanisha C.. Rank 20 Elo 1798 (-23),33,https://badmintonranks.com/tournament?id=14410,5,All England Open 2025,Ruttanap.. / Jhenicha ..,18.0,1906,DHRUV .. / Tanisha C..,20.0,1798
12/3/2025,Round 1,MD,Satwiksai.. / Chirag S.. (7) Rank 12 Elo 2136 (+7),21-17 / 21-15,Daniel LU.. / Mads VES.. Rank 28 Elo 1802 (-9),40,https://badmintonranks.com/tournament?id=14410,5,All England Open 2025,Satwiksai.. / Chirag S.. (7),12.0,2136,Daniel LU.. / Mads VES..,28.0,1802
12/3/2025,Round 1,WD,Benyapa .. / Nuntakarn.. Rank 20 Elo 1931 (+10),21-16 / 21-15,Paulina C.. / Kornelia M.. Rank 51 Elo 1650 (-16),35,https://badmintonranks.com/tournament?id=14410,5,All England Open 2025,Benyapa .. / Nuntakarn..,20.0,1931,Paulina C.. / Kornelia M..,51.0,1650
12/3/2025,Round 1,WS,Pornpawee CHOCHU.. (6) Rank 6 Elo 2291 (+9),19-21 / 21-13 / 21-16,Natsuki NIDAIRA Rank 23 Elo 2016 (-9),80,https://badmintonranks.com/tournament?id=14410,5,All England Open 2025,Pornpawee CHOCHU.. (6),6.0,2291,Natsuki NIDAIRA,23.0,2016
12/3/2025,Round 1,XD,Gregory .. / Jenny MAI.. Rank 44 Elo 1664 (+82),21-17 / 13-21 / 21-13,Hiroki MI.. / Natsu SA.. (8) Rank 12 Elo 2046 (-48),57,https://badmintonranks.com/tournament?id=14410,5,All England Open 2025,Gregory .. / Jenny MAI..,44.0,1664,Hiroki MI.. / Natsu SA.. (8),12.0,2046
12/3/2025,Round 1,WS,CHIU Pin-Chian Rank 27 Elo 1886 (+43),21-16 / 21-9,Busanan ONGBAMRUN.. Rank 10 Elo 2069 (-40),39,https://badmintonranks.com/tournament?id=14410,5,All England Open 2025,CHIU Pin-Chian,27.0,1886,Busanan ONGBAMRUN..,10.0,2069
12/3/2025,Round 1,MD,Peeratch.. / Pakkapon .. Rank 29 Elo 1812 (+33),21-11 / 21-18,Andreas .. / Jesper TO.. Rank 24 Elo 1822 (-33),35,https://badmintonranks.com/tournament?id=14410,5,All England Open 2025,Peeratch.. / Pakkapon ..,29.0,1812,Andreas .. / Jesper TO..,24.0,1822
12/3/2025,Round 1,WD,KIM Hye .. / KONG H.. (8) Rank 11 Elo 2149 (+6),20-22 / 21-16 / 21-19,JEONG .. / LEE Yeon .. Rank 197 Elo 1790 (-7),88,https://badmintonranks.com/tournament?id=14410,5,All England Open 2025,KIM Hye .. / KONG H.. (8),11.0,2149,JEONG .. / LEE Yeon ..,197.0,1790
12/3/2025,Round 1,WD,Gabriela .. / Stefani ST.. Rank 12 Elo 1979 (+12),21-14 / 21-11,CHANG .. / YANG Chi.. Rank 18 Elo 1763 (-15),32,https://badmintonranks.com/tournament?id=14410,5,All England Open 2025,Gabriela .. / Stefani ST..,12.0,1979,CHANG .. / YANG Chi..,18.0,1763
12/3/2025,Round 1,MS,Alex LANIER Rank 10 Elo 2266 (+12),21-10 / 21-18,Rasmus GEMKE Rank 30 Elo 2051 (-12),43,https://badmintonranks.com/tournament?id=14410,5,All England Open 2025,Alex LANIER,10.0,2266,Rasmus GEMKE,30.0,2051
12/3/2025,Round 1,MS,Anders ANTONSEN (2) Rank 3 Elo 2398 (+8),21-15 / 21-8,CHI Yu Jen Rank 32 Elo 2092 (-8),41,https://badmintonranks.com/tournament?id=14410,5,All England Open 2025,Anders ANTONSEN (2),3.0,2398,CHI Yu Jen,32.0,2092
12/3/2025,Round 1,MS,WANG Tzu Wei Rank 25 Elo 2061 (+38),21-13 / 21-16,LU Guang Zu Rank 20 Elo 2217 (-36),42,https://badmintonranks.com/tournament?id=14410,5,All England Open 2025,WANG Tzu Wei,25.0,2061,LU Guang Zu,20.0,2217
12/3/2025,Round 1,MD,KIM Won .. / SEO Seun.. Rank 43 Elo 2089 (+19),21-13 / 21-7,Dechapol.. / Kittinupon.. Rank 42 Elo 1986 (-19),33,https://badmintonranks.com/tournament?id=14410,5,All England Open 2025,KIM Won .. / SEO Seun..,43.0,2089,Dechapol.. / Kittinupon..,42.0,1986
12/3/2025,Round 1,WD,Nami MA.. / Chiharu .. (3) Rank 3 Elo 2218 (+3),21-13 / 21-17,Julie FIN.. / Mai SURR.. Rank 41 Elo 1735 (-4),42,https://badmintonranks.com/tournament?id=14410,5,All England Open 2025,Nami MA.. / Chiharu .. (3),3.0,2218,Julie FIN.. / Mai SURR..,41.0,1735
12/3/2025,Round 1,WD,Treesa J.. / GAYATRI .. Rank 9 Elo 1914 (+11),21-17 / 21-13,SUNG Sh.. / YU Chien .. Rank 15 Elo 1655 (-17),48,https://badmintonranks.com/tournament?id=14410,5,All England Open 2025,Treesa J.. / GAYATRI ..,9.0,1914,SUNG Sh.. / YU Chien ..,15.0,1655
12/3/2025,Round 1,MD,Sabar Ka.. / Moh Reza.. Rank 8 Elo 2025 (+38),21-17 / 22-20,LIANG W.. / WANG C.. (3) Rank 3 Elo 2184 (-37),39,https://badmintonranks.com/tournament?id=14410,5,All England Open 2025,Sabar Ka.. / Moh Reza..,8.0,2025,LIANG W.. / WANG C.. (3),3.0,2184
12/3/2025,Round 1,WS,HAN Yue (4) Rank 4 Elo 2219 (+6),21-11 / 21-9,PAI Yu Po Rank 32 Elo 1873 (-7),34,https://badmintonranks.com/tournament?id=14410,5,All England Open 2025,HAN Yue (4),4.0,2219,PAI Yu Po,32.0,1873
12/3/2025,Round 1,WS,AN Se Young (1) Rank 1 Elo 2675 (+3),21-16 / 21-14,GAO Fang jie Rank 15 Elo 2208 (-4),45,https://badmintonranks.com/tournament?id=14410,5,All England Open 2025,AN Se Young (1),1.0,2675,GAO Fang jie,15.0,2208
12/3/2025,Round 1,WS,HSU Wen Chi Rank 26 Elo 2014 (+33),21-18 / 21-16,Mia BLICHFELDT Rank 24 Elo 2087 (-32),40,https://badmintonranks.com/tournament?id=14410,5,All England Open 2025,HSU Wen Chi,26.0,2014,Mia BLICHFELDT,24.0,2087
12/3/2025,Round 1,MS,Kunlavut VITIDSARN (5) Rank 5 Elo 2389 (+17),22-20 / 21-11,WENG Hong Yang Rank 13 Elo 2253 (-16),53,https://badmintonranks.com/tournament?id=14410,5,All England Open 2025,Kunlavut VITIDSARN (5),5.0,2389,WENG Hong Yang,13.0,2253
12/3/2025,Round 1,MD,KANG Mi.. / KI Dong Ju Rank 45 Elo 1982 (+16),21-14 / 21-12,Nur Mohd.. / TAN Wee .. Rank 23 Elo 1833 (-18),32,https://badmintonranks.com/tournament?id=14410,6,All England Open 2025,KANG Mi.. / KI Dong Ju,45.0,1982,Nur Mohd.. / TAN Wee ..,23.0,1833
12/3/2025,Round 1,MD,GOH Sze.. / Nur IZZU.. (2) Rank 2 Elo 2210 (+6),21-17 / 21-14,KIM Gi Ju.. / KIM Sa R.. Rank 61 Elo 1855 (-7),37,https://badmintonranks.com/tournament?id=14410,6,All England Open 2025,GOH Sze.. / Nur IZZU.. (2),2.0,2210,KIM Gi Ju.. / KIM Sa R..,61.0,1855
12/3/2025,Round 1,WS,CHEN Yu Fei Rank 13 Elo 2524 (+2),21-10 / 21-18,Line Højmark KJAERSF.. Rank 22 Elo 1905 (-1),35,https://badmintonranks.com/tournament?id=14410,6,All England Open 2025,CHEN Yu Fei,13.0,2524,Line Højmark KJAERSF..,22.0,1905
12/3/2025,Round 1,WS,KIM Ga Eun Rank 21 Elo 2177 (+24),19-21 / 21-13 / 21-13,PUSARLA V. Sindhu Rank 16 Elo 2146 (-23),61,https://badmintonranks.com/tournament?id=14410,6,All England Open 2025,KIM Ga Eun,21.0,2177,PUSARLA V. Sindhu,16.0,2146
12/3/2025,Round 1,WS,WANG Zhi Yi (2) Rank 2 Elo 2463 (+5),21-6 / 21-9,Nozomi OKUHARA Rank 30 Elo 2076 (-6),29,https://badmintonranks.com/tournament?id=14410,6,All England Open 2025,WANG Zhi Yi (2),2.0,2463,Nozomi OKUHARA,30.0,2076
12/3/2025,Round 1,WD,BAEK Ha.. / LEE So H.. (1) Rank 1 Elo 2217 (+3),21-9 / 21-4,Priya KO.. / Shruti MIS.. Rank 46 Elo 1719 (-4),27,https://badmintonranks.com/tournament?id=14410,6,All England Open 2025,BAEK Ha.. / LEE So H.. (1),1.0,2217,Priya KO.. / Shruti MIS..,46.0,1719
12/3/2025,Round 1,XD,YANG Po.. / HU Ling .. (4) Rank 6 Elo 1894 (+14),17-21 / 21-12 / 21-19,Callum H.. / Estelle VA.. Rank 35 Elo 1689 (-20),59,https://badmintonranks.com/tournament?id=14410,6,All England Open 2025,YANG Po.. / HU Ling .. (4),6.0,1894,Callum H.. / Estelle VA..,35.0,1689
12/3/2025,Round 1,WS,SIM Yu Jin Rank 17 Elo 2156 (+9),21-6 / 21-17,Kaoru SUGIYAMA Rank 31 Elo 1874 (-9),35,https://badmintonranks.com/tournament?id=14410,6,All England Open 2025,SIM Yu Jin,17.0,2156,Kaoru SUGIYAMA,31.0,1874
12/3/2025,Round 1,XD,Jesper T.. / Amalie M.. Rank 10 Elo 2035 (+6),21-16 / 21-19,WONG Ti.. / LIM Chiew.. Rank 32 Elo 1662 (-10),36,https://badmintonranks.com/tournament?id=14410,6,All England Open 2025,Jesper T.. / Amalie M..,10.0,2035,WONG Ti.. / LIM Chiew..,32.0,1662
12/3/2025,Round 1,MD,Fajar ALF.. / Muhamm.. (4) Rank 4 Elo 2064 (+23),21-17 / 15-21 / 21-17,CHEN Bo.. / LIU Yi Rank 14 Elo 2022 (-23),70,https://badmintonranks.com/tournament?id=14410,6,All England Open 2025,Fajar ALF.. / Muhamm.. (4),4.0,2064,CHEN Bo.. / LIU Yi,14.0,2022
12/3/2025,Round 1,WD,Apriyani .. / Siti Fadia .. Rank 29 Elo 1995 (+13),17-21 / 22-20 / 21-19,HSU Yin-.. / LIN Jhih Y.. Rank 21 Elo 1800 (-16),72,https://badmintonranks.com/tournament?id=14410,6,All England Open 2025,Apriyani .. / Siti Fadia ..,29.0,1995,HSU Yin-.. / LIN Jhih Y..,21.0,1800
12/3/2025,Round 1,XD,LEE Jong.. / CHAE Yu .. Rank 68 Elo 1884 (+15),21-15 / 17-21 / 21-13,Mads VE.. / Christine .. Rank 24 Elo 1695 (-21),58,https://badmintonranks.com/tournament?id=14410,6,All England Open 2025,LEE Jong.. / CHAE Yu ..,68.0,1884,Mads VE.. / Christine ..,24.0,1695
12/3/2025,Round 1,WD,Pearly TA.. / THINAAH.. (5) Rank 5 Elo 2050 (+10),19-21 / 21-15 / 21-13,TENG Ch.. / YANG Ch.. Rank 55 Elo 1800 (-12),51,https://badmintonranks.com/tournament?id=14410,6,All England Open 2025,Pearly TA.. / THINAAH.. (5),5.0,2050,TENG Ch.. / YANG Ch..,55.0,1800
12/3/2025,Round 1,XD,Rehan N.. / Gloria Em.. Rank 110 Elo 1928 (+44),18-21 / 22-20 / 21-11,CHEN Ta.. / TOH Ee .. (2) Rank 4 Elo 2153 (-41),65,https://badmintonranks.com/tournament?id=14410,6,All England Open 2025,Rehan N.. / Gloria Em..,110.0,1928,CHEN Ta.. / TOH Ee .. (2),4.0,2153
12/3/2025,Round 1,MS,LEE Chia Hao Rank 22 Elo 2031 (+35),21-16 / 16-21 / 25-23,LEE Cheuk Yiu Rank 21 Elo 2146 (-35),67,https://badmintonranks.com/tournament?id=14410,6,All England Open 2025,LEE Chia Hao,22.0,2031,LEE Cheuk Yiu,21.0,2146
12/3/2025,Round 1,XD,Rohan K.. / GADDE R.. Rank 40 Elo 1675 (+59),21-10 / 17-21 / 24-22,YE Hong .. / Nicole Go.. Rank 41 Elo 1796 (-44),58,https://badmintonranks.com/tournament?id=14410,6,All England Open 2025,Rohan K.. / GADDE R..,40.0,1675,YE Hong .. / Nicole Go..,41.0,1796
12/3/2025,Round 1,MS,Yushi TANAKA Rank 26 Elo 1964 (+45),21-13 / 15-21 / 21-9,Kodai NARAOKA (8) Rank 8 Elo 2225 (-43),62,https://badmintonranks.com/tournament?id=14410,6,All England Open 2025,Yushi TANAKA,26.0,1964,Kodai NARAOKA (8),8.0,2225
12/3/2025,Round 1,WS,Gregoria Mariska TUN.. (5) Rank 5 Elo 2276 (+11),21-18 / 21-17,Michelle LI Rank 20 Elo 2038 (-11),37,https://badmintonranks.com/tournament?id=14410,6,All England Open 2025,Gregoria Mariska TUN.. (5),5.0,2276,Michelle LI,20.0,2038
12/3/2025,Round 1,XD,FENG Ya.. / WEI Ya X.. (5) Rank Elo 2015 (+17),21-14 / 21-14,Pakkapo.. / Phataimas.. Rank 19 Elo 1871 (-18),33,https://badmintonranks.com/tournament?id=14410,6,All England Open 2025,FENG Ya.. / WEI Ya X.. (5),,2015,Pakkapo.. / Phataimas..,19.0,1871
11/3/2025,Round 1,MD,Muhamm.. / Daniel MA.. Rank 16 Elo 2021 (+37),22-20 / 21-18,Kim AST.. / Anders S.. (1) Rank 1 Elo 2149 (-35),42,https://badmintonranks.com/tournament?id=14410,6,All England Open 2025,Muhamm.. / Daniel MA..,16.0,2021,Kim AST.. / Anders S.. (1),1.0,2149
11/3/2025,Round 1,MD,LIU Kuan.. / YANG Po .. Rank 25 Elo 1704 (+61),21-17 / 21-18,Christo P.. / Toma Juni.. Rank 19 Elo 1895 (-44),44,https://badmintonranks.com/tournament?id=14410,7,All England Open 2025,LIU Kuan.. / YANG Po ..,25.0,1704,Christo P.. / Toma Juni..,19.0,1895
11/3/2025,Round 1,WS,Kirsty GILMOUR Rank 33 Elo 1885 (+34),21-18 / 21-16,SUNG Shuo Yun Rank 19 Elo 1943 (-32),43,https://badmintonranks.com/tournament?id=14410,7,All England Open 2025,Kirsty GILMOUR,33.0,1885,SUNG Shuo Yun,19.0,1943
11/3/2025,Round 1,WD,Francesc.. / Jennie GA.. Rank Elo 1671 (+48),21-15 / 23-21,Amalie C.. / Signe SC.. Rank 43 Elo 1693 (-45),49,https://badmintonranks.com/tournament?id=14410,7,All England Open 2025,Francesc.. / Jennie GA..,,1671,Amalie C.. / Signe SC..,43.0,1693
11/3/2025,Round 1,XD,CHEN Ch.. / HSU Yin-.. Rank 21 Elo 1801 (+42),21-18 / 22-20,TAN Kian.. / LAI Pei Jin.. Rank 16 Elo 1903 (-37),43,https://badmintonranks.com/tournament?id=14410,7,All England Open 2025,CHEN Ch.. / HSU Yin-..,21.0,1801,TAN Kian.. / LAI Pei Jin..,16.0,1903
11/3/2025,Round 1,MD,Ben LANE / Sean VEN.. Rank 11 Elo 2017 (+19),21-18 / 21-19,ONG Yew.. / TEO Ee Yi Rank 31 Elo 1900 (-20),45,https://badmintonranks.com/tournament?id=14410,7,All England Open 2025,Ben LANE / Sean VEN..,11.0,2017,ONG Yew.. / TEO Ee Yi,31.0,1900
11/3/2025,Round 1,WD,HSIEH P.. / HUNG En-.. Rank 16 Elo 1887 (+21),22-20 / 21-18,Tanisha .. / Ashwini P.. Rank 19 Elo 1782 (-24),43,https://badmintonranks.com/tournament?id=14410,7,All England Open 2025,HSIEH P.. / HUNG En-..,16.0,1887,Tanisha .. / Ashwini P..,19.0,1782
11/3/2025,Round 1,MD,Rasmus .. / Frederik S.. Rank 15 Elo 1908 (+40),21-16 / 16-21 / 21-18,Aaron CH.. / SOH Wo.. (5) Rank 5 Elo 2049 (-37),64,https://badmintonranks.com/tournament?id=14410,7,All England Open 2025,Rasmus .. / Frederik S..,15.0,1908,Aaron CH.. / SOH Wo.. (5),5.0,2049
11/3/2025,Round 1,MD,LEE Jhe-.. / YANG Po.. (8) Rank 10 Elo 1895 (+27),21-13 / 16-21 / 21-7,Kenya MI.. / Hiroki OK.. Rank 22 Elo 1874 (-28),44,https://badmintonranks.com/tournament?id=14410,7,All England Open 2025,LEE Jhe-.. / YANG Po.. (8),10.0,1895,Kenya MI.. / Hiroki OK..,22.0,1874
11/3/2025,Round 1,MS,NG Ka Long Angus Rank 19 Elo 2099 (+40),19-21 / 21-16 / 21-12,LEE Zii Jia (7) Rank 7 Elo 2293 (-39),62,https://badmintonranks.com/tournament?id=14410,7,All England Open 2025,NG Ka Long Angus,19.0,2099,LEE Zii Jia (7),7.0,2293
11/3/2025,Round 1,WD,LI Yi jing / LUO Xu .. (7) Rank 6 Elo 2059 (+5),21-16 / 21-15,Polina B.. / Yevheniia .. Rank 22 Elo 1643 (-8),35,https://badmintonranks.com/tournament?id=14410,7,All England Open 2025,LI Yi jing / LUO Xu .. (7),6.0,2059,Polina B.. / Yevheniia ..,22.0,1643
11/3/2025,Round 1,WS,Tomoka MIYAZAKI (7) Rank 8 Elo 2098 (+12),21-6 / 21-17,Julie Dawall JAKOBSEN Rank 34 Elo 1891 (-14),32,https://badmintonranks.com/tournament?id=14410,7,All England Open 2025,Tomoka MIYAZAKI (7),8.0,2098,Julie Dawall JAKOBSEN,34.0,1891
11/3/2025,Round 1,WD,JIA Yi Fan / ZHANG S.. Rank 27 Elo 2085 (+3),21-12 / 21-6,Julie MA.. / Ciara TOR.. Rank 37 Elo 1636 (-7),33,https://badmintonranks.com/tournament?id=14410,7,All England Open 2025,JIA Yi Fan / ZHANG S..,27.0,2085,Julie MA.. / Ciara TOR..,37.0,1636
11/3/2025,Round 1,MS,SHI Yu Qi (1) Rank 1 Elo 2504 (+2),21-13 / 21-8,Chico Aura DWI WARD.. Rank 34 Elo 1951 (-2),34,https://badmintonranks.com/tournament?id=14410,7,All England Open 2025,SHI Yu Qi (1),1.0,2504,Chico Aura DWI WARD..,34.0,1951
11/3/2025,Round 1,MD,Leo Rolly.. / Bagas MA.. Rank 18 Elo 1994 (+18),21-14 / 21-11,LEE Fan.. / LEE Fang-.. Rank 21 Elo 1878 (-20),31,https://badmintonranks.com/tournament?id=14410,7,All England Open 2025,Leo Rolly.. / Bagas MA..,18.0,1994,LEE Fan.. / LEE Fang-..,21.0,1878
11/3/2025,Round 1,XD,Thom GI.. / Delphine .. (3) Rank 8 Elo 2059 (+9),22-20 / 21-15,ZHU Yi J.. / ZHANG C.. Rank 82 Elo 1776 (-11),44,https://badmintonranks.com/tournament?id=14410,7,All England Open 2025,Thom GI.. / Delphine .. (3),8.0,2059,ZHU Yi J.. / ZHANG C..,82.0,1776
11/3/2025,Round 1,WS,ZHANG Beiwen Rank 14 Elo 2172 (+29),12-21 / 21-18 / 21-19,Ratchanok INTANON Rank 9 Elo 2211 (-29),53,https://badmintonranks.com/tournament?id=14410,7,All England Open 2025,ZHANG Beiwen,14.0,2172,Ratchanok INTANON,9.0,2211
11/3/2025,Round 1,WS,Malvika BANSOD Rank 28 Elo 1899 (+50),21-13 / 10-21 / 21-17,YEO Jia Min Rank 12 Elo 2226 (-45),63,https://badmintonranks.com/tournament?id=14410,7,All England Open 2025,Malvika BANSOD,28.0,1899,YEO Jia Min,12.0,2226
11/3/2025,Round 1,XD,KI Dong J.. / JEONG N.. Rank Elo 1778 (+48),21-17 / 21-18,HOO Pan.. / CHENG S.. Rank 13 Elo 1930 (-40),36,https://badmintonranks.com/tournament?id=14410,7,All England Open 2025,KI Dong J.. / JEONG N..,,1778,HOO Pan.. / CHENG S..,13.0,1930
11/3/2025,Round 1,MS,LOH Kean Yew Rank 14 Elo 2122 (+25),21-18 / 19-21 / 21-16,Jia Heng Jason TEH Rank 23 Elo 2108 (-26),72,https://badmintonranks.com/tournament?id=14410,7,All England Open 2025,LOH Kean Yew,14.0,2122,Jia Heng Jason TEH,23.0,2108
11/3/2025,Round 1,MS,Lakshya SEN Rank 15 Elo 2170 (+12),13-21 / 21-17 / 21-15,SU Li Yang Rank 37 Elo 1957 (-13),75,https://badmintonranks.com/tournament?id=14410,7,All England Open 2025,Lakshya SEN,15.0,2170,SU Li Yang,37.0,1957
11/3/2025,Round 1,XD,JIANG Zh.. / HUANG .. (5) Rank Elo 2015 (+7),21-7 / 21-9,HEE Yon.. / JIN Yu Jia Rank 46 Elo 1685 (-11),24,https://badmintonranks.com/tournament?id=14410,8,All England Open 2025,JIANG Zh.. / HUANG .. (5),,2015,HEE Yon.. / JIN Yu Jia,46.0,1685
11/3/2025,Round 1,MS,Jonatan CHRISTIE (3) Rank 2 Elo 2346 (+12),21-11 / 21-19,LEONG Jun Hao Rank 24 Elo 2127 (-12),41,https://badmintonranks.com/tournament?id=14410,8,All England Open 2025,Jonatan CHRISTIE (3),2.0,2346,LEONG Jun Hao,24.0,2127
11/3/2025,Round 1,WD,Rin IWAN.. / Kie NAK.. (4) Rank 4 Elo 2102 (+9),17-21 / 21-12 / 21-16,YEUNG .. / YEUNG P.. Rank 14 Elo 1835 (-11),71,https://badmintonranks.com/tournament?id=14410,8,All England Open 2025,Rin IWAN.. / Kie NAK.. (4),4.0,2102,YEUNG .. / YEUNG P..,14.0,1835
11/3/2025,Round 1,WD,Yuki FUK.. / Mayu MA.. (6) Rank 24 Elo 2098 (+7),21-15 / 21-13,HU Ling .. / JHENG Y.. Rank 32 Elo 1767 (-9),40,https://badmintonranks.com/tournament?id=14410,8,All England Open 2025,Yuki FUK.. / Mayu MA.. (6),24.0,2098,HU Ling .. / JHENG Y..,32.0,1767
11/3/2025,Round 1,WS,Putri Kusuma WARDANI Rank 11 Elo 2121 (+28),21-13 / 21-11,Supanida KATETHONG (8) Rank 7 Elo 2139 (-27),33,https://badmintonranks.com/tournament?id=14410,8,All England Open 2025,Putri Kusuma WARDANI,11.0,2121,Supanida KATETHONG (8),7.0,2139
11/3/2025,Round 1,XD,GUO Xin .. / CHEN Fa.. (7) Rank 7 Elo 2078 (+5),21-6 / 21-15,Sathish K.. / Aadya VA.. Rank 36 Elo 1692 (-9),29,https://badmintonranks.com/tournament?id=14410,8,All England Open 2025,GUO Xin .. / CHEN Fa.. (7),7.0,2078,Sathish K.. / Aadya VA..,36.0,1692
11/3/2025,Round 1,WS,Akane YAMAGUCHI (3) Rank 3 Elo 2399 (+6),21-19 / 21-12,NGUYEN Thuy Linh Rank 29 Elo 2025 (-6),35,https://badmintonranks.com/tournament?id=14410,8,All England Open 2025,Akane YAMAGUCHI (3),3.0,2399,NGUYEN Thuy Linh,29.0,2025
11/3/2025,Round 1,WD,Febriana .. / Amallia C.. Rank 8 Elo 1916 (+26),21-7 / 21-9,Laksika K.. / Phataimas.. Rank 13 Elo 1883 (-27),29,https://badmintonranks.com/tournament?id=14410,8,All England Open 2025,Febriana .. / Amallia C..,8.0,1916,Laksika K.. / Phataimas..,13.0,1883
11/3/2025,Round 1,XD,LU Ming .. / HUNG En-.. Rank 39 Elo 1751 (+42),13-21 / 22-20 / 21-18,Rasmus .. / Amalie Ce.. Rank 38 Elo 1803 (-38),61,https://badmintonranks.com/tournament?id=14410,8,All England Open 2025,LU Ming .. / HUNG En-..,39.0,1751,Rasmus .. / Amalie Ce..,38.0,1803
11/3/2025,Round 1,MS,CHOU Tien Chen Rank 9 Elo 2206 (+14),21-10 / 21-12,Christo POPOV Rank 27 Elo 2033 (-14),41,https://badmintonranks.com/tournament?id=14410,8,All England Open 2025,CHOU Tien Chen,9.0,2206,Christo POPOV,27.0,2033
11/3/2025,Round 1,MS,LI Shi Feng (6) Rank 6 Elo 2254 (+5),21-11 / 18-21 / 21-16,Brian YANG Rank 33 Elo 1895 (-6),74,https://badmintonranks.com/tournament?id=14410,8,All England Open 2025,LI Shi Feng (6),6.0,2254,Brian YANG,33.0,1895
11/3/2025,Round 1,MS,Toma Junior POPOV Rank 17 Elo 2140 (+19),21-19 / 21-16,PRANNOY H. S. Rank 29 Elo 2034 (-19),53,https://badmintonranks.com/tournament?id=14410,8,All England Open 2025,Toma Junior POPOV,17.0,2140,PRANNOY H. S.,29.0,2034
11/3/2025,Round 1,XD,Alexande.. / Julie MAC.. Rank 33 Elo 1695 (+48),21-9 / 22-20,Ty Alexan.. / Josephine.. Rank 77 Elo 1747 (-42),32,https://badmintonranks.com/tournament?id=14410,8,All England Open 2025,Alexande.. / Julie MAC..,33.0,1695,Ty Alexan.. / Josephine..,77.0,1747
11/3/2025,Round 1,MD,HUANG .. / LIU Yang Rank 37 Elo 1801 (+45),21-18 / 16-21 / 21-17,Junaidi A.. / YAP Roy .. Rank 17 Elo 1939 (-39),69,https://badmintonranks.com/tournament?id=14410,8,All England Open 2025,HUANG .. / LIU Yang,37.0,1801,Junaidi A.. / YAP Roy ..,17.0,1939
11/3/2025,Round 1,XD,GOH Soo.. / LAI Shev.. (1) Rank 3 Elo 2035 (+36),22-20 / 9-21 / 21-18,Dechapol.. / Supissara .. Rank 14 Elo 2171 (-36),60,https://badmintonranks.com/tournament?id=14410,8,All England Open 2025,GOH Soo.. / LAI Shev.. (1),3.0,2035,Dechapol.. / Supissara ..,14.0,2171
17/3/2024,Final,MD,Fajar ALF.. / Muhamm.. (7) Rank 7 Elo 2174 (+28),21-16 / 21-16,Aaron CH.. / SOH Wo.. (5) Rank 5 Elo 2179 (-29),44,https://badmintonranks.com/tournament?id=12291,1,All England Open 2024,Fajar ALF.. / Muhamm.. (7),7.0,2174,Aaron CH.. / SOH Wo.. (5),5.0,2179
17/3/2024,Final,XD,ZHENG .. / HUANG .. (1) Rank 1 Elo 2500 (+13),21-16 / 21-11,Yuta WAT.. / Arisa IGA.. (2) Rank 2 Elo 2288 (-13),38,https://badmintonranks.com/tournament?id=12291,1,All England Open 2024,ZHENG .. / HUANG .. (1),1.0,2500,Yuta WAT.. / Arisa IGA.. (2),2.0,2288
17/3/2024,Final,MS,Jonatan CHRISTIE Rank 9 Elo 2298 (+32),21-15 / 21-14,Anthony Sinisuka GIN.. (5) Rank 5 Elo 2342 (-32),55,https://badmintonranks.com/tournament?id=12291,1,All England Open 2024,Jonatan CHRISTIE,9.0,2298,Anthony Sinisuka GIN.. (5),5.0,2342
17/3/2024,Final,WS,Carolina MARIN (5) Rank 5 Elo 2497 (+13),26-24 / 11-1 Ret.,Akane YAMAGUCHI (4) Rank 4 Elo 2559 (-13),50,https://badmintonranks.com/tournament?id=12291,1,All England Open 2024,Carolina MARIN (5),5.0,2497,Akane YAMAGUCHI (4),4.0,2559
17/3/2024,Final,WD,BAEK Ha.. / LEE So H.. (2) Rank 2 Elo 2325 (+26),21-19 / 11-21 / 21-17,Nami MA.. / Chiharu .. (6) Rank 5 Elo 2295 (-25),90,https://badmintonranks.com/tournament?id=12291,1,All England Open 2024,BAEK Ha.. / LEE So H.. (2),2.0,2325,Nami MA.. / Chiharu .. (6),5.0,2295
16/3/2024,Semi final,MD,Fajar ALF.. / Muhamm.. (7) Rank 7 Elo 2142 (+32),21-18 / 21-18,Takuro H.. / Yugo KO.. (6) Rank 6 Elo 2191 (-31),40,https://badmintonranks.com/tournament?id=12291,1,All England Open 2024,Fajar ALF.. / Muhamm.. (7),7.0,2142,Takuro H.. / Yugo KO.. (6),6.0,2191
16/3/2024,Semi final,XD,ZHENG .. / HUANG .. (1) Rank 1 Elo 2481 (+19),21-14 / 21-13,FENG Ya.. / HUANG .. (4) Rank 4 Elo 2379 (-20),39,https://badmintonranks.com/tournament?id=12291,1,All England Open 2024,ZHENG .. / HUANG .. (1),1.0,2481,FENG Ya.. / HUANG .. (4),4.0,2379
16/3/2024,Semi final,MD,Aaron CH.. / SOH Wo.. (5) Rank 5 Elo 2148 (+31),21-16 / 21-15,LEE Jhe-.. / YANG Po-.. Rank 15 Elo 2196 (-32),36,https://badmintonranks.com/tournament?id=12291,1,All England Open 2024,Aaron CH.. / SOH Wo.. (5),5.0,2148,LEE Jhe-.. / YANG Po-..,15.0,2196
16/3/2024,Semi final,WS,Carolina MARIN (5) Rank 5 Elo 2458 (+39),21-13 / 21-12,TAI Tzu Ying (3) Rank 3 Elo 2617 (-39),46,https://badmintonranks.com/tournament?id=12291,1,All England Open 2024,Carolina MARIN (5),5.0,2458,TAI Tzu Ying (3),3.0,2617
16/3/2024,Semi final,XD,Yuta WAT.. / Arisa IGA.. (2) Rank 2 Elo 2274 (+14),21-14 / 21-16,Robin TA.. / Selena PI.. Rank 15 Elo 2082 (-14),38,https://badmintonranks.com/tournament?id=12291,1,All England Open 2024,Yuta WAT.. / Arisa IGA.. (2),2.0,2274,Robin TA.. / Selena PI..,15.0,2082
16/3/2024,Semi final,MS,Jonatan CHRISTIE Rank 9 Elo 2269 (+29),21-12 / 10-21 / 21-15,Lakshya SEN Rank 18 Elo 2288 (-29),68,https://badmintonranks.com/tournament?id=12291,1,All England Open 2024,Jonatan CHRISTIE,9.0,2269,Lakshya SEN,18.0,2288
16/3/2024,Semi final,WS,Akane YAMAGUCHI (4) Rank 4 Elo 2517 (+42),21-10 / 19-21 / 21-14,AN Se Young (1) Rank 1 Elo 2727 (-42),82,https://badmintonranks.com/tournament?id=12291,1,All England Open 2024,Akane YAMAGUCHI (4),4.0,2517,AN Se Young (1),1.0,2727
16/3/2024,Semi final,WD,BAEK Ha.. / LEE So H.. (2) Rank 2 Elo 2308 (+17),21-17 / 18-21 / 21-16,KIM So Y.. / KONG H.. (3) Rank 4 Elo 2178 (-18),86,https://badmintonranks.com/tournament?id=12291,1,All England Open 2024,BAEK Ha.. / LEE So H.. (2),2.0,2308,KIM So Y.. / KONG H.. (3),4.0,2178
16/3/2024,Semi final,MS,Anthony Sinisuka GIN.. (5) Rank 5 Elo 2325 (+17),19-21 / 21-5 / 21-11,Christo POPOV Rank 24 Elo 2189 (-18),75,https://badmintonranks.com/tournament?id=12291,1,All England Open 2024,Anthony Sinisuka GIN.. (5),5.0,2325,Christo POPOV,24.0,2189
16/3/2024,Semi final,WD,Nami MA.. / Chiharu .. (6) Rank 5 Elo 2275 (+20),21-15 / 21-12,Rena MI.. / Ayako SA.. Rank 11 Elo 2180 (-21),48,https://badmintonranks.com/tournament?id=12291,1,All England Open 2024,Nami MA.. / Chiharu .. (6),5.0,2275,Rena MI.. / Ayako SA..,11.0,2180
15/3/2024,Quarter final,MD,Aaron CH.. / SOH Wo.. (5) Rank 5 Elo 2123 (+25),21-14 / 21-11,Muhamm.. / Bagas MA.. Rank 9 Elo 2085 (-25),31,https://badmintonranks.com/tournament?id=12291,1,All England Open 2024,Aaron CH.. / SOH Wo.. (5),5.0,2123,Muhamm.. / Bagas MA..,9.0,2085
15/3/2024,Quarter final,MD,Takuro H.. / Yugo KO.. (6) Rank 6 Elo 2165 (+26),14-21 / 21-15 / 21-9,HE Ji Ting / REN Xian.. Rank 13 Elo 2153 (-27),53,https://badmintonranks.com/tournament?id=12291,1,All England Open 2024,Takuro H.. / Yugo KO.. (6),6.0,2165,HE Ji Ting / REN Xian..,13.0,2153
15/3/2024,Quarter final,MD,Fajar ALF.. / Muhamm.. (7) Rank 7 Elo 2120 (+22),21-14 / 24-22,LEE Yang / WANG Ch.. Rank 10 Elo 2054 (-23),45,https://badmintonranks.com/tournament?id=12291,1,All England Open 2024,Fajar ALF.. / Muhamm.. (7),7.0,2120,LEE Yang / WANG Ch..,10.0,2054
15/3/2024,Quarter final,XD,Robin TA.. / Selena PI.. Rank 15 Elo 2048 (+34),11-21 / 21-19 / 21-19,YE Hong .. / LEE Chia .. Rank 12 Elo 2128 (-33),53,https://badmintonranks.com/tournament?id=12291,1,All England Open 2024,Robin TA.. / Selena PI..,15.0,2048,YE Hong .. / LEE Chia ..,12.0,2128
15/3/2024,Quarter final,MS,Jonatan CHRISTIE Rank 9 Elo 2261 (+8),21-12 Ret.,SHI Yu Qi (2) Rank 2 Elo 2509 (-9),23,https://badmintonranks.com/tournament?id=12291,1,All England Open 2024,Jonatan CHRISTIE,9.0,2261,SHI Yu Qi (2),2.0,2509
15/3/2024,Quarter final,MD,LEE Jhe-.. / YANG Po-.. Rank 15 Elo 2183 (+13),21-13 / 21-17,Supak JO.. / Kittinupon.. Rank 30 Elo 1979 (-13),27,https://badmintonranks.com/tournament?id=12291,2,All England Open 2024,LEE Jhe-.. / YANG Po-..,15.0,2183,Supak JO.. / Kittinupon..,30.0,1979
15/3/2024,Quarter final,WS,Carolina MARIN (5) Rank 5 Elo 2422 (+36),21-17 / 21-15,CHEN Yu Fei (2) Rank 2 Elo 2545 (-36),55,https://badmintonranks.com/tournament?id=12291,2,All England Open 2024,Carolina MARIN (5),5.0,2422,CHEN Yu Fei (2),2.0,2545
15/3/2024,Quarter final,MS,Lakshya SEN Rank 18 Elo 2258 (+30),20-22 / 21-16 / 21-19,LEE Zii Jia Rank 10 Elo 2292 (-29),71,https://badmintonranks.com/tournament?id=12291,2,All England Open 2024,Lakshya SEN,18.0,2258,LEE Zii Jia,10.0,2292
15/3/2024,Quarter final,XD,Yuta WAT.. / Arisa IGA.. (2) Rank 2 Elo 2249 (+25),21-15 / 21-17,KIM Won .. / JEONG .. (7) Rank 7 Elo 2222 (-25),41,https://badmintonranks.com/tournament?id=12291,2,All England Open 2024,Yuta WAT.. / Arisa IGA.. (2),2.0,2249,KIM Won .. / JEONG .. (7),7.0,2222
15/3/2024,Quarter final,MS,Anthony Sinisuka GIN.. (5) Rank 5 Elo 2282 (+43),8-21 / 21-18 / 21-19,Viktor AXELSEN (1) Rank 1 Elo 2515 (-43),69,https://badmintonranks.com/tournament?id=12291,2,All England Open 2024,Anthony Sinisuka GIN.. (5),5.0,2282,Viktor AXELSEN (1),1.0,2515
15/3/2024,Quarter final,WD,BAEK Ha.. / LEE So H.. (2) Rank 2 Elo 2291 (+17),21-16 / 21-15,Yuki FUK.. / Sayaka H.. (7) Rank 7 Elo 2158 (-18),54,https://badmintonranks.com/tournament?id=12291,2,All England Open 2024,BAEK Ha.. / LEE So H.. (2),2.0,2291,Yuki FUK.. / Sayaka H.. (7),7.0,2158
15/3/2024,Quarter final,WS,TAI Tzu Ying (3) Rank 3 Elo 2603 (+14),16-21 / 21-16 / 22-20,HE Bing Jiao (6) Rank 6 Elo 2411 (-13),75,https://badmintonranks.com/tournament?id=12291,2,All England Open 2024,TAI Tzu Ying (3),3.0,2603,HE Bing Jiao (6),6.0,2411
15/3/2024,Quarter final,WD,KIM So Y.. / KONG H.. (3) Rank 4 Elo 2145 (+33),15-21 / 21-18 / 21-18,ZHANG .. / ZHENG .. (5) Rank 6 Elo 2210 (-32),81,https://badmintonranks.com/tournament?id=12291,2,All England Open 2024,KIM So Y.. / KONG H.. (3),4.0,2145,ZHANG .. / ZHENG .. (5),6.0,2210
15/3/2024,Quarter final,MS,Christo POPOV Rank 24 Elo 2161 (+28),21-17 / 21-10,Koki WATANABE Rank 20 Elo 2167 (-28),45,https://badmintonranks.com/tournament?id=12291,2,All England Open 2024,Christo POPOV,24.0,2161,Koki WATANABE,20.0,2167
15/3/2024,Quarter final,XD,FENG Ya.. / HUANG .. (4) Rank 4 Elo 2364 (+15),21-15 / 21-8,TANG Ch.. / TSE Ying.. (8) Rank 8 Elo 2204 (-15),36,https://badmintonranks.com/tournament?id=12291,2,All England Open 2024,FENG Ya.. / HUANG .. (4),4.0,2364,TANG Ch.. / TSE Ying.. (8),8.0,2204
15/3/2024,Quarter final,XD,ZHENG .. / HUANG .. (1) Rank 1 Elo 2477 (+4),21-11 / 21-19,Dejan FE.. / Gloria Em.. Rank 19 Elo 2038 (-4),40,https://badmintonranks.com/tournament?id=12291,2,All England Open 2024,ZHENG .. / HUANG .. (1),1.0,2477,Dejan FE.. / Gloria Em..,19.0,2038
15/3/2024,Quarter final,WS,AN Se Young (1) Rank 1 Elo 2723 (+4),21-16 / 21-19,HAN Yue (8) Rank 8 Elo 2284 (-4),46,https://badmintonranks.com/tournament?id=12291,2,All England Open 2024,AN Se Young (1),1.0,2723,HAN Yue (8),8.0,2284
15/3/2024,Quarter final,WD,Nami MA.. / Chiharu .. (6) Rank 5 Elo 2272 (+3),6-0 Ret.,Benyapa .. / Nuntakarn.. Rank 14 Elo 2150 (-3),3,https://badmintonranks.com/tournament?id=12291,2,All England Open 2024,Nami MA.. / Chiharu .. (6),5.0,2272,Benyapa .. / Nuntakarn..,14.0,2150
15/3/2024,Quarter final,WD,Rena MI.. / Ayako SA.. Rank 11 Elo 2161 (+19),11-21 / 21-18 / 21-18,Pearly TA.. / THINAAH .. Rank 16 Elo 2047 (-19),73,https://badmintonranks.com/tournament?id=12291,2,All England Open 2024,Rena MI.. / Ayako SA..,11.0,2161,Pearly TA.. / THINAAH ..,16.0,2047
15/3/2024,Quarter final,WS,Akane YAMAGUCHI (4) Rank 4 Elo 2506 (+11),21-10 / 20-22 / 21-18,Gregoria Mariska TUN.. (7) Rank 7 Elo 2277 (-12),62,https://badmintonranks.com/tournament?id=12291,2,All England Open 2024,Akane YAMAGUCHI (4),4.0,2506,Gregoria Mariska TUN.. (7),7.0,2277
14/3/2024,Round 2,WD,Yuki FUK.. / Sayaka H.. (7) Rank 7 Elo 2148 (+10),21-17 / 19-21 / 21-19,Setyana .. / Angela YU Rank 35 Elo 1879 (-10),86,https://badmintonranks.com/tournament?id=12291,2,All England Open 2024,Yuki FUK.. / Sayaka H.. (7),7.0,2148,Setyana .. / Angela YU,35.0,1879
14/3/2024,Round 2,MD,Muhamm.. / Bagas MA.. Rank 9 Elo 2039 (+46),21-16 / 21-15,Satwiksai.. / Chirag S.. (1) Rank 1 Elo 2349 (-44),41,https://badmintonranks.com/tournament?id=12291,2,All England Open 2024,Muhamm.. / Bagas MA..,9.0,2039,Satwiksai.. / Chirag S.. (1),1.0,2349
14/3/2024,Round 2,WD,BAEK Ha.. / LEE So H.. (2) Rank 2 Elo 2279 (+12),21-16 / 21-14,Rin IWAN.. / Kie NAKA.. Rank 13 Elo 2061 (-12),48,https://badmintonranks.com/tournament?id=12291,2,All England Open 2024,BAEK Ha.. / LEE So H.. (2),2.0,2279,Rin IWAN.. / Kie NAKA..,13.0,2061
14/3/2024,Round 2,MD,Fajar ALF.. / Muhamm.. (7) Rank 7 Elo 2102 (+18),18-21 / 21-17 / 21-18,Akira KO.. / Taichi SAI.. Rank 16 Elo 1986 (-19),72,https://badmintonranks.com/tournament?id=12291,2,All England Open 2024,Fajar ALF.. / Muhamm.. (7),7.0,2102,Akira KO.. / Taichi SAI..,16.0,1986
14/3/2024,Round 2,MD,Aaron CH.. / SOH Wo.. (5) Rank 5 Elo 2115 (+8),21-18 / 24-22,CHANG .. / PO Li-Wei Rank 39 Elo 1814 (-10),46,https://badmintonranks.com/tournament?id=12291,2,All England Open 2024,Aaron CH.. / SOH Wo.. (5),5.0,2115,CHANG .. / PO Li-Wei,39.0,1814
14/3/2024,Round 2,MD,HE Ji Ting / REN Xian.. Rank 13 Elo 2137 (+16),21-15 / 21-12,Rasmus .. / Frederik S.. Rank 17 Elo 1986 (-16),35,https://badmintonranks.com/tournament?id=12291,3,All England Open 2024,HE Ji Ting / REN Xian..,13.0,2137,Rasmus .. / Frederik S..,17.0,1986
14/3/2024,Round 2,WS,Carolina MARIN (5) Rank 5 Elo 2395 (+27),21-13 / 21-8,WANG Zhi Yi Rank 9 Elo 2418 (-28),41,https://badmintonranks.com/tournament?id=12291,3,All England Open 2024,Carolina MARIN (5),5.0,2395,WANG Zhi Yi,9.0,2418
14/3/2024,Round 2,XD,Yuta WAT.. / Arisa IGA.. (2) Rank 2 Elo 2241 (+8),21-19 / 21-12,LEE Chu.. / NG Tsz Ya.. Rank 23 Elo 1959 (-9),36,https://badmintonranks.com/tournament?id=12291,3,All England Open 2024,Yuta WAT.. / Arisa IGA.. (2),2.0,2241,LEE Chu.. / NG Tsz Ya..,23.0,1959
14/3/2024,Round 2,MD,LEE Yang / WANG Ch.. Rank 10 Elo 2012 (+42),22-20 / 19-21 / 21-16,LIANG W.. / WANG C.. (2) Rank 3 Elo 2228 (-40),67,https://badmintonranks.com/tournament?id=12291,3,All England Open 2024,LEE Yang / WANG Ch..,10.0,2012,LIANG W.. / WANG C.. (2),3.0,2228
14/3/2024,Round 2,MD,LEE Jhe-.. / YANG Po-.. Rank 15 Elo 2159 (+24),21-18 / 21-16,LIU Yu C.. / OU Xuan .. (8) Rank 8 Elo 2130 (-24),37,https://badmintonranks.com/tournament?id=12291,3,All England Open 2024,LEE Jhe-.. / YANG Po-..,15.0,2159,LIU Yu C.. / OU Xuan .. (8),8.0,2130
14/3/2024,Round 2,MD,Supak JO.. / Kittinupon.. Rank 30 Elo 1933 (+46),21-12 / 5-21 / 21-19,Kim AST.. / Anders S.. (4) Rank 4 Elo 2201 (-43),50,https://badmintonranks.com/tournament?id=12291,3,All England Open 2024,Supak JO.. / Kittinupon..,30.0,1933,Kim AST.. / Anders S.. (4),4.0,2201
14/3/2024,Round 2,WD,KIM So Y.. / KONG H.. (3) Rank 4 Elo 2139 (+6),21-9 / 21-11,Catherine.. / Josephine.. Rank 28 Elo 1785 (-8),28,https://badmintonranks.com/tournament?id=12291,3,All England Open 2024,KIM So Y.. / KONG H.. (3),4.0,2139,Catherine.. / Josephine..,28.0,1785
14/3/2024,Round 2,WD,Nami MA.. / Chiharu .. (6) Rank 5 Elo 2270 (+2),21-7 / 21-5,Paula Lyn.. / Lauren LAM Rank 42 Elo 1688 (-3),25,https://badmintonranks.com/tournament?id=12291,3,All England Open 2024,Nami MA.. / Chiharu .. (6),5.0,2270,Paula Lyn.. / Lauren LAM,42.0,1688
14/3/2024,Round 2,WS,CHEN Yu Fei (2) Rank 2 Elo 2539 (+6),22-20 / 21-16,Busanan ONGBAMRUN.. Rank 21 Elo 2183 (-6),49,https://badmintonranks.com/tournament?id=12291,3,All England Open 2024,CHEN Yu Fei (2),2.0,2539,Busanan ONGBAMRUN..,21.0,2183
14/3/2024,Round 2,XD,ZHENG .. / HUANG .. (1) Rank 1 Elo 2471 (+6),21-16 / 21-17,Mathias .. / Alexandra .. Rank 10 Elo 2096 (-6),38,https://badmintonranks.com/tournament?id=12291,3,All England Open 2024,ZHENG .. / HUANG .. (1),1.0,2471,Mathias .. / Alexandra ..,10.0,2096
14/3/2024,Round 2,XD,KIM Won .. / JEONG .. (7) Rank 7 Elo 2211 (+11),21-14 / 21-15,HEE Yon.. / TAN Wei .. Rank 20 Elo 1967 (-11),35,https://badmintonranks.com/tournament?id=12291,3,All England Open 2024,KIM Won .. / JEONG .. (7),7.0,2211,HEE Yon.. / TAN Wei ..,20.0,1967
14/3/2024,Round 2,WD,ZHANG .. / ZHENG .. (5) Rank 6 Elo 2203 (+7),11-21 / 21-11 / 21-11,Tanisha .. / Ashwini P.. Rank 23 Elo 1872 (-8),55,https://badmintonranks.com/tournament?id=12291,3,All England Open 2024,ZHANG .. / ZHENG .. (5),6.0,2203,Tanisha .. / Ashwini P..,23.0,1872
14/3/2024,Round 2,XD,Dejan FE.. / Gloria Em.. Rank 19 Elo 2025 (+13),21-17 / 21-9,Marcus E.. / Lauren S.. Rank 28 Elo 1829 (-15),42,https://badmintonranks.com/tournament?id=12291,3,All England Open 2024,Dejan FE.. / Gloria Em..,19.0,2025,Marcus E.. / Lauren S..,28.0,1829
14/3/2024,Round 2,MD,Takuro H.. / Yugo KO.. (6) Rank 6 Elo 2155 (+10),21-18 / 21-12,Kenya MI.. / Hiroki OK.. Rank 27 Elo 1894 (-10),36,https://badmintonranks.com/tournament?id=12291,3,All England Open 2024,Takuro H.. / Yugo KO.. (6),6.0,2155,Kenya MI.. / Hiroki OK..,27.0,1894
14/3/2024,Round 2,MS,Lakshya SEN Rank 18 Elo 2219 (+39),24-22 / 11-21 / 21-14,Anders ANTONSEN (4) Rank 3 Elo 2411 (-39),80,https://badmintonranks.com/tournament?id=12291,3,All England Open 2024,Lakshya SEN,18.0,2219,Anders ANTONSEN (4),3.0,2411
14/3/2024,Round 2,WD,Pearly TA.. / THINAAH .. Rank 16 Elo 1997 (+50),22-20 / 21-16,CHEN Qi.. / JIA Yi Fan (1) Rank 1 Elo 2452 (-48),49,https://badmintonranks.com/tournament?id=12291,3,All England Open 2024,Pearly TA.. / THINAAH ..,16.0,1997,CHEN Qi.. / JIA Yi Fan (1),1.0,2452
14/3/2024,Round 2,WS,Gregoria Mariska TUN.. (7) Rank 7 Elo 2255 (+22),21-19 / 24-22,ZHANG Beiwen Rank 10 Elo 2198 (-21),39,https://badmintonranks.com/tournament?id=12291,3,All England Open 2024,Gregoria Mariska TUN.. (7),7.0,2255,ZHANG Beiwen,10.0,2198
14/3/2024,Round 2,XD,FENG Ya.. / HUANG .. (4) Rank 4 Elo 2360 (+4),21-12 / 21-5,GOH Soo.. / LAI Shevo.. Rank 14 Elo 1931 (-4),28,https://badmintonranks.com/tournament?id=12291,3,All England Open 2024,FENG Ya.. / HUANG .. (4),4.0,2360,GOH Soo.. / LAI Shevo..,14.0,1931
14/3/2024,Round 2,MS,SHI Yu Qi (2) Rank 2 Elo 2503 (+6),21-19 / 21-10,Chico Aura DWI WARD.. Rank 29 Elo 2137 (-6),39,https://badmintonranks.com/tournament?id=12291,3,All England Open 2024,SHI Yu Qi (2),2.0,2503,Chico Aura DWI WARD..,29.0,2137
14/3/2024,Round 2,WS,Akane YAMAGUCHI (4) Rank 4 Elo 2499 (+7),21-17 / 9-21 / 21-19,Pornpawee CHOCHUW.. Rank 16 Elo 2183 (-7),60,https://badmintonranks.com/tournament?id=12291,3,All England Open 2024,Akane YAMAGUCHI (4),4.0,2499,Pornpawee CHOCHUW..,16.0,2183
14/3/2024,Round 2,MS,Viktor AXELSEN (1) Rank 1 Elo 2507 (+8),21-19 / 21-14,WENG Hong Yang Rank 15 Elo 2213 (-8),48,https://badmintonranks.com/tournament?id=12291,4,All England Open 2024,Viktor AXELSEN (1),1.0,2507,WENG Hong Yang,15.0,2213
14/3/2024,Round 2,MS,Jonatan CHRISTIE Rank 9 Elo 2229 (+32),21-19 / 18-21 / 21-13,Kunlavut VITIDSARN (8) Rank 7 Elo 2310 (-31),70,https://badmintonranks.com/tournament?id=12291,4,All England Open 2024,Jonatan CHRISTIE,9.0,2229,Kunlavut VITIDSARN (8),7.0,2310
14/3/2024,Round 2,WD,Benyapa .. / Nuntakarn.. Rank 14 Elo 2111 (+39),21-16 / 23-21,LIU Shen.. / TAN Ning (4) Rank 3 Elo 2307 (-39),49,https://badmintonranks.com/tournament?id=12291,4,All England Open 2024,Benyapa .. / Nuntakarn..,14.0,2111,LIU Shen.. / TAN Ning (4),3.0,2307
14/3/2024,Round 2,MS,LEE Zii Jia Rank 10 Elo 2271 (+21),21-15 / 21-12,LOH Kean Yew Rank 11 Elo 2213 (-22),33,https://badmintonranks.com/tournament?id=12291,4,All England Open 2024,LEE Zii Jia,10.0,2271,LOH Kean Yew,11.0,2213
14/3/2024,Round 2,MS,Christo POPOV Rank 24 Elo 2139 (+22),21-14 / 17-21 / 21-15,SU Li Yang Rank 32 Elo 2082 (-22),75,https://badmintonranks.com/tournament?id=12291,4,All England Open 2024,Christo POPOV,24.0,2139,SU Li Yang,32.0,2082
14/3/2024,Round 2,XD,TANG Ch.. / TSE Ying.. (8) Rank 8 Elo 2194 (+10),21-17 / 21-11,TAN Kian.. / LAI Pei Jin.. Rank 25 Elo 1946 (-11),40,https://badmintonranks.com/tournament?id=12291,4,All England Open 2024,TANG Ch.. / TSE Ying.. (8),8.0,2194,TAN Kian.. / LAI Pei Jin..,25.0,1946
14/3/2024,Round 2,XD,Robin TA.. / Selena PI.. Rank 15 Elo 2014 (+34),17-21 / 21-19 / 21-16,CHEN Ta.. / TOH Ee W.. Rank 9 Elo 2109 (-34),58,https://badmintonranks.com/tournament?id=12291,4,All England Open 2024,Robin TA.. / Selena PI..,15.0,2014,CHEN Ta.. / TOH Ee W..,9.0,2109
14/3/2024,Round 2,WS,TAI Tzu Ying (3) Rank 3 Elo 2599 (+4),21-17 / 21-15,KIM Ga Eun Rank 13 Elo 2197 (-5),35,https://badmintonranks.com/tournament?id=12291,4,All England Open 2024,TAI Tzu Ying (3),3.0,2599,KIM Ga Eun,13.0,2197
14/3/2024,Round 2,WS,HAN Yue (8) Rank 8 Elo 2280 (+4),21-12 / 22-20,PAI Yu Po Rank 30 Elo 1880 (-6),38,https://badmintonranks.com/tournament?id=12291,4,All England Open 2024,HAN Yue (8),8.0,2280,PAI Yu Po,30.0,1880
14/3/2024,Round 2,MS,Koki WATANABE Rank 20 Elo 2149 (+18),21-18 / 23-21,Toma Junior POPOV Rank 27 Elo 2044 (-19),50,https://badmintonranks.com/tournament?id=12291,4,All England Open 2024,Koki WATANABE,20.0,2149,Toma Junior POPOV,27.0,2044
14/3/2024,Round 2,WD,Rena MI.. / Ayako SA.. Rank 11 Elo 2134 (+27),14-21 / 21-10 / 21-16,Apriyani .. / Siti Fadia .. Rank 9 Elo 2143 (-27),60,https://badmintonranks.com/tournament?id=12291,4,All England Open 2024,Rena MI.. / Ayako SA..,11.0,2134,Apriyani .. / Siti Fadia ..,9.0,2143
14/3/2024,Round 2,XD,YE Hong .. / LEE Chia .. Rank 12 Elo 2118 (+10),21-19 / 21-15,Supak JO.. / Supissara .. Rank 17 Elo 1871 (-12),33,https://badmintonranks.com/tournament?id=12291,4,All England Open 2024,YE Hong .. / LEE Chia ..,12.0,2118,Supak JO.. / Supissara ..,17.0,1871
14/3/2024,Round 2,WS,HE Bing Jiao (6) Rank 6 Elo 2405 (+6),21-9 / 21-9,Michelle LI Rank 24 Elo 2077 (-7),30,https://badmintonranks.com/tournament?id=12291,4,All England Open 2024,HE Bing Jiao (6),6.0,2405,Michelle LI,24.0,2077
14/3/2024,Round 2,WS,AN Se Young (1) Rank 1 Elo 2720 (+3),21-19 / 21-11,PUSARLA V. Sindhu Rank 11 Elo 2249 (-4),42,https://badmintonranks.com/tournament?id=12291,4,All England Open 2024,AN Se Young (1),1.0,2720,PUSARLA V. Sindhu,11.0,2249
14/3/2024,Round 2,MS,Anthony Sinisuka GIN.. (5) Rank 5 Elo 2262 (+20),21-18 / 21-19,Kenta NISHIMOTO Rank 12 Elo 2185 (-20),54,https://badmintonranks.com/tournament?id=12291,4,All England Open 2024,Anthony Sinisuka GIN.. (5),5.0,2262,Kenta NISHIMOTO,12.0,2185
13/3/2024,Round 1,WD,CHEN Qi.. / JIA Yi Fan (1) Rank 1 Elo 2451 (+1),21-10 / 15-21 / 21-16,HSU Ya .. / LIN Wan .. Rank 26 Elo 1833 (-1),63,https://badmintonranks.com/tournament?id=12291,4,All England Open 2024,CHEN Qi.. / JIA Yi Fan (1),1.0,2451,HSU Ya .. / LIN Wan ..,26.0,1833
13/3/2024,Round 1,WD,BAEK Ha.. / LEE So H.. (2) Rank 2 Elo 2277 (+2),21-13 / 21-19,Francesc.. / Allison Qu.. Rank 34 Elo 1775 (-4),42,https://badmintonranks.com/tournament?id=12291,4,All England Open 2024,BAEK Ha.. / LEE So H.. (2),2.0,2277,Francesc.. / Allison Qu..,34.0,1775
13/3/2024,Round 1,MD,Fajar ALF.. / Muhamm.. (7) Rank 7 Elo 2089 (+13),21-13 / 21-9,LEE Fan.. / LEE Fang-.. Rank 21 Elo 1899 (-14),28,https://badmintonranks.com/tournament?id=12291,4,All England Open 2024,Fajar ALF.. / Muhamm.. (7),7.0,2089,LEE Fan.. / LEE Fang-..,21.0,1899
13/3/2024,Round 1,WS,WANG Zhi Yi Rank 9 Elo 2402 (+16),21-11 / 21-17,Aya OHORI Rank 12 Elo 2262 (-16),39,https://badmintonranks.com/tournament?id=12291,4,All England Open 2024,WANG Zhi Yi,9.0,2402,Aya OHORI,12.0,2262
13/3/2024,Round 1,MD,LEE Jhe-.. / YANG Po-.. Rank 15 Elo 2158 (+1),21-6 / 21-16,Vinson C.. / Joshua Y.. Rank 43 Elo 1543 (-4),28,https://badmintonranks.com/tournament?id=12291,4,All England Open 2024,LEE Jhe-.. / YANG Po-..,15.0,2158,Vinson C.. / Joshua Y..,43.0,1543
13/3/2024,Round 1,XD,Yuta WAT.. / Arisa IGA.. (2) Rank 2 Elo 2234 (+7),21-12 / 21-16,Kyohei Y.. / Naru SHI.. Rank 21 Elo 1919 (-8),36,https://badmintonranks.com/tournament?id=12291,5,All England Open 2024,Yuta WAT.. / Arisa IGA.. (2),2.0,2234,Kyohei Y.. / Naru SHI..,21.0,1919
13/3/2024,Round 1,WD,Rin IWAN.. / Kie NAKA.. Rank 13 Elo 2058 (+3),21-9 / 21-9,Rutaparn.. / Swetaparn.. Rank 51 Elo 1584 (-8),30,https://badmintonranks.com/tournament?id=12291,5,All England Open 2024,Rin IWAN.. / Kie NAKA..,13.0,2058,Rutaparn.. / Swetaparn..,51.0,1584
13/3/2024,Round 1,XD,FENG Ya.. / HUANG .. (4) Rank 4 Elo 2357 (+3),21-12 / 21-11,Kenneth .. / Gronya S.. Rank 43 Elo 1855 (-3),30,https://badmintonranks.com/tournament?id=12291,5,All England Open 2024,FENG Ya.. / HUANG .. (4),4.0,2357,Kenneth .. / Gronya S..,43.0,1855
13/3/2024,Round 1,MD,Akira KO.. / Taichi SAI.. Rank 16 Elo 1962 (+24),23-21 / 21-18,MAN Wei.. / TEE Kai .. Rank 18 Elo 1911 (-24),44,https://badmintonranks.com/tournament?id=12291,5,All England Open 2024,Akira KO.. / Taichi SAI..,16.0,1962,MAN Wei.. / TEE Kai ..,18.0,1911
13/3/2024,Round 1,XD,KIM Won .. / JEONG .. (7) Rank 7 Elo 2205 (+6),21-14 / 21-16,Ty Alexan.. / Josephine.. Rank 29 Elo 1853 (-7),32,https://badmintonranks.com/tournament?id=12291,5,All England Open 2024,KIM Won .. / JEONG .. (7),7.0,2205,Ty Alexan.. / Josephine..,29.0,1853
13/3/2024,Round 1,XD,LEE Chu.. / NG Tsz Ya.. Rank 23 Elo 1937 (+22),21-19 / 21-15,Yuki KAN.. / Misaki MA.. Rank 26 Elo 1865 (-24),34,https://badmintonranks.com/tournament?id=12291,5,All England Open 2024,LEE Chu.. / NG Tsz Ya..,23.0,1937,Yuki KAN.. / Misaki MA..,26.0,1865
13/3/2024,Round 1,MD,Satwiksai.. / Chirag S.. (1) Rank 1 Elo 2343 (+6),21-18 / 21-14,Hendra S.. / Mohamma.. Rank 14 Elo 2011 (-7),34,https://badmintonranks.com/tournament?id=12291,5,All England Open 2024,Satwiksai.. / Chirag S.. (1),1.0,2343,Hendra S.. / Mohamma..,14.0,2011
13/3/2024,Round 1,MD,Rasmus .. / Frederik S.. Rank 17 Elo 1965 (+21),21-17 / 21-18,LU Ching.. / YANG Po .. Rank 25 Elo 1876 (-22),42,https://badmintonranks.com/tournament?id=12291,5,All England Open 2024,Rasmus .. / Frederik S..,17.0,1965,LU Ching.. / YANG Po ..,25.0,1876
13/3/2024,Round 1,WS,Carolina MARIN (5) Rank 5 Elo 2392 (+3),21-18 / 24-22,SUNG Shuo Yun Rank 29 Elo 1888 (-3),59,https://badmintonranks.com/tournament?id=12291,5,All England Open 2024,Carolina MARIN (5),5.0,2392,SUNG Shuo Yun,29.0,1888
13/3/2024,Round 1,WS,Busanan ONGBAMRUN.. Rank 21 Elo 2161 (+22),17-21 / 21-14 / 23-21,GAO Fang jie Rank 33 Elo 2100 (-22),76,https://badmintonranks.com/tournament?id=12291,5,All England Open 2024,Busanan ONGBAMRUN..,21.0,2161,GAO Fang jie,33.0,2100
13/3/2024,Round 1,MD,HE Ji Ting / REN Xian.. Rank 13 Elo 2096 (+41),21-14 / 21-13,KANG Mi.. / SEO Seu.. (3) Rank 2 Elo 2314 (-40),35,https://badmintonranks.com/tournament?id=12291,5,All England Open 2024,HE Ji Ting / REN Xian..,13.0,2096,KANG Mi.. / SEO Seu.. (3),2.0,2314
13/3/2024,Round 1,XD,Robin TA.. / Selena PI.. Rank 15 Elo 1996 (+18),14-21 / 21-13 / 24-22,Mathias T.. / Amalie M.. Rank 22 Elo 1874 (-19),57,https://badmintonranks.com/tournament?id=12291,5,All England Open 2024,Robin TA.. / Selena PI..,15.0,1996,Mathias T.. / Amalie M..,22.0,1874
13/3/2024,Round 1,MS,SHI Yu Qi (2) Rank 2 Elo 2497 (+6),18-21 / 23-21 / 21-19,Rasmus GEMKE Rank 28 Elo 2169 (-7),81,https://badmintonranks.com/tournament?id=12291,5,All England Open 2024,SHI Yu Qi (2),2.0,2497,Rasmus GEMKE,28.0,2169
13/3/2024,Round 1,MS,Lakshya SEN Rank 18 Elo 2209 (+10),21-14 / 21-14,Magnus JOHANNESEN Rank 33 Elo 1964 (-10),40,https://badmintonranks.com/tournament?id=12291,5,All England Open 2024,Lakshya SEN,18.0,2209,Magnus JOHANNESEN,33.0,1964
13/3/2024,Round 1,MS,Anders ANTONSEN (4) Rank 3 Elo 2404 (+7),21-18 / 21-9,Kanta TSUNEYAMA Rank 19 Elo 2074 (-7),44,https://badmintonranks.com/tournament?id=12291,5,All England Open 2024,Anders ANTONSEN (4),3.0,2404,Kanta TSUNEYAMA,19.0,2074
13/3/2024,Round 1,MS,Chico Aura DWI WARD.. Rank 29 Elo 2121 (+16),21-19 / 11-21 / 21-9,Priyanshu RAJAWAT Rank 30 Elo 1974 (-16),57,https://badmintonranks.com/tournament?id=12291,5,All England Open 2024,Chico Aura DWI WARD..,29.0,2121,Priyanshu RAJAWAT,30.0,1974
13/3/2024,Round 1,MS,Kunlavut VITIDSARN (8) Rank 7 Elo 2290 (+20),19-21 / 21-18 / 21-15,LU Guang Zu Rank 17 Elo 2217 (-21),75,https://badmintonranks.com/tournament?id=12291,5,All England Open 2024,Kunlavut VITIDSARN (8),7.0,2290,LU Guang Zu,17.0,2217
13/3/2024,Round 1,WD,Tanisha .. / Ashwini P.. Rank 23 Elo 1850 (+22),21-13 / 21-18,YEUNG .. / YEUNG P.. Rank 18 Elo 1740 (-26),36,https://badmintonranks.com/tournament?id=12291,5,All England Open 2024,Tanisha .. / Ashwini P..,23.0,1850,YEUNG .. / YEUNG P..,18.0,1740
13/3/2024,Round 1,WD,KIM So Y.. / KONG H.. (3) Rank 4 Elo 2133 (+6),21-14 / 4-5 Ret.,LI Yi jing / LUO Xu m.. Rank 21 Elo 1967 (-6),25,https://badmintonranks.com/tournament?id=12291,5,All England Open 2024,KIM So Y.. / KONG H.. (3),4.0,2133,LI Yi jing / LUO Xu m..,21.0,1967
13/3/2024,Round 1,MD,LIANG W.. / WANG C.. (2) Rank 3 Elo 2225 (+3),21-14 / 21-15,DONG A.. / Nyl YAKU.. Rank 34 Elo 1742 (-5),30,https://badmintonranks.com/tournament?id=12291,5,All England Open 2024,LIANG W.. / WANG C.. (2),3.0,2225,DONG A.. / Nyl YAKU..,34.0,1742
13/3/2024,Round 1,XD,HEE Yon.. / TAN Wei .. Rank 20 Elo 1954 (+13),23-21 / 19-21 / 21-12,YANG Po.. / HU Ling F.. Rank 30 Elo 1749 (-17),60,https://badmintonranks.com/tournament?id=12291,6,All England Open 2024,HEE Yon.. / TAN Wei ..,20.0,1954,YANG Po.. / HU Ling F..,30.0,1749
13/3/2024,Round 1,XD,Supak JO.. / Supissara .. Rank 17 Elo 1844 (+27),21-16 / 19-21 / 21-14,Ruttanap.. / Jhenicha .. Rank 34 Elo 1801 (-29),49,https://badmintonranks.com/tournament?id=12291,6,All England Open 2024,Supak JO.. / Supissara ..,17.0,1844,Ruttanap.. / Jhenicha ..,34.0,1801
13/3/2024,Round 1,MS,Jonatan CHRISTIE Rank 9 Elo 2208 (+21),21-4 / 21-15,CHOU Tien Chen Rank 14 Elo 2145 (-21),37,https://badmintonranks.com/tournament?id=12291,6,All England Open 2024,Jonatan CHRISTIE,9.0,2208,CHOU Tien Chen,14.0,2145
13/3/2024,Round 1,WS,Akane YAMAGUCHI (4) Rank 4 Elo 2489 (+10),21-18 / 22-20,ZHANG Yi Man Rank 15 Elo 2243 (-10),40,https://badmintonranks.com/tournament?id=12291,6,All England Open 2024,Akane YAMAGUCHI (4),4.0,2489,ZHANG Yi Man,15.0,2243
13/3/2024,Round 1,WD,Nami MA.. / Chiharu .. (6) Rank 5 Elo 2259 (+11),21-16 / 21-14,Jongkolp.. / Rawinda .. Rank 10 Elo 2040 (-12),45,https://badmintonranks.com/tournament?id=12291,6,All England Open 2024,Nami MA.. / Chiharu .. (6),5.0,2259,Jongkolp.. / Rawinda ..,10.0,2040
13/3/2024,Round 1,WS,AN Se Young (1) Rank 1 Elo 2719 (+1),21-17 / 21-16,HSU Wen Chi Rank 27 Elo 1956 (-0),42,https://badmintonranks.com/tournament?id=12291,6,All England Open 2024,AN Se Young (1),1.0,2719,HSU Wen Chi,27.0,1956
13/3/2024,Round 1,MD,Takuro H.. / Yugo KO.. (6) Rank 6 Elo 2147 (+8),21-9 / 21-19,Ben LANE / Sean VEN.. Rank 22 Elo 1859 (-9),39,https://badmintonranks.com/tournament?id=12291,6,All England Open 2024,Takuro H.. / Yugo KO.. (6),6.0,2147,Ben LANE / Sean VEN..,22.0,1859
13/3/2024,Round 1,WS,HE Bing Jiao (6) Rank 6 Elo 2402 (+3),21-15 / 22-20,GOH Jin Wei Rank 34 Elo 1909 (-3),37,https://badmintonranks.com/tournament?id=12291,6,All England Open 2024,HE Bing Jiao (6),6.0,2402,GOH Jin Wei,34.0,1909
13/3/2024,Round 1,WS,CHEN Yu Fei (2) Rank 2 Elo 2536 (+3),21-16 / 21-12,NGUYEN Thuy Linh Rank 22 Elo 2055 (-3),37,https://badmintonranks.com/tournament?id=12291,6,All England Open 2024,CHEN Yu Fei (2),2.0,2536,NGUYEN Thuy Linh,22.0,2055
13/3/2024,Round 1,WS,KIM Ga Eun Rank 13 Elo 2171 (+26),21-16 / 21-18,Ratchanok INTANON Rank 14 Elo 2173 (-26),38,https://badmintonranks.com/tournament?id=12291,6,All England Open 2024,KIM Ga Eun,13.0,2171,Ratchanok INTANON,14.0,2173
13/3/2024,Round 1,WD,Yuki FUK.. / Sayaka H.. (7) Rank 7 Elo 2137 (+11),15-21 / 21-19 / 21-13,Maiken F.. / Sara THY.. Rank 19 Elo 1924 (-13),69,https://badmintonranks.com/tournament?id=12291,6,All England Open 2024,Yuki FUK.. / Sayaka H.. (7),7.0,2137,Maiken F.. / Sara THY..,19.0,1924
13/3/2024,Round 1,WD,ZHANG .. / ZHENG .. (5) Rank 6 Elo 2183 (+20),21-12 / 22-20,JEONG .. / KIM Hye J.. Rank 12 Elo 2106 (-20),47,https://badmintonranks.com/tournament?id=12291,6,All England Open 2024,ZHANG .. / ZHENG .. (5),6.0,2183,JEONG .. / KIM Hye J..,12.0,2106
13/3/2024,Round 1,MD,LEE Yang / WANG Ch.. Rank 10 Elo 1986 (+26),21-19 / 21-19,Leo Rolly.. / Daniel MA.. Rank 11 Elo 1969 (-26),46,https://badmintonranks.com/tournament?id=12291,6,All England Open 2024,LEE Yang / WANG Ch..,10.0,1986,Leo Rolly.. / Daniel MA..,11.0,1969
13/3/2024,Round 1,XD,CHEN Ta.. / TOH Ee W.. Rank 9 Elo 2068 (+41),21-14 / 12-21 / 21-15,Dechapol.. / Sapsiree .. (6) Rank 6 Elo 2277 (-40),57,https://badmintonranks.com/tournament?id=12291,6,All England Open 2024,CHEN Ta.. / TOH Ee W..,9.0,2068,Dechapol.. / Sapsiree .. (6),6.0,2277
13/3/2024,Round 1,WD,Setyana .. / Angela YU Rank 35 Elo 1861 (+18),21-18 / 21-16,Debora JI.. / Cheryl SEI.. Rank 32 Elo 1713 (-24),37,https://badmintonranks.com/tournament?id=12291,6,All England Open 2024,Setyana .. / Angela YU,35.0,1861,Debora JI.. / Cheryl SEI..,32.0,1713
13/3/2024,Round 1,WD,Catherine.. / Josephine.. Rank 28 Elo 1756 (+29),14-21 / 21-17 / 21-16,Annie XU / Kerry XU Rank 30 Elo 1690 (-35),58,https://badmintonranks.com/tournament?id=12291,6,All England Open 2024,Catherine.. / Josephine..,28.0,1756,Annie XU / Kerry XU,30.0,1690
13/3/2024,Round 1,MS,LEE Zii Jia Rank 10 Elo 2245 (+26),21-12 / 21-19,Kodai NARAOKA (6) Rank 6 Elo 2248 (-26),49,https://badmintonranks.com/tournament?id=12291,6,All England Open 2024,LEE Zii Jia,10.0,2245,Kodai NARAOKA (6),6.0,2248
13/3/2024,Round 1,XD,YE Hong .. / LEE Chia .. Rank 12 Elo 2078 (+40),21-17 / 21-10,SEO Seu.. / CHAE Yu.. (3) Rank 3 Elo 2284 (-40),29,https://badmintonranks.com/tournament?id=12291,6,All England Open 2024,YE Hong .. / LEE Chia ..,12.0,2078,SEO Seu.. / CHAE Yu.. (3),3.0,2284
13/3/2024,Round 1,WS,Michelle LI Rank 24 Elo 2044 (+33),21-19 / 21-15,Mia BLICHFELDT Rank 20 Elo 2136 (-33),48,https://badmintonranks.com/tournament?id=12291,6,All England Open 2024,Michelle LI,24.0,2044,Mia BLICHFELDT,20.0,2136
13/3/2024,Round 1,MD,Kenya MI.. / Hiroki OK.. Rank 27 Elo 1874 (+20),22-20 / 21-10,Ondřej K.. / Adam ME.. Rank 47 Elo 1763 (-25),35,https://badmintonranks.com/tournament?id=12291,6,All England Open 2024,Kenya MI.. / Hiroki OK..,27.0,1874,Ondřej K.. / Adam ME..,47.0,1763
13/3/2024,Round 1,WS,TAI Tzu Ying (3) Rank 3 Elo 2596 (+3),21-11 / 21-16,Nozomi OKUHARA Rank 18 Elo 2112 (-3),33,https://badmintonranks.com/tournament?id=12291,7,All England Open 2024,TAI Tzu Ying (3),3.0,2596,Nozomi OKUHARA,18.0,2112
13/3/2024,Round 1,MS,LOH Kean Yew Rank 11 Elo 2196 (+17),21-12 / 21-17,NG Ka Long Angus Rank 25 Elo 2074 (-17),35,https://badmintonranks.com/tournament?id=12291,7,All England Open 2024,LOH Kean Yew,11.0,2196,NG Ka Long Angus,25.0,2074
12/3/2024,Round 1,WD,Apriyani .. / Siti Fadia .. Rank 9 Elo 2124 (+19),21-18 / 21-12,Treesa J.. / GAYATRI .. Rank 22 Elo 2026 (-20),43,https://badmintonranks.com/tournament?id=12291,7,All England Open 2024,Apriyani .. / Siti Fadia ..,9.0,2124,Treesa J.. / GAYATRI ..,22.0,2026
12/3/2024,Round 1,WS,Gregoria Mariska TUN.. (7) Rank 7 Elo 2236 (+19),21-13 / 21-14,YEO Jia Min Rank 19 Elo 2141 (-19),30,https://badmintonranks.com/tournament?id=12291,7,All England Open 2024,Gregoria Mariska TUN.. (7),7.0,2236,YEO Jia Min,19.0,2141
12/3/2024,Round 1,WD,Pearly TA.. / THINAAH .. Rank 16 Elo 1989 (+8),21-10 / 21-10,Vivian H.. / LIM Chiew.. Rank 36 Elo 1683 (-12),26,https://badmintonranks.com/tournament?id=12291,7,All England Open 2024,Pearly TA.. / THINAAH ..,16.0,1989,Vivian H.. / LIM Chiew..,36.0,1683
12/3/2024,Round 1,MD,Kim AST.. / Anders S.. (4) Rank 4 Elo 2198 (+3),21-16 / 21-13,Christo P.. / Toma Juni.. Rank 42 Elo 1704 (-4),30,https://badmintonranks.com/tournament?id=12291,7,All England Open 2024,Kim AST.. / Anders S.. (4),4.0,2198,Christo P.. / Toma Juni..,42.0,1704
12/3/2024,Round 1,MS,Viktor AXELSEN (1) Rank 1 Elo 2504 (+3),21-9 / 21-9,KIDAMBI Srikanth Rank 26 Elo 2008 (-3),33,https://badmintonranks.com/tournament?id=12291,7,All England Open 2024,Viktor AXELSEN (1),1.0,2504,KIDAMBI Srikanth,26.0,2008
12/3/2024,Round 1,XD,Marcus E.. / Lauren S.. Rank 28 Elo 1807 (+22),19-21 / 21-16 / 22-20,Gregory .. / Jenny MAI.. Rank 40 Elo 1693 (-29),74,https://badmintonranks.com/tournament?id=12291,7,All England Open 2024,Marcus E.. / Lauren S..,28.0,1807,Gregory .. / Jenny MAI..,40.0,1693
12/3/2024,Round 1,XD,GOH Soo.. / LAI Shevo.. Rank 14 Elo 1917 (+14),21-17 / 26-24,CHANG .. / LEE Chih .. Rank 36 Elo 1727 (-20),43,https://badmintonranks.com/tournament?id=12291,7,All England Open 2024,GOH Soo.. / LAI Shevo..,14.0,1917,CHANG .. / LEE Chih ..,36.0,1727
12/3/2024,Round 1,WD,Rena MI.. / Ayako SA.. Rank 11 Elo 2100 (+34),21-15 / 17-21 / 21-15,Mayu MA.. / Wakana .. (8) Rank 8 Elo 2217 (-34),54,https://badmintonranks.com/tournament?id=12291,7,All England Open 2024,Rena MI.. / Ayako SA..,11.0,2100,Mayu MA.. / Wakana .. (8),8.0,2217
12/3/2024,Round 1,WS,ZHANG Beiwen Rank 10 Elo 2187 (+11),22-20 / 21-18,Line Højmark KJAERSF.. Rank 23 Elo 1958 (-12),42,https://badmintonranks.com/tournament?id=12291,7,All England Open 2024,ZHANG Beiwen,10.0,2187,Line Højmark KJAERSF..,23.0,1958
12/3/2024,Round 1,XD,ZHENG .. / HUANG .. (1) Rank 1 Elo 2471 (+0),21-6 / 21-11,Vinson C.. / Jennie GA.. Rank 31 Elo 1677 (-1),25,https://badmintonranks.com/tournament?id=12291,7,All England Open 2024,ZHENG .. / HUANG .. (1),1.0,2471,Vinson C.. / Jennie GA..,31.0,1677
12/3/2024,Round 1,MD,Supak JO.. / Kittinupon.. Rank 30 Elo 1914 (+19),26-24 / 21-12,Lucas C.. / Ronan LA.. Rank 36 Elo 1790 (-22),45,https://badmintonranks.com/tournament?id=12291,7,All England Open 2024,Supak JO.. / Kittinupon..,30.0,1914,Lucas C.. / Ronan LA..,36.0,1790
12/3/2024,Round 1,XD,Dejan FE.. / Gloria Em.. Rank 19 Elo 1981 (+44),21-10 / 21-16,JIANG Zh.. / WEI Ya X.. (5) Rank 5 Elo 2231 (-42),38,https://badmintonranks.com/tournament?id=12291,7,All England Open 2024,Dejan FE.. / Gloria Em..,19.0,1981,JIANG Zh.. / WEI Ya X.. (5),5.0,2231
12/3/2024,Round 1,XD,Mathias .. / Alexandra .. Rank 10 Elo 2069 (+27),22-24 / 21-14 / 21-14,Hiroki MI.. / Natsu SAI.. Rank 11 Elo 2076 (-27),66,https://badmintonranks.com/tournament?id=12291,7,All England Open 2024,Mathias .. / Alexandra ..,10.0,2069,Hiroki MI.. / Natsu SAI..,11.0,2076
12/3/2024,Round 1,MS,Anthony Sinisuka GIN.. (5) Rank 5 Elo 2255 (+7),21-13 / 21-17,LEE Chia Hao Rank 35 Elo 1921 (-7),39,https://badmintonranks.com/tournament?id=12291,7,All England Open 2024,Anthony Sinisuka GIN.. (5),5.0,2255,LEE Chia Hao,35.0,1921
12/3/2024,Round 1,XD,TANG Ch.. / TSE Ying.. (8) Rank 8 Elo 2180 (+14),21-14 / 19-21 / 21-18,Rehan N.. / Lisa Ayu K.. Rank 16 Elo 2012 (-15),65,https://badmintonranks.com/tournament?id=12291,7,All England Open 2024,TANG Ch.. / TSE Ying.. (8),8.0,2180,Rehan N.. / Lisa Ayu K..,16.0,2012
12/3/2024,Round 1,MS,WENG Hong Yang Rank 15 Elo 2194 (+19),18-21 / 21-16 / 21-16,LIN Chun-Yi Rank 21 Elo 2111 (-20),73,https://badmintonranks.com/tournament?id=12291,7,All England Open 2024,WENG Hong Yang,15.0,2194,LIN Chun-Yi,21.0,2111
12/3/2024,Round 1,WS,Pornpawee CHOCHUW.. Rank 16 Elo 2169 (+14),21-17 / 21-16,Kirsty GILMOUR Rank 25 Elo 1995 (-14),38,https://badmintonranks.com/tournament?id=12291,7,All England Open 2024,Pornpawee CHOCHUW..,16.0,2169,Kirsty GILMOUR,25.0,1995
12/3/2024,Round 1,MD,LIU Yu C.. / OU Xuan .. (8) Rank 8 Elo 2115 (+15),15-21 / 23-21 / 21-14,ONG Yew.. / TEO Ee Yi Rank 12 Elo 1964 (-17),65,https://badmintonranks.com/tournament?id=12291,7,All England Open 2024,LIU Yu C.. / OU Xuan .. (8),8.0,2115,ONG Yew.. / TEO Ee Yi,12.0,1964
12/3/2024,Round 1,MS,Kenta NISHIMOTO Rank 12 Elo 2166 (+19),21-13 / 21-4,Brian YANG Rank 22 Elo 2077 (-20),35,https://badmintonranks.com/tournament?id=12291,8,All England Open 2024,Kenta NISHIMOTO,12.0,2166,Brian YANG,22.0,2077
12/3/2024,Round 1,MS,SU Li Yang Rank 32 Elo 2045 (+37),14-21 / 21-13 / 21-13,PRANNOY H. S. (7) Rank 8 Elo 2190 (-36),67,https://badmintonranks.com/tournament?id=12291,8,All England Open 2024,SU Li Yang,32.0,2045,PRANNOY H. S. (7),8.0,2190
12/3/2024,Round 1,WD,LIU Shen.. / TAN Ning (4) Rank 3 Elo 2299 (+8),21-15 / 21-19,LI Wen M.. / LIU Xuan .. Rank 15 Elo 2007 (-8),48,https://badmintonranks.com/tournament?id=12291,8,All England Open 2024,LIU Shen.. / TAN Ning (4),3.0,2299,LI Wen M.. / LIU Xuan ..,15.0,2007
12/3/2024,Round 1,MD,Aaron CH.. / SOH Wo.. (5) Rank 5 Elo 2102 (+13),21-19 / 21-17,GOH Sze.. / Nur IZZUD.. Rank 19 Elo 1920 (-15),33,https://badmintonranks.com/tournament?id=12291,8,All England Open 2024,Aaron CH.. / SOH Wo.. (5),5.0,2102,GOH Sze.. / Nur IZZUD..,19.0,1920
12/3/2024,Round 1,WS,PAI Yu Po Rank 30 Elo 1858 (+22),21-16 / 21-11,AAKARSHI KASHYAP Rank 43 Elo 1757 (-25),37,https://badmintonranks.com/tournament?id=12291,8,All England Open 2024,PAI Yu Po,30.0,1858,AAKARSHI KASHYAP,43.0,1757
12/3/2024,Round 1,XD,TAN Kian.. / LAI Pei Jin.. Rank 25 Elo 1910 (+36),12-21 / 21-19 / 21-14,Thom GI.. / Delphine .. Rank 13 Elo 1997 (-34),70,https://badmintonranks.com/tournament?id=12291,8,All England Open 2024,TAN Kian.. / LAI Pei Jin..,25.0,1910,Thom GI.. / Delphine ..,13.0,1997
12/3/2024,Round 1,MD,Muhamm.. / Bagas MA.. Rank 9 Elo 2031 (+8),21-18 / 21-16,Alexande.. / Adam HA.. Rank 32 Elo 1735 (-11),33,https://badmintonranks.com/tournament?id=12291,8,All England Open 2024,Muhamm.. / Bagas MA..,9.0,2031,Alexande.. / Adam HA..,32.0,1735
12/3/2024,Round 1,MS,Toma Junior POPOV Rank 27 Elo 2000 (+44),21-17 / 21-13,LI Shi Feng (3) Rank 4 Elo 2253 (-42),52,https://badmintonranks.com/tournament?id=12291,8,All England Open 2024,Toma Junior POPOV,27.0,2000,LI Shi Feng (3),4.0,2253
12/3/2024,Round 1,WD,Paula Lyn.. / Lauren LAM Rank 42 Elo 1632 (+56),21-13 / 21-10,Jeslyn C.. / Eliana ZH.. Rank 78 Elo 1664 (-50),31,https://badmintonranks.com/tournament?id=12291,8,All England Open 2024,Paula Lyn.. / Lauren LAM,42.0,1632,Jeslyn C.. / Eliana ZH..,78.0,1664
12/3/2024,Round 1,WS,PUSARLA V. Sindhu Rank 11 Elo 2248 (+1),21-10 Ret.,Yvonne LI Rank 26 Elo 1868 (-1),14,https://badmintonranks.com/tournament?id=12291,8,All England Open 2024,PUSARLA V. Sindhu,11.0,2248,Yvonne LI,26.0,1868
12/3/2024,Round 1,MS,Koki WATANABE Rank 20 Elo 2127 (+22),21-14 / 21-13,WANG Tzu Wei Rank 23 Elo 2063 (-22),47,https://badmintonranks.com/tournament?id=12291,8,All England Open 2024,Koki WATANABE,20.0,2127,WANG Tzu Wei,23.0,2063
12/3/2024,Round 1,MD,CHANG .. / PO Li-Wei Rank 39 Elo 1784 (+30),21-10 / 21-14,Kevin LEE / Ty Alexan.. Rank 37 Elo 1742 (-33),29,https://badmintonranks.com/tournament?id=12291,8,All England Open 2024,CHANG .. / PO Li-Wei,39.0,1784,Kevin LEE / Ty Alexan..,37.0,1742
12/3/2024,Round 1,WS,HAN Yue (8) Rank 8 Elo 2268 (+12),21-12 / 21-19,Supanida KATETHONG Rank 17 Elo 2055 (-12),40,https://badmintonranks.com/tournament?id=12291,8,All England Open 2024,HAN Yue (8),8.0,2268,Supanida KATETHONG,17.0,2055
12/3/2024,Round 1,WD,Benyapa .. / Nuntakarn.. Rank 14 Elo 2104 (+7),21-18 / 21-12,LEE Chia.. / TENG Ch.. Rank 25 Elo 1781 (-9),33,https://badmintonranks.com/tournament?id=12291,8,All England Open 2024,Benyapa .. / Nuntakarn..,14.0,2104,LEE Chia.. / TENG Ch..,25.0,1781
12/3/2024,Round 1,MS,Christo POPOV Rank 24 Elo 2112 (+27),22-20 / 17-21 / 21-16,LEE Cheuk Yiu Rank 13 Elo 2129 (-28),72,https://badmintonranks.com/tournament?id=12291,8,All England Open 2024,Christo POPOV,24.0,2112,LEE Cheuk Yiu,13.0,2129
19/3/2023,Final,MS,LI Shi Feng Rank 14 Elo 2262 (+35),26-24 / 21-5,SHI Yu Qi Rank 12 Elo 2348 (-34),50,https://badmintonranks.com/tournament?id=13426,1,All England Open 2023,LI Shi Feng,14.0,2262,SHI Yu Qi,12.0,2348
19/3/2023,Final,MD,Fajar ALF.. / Muhamm.. (1) Rank 1 Elo 2231 (+21),21-17 / 21-14,Hendra S.. / Mohamm.. (3) Rank 3 Elo 2136 (-21),34,https://badmintonranks.com/tournament?id=13426,1,All England Open 2023,Fajar ALF.. / Muhamm.. (1),1.0,2231,Hendra S.. / Mohamm.. (3),3.0,2136
19/3/2023,Final,WS,AN Se Young (2) Rank 2 Elo 2598 (+22),21-17 / 10-21 / 21-19,CHEN Yu Fei (4) Rank 4 Elo 2523 (-22),75,https://badmintonranks.com/tournament?id=13426,1,All England Open 2023,AN Se Young (2),2.0,2598,CHEN Yu Fei (4),4.0,2523
19/3/2023,Final,XD,ZHENG .. / HUANG .. (1) Rank 1 Elo 2497 (+7),21-16 / 16-21 / 21-12,SEO Seu.. / CHAE Yu .. Rank 9 Elo 2163 (-7),64,https://badmintonranks.com/tournament?id=13426,1,All England Open 2023,ZHENG .. / HUANG .. (1),1.0,2497,SEO Seu.. / CHAE Yu ..,9.0,2163
19/3/2023,Final,WD,KIM So Y.. / KONG H.. (6) Rank 6 Elo 2154 (+36),21-5 / 21-12,BAEK Ha.. / LEE So H.. Rank 20 Elo 2250 (-36),43,https://badmintonranks.com/tournament?id=13426,1,All England Open 2023,KIM So Y.. / KONG H.. (6),6.0,2154,BAEK Ha.. / LEE So H..,20.0,2250
18/3/2023,Semi final,MS,LI Shi Feng Rank 14 Elo 2233 (+29),21-11 / 19-21 / 21-18,Anders ANTONSEN Rank 18 Elo 2260 (-30),95,https://badmintonranks.com/tournament?id=13426,1,All England Open 2023,LI Shi Feng,14.0,2233,Anders ANTONSEN,18.0,2260
18/3/2023,Semi final,MD,Fajar ALF.. / Muhamm.. (1) Rank 1 Elo 2218 (+13),21-19 / 21-17,HE Ji Ting / ZHOU Ha.. Rank 21 Elo 2015 (-13),45,https://badmintonranks.com/tournament?id=13426,1,All England Open 2023,Fajar ALF.. / Muhamm.. (1),1.0,2218,HE Ji Ting / ZHOU Ha..,21.0,2015
18/3/2023,Semi final,WS,AN Se Young (2) Rank 2 Elo 2577 (+21),17-21 / 21-19 / 24-22,TAI Tzu Ying (3) Rank 3 Elo 2501 (-21),82,https://badmintonranks.com/tournament?id=13426,1,All England Open 2023,AN Se Young (2),2.0,2577,TAI Tzu Ying (3),3.0,2501
18/3/2023,Semi final,XD,SEO Seu.. / CHAE Yu .. Rank 9 Elo 2138 (+25),21-14 / 28-26,KIM Won .. / JEONG N.. Rank 12 Elo 2105 (-25),53,https://badmintonranks.com/tournament?id=13426,1,All England Open 2023,SEO Seu.. / CHAE Yu ..,9.0,2138,KIM Won .. / JEONG N..,12.0,2105
18/3/2023,Semi final,WD,KIM So Y.. / KONG H.. (6) Rank 6 Elo 2124 (+30),21-14 / 25-23,ZHANG .. / ZHENG .. (3) Rank 3 Elo 2153 (-30),55,https://badmintonranks.com/tournament?id=13426,1,All England Open 2023,KIM So Y.. / KONG H.. (6),6.0,2124,ZHANG .. / ZHENG .. (3),3.0,2153
18/3/2023,Semi final,MS,SHI Yu Qi Rank 12 Elo 2328 (+20),21-19 / 21-13,LEE Zii Jia (4) Rank 4 Elo 2232 (-20),43,https://badmintonranks.com/tournament?id=13426,1,All England Open 2023,SHI Yu Qi,12.0,2328,LEE Zii Jia (4),4.0,2232
18/3/2023,Semi final,MD,Hendra S.. / Mohamm.. (3) Rank 3 Elo 2098 (+38),21-15 / 19-21 / 29-27,LIANG W.. / WANG Ch.. Rank 10 Elo 2226 (-37),68,https://badmintonranks.com/tournament?id=13426,1,All England Open 2023,Hendra S.. / Mohamm.. (3),3.0,2098,LIANG W.. / WANG Ch..,10.0,2226
18/3/2023,Semi final,WS,CHEN Yu Fei (4) Rank 4 Elo 2484 (+39),21-17 / 21-8,Akane YAMAGUCHI (1) Rank 1 Elo 2642 (-39),37,https://badmintonranks.com/tournament?id=13426,1,All England Open 2023,CHEN Yu Fei (4),4.0,2484,Akane YAMAGUCHI (1),1.0,2642
18/3/2023,Semi final,XD,ZHENG .. / HUANG .. (1) Rank 1 Elo 2494 (+3),21-17 / 13-21 / 21-13,Rehan N.. / Lisa Ayu K.. Rank 15 Elo 2000 (-3),60,https://badmintonranks.com/tournament?id=13426,1,All England Open 2023,ZHENG .. / HUANG .. (1),1.0,2494,Rehan N.. / Lisa Ayu K..,15.0,2000
18/3/2023,Semi final,WD,BAEK Ha.. / LEE So H.. Rank 20 Elo 2239 (+11),21-10 / 21-10,Treesa J.. / GAYATRI .. Rank 17 Elo 1988 (-11),46,https://badmintonranks.com/tournament?id=13426,1,All England Open 2023,BAEK Ha.. / LEE So H..,20.0,2239,Treesa J.. / GAYATRI ..,17.0,1988
17/3/2023,Quarter final,XD,SEO Seu.. / CHAE Yu .. Rank 9 Elo 2099 (+39),21-18 / 13-21 / 21-14,Dechapol.. / Sapsiree .. (3) Rank 4 Elo 2257 (-39),59,https://badmintonranks.com/tournament?id=13426,1,All England Open 2023,SEO Seu.. / CHAE Yu ..,9.0,2099,Dechapol.. / Sapsiree .. (3),4.0,2257
17/3/2023,Quarter final,MS,LI Shi Feng Rank 14 Elo 2209 (+24),21-11 / 21-11,NG Tze Yong Rank 28 Elo 2159 (-24),41,https://badmintonranks.com/tournament?id=13426,1,All England Open 2023,LI Shi Feng,14.0,2209,NG Tze Yong,28.0,2159
17/3/2023,Quarter final,WS,AN Se Young (2) Rank 2 Elo 2577 (+0),W.O.,Carolina MARIN (7) Rank 7 Elo 2402 (-1),0,https://badmintonranks.com/tournament?id=13426,1,All England Open 2023,AN Se Young (2),2.0,2577,Carolina MARIN (7),7.0,2402
17/3/2023,Quarter final,XD,KIM Won .. / JEONG N.. Rank 12 Elo 2086 (+19),21-14 / 21-15,Robin TA.. / Selena PI.. Rank 13 Elo 1968 (-19),37,https://badmintonranks.com/tournament?id=13426,1,All England Open 2023,KIM Won .. / JEONG N..,12.0,2086,Robin TA.. / Selena PI..,13.0,1968
17/3/2023,Quarter final,MD,Fajar ALF.. / Muhamm.. (1) Rank 1 Elo 2206 (+12),21-18 / 21-13,Muhamm.. / Bagas MA.. Rank 12 Elo 1995 (-13),38,https://badmintonranks.com/tournament?id=13426,1,All England Open 2023,Fajar ALF.. / Muhamm.. (1),1.0,2206,Muhamm.. / Bagas MA..,12.0,1995
17/3/2023,Quarter final,WS,TAI Tzu Ying (3) Rank 3 Elo 2478 (+23),21-12 / 21-11,HE Bing Jiao (5) Rank 5 Elo 2424 (-23),33,https://badmintonranks.com/tournament?id=13426,2,All England Open 2023,TAI Tzu Ying (3),3.0,2478,HE Bing Jiao (5),5.0,2424
17/3/2023,Quarter final,MS,Anders ANTONSEN Rank 18 Elo 2226 (+34),21-14 / 9-21 / 21-17,Anthony Sinisuka GIN.. (3) Rank 3 Elo 2318 (-34),73,https://badmintonranks.com/tournament?id=13426,2,All England Open 2023,Anders ANTONSEN,18.0,2226,Anthony Sinisuka GIN.. (3),3.0,2318
17/3/2023,Quarter final,MD,HE Ji Ting / ZHOU Ha.. Rank 21 Elo 1983 (+32),17-21 / 21-18 / 21-15,Takuro H.. / Yugo KO.. (4) Rank 4 Elo 2032 (-32),69,https://badmintonranks.com/tournament?id=13426,2,All England Open 2023,HE Ji Ting / ZHOU Ha..,21.0,1983,Takuro H.. / Yugo KO.. (4),4.0,2032
17/3/2023,Quarter final,WD,ZHANG .. / ZHENG .. (3) Rank 3 Elo 2128 (+25),21-13 / 22-20,Mayu MA.. / Wakana N.. Rank 11 Elo 2096 (-25),47,https://badmintonranks.com/tournament?id=13426,2,All England Open 2023,ZHANG .. / ZHENG .. (3),3.0,2128,Mayu MA.. / Wakana N..,11.0,2096
17/3/2023,Quarter final,WD,KIM So Y.. / KONG H.. (6) Rank 6 Elo 2076 (+48),19-21 / 22-20 / 24-22,CHEN Qi.. / JIA Yi Fan (1) Rank 1 Elo 2404 (-47),93,https://badmintonranks.com/tournament?id=13426,2,All England Open 2023,KIM So Y.. / KONG H.. (6),6.0,2076,CHEN Qi.. / JIA Yi Fan (1),1.0,2404
17/3/2023,Quarter final,MD,Hendra S.. / Mohamm.. (3) Rank 3 Elo 2062 (+36),16-21 / 21-19 / 21-19,LIU Yu C.. / OU Xuan .. (5) Rank 5 Elo 2172 (-36),57,https://badmintonranks.com/tournament?id=13426,2,All England Open 2023,Hendra S.. / Mohamm.. (3),3.0,2062,LIU Yu C.. / OU Xuan .. (5),5.0,2172
17/3/2023,Quarter final,WS,CHEN Yu Fei (4) Rank 4 Elo 2474 (+10),24-22 / 23-21,Gregoria Mariska TUNJ.. Rank 14 Elo 2215 (-10),56,https://badmintonranks.com/tournament?id=13426,2,All England Open 2023,CHEN Yu Fei (4),4.0,2474,Gregoria Mariska TUNJ..,14.0,2215
17/3/2023,Quarter final,MS,LEE Zii Jia (4) Rank 4 Elo 2201 (+31),21-9 / 10-21 / 21-13,Kodai NARAOKA (7) Rank 6 Elo 2259 (-31),67,https://badmintonranks.com/tournament?id=13426,2,All England Open 2023,LEE Zii Jia (4),4.0,2201,Kodai NARAOKA (7),6.0,2259
17/3/2023,Quarter final,MD,LIANG W.. / WANG Ch.. Rank 10 Elo 2201 (+25),13-21 / 21-19 / 21-18,Leo Rolly.. / Daniel MA.. Rank 11 Elo 2171 (-25),60,https://badmintonranks.com/tournament?id=13426,2,All England Open 2023,LIANG W.. / WANG Ch..,10.0,2201,Leo Rolly.. / Daniel MA..,11.0,2171
17/3/2023,Quarter final,WS,Akane YAMAGUCHI (1) Rank 1 Elo 2635 (+7),21-19 / 21-12,WANG Zhi Yi (6) Rank 6 Elo 2292 (-6),40,https://badmintonranks.com/tournament?id=13426,2,All England Open 2023,Akane YAMAGUCHI (1),1.0,2635,WANG Zhi Yi (6),6.0,2292
17/3/2023,Quarter final,MS,SHI Yu Qi Rank 12 Elo 2320 (+8),21-9 / 21-16,WENG Hong Yang Rank 27 Elo 2034 (-9),43,https://badmintonranks.com/tournament?id=13426,2,All England Open 2023,SHI Yu Qi,12.0,2320,WENG Hong Yang,27.0,2034
17/3/2023,Quarter final,WD,BAEK Ha.. / LEE So H.. Rank 20 Elo 2218 (+21),21-11 / 14-21 / 21-14,Apriyani .. / Siti Fadia.. (8) Rank 5 Elo 2141 (-22),93,https://badmintonranks.com/tournament?id=13426,2,All England Open 2023,BAEK Ha.. / LEE So H..,20.0,2218,Apriyani .. / Siti Fadia.. (8),5.0,2141
17/3/2023,Quarter final,XD,ZHENG .. / HUANG .. (1) Rank 1 Elo 2491 (+3),21-13 / 21-11,Yuki KAN.. / Misaki MA.. Rank 16 Elo 1996 (-3),30,https://badmintonranks.com/tournament?id=13426,2,All England Open 2023,ZHENG .. / HUANG .. (1),1.0,2491,Yuki KAN.. / Misaki MA..,16.0,1996
17/3/2023,Quarter final,WD,Treesa J.. / GAYATRI .. Rank 17 Elo 1963 (+25),21-14 / 18-21 / 21-12,LI Wen M.. / LIU Xuan .. Rank 52 Elo 1916 (-26),64,https://badmintonranks.com/tournament?id=13426,2,All England Open 2023,Treesa J.. / GAYATRI ..,17.0,1963,LI Wen M.. / LIU Xuan ..,52.0,1916
17/3/2023,Quarter final,XD,Rehan N.. / Lisa Ayu K.. Rank 15 Elo 1970 (+30),21-19 / 15-21 / 21-19,Kyohei Y.. / Naru SHI.. Rank 18 Elo 1982 (-30),76,https://badmintonranks.com/tournament?id=13426,2,All England Open 2023,Rehan N.. / Lisa Ayu K..,15.0,1970,Kyohei Y.. / Naru SHI..,18.0,1982
16/3/2023,Round 2,MS,LEE Zii Jia (4) Rank 4 Elo 2173 (+28),21-15 / 21-10,Kenta NISHIMOTO Rank 15 Elo 2194 (-27),40,https://badmintonranks.com/tournament?id=13426,2,All England Open 2023,LEE Zii Jia (4),4.0,2173,Kenta NISHIMOTO,15.0,2194
16/3/2023,Round 2,XD,Dechapol.. / Sapsiree .. (3) Rank 4 Elo 2248 (+9),21-18 / 21-11,Praveen .. / Melati Dae.. Rank 43 Elo 1959 (-9),35,https://badmintonranks.com/tournament?id=13426,2,All England Open 2023,Dechapol.. / Sapsiree .. (3),4.0,2248,Praveen .. / Melati Dae..,43.0,1959
16/3/2023,Round 2,MS,SHI Yu Qi Rank 12 Elo 2284 (+36),21-12 / 21-13,Kunlavut VITIDSARN (6) Rank 7 Elo 2416 (-35),51,https://badmintonranks.com/tournament?id=13426,2,All England Open 2023,SHI Yu Qi,12.0,2284,Kunlavut VITIDSARN (6),7.0,2416
16/3/2023,Round 2,MS,Kodai NARAOKA (7) Rank 6 Elo 2240 (+19),21-17 / 21-15,KIDAMBI Srikanth Rank 22 Elo 2150 (-19),51,https://badmintonranks.com/tournament?id=13426,2,All England Open 2023,Kodai NARAOKA (7),6.0,2240,KIDAMBI Srikanth,22.0,2150
16/3/2023,Round 2,WD,CHEN Qi.. / JIA Yi Fan (1) Rank 1 Elo 2402 (+2),21-12 / 21-15,Maiken F.. / Sara THY.. Rank 26 Elo 1855 (-2),41,https://badmintonranks.com/tournament?id=13426,2,All England Open 2023,CHEN Qi.. / JIA Yi Fan (1),1.0,2402,Maiken F.. / Sara THY..,26.0,1855
16/3/2023,Round 2,MS,Anthony Sinisuka GIN.. (3) Rank 3 Elo 2301 (+17),22-20 / 15-21 / 21-17,PRANNOY H. S. Rank 9 Elo 2180 (-17),68,https://badmintonranks.com/tournament?id=13426,3,All England Open 2023,Anthony Sinisuka GIN.. (3),3.0,2301,PRANNOY H. S.,9.0,2180
16/3/2023,Round 2,MD,HE Ji Ting / ZHOU Ha.. Rank 21 Elo 1953 (+30),21-15 / 21-10,Kim AST.. / Anders S.. (7) Rank 7 Elo 1981 (-30),40,https://badmintonranks.com/tournament?id=13426,3,All England Open 2023,HE Ji Ting / ZHOU Ha..,21.0,1953,Kim AST.. / Anders S.. (7),7.0,1981
16/3/2023,Round 2,WS,CHEN Yu Fei (4) Rank 4 Elo 2464 (+10),21-18 / 24-22,Pornpawee CHOCHUW.. Rank 11 Elo 2231 (-10),54,https://badmintonranks.com/tournament?id=13426,3,All England Open 2023,CHEN Yu Fei (4),4.0,2464,Pornpawee CHOCHUW..,11.0,2231
16/3/2023,Round 2,WS,TAI Tzu Ying (3) Rank 3 Elo 2470 (+8),21-19 / 21-12,Busanan ONGBAMRUN.. Rank 12 Elo 2176 (-8),40,https://badmintonranks.com/tournament?id=13426,3,All England Open 2023,TAI Tzu Ying (3),3.0,2470,Busanan ONGBAMRUN..,12.0,2176
16/3/2023,Round 2,XD,Robin TA.. / Selena PI.. Rank 13 Elo 1951 (+17),21-18 / 21-10,Zacharia.. / Hediana J.. Rank 30 Elo 1811 (-20),33,https://badmintonranks.com/tournament?id=13426,3,All England Open 2023,Robin TA.. / Selena PI..,13.0,1951,Zacharia.. / Hediana J..,30.0,1811
16/3/2023,Round 2,XD,SEO Seu.. / CHAE Yu .. Rank 9 Elo 2084 (+15),21-17 / 21-17,Supak JO.. / Supissara .. Rank 14 Elo 1932 (-17),40,https://badmintonranks.com/tournament?id=13426,3,All England Open 2023,SEO Seu.. / CHAE Yu ..,9.0,2084,Supak JO.. / Supissara ..,14.0,1932
16/3/2023,Round 2,MD,LIU Yu C.. / OU Xuan .. (5) Rank 5 Elo 2165 (+7),21-18 / 22-20,REN Xian.. / TAN Qiang Rank 23 Elo 1830 (-7),38,https://badmintonranks.com/tournament?id=13426,3,All England Open 2023,LIU Yu C.. / OU Xuan .. (5),5.0,2165,REN Xian.. / TAN Qiang,23.0,1830
16/3/2023,Round 2,MD,Hendra S.. / Mohamm.. (3) Rank 3 Elo 2054 (+8),21-14 / 21-13,Lucas C.. / Ronan LA.. Rank 36 Elo 1748 (-11),30,https://badmintonranks.com/tournament?id=13426,3,All England Open 2023,Hendra S.. / Mohamm.. (3),3.0,2054,Lucas C.. / Ronan LA..,36.0,1748
16/3/2023,Round 2,WD,KIM So Y.. / KONG H.. (6) Rank 6 Elo 2064 (+12),21-11 / 21-13,LEE Chia.. / TENG Ch.. Rank 30 Elo 1848 (-14),33,https://badmintonranks.com/tournament?id=13426,3,All England Open 2023,KIM So Y.. / KONG H.. (6),6.0,2064,LEE Chia.. / TENG Ch..,30.0,1848
16/3/2023,Round 2,MS,WENG Hong Yang Rank 27 Elo 1996 (+38),21-11 / 15-21 / 21-13,Chico Aura DWI WARD.. Rank 17 Elo 2153 (-37),62,https://badmintonranks.com/tournament?id=13426,3,All England Open 2023,WENG Hong Yang,27.0,1996,Chico Aura DWI WARD..,17.0,2153
16/3/2023,Round 2,MS,NG Tze Yong Rank 28 Elo 2109 (+50),21-15 / 9-21 / 23-21,Viktor AXELSEN (1) Rank 1 Elo 2635 (-49),69,https://badmintonranks.com/tournament?id=13426,3,All England Open 2023,NG Tze Yong,28.0,2109,Viktor AXELSEN (1),1.0,2635
16/3/2023,Round 2,MS,Anders ANTONSEN Rank 18 Elo 2202 (+24),21-13 / 21-15,Lakshya SEN Rank 19 Elo 2173 (-24),52,https://badmintonranks.com/tournament?id=13426,3,All England Open 2023,Anders ANTONSEN,18.0,2202,Lakshya SEN,19.0,2173
16/3/2023,Round 2,XD,KIM Won .. / JEONG N.. Rank 12 Elo 2069 (+17),23-21 / 13-7 Ret.,Yuta WAT.. / Arisa IGA.. (2) Rank 2 Elo 2339 (-17),36,https://badmintonranks.com/tournament?id=13426,3,All England Open 2023,KIM Won .. / JEONG N..,12.0,2069,Yuta WAT.. / Arisa IGA.. (2),2.0,2339
16/3/2023,Round 2,WS,HE Bing Jiao (5) Rank 5 Elo 2415 (+9),24-22 / 18-21 / 21-12,ZHANG Yi Man Rank 17 Elo 2147 (-9),67,https://badmintonranks.com/tournament?id=13426,3,All England Open 2023,HE Bing Jiao (5),5.0,2415,ZHANG Yi Man,17.0,2147
16/3/2023,Round 2,WS,AN Se Young (2) Rank 2 Elo 2575 (+2),21-3 / 21-7,PAI Yu Po Rank 28 Elo 1972 (-1),29,https://badmintonranks.com/tournament?id=13426,3,All England Open 2023,AN Se Young (2),2.0,2575,PAI Yu Po,28.0,1972
16/3/2023,Round 2,MD,LIANG W.. / WANG Ch.. Rank 10 Elo 2173 (+28),10-21 / 21-17 / 21-19,Satwiksai.. / Chirag S.. (6) Rank 6 Elo 2200 (-28),58,https://badmintonranks.com/tournament?id=13426,3,All England Open 2023,LIANG W.. / WANG Ch..,10.0,2173,Satwiksai.. / Chirag S.. (6),6.0,2200
16/3/2023,Round 2,MD,Fajar ALF.. / Muhamm.. (1) Rank 1 Elo 2195 (+11),22-20 / 21-15,LEE Jhe-.. / YANG Po-.. Rank 26 Elo 1968 (-12),29,https://badmintonranks.com/tournament?id=13426,3,All England Open 2023,Fajar ALF.. / Muhamm.. (1),1.0,2195,LEE Jhe-.. / YANG Po-..,26.0,1968
16/3/2023,Round 2,WD,ZHANG .. / ZHENG .. (3) Rank 3 Elo 2123 (+5),21-19 / 24-22,Margot L.. / Anne TRAN Rank 31 Elo 1717 (-7),53,https://badmintonranks.com/tournament?id=13426,3,All England Open 2023,ZHANG .. / ZHENG .. (3),3.0,2123,Margot L.. / Anne TRAN,31.0,1717
16/3/2023,Round 2,MD,Leo Rolly.. / Daniel MA.. Rank 11 Elo 2164 (+7),21-15 / 21-16,Jeppe BA.. / Lasse MØ.. Rank 28 Elo 1832 (-8),32,https://badmintonranks.com/tournament?id=13426,3,All England Open 2023,Leo Rolly.. / Daniel MA..,11.0,2164,Jeppe BA.. / Lasse MØ..,28.0,1832
16/3/2023,Round 2,WD,BAEK Ha.. / LEE So H.. Rank 20 Elo 2192 (+26),18-21 / 21-19 / 21-9,Nami MA.. / Chiharu .. (2) Rank 2 Elo 2201 (-26),76,https://badmintonranks.com/tournament?id=13426,3,All England Open 2023,BAEK Ha.. / LEE So H..,20.0,2192,Nami MA.. / Chiharu .. (2),2.0,2201
16/3/2023,Round 2,MD,Takuro H.. / Yugo KO.. (4) Rank 4 Elo 2017 (+15),21-17 / 21-17,Alexande.. / Adam HA.. Rank 24 Elo 1848 (-17),39,https://badmintonranks.com/tournament?id=13426,4,All England Open 2023,Takuro H.. / Yugo KO.. (4),4.0,2017,Alexande.. / Adam HA..,24.0,1848
16/3/2023,Round 2,WS,Gregoria Mariska TUNJ.. Rank 14 Elo 2196 (+19),21-11 / 21-19,Lalinrat CHAIWAN Rank 31 Elo 2097 (-19),43,https://badmintonranks.com/tournament?id=13426,4,All England Open 2023,Gregoria Mariska TUNJ..,14.0,2196,Lalinrat CHAIWAN,31.0,2097
16/3/2023,Round 2,WD,LI Wen M.. / LIU Xuan .. Rank 52 Elo 1896 (+20),21-7 / 24-22,YEUNG .. / YEUNG P.. Rank 32 Elo 1782 (-23),41,https://badmintonranks.com/tournament?id=13426,4,All England Open 2023,LI Wen M.. / LIU Xuan ..,52.0,1896,YEUNG .. / YEUNG P..,32.0,1782
16/3/2023,Round 2,WS,Carolina MARIN (7) Rank 7 Elo 2396 (+6),21-13 / 21-18,ZHANG Beiwen Rank 18 Elo 2055 (-6),41,https://badmintonranks.com/tournament?id=13426,4,All England Open 2023,Carolina MARIN (7),7.0,2396,ZHANG Beiwen,18.0,2055
16/3/2023,Round 2,WD,Mayu MA.. / Wakana N.. Rank 11 Elo 2088 (+8),21-9 / 21-10,Chloe CO.. / Lauren S.. Rank 59 Elo 1772 (-10),32,https://badmintonranks.com/tournament?id=13426,4,All England Open 2023,Mayu MA.. / Wakana N..,11.0,2088,Chloe CO.. / Lauren S..,59.0,1772
16/3/2023,Round 2,XD,Yuki KAN.. / Misaki MA.. Rank 16 Elo 1973 (+23),21-12 / 11-21 / 21-19,TAN Kian.. / LAI Pei Ji.. (6) Rank 6 Elo 1917 (-24),60,https://badmintonranks.com/tournament?id=13426,4,All England Open 2023,Yuki KAN.. / Misaki MA..,16.0,1973,TAN Kian.. / LAI Pei Ji.. (6),6.0,1917
16/3/2023,Round 2,MS,LI Shi Feng Rank 14 Elo 2186 (+23),21-9 / 21-17,ZHAO Jun Peng Rank 13 Elo 2153 (-23),34,https://badmintonranks.com/tournament?id=13426,4,All England Open 2023,LI Shi Feng,14.0,2186,ZHAO Jun Peng,13.0,2153
16/3/2023,Round 2,WD,Treesa J.. / GAYATRI .. Rank 17 Elo 1925 (+38),21-14 / 24-22,Yuki FUK.. / Sayaka HI.. Rank 9 Elo 2054 (-36),50,https://badmintonranks.com/tournament?id=13426,4,All England Open 2023,Treesa J.. / GAYATRI ..,17.0,1925,Yuki FUK.. / Sayaka HI..,9.0,2054
16/3/2023,Round 2,MD,Muhamm.. / Bagas MA.. Rank 12 Elo 1961 (+34),21-18 / 21-18,ONG Yew.. / TEO Ee .. (8) Rank 8 Elo 2037 (-32),44,https://badmintonranks.com/tournament?id=13426,4,All England Open 2023,Muhamm.. / Bagas MA..,12.0,1961,ONG Yew.. / TEO Ee .. (8),8.0,2037
16/3/2023,Round 2,XD,Rehan N.. / Lisa Ayu K.. Rank 15 Elo 1933 (+37),21-12 / 21-17,Thom GI.. / Delphine .. (4) Rank 5 Elo 2042 (-34),39,https://badmintonranks.com/tournament?id=13426,4,All England Open 2023,Rehan N.. / Lisa Ayu K..,15.0,1933,Thom GI.. / Delphine .. (4),5.0,2042
16/3/2023,Round 2,WS,WANG Zhi Yi (6) Rank 6 Elo 2271 (+21),21-14 / 21-16,HAN Yue Rank 10 Elo 2214 (-22),42,https://badmintonranks.com/tournament?id=13426,4,All England Open 2023,WANG Zhi Yi (6),6.0,2271,HAN Yue,10.0,2214
16/3/2023,Round 2,WS,Akane YAMAGUCHI (1) Rank 1 Elo 2635 (+0),21-13 / 21-17,Yvonne LI Rank 30 Elo 1815 (-1),35,https://badmintonranks.com/tournament?id=13426,4,All England Open 2023,Akane YAMAGUCHI (1),1.0,2635,Yvonne LI,30.0,1815
16/3/2023,Round 2,XD,Kyohei Y.. / Naru SHI.. Rank 18 Elo 1962 (+20),21-16 / 21-12,YE Hong .. / LEE Chia .. Rank 24 Elo 1862 (-22),36,https://badmintonranks.com/tournament?id=13426,4,All England Open 2023,Kyohei Y.. / Naru SHI..,18.0,1962,YE Hong .. / LEE Chia ..,24.0,1862
16/3/2023,Round 2,WD,Apriyani .. / Siti Fadia.. (8) Rank 5 Elo 2134 (+7),21-16 / 21-19,Supissar.. / Puttita SU.. Rank 24 Elo 1797 (-8),51,https://badmintonranks.com/tournament?id=13426,4,All England Open 2023,Apriyani .. / Siti Fadia.. (8),5.0,2134,Supissar.. / Puttita SU..,24.0,1797
16/3/2023,Round 2,XD,ZHENG .. / HUANG .. (1) Rank 1 Elo 2489 (+2),20-22 / 21-14 / 21-18,LEE Chu.. / NG Tsz Ya.. Rank 23 Elo 1918 (-2),64,https://badmintonranks.com/tournament?id=13426,4,All England Open 2023,ZHENG .. / HUANG .. (1),1.0,2489,LEE Chu.. / NG Tsz Ya..,23.0,1918
15/3/2023,Round 1,MD,LIU Yu C.. / OU Xuan .. (5) Rank 5 Elo 2151 (+14),21-18 / 17-21 / 21-16,Ben LANE / Sean VEN.. Rank 18 Elo 1984 (-15),68,https://badmintonranks.com/tournament?id=13426,4,All England Open 2023,LIU Yu C.. / OU Xuan .. (5),5.0,2151,Ben LANE / Sean VEN..,18.0,1984
15/3/2023,Round 1,WD,BAEK Ha.. / LEE So H.. Rank 20 Elo 2189 (+3),21-9 / 21-8,Ashwini B.. / Shikha GA.. Rank 36 Elo 1678 (-4),37,https://badmintonranks.com/tournament?id=13426,4,All England Open 2023,BAEK Ha.. / LEE So H..,20.0,2189,Ashwini B.. / Shikha GA..,36.0,1678
15/3/2023,Round 1,XD,SEO Seu.. / CHAE Yu .. Rank 9 Elo 2065 (+19),21-10 / 21-14,GOH Soo.. / LAI Shev.. (7) Rank 8 Elo 1952 (-19),34,https://badmintonranks.com/tournament?id=13426,4,All England Open 2023,SEO Seu.. / CHAE Yu ..,9.0,2065,GOH Soo.. / LAI Shev.. (7),8.0,1952
15/3/2023,Round 1,WS,Akane YAMAGUCHI (1) Rank 1 Elo 2633 (+2),21-9 / 21-10,Mia BLICHFELDT Rank 23 Elo 2014 (-1),30,https://badmintonranks.com/tournament?id=13426,4,All England Open 2023,Akane YAMAGUCHI (1),1.0,2633,Mia BLICHFELDT,23.0,2014
15/3/2023,Round 1,MD,Lucas C.. / Ronan LA.. Rank 36 Elo 1726 (+22),21-16 / 21-15,Ruben JI.. / Ties VAN .. Rank 29 Elo 1568 (-35),39,https://badmintonranks.com/tournament?id=13426,4,All England Open 2023,Lucas C.. / Ronan LA..,36.0,1726,Ruben JI.. / Ties VAN ..,29.0,1568
15/3/2023,Round 1,MS,Chico Aura DWI WARD.. Rank 17 Elo 2139 (+14),21-9 / 21-16,LIEW Daren Rank 32 Elo 1964 (-15),38,https://badmintonranks.com/tournament?id=13426,5,All England Open 2023,Chico Aura DWI WARD..,17.0,2139,LIEW Daren,32.0,1964
15/3/2023,Round 1,WS,ZHANG Beiwen Rank 18 Elo 2028 (+27),21-17 / 21-14,Supanida KATETHONG Rank 22 Elo 2035 (-27),33,https://badmintonranks.com/tournament?id=13426,5,All England Open 2023,ZHANG Beiwen,18.0,2028,Supanida KATETHONG,22.0,2035
15/3/2023,Round 1,WS,AN Se Young (2) Rank 2 Elo 2573 (+2),21-10 / 21-12,HSU Wen Chi Rank 16 Elo 1998 (-2),36,https://badmintonranks.com/tournament?id=13426,5,All England Open 2023,AN Se Young (2),2.0,2573,HSU Wen Chi,16.0,1998
15/3/2023,Round 1,MD,REN Xian.. / TAN Qiang Rank 23 Elo 1789 (+41),21-16 / 21-15,M.R.ARJ.. / DHRUV K.. Rank 25 Elo 1870 (-36),38,https://badmintonranks.com/tournament?id=13426,5,All England Open 2023,REN Xian.. / TAN Qiang,23.0,1789,M.R.ARJ.. / DHRUV K..,25.0,1870
15/3/2023,Round 1,XD,Zacharia.. / Hediana J.. Rank 30 Elo 1758 (+53),21-17 / 21-18,Mark LA.. / Isabel LO.. (8) Rank 7 Elo 1942 (-42),38,https://badmintonranks.com/tournament?id=13426,5,All England Open 2023,Zacharia.. / Hediana J..,30.0,1758,Mark LA.. / Isabel LO.. (8),7.0,1942
15/3/2023,Round 1,MD,Hendra S.. / Mohamm.. (3) Rank 3 Elo 2031 (+23),25-23 / 21-18,Pramudy.. / Yeremia E.. Rank 20 Elo 1983 (-24),36,https://badmintonranks.com/tournament?id=13426,5,All England Open 2023,Hendra S.. / Mohamm.. (3),3.0,2031,Pramudy.. / Yeremia E..,20.0,1983
15/3/2023,Round 1,XD,Robin TA.. / Selena PI.. Rank 13 Elo 1940 (+11),21-16 / 21-14,Adam HA.. / Julie MAC.. Rank 27 Elo 1689 (-17),30,https://badmintonranks.com/tournament?id=13426,5,All England Open 2023,Robin TA.. / Selena PI..,13.0,1940,Adam HA.. / Julie MAC..,27.0,1689
15/3/2023,Round 1,MS,WENG Hong Yang Rank 27 Elo 1945 (+51),21-6 / 21-11,Jonatan CHRISTIE (2) Rank 2 Elo 2342 (-47),40,https://badmintonranks.com/tournament?id=13426,5,All England Open 2023,WENG Hong Yang,27.0,1945,Jonatan CHRISTIE (2),2.0,2342
15/3/2023,Round 1,XD,KIM Won .. / JEONG N.. Rank 12 Elo 2059 (+10),15-21 / 21-9 / 21-19,Gregory .. / Jenny MAI.. Rank 32 Elo 1799 (-12),57,https://badmintonranks.com/tournament?id=13426,5,All England Open 2023,KIM Won .. / JEONG N..,12.0,2059,Gregory .. / Jenny MAI..,32.0,1799
15/3/2023,Round 1,WS,Busanan ONGBAMRUN.. Rank 12 Elo 2168 (+8),21-15 / 21-15,Aya OHORI Rank 32 Elo 1873 (-9),43,https://badmintonranks.com/tournament?id=13426,5,All England Open 2023,Busanan ONGBAMRUN..,12.0,2168,Aya OHORI,32.0,1873
15/3/2023,Round 1,WD,Nami MA.. / Chiharu .. (2) Rank 2 Elo 2199 (+2),21-18 / 21-7,Catherine.. / Josephine.. Rank 35 Elo 1673 (-4),32,https://badmintonranks.com/tournament?id=13426,5,All England Open 2023,Nami MA.. / Chiharu .. (2),2.0,2199,Catherine.. / Josephine..,35.0,1673
15/3/2023,Round 1,XD,Supak JO.. / Supissara .. Rank 14 Elo 1904 (+28),21-11 / 21-19,HEE Yon.. / TAN Wei .. Rank 21 Elo 1888 (-28),32,https://badmintonranks.com/tournament?id=13426,5,All England Open 2023,Supak JO.. / Supissara ..,14.0,1904,HEE Yon.. / TAN Wei ..,21.0,1888
15/3/2023,Round 1,MD,Jeppe BA.. / Lasse MØ.. Rank 28 Elo 1791 (+41),18-21 / 23-21 / 24-22,Akira KO.. / Taichi SAI.. Rank 22 Elo 1874 (-37),75,https://badmintonranks.com/tournament?id=13426,5,All England Open 2023,Jeppe BA.. / Lasse MØ..,28.0,1791,Akira KO.. / Taichi SAI..,22.0,1874
15/3/2023,Round 1,MS,Kenta NISHIMOTO Rank 15 Elo 2181 (+13),21-16 / 21-14,Brian YANG Rank 29 Elo 2001 (-15),44,https://badmintonranks.com/tournament?id=13426,5,All England Open 2023,Kenta NISHIMOTO,15.0,2181,Brian YANG,29.0,2001
15/3/2023,Round 1,MS,Kunlavut VITIDSARN (6) Rank 7 Elo 2404 (+12),23-21 / 21-15,Kento MOMOTA Rank 20 Elo 2186 (-12),61,https://badmintonranks.com/tournament?id=13426,5,All England Open 2023,Kunlavut VITIDSARN (6),7.0,2404,Kento MOMOTA,20.0,2186
15/3/2023,Round 1,WS,PAI Yu Po Rank 28 Elo 1948 (+24),17-21 / 21-16 / 21-17,Line CHRISTOPHERSEN Rank 26 Elo 1900 (-25),57,https://badmintonranks.com/tournament?id=13426,5,All England Open 2023,PAI Yu Po,28.0,1948,Line CHRISTOPHERSEN,26.0,1900
15/3/2023,Round 1,XD,YE Hong .. / LEE Chia .. Rank 24 Elo 1803 (+59),21-15 / 21-16,FENG Ya.. / HUANG .. (5) Rank 10 Elo 2195 (-47),37,https://badmintonranks.com/tournament?id=13426,5,All England Open 2023,YE Hong .. / LEE Chia ..,24.0,1803,FENG Ya.. / HUANG .. (5),10.0,2195
15/3/2023,Round 1,WS,TAI Tzu Ying (3) Rank 3 Elo 2466 (+4),21-10 / 21-12,KIM Ga Eun Rank 20 Elo 2044 (-4),33,https://badmintonranks.com/tournament?id=13426,5,All England Open 2023,TAI Tzu Ying (3),3.0,2466,KIM Ga Eun,20.0,2044
15/3/2023,Round 1,MS,KIDAMBI Srikanth Rank 22 Elo 2134 (+16),19-21 / 21-14 / 21-5,Toma Junior POPOV Rank 25 Elo 1993 (-17),63,https://badmintonranks.com/tournament?id=13426,5,All England Open 2023,KIDAMBI Srikanth,22.0,2134,Toma Junior POPOV,25.0,1993
15/3/2023,Round 1,WD,LI Wen M.. / LIU Xuan .. Rank 52 Elo 1882 (+14),21-13 / 21-14,NG Tsz Y.. / TSANG Hi.. Rank 34 Elo 1690 (-21),43,https://badmintonranks.com/tournament?id=13426,5,All England Open 2023,LI Wen M.. / LIU Xuan ..,52.0,1882,NG Tsz Y.. / TSANG Hi..,34.0,1690
15/3/2023,Round 1,XD,Praveen .. / Melati Dae.. Rank 43 Elo 1927 (+32),19-21 / 21-17 / 21-18,Dejan FE.. / Gloria Em.. Rank 17 Elo 1978 (-31),65,https://badmintonranks.com/tournament?id=13426,6,All England Open 2023,Praveen .. / Melati Dae..,43.0,1927,Dejan FE.. / Gloria Em..,17.0,1978
15/3/2023,Round 1,MD,Satwiksai.. / Chirag S.. (6) Rank 6 Elo 2198 (+2),21-13 / 21-13,Krishna P.. / Vishnuvar.. Rank 37 Elo 1676 (-4),43,https://badmintonranks.com/tournament?id=13426,6,All England Open 2023,Satwiksai.. / Chirag S.. (6),6.0,2198,Krishna P.. / Vishnuvar..,37.0,1676
15/3/2023,Round 1,WD,Apriyani .. / Siti Fadia.. (8) Rank 5 Elo 2130 (+4),21-12 / 21-14,Jaqueline.. / Samia LIM.. Rank 43 Elo 1700 (-6),32,https://badmintonranks.com/tournament?id=13426,6,All England Open 2023,Apriyani .. / Siti Fadia.. (8),5.0,2130,Jaqueline.. / Samia LIM..,43.0,1700
15/3/2023,Round 1,WS,Carolina MARIN (7) Rank 7 Elo 2392 (+4),21-19 / 21-17,Kirsty GILMOUR Rank 19 Elo 1967 (-4),42,https://badmintonranks.com/tournament?id=13426,6,All England Open 2023,Carolina MARIN (7),7.0,2392,Kirsty GILMOUR,19.0,1967
15/3/2023,Round 1,XD,Dechapol.. / Sapsiree .. (3) Rank 4 Elo 2241 (+7),21-12 / 22-20,Mathias .. / Alexandra .. Rank 19 Elo 1922 (-7),44,https://badmintonranks.com/tournament?id=13426,6,All England Open 2023,Dechapol.. / Sapsiree .. (3),4.0,2241,Mathias .. / Alexandra ..,19.0,1922
15/3/2023,Round 1,MS,LI Shi Feng Rank 14 Elo 2172 (+14),21-12 / 8-1 Ret.,NG Ka Long Angus Rank 11 Elo 2277 (-14),26,https://badmintonranks.com/tournament?id=13426,6,All England Open 2023,LI Shi Feng,14.0,2172,NG Ka Long Angus,11.0,2277
15/3/2023,Round 1,MD,Leo Rolly.. / Daniel MA.. Rank 11 Elo 2141 (+23),21-18 / 14-21 / 21-13,Aaron CH.. / SOH Wo.. (2) Rank 2 Elo 2104 (-24),60,https://badmintonranks.com/tournament?id=13426,6,All England Open 2023,Leo Rolly.. / Daniel MA..,11.0,2141,Aaron CH.. / SOH Wo.. (2),2.0,2104
15/3/2023,Round 1,WD,Yuki FUK.. / Sayaka HI.. Rank 9 Elo 2052 (+2),21-10 / 11-3 Ret.,Julie MA.. / Ciara TOR.. Rank 33 Elo 1651 (-3),25,https://badmintonranks.com/tournament?id=13426,6,All England Open 2023,Yuki FUK.. / Sayaka HI..,9.0,2052,Julie MA.. / Ciara TOR..,33.0,1651
15/3/2023,Round 1,WS,HE Bing Jiao (5) Rank 5 Elo 2413 (+2),17-21 / 21-17 / 21-6,Iris WANG Rank 24 Elo 1862 (-2),67,https://badmintonranks.com/tournament?id=13426,6,All England Open 2023,HE Bing Jiao (5),5.0,2413,Iris WANG,24.0,1862
15/3/2023,Round 1,MS,SHI Yu Qi Rank 12 Elo 2262 (+22),21-16 / 21-11,Kanta TSUNEYAMA Rank 16 Elo 2222 (-23),42,https://badmintonranks.com/tournament?id=13426,6,All England Open 2023,SHI Yu Qi,12.0,2262,Kanta TSUNEYAMA,16.0,2222
15/3/2023,Round 1,XD,Yuta WAT.. / Arisa IGA.. (2) Rank 2 Elo 2334 (+5),21-17 / 21-17,TANG Ch.. / TSE Ying .. Rank 20 Elo 1941 (-5),40,https://badmintonranks.com/tournament?id=13426,6,All England Open 2023,Yuta WAT.. / Arisa IGA.. (2),2.0,2334,TANG Ch.. / TSE Ying ..,20.0,1941
15/3/2023,Round 1,MS,Kodai NARAOKA (7) Rank 6 Elo 2236 (+4),11-7 Ret.,LU Guang Zu Rank 10 Elo 2183 (-4),10,https://badmintonranks.com/tournament?id=13426,6,All England Open 2023,Kodai NARAOKA (7),6.0,2236,LU Guang Zu,10.0,2183
15/3/2023,Round 1,MD,LIANG W.. / WANG Ch.. Rank 10 Elo 2167 (+6),21-13 / 21-18,Supak JO.. / Kittinupon.. Rank 32 Elo 1819 (-8),28,https://badmintonranks.com/tournament?id=13426,6,All England Open 2023,LIANG W.. / WANG Ch..,10.0,2167,Supak JO.. / Kittinupon..,32.0,1819
15/3/2023,Round 1,WD,Supissar.. / Puttita SU.. Rank 24 Elo 1764 (+33),21-14 / 20-22 / 21-12,JIN Yu Jia / WONG Jia.. Rank 22 Elo 1744 (-34),67,https://badmintonranks.com/tournament?id=13426,6,All England Open 2023,Supissar.. / Puttita SU..,24.0,1764,JIN Yu Jia / WONG Jia..,22.0,1744
15/3/2023,Round 1,WS,ZHANG Yi Man Rank 17 Elo 2110 (+37),21-17 / 21-11,PUSARLA V. Sindhu Rank 9 Elo 2267 (-37),39,https://badmintonranks.com/tournament?id=13426,6,All England Open 2023,ZHANG Yi Man,17.0,2110,PUSARLA V. Sindhu,9.0,2267
15/3/2023,Round 1,MD,Fajar ALF.. / Muhamm.. (1) Rank 1 Elo 2176 (+19),20-22 / 21-12 / 21-19,KANG Mi.. / SEO Seun.. Rank 13 Elo 2078 (-19),66,https://badmintonranks.com/tournament?id=13426,6,All England Open 2023,Fajar ALF.. / Muhamm.. (1),1.0,2176,KANG Mi.. / SEO Seun..,13.0,2078
15/3/2023,Round 1,MD,Alexande.. / Adam HA.. Rank 24 Elo 1794 (+54),21-15 / 21-14,CHOI Sol.. / KIM Won .. Rank 9 Elo 2041 (-43),35,https://badmintonranks.com/tournament?id=13426,6,All England Open 2023,Alexande.. / Adam HA..,24.0,1794,CHOI Sol.. / KIM Won ..,9.0,2041
15/3/2023,Round 1,WD,YEUNG .. / YEUNG P.. Rank 32 Elo 1712 (+70),12-21 / 21-19 / 21-14,JEONG .. / KIM Hye .. (4) Rank 4 Elo 2053 (-46),73,https://badmintonranks.com/tournament?id=13426,6,All England Open 2023,YEUNG .. / YEUNG P..,32.0,1712,JEONG .. / KIM Hye .. (4),4.0,2053
15/3/2023,Round 1,MS,LEE Zii Jia (4) Rank 4 Elo 2155 (+18),21-12 / 21-15,Sitthikom THAMMASIN Rank 33 Elo 2046 (-18),33,https://badmintonranks.com/tournament?id=13426,6,All England Open 2023,LEE Zii Jia (4),4.0,2155,Sitthikom THAMMASIN,33.0,2046
15/3/2023,Round 1,WD,Treesa J.. / GAYATRI .. Rank 17 Elo 1887 (+38),21-18 / 21-14,Jongkolp.. / Rawinda .. (7) Rank 8 Elo 1991 (-35),46,https://badmintonranks.com/tournament?id=13426,6,All England Open 2023,Treesa J.. / GAYATRI ..,17.0,1887,Jongkolp.. / Rawinda .. (7),8.0,1991
14/3/2023,Round 1,XD,Kyohei Y.. / Naru SHI.. Rank 18 Elo 1941 (+21),21-16 / 21-17,Marcus E.. / Lauren S.. Rank 57 Elo 1846 (-22),45,https://badmintonranks.com/tournament?id=13426,7,All England Open 2023,Kyohei Y.. / Naru SHI..,18.0,1941,Marcus E.. / Lauren S..,57.0,1846
14/3/2023,Round 1,MS,Viktor AXELSEN (1) Rank 1 Elo 2633 (+2),19-21 / 21-15 / 21-11,LEE Cheuk Yiu Rank 21 Elo 2111 (-2),60,https://badmintonranks.com/tournament?id=13426,7,All England Open 2023,Viktor AXELSEN (1),1.0,2633,LEE Cheuk Yiu,21.0,2111
14/3/2023,Round 1,MD,Kim AST.. / Anders S.. (7) Rank 7 Elo 1954 (+27),18-21 / 21-14 / 21-17,Mark LA.. / Marvin SE.. Rank 16 Elo 1941 (-27),61,https://badmintonranks.com/tournament?id=13426,7,All England Open 2023,Kim AST.. / Anders S.. (7),7.0,1954,Mark LA.. / Marvin SE..,16.0,1941
14/3/2023,Round 1,WS,Gregoria Mariska TUNJ.. Rank 14 Elo 2180 (+16),15-21 / 21-12 / 22-20,Line Højmark KJAERSF.. Rank 21 Elo 2051 (-17),64,https://badmintonranks.com/tournament?id=13426,7,All England Open 2023,Gregoria Mariska TUNJ..,14.0,2180,Line Højmark KJAERSF..,21.0,2051
14/3/2023,Round 1,MS,Lakshya SEN Rank 19 Elo 2144 (+29),21-18 / 21-19,CHOU Tien Chen (5) Rank 5 Elo 2186 (-29),49,https://badmintonranks.com/tournament?id=13426,7,All England Open 2023,Lakshya SEN,19.0,2144,CHOU Tien Chen (5),5.0,2186
14/3/2023,Round 1,XD,ZHENG .. / HUANG .. (1) Rank 1 Elo 2488 (+1),21-9 / 21-15,Mathias T.. / Amalie M.. Rank 29 Elo 1760 (-1),32,https://badmintonranks.com/tournament?id=13426,7,All England Open 2023,ZHENG .. / HUANG .. (1),1.0,2488,Mathias T.. / Amalie M..,29.0,1760
14/3/2023,Round 1,MD,Takuro H.. / Yugo KO.. (4) Rank 4 Elo 2007 (+10),21-12 / 21-14,Keiichiro .. / Yoshinori .. Rank 31 Elo 1742 (-13),33,https://badmintonranks.com/tournament?id=13426,7,All England Open 2023,Takuro H.. / Yugo KO.. (4),4.0,2007,Keiichiro .. / Yoshinori ..,31.0,1742
14/3/2023,Round 1,WS,HAN Yue Rank 10 Elo 2207 (+7),21-10 / 21-7,YEO Jia Min Rank 36 Elo 1882 (-8),24,https://badmintonranks.com/tournament?id=13426,7,All England Open 2023,HAN Yue,10.0,2207,YEO Jia Min,36.0,1882
14/3/2023,Round 1,WS,Lalinrat CHAIWAN Rank 31 Elo 2053 (+44),21-16 / 21-17,Ratchanok INTANON (8) Rank 8 Elo 2321 (-43),31,https://badmintonranks.com/tournament?id=13426,7,All England Open 2023,Lalinrat CHAIWAN,31.0,2053,Ratchanok INTANON (8),8.0,2321
14/3/2023,Round 1,MS,NG Tze Yong Rank 28 Elo 2080 (+29),21-9 / 21-12,Shesar Hiren RHUSTAV.. Rank 26 Elo 2110 (-29),36,https://badmintonranks.com/tournament?id=13426,7,All England Open 2023,NG Tze Yong,28.0,2080,Shesar Hiren RHUSTAV..,26.0,2110
14/3/2023,Round 1,XD,Rehan N.. / Lisa Ayu K.. Rank 15 Elo 1927 (+6),21-19 / 21-16,Jones Ra.. / Linda EFL.. Rank 26 Elo 1576 (-14),37,https://badmintonranks.com/tournament?id=13426,7,All England Open 2023,Rehan N.. / Lisa Ayu K..,15.0,1927,Jones Ra.. / Linda EFL..,26.0,1576
14/3/2023,Round 1,MS,Anders ANTONSEN Rank 18 Elo 2170 (+32),21-16 / 21-18,Rasmus GEMKE Rank 23 Elo 2249 (-31),65,https://badmintonranks.com/tournament?id=13426,7,All England Open 2023,Anders ANTONSEN,18.0,2170,Rasmus GEMKE,23.0,2249
14/3/2023,Round 1,WD,Margot L.. / Anne TRAN Rank 31 Elo 1675 (+42),21-19 / 18-21 / 21-15,Vivian H.. / LIM Chiew.. Rank 19 Elo 1659 (-44),66,https://badmintonranks.com/tournament?id=13426,7,All England Open 2023,Margot L.. / Anne TRAN,31.0,1675,Vivian H.. / LIM Chiew..,19.0,1659
14/3/2023,Round 1,MD,HE Ji Ting / ZHOU Ha.. Rank 21 Elo 1924 (+29),21-10 / 21-12,LU Ching.. / YANG Po .. Rank 14 Elo 1936 (-29),35,https://badmintonranks.com/tournament?id=13426,7,All England Open 2023,HE Ji Ting / ZHOU Ha..,21.0,1924,LU Ching.. / YANG Po ..,14.0,1936
14/3/2023,Round 1,WS,WANG Zhi Yi (6) Rank 6 Elo 2262 (+9),23-21 / 21-11,Saena KAWAKAMI Rank 25 Elo 1973 (-8),38,https://badmintonranks.com/tournament?id=13426,7,All England Open 2023,WANG Zhi Yi (6),6.0,2262,Saena KAWAKAMI,25.0,1973
14/3/2023,Round 1,MD,ONG Yew.. / TEO Ee .. (8) Rank 8 Elo 2010 (+27),12-21 / 21-16 / 21-18,LEE Yang / WANG Ch.. Rank 17 Elo 2013 (-27),57,https://badmintonranks.com/tournament?id=13426,7,All England Open 2023,ONG Yew.. / TEO Ee .. (8),8.0,2010,LEE Yang / WANG Ch..,17.0,2013
14/3/2023,Round 1,XD,TAN Kian.. / LAI Pei Ji.. (6) Rank 6 Elo 1882 (+35),21-19 / 21-18,Rinov RI.. / Pitha Hani.. Rank 11 Elo 1945 (-33),39,https://badmintonranks.com/tournament?id=13426,7,All England Open 2023,TAN Kian.. / LAI Pei Ji.. (6),6.0,1882,Rinov RI.. / Pitha Hani..,11.0,1945
14/3/2023,Round 1,WD,ZHANG .. / ZHENG .. (3) Rank 3 Elo 2116 (+7),21-11 / 21-12,Rui HIRO.. / Yuna KATO Rank 25 Elo 1786 (-9),33,https://badmintonranks.com/tournament?id=13426,7,All England Open 2023,ZHANG .. / ZHENG .. (3),3.0,2116,Rui HIRO.. / Yuna KATO,25.0,1786
14/3/2023,Round 1,WS,Yvonne LI Rank 30 Elo 1786 (+29),12-21 / 22-20 / 13-12 Ret.,GOH Jin Wei Rank 29 Elo 1947 (-24),49,https://badmintonranks.com/tournament?id=13426,7,All England Open 2023,Yvonne LI,30.0,1786,GOH Jin Wei,29.0,1947
14/3/2023,Round 1,MD,LEE Jhe-.. / YANG Po-.. Rank 26 Elo 1958 (+10),20-22 / 21-17 / 21-13,Christo P.. / Toma Juni.. Rank 33 Elo 1690 (-15),60,https://badmintonranks.com/tournament?id=13426,7,All England Open 2023,LEE Jhe-.. / YANG Po-..,26.0,1958,Christo P.. / Toma Juni..,33.0,1690
14/3/2023,Round 1,WD,CHEN Qi.. / JIA Yi Fan (1) Rank 1 Elo 2399 (+3),21-11 / 21-13,Rin IWAN.. / Kie NAKA.. Rank 16 Elo 1881 (-2),37,https://badmintonranks.com/tournament?id=13426,8,All England Open 2023,CHEN Qi.. / JIA Yi Fan (1),1.0,2399,Rin IWAN.. / Kie NAKA..,16.0,1881
14/3/2023,Round 1,XD,Thom GI.. / Delphine .. (4) Rank 5 Elo 2020 (+22),21-19 / 21-15,KO Sung .. / EOM Hye .. Rank 48 Elo 1965 (-23),44,https://badmintonranks.com/tournament?id=13426,8,All England Open 2023,Thom GI.. / Delphine .. (4),5.0,2020,KO Sung .. / EOM Hye ..,48.0,1965
14/3/2023,Round 1,WS,Pornpawee CHOCHUW.. Rank 11 Elo 2208 (+23),21-11 / 21-15,Nozomi OKUHARA Rank 13 Elo 2177 (-24),36,https://badmintonranks.com/tournament?id=13426,8,All England Open 2023,Pornpawee CHOCHUW..,11.0,2208,Nozomi OKUHARA,13.0,2177
14/3/2023,Round 1,WD,LEE Chia.. / TENG Ch.. Rank 30 Elo 1799 (+49),21-19 / 21-16,Gabriela .. / Stefani ST.. Rank 13 Elo 1983 (-40),31,https://badmintonranks.com/tournament?id=13426,8,All England Open 2023,LEE Chia.. / TENG Ch..,30.0,1799,Gabriela .. / Stefani ST..,13.0,1983
14/3/2023,Round 1,WD,Maiken F.. / Sara THY.. Rank 26 Elo 1845 (+10),21-18 / 21-23 / 21-16,Debora JI.. / Cheryl SEI.. Rank 28 Elo 1569 (-21),68,https://badmintonranks.com/tournament?id=13426,8,All England Open 2023,Maiken F.. / Sara THY..,26.0,1845,Debora JI.. / Cheryl SEI..,28.0,1569
14/3/2023,Round 1,WD,Mayu MA.. / Wakana N.. Rank 11 Elo 2061 (+27),21-13 / 15-21 / 21-15,Pearly TA.. / THINAAH.. (5) Rank 7 Elo 2068 (-27),55,https://badmintonranks.com/tournament?id=13426,8,All England Open 2023,Mayu MA.. / Wakana N..,11.0,2061,Pearly TA.. / THINAAH.. (5),7.0,2068
14/3/2023,Round 1,MS,Anthony Sinisuka GIN.. (3) Rank 3 Elo 2295 (+6),21-17 / 21-19,Kantaphon WANGCHA.. Rank 30 Elo 1952 (-7),51,https://badmintonranks.com/tournament?id=13426,8,All England Open 2023,Anthony Sinisuka GIN.. (3),3.0,2295,Kantaphon WANGCHA..,30.0,1952
14/3/2023,Round 1,XD,LEE Chu.. / NG Tsz Ya.. Rank 23 Elo 1891 (+27),22-20 / 18-21 / 26-24,Hiroki MI.. / Natsu SAI.. Rank 22 Elo 1868 (-28),67,https://badmintonranks.com/tournament?id=13426,8,All England Open 2023,LEE Chu.. / NG Tsz Ya..,23.0,1891,Hiroki MI.. / Natsu SAI..,22.0,1868
14/3/2023,Round 1,WD,Chloe CO.. / Lauren S.. Rank 59 Elo 1755 (+17),21-9 / 21-18,Srivedya .. / Ishika JAI.. Rank 39 Elo 1555 (-31),35,https://badmintonranks.com/tournament?id=13426,8,All England Open 2023,Chloe CO.. / Lauren S..,59.0,1755,Srivedya .. / Ishika JAI..,39.0,1555
14/3/2023,Round 1,MS,ZHAO Jun Peng Rank 13 Elo 2122 (+31),21-16 / 16-21 / 21-7,LOH Kean Yew (8) Rank 8 Elo 2192 (-31),58,https://badmintonranks.com/tournament?id=13426,8,All England Open 2023,ZHAO Jun Peng,13.0,2122,LOH Kean Yew (8),8.0,2192
14/3/2023,Round 1,XD,Yuki KAN.. / Misaki MA.. Rank 16 Elo 1949 (+24),21-19 / 22-24 / 21-17,CHEN Ta.. / TOH Ee W.. Rank 36 Elo 1898 (-25),65,https://badmintonranks.com/tournament?id=13426,8,All England Open 2023,Yuki KAN.. / Misaki MA..,16.0,1949,CHEN Ta.. / TOH Ee W..,36.0,1898
14/3/2023,Round 1,WD,KIM So Y.. / KONG H.. (6) Rank 6 Elo 2059 (+5),21-11 / 21-3,Linda EF.. / Isabel LO.. Rank 21 Elo 1685 (-9),29,https://badmintonranks.com/tournament?id=13426,8,All England Open 2023,KIM So Y.. / KONG H.. (6),6.0,2059,Linda EF.. / Isabel LO..,21.0,1685
14/3/2023,Round 1,MS,PRANNOY H. S. Rank 9 Elo 2164 (+16),21-19 / 22-20,WANG Tzu Wei Rank 24 Elo 2032 (-17),49,https://badmintonranks.com/tournament?id=13426,8,All England Open 2023,PRANNOY H. S.,9.0,2164,WANG Tzu Wei,24.0,2032
14/3/2023,Round 1,MD,Muhamm.. / Bagas MA.. Rank 12 Elo 1938 (+23),21-15 / 13-21 / 21-16,KIM Gi Ju.. / KIM Sa R.. Rank 51 Elo 1880 (-25),54,https://badmintonranks.com/tournament?id=13426,8,All England Open 2023,Muhamm.. / Bagas MA..,12.0,1938,KIM Gi Ju.. / KIM Sa R..,51.0,1880
14/3/2023,Round 1,WS,CHEN Yu Fei (4) Rank 4 Elo 2457 (+7),22-20 / 21-14,Michelle LI Rank 15 Elo 2112 (-6),49,https://badmintonranks.com/tournament?id=13426,8,All England Open 2023,CHEN Yu Fei (4),4.0,2457,Michelle LI,15.0,2112
20/3/2022,Final,MS,Viktor AXELSEN (1) Rank 1 Elo 2560 (+14),21-10 / 21-15,Lakshya SEN Rank 11 Elo 2362 (-13),53,https://badmintonranks.com/tournament?id=11803,1,All England Open 2022,Viktor AXELSEN (1),1.0,2560,Lakshya SEN,11.0,2362
20/3/2022,Final,XD,Yuta WAT.. / Arisa IGA.. (4) Rank 4 Elo 2348 (+23),21-19 / 21-19,WANG Yi.. / HUANG .. (3) Rank 3 Elo 2290 (-23),58,https://badmintonranks.com/tournament?id=11803,1,All England Open 2022,Yuta WAT.. / Arisa IGA.. (4),4.0,2348,WANG Yi.. / HUANG .. (3),3.0,2290
20/3/2022,Final,WD,Nami MA.. / Chiharu .. (7) Rank 7 Elo 2215 (+11),21-13 / 21-9,ZHANG .. / ZHENG Yu Rank 54 Elo 1969 (-11),41,https://badmintonranks.com/tournament?id=11803,1,All England Open 2022,Nami MA.. / Chiharu .. (7),7.0,2215,ZHANG .. / ZHENG Yu,54.0,1969
20/3/2022,Final,MD,Muhamm.. / Bagas MA.. Rank 28 Elo 2047 (+38),21-19 / 21-13,Hendra S.. / Mohamm.. (2) Rank 2 Elo 2164 (-38),37,https://badmintonranks.com/tournament?id=11803,1,All England Open 2022,Muhamm.. / Bagas MA..,28.0,2047,Hendra S.. / Mohamm.. (2),2.0,2164
20/3/2022,Final,WS,Akane YAMAGUCHI (2) Rank 2 Elo 2535 (+25),21-15 / 21-15,AN Se Young (4) Rank 4 Elo 2489 (-24),44,https://badmintonranks.com/tournament?id=11803,1,All England Open 2022,Akane YAMAGUCHI (2),2.0,2535,AN Se Young (4),4.0,2489
19/3/2022,Semi final,MS,Viktor AXELSEN (1) Rank 1 Elo 2551 (+9),21-13 / 21-15,CHOU Tien Chen (4) Rank 4 Elo 2271 (-9),48,https://badmintonranks.com/tournament?id=11803,1,All England Open 2022,Viktor AXELSEN (1),1.0,2551,CHOU Tien Chen (4),4.0,2271
19/3/2022,Semi final,XD,WANG Yi.. / HUANG .. (3) Rank 3 Elo 2267 (+23),21-7 / 13-21 / 21-13,ZHENG .. / HUANG .. (2) Rank 2 Elo 2212 (-23),59,https://badmintonranks.com/tournament?id=11803,1,All England Open 2022,WANG Yi.. / HUANG .. (3),3.0,2267,ZHENG .. / HUANG .. (2),2.0,2212
19/3/2022,Semi final,WD,ZHANG .. / ZHENG Yu Rank 54 Elo 1942 (+27),21-17 / 21-16,Treesa J.. / GAYATRI .. Rank 46 Elo 1911 (-28),51,https://badmintonranks.com/tournament?id=11803,1,All England Open 2022,ZHANG .. / ZHENG Yu,54.0,1942,Treesa J.. / GAYATRI ..,46.0,1911
19/3/2022,Semi final,MD,Hendra S.. / Mohamm.. (2) Rank 2 Elo 2140 (+24),21-16 / 14-21 / 21-13,HE Ji Ting / TAN Qiang Rank 19 Elo 2087 (-24),48,https://badmintonranks.com/tournament?id=11803,1,All England Open 2022,Hendra S.. / Mohamm.. (2),2.0,2140,HE Ji Ting / TAN Qiang,19.0,2087
19/3/2022,Semi final,WS,Akane YAMAGUCHI (2) Rank 2 Elo 2513 (+22),21-11 / 21-13,CHEN Yu Fei (3) Rank 3 Elo 2446 (-22),41,https://badmintonranks.com/tournament?id=11803,1,All England Open 2022,Akane YAMAGUCHI (2),2.0,2513,CHEN Yu Fei (3),3.0,2446
19/3/2022,Semi final,MS,Lakshya SEN Rank 11 Elo 2331 (+31),21-13 / 12-21 / 21-19,LEE Zii Jia (6) Rank 7 Elo 2375 (-31),76,https://badmintonranks.com/tournament?id=11803,1,All England Open 2022,Lakshya SEN,11.0,2331,LEE Zii Jia (6),7.0,2375
19/3/2022,Semi final,XD,Yuta WAT.. / Arisa IGA.. (4) Rank 4 Elo 2310 (+38),21-14 / 21-15,Dechapol.. / Sapsiree .. (1) Rank 1 Elo 2452 (-38),45,https://badmintonranks.com/tournament?id=11803,1,All England Open 2022,Yuta WAT.. / Arisa IGA.. (4),4.0,2310,Dechapol.. / Sapsiree .. (1),1.0,2452
19/3/2022,Semi final,WD,Nami MA.. / Chiharu .. (7) Rank 7 Elo 2203 (+12),21-8 / 21-12,JEONG .. / KIM Hye J.. Rank 64 Elo 1971 (-12),51,https://badmintonranks.com/tournament?id=11803,1,All England Open 2022,Nami MA.. / Chiharu .. (7),7.0,2203,JEONG .. / KIM Hye J..,64.0,1971
19/3/2022,Semi final,MD,Muhamm.. / Bagas MA.. Rank 28 Elo 1996 (+51),22-20 / 13-21 / 21-16,Marcus G.. / Kevin SU.. (1) Rank 1 Elo 2342 (-48),58,https://badmintonranks.com/tournament?id=11803,1,All England Open 2022,Muhamm.. / Bagas MA..,28.0,1996,Marcus G.. / Kevin SU.. (1),1.0,2342
19/3/2022,Semi final,WS,AN Se Young (4) Rank 4 Elo 2458 (+31),21-19 / 21-13,TAI Tzu Ying (1) Rank 1 Elo 2515 (-32),40,https://badmintonranks.com/tournament?id=11803,1,All England Open 2022,AN Se Young (4),4.0,2458,TAI Tzu Ying (1),1.0,2515
18/3/2022,Quarter final,MS,CHOU Tien Chen (4) Rank 4 Elo 2243 (+28),21-10 / 21-15,Jonatan CHRISTIE (7) Rank 8 Elo 2259 (-28),36,https://badmintonranks.com/tournament?id=11803,1,All England Open 2022,CHOU Tien Chen (4),4.0,2243,Jonatan CHRISTIE (7),8.0,2259
18/3/2022,Quarter final,WS,Akane YAMAGUCHI (2) Rank 2 Elo 2503 (+10),21-18 / 21-7,Sayaka TAKAHASHI Rank 13 Elo 2241 (-10),34,https://badmintonranks.com/tournament?id=11803,1,All England Open 2022,Akane YAMAGUCHI (2),2.0,2503,Sayaka TAKAHASHI,13.0,2241
18/3/2022,Quarter final,XD,WANG Yi.. / HUANG .. (3) Rank 3 Elo 2255 (+12),25-23 / 21-19,Praveen .. / Melati Da.. (5) Rank 5 Elo 2044 (-13),47,https://badmintonranks.com/tournament?id=11803,1,All England Open 2022,WANG Yi.. / HUANG .. (3),3.0,2255,Praveen .. / Melati Da.. (5),5.0,2044
18/3/2022,Quarter final,XD,ZHENG .. / HUANG .. (2) Rank 2 Elo 2201 (+11),21-15 / 21-15,TAN Kian.. / LAI Pei Ji.. (7) Rank 10 Elo 1955 (-11),37,https://badmintonranks.com/tournament?id=11803,1,All England Open 2022,ZHENG .. / HUANG .. (2),2.0,2201,TAN Kian.. / LAI Pei Ji.. (7),10.0,1955
18/3/2022,Quarter final,MS,Viktor AXELSEN (1) Rank 1 Elo 2542 (+9),21-4 / 21-9,Anthony Sinisuka GIN.. (5) Rank 5 Elo 2269 (-9),34,https://badmintonranks.com/tournament?id=11803,1,All England Open 2022,Viktor AXELSEN (1),1.0,2542,Anthony Sinisuka GIN.. (5),5.0,2269
18/3/2022,Quarter final,WS,CHEN Yu Fei (3) Rank 3 Elo 2446 (+0),W.O.,HE Bing Jiao (8) Rank 9 Elo 2419 (-2),0,https://badmintonranks.com/tournament?id=11803,2,All England Open 2022,CHEN Yu Fei (3),3.0,2446,HE Bing Jiao (8),9.0,2419
18/3/2022,Quarter final,XD,Dechapol.. / Sapsiree .. (1) Rank 1 Elo 2449 (+3),21-18 / 21-11,Thom GI.. / Delphine .. (8) Rank 12 Elo 1956 (-3),37,https://badmintonranks.com/tournament?id=11803,2,All England Open 2022,Dechapol.. / Sapsiree .. (1),1.0,2449,Thom GI.. / Delphine .. (8),12.0,1956
18/3/2022,Quarter final,XD,Yuta WAT.. / Arisa IGA.. (4) Rank 4 Elo 2302 (+8),21-12 / 21-7,Yuki KAN.. / Misaki MA.. Rank 17 Elo 1987 (-8),32,https://badmintonranks.com/tournament?id=11803,2,All England Open 2022,Yuta WAT.. / Arisa IGA.. (4),4.0,2302,Yuki KAN.. / Misaki MA..,17.0,1987
18/3/2022,Quarter final,MD,HE Ji Ting / TAN Qiang Rank 19 Elo 2068 (+19),15-21 / 21-16 / 21-14,Leo Rolly.. / Daniel MA.. Rank 29 Elo 1956 (-20),51,https://badmintonranks.com/tournament?id=11803,2,All England Open 2022,HE Ji Ting / TAN Qiang,19.0,2068,Leo Rolly.. / Daniel MA..,29.0,1956
18/3/2022,Quarter final,MS,LEE Zii Jia (6) Rank 7 Elo 2341 (+34),21-7 / 13-21 / 21-11,Kento MOMOTA (2) Rank 2 Elo 2437 (-34),64,https://badmintonranks.com/tournament?id=11803,2,All England Open 2022,LEE Zii Jia (6),7.0,2341,Kento MOMOTA (2),2.0,2437
18/3/2022,Quarter final,MS,Lakshya SEN Rank 11 Elo 2331 (+0),W.O.,LU Guang Zu Rank 27 Elo 2154 (-1),0,https://badmintonranks.com/tournament?id=11803,2,All England Open 2022,Lakshya SEN,11.0,2331,LU Guang Zu,27.0,2154
18/3/2022,Quarter final,MD,Hendra S.. / Mohamm.. (2) Rank 2 Elo 2115 (+25),21-15 / 22-20,Kim AST.. / Anders S.. (7) Rank 10 Elo 2088 (-25),39,https://badmintonranks.com/tournament?id=11803,2,All England Open 2022,Hendra S.. / Mohamm.. (2),2.0,2115,Kim AST.. / Anders S.. (7),10.0,2088
18/3/2022,Quarter final,MD,Muhamm.. / Bagas MA.. Rank 28 Elo 1944 (+52),16-21 / 21-16 / 22-20,Takuro H.. / Yugo KO.. (3) Rank 4 Elo 2311 (-48),60,https://badmintonranks.com/tournament?id=11803,2,All England Open 2022,Muhamm.. / Bagas MA..,28.0,1944,Takuro H.. / Yugo KO.. (3),4.0,2311
18/3/2022,Quarter final,WD,ZHANG .. / ZHENG Yu Rank 54 Elo 1908 (+34),19-21 / 21-18 / 21-16,Jongkolp.. / Rawinda .. (8) Rank 8 Elo 1964 (-33),72,https://badmintonranks.com/tournament?id=11803,2,All England Open 2022,ZHANG .. / ZHENG Yu,54.0,1908,Jongkolp.. / Rawinda .. (8),8.0,1964
18/3/2022,Quarter final,WD,Treesa J.. / GAYATRI .. Rank 46 Elo 1856 (+55),14-21 / 22-20 / 21-15,LEE So H.. / SHIN Se.. (2) Rank 2 Elo 2191 (-47),67,https://badmintonranks.com/tournament?id=11803,2,All England Open 2022,Treesa J.. / GAYATRI ..,46.0,1856,LEE So H.. / SHIN Se.. (2),2.0,2191
18/3/2022,Quarter final,MD,Marcus G.. / Kevin SU.. (1) Rank 1 Elo 2330 (+12),24-22 / 21-17,Satwiksai.. / Chirag S.. (5) Rank 8 Elo 2114 (-12),47,https://badmintonranks.com/tournament?id=11803,2,All England Open 2022,Marcus G.. / Kevin SU.. (1),1.0,2330,Satwiksai.. / Chirag S.. (5),8.0,2114
18/3/2022,Quarter final,WS,AN Se Young (4) Rank 4 Elo 2455 (+3),21-12 / 21-9,Iris WANG Rank 35 Elo 1933 (-3),35,https://badmintonranks.com/tournament?id=11803,2,All England Open 2022,AN Se Young (4),4.0,2455,Iris WANG,35.0,1933
18/3/2022,Quarter final,WD,Nami MA.. / Chiharu .. (7) Rank 7 Elo 2178 (+25),21-10 / 21-18,KIM So Y.. / KONG H.. (3) Rank 3 Elo 2158 (-26),40,https://badmintonranks.com/tournament?id=11803,2,All England Open 2022,Nami MA.. / Chiharu .. (7),7.0,2178,KIM So Y.. / KONG H.. (3),3.0,2158
18/3/2022,Quarter final,WD,JEONG .. / KIM Hye J.. Rank 64 Elo 1953 (+18),15-21 / 21-17 / 21-9,Pearly TA.. / THINAAH .. Rank 15 Elo 1819 (-21),79,https://badmintonranks.com/tournament?id=11803,2,All England Open 2022,JEONG .. / KIM Hye J..,64.0,1953,Pearly TA.. / THINAAH ..,15.0,1819
18/3/2022,Quarter final,WS,TAI Tzu Ying (1) Rank 1 Elo 2492 (+23),21-10 / 21-11,Nozomi OKUHARA (5) Rank 5 Elo 2444 (-23),35,https://badmintonranks.com/tournament?id=11803,2,All England Open 2022,TAI Tzu Ying (1),1.0,2492,Nozomi OKUHARA (5),5.0,2444
17/3/2022,Round 2,MS,Jonatan CHRISTIE (7) Rank 8 Elo 2229 (+30),21-16 / 21-19,Kunlavut VITIDSARN Rank 18 Elo 2288 (-30),46,https://badmintonranks.com/tournament?id=11803,2,All England Open 2022,Jonatan CHRISTIE (7),8.0,2229,Kunlavut VITIDSARN,18.0,2288
17/3/2022,Round 2,XD,Dechapol.. / Sapsiree .. (1) Rank 1 Elo 2448 (+1),21-11 / 21-13,Mathias T.. / Amalie M.. Rank Elo 1750 (-1),36,https://badmintonranks.com/tournament?id=11803,2,All England Open 2022,Dechapol.. / Sapsiree .. (1),1.0,2448,Mathias T.. / Amalie M..,,1750
17/3/2022,Round 2,XD,Yuki KAN.. / Misaki MA.. Rank 17 Elo 1963 (+24),21-15 / 21-23 / 22-20,Marcus E.. / Lauren S.. (6) Rank 9 Elo 1921 (-25),68,https://badmintonranks.com/tournament?id=11803,2,All England Open 2022,Yuki KAN.. / Misaki MA..,17.0,1963,Marcus E.. / Lauren S.. (6),9.0,1921
17/3/2022,Round 2,MS,Kento MOMOTA (2) Rank 2 Elo 2429 (+8),21-16 / 21-12,HEO Kwang Hee Rank 30 Elo 2139 (-8),42,https://badmintonranks.com/tournament?id=11803,2,All England Open 2022,Kento MOMOTA (2),2.0,2429,HEO Kwang Hee,30.0,2139
17/3/2022,Round 2,XD,TAN Kian.. / LAI Pei Ji.. (7) Rank 10 Elo 1930 (+25),21-19 / 21-17,Supak JO.. / Supissara .. Rank 26 Elo 1888 (-26),38,https://badmintonranks.com/tournament?id=11803,2,All England Open 2022,TAN Kian.. / LAI Pei Ji.. (7),10.0,1930,Supak JO.. / Supissara ..,26.0,1888
17/3/2022,Round 2,MS,LEE Zii Jia (6) Rank 7 Elo 2333 (+8),26-24 / 21-11,Brian YANG Rank 33 Elo 2049 (-9),45,https://badmintonranks.com/tournament?id=11803,3,All England Open 2022,LEE Zii Jia (6),7.0,2333,Brian YANG,33.0,2049
17/3/2022,Round 2,MD,HE Ji Ting / TAN Qiang Rank 19 Elo 2039 (+29),21-15 / 21-19,Aaron CH.. / SOH Wo.. (4) Rank 7 Elo 2063 (-28),35,https://badmintonranks.com/tournament?id=11803,3,All England Open 2022,HE Ji Ting / TAN Qiang,19.0,2039,Aaron CH.. / SOH Wo.. (4),7.0,2063
17/3/2022,Round 2,XD,ZHENG .. / HUANG .. (2) Rank 2 Elo 2199 (+2),21-5 / 21-15,ONG Yew.. / GOH Liu .. Rank Elo 1705 (-4),27,https://badmintonranks.com/tournament?id=11803,3,All England Open 2022,ZHENG .. / HUANG .. (2),2.0,2199,ONG Yew.. / GOH Liu ..,,1705
17/3/2022,Round 2,WD,ZHANG .. / ZHENG Yu Rank 54 Elo 1895 (+13),21-16 / 21-15,Chloe CO.. / Jessica P.. Rank Elo 1678 (-20),38,https://badmintonranks.com/tournament?id=11803,3,All England Open 2022,ZHANG .. / ZHENG Yu,54.0,1895,Chloe CO.. / Jessica P..,,1678
17/3/2022,Round 2,WD,Jongkolp.. / Rawinda .. (8) Rank 8 Elo 1947 (+17),21-18 / 18-21 / 25-23,Debora JI.. / Cheryl SEI.. Rank 62 Elo 1805 (-20),73,https://badmintonranks.com/tournament?id=11803,3,All England Open 2022,Jongkolp.. / Rawinda .. (8),8.0,1947,Debora JI.. / Cheryl SEI..,62.0,1805
17/3/2022,Round 2,XD,WANG Yi.. / HUANG .. (3) Rank 3 Elo 2250 (+5),21-11 / 21-11,Adam HA.. / Julie MAC.. Rank 46 Elo 1856 (-6),28,https://badmintonranks.com/tournament?id=11803,3,All England Open 2022,WANG Yi.. / HUANG .. (3),3.0,2250,Adam HA.. / Julie MAC..,46.0,1856
17/3/2022,Round 2,XD,Thom GI.. / Delphine .. (8) Rank 12 Elo 1940 (+16),21-11 / 20-22 / 21-15,Jones Ra.. / Linda EFL.. Rank 80 Elo 1774 (-19),64,https://badmintonranks.com/tournament?id=11803,3,All England Open 2022,Thom GI.. / Delphine .. (8),12.0,1940,Jones Ra.. / Linda EFL..,80.0,1774
17/3/2022,Round 2,MD,Kim AST.. / Anders S.. (7) Rank 10 Elo 2078 (+10),21-12 / 21-7,Keiichiro .. / Yoshinori .. Rank 35 Elo 1834 (-12),30,https://badmintonranks.com/tournament?id=11803,3,All England Open 2022,Kim AST.. / Anders S.. (7),10.0,2078,Keiichiro .. / Yoshinori ..,35.0,1834
17/3/2022,Round 2,XD,Praveen .. / Melati Da.. (5) Rank 5 Elo 2031 (+13),21-16 / 21-14,HOO Pan.. / CHEAH Y.. Rank 23 Elo 1838 (-16),30,https://badmintonranks.com/tournament?id=11803,3,All England Open 2022,Praveen .. / Melati Da.. (5),5.0,2031,HOO Pan.. / CHEAH Y..,23.0,1838
17/3/2022,Round 2,XD,Yuta WAT.. / Arisa IGA.. (4) Rank 4 Elo 2300 (+2),21-19 / 21-17,Dejan FE.. / Gloria Em.. Rank Elo 1787 (-3),48,https://badmintonranks.com/tournament?id=11803,3,All England Open 2022,Yuta WAT.. / Arisa IGA.. (4),4.0,2300,Dejan FE.. / Gloria Em..,,1787
17/3/2022,Round 2,MS,CHOU Tien Chen (4) Rank 4 Elo 2232 (+11),18-21 / 21-13 / 21-9,LIEW Daren Rank 37 Elo 2001 (-11),58,https://badmintonranks.com/tournament?id=11803,3,All England Open 2022,CHOU Tien Chen (4),4.0,2232,LIEW Daren,37.0,2001
17/3/2022,Round 2,WD,LEE So H.. / SHIN Se.. (2) Rank 2 Elo 2190 (+1),13-8 Ret.,LIU Xuan.. / XIA Yu Tin.. Rank 20 Elo 1853 (-2),13,https://badmintonranks.com/tournament?id=11803,3,All England Open 2022,LEE So H.. / SHIN Se.. (2),2.0,2190,LIU Xuan.. / XIA Yu Tin..,20.0,1853
17/3/2022,Round 2,MD,Takuro H.. / Yugo KO.. (3) Rank 4 Elo 2309 (+2),21-11 / 19-21 / 24-22,Ben LANE / Sean VEN.. Rank 18 Elo 1788 (-3),67,https://badmintonranks.com/tournament?id=11803,3,All England Open 2022,Takuro H.. / Yugo KO.. (3),4.0,2309,Ben LANE / Sean VEN..,18.0,1788
17/3/2022,Round 2,MS,LU Guang Zu Rank 27 Elo 2132 (+22),21-10 / 21-11,NG Ka Long Angus (8) Rank 10 Elo 2069 (-22),38,https://badmintonranks.com/tournament?id=11803,3,All England Open 2022,LU Guang Zu,27.0,2132,NG Ka Long Angus (8),10.0,2069
17/3/2022,Round 2,WD,Treesa J.. / GAYATRI .. Rank 46 Elo 1834 (+22),18-21 / 19-14 Ret.,Greysia P.. / Apriyani .. (6) Rank 6 Elo 2159 (-18),48,https://badmintonranks.com/tournament?id=11803,3,All England Open 2022,Treesa J.. / GAYATRI ..,46.0,1834,Greysia P.. / Apriyani .. (6),6.0,2159
17/3/2022,Round 2,WS,CHEN Yu Fei (3) Rank 3 Elo 2444 (+2),21-10 / 21-12,Julie Dawall JAKOBSEN Rank 41 Elo 1829 (-2),28,https://badmintonranks.com/tournament?id=11803,3,All England Open 2022,CHEN Yu Fei (3),3.0,2444,Julie Dawall JAKOBSEN,41.0,1829
17/3/2022,Round 2,MS,Anthony Sinisuka GIN.. (5) Rank 5 Elo 2243 (+26),9-21 / 21-18 / 21-19,KIDAMBI Srikanth Rank 12 Elo 2248 (-27),62,https://badmintonranks.com/tournament?id=11803,3,All England Open 2022,Anthony Sinisuka GIN.. (5),5.0,2243,KIDAMBI Srikanth,12.0,2248
17/3/2022,Round 2,WS,Nozomi OKUHARA (5) Rank 5 Elo 2441 (+3),21-15 / 21-18,HAN Yue Rank 28 Elo 1977 (-3),42,https://badmintonranks.com/tournament?id=11803,3,All England Open 2022,Nozomi OKUHARA (5),5.0,2441,HAN Yue,28.0,1977
17/3/2022,Round 2,MD,Leo Rolly.. / Daniel MA.. Rank 29 Elo 1935 (+21),20-22 / 24-22 / 21-16,LIU Yu C.. / ZHOU Ha.. Rank Elo 1844 (-23),67,https://badmintonranks.com/tournament?id=11803,3,All England Open 2022,Leo Rolly.. / Daniel MA..,29.0,1935,LIU Yu C.. / ZHOU Ha..,,1844
17/3/2022,Round 2,MS,Viktor AXELSEN (1) Rank 1 Elo 2538 (+4),21-14 / 21-13,Mark CALJOUW Rank 25 Elo 2097 (-4),37,https://badmintonranks.com/tournament?id=11803,3,All England Open 2022,Viktor AXELSEN (1),1.0,2538,Mark CALJOUW,25.0,2097
17/3/2022,Round 2,MD,Satwiksai.. / Chirag S.. (5) Rank 8 Elo 2099 (+15),21-7 / 21-7,Mark LA.. / Marvin SE.. Rank 16 Elo 1950 (-17),27,https://badmintonranks.com/tournament?id=11803,4,All England Open 2022,Satwiksai.. / Chirag S.. (5),8.0,2099,Mark LA.. / Marvin SE..,16.0,1950
17/3/2022,Round 2,WD,KIM So Y.. / KONG H.. (3) Rank 3 Elo 2150 (+8),20-22 / 21-18 / 21-8,Rachel H.. / Kristen TS.. Rank 21 Elo 1854 (-9),63,https://badmintonranks.com/tournament?id=11803,4,All England Open 2022,KIM So Y.. / KONG H.. (3),3.0,2150,Rachel H.. / Kristen TS..,21.0,1854
17/3/2022,Round 2,WS,Iris WANG Rank 35 Elo 1889 (+44),21-15 / 21-14,Michelle LI Rank 12 Elo 2083 (-40),34,https://badmintonranks.com/tournament?id=11803,4,All England Open 2022,Iris WANG,35.0,1889,Michelle LI,12.0,2083
17/3/2022,Round 2,WS,Sayaka TAKAHASHI Rank 13 Elo 2209 (+32),21-19 / 16-21 / 21-17,PUSARLA V. Sindhu (6) Rank 7 Elo 2282 (-31),66,https://badmintonranks.com/tournament?id=11803,4,All England Open 2022,Sayaka TAKAHASHI,13.0,2209,PUSARLA V. Sindhu (6),7.0,2282
17/3/2022,Round 2,MS,Lakshya SEN Rank 11 Elo 2299 (+32),21-16 / 21-18,Anders ANTONSEN (3) Rank 3 Elo 2386 (-32),55,https://badmintonranks.com/tournament?id=11803,4,All England Open 2022,Lakshya SEN,11.0,2299,Anders ANTONSEN (3),3.0,2386
17/3/2022,Round 2,MD,Hendra S.. / Mohamm.. (2) Rank 2 Elo 2108 (+7),19-21 / 21-17 / 21-14,LIU Cheng / ZHANG N.. Rank 85 Elo 1782 (-9),51,https://badmintonranks.com/tournament?id=11803,4,All England Open 2022,Hendra S.. / Mohamm.. (2),2.0,2108,LIU Cheng / ZHANG N..,85.0,1782
17/3/2022,Round 2,WD,Nami MA.. / Chiharu .. (7) Rank 7 Elo 2175 (+3),21-19 / 21-19,Johanna .. / Clara NIS.. Rank 50 Elo 1708 (-5),35,https://badmintonranks.com/tournament?id=11803,4,All England Open 2022,Nami MA.. / Chiharu .. (7),7.0,2175,Johanna .. / Clara NIS..,50.0,1708
17/3/2022,Round 2,WS,Akane YAMAGUCHI (2) Rank 2 Elo 2502 (+1),21-14 / 17-21 / 21-17,Saina NEHWAL Rank 25 Elo 1936 (-2),50,https://badmintonranks.com/tournament?id=11803,4,All England Open 2022,Akane YAMAGUCHI (2),2.0,2502,Saina NEHWAL,25.0,1936
17/3/2022,Round 2,WD,JEONG .. / KIM Hye J.. Rank 64 Elo 1946 (+7),19-21 / 21-13 / 21-13,Supissar.. / Puttita SU.. Rank Elo 1610 (-14),66,https://badmintonranks.com/tournament?id=11803,4,All England Open 2022,JEONG .. / KIM Hye J..,64.0,1946,Supissar.. / Puttita SU..,,1610
17/3/2022,Round 2,WS,TAI Tzu Ying (1) Rank 1 Elo 2485 (+7),21-19 / 22-20,Busanan ONGBAMRUN.. Rank 11 Elo 2150 (-6),46,https://badmintonranks.com/tournament?id=11803,4,All England Open 2022,TAI Tzu Ying (1),1.0,2485,Busanan ONGBAMRUN..,11.0,2150
17/3/2022,Round 2,WS,HE Bing Jiao (8) Rank 9 Elo 2417 (+2),16-21 / 21-6 / 21-9,Clara AZURMENDI Rank 46 Elo 1794 (-1),47,https://badmintonranks.com/tournament?id=11803,4,All England Open 2022,HE Bing Jiao (8),9.0,2417,Clara AZURMENDI,46.0,1794
17/3/2022,Round 2,WS,AN Se Young (4) Rank 4 Elo 2450 (+5),21-17 / 21-16,Kirsty GILMOUR Rank 19 Elo 2058 (-5),40,https://badmintonranks.com/tournament?id=11803,4,All England Open 2022,AN Se Young (4),4.0,2450,Kirsty GILMOUR,19.0,2058
17/3/2022,Round 2,WD,Pearly TA.. / THINAAH .. Rank 15 Elo 1774 (+45),18-21 / 21-19 / 21-16,Rin IWAN.. / Kie NAKA.. Rank 25 Elo 1881 (-38),74,https://badmintonranks.com/tournament?id=11803,4,All England Open 2022,Pearly TA.. / THINAAH ..,15.0,1774,Rin IWAN.. / Kie NAKA..,25.0,1881
17/3/2022,Round 2,MD,Marcus G.. / Kevin SU.. (1) Rank 1 Elo 2325 (+5),15-21 / 21-18 / 21-18,Akira KO.. / Taichi SAI.. Rank 22 Elo 1933 (-5),68,https://badmintonranks.com/tournament?id=11803,4,All England Open 2022,Marcus G.. / Kevin SU.. (1),1.0,2325,Akira KO.. / Taichi SAI..,22.0,1933
17/3/2022,Round 2,MD,Muhamm.. / Bagas MA.. Rank 28 Elo 1901 (+43),24-22 / 13-21 / 21-17,ONG Yew.. / TEO Ee .. (8) Rank 11 Elo 2085 (-39),55,https://badmintonranks.com/tournament?id=11803,4,All England Open 2022,Muhamm.. / Bagas MA..,28.0,1901,ONG Yew.. / TEO Ee .. (8),11.0,2085
16/3/2022,Round 1,XD,Mathias T.. / Amalie M.. Rank Elo 1681 (+69),21-18 / 21-16,GOH Soo.. / LAI Shevo.. Rank 13 Elo 1915 (-45),38,https://badmintonranks.com/tournament?id=11803,4,All England Open 2022,Mathias T.. / Amalie M..,,1681,GOH Soo.. / LAI Shevo..,13.0,1915
16/3/2022,Round 1,MS,HEO Kwang Hee Rank 30 Elo 2113 (+26),21-13 / 9-21 / 21-16,LEE Cheuk Yiu Rank 17 Elo 2114 (-26),49,https://badmintonranks.com/tournament?id=11803,4,All England Open 2022,HEO Kwang Hee,30.0,2113,LEE Cheuk Yiu,17.0,2114
16/3/2022,Round 1,MS,Brian YANG Rank 33 Elo 2028 (+21),16-21 / 21-19 / 22-20,Sitthikom THAMMASIN Rank 31 Elo 1948 (-22),66,https://badmintonranks.com/tournament?id=11803,4,All England Open 2022,Brian YANG,33.0,2028,Sitthikom THAMMASIN,31.0,1948
16/3/2022,Round 1,MS,LEE Zii Jia (6) Rank 7 Elo 2319 (+14),21-16 / 21-17,Kenta NISHIMOTO Rank 20 Elo 2144 (-13),43,https://badmintonranks.com/tournament?id=11803,4,All England Open 2022,LEE Zii Jia (6),7.0,2319,Kenta NISHIMOTO,20.0,2144
16/3/2022,Round 1,WD,Debora JI.. / Cheryl SEI.. Rank 62 Elo 1787 (+18),21-16 / 21-9,Clara AZ.. / Beatriz C.. Rank 57 Elo 1611 (-29),31,https://badmintonranks.com/tournament?id=11803,4,All England Open 2022,Debora JI.. / Cheryl SEI..,62.0,1787,Clara AZ.. / Beatriz C..,57.0,1611
16/3/2022,Round 1,MD,Aaron CH.. / SOH Wo.. (4) Rank 7 Elo 2056 (+7),21-14 / 21-19,Christoph.. / Matthew .. Rank 54 Elo 1732 (-11),36,https://badmintonranks.com/tournament?id=11803,5,All England Open 2022,Aaron CH.. / SOH Wo.. (4),7.0,2056,Christoph.. / Matthew ..,54.0,1732
16/3/2022,Round 1,MS,Kento MOMOTA (2) Rank 2 Elo 2426 (+3),21-18 / 11-7 Ret.,Hans-Kristian Solberg VI.. Rank 22 Elo 2140 (-3),35,https://badmintonranks.com/tournament?id=11803,5,All England Open 2022,Kento MOMOTA (2),2.0,2426,Hans-Kristian Solberg VI..,22.0,2140
16/3/2022,Round 1,XD,Marcus E.. / Lauren S.. (6) Rank 9 Elo 1890 (+31),21-17 / 21-19,Rinov RI.. / Pitha Hani.. Rank 22 Elo 1915 (-31),48,https://badmintonranks.com/tournament?id=11803,5,All England Open 2022,Marcus E.. / Lauren S.. (6),9.0,1890,Rinov RI.. / Pitha Hani..,22.0,1915
16/3/2022,Round 1,WS,Sayaka TAKAHASHI Rank 13 Elo 2199 (+10),21-17 / 23-21,Supanida KATETHONG Rank 29 Elo 1961 (-11),35,https://badmintonranks.com/tournament?id=11803,5,All England Open 2022,Sayaka TAKAHASHI,13.0,2199,Supanida KATETHONG,29.0,1961
16/3/2022,Round 1,XD,Thom GI.. / Delphine .. (8) Rank 12 Elo 1919 (+21),21-16 / 14-21 / 21-15,Kyohei Y.. / Naru SHI.. Rank 42 Elo 1834 (-24),58,https://badmintonranks.com/tournament?id=11803,5,All England Open 2022,Thom GI.. / Delphine .. (8),12.0,1919,Kyohei Y.. / Naru SHI..,42.0,1834
16/3/2022,Round 1,XD,Jones Ra.. / Linda EFL.. Rank 80 Elo 1751 (+23),21-16 / 21-17,Oliver LE.. / Anona PAK Rank 57 Elo 1610 (-33),34,https://badmintonranks.com/tournament?id=11803,5,All England Open 2022,Jones Ra.. / Linda EFL..,80.0,1751,Oliver LE.. / Anona PAK,57.0,1610
16/3/2022,Round 1,XD,Dechapol.. / Sapsiree .. (1) Rank 1 Elo 2447 (+1),21-10 / 21-18,CHEN Ta.. / PECK Yen.. Rank 29 Elo 1831 (-2),33,https://badmintonranks.com/tournament?id=11803,5,All England Open 2022,Dechapol.. / Sapsiree .. (1),1.0,2447,CHEN Ta.. / PECK Yen..,29.0,1831
16/3/2022,Round 1,XD,ZHENG .. / HUANG .. (2) Rank 2 Elo 2196 (+3),21-15 / 18-21 / 21-12,William V.. / Anne TRAN Rank 107 Elo 1675 (-4),54,https://badmintonranks.com/tournament?id=11803,5,All England Open 2022,ZHENG .. / HUANG .. (2),2.0,2196,William V.. / Anne TRAN,107.0,1675
16/3/2022,Round 1,XD,WANG Yi.. / HUANG .. (3) Rank 3 Elo 2246 (+4),21-15 / 21-4,Mikkel MI.. / Rikke SØ.. Rank 41 Elo 1799 (-4),28,https://badmintonranks.com/tournament?id=11803,5,All England Open 2022,WANG Yi.. / HUANG .. (3),3.0,2246,Mikkel MI.. / Rikke SØ..,41.0,1799
16/3/2022,Round 1,XD,Yuta WAT.. / Arisa IGA.. (4) Rank 4 Elo 2297 (+3),21-4 / 21-5,Adham H.. / Doha HAN.. Rank 50 Elo 1777 (-3),22,https://badmintonranks.com/tournament?id=11803,5,All England Open 2022,Yuta WAT.. / Arisa IGA.. (4),4.0,2297,Adham H.. / Doha HAN..,50.0,1777
16/3/2022,Round 1,XD,Dejan FE.. / Gloria Em.. Rank Elo 1726 (+61),11-21 / 21-19 / 21-18,Mathias .. / Alexandra .. Rank 14 Elo 1955 (-44),64,https://badmintonranks.com/tournament?id=11803,5,All England Open 2022,Dejan FE.. / Gloria Em..,,1726,Mathias .. / Alexandra ..,14.0,1955
16/3/2022,Round 1,XD,HOO Pan.. / CHEAH Y.. Rank 23 Elo 1822 (+16),21-9 / 21-13,Venkat G.. / Juhi DEW.. Rank 54 Elo 1624 (-25),22,https://badmintonranks.com/tournament?id=11803,5,All England Open 2022,HOO Pan.. / CHEAH Y..,23.0,1822,Venkat G.. / Juhi DEW..,54.0,1624
16/3/2022,Round 1,XD,Praveen .. / Melati Da.. (5) Rank 5 Elo 2025 (+6),21-14 / 21-13,Ishaan B.. / Tanisha C.. Rank 75 Elo 1662 (-10),26,https://badmintonranks.com/tournament?id=11803,5,All England Open 2022,Praveen .. / Melati Da.. (5),5.0,2025,Ishaan B.. / Tanisha C..,75.0,1662
16/3/2022,Round 1,MS,Anders ANTONSEN (3) Rank 3 Elo 2365 (+21),21-15 / 18-21 / 21-13,LOH Kean Yew Rank 9 Elo 2302 (-21),74,https://badmintonranks.com/tournament?id=11803,5,All England Open 2022,Anders ANTONSEN (3),3.0,2365,LOH Kean Yew,9.0,2302
16/3/2022,Round 1,MS,LU Guang Zu Rank 27 Elo 2112 (+20),23-25 / 21-18 / 21-16,ZHAO Jun Peng Rank 35 Elo 2027 (-21),75,https://badmintonranks.com/tournament?id=11803,5,All England Open 2022,LU Guang Zu,27.0,2112,ZHAO Jun Peng,35.0,2027
16/3/2022,Round 1,MS,NG Ka Long Angus (8) Rank 10 Elo 2057 (+12),21-11 / 21-19,Thomas ROUXEL Rank 41 Elo 1837 (-14),36,https://badmintonranks.com/tournament?id=11803,5,All England Open 2022,NG Ka Long Angus (8),10.0,2057,Thomas ROUXEL,41.0,1837
16/3/2022,Round 1,XD,Supak JO.. / Supissara .. Rank 26 Elo 1853 (+35),21-12 / 21-19,Mark LA.. / Isabel LO.. Rank 15 Elo 1906 (-33),34,https://badmintonranks.com/tournament?id=11803,5,All England Open 2022,Supak JO.. / Supissara ..,26.0,1853,Mark LA.. / Isabel LO..,15.0,1906
16/3/2022,Round 1,XD,TAN Kian.. / LAI Pei Ji.. (7) Rank 10 Elo 1909 (+21),21-14 / 13-21 / 21-16,Adnan M.. / Mychelle .. Rank 30 Elo 1821 (-24),57,https://badmintonranks.com/tournament?id=11803,5,All England Open 2022,TAN Kian.. / LAI Pei Ji.. (7),10.0,1909,Adnan M.. / Mychelle ..,30.0,1821
16/3/2022,Round 1,XD,Yuki KAN.. / Misaki MA.. Rank 17 Elo 1941 (+22),22-24 / 21-15 / 21-12,Robin TA.. / Selena PI.. Rank 20 Elo 1861 (-23),60,https://badmintonranks.com/tournament?id=11803,5,All England Open 2022,Yuki KAN.. / Misaki MA..,17.0,1941,Robin TA.. / Selena PI..,20.0,1861
16/3/2022,Round 1,MS,Anthony Sinisuka GIN.. (5) Rank 5 Elo 2235 (+8),21-11 / 21-18,PARUPALLI Kashyap Rank 36 Elo 1926 (-8),37,https://badmintonranks.com/tournament?id=11803,5,All England Open 2022,Anthony Sinisuka GIN.. (5),5.0,2235,PARUPALLI Kashyap,36.0,1926
16/3/2022,Round 1,MS,KIDAMBI Srikanth Rank 12 Elo 2238 (+10),21-18 / 21-14,Kantaphon WANGCHA.. Rank 21 Elo 1975 (-10),36,https://badmintonranks.com/tournament?id=11803,6,All England Open 2022,KIDAMBI Srikanth,12.0,2238,Kantaphon WANGCHA..,21.0,1975
16/3/2022,Round 1,MS,Lakshya SEN Rank 11 Elo 2294 (+5),21-17 / 21-7,Sourabh VERMA Rank 38 Elo 1904 (-5),33,https://badmintonranks.com/tournament?id=11803,6,All England Open 2022,Lakshya SEN,11.0,2294,Sourabh VERMA,38.0,1904
16/3/2022,Round 1,WS,Michelle LI Rank 12 Elo 2077 (+6),21-18 / 21-18,AAKARSHI KASHYAP Rank 53 Elo 1702 (-9),40,https://badmintonranks.com/tournament?id=11803,6,All England Open 2022,Michelle LI,12.0,2077,AAKARSHI KASHYAP,53.0,1702
16/3/2022,Round 1,WS,Iris WANG Rank 35 Elo 1860 (+29),21-16 / 12-21 / 21-7,QI Xuefei Rank 43 Elo 1845 (-29),57,https://badmintonranks.com/tournament?id=11803,6,All England Open 2022,Iris WANG,35.0,1860,QI Xuefei,43.0,1845
16/3/2022,Round 1,XD,ONG Yew.. / GOH Liu .. Rank Elo 1639 (+66),17-21 / 21-17 / 21-11,Callum H.. / Jessica P.. Rank 49 Elo 1758 (-48),50,https://badmintonranks.com/tournament?id=11803,6,All England Open 2022,ONG Yew.. / GOH Liu ..,,1639,Callum H.. / Jessica P..,49.0,1758
16/3/2022,Round 1,WS,PUSARLA V. Sindhu (6) Rank 7 Elo 2271 (+11),21-18 / 21-13,WANG Zhi Yi Rank 17 Elo 2053 (-12),42,https://badmintonranks.com/tournament?id=11803,6,All England Open 2022,PUSARLA V. Sindhu (6),7.0,2271,WANG Zhi Yi,17.0,2053
16/3/2022,Round 1,WS,Akane YAMAGUCHI (2) Rank 2 Elo 2501 (+1),21-13 / 21-13,Kristin KUUBA Rank 48 Elo 1733 (-1),34,https://badmintonranks.com/tournament?id=11803,6,All England Open 2022,Akane YAMAGUCHI (2),2.0,2501,Kristin KUUBA,48.0,1733
16/3/2022,Round 1,WS,AN Se Young (4) Rank 4 Elo 2444 (+6),21-16 / 21-4,Gregoria Mariska TUNJ.. Rank 27 Elo 2085 (-6),28,https://badmintonranks.com/tournament?id=11803,6,All England Open 2022,AN Se Young (4),4.0,2444,Gregoria Mariska TUNJ..,27.0,2085
16/3/2022,Round 1,MD,HE Ji Ting / TAN Qiang Rank 19 Elo 2008 (+31),21-15 / 19-21 / 21-11,GOH Sze.. / Nur IZZUD.. Rank 17 Elo 2059 (-30),52,https://badmintonranks.com/tournament?id=11803,6,All England Open 2022,HE Ji Ting / TAN Qiang,19.0,2008,GOH Sze.. / Nur IZZUD..,17.0,2059
16/3/2022,Round 1,MD,Ben LANE / Sean VEN.. Rank 18 Elo 1761 (+27),21-14 / 22-20,TAN Kian.. / TAN Wee .. Rank 105 Elo 1679 (-33),46,https://badmintonranks.com/tournament?id=11803,6,All England Open 2022,Ben LANE / Sean VEN..,18.0,1761,TAN Kian.. / TAN Wee ..,105.0,1679
16/3/2022,Round 1,XD,Adam HA.. / Julie MAC.. Rank 46 Elo 1833 (+23),14-21 / 21-18 / 23-21,OU Xuan .. / ZHANG S.. Rank Elo 1741 (-28),51,https://badmintonranks.com/tournament?id=11803,6,All England Open 2022,Adam HA.. / Julie MAC..,46.0,1833,OU Xuan .. / ZHANG S..,,1741
16/3/2022,Round 1,MD,Takuro H.. / Yugo KO.. (3) Rank 4 Elo 2306 (+3),21-17 / 18-21 / 23-21,MAN Wei.. / TEE Kai .. Rank 45 Elo 1827 (-4),65,https://badmintonranks.com/tournament?id=11803,6,All England Open 2022,Takuro H.. / Yugo KO.. (3),4.0,2306,MAN Wei.. / TEE Kai ..,45.0,1827
16/3/2022,Round 1,WD,LIU Xuan.. / XIA Yu Tin.. Rank 20 Elo 1837 (+16),21-14 / 21-18,Margot L.. / Anne TRAN Rank 79 Elo 1656 (-25),47,https://badmintonranks.com/tournament?id=11803,6,All England Open 2022,LIU Xuan.. / XIA Yu Tin..,20.0,1837,Margot L.. / Anne TRAN,79.0,1656
16/3/2022,Round 1,WD,LEE So H.. / SHIN Se.. (2) Rank 2 Elo 2174 (+16),16-21 / 23-21 / 23-21,Gabriela .. / Stefani ST.. Rank 9 Elo 2027 (-16),82,https://badmintonranks.com/tournament?id=11803,6,All England Open 2022,LEE So H.. / SHIN Se.. (2),2.0,2174,Gabriela .. / Stefani ST..,9.0,2027
16/3/2022,Round 1,WS,Kirsty GILMOUR Rank 19 Elo 2028 (+30),21-16 / 21-13,ZHANG Beiwen Rank 15 Elo 2067 (-29),27,https://badmintonranks.com/tournament?id=11803,6,All England Open 2022,Kirsty GILMOUR,19.0,2028,ZHANG Beiwen,15.0,2067
16/3/2022,Round 1,MS,Viktor AXELSEN (1) Rank 1 Elo 2536 (+2),22-20 / 21-11,SAI PRANEETH B. Rank 19 Elo 1992 (-3),48,https://badmintonranks.com/tournament?id=11803,6,All England Open 2022,Viktor AXELSEN (1),1.0,2536,SAI PRANEETH B.,19.0,1992
16/3/2022,Round 1,MD,Marcus G.. / Kevin SU.. (1) Rank 1 Elo 2324 (+1),21-12 / 21-18,Lucas C.. / Ronan LA.. Rank 58 Elo 1653 (-2),48,https://badmintonranks.com/tournament?id=11803,6,All England Open 2022,Marcus G.. / Kevin SU.. (1),1.0,2324,Lucas C.. / Ronan LA..,58.0,1653
16/3/2022,Round 1,WD,Pearly TA.. / THINAAH .. Rank 15 Elo 1750 (+24),21-8 / 21-12,Jaqueline.. / Samia LIM.. Rank 59 Elo 1626 (-34),27,https://badmintonranks.com/tournament?id=11803,6,All England Open 2022,Pearly TA.. / THINAAH ..,15.0,1750,Jaqueline.. / Samia LIM..,59.0,1626
16/3/2022,Round 1,WS,Saina NEHWAL Rank 25 Elo 1924 (+12),21-17 / 21-19,Beatriz CORRALES Rank 51 Elo 1698 (-18),38,https://badmintonranks.com/tournament?id=11803,6,All England Open 2022,Saina NEHWAL,25.0,1924,Beatriz CORRALES,51.0,1698
16/3/2022,Round 1,MS,Mark CALJOUW Rank 25 Elo 2071 (+26),21-18 / 21-11,Sameer VERMA Rank 26 Elo 2064 (-26),41,https://badmintonranks.com/tournament?id=11803,6,All England Open 2022,Mark CALJOUW,25.0,2071,Sameer VERMA,26.0,2064
16/3/2022,Round 1,WD,Rin IWAN.. / Kie NAKA.. Rank 25 Elo 1859 (+22),21-9 / 21-13,Ashwini P.. / REDDY Si.. Rank 19 Elo 1770 (-26),35,https://badmintonranks.com/tournament?id=11803,7,All England Open 2022,Rin IWAN.. / Kie NAKA..,25.0,1859,Ashwini P.. / REDDY Si..,19.0,1770
16/3/2022,Round 1,MD,Akira KO.. / Taichi SAI.. Rank 22 Elo 1925 (+8),21-8 / 21-14,Christo P.. / Toma Juni.. Rank 30 Elo 1612 (-16),39,https://badmintonranks.com/tournament?id=11803,7,All England Open 2022,Akira KO.. / Taichi SAI..,22.0,1925,Christo P.. / Toma Juni..,30.0,1612
16/3/2022,Round 1,MD,Muhamm.. / Bagas MA.. Rank 28 Elo 1870 (+31),21-18 / 21-19,Pramudy.. / Yeremia E.. Rank 21 Elo 1887 (-31),38,https://badmintonranks.com/tournament?id=11803,7,All England Open 2022,Muhamm.. / Bagas MA..,28.0,1870,Pramudy.. / Yeremia E..,21.0,1887
16/3/2022,Round 1,WD,JEONG .. / KIM Hye J.. Rank 64 Elo 1891 (+55),21-15 / 21-16,CHEN Qi.. / JIA Yi Fan (1) Rank 1 Elo 2353 (-48),53,https://badmintonranks.com/tournament?id=11803,7,All England Open 2022,JEONG .. / KIM Hye J..,64.0,1891,CHEN Qi.. / JIA Yi Fan (1),1.0,2353
16/3/2022,Round 1,WD,Rachel H.. / Kristen TS.. Rank 21 Elo 1840 (+14),21-9 / 21-4,Srivedya .. / Ishika JAI.. Rank 115 Elo 1638 (-24),28,https://badmintonranks.com/tournament?id=11803,7,All England Open 2022,Rachel H.. / Kristen TS..,21.0,1840,Srivedya .. / Ishika JAI..,115.0,1638
16/3/2022,Round 1,WD,Supissar.. / Puttita SU.. Rank Elo 1552 (+58),21-5 / 21-3,JAKKAM.. / Poorvisha .. Rank 58 Elo 1510 (-66),22,https://badmintonranks.com/tournament?id=11803,7,All England Open 2022,Supissar.. / Puttita SU..,,1552,JAKKAM.. / Poorvisha ..,58.0,1510
16/3/2022,Round 1,WD,KIM So Y.. / KONG H.. (3) Rank 3 Elo 2146 (+4),21-9 / 21-12,Vivian H.. / LIM Chiew.. Rank 48 Elo 1730 (-6),40,https://badmintonranks.com/tournament?id=11803,7,All England Open 2022,KIM So Y.. / KONG H.. (3),3.0,2146,Vivian H.. / LIM Chiew..,48.0,1730
16/3/2022,Round 1,MD,Kim AST.. / Anders S.. (7) Rank 10 Elo 2071 (+7),21-13 / 23-25 / 21-10,Ruben JI.. / Ties VAN .. Rank 51 Elo 1743 (-10),55,https://badmintonranks.com/tournament?id=11803,7,All England Open 2022,Kim AST.. / Anders S.. (7),10.0,2071,Ruben JI.. / Ties VAN ..,51.0,1743
16/3/2022,Round 1,MS,CHOU Tien Chen (4) Rank 4 Elo 2215 (+17),21-10 / 21-19,Shesar Hiren RHUSTAV.. Rank 23 Elo 2098 (-18),43,https://badmintonranks.com/tournament?id=11803,7,All England Open 2022,CHOU Tien Chen (4),4.0,2215,Shesar Hiren RHUSTAV..,23.0,2098
16/3/2022,Round 1,WD,Nami MA.. / Chiharu .. (7) Rank 7 Elo 2173 (+2),21-18 / 21-18,Linda EF.. / Isabel LO.. Rank 30 Elo 1608 (-4),44,https://badmintonranks.com/tournament?id=11803,7,All England Open 2022,Nami MA.. / Chiharu .. (7),7.0,2173,Linda EF.. / Isabel LO..,30.0,1608
16/3/2022,Round 1,WD,Johanna .. / Clara NIS.. Rank 50 Elo 1690 (+18),21-19 / 21-10,Kati-Kree.. / Helina RÜ.. Rank 49 Elo 1464 (-36),31,https://badmintonranks.com/tournament?id=11803,7,All England Open 2022,Johanna .. / Clara NIS..,50.0,1690,Kati-Kree.. / Helina RÜ..,49.0,1464
16/3/2022,Round 1,MD,Mark LA.. / Marvin SE.. Rank 16 Elo 1934 (+16),21-16 / 21-19,Krishna P.. / Vishnuvar.. Rank 46 Elo 1772 (-20),37,https://badmintonranks.com/tournament?id=11803,7,All England Open 2022,Mark LA.. / Marvin SE..,16.0,1934,Krishna P.. / Vishnuvar..,46.0,1772
16/3/2022,Round 1,MD,ONG Yew.. / TEO Ee .. (8) Rank 11 Elo 2079 (+6),21-14 / 21-12,Callum H.. / Steven ST.. Rank 50 Elo 1722 (-9),29,https://badmintonranks.com/tournament?id=11803,7,All England Open 2022,ONG Yew.. / TEO Ee .. (8),11.0,2079,Callum H.. / Steven ST..,50.0,1722
16/3/2022,Round 1,WD,Greysia P.. / Apriyani .. (6) Rank 6 Elo 2151 (+8),21-17 / 20-22 / 21-14,Maiken F.. / Sara THY.. Rank 16 Elo 1866 (-10),77,https://badmintonranks.com/tournament?id=11803,7,All England Open 2022,Greysia P.. / Apriyani .. (6),6.0,2151,Maiken F.. / Sara THY..,16.0,1866
16/3/2022,Round 1,MD,Satwiksai.. / Chirag S.. (5) Rank 8 Elo 2094 (+5),21-17 / 21-19,Alexande.. / Adam HA.. Rank 36 Elo 1709 (-8),38,https://badmintonranks.com/tournament?id=11803,7,All England Open 2022,Satwiksai.. / Chirag S.. (5),8.0,2094,Alexande.. / Adam HA..,36.0,1709
16/3/2022,Round 1,MD,Keiichiro .. / Yoshinori .. Rank 35 Elo 1811 (+23),21-18 / 21-11,Fabien D.. / William VI.. Rank 42 Elo 1715 (-29),45,https://badmintonranks.com/tournament?id=11803,7,All England Open 2022,Keiichiro .. / Yoshinori ..,35.0,1811,Fabien D.. / William VI..,42.0,1715
16/3/2022,Round 1,WD,Chloe CO.. / Jessica P.. Rank Elo 1615 (+63),11-21 / 21-18 / 21-14,Christine .. / Amalie SC.. Rank 47 Elo 1676 (-52),59,https://badmintonranks.com/tournament?id=11803,7,All England Open 2022,Chloe CO.. / Jessica P..,,1615,Christine .. / Amalie SC..,47.0,1676
16/3/2022,Round 1,WD,Jongkolp.. / Rawinda .. (8) Rank 8 Elo 1939 (+8),21-13 / 21-19,Julie MA.. / Ciara TOR.. Rank 41 Elo 1641 (-15),45,https://badmintonranks.com/tournament?id=11803,7,All England Open 2022,Jongkolp.. / Rawinda .. (8),8.0,1939,Julie MA.. / Ciara TOR..,41.0,1641
16/3/2022,Round 1,MD,Leo Rolly.. / Daniel MA.. Rank 29 Elo 1898 (+37),21-16 / 22-20,Fajar ALF.. / Muhamm.. (6) Rank 9 Elo 2006 (-35),38,https://badmintonranks.com/tournament?id=11803,7,All England Open 2022,Leo Rolly.. / Daniel MA..,29.0,1898,Fajar ALF.. / Muhamm.. (6),9.0,2006
16/3/2022,Round 1,WD,Treesa J.. / GAYATRI .. Rank 46 Elo 1798 (+36),17-21 / 22-20 / 21-14,Benyapa .. / Nuntakarn.. Rank 35 Elo 1831 (-34),67,https://badmintonranks.com/tournament?id=11803,7,All England Open 2022,Treesa J.. / GAYATRI ..,46.0,1798,Benyapa .. / Nuntakarn..,35.0,1831
16/3/2022,Round 1,MD,LIU Yu C.. / ZHOU Ha.. Rank Elo 1810 (+34),21-15 / 21-12,Supak JO.. / Kittinupon.. Rank 44 Elo 1834 (-33),37,https://badmintonranks.com/tournament?id=11803,8,All England Open 2022,LIU Yu C.. / ZHOU Ha..,,1810,Supak JO.. / Kittinupon..,44.0,1834
16/3/2022,Round 1,MD,LIU Cheng / ZHANG N.. Rank 85 Elo 1738 (+44),24-22 / 21-13,Jeppe BA.. / Lasse MØ.. Rank 71 Elo 1798 (-39),39,https://badmintonranks.com/tournament?id=11803,8,All England Open 2022,LIU Cheng / ZHANG N..,85.0,1738,Jeppe BA.. / Lasse MØ..,71.0,1798
16/3/2022,Round 1,MD,Hendra S.. / Mohamm.. (2) Rank 2 Elo 2103 (+5),15-21 / 21-12 / 21-18,M.R.ARJ.. / DHRUV K.. Rank 40 Elo 1735 (-8),52,https://badmintonranks.com/tournament?id=11803,8,All England Open 2022,Hendra S.. / Mohamm.. (2),2.0,2103,M.R.ARJ.. / DHRUV K..,40.0,1735
16/3/2022,Round 1,MS,Jonatan CHRISTIE (7) Rank 8 Elo 2220 (+9),21-9 / 16-21 / 21-17,Brice LEVERDEZ Rank 39 Elo 1955 (-10),60,https://badmintonranks.com/tournament?id=11803,8,All England Open 2022,Jonatan CHRISTIE (7),8.0,2220,Brice LEVERDEZ,39.0,1955
16/3/2022,Round 1,MS,Kunlavut VITIDSARN Rank 18 Elo 2274 (+14),21-15 / 24-22,PRANNOY H. S. Rank 24 Elo 2105 (-14),56,https://badmintonranks.com/tournament?id=11803,8,All England Open 2022,Kunlavut VITIDSARN,18.0,2274,PRANNOY H. S.,24.0,2105
16/3/2022,Round 1,WS,CHEN Yu Fei (3) Rank 3 Elo 2444 (+0),W.O.,ZHANG Yi Man Rank 34 Elo 2014 (-0),0,https://badmintonranks.com/tournament?id=11803,8,All England Open 2022,CHEN Yu Fei (3),3.0,2444,ZHANG Yi Man,34.0,2014
16/3/2022,Round 1,WS,Busanan ONGBAMRUN.. Rank 11 Elo 2147 (+3),21-9 / 21-13,LéOnice HUET Rank 57 Elo 1678 (-6),33,https://badmintonranks.com/tournament?id=11803,8,All England Open 2022,Busanan ONGBAMRUN..,11.0,2147,LéOnice HUET,57.0,1678
16/3/2022,Round 1,WS,HE Bing Jiao (8) Rank 9 Elo 2416 (+1),21-8 / 21-6,Maria ULITINA Rank 58 Elo 1708 (-1),19,https://badmintonranks.com/tournament?id=11803,8,All England Open 2022,HE Bing Jiao (8),9.0,2416,Maria ULITINA,58.0,1708
16/3/2022,Round 1,WS,TAI Tzu Ying (1) Rank 1 Elo 2484 (+1),21-12 / 21-14,Lianne TAN Rank 36 Elo 1799 (-1),30,https://badmintonranks.com/tournament?id=11803,8,All England Open 2022,TAI Tzu Ying (1),1.0,2484,Lianne TAN,36.0,1799
16/3/2022,Round 1,WS,Julie Dawall JAKOBSEN Rank 41 Elo 1783 (+46),21-15 / 7-21 / 21-18,Yvonne LI Rank 23 Elo 1908 (-38),55,https://badmintonranks.com/tournament?id=11803,8,All England Open 2022,Julie Dawall JAKOBSEN,41.0,1783,Yvonne LI,23.0,1908
16/3/2022,Round 1,WS,Clara AZURMENDI Rank 46 Elo 1740 (+54),21-19 / 21-11,Line Højmark KJAERSF.. Rank 32 Elo 1915 (-42),33,https://badmintonranks.com/tournament?id=11803,8,All England Open 2022,Clara AZURMENDI,46.0,1740,Line Højmark KJAERSF..,32.0,1915
16/3/2022,Round 1,WS,Nozomi OKUHARA (5) Rank 5 Elo 2438 (+3),21-15 / 21-16,Line CHRISTOPHERSEN Rank 22 Elo 1915 (-2),36,https://badmintonranks.com/tournament?id=11803,8,All England Open 2022,Nozomi OKUHARA (5),5.0,2438,Line CHRISTOPHERSEN,22.0,1915
16/3/2022,Round 1,WS,HAN Yue Rank 28 Elo 1969 (+8),21-9 / 21-13,Marie BATOMENE Rank 60 Elo 1674 (-14),29,https://badmintonranks.com/tournament?id=11803,8,All England Open 2022,HAN Yue,28.0,1969,Marie BATOMENE,60.0,1674
16/3/2022,Round 1,MS,LIEW Daren Rank 37 Elo 1978 (+23),21-15 / 21-19,Toma Junior POPOV Rank 32 Elo 1930 (-24),39,https://badmintonranks.com/tournament?id=11803,8,All England Open 2022,LIEW Daren,37.0,1978,Toma Junior POPOV,32.0,1930
16/3/2022,Round 1,WD,ZHANG .. / ZHENG Yu Rank 54 Elo 1841 (+54),21-19 / 11-21 / 21-11,Yuki FUK.. / Sayaka H.. (4) Rank 4 Elo 2170 (-45),88,https://badmintonranks.com/tournament?id=11803,8,All England Open 2022,ZHANG .. / ZHENG Yu,54.0,1841,Yuki FUK.. / Sayaka H.. (4),4.0,2170
