date,round,type,winner_raw,score,loser_raw,duration,tournament_url,page_number,tournament_name,winner_name,winner_rank,winner_elo,loser_name,loser_rank,loser_elo
31/8/2025,Final,MD,KIM Won .. / SEO Seu.. (1) Rank 1 Elo 2314 (+11),21-17 / 21-12,CHEN Bo.. / LIU Yi (11) Rank 11 Elo 2071 (-12),40,https://badmintonranks.com/tournament?id=14522,1,BWF World Championships 2025,KIM Won Ho / SEO Seung Jae (1),1.0,2314,CHEN Bo Yang / LIU Yi (11),11.0,2071
31/8/2025,Final,MS,SHI Yu Qi (1) Rank 1 Elo 2567 (+19),19-21 / 21-10 / 21-18,Kunlavut VITIDSARN (3) Rank 3 Elo 2456 (-19),77,https://badmintonranks.com/tournament?id=14522,1,BWF World Championships 2025,SHI Yu Qi (1),1.0,2567,Kunlavut VITIDSARN (3),3.0,2456
31/8/2025,Final,WD,LIU Shen.. / TAN Ning (1) Rank 1 Elo 2475 (+14),21-14 / 20-22 / 21-17,Pearly TA.. / THINAAH.. (2) Rank 2 Elo 2280 (-14),83,https://badmintonranks.com/tournament?id=14522,1,BWF World Championships 2025,LIU Sheng Shu / TAN Ning (1),1.0,2475,Pearly TAN / THINAAH Muralitharan (2),2.0,2280
31/8/2025,Final,WS,Akane YAMAGUCHI (5) Rank 5 Elo 2459 (+45),21-9 / 21-13,CHEN Yu Fei (4) Rank 4 Elo 2678 (-44),37,https://badmintonranks.com/tournament?id=14522,1,BWF World Championships 2025,Akane YAMAGUCHI (5),5.0,2459,CHEN Yu Fei (4),4.0,2678
31/8/2025,Final,XD,CHEN Ta.. / TOH Ee .. (4) Rank 4 Elo 2160 (+43),21-15 / 21-14,JIANG Zh.. / WEI Ya X.. (2) Rank 2 Elo 2351 (-43),40,https://badmintonranks.com/tournament?id=14522,1,BWF World Championships 2025,CHEN Tang Jie / TOH Ee Wei (4),4.0,2160,JIANG Zhen Bang / WEI Ya Xin (2),2.0,2351
30/8/2025,Semi final,MD,CHEN Bo.. / LIU Yi (11) Rank 11 Elo 2028 (+43),21-19 / 18-21 / 21-12,Satwiksai.. / Chirag S.. (9) Rank 9 Elo 2200 (-41),67,https://badmintonranks.com/tournament?id=14522,1,BWF World Championships 2025,CHEN Bo Yang / LIU Yi (11),11.0,2028,Satwiksairaj RANKIREDDY / Chirag SHETTY (9),9.0,2200
30/8/2025,Semi final,MS,Kunlavut VITIDSARN (3) Rank 3 Elo 2432 (+24),21-17 / 21-15,Anders ANTONSEN (2) Rank 2 Elo 2383 (-24),47,https://badmintonranks.com/tournament?id=14522,1,BWF World Championships 2025,Kunlavut VITIDSARN (3),3.0,2432,Anders ANTONSEN (2),2.0,2383
30/8/2025,Semi final,MD,KIM Won .. / SEO Seu.. (1) Rank 1 Elo 2302 (+12),21-12 / 21-3,Kim AST.. / Anders S.. (5) Rank 5 Elo 2079 (-12),27,https://badmintonranks.com/tournament?id=14522,1,BWF World Championships 2025,KIM Won Ho / SEO Seung Jae (1),1.0,2302,Kim ASTRUP / Anders Skaarup RASMUSSEN (5),5.0,2079
30/8/2025,Semi final,MS,SHI Yu Qi (1) Rank 1 Elo 2563 (+4),13-21 / 22-20 / 21-16,Victor LAI Rank 51 Elo 2082 (-3),80,https://badmintonranks.com/tournament?id=14522,1,BWF World Championships 2025,SHI Yu Qi (1),1.0,2563,Victor LAI,51.0,2082
30/8/2025,Semi final,WD,LIU Shen.. / TAN Ning (1) Rank 1 Elo 2468 (+7),21-15 / 21-4,Rin IWAN.. / Kie NAK.. (9) Rank 9 Elo 2124 (-7),41,https://badmintonranks.com/tournament?id=14522,1,BWF World Championships 2025,LIU Sheng Shu / TAN Ning (1),1.0,2468,Rin IWANAGA / Kie NAKANISHI (9),9.0,2124
30/8/2025,Semi final,WS,CHEN Yu Fei (4) Rank 4 Elo 2640 (+38),21-15 / 21-17,AN Se Young (1) Rank 1 Elo 2770 (-37),58,https://badmintonranks.com/tournament?id=14522,1,BWF World Championships 2025,CHEN Yu Fei (4),4.0,2640,AN Se Young (1),1.0,2770
30/8/2025,Semi final,XD,CHEN Ta.. / TOH Ee .. (4) Rank 4 Elo 2135 (+25),21-18 / 21-16,Thom GI.. / Delphine .. (8) Rank 8 Elo 2088 (-25),53,https://badmintonranks.com/tournament?id=14522,1,BWF World Championships 2025,CHEN Tang Jie / TOH Ee Wei (4),4.0,2135,Thom GICQUEL / Delphine DELRUE (8),8.0,2088
30/8/2025,Semi final,WD,Pearly TA.. / THINAAH.. (2) Rank 2 Elo 2250 (+30),14-21 / 21-13 / 21-12,Nami MA.. / Chiharu .. (3) Rank 3 Elo 2281 (-30),68,https://badmintonranks.com/tournament?id=14522,1,BWF World Championships 2025,Pearly TAN / THINAAH Muralitharan (2),2.0,2250,Nami MATSUYAMA / Chiharu SHIDA (3),3.0,2281
30/8/2025,Semi final,WS,Akane YAMAGUCHI (5) Rank 5 Elo 2446 (+13),21-17 / 14-21 / 21-6,Putri Kusuma WARDA.. (9) Rank 9 Elo 2244 (-13),58,https://badmintonranks.com/tournament?id=14522,1,BWF World Championships 2025,Akane YAMAGUCHI (5),5.0,2446,Putri Kusuma WARDANI (9),9.0,2244
30/8/2025,Semi final,XD,JIANG Zh.. / WEI Ya X.. (2) Rank 2 Elo 2337 (+14),11-21 / 23-21 / 21-18,GUO Xin .. / CHEN Fa.. (7) Rank 7 Elo 2139 (-14),68,https://badmintonranks.com/tournament?id=14522,1,BWF World Championships 2025,JIANG Zhen Bang / WEI Ya Xin (2),2.0,2337,GUO Xin Wa / CHEN Fang Hui (7),7.0,2139
29/8/2025,Quarter final,MD,Satwiksai.. / Chirag S.. (9) Rank 9 Elo 2169 (+31),21-12 / 21-19,Aaron CH.. / SOH Wo.. (2) Rank 2 Elo 2215 (-32),43,https://badmintonranks.com/tournament?id=14522,1,BWF World Championships 2025,Satwiksairaj RANKIREDDY / Chirag SHETTY (9),9.0,2169,Aaron CHIA / SOH Wooi Yik (2),2.0,2215
29/8/2025,Quarter final,MD,CHEN Bo.. / LIU Yi (11) Rank 11 Elo 2006 (+22),21-15 / 21-14,LEE Jhe-.. / YANG Po.. (16) Rank 18 Elo 1926 (-23),35,https://badmintonranks.com/tournament?id=14522,1,BWF World Championships 2025,CHEN Bo Yang / LIU Yi (11),11.0,2006,LEE Jhe-Huei / YANG Po Hsuan (16),18.0,1926
29/8/2025,Quarter final,WD,LIU Shen.. / TAN Ning (1) Rank 1 Elo 2455 (+13),19-21 / 21-16 / 21-9,JIA Yi Fan / ZHANG .. (6) Rank 6 Elo 2257 (-14),73,https://badmintonranks.com/tournament?id=14522,1,BWF World Championships 2025,LIU Sheng Shu / TAN Ning (1),1.0,2455,JIA Yi Fan / ZHANG Shu Xian (6),6.0,2257
29/8/2025,Quarter final,MD,Kim AST.. / Anders S.. (5) Rank 5 Elo 2045 (+34),16-21 / 21-19 / 21-17,Takuro H.. / Yugo KO.. (13) Rank 13 Elo 2119 (-34),70,https://badmintonranks.com/tournament?id=14522,1,BWF World Championships 2025,Kim ASTRUP / Anders Skaarup RASMUSSEN (5),5.0,2045,Takuro HOKI / Yugo KOBAYASHI (13),13.0,2119
29/8/2025,Quarter final,WS,CHEN Yu Fei (4) Rank 4 Elo 2634 (+6),22-20 / 21-14,Pornpawee CHOCHU.. (6) Rank 6 Elo 2277 (-6),54,https://badmintonranks.com/tournament?id=14522,1,BWF World Championships 2025,CHEN Yu Fei (4),4.0,2634,Pornpawee CHOCHUWONG (6),6.0,2277
29/8/2025,Quarter final,WD,Rin IWAN.. / Kie NAK.. (9) Rank 9 Elo 2103 (+21),21-15 / 21-16,Febriana .. / Amallia C.. (10) Rank 10 Elo 2005 (-21),49,https://badmintonranks.com/tournament?id=14522,2,BWF World Championships 2025,Rin IWANAGA / Kie NAKANISHI (9),9.0,2103,Febriana Dwipuji KUSUMA / Amallia Cahaya PRATIWI (10),10.0,2005
29/8/2025,Quarter final,MD,KIM Won .. / SEO Seu.. (1) Rank 1 Elo 2284 (+18),23-21 / 21-23 / 21-15,MAN Wei.. / TEE Kai .. (7) Rank 7 Elo 2151 (-18),69,https://badmintonranks.com/tournament?id=14522,2,BWF World Championships 2025,KIM Won Ho / SEO Seung Jae (1),1.0,2284,MAN Wei Chong / TEE Kai Wun (7),7.0,2151
29/8/2025,Quarter final,MS,Kunlavut VITIDSARN (3) Rank 3 Elo 2417 (+15),21-14 / 18-21 / 21-8,Jonatan CHRISTIE (5) Rank 5 Elo 2259 (-16),73,https://badmintonranks.com/tournament?id=14522,2,BWF World Championships 2025,Kunlavut VITIDSARN (3),3.0,2417,Jonatan CHRISTIE (5),5.0,2259
29/8/2025,Quarter final,WS,AN Se Young (1) Rank 1 Elo 2768 (+2),21-10 / 21-6,SIM Yu Jin (12) Rank 12 Elo 2258 (-3),30,https://badmintonranks.com/tournament?id=14522,2,BWF World Championships 2025,AN Se Young (1),1.0,2768,SIM Yu Jin (12),12.0,2258
29/8/2025,Quarter final,MS,Anders ANTONSEN (2) Rank 2 Elo 2361 (+22),21-17 / 23-21,CHOU Tien Chen (6) Rank 6 Elo 2282 (-21),61,https://badmintonranks.com/tournament?id=14522,2,BWF World Championships 2025,Anders ANTONSEN (2),2.0,2361,CHOU Tien Chen (6),6.0,2282
29/8/2025,Quarter final,WS,Putri Kusuma WARDA.. (9) Rank 9 Elo 2225 (+19),21-14 / 13-21 / 21-16,PUSARLA V. Sindhu (15) Rank 15 Elo 2114 (-19),64,https://badmintonranks.com/tournament?id=14522,2,BWF World Championships 2025,Putri Kusuma WARDANI (9),9.0,2225,PUSARLA V. Sindhu (15),15.0,2114
29/8/2025,Quarter final,WD,Pearly TA.. / THINAAH.. (2) Rank 2 Elo 2237 (+13),21-15 / 21-10,Gabriela .. / Stefani ST.. Rank 19 Elo 2034 (-13),32,https://badmintonranks.com/tournament?id=14522,2,BWF World Championships 2025,Pearly TAN / THINAAH Muralitharan (2),2.0,2237,Gabriela STOEVA / Stefani STOEVA,19.0,2034
29/8/2025,Quarter final,XD,Thom GI.. / Delphine .. (8) Rank 8 Elo 2065 (+23),21-19 / 21-18,CHENG .. / ZHANG .. (12) Rank 12 Elo 2003 (-23),51,https://badmintonranks.com/tournament?id=14522,2,BWF World Championships 2025,Thom GICQUEL / Delphine DELRUE (8),8.0,2065,CHENG Chi Ya / ZHANG Shu Xian (12),12.0,2003
29/8/2025,Quarter final,XD,GUO Xin .. / CHEN Fa.. (7) Rank 7 Elo 2113 (+26),21-14 / 21-9,Hiroki MI.. / Natsu SA.. (9) Rank 9 Elo 2086 (-26),32,https://badmintonranks.com/tournament?id=14522,2,BWF World Championships 2025,GUO Xin Wa / CHEN Fang Hui (7),7.0,2113,Hiroki MIDORIKAWA / Natsu SAITO (9),9.0,2086
29/8/2025,Quarter final,MS,SHI Yu Qi (1) Rank 1 Elo 2554 (+9),21-15 / 7-21 / 21-10,WENG Hong Yang (16) Rank 16 Elo 2278 (-10),62,https://badmintonranks.com/tournament?id=14522,2,BWF World Championships 2025,SHI Yu Qi (1),1.0,2554,WENG Hong Yang (16),16.0,2278
29/8/2025,Quarter final,WS,Akane YAMAGUCHI (5) Rank 5 Elo 2421 (+25),21-5 / 21-19,HAN Yue (3) Rank 3 Elo 2393 (-25),34,https://badmintonranks.com/tournament?id=14522,2,BWF World Championships 2025,Akane YAMAGUCHI (5),5.0,2421,HAN Yue (3),3.0,2393
29/8/2025,Quarter final,XD,JIANG Zh.. / WEI Ya X.. (2) Rank 2 Elo 2333 (+4),25-23 / 21-15,HOO Pan.. / CHENG .. (15) Rank 16 Elo 1894 (-4),41,https://badmintonranks.com/tournament?id=14522,2,BWF World Championships 2025,JIANG Zhen Bang / WEI Ya Xin (2),2.0,2333,HOO Pang Ron / CHENG Chi Ya (15),16.0,1894
29/8/2025,Quarter final,WD,Nami MA.. / Chiharu .. (3) Rank 3 Elo 2256 (+25),21-17 / 21-14,KIM Hye .. / KONG H.. (5) Rank 5 Elo 2226 (-25),42,https://badmintonranks.com/tournament?id=14522,2,BWF World Championships 2025,Nami MATSUYAMA / Chiharu SHIDA (3),3.0,2256,KIM Hye Rin / KONG Hee Yong (5),5.0,2226
29/8/2025,Quarter final,XD,CHEN Ta.. / TOH Ee .. (4) Rank 4 Elo 2124 (+11),21-15 / 21-13,DHRUV .. / Tanisha .. (16) Rank 17 Elo 1887 (-12),37,https://badmintonranks.com/tournament?id=14522,2,BWF World Championships 2025,CHEN Tang Jie / TOH Ee Wei (4),4.0,2124,DHRUV RAWAT / Tanisha CRASTO (16),17.0,1887
29/8/2025,Quarter final,MS,Victor LAI Rank 51 Elo 2036 (+46),22-20 / 21-18,LOH Kean Yew (9) Rank 9 Elo 2285 (-44),47,https://badmintonranks.com/tournament?id=14522,2,BWF World Championships 2025,Victor LAI,51.0,2036,LOH Kean Yew (9),9.0,2285
28/8/2025,Round 3,MD,Kim AST.. / Anders S.. (5) Rank 5 Elo 2029 (+16),21-15 / 21-13,CHIU Hsi.. / WANG C.. (15) Rank 16 Elo 1873 (-18),32,https://badmintonranks.com/tournament?id=14522,2,BWF World Championships 2025,Kim ASTRUP / Anders Skaarup RASMUSSEN (5),5.0,2029,CHIU Hsiang Chieh / WANG Chang (15),16.0,1873
28/8/2025,Round 3,MD,MAN Wei.. / TEE Kai .. (7) Rank 7 Elo 2137 (+14),21-18 / 21-18,Ben LANE / Sean VE.. (14) Rank 14 Elo 1949 (-15),35,https://badmintonranks.com/tournament?id=14522,2,BWF World Championships 2025,MAN Wei Chong / TEE Kai Wun (7),7.0,2137,Ben LANE / Sean VENDY (14),14.0,1949
28/8/2025,Round 3,WD,LIU Shen.. / TAN Ning (1) Rank 1 Elo 2454 (+1),21-8 / 21-15,CHANG .. / YANG Ch.. (14) Rank 16 Elo 1763 (-2),35,https://badmintonranks.com/tournament?id=14522,2,BWF World Championships 2025,LIU Sheng Shu / TAN Ning (1),1.0,2454,CHANG Tak Ching / YANG Ching Tun (14),16.0,1763
28/8/2025,Round 3,MD,CHEN Bo.. / LIU Yi (11) Rank 11 Elo 1977 (+29),21-17 / 22-20,Rasmus .. / Frederik S.. Rank 21 Elo 1978 (-29),45,https://badmintonranks.com/tournament?id=14522,2,BWF World Championships 2025,CHEN Bo Yang / LIU Yi (11),11.0,1977,Rasmus GEMKE / Frederik SØGAARD,21.0,1978
28/8/2025,Round 3,WS,CHEN Yu Fei (4) Rank 4 Elo 2632 (+2),21-10 / 21-9,NGUYEN Thuy Linh Rank 22 Elo 2052 (-2),32,https://badmintonranks.com/tournament?id=14522,2,BWF World Championships 2025,CHEN Yu Fei (4),4.0,2632,NGUYEN Thuy Linh,22.0,2052
28/8/2025,Round 3,WD,JIA Yi Fan / ZHANG .. (6) Rank 6 Elo 2252 (+5),21-15 / 21-14,HSU Yin-.. / LIN Jhih .. (13) Rank 15 Elo 1822 (-5),35,https://badmintonranks.com/tournament?id=14522,3,BWF World Championships 2025,JIA Yi Fan / ZHANG Shu Xian (6),6.0,2252,HSU Yin-Hui / LIN Jhih Yong (13),15.0,1822
28/8/2025,Round 3,MS,CHOU Tien Chen (6) Rank 6 Elo 2262 (+20),16-21 / 21-15 / 21-13,Kenta NISHIMOTO (14) Rank 14 Elo 2171 (-20),58,https://badmintonranks.com/tournament?id=14522,3,BWF World Championships 2025,CHOU Tien Chen (6),6.0,2262,Kenta NISHIMOTO (14),14.0,2171
28/8/2025,Round 3,MS,Anders ANTONSEN (2) Rank 2 Elo 2346 (+15),21-6 / 20-22 / 21-19,Toma Junior POPOV (15) Rank 15 Elo 2181 (-16),79,https://badmintonranks.com/tournament?id=14522,3,BWF World Championships 2025,Anders ANTONSEN (2),2.0,2346,Toma Junior POPOV (15),15.0,2181
28/8/2025,Round 3,MD,KIM Won .. / SEO Seu.. (1) Rank 1 Elo 2275 (+9),17-21 / 21-9 / 21-4,Leo Rolly.. / Bagas M.. (10) Rank 10 Elo 1997 (-10),45,https://badmintonranks.com/tournament?id=14522,3,BWF World Championships 2025,KIM Won Ho / SEO Seung Jae (1),1.0,2275,Leo Rolly CARNANDO / Bagas MAULANA (10),10.0,1997
28/8/2025,Round 3,WS,Pornpawee CHOCHU.. (6) Rank 6 Elo 2265 (+12),21-10 / 21-11,Busanan ONGBAMRUN.. Rank 18 Elo 2043 (-12),35,https://badmintonranks.com/tournament?id=14522,3,BWF World Championships 2025,Pornpawee CHOCHUWONG (6),6.0,2265,Busanan ONGBAMRUNGPHAN,18.0,2043
28/8/2025,Round 3,MD,Takuro H.. / Yugo KO.. (13) Rank 13 Elo 2092 (+27),13-21 / 21-11 / 21-17,Fajar ALF.. / Muhamm.. (4) Rank 4 Elo 2085 (-27),54,https://badmintonranks.com/tournament?id=14522,3,BWF World Championships 2025,Takuro HOKI / Yugo KOBAYASHI (13),13.0,2092,Fajar ALFIAN / Muhammad Shohibul FIKRI (4),4.0,2085
28/8/2025,Round 3,MD,Satwiksai.. / Chirag S.. (9) Rank 9 Elo 2144 (+25),19-21 / 21-15 / 21-17,LIANG W.. / WANG C.. (6) Rank 6 Elo 2115 (-25),66,https://badmintonranks.com/tournament?id=14522,3,BWF World Championships 2025,Satwiksairaj RANKIREDDY / Chirag SHETTY (9),9.0,2144,LIANG Wei Keng / WANG Chang (6),6.0,2115
28/8/2025,Round 3,WD,Gabriela .. / Stefani ST.. Rank 19 Elo 1999 (+35),21-18 / 20-22 / 22-20,Yuki FUK.. / Mayu MA.. (8) Rank 8 Elo 2090 (-34),74,https://badmintonranks.com/tournament?id=14522,3,BWF World Championships 2025,Gabriela STOEVA / Stefani STOEVA,19.0,1999,Yuki FUKUSHIMA / Mayu MATSUMOTO (8),8.0,2090
28/8/2025,Round 3,MD,LEE Jhe-.. / YANG Po.. (16) Rank 18 Elo 1878 (+48),22-20 / 15-21 / 23-21,GOH Sze.. / Nur IZZU.. (3) Rank 3 Elo 2110 (-43),50,https://badmintonranks.com/tournament?id=14522,3,BWF World Championships 2025,LEE Jhe-Huei / YANG Po Hsuan (16),18.0,1878,GOH Sze Fei / Nur IZZUDDIN (3),3.0,2110
28/8/2025,Round 3,WD,Pearly TA.. / THINAAH.. (2) Rank 2 Elo 2224 (+13),21-12 / 21-11,Lanny Tri.. / Siti Fadia.. (12) Rank 14 Elo 2014 (-13),29,https://badmintonranks.com/tournament?id=14522,3,BWF World Championships 2025,Pearly TAN / THINAAH Muralitharan (2),2.0,2224,Lanny Tria MAYASARI / Siti Fadia Silva RAMADHANTI (12),14.0,2014
28/8/2025,Round 3,WD,Rin IWAN.. / Kie NAK.. (9) Rank 9 Elo 2079 (+24),21-16 / 21-18,LI Yi jing / LUO Xu .. (7) Rank 7 Elo 2042 (-25),48,https://badmintonranks.com/tournament?id=14522,3,BWF World Championships 2025,Rin IWANAGA / Kie NAKANISHI (9),9.0,2079,LI Yi Jing / LUO Xu Min (7),7.0,2042
28/8/2025,Round 3,WD,Febriana .. / Amallia C.. (10) Rank 10 Elo 1962 (+43),21-16 / 21-15,BAEK Ha.. / LEE So H.. (4) Rank 4 Elo 2143 (-40),44,https://badmintonranks.com/tournament?id=14522,3,BWF World Championships 2025,Febriana Dwipuji KUSUMA / Amallia Cahaya PRATIWI (10),10.0,1962,BAEK Ha Na / LEE So Hee (4),4.0,2143
28/8/2025,Round 3,MD,Aaron CH.. / SOH Wo.. (2) Rank 2 Elo 2203 (+12),18-21 / 21-18 / 26-24,Junaidi A.. / YAP Roy .. Rank 22 Elo 1970 (-11),64,https://badmintonranks.com/tournament?id=14522,3,BWF World Championships 2025,Aaron CHIA / SOH Wooi Yik (2),2.0,2203,Junaidi ARIFFIN / YAP Roy King,22.0,1970
28/8/2025,Round 3,MS,Kunlavut VITIDSARN (3) Rank 3 Elo 2405 (+12),21-18 / 18-21 / 22-20,Alwi FARHAN Rank 23 Elo 2193 (-13),76,https://badmintonranks.com/tournament?id=14522,3,BWF World Championships 2025,Kunlavut VITIDSARN (3),3.0,2405,Alwi FARHAN,23.0,2193
28/8/2025,Round 3,MS,WENG Hong Yang (16) Rank 16 Elo 2245 (+33),21-18 / 21-12,Alex LANIER (7) Rank 7 Elo 2315 (-32),49,https://badmintonranks.com/tournament?id=14522,3,BWF World Championships 2025,WENG Hong Yang (16),16.0,2245,Alex LANIER (7),7.0,2315
28/8/2025,Round 3,MS,SHI Yu Qi (1) Rank 1 Elo 2547 (+7),20-22 / 21-13 / 21-18,Christo POPOV (10) Rank 10 Elo 2233 (-7),80,https://badmintonranks.com/tournament?id=14522,3,BWF World Championships 2025,SHI Yu Qi (1),1.0,2547,Christo POPOV (10),10.0,2233
28/8/2025,Round 3,MS,Victor LAI Rank 51 Elo 2006 (+30),21-17 / 21-13,JEON Hyeok Jin Rank 38 Elo 2035 (-30),51,https://badmintonranks.com/tournament?id=14522,3,BWF World Championships 2025,Victor LAI,51.0,2006,JEON Hyeok Jin,38.0,2035
28/8/2025,Round 3,WS,AN Se Young (1) Rank 1 Elo 2766 (+2),21-18 / 21-10,Michelle LI (16) Rank 16 Elo 2115 (-1),35,https://badmintonranks.com/tournament?id=14522,3,BWF World Championships 2025,AN Se Young (1),1.0,2766,Michelle LI (16),16.0,2115
28/8/2025,Round 3,XD,Thom GI.. / Delphine .. (8) Rank 8 Elo 2044 (+21),19-21 / 21-14 / 21-17,YE Hong .. / Nicole Go.. Rank 19 Elo 1958 (-22),60,https://badmintonranks.com/tournament?id=14522,3,BWF World Championships 2025,Thom GICQUEL / Delphine DELRUE (8),8.0,2044,YE Hong / Nicole GORACZKA,19.0,1958
28/8/2025,Round 3,WS,PUSARLA V. Sindhu (15) Rank 15 Elo 2062 (+52),21-19 / 21-15,WANG Zhi Yi (2) Rank 2 Elo 2559 (-51),48,https://badmintonranks.com/tournament?id=14522,3,BWF World Championships 2025,PUSARLA V. Sindhu (15),15.0,2062,WANG Zhi Yi (2),2.0,2559
28/8/2025,Round 3,WS,HAN Yue (3) Rank 3 Elo 2376 (+17),21-14 / 21-19,GAO Fang jie (14) Rank 14 Elo 2243 (-17),44,https://badmintonranks.com/tournament?id=14522,4,BWF World Championships 2025,HAN Yue (3),3.0,2376,GAO Fang jie (14),14.0,2243
28/8/2025,Round 3,MS,Jonatan CHRISTIE (5) Rank 5 Elo 2241 (+18),21-19 / 21-9,LEE Cheuk Yiu (13) Rank 13 Elo 2115 (-18),38,https://badmintonranks.com/tournament?id=14522,4,BWF World Championships 2025,Jonatan CHRISTIE (5),5.0,2241,LEE Cheuk Yiu (13),13.0,2115
28/8/2025,Round 3,XD,DHRUV .. / Tanisha .. (16) Rank 17 Elo 1833 (+54),19-21 / 21-12 / 21-15,TANG Ch.. / TSE Ying.. (5) Rank 5 Elo 2115 (-45),63,https://badmintonranks.com/tournament?id=14522,4,BWF World Championships 2025,DHRUV RAWAT / Tanisha CRASTO (16),17.0,1833,TANG Chun Man / TSE Ying Suet (5),5.0,2115
28/8/2025,Round 3,WD,KIM Hye .. / KONG H.. (5) Rank 5 Elo 2217 (+9),21-17 / 21-6,HSIEH P.. / HUNG E.. (11) Rank 11 Elo 1953 (-10),38,https://badmintonranks.com/tournament?id=14522,4,BWF World Championships 2025,KIM Hye Rin / KONG Hee Yong (5),5.0,2217,HSIEH Pei Lan / HUNG En-Tzu (11),11.0,1953
28/8/2025,Round 3,XD,CHEN Ta.. / TOH Ee .. (4) Rank 4 Elo 2100 (+24),14-21 / 21-19 / 21-17,Jafar HID.. / Felisha Al.. (11) Rank 11 Elo 2057 (-24),68,https://badmintonranks.com/tournament?id=14522,4,BWF World Championships 2025,CHEN Tang Jie / TOH Ee Wei (4),4.0,2100,Jafar HIDAYATULLAH / Felisha Alberta SI (11),11.0,2057
28/8/2025,Round 3,WS,Akane YAMAGUCHI (5) Rank 5 Elo 2412 (+9),21-11 / 21-17,Supanida KATETHONG (11) Rank 11 Elo 2119 (-8),34,https://badmintonranks.com/tournament?id=14522,4,BWF World Championships 2025,Akane YAMAGUCHI (5),5.0,2412,Supanida KATETHONG (11),11.0,2119
28/8/2025,Round 3,WS,SIM Yu Jin (12) Rank 12 Elo 2233 (+25),21-15 / 21-18,Gregoria Mariska TUN.. (7) Rank 7 Elo 2207 (-25),31,https://badmintonranks.com/tournament?id=14522,4,BWF World Championships 2025,SIM Yu Jin (12),12.0,2233,Gregoria Mariska TUNJUNG (7),7.0,2207
28/8/2025,Round 3,XD,HOO Pan.. / CHENG .. (15) Rank 16 Elo 1846 (+48),13-21 / 23-21 / 21-17,GOH Soo.. / LAI Shev.. (6) Rank 6 Elo 2035 (-41),55,https://badmintonranks.com/tournament?id=14522,4,BWF World Championships 2025,HOO Pang Ron / CHENG Chi Ya (15),16.0,1846,GOH Soon Huat / LAI Shevon Jemie (6),6.0,2035
28/8/2025,Round 3,MS,LOH Kean Yew (9) Rank 9 Elo 2265 (+20),5-21 / 21-19 / 21-19,Kodai NARAOKA (8) Rank 8 Elo 2171 (-20),63,https://badmintonranks.com/tournament?id=14522,4,BWF World Championships 2025,LOH Kean Yew (9),9.0,2265,Kodai NARAOKA (8),8.0,2171
28/8/2025,Round 3,WS,Putri Kusuma WARDA.. (9) Rank 9 Elo 2203 (+22),21-12 / 21-11,Tomoka MIYAZAKI (8) Rank 8 Elo 2141 (-22),38,https://badmintonranks.com/tournament?id=14522,4,BWF World Championships 2025,Putri Kusuma WARDANI (9),9.0,2203,Tomoka MIYAZAKI (8),8.0,2141
28/8/2025,Round 3,XD,JIANG Zh.. / WEI Ya X.. (2) Rank 2 Elo 2327 (+6),21-15 / 21-11,Jesper T.. / Amalie M.. (10) Rank 10 Elo 1986 (-7),32,https://badmintonranks.com/tournament?id=14522,4,BWF World Championships 2025,JIANG Zhen Bang / WEI Ya Xin (2),2.0,2327,Jesper TOFT / Amalie MAGELUND (10),10.0,1986
28/8/2025,Round 3,XD,GUO Xin .. / CHEN Fa.. (7) Rank 7 Elo 2106 (+7),21-13 / 21-10,YANG Po.. / HU Ling .. (13) Rank 13 Elo 1778 (-10),28,https://badmintonranks.com/tournament?id=14522,4,BWF World Championships 2025,GUO Xin Wa / CHEN Fang Hui (7),7.0,2106,YANG Po Hsuan / HU Ling Fang (13),13.0,1778
28/8/2025,Round 3,XD,Hiroki MI.. / Natsu SA.. (9) Rank 9 Elo 2045 (+41),8-21 / 21-19 / 21-16,Dechapol.. / Supissar.. (3) Rank 3 Elo 2227 (-40),49,https://badmintonranks.com/tournament?id=14522,4,BWF World Championships 2025,Hiroki MIDORIKAWA / Natsu SAITO (9),9.0,2045,Dechapol PUAVARANUKROH / Supissara PACHARAMONGKOL (3),3.0,2227
28/8/2025,Round 3,WD,Nami MA.. / Chiharu .. (3) Rank 3 Elo 2251 (+5),21-13 / 21-16,YEUNG .. / YEUNG .. (15) Rank 17 Elo 1845 (-6),41,https://badmintonranks.com/tournament?id=14522,4,BWF World Championships 2025,Nami MATSUYAMA / Chiharu SHIDA (3),3.0,2251,YEUNG Wing Lee / YEUNG Wing Lee (15),17.0,1845
28/8/2025,Round 3,XD,CHENG .. / ZHANG .. (12) Rank 12 Elo 1974 (+29),23-21 / 21-12,Mathias .. / Alexandra .. Rank 194 Elo 1981 (-29),51,https://badmintonranks.com/tournament?id=14522,4,BWF World Championships 2025,CHENG Chi Ya / ZHANG Shu Xian (12),12.0,1974,Mathias THYRRI / Alexandra BOE,194.0,1981
27/8/2025,Round 2,MS,Kunlavut VITIDSARN (3) Rank 3 Elo 2403 (+2),21-19 / 21-6,KIM Byung Jae Rank 102 Elo 1752 (-1),48,https://badmintonranks.com/tournament?id=14522,4,BWF World Championships 2025,Kunlavut VITIDSARN (3),3.0,2403,KIM Byung Jae,102.0,1752
27/8/2025,Round 2,MS,JEON Hyeok Jin Rank 38 Elo 2003 (+32),21-12 / 21-9,Yushi TANAKA Rank 27 Elo 2061 (-31),41,https://badmintonranks.com/tournament?id=14522,4,BWF World Championships 2025,JEON Hyeok Jin,38.0,2003,Yushi TANAKA,27.0,2061
27/8/2025,Round 2,MD,LEE Jhe-.. / YANG Po.. (16) Rank 18 Elo 1861 (+17),21-5 / 21-18,NGUYEN.. / TRAN Din.. Rank 126 Elo 1694 (-24),23,https://badmintonranks.com/tournament?id=14522,4,BWF World Championships 2025,LEE Jhe-Huei / YANG Po Hsuan (16),18.0,1861,NGUYEN Tien Minh / TRAN Dinh Hoang,126.0,1694
27/8/2025,Round 2,MD,CHEN Bo.. / LIU Yi (11) Rank 11 Elo 1967 (+10),21-7 / 21-19,Jiří KRÁL / Ondřej KR.. Rank 71 Elo 1706 (-15),36,https://badmintonranks.com/tournament?id=14522,4,BWF World Championships 2025,CHEN Bo Yang / LIU Yi (11),11.0,1967,Jiří KRÁL / Ondrej KRAPL,71.0,1706
27/8/2025,Round 2,WS,GAO Fang jie (14) Rank 14 Elo 2240 (+3),21-17 / 21-18,VU Thi Trang Rank 170 Elo 1780 (-5),54,https://badmintonranks.com/tournament?id=14522,4,BWF World Championships 2025,GAO Fang jie (14),14.0,2240,VU Thi Trang,170.0,1780
27/8/2025,Round 2,MS,Anders ANTONSEN (2) Rank 2 Elo 2339 (+7),21-8 / 17-21 / 23-21,PRANNOY H. S. Rank 34 Elo 2012 (-7),81,https://badmintonranks.com/tournament?id=14522,5,BWF World Championships 2025,Anders ANTONSEN (2),2.0,2339,PRANNOY H. S.,34.0,2012
27/8/2025,Round 2,WD,KIM Hye .. / KONG H.. (5) Rank 5 Elo 2211 (+6),21-19 / 21-9,Lauren L.. / Allison Qu.. Rank 21 Elo 1850 (-7),39,https://badmintonranks.com/tournament?id=14522,5,BWF World Championships 2025,KIM Hye Rin / KONG Hee Yong (5),5.0,2211,Lauren LAM / Allison QUEK,21.0,1850
27/8/2025,Round 2,WS,HAN Yue (3) Rank 3 Elo 2367 (+9),24-22 / 21-13,ZHANG Beiwen Rank 27 Elo 2092 (-9),36,https://badmintonranks.com/tournament?id=14522,5,BWF World Championships 2025,HAN Yue (3),3.0,2367,ZHANG Beiwen,27.0,2092
27/8/2025,Round 2,MD,GOH Sze.. / Nur IZZU.. (3) Rank 3 Elo 2101 (+9),19-21 / 21-10 / 21-17,CHEN Z.. / Presley S.. Rank 30 Elo 1828 (-11),51,https://badmintonranks.com/tournament?id=14522,5,BWF World Championships 2025,GOH Sze Fei / Nur IZZUDDIN (3),3.0,2101,CHEN Zhi Xian / Presley SHIN Jian Da,30.0,1828
27/8/2025,Round 2,MS,Victor LAI Rank 51 Elo 1959 (+47),13-21 / 21-12 / 21-10,LU Guang Zu (11) Rank 11 Elo 2226 (-43),69,https://badmintonranks.com/tournament?id=14522,5,BWF World Championships 2025,Victor LAI,51.0,1959,LU Guang Zu (11),11.0,2226
27/8/2025,Round 2,MS,Alwi FARHAN Rank 23 Elo 2160 (+33),21-17 / 22-20,LIN Chun-Yi (12) Rank 12 Elo 2246 (-33),48,https://badmintonranks.com/tournament?id=14522,5,BWF World Championships 2025,Alwi FARHAN,23.0,2160,LIN Chun-Yi (12),12.0,2246
27/8/2025,Round 2,MD,Rasmus .. / Frederik S.. Rank 21 Elo 1942 (+36),21-18 / 18-21 / 26-24,Sabar Ka.. / Moh Rez.. (8) Rank 8 Elo 2037 (-34),80,https://badmintonranks.com/tournament?id=14522,5,BWF World Championships 2025,Rasmus GEMKE / Frederik SØGAARD,21.0,1942,Sabar Karyaman GUTAMA / Moh Reza Pahlevi ISFAHANI (8),8.0,2037
27/8/2025,Round 2,WD,Lanny Tri.. / Siti Fadia.. (12) Rank 14 Elo 2005 (+9),21-13 / 21-12,Tea MAR.. / Flavie VAL.. Rank 56 Elo 1705 (-13),30,https://badmintonranks.com/tournament?id=14522,5,BWF World Championships 2025,Lanny Tria MAYASARI / Siti Fadia Silva RAMADHANTI (12),14.0,2005,Tea MARQUET / Flavie VANACKER,56.0,1705
27/8/2025,Round 2,WD,HSIEH P.. / HUNG E.. (11) Rank 11 Elo 1945 (+8),21-9 / 21-6,Abbygael.. / Lizzie TOL.. Rank 59 Elo 1636 (-15),26,https://badmintonranks.com/tournament?id=14522,5,BWF World Championships 2025,HSIEH Pei Lan / HUNG En-Tzu (11),11.0,1945,Abbygael NEYRA / Lizzie TOLMAN,59.0,1636
27/8/2025,Round 2,WS,Michelle LI (16) Rank 16 Elo 2105 (+10),21-14 / 17-21 / 21-10,Ozge BAYRAK Rank 106 Elo 1844 (-12),51,https://badmintonranks.com/tournament?id=14522,5,BWF World Championships 2025,Michelle LI (16),16.0,2105,Ozge BAYRAK,106.0,1844
27/8/2025,Round 2,MS,Toma Junior POPOV (15) Rank 15 Elo 2175 (+6),21-17 / 21-9,Viren NETTASINGHE Rank 76 Elo 1786 (-6),41,https://badmintonranks.com/tournament?id=14522,5,BWF World Championships 2025,Toma Junior POPOV (15),15.0,2175,Viren NETTASINGHE,76.0,1786
27/8/2025,Round 2,WS,AN Se Young (1) Rank 1 Elo 2766 (+0),21-15 / 21-7,Yvonne LI Rank 55 Elo 1801 (-0),36,https://badmintonranks.com/tournament?id=14522,5,BWF World Championships 2025,AN Se Young (1),1.0,2766,Yvonne LI,55.0,1801
27/8/2025,Round 2,WS,CHEN Yu Fei (4) Rank 4 Elo 2630 (+2),21-13 / 16-21 / 21-10,Mia BLICHFELDT Rank 26 Elo 2052 (-2),67,https://badmintonranks.com/tournament?id=14522,5,BWF World Championships 2025,CHEN Yu Fei (4),4.0,2630,Mia BLICHFELDT,26.0,2052
27/8/2025,Round 2,WS,NGUYEN Thuy Linh Rank 22 Elo 2034 (+18),21-17 / 23-21,Kirsty GILMOUR Rank 31 Elo 1918 (-20),44,https://badmintonranks.com/tournament?id=14522,5,BWF World Championships 2025,NGUYEN Thuy Linh,22.0,2034,Kirsty GILMOUR,31.0,1918
27/8/2025,Round 2,MD,Aaron CH.. / SOH Wo.. (2) Rank 2 Elo 2200 (+3),21-15 / 21-16,Christoph.. / Matthew .. Rank 40 Elo 1748 (-5),33,https://badmintonranks.com/tournament?id=14522,5,BWF World Championships 2025,Aaron CHIA / SOH Wooi Yik (2),2.0,2200,Christoph WEGNER / Matthew NOTTINGHAM,40.0,1748
27/8/2025,Round 2,MS,Alex LANIER (7) Rank 7 Elo 2312 (+3),21-17 / 21-13,Aria DINATA Rank 85 Elo 1821 (-4),44,https://badmintonranks.com/tournament?id=14522,5,BWF World Championships 2025,Alex LANIER (7),7.0,2312,Aria DINATA,85.0,1821
27/8/2025,Round 2,XD,CHEN Ta.. / TOH Ee .. (4) Rank 4 Elo 2096 (+4),21-16 / 21-11,Rohan K.. / GADDE R.. Rank 33 Elo 1668 (-7),30,https://badmintonranks.com/tournament?id=14522,5,BWF World Championships 2025,CHEN Tang Jie / TOH Ee Wei (4),4.0,2096,Rohan KAPOOR / GADDE Ruthvika Shivani,33.0,1668
27/8/2025,Round 2,MS,WENG Hong Yang (16) Rank 16 Elo 2228 (+17),21-19 / 21-13,LEE Chia Hao Rank 20 Elo 2108 (-18),47,https://badmintonranks.com/tournament?id=14522,5,BWF World Championships 2025,WENG Hong Yang (16),16.0,2228,LEE Chia Hao,20.0,2108
27/8/2025,Round 2,XD,Jafar HID.. / Felisha Al.. (11) Rank 11 Elo 2050 (+7),21-19 / 22-20,Mihajlo T.. / Andjela VI.. Rank 86 Elo 1722 (-10),39,https://badmintonranks.com/tournament?id=14522,5,BWF World Championships 2025,Jafar HIDAYATULLAH / Felisha Alberta SI (11),11.0,2050,Mihajlo TABOROVIC / Andjela VISIC,86.0,1722
27/8/2025,Round 2,MD,LIANG W.. / WANG C.. (6) Rank 6 Elo 2112 (+3),21-16 / 21-19,Ruben G.. / Carlos PI.. Rank 101 Elo 1644 (-6),32,https://badmintonranks.com/tournament?id=14522,5,BWF World Championships 2025,LIANG Wei Keng / WANG Chang (6),6.0,2112,Ruben GOMEZ / Carlos PIOTTO,101.0,1644
27/8/2025,Round 2,WD,Pearly TA.. / THINAAH.. (2) Rank 2 Elo 2221 (+3),21-17 / 21-14,LUI Lok L.. / TSANG Hi.. Rank 26 Elo 1766 (-5),37,https://badmintonranks.com/tournament?id=14522,6,BWF World Championships 2025,Pearly TAN / THINAAH Muralitharan (2),2.0,2221,LUI Lok Hang Angus / TSANG Ho Wai Ethan,26.0,1766
27/8/2025,Round 2,MD,Satwiksai.. / Chirag S.. (9) Rank 9 Elo 2132 (+12),22-20 / 21-13,LIU Kuan.. / YANG Po .. Rank 23 Elo 1927 (-14),43,https://badmintonranks.com/tournament?id=14522,6,BWF World Championships 2025,Satwiksairaj RANKIREDDY / Chirag SHETTY (9),9.0,2132,LIU Kuan Han / YANG Po Hsuan,23.0,1927
27/8/2025,Round 2,XD,GOH Soo.. / LAI Shev.. (6) Rank 6 Elo 2020 (+15),21-19 / 21-15,Pakkapo.. / Phataimas.. Rank 48 Elo 1862 (-18),30,https://badmintonranks.com/tournament?id=14522,6,BWF World Championships 2025,GOH Soon Huat / LAI Shevon Jemie (6),6.0,2020,Pakkapon TEERARATSAKUL / Phataimas MUENWONG,48.0,1862
27/8/2025,Round 2,MD,Junaidi A.. / YAP Roy .. Rank 22 Elo 1939 (+31),21-13 / 21-17,Dechapol.. / Kittinupo.. (12) Rank 12 Elo 1975 (-31),33,https://badmintonranks.com/tournament?id=14522,6,BWF World Championships 2025,Junaidi ARIFFIN / YAP Roy King,22.0,1939,Dechapol PUAVARANUKROH / Kittinupong KEDREN (12),12.0,1975
27/8/2025,Round 2,WS,WANG Zhi Yi (2) Rank 2 Elo 2557 (+2),21-18 / 21-7,LIN Hsiang Ti Rank 21 Elo 2002 (-2),39,https://badmintonranks.com/tournament?id=14522,6,BWF World Championships 2025,WANG Zhi Yi (2),2.0,2557,LIN Hsiang Ti,21.0,2002
27/8/2025,Round 2,WS,PUSARLA V. Sindhu (15) Rank 15 Elo 2053 (+9),21-19 / 21-15,LETSHANAA Karupathe.. Rank 40 Elo 1777 (-12),43,https://badmintonranks.com/tournament?id=14522,6,BWF World Championships 2025,PUSARLA V. Sindhu (15),15.0,2053,LETSHANAA KARUPANNAN,40.0,1777
27/8/2025,Round 2,XD,HOO Pan.. / CHENG .. (15) Rank 16 Elo 1821 (+25),21-10 / 18-21 / 21-12,Malik BO.. / Leona MI.. Rank 55 Elo 1748 (-30),50,https://badmintonranks.com/tournament?id=14522,6,BWF World Championships 2025,HOO Pang Ron / CHENG Chi Ya (15),16.0,1821,Malik BOGDANOV / Leona MIZUTANI,55.0,1748
27/8/2025,Round 2,XD,Thom GI.. / Delphine .. (8) Rank 8 Elo 2034 (+10),21-9 / 21-15,Fabricio .. / Jaqueline .. Rank 58 Elo 1765 (-13),35,https://badmintonranks.com/tournament?id=14522,6,BWF World Championships 2025,Thom GICQUEL / Delphine DELRUE (8),8.0,2034,Fabricio AUGUSTO / Jacqueline FUNAOKA,58.0,1765
27/8/2025,Round 2,MS,SHI Yu Qi (1) Rank 1 Elo 2546 (+1),21-15 / 21-11,Julien CARRAGGI Rank 59 Elo 1786 (-1),38,https://badmintonranks.com/tournament?id=14522,6,BWF World Championships 2025,SHI Yu Qi (1),1.0,2546,Julien CARRAGGI,59.0,1786
27/8/2025,Round 2,XD,Jesper T.. / Amalie M.. (10) Rank 10 Elo 1960 (+26),21-19 / 21-16,LEE Jong.. / CHAE Yu .. Rank 67 Elo 1933 (-26),34,https://badmintonranks.com/tournament?id=14522,6,BWF World Championships 2025,Jesper TOFT / Amalie MAGELUND (10),10.0,1960,LEE Jong Won / CHAE Yu Jung,67.0,1933
27/8/2025,Round 2,XD,YE Hong .. / Nicole Go.. Rank 19 Elo 1932 (+26),21-18 / 21-16,Ruttanap.. / Jhenicha .. (14) Rank 15 Elo 1895 (-26),31,https://badmintonranks.com/tournament?id=14522,6,BWF World Championships 2025,YE Hong / Nicole GORACZKA,19.0,1932,Ruttanapon KETSAOPAR / Jhenicha SUDJAIPRAPARAT (14),15.0,1895
27/8/2025,Round 2,WD,YEUNG .. / YEUNG .. (15) Rank 17 Elo 1826 (+19),21-15 / 21-15,SUNG Sh.. / YU Chien .. Rank 20 Elo 1674 (-27),38,https://badmintonranks.com/tournament?id=14522,6,BWF World Championships 2025,YEUNG Wing Lee / YEUNG Wing Lee (15),17.0,1826,SUNG Shuo Yun / YU Chien Hui,20.0,1674
27/8/2025,Round 2,WD,Yuki FUK.. / Mayu MA.. (8) Rank 8 Elo 2082 (+8),21-19 / 21-18,Gronya S.. / Angela YU Rank 30 Elo 1792 (-11),41,https://badmintonranks.com/tournament?id=14522,6,BWF World Championships 2025,Yuki FUKUSHIMA / Mayu MATSUMOTO (8),8.0,2082,Gronya SOMERVILLE / Angela YU,30.0,1792
27/8/2025,Round 2,WD,Nami MA.. / Chiharu .. (3) Rank 3 Elo 2248 (+3),21-9 / 21-12,Bengisu .. / Nazlıcan I.. Rank 51 Elo 1752 (-4),33,https://badmintonranks.com/tournament?id=14522,6,BWF World Championships 2025,Nami MATSUYAMA / Chiharu SHIDA (3),3.0,2248,Bengisu ERCETIN / Nazlican INCEKARA,51.0,1752
27/8/2025,Round 2,WS,Putri Kusuma WARDA.. (9) Rank 9 Elo 2195 (+8),21-15 / 21-11,Juliana Viana VIEIRA Rank 68 Elo 1883 (-8),34,https://badmintonranks.com/tournament?id=14522,6,BWF World Championships 2025,Putri Kusuma WARDANI (9),9.0,2195,Juliana Viana VIEIRA,68.0,1883
27/8/2025,Round 2,MS,LEE Cheuk Yiu (13) Rank 13 Elo 2109 (+6),21-16 / 23-21,Fabian ROTH Rank 95 Elo 1761 (-9),53,https://badmintonranks.com/tournament?id=14522,6,BWF World Championships 2025,LEE Cheuk Yiu (13),13.0,2109,Fabian ROTH,95.0,1761
27/8/2025,Round 2,MS,Christo POPOV (10) Rank 10 Elo 2217 (+16),21-15 / 21-16,NG Ka Long Angus Rank 22 Elo 2081 (-17),46,https://badmintonranks.com/tournament?id=14522,6,BWF World Championships 2025,Christo POPOV (10),10.0,2217,NG Ka Long Angus,22.0,2081
27/8/2025,Round 2,XD,GUO Xin .. / CHEN Fa.. (7) Rank 7 Elo 2097 (+9),21-14 / 21-12,CHEN Ch.. / HSU Yin-.. Rank 21 Elo 1822 (-11),35,https://badmintonranks.com/tournament?id=14522,6,BWF World Championships 2025,GUO Xin Wa / CHEN Fang Hui (7),7.0,2097,CHEN Ching Chen / HSU Yin-Hui,21.0,1822
27/8/2025,Round 2,WS,Tomoka MIYAZAKI (8) Rank 8 Elo 2125 (+16),21-10 / 13-21 / 21-10,HSU Wen Chi Rank 36 Elo 1982 (-17),63,https://badmintonranks.com/tournament?id=14522,6,BWF World Championships 2025,Tomoka MIYAZAKI (8),8.0,2125,HSU Wen Chi,36.0,1982
27/8/2025,Round 2,XD,YANG Po.. / HU Ling .. (13) Rank 13 Elo 1738 (+40),21-15 / 21-18,Rory EAS.. / Lizzie TOL.. Rank 43 Elo 1755 (-39),31,https://badmintonranks.com/tournament?id=14522,6,BWF World Championships 2025,YANG Po Hsuan / HU Ling Fang (13),13.0,1738,Rory EASON / Lizzie TOLMAN,43.0,1755
27/8/2025,Round 2,WD,Gabriela .. / Stefani ST.. Rank 19 Elo 1980 (+19),21-11 / 21-9,GO Pei K.. / TEOH M.. (16) Rank 18 Elo 1855 (-21),34,https://badmintonranks.com/tournament?id=14522,7,BWF World Championships 2025,Gabriela STOEVA / Stefani STOEVA,19.0,1980,GO Pei Kee / TEOH Mei Xing (16),18.0,1855
27/8/2025,Round 2,WS,SIM Yu Jin (12) Rank 12 Elo 2231 (+2),21-14 / 21-16,Ranithma LIYANAGE Rank 107 Elo 1629 (-3),30,https://badmintonranks.com/tournament?id=14522,7,BWF World Championships 2025,SIM Yu Jin (12),12.0,2231,Ranithma LIYANAGE,107.0,1629
27/8/2025,Round 2,XD,Hiroki MI.. / Natsu SA.. (9) Rank 9 Elo 2028 (+17),21-15 / 21-12,Yuichi SH.. / Sayaka H.. Rank 20 Elo 1879 (-18),35,https://badmintonranks.com/tournament?id=14522,7,BWF World Championships 2025,Hiroki MIDORIKAWA / Natsu SAITO (9),9.0,2028,Yuichi SHIMABUKURO / Sayaka HIROTA,20.0,1879
27/8/2025,Round 2,WS,Gregoria Mariska TUN.. (7) Rank 7 Elo 2198 (+9),21-17 / 21-8,Julie Dawall JAKOBSEN Rank 32 Elo 1914 (-10),32,https://badmintonranks.com/tournament?id=14522,7,BWF World Championships 2025,Gregoria Mariska TUNJUNG (7),7.0,2198,Julie Dawall JAKOBSEN,32.0,1914
27/8/2025,Round 2,XD,JIANG Zh.. / WEI Ya X.. (2) Rank 2 Elo 2325 (+2),18-21 / 21-13 / 21-15,Callum H.. / Estelle VA.. Rank 29 Elo 1752 (-3),48,https://badmintonranks.com/tournament?id=14522,7,BWF World Championships 2025,JIANG Zhen Bang / WEI Ya Xin (2),2.0,2325,Callum HEMMING / Estelle VAN ZANDT,29.0,1752
27/8/2025,Round 2,MS,Jonatan CHRISTIE (5) Rank 5 Elo 2236 (+5),21-9 / 21-17,Ade Resky DWICAHYO Rank 91 Elo 1849 (-6),36,https://badmintonranks.com/tournament?id=14522,7,BWF World Championships 2025,Jonatan CHRISTIE (5),5.0,2236,Ade Resky DWICAHYO,91.0,1849
27/8/2025,Round 2,MS,Kenta NISHIMOTO (14) Rank 14 Elo 2144 (+27),17-21 / 21-13 / 25-23,LEONG Jun Hao Rank 25 Elo 2150 (-27),89,https://badmintonranks.com/tournament?id=14522,7,BWF World Championships 2025,Kenta NISHIMOTO (14),14.0,2144,LEONG Jun Hao,25.0,2150
27/8/2025,Round 2,MS,Kodai NARAOKA (8) Rank 8 Elo 2151 (+20),21-18 / 21-14,Nhat NGUYEN Rank 30 Elo 2066 (-20),57,https://badmintonranks.com/tournament?id=14522,7,BWF World Championships 2025,Kodai NARAOKA (8),8.0,2151,Nhat NGUYEN,30.0,2066
27/8/2025,Round 2,MS,CHOU Tien Chen (6) Rank 6 Elo 2258 (+4),21-14 / 21-12,Ethan ROSE Rank 106 Elo 1822 (-5),32,https://badmintonranks.com/tournament?id=14522,7,BWF World Championships 2025,CHOU Tien Chen (6),6.0,2258,Ethan ROSE,106.0,1822
27/8/2025,Round 2,MS,LOH Kean Yew (9) Rank 9 Elo 2261 (+4),21-14 / 21-14,Kalle KOLJONEN Rank 54 Elo 1843 (-5),39,https://badmintonranks.com/tournament?id=14522,7,BWF World Championships 2025,LOH Kean Yew (9),9.0,2261,Kalle KOLJONEN,54.0,1843
27/8/2025,Round 2,XD,DHRUV .. / Tanisha .. (16) Rank 17 Elo 1817 (+16),21-11 / 21-16,Joshua M.. / Moya RYA.. Rank 80 Elo 1618 (-26),35,https://badmintonranks.com/tournament?id=14522,7,BWF World Championships 2025,DHRUV RAWAT / Tanisha CRASTO (16),17.0,1817,Joshua MAYO / Moya RYAN,80.0,1618
27/8/2025,Round 2,WS,Akane YAMAGUCHI (5) Rank 5 Elo 2400 (+12),21-19 / 21-19,KIM Ga Eun Rank 17 Elo 2193 (-13),47,https://badmintonranks.com/tournament?id=14522,7,BWF World Championships 2025,Akane YAMAGUCHI (5),5.0,2400,KIM Ga Eun,17.0,2193
27/8/2025,Round 2,WS,Supanida KATETHONG (11) Rank 11 Elo 2102 (+17),14-21 / 22-20 / 21-19,Line Højmark KJAERSF.. Rank 19 Elo 1971 (-18),62,https://badmintonranks.com/tournament?id=14522,7,BWF World Championships 2025,Supanida KATETHONG (11),11.0,2102,Line Højmark KJAERSFELDT,19.0,1971
27/8/2025,Round 2,XD,TANG Ch.. / TSE Ying.. (5) Rank 5 Elo 2100 (+15),21-16 / 21-14,Rinov RI.. / Pitha Hani.. Rank 35 Elo 1935 (-16),38,https://badmintonranks.com/tournament?id=14522,7,BWF World Championships 2025,TANG Chun Man / TSE Ying Suet (5),5.0,2100,Rinov RIVALDY / Pitha Haningtyas MENTARI,35.0,1935
27/8/2025,Round 2,XD,Dechapol.. / Supissar.. (3) Rank 3 Elo 2223 (+4),21-18 / 21-12,HEE Yon.. / JIN Yu Jia Rank 22 Elo 1748 (-5),35,https://badmintonranks.com/tournament?id=14522,7,BWF World Championships 2025,Dechapol PUAVARANUKROH / Supissara PACHARAMONGKOL (3),3.0,2223,HEE Yong KWON / JIN Yu Jia,22.0,1748
27/8/2025,Round 2,WS,Pornpawee CHOCHU.. (6) Rank 6 Elo 2263 (+2),21-13 / 21-13,Ishika JAISWAL Rank 67 Elo 1755 (-3),32,https://badmintonranks.com/tournament?id=14522,7,BWF World Championships 2025,Pornpawee CHOCHUWONG (6),6.0,2263,Ishika JAISWAL,67.0,1755
27/8/2025,Round 2,XD,CHENG .. / ZHANG .. (12) Rank 12 Elo 1959 (+15),21-17 / 24-22,Alexande.. / Julie MAC.. Rank 25 Elo 1792 (-18),46,https://badmintonranks.com/tournament?id=14522,7,BWF World Championships 2025,CHENG Chi Ya / ZHANG Shu Xian (12),12.0,1959,Alexander DUNN / Julie MACPHERSON,25.0,1792
27/8/2025,Round 2,WS,Busanan ONGBAMRUN.. Rank 18 Elo 2003 (+40),21-17 / 22-20,YEO Jia Min (13) Rank 13 Elo 2171 (-39),47,https://badmintonranks.com/tournament?id=14522,7,BWF World Championships 2025,Busanan ONGBAMRUNGPHAN,18.0,2003,YEO Jia Min (13),13.0,2171
27/8/2025,Round 2,XD,Mathias .. / Alexandra .. Rank 194 Elo 1927 (+54),14-21 / 21-13 / 21-18,FENG Ya.. / HUANG .. (1) Rank 1 Elo 2433 (-50),82,https://badmintonranks.com/tournament?id=14522,7,BWF World Championships 2025,Mathias THYRRI / Alexandra BOE,194.0,1927,FENG Yan Zhe / HUANG Dong Ping (1),1.0,2433
26/8/2025,Round 2,MD,Ben LANE / Sean VE.. (14) Rank 14 Elo 1926 (+23),21-18 / 21-16,KIM Gi Ju.. / KIM Sa R.. Rank 72 Elo 1852 (-25),43,https://badmintonranks.com/tournament?id=14522,7,BWF World Championships 2025,Ben LANE / Sean VENDY (14),14.0,1926,KIM Gi Jung / KIM Sa Rang,72.0,1852
26/8/2025,Round 2,MD,MAN Wei.. / TEE Kai .. (7) Rank 7 Elo 2125 (+12),21-15 / 13-21 / 21-19,Christo P.. / Toma Juni.. Rank 19 Elo 1913 (-13),65,https://badmintonranks.com/tournament?id=14522,8,BWF World Championships 2025,MAN Wei Chong / TEE Kai Wun (7),7.0,2125,Christo POPOV / Toma Junior POPOV,19.0,1913
26/8/2025,Round 2,WD,JIA Yi Fan / ZHANG .. (6) Rank 6 Elo 2251 (+1),21-3 / 21-5,Selin HÜ.. / Amelie LE.. Rank 82 Elo 1640 (-3),24,https://badmintonranks.com/tournament?id=14522,8,BWF World Championships 2025,JIA Yi Fan / ZHANG Shu Xian (6),6.0,2251,Selin HÜSNÜOGLU / Amelie LEFEBVRE,82.0,1640
26/8/2025,Round 2,WD,Febriana .. / Amallia C.. (10) Rank 10 Elo 1955 (+7),21-17 / 21-14,Julie MA.. / Ciara TOR.. Rank 32 Elo 1627 (-13),41,https://badmintonranks.com/tournament?id=14522,8,BWF World Championships 2025,Febriana Dwipuji KUSUMA / Amallia Cahaya PRATIWI (10),10.0,1955,Julie MACPHERSON / Ciara TORRANCE,32.0,1627
26/8/2025,Round 2,WD,BAEK Ha.. / LEE So H.. (4) Rank 4 Elo 2136 (+7),21-11 / 17-21 / 21-17,Margot L.. / Camille P.. Rank 42 Elo 1810 (-9),65,https://badmintonranks.com/tournament?id=14522,8,BWF World Championships 2025,BAEK Ha Na / LEE So Hee (4),4.0,2136,Margot LAMBERT / Camille PION,42.0,1810
26/8/2025,Round 2,MD,Kim AST.. / Anders S.. (5) Rank 5 Elo 2021 (+8),21-9 / 21-13,Alexande.. / Adam PRI.. Rank 74 Elo 1726 (-12),28,https://badmintonranks.com/tournament?id=14522,8,BWF World Championships 2025,Kim ASTRUP / Anders Skaarup RASMUSSEN (5),5.0,2021,Alexander DUNN / Adam PRICE,74.0,1726
26/8/2025,Round 2,MD,CHIU Hsi.. / WANG C.. (15) Rank 16 Elo 1852 (+21),21-15 / 21-18,Solomon .. / Julius VIL.. Rank 123 Elo 1731 (-26),28,https://badmintonranks.com/tournament?id=14522,8,BWF World Championships 2025,CHIU Hsiang Chieh / WANG Chang (15),16.0,1852,Solomon GBENGA / Julius VILLANUEVA,123.0,1731
26/8/2025,Round 2,WD,LI Yi jing / LUO Xu .. (7) Rank 7 Elo 2038 (+4),21-11 / 21-16,Polina B.. / Yevheniia .. Rank 24 Elo 1603 (-9),31,https://badmintonranks.com/tournament?id=14522,8,BWF World Championships 2025,LI Yi Jing / LUO Xu Min (7),7.0,2038,Polina BUGROVA / Yevheniia SKOKAN,24.0,1603
26/8/2025,Round 2,MD,Leo Rolly.. / Bagas M.. (10) Rank 10 Elo 1981 (+16),21-8 / 21-9,Eloi ADAM / Leo ROSS.. Rank 39 Elo 1824 (-19),31,https://badmintonranks.com/tournament?id=14522,8,BWF World Championships 2025,Leo Rolly CARNANDO / Bagas MAULANA (10),10.0,1981,Eloi ADAM / Leo ROSSI,39.0,1824
26/8/2025,Round 2,WD,HSU Yin-.. / LIN Jhih .. (13) Rank 15 Elo 1808 (+14),21-15 / 21-13,Airah Ma.. / Eleanor C.. Rank 99 Elo 1579 (-26),27,https://badmintonranks.com/tournament?id=14522,8,BWF World Championships 2025,HSU Yin-Hui / LIN Jhih Yong (13),15.0,1808,Airah MAGANAKA / Eleanor CORRIGAN,99.0,1579
26/8/2025,Round 2,WD,Rin IWAN.. / Kie NAK.. (9) Rank 9 Elo 2075 (+4),21-8 / 21-10,Kirsten D.. / Mariia ST.. Rank 94 Elo 1640 (-8),29,https://badmintonranks.com/tournament?id=14522,8,BWF World Championships 2025,Rin IWANAGA / Kie NAKANISHI (9),9.0,2075,Kirsten DEBAERE / Mariia STOLIARENKO,94.0,1640
26/8/2025,Round 2,WD,LIU Shen.. / TAN Ning (1) Rank 1 Elo 2454 (+0),21-8 / 21-4,Lucie AM.. / Caroline R.. Rank 63 Elo 1646 (-1),26,https://badmintonranks.com/tournament?id=14522,8,BWF World Championships 2025,LIU Sheng Shu / TAN Ning (1),1.0,2454,Lucie AMET / Caroline ROHNER,63.0,1646
26/8/2025,Round 2,WD,CHANG .. / YANG Ch.. (14) Rank 16 Elo 1726 (+37),21-15 / 21-11,Paula LO.. / Lucia RO.. Rank 75 Elo 1704 (-39),32,https://badmintonranks.com/tournament?id=14522,8,BWF World Championships 2025,CHANG Tak Ching / YANG Ching Tun (14),16.0,1726,Paula LORENTE / Lucia RODRIGUEZ,75.0,1704
26/8/2025,Round 2,MD,KIM Won .. / SEO Seu.. (1) Rank 1 Elo 2274 (+1),21-17 / 21-12,Eng Keat .. / Junsuke K.. Rank 59 Elo 1655 (-2),36,https://badmintonranks.com/tournament?id=14522,8,BWF World Championships 2025,KIM Won Ho / SEO Seung Jae (1),1.0,2274,Eng Keat GOH / Junsuke KAWAHARA,59.0,1655
26/8/2025,Round 2,MD,Takuro H.. / Yugo KO.. (13) Rank 13 Elo 2087 (+5),21-15 / 21-11,Malik BO.. / Kenneth N.. Rank 66 Elo 1660 (-8),33,https://badmintonranks.com/tournament?id=14522,8,BWF World Championships 2025,Takuro HOKI / Yugo KOBAYASHI (13),13.0,2087,Malik BOGDANOV / Kenneth NIELSEN,66.0,1660
26/8/2025,Round 2,MD,Fajar ALF.. / Muhamm.. (4) Rank 4 Elo 2079 (+6),14-21 / 21-11 / 22-20,HUNG K.. / LUI Chun .. Rank 117 Elo 1714 (-9),46,https://badmintonranks.com/tournament?id=14522,8,BWF World Championships 2025,Fajar ALFIAN / Muhammad Shohibul FIKRI (4),4.0,2079,HUNG Kai Xiang / LUI Chun Kit,117.0,1714
26/8/2025,Round 1,WS,LIN Hsiang Ti Rank 21 Elo 1994 (+8),21-14 / 21-16,Clara AZURMENDI Rank 79 Elo 1686 (-13),36,https://badmintonranks.com/tournament?id=14522,8,BWF World Championships 2025,LIN Hsiang Ti,21.0,1994,Clara AZURMENDI,79.0,1686
26/8/2025,Round 1,MS,Fabian ROTH Rank 95 Elo 1712 (+49),21-16 / 19-21 / 21-18,Ygor COELHO Rank Elo 1780 (-42),61,https://badmintonranks.com/tournament?id=14522,8,BWF World Championships 2025,Fabian ROTH,95.0,1712,Ygor COELHO,,1780
26/8/2025,Round 1,XD,Rory EAS.. / Lizzie TOL.. Rank 43 Elo 1725 (+30),19-21 / 21-18 / 21-16,Jonathan .. / Crystal LAI Rank 61 Elo 1636 (-38),58,https://badmintonranks.com/tournament?id=14522,8,BWF World Championships 2025,Rory EASON / Lizzie TOLMAN,43.0,1725,Jonathan MCDERMOTT / Crystal LAI,61.0,1636
26/8/2025,Round 1,WS,Putri Kusuma WARDA.. (9) Rank 9 Elo 2190 (+5),21-18 / 21-11,LO Sin Yan Happy Rank 45 Elo 1806 (-7),37,https://badmintonranks.com/tournament?id=14522,8,BWF World Championships 2025,Putri Kusuma WARDANI (9),9.0,2190,LO Sin Yan Happy,45.0,1806
26/8/2025,Round 1,MS,LEE Cheuk Yiu (13) Rank 13 Elo 2102 (+7),21-9 / 21-17,Gustav BJORKLER Rank 97 Elo 1778 (-9),35,https://badmintonranks.com/tournament?id=14522,8,BWF World Championships 2025,LEE Cheuk Yiu (13),13.0,2102,Gustav BJORKLER,97.0,1778
26/8/2025,Round 1,XD,YE Hong .. / Nicole Go.. Rank 19 Elo 1914 (+18),21-11 / 21-10,Presley S.. / Jennie GA.. Rank 26 Elo 1782 (-22),24,https://badmintonranks.com/tournament?id=14522,9,BWF World Championships 2025,YE Hong / Nicole GORACZKA,19.0,1914,Presley SHIN Jian Da / Jennie Gail HORLADOR,26.0,1782
26/8/2025,Round 1,XD,Yuichi SH.. / Sayaka H.. Rank 20 Elo 1873 (+6),21-12 / 21-14,Oleksii TI.. / Yevheniia .. Rank 59 Elo 1500 (-16),26,https://badmintonranks.com/tournament?id=14522,9,BWF World Championships 2025,Yuichi SHIMABUKURO / Sayaka HIROTA,20.0,1873,Oleksii TIUNOV / Yevheniia SKOKAN,59.0,1500
26/8/2025,Round 1,XD,CHEN Ch.. / HSU Yin-.. Rank 21 Elo 1804 (+18),21-6 / 21-10,Christoph.. / Diana CO.. Rank 60 Elo 1627 (-28),21,https://badmintonranks.com/tournament?id=14522,9,BWF World Championships 2025,CHEN Ching Chen / HSU Yin-Hui,21.0,1804,Christoph WEGNER / Diana CORTES,60.0,1627
26/8/2025,Round 1,WS,Juliana Viana VIEIRA Rank 68 Elo 1864 (+19),21-16 / 21-14,Keisha Fatimah AZ ZAH.. Rank 59 Elo 1732 (-25),31,https://badmintonranks.com/tournament?id=14522,9,BWF World Championships 2025,Juliana Viana VIEIRA,68.0,1864,Keisha Fatimah AZ ZAHRA,59.0,1732
26/8/2025,Round 1,WS,WANG Zhi Yi (2) Rank 2 Elo 2557 (+0),21-5 / 21-4,Agnes KOROSI Rank 103 Elo 1647 (-0),22,https://badmintonranks.com/tournament?id=14522,9,BWF World Championships 2025,WANG Zhi Yi (2),2.0,2557,Agnes KOROSI,103.0,1647
26/8/2025,Round 1,XD,Callum H.. / Estelle VA.. Rank 29 Elo 1717 (+35),21-16 / 17-21 / 21-14,Ruben G.. / Lucia RO.. Rank 44 Elo 1670 (-40),50,https://badmintonranks.com/tournament?id=14522,9,BWF World Championships 2025,Callum HEMMING / Estelle VAN ZANDT,29.0,1717,Ruben GOMEZ / Lucia RODRIGUEZ,44.0,1670
26/8/2025,Round 1,XD,Mihajlo T.. / Andjela VI.. Rank 86 Elo 1697 (+25),21-11 / 21-6,Misha ZIL.. / Svetlana Z.. Rank Elo 1550 (-40),24,https://badmintonranks.com/tournament?id=14522,9,BWF World Championships 2025,Mihajlo TABOROVIC / Andjela VISIC,86.0,1697,Misha ZILBERMAN / Svetlana ZILBERMAN,,1550
26/8/2025,Round 1,XD,Joshua M.. / Moya RYA.. Rank 80 Elo 1530 (+88),21-10 / 21-10,Linden W.. / Eva WANG Rank 123 Elo 1610 (-68),19,https://badmintonranks.com/tournament?id=14522,9,BWF World Championships 2025,Joshua MAYO / Moya RYAN,80.0,1530,Linden WARREN / Eva WANG,123.0,1610
26/8/2025,Round 1,MS,Ethan ROSE Rank 106 Elo 1793 (+29),21-9 / 17-21 / 21-12,Pablo ABIAN Rank 188 Elo 1747 (-33),64,https://badmintonranks.com/tournament?id=14522,9,BWF World Championships 2025,Ethan ROSE,106.0,1793,Pablo ABIAN,188.0,1747
26/8/2025,Round 1,XD,Pakkapo.. / Phataimas.. Rank 48 Elo 1847 (+15),14-21 / 21-13 / 21-14,Julien MA.. / Lea PALE.. Rank 36 Elo 1639 (-24),55,https://badmintonranks.com/tournament?id=14522,9,BWF World Championships 2025,Pakkapon TEERARATSAKUL / Phataimas MUENWONG,48.0,1847,Julien MAIO / Lea PALERMO,36.0,1639
26/8/2025,Round 1,MS,Anders ANTONSEN (2) Rank 2 Elo 2338 (+1),21-15 / 21-16,Jonathan MATIAS Rank 128 Elo 1752 (-2),41,https://badmintonranks.com/tournament?id=14522,9,BWF World Championships 2025,Anders ANTONSEN (2),2.0,2338,Jonathan MATIAS,128.0,1752
26/8/2025,Round 1,MS,Alwi FARHAN Rank 23 Elo 2154 (+6),22-20 / 21-13,NGUYEN Hai Dang Rank 57 Elo 1791 (-7),45,https://badmintonranks.com/tournament?id=14522,9,BWF World Championships 2025,Alwi FARHAN,23.0,2154,NGUYEN Hai Dang,57.0,1791
26/8/2025,Round 1,XD,Malik BO.. / Leona MI.. Rank 55 Elo 1732 (+16),21-8 / 21-10,Jahid AL.. / Hajar NU.. Rank 106 Elo 1500 (-33),24,https://badmintonranks.com/tournament?id=14522,9,BWF World Championships 2025,Malik BOGDANOV / Leona MIZUTANI,55.0,1732,Jahid ALAM / Hajar NUR SHAFIQ,106.0,1500
26/8/2025,Round 1,XD,Mathias .. / Alexandra .. Rank 194 Elo 1901 (+26),21-10 / 21-8,Ty Alexan.. / Josephine.. Rank 76 Elo 1853 (-27),24,https://badmintonranks.com/tournament?id=14522,9,BWF World Championships 2025,Mathias THYRRI / Alexandra BOE,194.0,1901,Ty Alexander LEONG / Josephine WU,76.0,1853
26/8/2025,Round 1,MS,LIN Chun-Yi (12) Rank 12 Elo 2235 (+11),17-21 / 21-18 / 21-14,Rasmus GEMKE Rank 29 Elo 1995 (-11),64,https://badmintonranks.com/tournament?id=14522,9,BWF World Championships 2025,LIN Chun-Yi (12),12.0,2235,Rasmus GEMKE,29.0,1995
26/8/2025,Round 1,XD,Rohan K.. / GADDE R.. Rank 33 Elo 1617 (+51),18-21 / 21-16 / 21-18,LEONG I.. / NG Weng .. Rank 66 Elo 1596 (-54),47,https://badmintonranks.com/tournament?id=14522,9,BWF World Championships 2025,Rohan KAPOOR / GADDE Ruthvika Shivani,33.0,1617,LEONG Ing Jun / NG Weng Kit,66.0,1596
26/8/2025,Round 1,WS,HAN Yue (3) Rank 3 Elo 2363 (+4),21-10 / 21-16,CHIU Pin-Chian Rank 24 Elo 1942 (-5),40,https://badmintonranks.com/tournament?id=14522,9,BWF World Championships 2025,HAN Yue (3),3.0,2363,CHIU Pin-Chian,24.0,1942
26/8/2025,Round 1,WS,LETSHANAA Karupathe.. Rank 40 Elo 1740 (+37),21-18 / 21-8,Saloni Samirbhai MEHTA Rank 77 Elo 1729 (-38),31,https://badmintonranks.com/tournament?id=14522,9,BWF World Championships 2025,LETSHANAA KARUPANNAN,40.0,1740,Saloni Samirbhai MEHTA,77.0,1729
26/8/2025,Round 1,WS,Supanida KATETHONG (11) Rank 11 Elo 2098 (+4),21-13 / 21-8,Miranda WILSON Rank 113 Elo 1664 (-7),30,https://badmintonranks.com/tournament?id=14522,9,BWF World Championships 2025,Supanida KATETHONG (11),11.0,2098,Miranda WILSON,113.0,1664
26/8/2025,Round 1,MS,PRANNOY H. S. Rank 34 Elo 1996 (+16),21-18 / 21-15,Joakim OLDORFF Rank 48 Elo 1853 (-19),47,https://badmintonranks.com/tournament?id=14522,9,BWF World Championships 2025,PRANNOY H. S.,34.0,1996,Joakim OLDORFF,48.0,1853
26/8/2025,Round 1,WS,ZHANG Beiwen Rank 27 Elo 2089 (+3),21-10 / 21-13,Yasmine HAMZA Rank 118 Elo 1613 (-7),24,https://badmintonranks.com/tournament?id=14522,10,BWF World Championships 2025,ZHANG Beiwen,27.0,2089,Yasmine HAMZA,118.0,1613
26/8/2025,Round 1,WS,Line Højmark KJAERSF.. Rank 19 Elo 1960 (+11),21-10 / 21-19,Kristin KUUBA Rank 185 Elo 1712 (-16),36,https://badmintonranks.com/tournament?id=14522,10,BWF World Championships 2025,Line Højmark KJAERSFELDT,19.0,1960,Kristin KUUBA,185.0,1712
26/8/2025,Round 1,WS,PUSARLA V. Sindhu (15) Rank 15 Elo 2040 (+13),23-21 / 21-6,Kaloyana NALBANTOVA Rank 69 Elo 1829 (-14),39,https://badmintonranks.com/tournament?id=14522,10,BWF World Championships 2025,PUSARLA V. Sindhu (15),15.0,2040,Kaloyana NALBANTOVA,69.0,1829
26/8/2025,Round 1,MS,KIM Byung Jae Rank 102 Elo 1720 (+32),21-13 / 19-21 / 21-18,Adriano VIALE AGUIRRE Rank 94 Elo 1651 (-39),59,https://badmintonranks.com/tournament?id=14522,10,BWF World Championships 2025,KIM Byung Jae,102.0,1720,Adriano VIALE AGUIRRE,94.0,1651
26/8/2025,Round 1,MS,Viren NETTASINGHE Rank 76 Elo 1753 (+33),21-11 / 23-21,Misha ZILBERMAN Rank 72 Elo 1717 (-36),39,https://badmintonranks.com/tournament?id=14522,10,BWF World Championships 2025,Viren NETTASINGHE,76.0,1753,Misha ZILBERMAN,72.0,1717
26/8/2025,Round 1,MS,Ade Resky DWICAHYO Rank 91 Elo 1787 (+62),21-19 / 21-18,Koki WATANABE Rank 19 Elo 2185 (-48),39,https://badmintonranks.com/tournament?id=14522,10,BWF World Championships 2025,Ade Resky DWICAHYO,91.0,1787,Koki WATANABE,19.0,2185
26/8/2025,Round 1,MS,Kunlavut VITIDSARN (3) Rank 3 Elo 2402 (+1),21-11 / 21-17,Uriel Francisco CANJU.. Rank 171 Elo 1747 (-2),49,https://badmintonranks.com/tournament?id=14522,10,BWF World Championships 2025,Kunlavut VITIDSARN (3),3.0,2402,Uriel Francisco CANJURA,171.0,1747
26/8/2025,Round 1,WS,HSU Wen Chi Rank 36 Elo 1971 (+11),20-22 / 21-15 / 21-12,Vivien SANDORHAZI Rank 89 Elo 1713 (-15),52,https://badmintonranks.com/tournament?id=14522,10,BWF World Championships 2025,HSU Wen Chi,36.0,1971,Vivien SANDORHAZI,89.0,1713
26/8/2025,Round 1,MS,Toma Junior POPOV (15) Rank 15 Elo 2155 (+20),21-18 / 19-21 / 25-23,Anthony Sinisuka GINTI.. Rank 73 Elo 2078 (-21),92,https://badmintonranks.com/tournament?id=14522,10,BWF World Championships 2025,Toma Junior POPOV (15),15.0,2155,Anthony Sinisuka GINTING,73.0,2078
26/8/2025,Round 1,WS,Akane YAMAGUCHI (5) Rank 5 Elo 2400 (+0),21-7 / 21-2,Kai Qi (Bernice) TEOH Rank 138 Elo 1529 (-1),26,https://badmintonranks.com/tournament?id=14522,10,BWF World Championships 2025,Akane YAMAGUCHI (5),5.0,2400,Kai Qi (Bernice) TEOH,138.0,1529
26/8/2025,Round 1,XD,Fabricio .. / Jaqueline .. Rank 58 Elo 1740 (+25),21-19 / 21-14,Miha IVA.. / Petra POL.. Rank 79 Elo 1611 (-36),30,https://badmintonranks.com/tournament?id=14522,10,BWF World Championships 2025,Fabricio AUGUSTO / Jacqueline FUNAOKA,58.0,1740,Miha IVANCIC / Petra POLNISEK,79.0,1611
26/8/2025,Round 1,XD,LEE Jong.. / CHAE Yu .. Rank 67 Elo 1925 (+8),21-14 / 21-16,Adam PR.. / Rachel AN.. Rank 92 Elo 1626 (-16),29,https://badmintonranks.com/tournament?id=14522,10,BWF World Championships 2025,LEE Jong Won / CHAE Yu Jung,67.0,1925,Adam PRYCE / Rachel ANDRIYANA,92.0,1626
26/8/2025,Round 1,WS,Tomoka MIYAZAKI (8) Rank 8 Elo 2114 (+11),16-21 / 21-12 / 21-14,Neslihan ARIN Rank 57 Elo 1878 (-13),63,https://badmintonranks.com/tournament?id=14522,10,BWF World Championships 2025,Tomoka MIYAZAKI (8),8.0,2114,Neslihan ARIN,57.0,1878
26/8/2025,Round 1,XD,Alexande.. / Julie MAC.. Rank 25 Elo 1757 (+35),21-11 / 21-9,Edward L.. / Shaunna .. Rank 77 Elo 1749 (-36),27,https://badmintonranks.com/tournament?id=14522,10,BWF World Championships 2025,Alexander DUNN / Julie MACPHERSON,25.0,1757,Edward LIANG / Shaunna JI,77.0,1749
26/8/2025,Round 1,MS,Jonatan CHRISTIE (5) Rank 5 Elo 2233 (+3),21-15 / 21-5,Matthias KICKLITZ Rank 70 Elo 1733 (-4),31,https://badmintonranks.com/tournament?id=14522,10,BWF World Championships 2025,Jonatan CHRISTIE (5),5.0,2233,Matthias KICKLITZ,70.0,1733
26/8/2025,Round 1,XD,HEE Yon.. / JIN Yu Jia Rank 22 Elo 1702 (+46),21-10 / 21-18,Koceila M.. / Tanina Vio.. Rank 72 Elo 1737 (-42),25,https://badmintonranks.com/tournament?id=14522,10,BWF World Championships 2025,HEE Yong KWON / JIN Yu Jia,22.0,1702,Koceila MAMMERI / Tanina VIOLACQ,72.0,1737
26/8/2025,Round 1,WS,KIM Ga Eun Rank 17 Elo 2190 (+3),21-12 / 21-10,Polina BUHROVA Rank 41 Elo 1708 (-5),36,https://badmintonranks.com/tournament?id=14522,10,BWF World Championships 2025,KIM Ga Eun,17.0,2190,Polina BUHROVA,41.0,1708
26/8/2025,Round 1,WS,VU Thi Trang Rank 170 Elo 1770 (+10),22-20 / 21-8,Yevheniia KANTEMYR Rank 129 Elo 1450 (-25),31,https://badmintonranks.com/tournament?id=14522,10,BWF World Championships 2025,VU Thi Trang,170.0,1770,Yevheniia KANTEMYR,129.0,1450
26/8/2025,Round 1,WS,GAO Fang jie (14) Rank 14 Elo 2234 (+6),21-14 / 21-9,GOH Jin Wei Rank 50 Elo 1852 (-6),34,https://badmintonranks.com/tournament?id=14522,10,BWF World Championships 2025,GAO Fang jie (14),14.0,2234,GOH Jin Wei,50.0,1852
26/8/2025,Round 1,MS,LEONG Jun Hao Rank 25 Elo 2146 (+4),21-12 / 21-14,Tobias KUENZI Rank 148 Elo 1691 (-6),31,https://badmintonranks.com/tournament?id=14522,10,BWF World Championships 2025,LEONG Jun Hao,25.0,2146,Tobias KUENZI,148.0,1691
26/8/2025,Round 1,MS,Kenta NISHIMOTO (14) Rank 14 Elo 2120 (+24),21-13 / 21-12,WANG Tzu Wei Rank 28 Elo 2088 (-24),40,https://badmintonranks.com/tournament?id=14522,11,BWF World Championships 2025,Kenta NISHIMOTO (14),14.0,2120,WANG Tzu Wei,28.0,2088
26/8/2025,Round 1,XD,Rinov RI.. / Pitha Hani.. Rank 35 Elo 1918 (+17),14-21 / 21-15 / 21-16,LU Ming .. / HUNG En-.. Rank 31 Elo 1768 (-21),53,https://badmintonranks.com/tournament?id=14522,11,BWF World Championships 2025,Rinov RIVALDY / Pitha Haningtyas MENTARI,35.0,1918,LU Ming Yang / HUNG En-Tzu,31.0,1768
25/8/2025,Round 1,MD,LIU Kuan.. / YANG Po .. Rank 23 Elo 1916 (+11),21-15 / 21-5,Hariharan.. / Ruban Ku.. Rank 33 Elo 1646 (-17),30,https://badmintonranks.com/tournament?id=14522,11,BWF World Championships 2025,LIU Kuan Han / YANG Po Hsuan,23.0,1916,Hariharan AMSAKARUNAN / Ruban KUMAR,33.0,1646
25/8/2025,Round 1,WD,Lauren L.. / Allison Qu.. Rank 21 Elo 1840 (+10),21-13 / 21-10,Sian KEL.. / Annie LAD.. Rank 68 Elo 1540 (-21),31,https://badmintonranks.com/tournament?id=14522,11,BWF World Championships 2025,Lauren LAM / Allison QUEK,21.0,1840,Sian KELLY / Annie LADDHA,68.0,1540
25/8/2025,Round 1,WD,Abbygael.. / Lizzie TOL.. Rank 59 Elo 1564 (+72),21-16 / 14-21 / 21-19,Nikol CA.. / Carmen M.. Rank 92 Elo 1604 (-63),76,https://badmintonranks.com/tournament?id=14522,11,BWF World Championships 2025,Abbygael NEYRA / Lizzie TOLMAN,59.0,1564,Nikol CAVDAROVA / Carmen MARTIN,92.0,1604
25/8/2025,Round 1,MD,Ruben G.. / Carlos PI.. Rank 101 Elo 1559 (+85),21-14 / 21-16,Jonathan .. / Nyl YAKU.. Rank 52 Elo 1669 (-61),32,https://badmintonranks.com/tournament?id=14522,11,BWF World Championships 2025,Ruben GOMEZ / Carlos PIOTTO,101.0,1559,Jonathan MCDERMOTT / Nyl YAKURA,52.0,1669
25/8/2025,Round 1,WS,Yvonne LI Rank 55 Elo 1775 (+26),28-30 / 21-14 / 21-9,Ines Lucia CASTILLO S.. Rank 97 Elo 1677 (-33),56,https://badmintonranks.com/tournament?id=14522,11,BWF World Championships 2025,Yvonne LI,55.0,1775,Ines Lucia CASTILLO SILVA,97.0,1677
25/8/2025,Round 1,MS,Nhat NGUYEN Rank 30 Elo 2050 (+16),21-9 / 21-18,Brian YANG Rank 31 Elo 1902 (-17),51,https://badmintonranks.com/tournament?id=14522,11,BWF World Championships 2025,Nhat NGUYEN,30.0,2050,Brian YANG,31.0,1902
25/8/2025,Round 1,WD,Julie MA.. / Ciara TOR.. Rank 32 Elo 1580 (+47),21-7 / 21-8,Isuri ATT.. / Sithumi D.. Rank 108 Elo 1500 (-61),21,https://badmintonranks.com/tournament?id=14522,11,BWF World Championships 2025,Julie MACPHERSON / Ciara TORRANCE,32.0,1580,Isuri ATTANAYAKE / Sithumi DISSANAYAKE,108.0,1500
25/8/2025,Round 1,WD,Tea MAR.. / Flavie VAL.. Rank 56 Elo 1682 (+23),21-18 / 21-16,Hasini A.. / Hasara WI.. Rank 101 Elo 1500 (-41),31,https://badmintonranks.com/tournament?id=14522,11,BWF World Championships 2025,Tea MARQUET / Flavie VANACKER,56.0,1682,Hasini AMBALANGODAGE / Hasara WIRATUNGA,101.0,1500
25/8/2025,Round 1,MD,NGUYEN.. / TRAN Din.. Rank 126 Elo 1642 (+52),22-20 / 21-16,Izak BAT.. / Matheus V.. Rank 116 Elo 1655 (-50),37,https://badmintonranks.com/tournament?id=14522,11,BWF World Championships 2025,NGUYEN Tien Minh / TRAN Dinh Hoang,126.0,1642,Izak BAJIC / Matheus VIEIRA,116.0,1655
25/8/2025,Round 1,MD,Christo P.. / Toma Juni.. Rank 19 Elo 1905 (+8),21-12 / 21-17,Keith Mar.. / Jack YU Rank 145 Elo 1596 (-17),30,https://badmintonranks.com/tournament?id=14522,11,BWF World Championships 2025,Christo POPOV / Toma Junior POPOV,19.0,1905,Keith MARTIN / Jack YU,145.0,1596
25/8/2025,Round 1,MD,Solomon .. / Julius VIL.. Rank 123 Elo 1660 (+71),21-15 / 21-13,Koceila M.. / Youcef Sa.. Rank 122 Elo 1849 (-46),25,https://badmintonranks.com/tournament?id=14522,11,BWF World Championships 2025,Solomon GBENGA / Julius VILLANUEVA,123.0,1660,Koceila MAMMERI / Youcef SABRI,122.0,1849
25/8/2025,Round 1,MD,Eng Keat .. / Junsuke K.. Rank 59 Elo 1618 (+37),21-9 / 21-13,Agil GABI.. / Dicky Dwi .. Rank 82 Elo 1507 (-53),26,https://badmintonranks.com/tournament?id=14522,11,BWF World Championships 2025,Eng Keat GOH / Junsuke KAWAHARA,59.0,1618,Agil GABI / Dicky Dwi PANGESTU,82.0,1507
25/8/2025,Round 1,WD,SUNG Sh.. / YU Chien .. Rank 20 Elo 1644 (+30),21-8 / 21-9,Orla FLY.. / Moya RYA.. Rank 96 Elo 1496 (-47),22,https://badmintonranks.com/tournament?id=14522,11,BWF World Championships 2025,SUNG Shuo Yun / YU Chien Hui,20.0,1644,Orla FLOYD / Moya RYAN,96.0,1496
25/8/2025,Round 1,MS,Kodai NARAOKA (8) Rank 8 Elo 2150 (+1),21-10 / 21-7,Dumindu ABEYWICKRA.. Rank 153 Elo 1506 (-3),26,https://badmintonranks.com/tournament?id=14522,11,BWF World Championships 2025,Kodai NARAOKA (8),8.0,2150,Dumindu ABEYWICKRAMA,153.0,1506
25/8/2025,Round 1,MD,Alexande.. / Adam PRI.. Rank 74 Elo 1704 (+22),21-14 / 21-18,Yann OR.. / PHAM Min.. Rank 112 Elo 1532 (-39),34,https://badmintonranks.com/tournament?id=14522,11,BWF World Championships 2025,Alexander DUNN / Adam PRICE,74.0,1704,Yann ORIGIN / PHAM Minh Nhat,112.0,1532
25/8/2025,Round 1,WD,Kirsten D.. / Mariia ST.. Rank 94 Elo 1578 (+62),21-2 / 21-14,Fadilah S.. / Tracy NAL.. Rank 164 Elo 1577 (-61),25,https://badmintonranks.com/tournament?id=14522,11,BWF World Championships 2025,Kirsten DEBAERE / Mariia STOLIARENKO,94.0,1578,Fadilah Shamika MOHAMAD / Tracy NALUWOOZA,164.0,1577
25/8/2025,Round 1,WD,Margot L.. / Camille P.. Rank 42 Elo 1789 (+21),21-17 / 21-16,Priya KO.. / Shruti MIS.. Rank 39 Elo 1651 (-30),42,https://badmintonranks.com/tournament?id=14522,11,BWF World Championships 2025,Margot LAMBERT / Camille PION,42.0,1789,Priya KONJENGBAM / Shruti MISHRA,39.0,1651
25/8/2025,Round 1,WD,Gronya S.. / Angela YU Rank 30 Elo 1748 (+44),22-20 / 17-21 / 21-11,Laksika K.. / Phataimas.. Rank 41 Elo 1812 (-38),59,https://badmintonranks.com/tournament?id=14522,11,BWF World Championships 2025,Gronya SOMERVILLE / Angela YU,30.0,1748,Laksika KANLAHA / Phataimas MUENWONG,41.0,1812
25/8/2025,Round 1,WS,SIM Yu Jin (12) Rank 12 Elo 2227 (+4),21-19 / 21-14,ZHANG Wen Yu Rank 51 Elo 1806 (-6),31,https://badmintonranks.com/tournament?id=14522,12,BWF World Championships 2025,SIM Yu Jin (12),12.0,2227,ZHANG Wen Yu,51.0,1806
25/8/2025,Round 1,MD,CHEN Z.. / Presley S.. Rank 30 Elo 1789 (+39),22-20 / 21-12,Peeratch.. / Pakkapon .. Rank 43 Elo 1842 (-36),35,https://badmintonranks.com/tournament?id=14522,12,BWF World Championships 2025,CHEN Zhi Xian / Presley SHIN Jian Da,30.0,1789,Peeratchai ROAJANAWONG / Pakkapon TEERARATSAKUL,43.0,1842
25/8/2025,Round 1,MD,Rasmus .. / Frederik S.. Rank 21 Elo 1935 (+7),21-14 / 21-15,Ivan RUS.. / Iliyan STO.. Rank 95 Elo 1572 (-14),36,https://badmintonranks.com/tournament?id=14522,12,BWF World Championships 2025,Rasmus GEMKE / Frederik SØGAARD,21.0,1935,Ivan RUSINOV / Iliyan STOYANOV,95.0,1572
25/8/2025,Round 1,WS,Gregoria Mariska TUN.. (7) Rank 7 Elo 2196 (+2),21-10 / 21-9,Petra MAIXNEROVÁ Rank 115 Elo 1652 (-4),29,https://badmintonranks.com/tournament?id=14522,12,BWF World Championships 2025,Gregoria Mariska TUNJUNG (7),7.0,2196,Petra MAIXNEROVÁ,115.0,1652
25/8/2025,Round 1,WD,Paula LO.. / Lucia RO.. Rank 75 Elo 1677 (+27),21-13 / 21-10,Serena A.. / Anna HAG.. Rank 72 Elo 1536 (-44),30,https://badmintonranks.com/tournament?id=14522,12,BWF World Championships 2025,Paula LORENTE / Lucia RODRIGUEZ,75.0,1677,Serena ANITA / Anna HAGSTROM,72.0,1536
25/8/2025,Round 1,WD,Polina B.. / Yevheniia .. Rank 24 Elo 1534 (+69),21-6 / 21-12,Mihaela .. / Tsvetina P.. Rank 84 Elo 1524 (-71),24,https://badmintonranks.com/tournament?id=14522,12,BWF World Championships 2025,Polina BUGROVA / Yevheniia SKOKAN,24.0,1534,Mihaela ANTONESCU / Tsvetina PETRUNOVA,84.0,1524
25/8/2025,Round 1,WS,AN Se Young (1) Rank 1 Elo 2766 (+0),21-5 / 21-8,Clara LASSAUX Rank 100 Elo 1598 (-0),29,https://badmintonranks.com/tournament?id=14522,12,BWF World Championships 2025,AN Se Young (1),1.0,2766,Clara LASSAUX,100.0,1598
25/8/2025,Round 1,WD,Gabriela .. / Stefani ST.. Rank 19 Elo 1977 (+3),21-12 / 21-11,Rutaparn.. / Swetaparn.. Rank 38 Elo 1509 (-10),33,https://badmintonranks.com/tournament?id=14522,12,BWF World Championships 2025,Gabriela STOEVA / Stefani STOEVA,19.0,1977,Rutaparn OBBOON / Swetaparn DEESOM,38.0,1509
25/8/2025,Round 1,WS,Ranithma LIYANAGE Rank 107 Elo 1607 (+22),19-21 / 21-11 / 11-3 Ret.,Rachael DARRAGH Rank 159 Elo 1491 (-33),42,https://badmintonranks.com/tournament?id=14522,12,BWF World Championships 2025,Ranithma LIYANAGE,107.0,1607,Rachael DARRAGH,159.0,1491
25/8/2025,Round 1,MD,HUNG K.. / LUI Chun .. Rank 117 Elo 1674 (+40),21-16 / 21-15,Kevin LEE / Ty Alexan.. Rank 45 Elo 1630 (-45),27,https://badmintonranks.com/tournament?id=14522,12,BWF World Championships 2025,HUNG Kai Xiang / LUI Chun Kit,117.0,1674,Kevin LEE / Ty Alexander LEONG,45.0,1630
25/8/2025,Round 1,MS,Kalle KOLJONEN Rank 54 Elo 1819 (+24),21-12 / 10-21 / 21-19,Harry HUANG Rank 65 Elo 1734 (-29),65,https://badmintonranks.com/tournament?id=14522,12,BWF World Championships 2025,Kalle KOLJONEN,54.0,1819,Harry HUANG,65.0,1734
25/8/2025,Round 1,WD,Lucie AM.. / Caroline R.. Rank 63 Elo 1589 (+57),14-21 / 21-13 / 21-13,Paulina C.. / Kornelia M.. Rank 36 Elo 1575 (-60),54,https://badmintonranks.com/tournament?id=14522,12,BWF World Championships 2025,Lucie AMET / Caroline ROHNER,63.0,1589,Paulina CHALUPSKA / Kornelia MARCHEWKA,36.0,1575
25/8/2025,Round 1,MD,Malik BO.. / Kenneth N.. Rank 66 Elo 1606 (+54),21-11 / 21-14,Jonathan .. / Christoph.. Rank 99 Elo 1591 (-57),30,https://badmintonranks.com/tournament?id=14522,12,BWF World Championships 2025,Malik BOGDANOV / Kenneth NIELSEN,66.0,1606,Jonathan MCDERMOTT / Christoph WEGNER,99.0,1591
25/8/2025,Round 1,MS,NG Ka Long Angus Rank 22 Elo 2076 (+5),16-21 / 21-15 / 21-7,Collins Valentine FILIMO.. Rank 138 Elo 1705 (-9),40,https://badmintonranks.com/tournament?id=14522,12,BWF World Championships 2025,NG Ka Long Angus,22.0,2076,Collins Valentine FILIMON,138.0,1705
25/8/2025,Round 1,MS,SHI Yu Qi (1) Rank 1 Elo 2542 (+4),21-17 / 21-19,Lakshya SEN Rank 21 Elo 2114 (-5),54,https://badmintonranks.com/tournament?id=14522,12,BWF World Championships 2025,SHI Yu Qi (1),1.0,2542,Lakshya SEN,21.0,2114
25/8/2025,Round 1,WS,Julie Dawall JAKOBSEN Rank 32 Elo 1906 (+8),21-10 / 21-16,Milena SCHNIDER Rank 120 Elo 1576 (-16),34,https://badmintonranks.com/tournament?id=14522,12,BWF World Championships 2025,Julie Dawall JAKOBSEN,32.0,1906,Milena SCHNIDER,120.0,1576
25/8/2025,Round 1,MS,Alex LANIER (7) Rank 7 Elo 2309 (+3),21-12 / 22-20,Kantaphon WANGCHA.. Rank 46 Elo 1831 (-4),47,https://badmintonranks.com/tournament?id=14522,12,BWF World Championships 2025,Alex LANIER (7),7.0,2309,Kantaphon WANGCHAROEN,46.0,1831
25/8/2025,Round 1,MD,Christoph.. / Matthew .. Rank 40 Elo 1717 (+31),21-14 / 21-14,Daniel F.. / Rodrigo S.. Rank 90 Elo 1634 (-40),40,https://badmintonranks.com/tournament?id=14522,12,BWF World Championships 2025,Christoph WEGNER / Matthew NOTTINGHAM,40.0,1717,Daniel FRIIS / Rodrigo SEGURA,90.0,1634
25/8/2025,Round 1,MD,Jiří KRÁL / Ondřej KR.. Rank 71 Elo 1645 (+61),20-22 / 21-13 / 21-18,Fabricio .. / Davi SILVA Rank 67 Elo 1723 (-48),57,https://badmintonranks.com/tournament?id=14522,12,BWF World Championships 2025,Jiří KRÁL / Ondrej KRAPL,71.0,1645,Fabricio AUGUSTO / Davi SILVA,67.0,1723
25/8/2025,Round 1,WS,NGUYEN Thuy Linh Rank 22 Elo 1995 (+39),21-17 / 21-18,Ratchanok INTANON (10) Rank 10 Elo 2141 (-37),45,https://badmintonranks.com/tournament?id=14522,12,BWF World Championships 2025,NGUYEN Thuy Linh,22.0,1995,Ratchanok INTANON (10),10.0,2141
25/8/2025,Round 1,MD,Eloi ADAM / Leo ROSS.. Rank 39 Elo 1802 (+22),21-17 / 21-14,Rory EAS.. / Alex GRE.. Rank 53 Elo 1678 (-30),41,https://badmintonranks.com/tournament?id=14522,13,BWF World Championships 2025,Eloi ADAM / Leo ROSSI,39.0,1802,Rory EASON / Alex GRECU,53.0,1678
25/8/2025,Round 1,MS,LEE Chia Hao Rank 20 Elo 2104 (+4),24-22 / 21-11,Giovanni TOTI Rank 136 Elo 1676 (-7),36,https://badmintonranks.com/tournament?id=14522,13,BWF World Championships 2025,LEE Chia Hao,20.0,2104,Giovanni TOTI,136.0,1676
25/8/2025,Round 1,WS,CHEN Yu Fei (4) Rank 4 Elo 2630 (+0),21-10 / 21-12,Anna TATRANOVA Rank 90 Elo 1631 (-0),35,https://badmintonranks.com/tournament?id=14522,13,BWF World Championships 2025,CHEN Yu Fei (4),4.0,2630,Anna TATRANOVA,90.0,1631
25/8/2025,Round 1,MS,Julien CARRAGGI Rank 59 Elo 1752 (+34),22-20 / 16-21 / 21-9,LE Duc Phat Rank 69 Elo 1726 (-36),56,https://badmintonranks.com/tournament?id=14522,13,BWF World Championships 2025,Julien CARRAGGI,59.0,1752,LE Duc Phat,69.0,1726
25/8/2025,Round 1,MS,Christo POPOV (10) Rank 10 Elo 2215 (+2),21-15 / 21-16,PUI Pang Fong Rank 126 Elo 1681 (-4),44,https://badmintonranks.com/tournament?id=14522,13,BWF World Championships 2025,Christo POPOV (10),10.0,2215,PUI Pang Fong,126.0,1681
25/8/2025,Round 1,WS,Busanan ONGBAMRUN.. Rank 18 Elo 1997 (+6),21-12 / 21-8,Tereza ŠVÁBÍKOVÁ Rank 92 Elo 1635 (-11),30,https://badmintonranks.com/tournament?id=14522,13,BWF World Championships 2025,Busanan ONGBAMRUNGPHAN,18.0,1997,Tereza ŠVÁBÍKOVÁ,92.0,1635
25/8/2025,Round 1,WS,Ozge BAYRAK Rank 106 Elo 1812 (+32),21-10 / 21-14,Tiffany HO Rank 143 Elo 1801 (-33),34,https://badmintonranks.com/tournament?id=14522,13,BWF World Championships 2025,Ozge BAYRAK,106.0,1812,Tiffany HO,143.0,1801
25/8/2025,Round 1,WD,Airah Ma.. / Eleanor C.. Rank 99 Elo 1500 (+79),21-12 / 21-7,Taabia K.. / Mysha O.. Rank 78 Elo 1500 (-79),20,https://badmintonranks.com/tournament?id=14522,13,BWF World Championships 2025,Airah MAGANAKA / Eleanor CORRIGAN,99.0,1500,Taabia KHAN / Mysha OEHLBERG,78.0,1500
25/8/2025,Round 1,WS,Mia BLICHFELDT Rank 26 Elo 2036 (+16),21-9 / 21-19,SUNG Shuo Yun Rank 25 Elo 1886 (-18),45,https://badmintonranks.com/tournament?id=14522,13,BWF World Championships 2025,Mia BLICHFELDT,26.0,2036,SUNG Shuo Yun,25.0,1886
25/8/2025,Round 1,MS,LU Guang Zu (11) Rank 11 Elo 2215 (+11),16-21 / 22-20 / 21-14,Jia Heng Jason TEH Rank 24 Elo 1992 (-12),75,https://badmintonranks.com/tournament?id=14522,13,BWF World Championships 2025,LU Guang Zu (11),11.0,2215,Jia Heng Jason TEH,24.0,1992
25/8/2025,Round 1,MS,Victor LAI Rank 51 Elo 1934 (+25),21-13 / 21-2,Edward LAU Rank 135 Elo 1889 (-26),32,https://badmintonranks.com/tournament?id=14522,13,BWF World Championships 2025,Victor LAI,51.0,1934,Edward LAU,135.0,1889
25/8/2025,Round 1,WS,Michelle LI (16) Rank 16 Elo 2080 (+25),21-15 / 21-14,Natsuki NIDAIRA Rank 20 Elo 2060 (-25),46,https://badmintonranks.com/tournament?id=14522,13,BWF World Championships 2025,Michelle LI (16),16.0,2080,Natsuki NIDAIRA,20.0,2060
25/8/2025,Round 1,WS,Kirsty GILMOUR Rank 31 Elo 1904 (+14),21-5 / 21-12,Fadilah Shamika MOHA.. Rank 166 Elo 1699 (-20),25,https://badmintonranks.com/tournament?id=14522,13,BWF World Championships 2025,Kirsty GILMOUR,31.0,1904,Fadilah Shamika MOHAMAD,166.0,1699
25/8/2025,Round 1,MD,KIM Gi Ju.. / KIM Sa R.. Rank 72 Elo 1843 (+9),23-21 / 21-17,LAW Che.. / YEUNG S.. Rank 165 Elo 1531 (-20),41,https://badmintonranks.com/tournament?id=14522,13,BWF World Championships 2025,KIM Gi Jung / KIM Sa Rang,72.0,1843,LAW Cheuk Him / YEUNG Shing Chit,165.0,1531
25/8/2025,Round 1,MS,Aria DINATA Rank 85 Elo 1795 (+26),21-16 / 16-21 / 21-14,Dicky Dwi PANGESTU Rank 93 Elo 1710 (-31),67,https://badmintonranks.com/tournament?id=14522,13,BWF World Championships 2025,Aria DINATA,85.0,1795,Dicky Dwi PANGESTU,93.0,1710
25/8/2025,Round 1,MS,LOH Kean Yew (9) Rank 9 Elo 2258 (+3),21-15 / 21-12,Georges Julien PAUL Rank Elo 1764 (-4),31,https://badmintonranks.com/tournament?id=14522,13,BWF World Championships 2025,LOH Kean Yew (9),9.0,2258,Georges Julien PAUL,,1764
25/8/2025,Round 1,WS,YEO Jia Min (13) Rank 13 Elo 2169 (+2),21-7 / 21-10,THET Htar Thuzar Rank 93 Elo 1586 (-4),31,https://badmintonranks.com/tournament?id=14522,13,BWF World Championships 2025,YEO Jia Min (13),13.0,2169,THET Htar Thuzar,93.0,1586
25/8/2025,Round 1,MS,JEON Hyeok Jin Rank 38 Elo 1956 (+47),21-17 / 21-11,LEE Zii Jia Rank 52 Elo 2221 (-43),41,https://badmintonranks.com/tournament?id=14522,13,BWF World Championships 2025,JEON Hyeok Jin,38.0,1956,LEE Zii Jia,52.0,2221
25/8/2025,Round 1,WD,Selin HÜ.. / Amelie LE.. Rank 82 Elo 1573 (+67),21-19 / 21-18,Jaqueline.. / Samia LIM.. Rank 64 Elo 1598 (-62),41,https://badmintonranks.com/tournament?id=14522,13,BWF World Championships 2025,Selin HÜSNÜOGLU / Amelie LEFEBVRE,82.0,1573,Jacqueline FUNAOKA / Samia LIMA,64.0,1598
25/8/2025,Round 1,MS,WENG Hong Yang (16) Rank 16 Elo 2223 (+5),21-7 / 21-12,Jack YU Rank 134 Elo 1810 (-5),32,https://badmintonranks.com/tournament?id=14522,13,BWF World Championships 2025,WENG Hong Yang (16),16.0,2223,Jack YU,134.0,1810
25/8/2025,Round 1,WD,LUI Lok L.. / TSANG Hi.. Rank 26 Elo 1752 (+14),21-10 / 21-10,Cloé BRA.. / Julie FRA.. Rank 103 Elo 1500 (-30),27,https://badmintonranks.com/tournament?id=14522,14,BWF World Championships 2025,LUI Lok Hang Angus / TSANG Ho Wai Ethan,26.0,1752,Cloé BRASTIAUX / Julie FRADET,103.0,1500
25/8/2025,Round 1,WS,Ishika JAISWAL Rank 67 Elo 1710 (+45),21-19 / 15-21 / 22-20,Stefani STOEVA Rank 88 Elo 1744 (-41),54,https://badmintonranks.com/tournament?id=14522,14,BWF World Championships 2025,Ishika JAISWAL,67.0,1710,Stefani STOEVA,88.0,1744
25/8/2025,Round 1,WS,Pornpawee CHOCHU.. (6) Rank 6 Elo 2261 (+2),21-14 / 21-8,Yue Yann Jaslyn HOOI Rank 98 Elo 1622 (-3),33,https://badmintonranks.com/tournament?id=14522,14,BWF World Championships 2025,Pornpawee CHOCHUWONG (6),6.0,2261,Yue Yann Jaslyn HOOI,98.0,1622
25/8/2025,Round 1,MD,Junaidi A.. / YAP Roy .. Rank 22 Elo 1923 (+16),21-5 / 21-13,Kenya MI.. / Hiroki OK.. Rank 34 Elo 1750 (-20),27,https://badmintonranks.com/tournament?id=14522,14,BWF World Championships 2025,Junaidi ARIFFIN / YAP Roy King,22.0,1923,Kenya MITSUI / Hiroki OKAMURA,34.0,1750
25/8/2025,Round 1,MS,Yushi TANAKA Rank 27 Elo 2015 (+46),19-21 / 21-11 / 21-15,LI Shi Feng (4) Rank 4 Elo 2313 (-45),71,https://badmintonranks.com/tournament?id=14522,14,BWF World Championships 2025,Yushi TANAKA,27.0,2015,LI Shi Feng (4),4.0,2313
27/8/2023,Final,MD,KANG Mi.. / SEO Seu.. (9) Rank 6 Elo 2260 (+20),14-21 / 21-15 / 21-17,Kim AST.. / Anders S.. (11) Rank 11 Elo 2150 (-20),69,https://badmintonranks.com/tournament?id=12940,1,BWF World Championships 2023,KANG Min Hyuk / SEO Seung Jae (9),6.0,2260,Kim ASTRUP / Anders Skaarup RASMUSSEN (11),11.0,2150
27/8/2023,Final,MS,Kunlavut VITIDSARN (3) Rank 3 Elo 2403 (+24),19-21 / 21-18 / 21-7,Kodai NARAOKA (4) Rank 4 Elo 2349 (-24),109,https://badmintonranks.com/tournament?id=12940,1,BWF World Championships 2023,Kunlavut VITIDSARN (3),3.0,2403,Kodai NARAOKA (4),4.0,2349
27/8/2023,Final,WS,AN Se Young (1) Rank 1 Elo 2752 (+11),21-12 / 21-10,Carolina MARIN (6) Rank 6 Elo 2502 (-11),42,https://badmintonranks.com/tournament?id=12940,1,BWF World Championships 2023,AN Se Young (1),1.0,2752,Carolina MARIN (6),6.0,2502
27/8/2023,Final,WD,CHEN Qi.. / JIA Yi Fan (1) Rank 1 Elo 2408 (+11),21-16 / 21-12,Apriyani .. / Siti Fadia.. (11) Rank 12 Elo 2145 (-10),42,https://badmintonranks.com/tournament?id=12940,1,BWF World Championships 2023,CHEN Qi Ming / JIA Yi Fan (1),1.0,2408,Apriyani RAHAYU / Siti Fadia Silva RAMADHANTI (11),12.0,2145
27/8/2023,Final,XD,SEO Seu.. / CHAE Yu.. (5) Rank 5 Elo 2228 (+43),21-17 / 10-21 / 21-18,ZHENG .. / HUANG .. (1) Rank 1 Elo 2418 (-43),59,https://badmintonranks.com/tournament?id=12940,1,BWF World Championships 2023,SEO Seung Jae / CHAE Yu Jung (5),5.0,2228,ZHENG Si Wei / HUANG Dong Ping (1),1.0,2418
26/8/2023,Semi final,MS,Kodai NARAOKA (4) Rank 4 Elo 2317 (+32),25-23 / 21-12,Anders ANTONSEN (12) Rank 12 Elo 2366 (-32),70,https://badmintonranks.com/tournament?id=12940,1,BWF World Championships 2023,Kodai NARAOKA (4),4.0,2317,Anders ANTONSEN (12),12.0,2366
26/8/2023,Semi final,MD,KANG Mi.. / SEO Seu.. (9) Rank 6 Elo 2239 (+21),23-21 / 21-13,Aaron CH.. / SOH Wo.. (4) Rank 4 Elo 2159 (-22),42,https://badmintonranks.com/tournament?id=12940,1,BWF World Championships 2023,KANG Min Hyuk / SEO Seung Jae (9),6.0,2239,Aaron CHIA / SOH Wooi Yik (4),4.0,2159
26/8/2023,Semi final,MS,Kunlavut VITIDSARN (3) Rank 3 Elo 2375 (+28),18-21 / 21-13 / 21-14,PRANNOY H. S. (9) Rank 9 Elo 2377 (-28),76,https://badmintonranks.com/tournament?id=12940,1,BWF World Championships 2023,Kunlavut VITIDSARN (3),3.0,2375,PRANNOY H. S. (9),9.0,2377
26/8/2023,Semi final,WS,AN Se Young (1) Rank 1 Elo 2739 (+13),21-19 / 21-15,CHEN Yu Fei (3) Rank 3 Elo 2533 (-13),58,https://badmintonranks.com/tournament?id=12940,1,BWF World Championships 2023,AN Se Young (1),1.0,2739,CHEN Yu Fei (3),3.0,2533
26/8/2023,Semi final,MD,Kim AST.. / Anders S.. (11) Rank 11 Elo 2116 (+34),17-21 / 21-18 / 21-19,LIANG W.. / WANG C.. (3) Rank 3 Elo 2186 (-34),64,https://badmintonranks.com/tournament?id=12940,1,BWF World Championships 2023,Kim ASTRUP / Anders Skaarup RASMUSSEN (11),11.0,2116,LIANG Wei Keng / WANG Chang (3),3.0,2186
26/8/2023,Semi final,WS,Carolina MARIN (6) Rank 6 Elo 2471 (+31),23-21 / 21-13,Akane YAMAGUCHI (2) Rank 2 Elo 2512 (-31),53,https://badmintonranks.com/tournament?id=12940,1,BWF World Championships 2023,Carolina MARIN (6),6.0,2471,Akane YAMAGUCHI (2),2.0,2512
26/8/2023,Semi final,XD,ZHENG .. / HUANG .. (1) Rank 1 Elo 2408 (+10),21-18 / 21-16,JIANG Zh.. / WEI Ya X.. (8) Rank 7 Elo 2150 (-11),37,https://badmintonranks.com/tournament?id=12940,1,BWF World Championships 2023,ZHENG Si Wei / HUANG Dong Ping (1),1.0,2408,JIANG Zhen Bang / WEI Ya Xin (8),7.0,2150
26/8/2023,Semi final,WD,Apriyani .. / Siti Fadia.. (11) Rank 12 Elo 2100 (+45),21-9 / 22-20,KIM So Y.. / KONG H.. (3) Rank 3 Elo 2335 (-44),52,https://badmintonranks.com/tournament?id=12940,1,BWF World Championships 2023,Apriyani RAHAYU / Siti Fadia Silva RAMADHANTI (11),12.0,2100,KIM So Yeong / KONG Hee Yong (3),3.0,2335
26/8/2023,Semi final,XD,SEO Seu.. / CHAE Yu.. (5) Rank 5 Elo 2190 (+38),21-15 / 21-13,Yuta WAT.. / Arisa IGA.. (2) Rank 2 Elo 2326 (-38),37,https://badmintonranks.com/tournament?id=12940,1,BWF World Championships 2023,SEO Seung Jae / CHAE Yu Jung (5),5.0,2190,Yuta WATANABE / Arisa IGAKI (2),2.0,2326
26/8/2023,Semi final,WD,CHEN Qi.. / JIA Yi Fan (1) Rank 1 Elo 2400 (+8),21-14 / 21-16,ZHANG .. / ZHENG .. (6) Rank 6 Elo 2091 (-8),47,https://badmintonranks.com/tournament?id=12940,1,BWF World Championships 2023,CHEN Qi Ming / JIA Yi Fan (1),1.0,2400,ZHANG Shu Xian / ZHENG Si Wei (6),6.0,2091
25/8/2023,Quarter final,MS,Kodai NARAOKA (4) Rank 4 Elo 2287 (+30),21-10 / 21-19,SHI Yu Qi (8) Rank 8 Elo 2315 (-29),48,https://badmintonranks.com/tournament?id=12940,1,BWF World Championships 2023,Kodai NARAOKA (4),4.0,2287,SHI Yu Qi (8),8.0,2315
25/8/2023,Quarter final,MS,Anders ANTONSEN (12) Rank 12 Elo 2352 (+14),21-10 / 21-7,Kenta NISHIMOTO (14) Rank 15 Elo 2176 (-15),44,https://badmintonranks.com/tournament?id=12940,1,BWF World Championships 2023,Anders ANTONSEN (12),12.0,2352,Kenta NISHIMOTO (14),15.0,2176
25/8/2023,Quarter final,MD,KANG Mi.. / SEO Seu.. (9) Rank 6 Elo 2224 (+15),21-19 / 21-17,Hendra S.. / Mohamm.. (8) Rank 8 Elo 2052 (-15),35,https://badmintonranks.com/tournament?id=12940,1,BWF World Championships 2023,KANG Min Hyuk / SEO Seung Jae (9),6.0,2224,Hendra SETIAWAN / Mohammad AHSAN (8),8.0,2052
25/8/2023,Quarter final,WS,Carolina MARIN (6) Rank 6 Elo 2434 (+37),21-16 / 21-14,TAI Tzu Ying (4) Rank 4 Elo 2557 (-37),50,https://badmintonranks.com/tournament?id=12940,1,BWF World Championships 2023,Carolina MARIN (6),6.0,2434,TAI Tzu Ying (4),4.0,2557
25/8/2023,Quarter final,WS,Akane YAMAGUCHI (2) Rank 2 Elo 2498 (+14),21-16 / 21-18,Gregoria Mariska TUN.. (8) Rank 8 Elo 2314 (-14),38,https://badmintonranks.com/tournament?id=12940,1,BWF World Championships 2023,Akane YAMAGUCHI (2),2.0,2498,Gregoria Mariska TUNJUNG (8),8.0,2314
25/8/2023,Quarter final,MD,Aaron CH.. / SOH Wo.. (4) Rank 4 Elo 2136 (+23),21-10 / 15-21 / 21-14,LIU Yu C.. / OU Xuan .. (6) Rank 7 Elo 2085 (-24),50,https://badmintonranks.com/tournament?id=12940,2,BWF World Championships 2023,Aaron CHIA / SOH Wooi Yik (4),4.0,2136,LIU Yu Chen / OU Xuan Yi (6),7.0,2085
25/8/2023,Quarter final,MS,PRANNOY H. S. (9) Rank 9 Elo 2330 (+47),13-21 / 21-15 / 21-16,Viktor AXELSEN (1) Rank 1 Elo 2627 (-46),68,https://badmintonranks.com/tournament?id=12940,2,BWF World Championships 2023,PRANNOY H. S. (9),9.0,2330,Viktor AXELSEN (1),1.0,2627
25/8/2023,Quarter final,WS,CHEN Yu Fei (3) Rank 3 Elo 2524 (+9),21-17 / 21-12,WANG Zhi Yi (10) Rank 11 Elo 2252 (-10),45,https://badmintonranks.com/tournament?id=12940,2,BWF World Championships 2023,CHEN Yu Fei (3),3.0,2524,WANG Zhi Yi (10),11.0,2252
25/8/2023,Quarter final,MS,Kunlavut VITIDSARN (3) Rank 3 Elo 2366 (+9),18-21 / 21-15 / 21-13,WANG Tzu Wei Rank 29 Elo 2093 (-10),81,https://badmintonranks.com/tournament?id=12940,2,BWF World Championships 2023,Kunlavut VITIDSARN (3),3.0,2366,WANG Tzu Wei,29.0,2093
25/8/2023,Quarter final,MD,Kim AST.. / Anders S.. (11) Rank 11 Elo 2073 (+43),21-18 / 21-19,Satwiksai.. / Chirag S.. (2) Rank 2 Elo 2270 (-42),48,https://badmintonranks.com/tournament?id=12940,2,BWF World Championships 2023,Kim ASTRUP / Anders Skaarup RASMUSSEN (11),11.0,2073,Satwiksairaj RANKIREDDY / Chirag SHETTY (2),2.0,2270
25/8/2023,Quarter final,WS,AN Se Young (1) Rank 1 Elo 2737 (+2),16-21 / 21-10 / 21-11,Nozomi OKUHARA Rank 36 Elo 2198 (-3),70,https://badmintonranks.com/tournament?id=12940,2,BWF World Championships 2023,AN Se Young (1),1.0,2737,Nozomi OKUHARA,36.0,2198
25/8/2023,Quarter final,MD,LIANG W.. / WANG C.. (3) Rank 3 Elo 2167 (+19),21-18 / 15-21 / 21-14,Muhamm.. / Bagas M.. (13) Rank 15 Elo 2051 (-19),56,https://badmintonranks.com/tournament?id=12940,2,BWF World Championships 2023,LIANG Wei Keng / WANG Chang (3),3.0,2167,Muhammad Shohibul FIKRI / Bagas MAULANA (13),15.0,2051
25/8/2023,Quarter final,XD,JIANG Zh.. / WEI Ya X.. (8) Rank 7 Elo 2121 (+29),21-16 / 21-18,Mathias .. / Alexandr.. (11) Rank 11 Elo 2130 (-28),44,https://badmintonranks.com/tournament?id=12940,2,BWF World Championships 2023,JIANG Zhen Bang / WEI Ya Xin (8),7.0,2121,Mathias THYRRI / Alexandra BOE (11),11.0,2130
25/8/2023,Quarter final,WD,CHEN Qi.. / JIA Yi Fan (1) Rank 1 Elo 2389 (+11),21-15 / 16-21 / 21-16,Nami MA.. / Chiharu .. (7) Rank 7 Elo 2160 (-12),68,https://badmintonranks.com/tournament?id=12940,2,BWF World Championships 2023,CHEN Qi Ming / JIA Yi Fan (1),1.0,2389,Nami MATSUYAMA / Chiharu SHIDA (7),7.0,2160
25/8/2023,Quarter final,XD,Yuta WAT.. / Arisa IGA.. (2) Rank 2 Elo 2316 (+10),21-11 / 21-11,CHEN Ta.. / TOH Ee .. (14) Rank 18 Elo 2051 (-10),28,https://badmintonranks.com/tournament?id=12940,2,BWF World Championships 2023,Yuta WATANABE / Arisa IGAKI (2),2.0,2316,CHEN Tang Jie / TOH Ee Wei (14),18.0,2051
25/8/2023,Quarter final,WD,ZHANG .. / ZHENG .. (6) Rank 6 Elo 2059 (+32),17-21 / 21-17 / 21-19,Pearly TA.. / THINAAH.. (10) Rank 11 Elo 2110 (-32),76,https://badmintonranks.com/tournament?id=12940,2,BWF World Championships 2023,ZHANG Shu Xian / ZHENG Si Wei (6),6.0,2059,Pearly TAN / THINAAH Muralitharan (10),11.0,2110
25/8/2023,Quarter final,XD,ZHENG .. / HUANG .. (1) Rank 1 Elo 2397 (+11),21-10 / 21-6,KIM Won .. / JEONG .. (6) Rank 6 Elo 2152 (-11),27,https://badmintonranks.com/tournament?id=12940,2,BWF World Championships 2023,ZHENG Si Wei / HUANG Dong Ping (1),1.0,2397,KIM Won Ho / JEONG Na Eun (6),6.0,2152
25/8/2023,Quarter final,WD,Apriyani .. / Siti Fadia.. (11) Rank 12 Elo 2062 (+38),21-18 / 13-21 / 21-10,Yuki FUK.. / Sayaka H.. (5) Rank 5 Elo 2178 (-37),77,https://badmintonranks.com/tournament?id=12940,2,BWF World Championships 2023,Apriyani RAHAYU / Siti Fadia Silva RAMADHANTI (11),12.0,2062,Yuki FUKUSHIMA / Sayaka HIROTA (5),5.0,2178
25/8/2023,Quarter final,XD,SEO Seu.. / CHAE Yu.. (5) Rank 5 Elo 2154 (+36),21-12 / 21-16,Dechapol.. / Sapsiree .. (4) Rank 4 Elo 2252 (-35),41,https://badmintonranks.com/tournament?id=12940,2,BWF World Championships 2023,SEO Seung Jae / CHAE Yu Jung (5),5.0,2154,Dechapol PUAVARANUKROH / Sapsiree TAERATTANACHAI (4),4.0,2252
25/8/2023,Quarter final,WD,KIM So Y.. / KONG H.. (3) Rank 3 Elo 2327 (+8),21-19 / 21-19,Jongkolp.. / Rawinda .. (8) Rank 8 Elo 2012 (-8),54,https://badmintonranks.com/tournament?id=12940,2,BWF World Championships 2023,KIM So Yeong / KONG Hee Yong (3),3.0,2327,Jongkolphan KITITHARAKUL / Rawinda PRAJONGJAI (8),8.0,2012
24/8/2023,Round 3,MS,Anders ANTONSEN (12) Rank 12 Elo 2335 (+17),21-18 / 21-17,LEE Zii Jia Rank 13 Elo 2196 (-17),53,https://badmintonranks.com/tournament?id=12940,2,BWF World Championships 2023,Anders ANTONSEN (12),12.0,2335,LEE Zii Jia,13.0,2196
24/8/2023,Round 3,WS,Gregoria Mariska TUN.. (8) Rank 8 Elo 2289 (+25),13-21 / 21-19 / 21-11,HAN Yue (9) Rank 9 Elo 2263 (-25),53,https://badmintonranks.com/tournament?id=12940,2,BWF World Championships 2023,Gregoria Mariska TUNJUNG (8),8.0,2289,HAN Yue (9),9.0,2263
24/8/2023,Round 3,MS,WANG Tzu Wei Rank 29 Elo 2046 (+47),21-15 / 21-14,LI Shi Feng (6) Rank 6 Elo 2331 (-45),44,https://badmintonranks.com/tournament?id=12940,2,BWF World Championships 2023,WANG Tzu Wei,29.0,2046,LI Shi Feng (6),6.0,2331
24/8/2023,Round 3,WS,TAI Tzu Ying (4) Rank 4 Elo 2551 (+6),21-18 / 21-17,Pornpawee CHOCHU.. (11) Rank 12 Elo 2182 (-6),39,https://badmintonranks.com/tournament?id=12940,2,BWF World Championships 2023,TAI Tzu Ying (4),4.0,2551,Pornpawee CHOCHUWONG (11),12.0,2182
24/8/2023,Round 3,MS,Kodai NARAOKA (4) Rank 4 Elo 2270 (+17),21-11 / 21-4,LEE Cheuk Yiu (15) Rank 16 Elo 2141 (-18),36,https://badmintonranks.com/tournament?id=12940,2,BWF World Championships 2023,Kodai NARAOKA (4),4.0,2270,LEE Cheuk Yiu (15),16.0,2141
24/8/2023,Round 3,WS,Akane YAMAGUCHI (2) Rank 2 Elo 2498 (+0),W.O.,Busanan ONGBAMRU.. (13) Rank 13 Elo 2177 (-1),0,https://badmintonranks.com/tournament?id=12940,3,BWF World Championships 2023,Akane YAMAGUCHI (2),2.0,2498,Busanan ONGBAMRUNGPHAN (13),13.0,2177
24/8/2023,Round 3,MS,SHI Yu Qi (8) Rank 8 Elo 2300 (+15),21-7 / 14-21 / 22-20,NG Ka Long Angus (16) Rank 17 Elo 2148 (-16),72,https://badmintonranks.com/tournament?id=12940,3,BWF World Championships 2023,SHI Yu Qi (8),8.0,2300,NG Ka Long Angus (16),17.0,2148
24/8/2023,Round 3,MD,KANG Mi.. / SEO Seu.. (9) Rank 6 Elo 2216 (+8),21-19 / 13-21 / 21-15,LEE Jhe-.. / YANG Po-.. Rank 21 Elo 1898 (-9),54,https://badmintonranks.com/tournament?id=12940,3,BWF World Championships 2023,KANG Min Hyuk / SEO Seung Jae (9),6.0,2216,LEE Jhe-Huei / YANG Po Hsuan,21.0,1898
24/8/2023,Round 3,MS,Viktor AXELSEN (1) Rank 1 Elo 2624 (+3),21-13 / 21-19,CHOU Tien Chen (10) Rank 10 Elo 2144 (-3),41,https://badmintonranks.com/tournament?id=12940,3,BWF World Championships 2023,Viktor AXELSEN (1),1.0,2624,CHOU Tien Chen (10),10.0,2144
24/8/2023,Round 3,WS,Carolina MARIN (6) Rank 6 Elo 2433 (+1),21-10 / 21-18,THET Htar Thuzar Rank 61 Elo 1776 (-2),35,https://badmintonranks.com/tournament?id=12940,3,BWF World Championships 2023,Carolina MARIN (6),6.0,2433,THET Htar Thuzar,61.0,1776
24/8/2023,Round 3,MS,Kenta NISHIMOTO (14) Rank 15 Elo 2153 (+23),21-19 / 21-17,Kanta TSUNEYAMA Rank 18 Elo 2091 (-22),56,https://badmintonranks.com/tournament?id=12940,3,BWF World Championships 2023,Kenta NISHIMOTO (14),15.0,2153,Kanta TSUNEYAMA,18.0,2091
24/8/2023,Round 3,WS,CHEN Yu Fei (3) Rank 3 Elo 2518 (+6),21-12 / 21-13,Mia BLICHFELDT (15) Rank 17 Elo 2165 (-6),40,https://badmintonranks.com/tournament?id=12940,3,BWF World Championships 2023,CHEN Yu Fei (3),3.0,2518,Mia BLICHFELDT (15),17.0,2165
24/8/2023,Round 3,MD,Hendra S.. / Mohamm.. (8) Rank 8 Elo 2028 (+24),21-15 / 21-10,HE Ji Ting / ZHOU Ha.. (16) Rank 16 Elo 1980 (-24),26,https://badmintonranks.com/tournament?id=12940,3,BWF World Championships 2023,Hendra SETIAWAN / Mohammad AHSAN (8),8.0,2028,HE Ji Ting / ZHOU Hao Dong (16),16.0,1980
24/8/2023,Round 3,MS,Kunlavut VITIDSARN (3) Rank 3 Elo 2346 (+20),21-14 / 16-21 / 21-13,Lakshya SEN (11) Rank 11 Elo 2258 (-21),69,https://badmintonranks.com/tournament?id=12940,3,BWF World Championships 2023,Kunlavut VITIDSARN (3),3.0,2346,Lakshya SEN (11),11.0,2258
24/8/2023,Round 3,WS,WANG Zhi Yi (10) Rank 11 Elo 2210 (+42),13-21 / 21-7 / 21-14,HE Bing Jiao (5) Rank 5 Elo 2421 (-42),62,https://badmintonranks.com/tournament?id=12940,3,BWF World Championships 2023,WANG Zhi Yi (10),11.0,2210,HE Bing Jiao (5),5.0,2421
24/8/2023,Round 3,WS,AN Se Young (1) Rank 1 Elo 2734 (+3),21-19 / 21-13,ZHANG Beiwen (12) Rank 10 Elo 2190 (-2),38,https://badmintonranks.com/tournament?id=12940,3,BWF World Championships 2023,AN Se Young (1),1.0,2734,ZHANG Beiwen (12),10.0,2190
24/8/2023,Round 3,MD,Muhamm.. / Bagas M.. (13) Rank 15 Elo 2010 (+41),22-20 / 21-18,Takuro H.. / Yugo KO.. (5) Rank 5 Elo 2183 (-40),43,https://badmintonranks.com/tournament?id=12940,3,BWF World Championships 2023,Muhammad Shohibul FIKRI / Bagas MAULANA (13),15.0,2010,Takuro HOKI / Yugo KOBAYASHI (5),5.0,2183
24/8/2023,Round 3,MS,PRANNOY H. S. (9) Rank 9 Elo 2314 (+16),21-18 / 15-21 / 21-19,LOH Kean Yew (7) Rank 7 Elo 2163 (-16),69,https://badmintonranks.com/tournament?id=12940,3,BWF World Championships 2023,PRANNOY H. S. (9),9.0,2314,LOH Kean Yew (7),7.0,2163
24/8/2023,Round 3,WD,Yuki FUK.. / Sayaka H.. (5) Rank 5 Elo 2163 (+15),21-7 / 21-15,LI Wen M.. / LIU Xuan.. (12) Rank 14 Elo 2000 (-16),42,https://badmintonranks.com/tournament?id=12940,3,BWF World Championships 2023,Yuki FUKUSHIMA / Sayaka HIROTA (5),5.0,2163,LI Wen Mei / LIU Xuan Xuan (12),14.0,2000
24/8/2023,Round 3,MD,Kim AST.. / Anders S.. (11) Rank 11 Elo 2048 (+25),21-15 / 21-10,ONG Yew.. / TEO Ee .. (7) Rank 9 Elo 2019 (-25),34,https://badmintonranks.com/tournament?id=12940,3,BWF World Championships 2023,Kim ASTRUP / Anders Skaarup RASMUSSEN (11),11.0,2048,ONG Yew Sin / TEO Ee Yi (7),9.0,2019
24/8/2023,Round 3,MD,LIU Yu C.. / OU Xuan .. (6) Rank 7 Elo 2066 (+19),24-22 / 21-16,LU Ching.. / YANG Po.. (15) Rank 13 Elo 1955 (-20),38,https://badmintonranks.com/tournament?id=12940,3,BWF World Championships 2023,LIU Yu Chen / OU Xuan Yi (6),7.0,2066,LU Ching Yao / YANG Po Hsuan (15),13.0,1955
24/8/2023,Round 3,MD,Aaron CH.. / SOH Wo.. (4) Rank 4 Elo 2102 (+34),21-16 / 21-18,LEE Yang / WANG C.. (14) Rank 12 Elo 2179 (-33),43,https://badmintonranks.com/tournament?id=12940,3,BWF World Championships 2023,Aaron CHIA / SOH Wooi Yik (4),4.0,2102,LEE Yang / WANG Chang (14),12.0,2179
24/8/2023,Round 3,XD,Yuta WAT.. / Arisa IGA.. (2) Rank 2 Elo 2312 (+4),21-14 / 21-17,Rehan N.. / Lisa Ayu .. (13) Rank 13 Elo 1887 (-5),35,https://badmintonranks.com/tournament?id=12940,3,BWF World Championships 2023,Yuta WATANABE / Arisa IGAKI (2),2.0,2312,Rehan Naufal KUSHARJANTO / Lisa Ayu KUSUMAWATI (13),13.0,1887
24/8/2023,Round 3,MD,LIANG W.. / WANG C.. (3) Rank 3 Elo 2158 (+9),21-16 / 14-21 / 21-17,MAN Wei.. / TEE Kai .. Rank 25 Elo 1886 (-10),50,https://badmintonranks.com/tournament?id=12940,3,BWF World Championships 2023,LIANG Wei Keng / WANG Chang (3),3.0,2158,MAN Wei Chong / TEE Kai Wun,25.0,1886
24/8/2023,Round 3,XD,Mathias .. / Alexandr.. (11) Rank 11 Elo 2089 (+41),21-15 / 21-18,FENG Ya.. / HUANG .. (3) Rank 3 Elo 2282 (-41),48,https://badmintonranks.com/tournament?id=12940,3,BWF World Championships 2023,Mathias THYRRI / Alexandra BOE (11),11.0,2089,FENG Yan Zhe / HUANG Dong Ping (3),3.0,2282
24/8/2023,Round 3,WS,Nozomi OKUHARA Rank 36 Elo 2162 (+36),21-19 / 21-16,Ratchanok INTANON (7) Rank 7 Elo 2276 (-35),47,https://badmintonranks.com/tournament?id=12940,4,BWF World Championships 2023,Nozomi OKUHARA,36.0,2162,Ratchanok INTANON (7),7.0,2276
24/8/2023,Round 3,WD,KIM So Y.. / KONG H.. (3) Rank 3 Elo 2324 (+3),21-19 / 21-11,YEUNG .. / YEUNG P.. Rank 27 Elo 1846 (-4),46,https://badmintonranks.com/tournament?id=12940,4,BWF World Championships 2023,KIM So Yeong / KONG Hee Yong (3),3.0,2324,YEUNG Wing Lee / YEUNG Pak Hon,27.0,1846
24/8/2023,Round 3,WD,Apriyani .. / Siti Fadia.. (11) Rank 12 Elo 2017 (+45),21-12 / 21-14,BAEK Ha.. / LEE So H.. (2) Rank 2 Elo 2277 (-44),41,https://badmintonranks.com/tournament?id=12940,4,BWF World Championships 2023,Apriyani RAHAYU / Siti Fadia Silva RAMADHANTI (11),12.0,2017,BAEK Ha Na / LEE So Hee (2),2.0,2277
24/8/2023,Round 3,MD,Satwiksai.. / Chirag S.. (2) Rank 2 Elo 2260 (+10),21-15 / 19-21 / 21-9,Leo Rolly.. / Daniel M.. (10) Rank 10 Elo 2000 (-10),61,https://badmintonranks.com/tournament?id=12940,4,BWF World Championships 2023,Satwiksairaj RANKIREDDY / Chirag SHETTY (2),2.0,2260,Leo Rolly CARNANDO / Daniel MARTHIN (10),10.0,2000
24/8/2023,Round 3,WD,Jongkolp.. / Rawinda .. (8) Rank 8 Elo 1990 (+22),21-14 / 17-21 / 21-19,Febriana .. / Amallia C.. (16) Rank 18 Elo 1908 (-23),73,https://badmintonranks.com/tournament?id=12940,4,BWF World Championships 2023,Jongkolphan KITITHARAKUL / Rawinda PRAJONGJAI (8),8.0,1990,Febriana Dwipuji KUSUMA / Amallia Cahaya PRATIWI (16),18.0,1908
24/8/2023,Round 3,XD,JIANG Zh.. / WEI Ya X.. (8) Rank 7 Elo 2107 (+14),21-16 / 21-18,GOH Soo.. / LAI Shev.. (10) Rank 10 Elo 1925 (-16),30,https://badmintonranks.com/tournament?id=12940,4,BWF World Championships 2023,JIANG Zhen Bang / WEI Ya Xin (8),7.0,2107,GOH Soon Huat / LAI Shevon Jemie (10),10.0,1925
24/8/2023,Round 3,XD,ZHENG .. / HUANG .. (1) Rank 1 Elo 2392 (+5),21-14 / 21-9,Dejan FE.. / Gloria Em.. Rank 19 Elo 1970 (-5),30,https://badmintonranks.com/tournament?id=12940,4,BWF World Championships 2023,ZHENG Si Wei / HUANG Dong Ping (1),1.0,2392,Dejan FERDINANSYAH / Gloria Emanuelle WIDJAJA,19.0,1970
24/8/2023,Round 3,WD,ZHANG .. / ZHENG .. (6) Rank 6 Elo 2053 (+6),21-13 / 21-10,Kirsten D.. / Alyssa TI.. Rank 64 Elo 1692 (-10),32,https://badmintonranks.com/tournament?id=12940,4,BWF World Championships 2023,ZHANG Shu Xian / ZHENG Si Wei (6),6.0,2053,Kirsten DEBAERE / Alyssa TICSAY,64.0,1692
24/8/2023,Round 3,XD,KIM Won .. / JEONG .. (6) Rank 6 Elo 2134 (+18),18-21 / 22-20 / 21-17,YE Hong .. / LEE Chia.. (16) Rank 14 Elo 2011 (-18),60,https://badmintonranks.com/tournament?id=12940,4,BWF World Championships 2023,KIM Won Ho / JEONG Na Eun (6),6.0,2134,YE Hong / LEE Chia Ying (16),14.0,2011
24/8/2023,Round 3,XD,CHEN Ta.. / TOH Ee .. (14) Rank 18 Elo 2027 (+24),20-22 / 21-19 / 21-12,Thom GI.. / Delphine .. (7) Rank 8 Elo 1980 (-25),74,https://badmintonranks.com/tournament?id=12940,4,BWF World Championships 2023,CHEN Tang Jie / TOH Ee Wei (14),18.0,2027,Thom GICQUEL / Delphine DELRUE (7),8.0,1980
24/8/2023,Round 3,WD,Pearly TA.. / THINAAH.. (10) Rank 11 Elo 2076 (+34),21-14 / 22-20,Mayu MA.. / Wakana .. (4) Rank 4 Elo 2165 (-34),48,https://badmintonranks.com/tournament?id=12940,4,BWF World Championships 2023,Pearly TAN / THINAAH Muralitharan (10),11.0,2076,Mayu MATSUMOTO / Wakana NAGAHARA (4),4.0,2165
24/8/2023,Round 3,WD,Nami MA.. / Chiharu .. (7) Rank 7 Elo 2141 (+19),21-13 / 21-11,Rin IWAN.. / Kie NAK.. (14) Rank 15 Elo 2028 (-20),40,https://badmintonranks.com/tournament?id=12940,4,BWF World Championships 2023,Nami MATSUYAMA / Chiharu SHIDA (7),7.0,2141,Rin IWANAGA / Kie NAKANISHI (14),15.0,2028
24/8/2023,Round 3,XD,SEO Seu.. / CHAE Yu.. (5) Rank 5 Elo 2138 (+16),21-10 / 15-21 / 21-16,Supak JO.. / Supissar.. (12) Rank 12 Elo 1988 (-17),47,https://badmintonranks.com/tournament?id=12940,4,BWF World Championships 2023,SEO Seung Jae / CHAE Yu Jung (5),5.0,2138,Supak JOMKOH / Supissara PACHARAMONGKOL (12),12.0,1988
24/8/2023,Round 3,XD,Dechapol.. / Sapsiree .. (4) Rank 4 Elo 2238 (+14),21-12 / 21-19,Rinov RI.. / Pitha Hani.. Rank 17 Elo 2058 (-15),41,https://badmintonranks.com/tournament?id=12940,4,BWF World Championships 2023,Dechapol PUAVARANUKROH / Sapsiree TAERATTANACHAI (4),4.0,2238,Rinov RIVALDY / Pitha Haningtyas MENTARI,17.0,2058
24/8/2023,Round 3,WD,CHEN Qi.. / JIA Yi Fan (1) Rank 1 Elo 2385 (+4),21-14 / 21-9,Treesa J.. / GAYATRI.. (15) Rank 19 Elo 1917 (-3),42,https://badmintonranks.com/tournament?id=12940,4,BWF World Championships 2023,CHEN Qi Ming / JIA Yi Fan (1),1.0,2385,Treesa JOLLY / GAYATRI GOPICHAND (15),19.0,1917
23/8/2023,Round 2,MD,HE Ji Ting / ZHOU Ha.. (16) Rank 16 Elo 1973 (+7),21-9 / 21-19,Ondřej K.. / Adam ME.. Rank 55 Elo 1635 (-13),34,https://badmintonranks.com/tournament?id=12940,4,BWF World Championships 2023,HE Ji Ting / ZHOU Hao Dong (16),16.0,1973,Ondrej KRAPL / Adam MENDREK,55.0,1635
23/8/2023,Round 2,MD,Muhamm.. / Bagas M.. (13) Rank 15 Elo 2002 (+8),21-12 / 21-16,Bjarne G.. / Jan Colin .. Rank 50 Elo 1690 (-12),34,https://badmintonranks.com/tournament?id=12940,4,BWF World Championships 2023,Muhammad Shohibul FIKRI / Bagas MAULANA (13),15.0,2002,Bjarne GEHNERT / Jan Colin STICHLING,50.0,1690
23/8/2023,Round 2,MD,LEE Jhe-.. / YANG Po-.. Rank 21 Elo 1844 (+54),21-18 / 21-19,Fajar ALF.. / Muhamm.. (1) Rank 1 Elo 2145 (-46),39,https://badmintonranks.com/tournament?id=12940,4,BWF World Championships 2023,LEE Jhe-Huei / YANG Po Hsuan,21.0,1844,Fajar ALFIAN / Muhammad Shohibul FIKRI (1),1.0,2145
23/8/2023,Round 2,MD,Kim AST.. / Anders S.. (11) Rank 11 Elo 2038 (+10),21-12 / 21-12,Alexande.. / Adam HA.. Rank 24 Elo 1779 (-13),30,https://badmintonranks.com/tournament?id=12940,4,BWF World Championships 2023,Kim ASTRUP / Anders Skaarup RASMUSSEN (11),11.0,2038,Alexander DUNN / Adam HALL,24.0,1779
23/8/2023,Round 2,WD,BAEK Ha.. / LEE So H.. (2) Rank 2 Elo 2275 (+2),21-14 / 21-13,Francesc.. / Allison Qu.. Rank 42 Elo 1699 (-3),35,https://badmintonranks.com/tournament?id=12940,4,BWF World Championships 2023,BAEK Ha Na / LEE So Hee (2),2.0,2275,Francesca CORBETT / Allison QUEK,42.0,1699
23/8/2023,Round 2,MD,Aaron CH.. / SOH Wo.. (4) Rank 4 Elo 2090 (+12),18-21 / 21-14 / 21-16,Jeppe BA.. / Lasse MØ.. Rank 31 Elo 1877 (-14),54,https://badmintonranks.com/tournament?id=12940,5,BWF World Championships 2023,Aaron CHIA / SOH Wooi Yik (4),4.0,2090,Jeppe BAY / Lasse MØLHEDE,31.0,1877
23/8/2023,Round 2,WD,Yuki FUK.. / Sayaka H.. (5) Rank 5 Elo 2160 (+3),21-11 / 21-14,Vivian H.. / LIM Chiew.. Rank 32 Elo 1622 (-5),42,https://badmintonranks.com/tournament?id=12940,5,BWF World Championships 2023,Yuki FUKUSHIMA / Sayaka HIROTA (5),5.0,2160,Vivian HO / LIM Chiew Sien,32.0,1622
23/8/2023,Round 2,MD,Hendra S.. / Mohamm.. (8) Rank 8 Elo 2023 (+5),21-12 / 21-14,Giovanni .. / David SAL.. Rank 99 Elo 1643 (-10),22,https://badmintonranks.com/tournament?id=12940,5,BWF World Championships 2023,Hendra SETIAWAN / Mohammad AHSAN (8),8.0,2023,Giovanni TOTI / David SALAS,99.0,1643
23/8/2023,Round 2,MD,LIANG W.. / WANG C.. (3) Rank 3 Elo 2153 (+5),21-12 / 21-13,Christo P.. / Toma Juni.. Rank 41 Elo 1770 (-7),29,https://badmintonranks.com/tournament?id=12940,5,BWF World Championships 2023,LIANG Wei Keng / WANG Chang (3),3.0,2153,Christo POPOV / Toma Junior POPOV,41.0,1770
23/8/2023,Round 2,MS,Anders ANTONSEN (12) Rank 12 Elo 2319 (+16),24-22 / 21-16,NG Tze Yong Rank 22 Elo 2171 (-15),57,https://badmintonranks.com/tournament?id=12940,5,BWF World Championships 2023,Anders ANTONSEN (12),12.0,2319,NG Tze Yong,22.0,2171
23/8/2023,Round 2,MD,LEE Yang / WANG C.. (14) Rank 12 Elo 2163 (+16),22-20 / 21-16,Akira KO.. / Taichi SAI.. Rank 18 Elo 2014 (-16),45,https://badmintonranks.com/tournament?id=12940,5,BWF World Championships 2023,LEE Yang / WANG Chang (14),12.0,2163,Akira KOGA / Taichi SAITO,18.0,2014
23/8/2023,Round 2,MS,LEE Zii Jia Rank 13 Elo 2186 (+10),21-11 / 21-16,Brian YANG Rank 27 Elo 1933 (-11),33,https://badmintonranks.com/tournament?id=12940,5,BWF World Championships 2023,LEE Zii Jia,13.0,2186,Brian YANG,27.0,1933
23/8/2023,Round 2,WD,Apriyani .. / Siti Fadia.. (11) Rank 12 Elo 2006 (+11),19-21 / 21-14 / 21-16,Debora JI.. / Cheryl SEI.. Rank 33 Elo 1756 (-14),59,https://badmintonranks.com/tournament?id=12940,5,BWF World Championships 2023,Apriyani RAHAYU / Siti Fadia Silva RAMADHANTI (11),12.0,2006,Debora JILLE / Cheryl SEINEN,33.0,1756
23/8/2023,Round 2,MD,KANG Mi.. / SEO Seu.. (9) Rank 6 Elo 2213 (+3),21-10 / 21-13,Christian .. / Alvin MOR.. Rank 48 Elo 1755 (-5),27,https://badmintonranks.com/tournament?id=12940,5,BWF World Championships 2023,KANG Min Hyuk / SEO Seung Jae (9),6.0,2213,Christian VOGT / Alvin MOREL,48.0,1755
23/8/2023,Round 2,WS,HAN Yue (9) Rank 9 Elo 2253 (+10),21-13 / 14-21 / 21-14,Line Højmark KJAERSF.. Rank 30 Elo 2005 (-11),62,https://badmintonranks.com/tournament?id=12940,5,BWF World Championships 2023,HAN Yue (9),9.0,2253,Line Højmark KJAERSFELDT,30.0,2005
23/8/2023,Round 2,WS,Gregoria Mariska TUN.. (8) Rank 8 Elo 2279 (+10),21-10 / 22-24 / 21-14,YEO Jia Min Rank 22 Elo 2044 (-11),57,https://badmintonranks.com/tournament?id=12940,5,BWF World Championships 2023,Gregoria Mariska TUNJUNG (8),8.0,2279,YEO Jia Min,22.0,2044
23/8/2023,Round 2,WD,LI Wen M.. / LIU Xuan.. (12) Rank 14 Elo 1989 (+11),21-18 / 21-11,JIN Yu Jia / WONG Jia.. Rank 24 Elo 1751 (-15),40,https://badmintonranks.com/tournament?id=12940,5,BWF World Championships 2023,LI Wen Mei / LIU Xuan Xuan (12),14.0,1989,JIN Yu Jia / WONG Jia Lin,24.0,1751
23/8/2023,Round 2,MD,ONG Yew.. / TEO Ee .. (7) Rank 9 Elo 2009 (+10),21-16 / 18-21 / 21-12,Pharanyu.. / Worrapol .. Rank 46 Elo 1755 (-14),51,https://badmintonranks.com/tournament?id=12940,5,BWF World Championships 2023,ONG Yew Sin / TEO Ee Yi (7),9.0,2009,Pharanyu CHAIMANEE / Worrapol TEERAWIWATANA,46.0,1755
23/8/2023,Round 2,MS,SHI Yu Qi (8) Rank 8 Elo 2284 (+16),21-13 / 21-8,Rasmus GEMKE Rank 25 Elo 2135 (-16),49,https://badmintonranks.com/tournament?id=12940,5,BWF World Championships 2023,SHI Yu Qi (8),8.0,2284,Rasmus GEMKE,25.0,2135
23/8/2023,Round 2,MS,NG Ka Long Angus (16) Rank 17 Elo 2140 (+8),21-17 / 21-11,Uriel Francisco CANJU.. Rank 62 Elo 1847 (-10),44,https://badmintonranks.com/tournament?id=12940,5,BWF World Championships 2023,NG Ka Long Angus (16),17.0,2140,Uriel Francisco CANJURA,62.0,1847
23/8/2023,Round 2,MD,Satwiksai.. / Chirag S.. (2) Rank 2 Elo 2258 (+2),21-16 / 21-9,Kenneth .. / LIM Ming .. Rank 157 Elo 1724 (-3),30,https://badmintonranks.com/tournament?id=12940,5,BWF World Championships 2023,Satwiksairaj RANKIREDDY / Chirag SHETTY (2),2.0,2258,Kenneth JONASSEN / LIM Ming Ee,157.0,1724
23/8/2023,Round 2,WD,Pearly TA.. / THINAAH.. (10) Rank 11 Elo 2071 (+5),21-15 / 21-10,Julie MA.. / Ciara TOR.. Rank 35 Elo 1644 (-8),33,https://badmintonranks.com/tournament?id=12940,5,BWF World Championships 2023,Pearly TAN / THINAAH Muralitharan (10),11.0,2071,Julie MACPHERSON / Ciara TORRANCE,35.0,1644
23/8/2023,Round 2,WD,Mayu MA.. / Wakana .. (4) Rank 4 Elo 2164 (+1),21-11 / 21-5,Serena A.. / Katharina .. Rank 82 Elo 1446 (-2),26,https://badmintonranks.com/tournament?id=12940,5,BWF World Championships 2023,Mayu MATSUMOTO / Wakana NAGAHARA (4),4.0,2164,Serena ANITA / Katharina FINK,82.0,1446
23/8/2023,Round 2,MD,Leo Rolly.. / Daniel M.. (10) Rank 10 Elo 1976 (+24),18-21 / 21-19 / 21-10,Ben LANE / Sean VEN.. Rank 17 Elo 1924 (-25),62,https://badmintonranks.com/tournament?id=12940,5,BWF World Championships 2023,Leo Rolly CARNANDO / Daniel MARTHIN (10),10.0,1976,Ben LANE / Sean VENDY,17.0,1924
23/8/2023,Round 2,WD,YEUNG .. / YEUNG P.. Rank 27 Elo 1799 (+47),21-18 / 21-8,Gabriela .. / Stefani S.. (13) Rank 16 Elo 1940 (-40),43,https://badmintonranks.com/tournament?id=12940,6,BWF World Championships 2023,YEUNG Wing Lee / YEUNG Pak Hon,27.0,1799,Gabriela STOEVA / Stefani STOEVA (13),16.0,1940
23/8/2023,Round 2,WS,Busanan ONGBAMRU.. (13) Rank 13 Elo 2148 (+29),15-21 / 21-18 / 21-16,KIM Ga Eun Rank 18 Elo 2179 (-29),68,https://badmintonranks.com/tournament?id=12940,6,BWF World Championships 2023,Busanan ONGBAMRUNGPHAN (13),13.0,2148,KIM Ga Eun,18.0,2179
23/8/2023,Round 2,MD,LIU Yu C.. / OU Xuan .. (6) Rank 7 Elo 2060 (+6),21-16 / 21-19,Supak JO.. / Kittinupon.. Rank 40 Elo 1701 (-9),32,https://badmintonranks.com/tournament?id=12940,6,BWF World Championships 2023,LIU Yu Chen / OU Xuan Yi (6),7.0,2060,Supak JOMKOH / Kittinupong KEDREN,40.0,1701
23/8/2023,Round 2,WS,TAI Tzu Ying (4) Rank 4 Elo 2550 (+1),21-16 / 21-13,Line CHRISTOPHERSEN Rank 32 Elo 1904 (-2),35,https://badmintonranks.com/tournament?id=12940,6,BWF World Championships 2023,TAI Tzu Ying (4),4.0,2550,Line CHRISTOPHERSEN,32.0,1904
23/8/2023,Round 2,MD,MAN Wei.. / TEE Kai .. Rank 25 Elo 1886 (+0),W.O.,CHOI Sol.. / KIM Won .. Rank 14 Elo 2046 (-3),0,https://badmintonranks.com/tournament?id=12940,6,BWF World Championships 2023,MAN Wei Chong / TEE Kai Wun,25.0,1886,CHOI Sol Gyu / KIM Won Ho,14.0,2046
23/8/2023,Round 2,MD,LU Ching.. / YANG Po.. (15) Rank 13 Elo 1945 (+10),21-16 / 21-14,Kevin LEE / Ty Alexan.. Rank 45 Elo 1694 (-16),31,https://badmintonranks.com/tournament?id=12940,6,BWF World Championships 2023,LU Ching Yao / YANG Po Hsuan (15),13.0,1945,Kevin LEE / Ty Alexander LEONG,45.0,1694
23/8/2023,Round 2,WD,Nami MA.. / Chiharu .. (7) Rank 7 Elo 2133 (+8),21-16 / 21-15,LEE Chia.. / TENG Ch.. Rank 21 Elo 1837 (-10),39,https://badmintonranks.com/tournament?id=12940,6,BWF World Championships 2023,Nami MATSUYAMA / Chiharu SHIDA (7),7.0,2133,LEE Chia Ying / TENG Chun Hsun,21.0,1837
23/8/2023,Round 2,MS,LEE Cheuk Yiu (15) Rank 16 Elo 2133 (+8),21-17 / 23-21,Jia Heng Jason TEH Rank 98 Elo 1829 (-10),45,https://badmintonranks.com/tournament?id=12940,6,BWF World Championships 2023,LEE Cheuk Yiu (15),16.0,2133,Jia Heng Jason TEH,98.0,1829
23/8/2023,Round 2,WD,ZHANG .. / ZHENG .. (6) Rank 6 Elo 2047 (+6),21-12 / 21-15,Jaqueline.. / Samia LIM.. Rank 54 Elo 1681 (-10),37,https://badmintonranks.com/tournament?id=12940,6,BWF World Championships 2023,ZHANG Shu Xian / ZHENG Si Wei (6),6.0,2047,Jacqueline FUNAOKA / Samia LIMA,54.0,1681
23/8/2023,Round 2,WD,KIM So Y.. / KONG H.. (3) Rank 3 Elo 2321 (+3),17-21 / 27-25 / 21-11,HSU Ya .. / LIN Wan .. Rank 25 Elo 1849 (-4),75,https://badmintonranks.com/tournament?id=12940,6,BWF World Championships 2023,KIM So Yeong / KONG Hee Yong (3),3.0,2321,HSU Ya Ching / LIN Wan Ching,25.0,1849
23/8/2023,Round 2,WS,Akane YAMAGUCHI (2) Rank 2 Elo 2496 (+2),21-7 / 21-11,Neslihan ARIN Rank 52 Elo 1942 (-2),28,https://badmintonranks.com/tournament?id=12940,6,BWF World Championships 2023,Akane YAMAGUCHI (2),2.0,2496,Neslihan ARIN,52.0,1942
23/8/2023,Round 2,WS,Pornpawee CHOCHU.. (11) Rank 12 Elo 2178 (+4),24-22 / 21-14,Juliana Viana VIEIRA Rank 73 Elo 1756 (-6),42,https://badmintonranks.com/tournament?id=12940,6,BWF World Championships 2023,Pornpawee CHOCHUWONG (11),12.0,2178,Juliana Viana VIEIRA,73.0,1756
23/8/2023,Round 2,XD,CHEN Ta.. / TOH Ee .. (14) Rank 18 Elo 2004 (+23),21-19 / 21-9,LEE Chu.. / NG Tsz Ya.. Rank 25 Elo 1938 (-23),36,https://badmintonranks.com/tournament?id=12940,6,BWF World Championships 2023,CHEN Tang Jie / TOH Ee Wei (14),18.0,2004,LEE Chun Hei / NG Tsz Yau,25.0,1938
23/8/2023,Round 2,MS,Kenta NISHIMOTO (14) Rank 15 Elo 2144 (+9),24-22 / 23-25 / 21-8,Julien CARRAGGI Rank 52 Elo 1881 (-11),79,https://badmintonranks.com/tournament?id=12940,6,BWF World Championships 2023,Kenta NISHIMOTO (14),15.0,2144,Julien CARRAGGI,52.0,1881
23/8/2023,Round 2,WD,Febriana .. / Amallia C.. (16) Rank 18 Elo 1885 (+23),23-21 / 21-11,Margot L.. / Anne TRAN Rank 26 Elo 1805 (-26),44,https://badmintonranks.com/tournament?id=12940,6,BWF World Championships 2023,Febriana Dwipuji KUSUMA / Amallia Cahaya PRATIWI (16),18.0,1885,Margot LAMBERT / Anne TRAN,26.0,1805
23/8/2023,Round 2,MS,Kodai NARAOKA (4) Rank 4 Elo 2257 (+13),21-12 / 21-16,Toma Junior POPOV Rank 24 Elo 2067 (-14),53,https://badmintonranks.com/tournament?id=12940,6,BWF World Championships 2023,Kodai NARAOKA (4),4.0,2257,Toma Junior POPOV,24.0,2067
23/8/2023,Round 2,WD,Jongkolp.. / Rawinda .. (8) Rank 8 Elo 1978 (+12),21-13 / 21-11,Anna Chi.. / TEOH Mei.. Rank Elo 1755 (-16),31,https://badmintonranks.com/tournament?id=12940,6,BWF World Championships 2023,Jongkolphan KITITHARAKUL / Rawinda PRAJONGJAI (8),8.0,1978,Anna CHING / TEOH Mei Xing,,1755
23/8/2023,Round 2,WD,Rin IWAN.. / Kie NAK.. (14) Rank 15 Elo 2011 (+17),21-17 / 20-22 / 23-21,Maiken F.. / Sara THY.. Rank 20 Elo 1858 (-18),88,https://badmintonranks.com/tournament?id=12940,6,BWF World Championships 2023,Rin IWANAGA / Kie NAKANISHI (14),15.0,2011,Maiken FRUERGAARD / Sara THYGESEN,20.0,1858
23/8/2023,Round 2,MS,Kanta TSUNEYAMA Rank 18 Elo 2089 (+2),22-20 / 21-15,DANYLO BOSNIUK Rank 106 Elo 1572 (-6),48,https://badmintonranks.com/tournament?id=12940,6,BWF World Championships 2023,Kanta TSUNEYAMA,18.0,2089,DANYLO BOSNIUK,106.0,1572
23/8/2023,Round 2,XD,Dechapol.. / Sapsiree .. (4) Rank 4 Elo 2226 (+12),21-13 / 21-14,TANG Ch.. / TSE Ying .. Rank 20 Elo 2023 (-13),38,https://badmintonranks.com/tournament?id=12940,6,BWF World Championships 2023,Dechapol PUAVARANUKROH / Sapsiree TAERATTANACHAI (4),4.0,2226,TANG Chun Man / TSE Ying Suet,20.0,2023
23/8/2023,Round 2,XD,Thom GI.. / Delphine .. (7) Rank 8 Elo 1959 (+21),21-18 / 21-13,Marcus E.. / Lauren S.. Rank 31 Elo 1857 (-22),47,https://badmintonranks.com/tournament?id=12940,7,BWF World Championships 2023,Thom GICQUEL / Delphine DELRUE (7),8.0,1959,Marcus ELLIS / Lauren SMITH,31.0,1857
23/8/2023,Round 2,XD,Rinov RI.. / Pitha Hani.. Rank 17 Elo 2039 (+19),21-15 / 14-21 / 21-14,Kyohei Y.. / Naru SHI.. (15) Rank 15 Elo 1934 (-21),59,https://badmintonranks.com/tournament?id=12940,7,BWF World Championships 2023,Rinov RIVALDY / Pitha Haningtyas MENTARI,17.0,2039,Kyohei YAMASHITA / Naru SHINOYA (15),15.0,1934
23/8/2023,Round 2,WS,Carolina MARIN (6) Rank 6 Elo 2431 (+2),21-10 / 21-6,Iris WANG Rank 37 Elo 1844 (-2),38,https://badmintonranks.com/tournament?id=12940,7,BWF World Championships 2023,Carolina MARIN (6),6.0,2431,Iris WANG,37.0,1844
23/8/2023,Round 2,WD,Treesa J.. / GAYATRI.. (15) Rank 19 Elo 1900 (+17),21-18 / 21-10,CHANG .. / YANG Chi.. Rank 37 Elo 1750 (-22),38,https://badmintonranks.com/tournament?id=12940,7,BWF World Championships 2023,Treesa JOLLY / GAYATRI GOPICHAND (15),19.0,1900,CHANG Tak Ching / YANG Ching Tun,37.0,1750
23/8/2023,Round 2,XD,SEO Seu.. / CHAE Yu.. (5) Rank 5 Elo 2131 (+7),21-17 / 21-8,HEE Yon.. / TAN Wei .. Rank 29 Elo 1800 (-9),28,https://badmintonranks.com/tournament?id=12940,7,BWF World Championships 2023,SEO Seung Jae / CHAE Yu Jung (5),5.0,2131,HEE Yong KWON / TAN Wei Qiang,29.0,1800
23/8/2023,Round 2,XD,Rehan N.. / Lisa Ayu .. (13) Rank 13 Elo 1878 (+9),21-9 / 21-12,Jones Ra.. / Linda EFL.. Rank 52 Elo 1584 (-18),32,https://badmintonranks.com/tournament?id=12940,7,BWF World Championships 2023,Rehan Naufal KUSHARJANTO / Lisa Ayu KUSUMAWATI (13),13.0,1878,Jones Ralfy JANSEN / Linda EFLER,52.0,1584
23/8/2023,Round 2,WS,THET Htar Thuzar Rank 61 Elo 1763 (+13),4-2 Ret.,Michelle LI (14) Rank 14 Elo 2137 (-10),4,https://badmintonranks.com/tournament?id=12940,7,BWF World Championships 2023,THET Htar Thuzar,61.0,1763,Michelle LI (14),14.0,2137
23/8/2023,Round 2,XD,Yuta WAT.. / Arisa IGA.. (2) Rank 2 Elo 2310 (+2),21-12 / 21-15,Ty Alexan.. / Josephine.. Rank 38 Elo 1726 (-3),30,https://badmintonranks.com/tournament?id=12940,7,BWF World Championships 2023,Yuta WATANABE / Arisa IGAKI (2),2.0,2310,Ty Alexander LEONG / Josephine WU,38.0,1726
23/8/2023,Round 2,WD,CHEN Qi.. / JIA Yi Fan (1) Rank 1 Elo 2384 (+1),21-5 / 21-8,Lanny Tri.. / Ribka SU.. Rank 31 Elo 1773 (-2),30,https://badmintonranks.com/tournament?id=12940,7,BWF World Championships 2023,CHEN Qi Ming / JIA Yi Fan (1),1.0,2384,Lanny Tria MAYASARI / Ribka SUGIARTO,31.0,1773
23/8/2023,Round 2,XD,Supak JO.. / Supissar.. (12) Rank 12 Elo 1971 (+17),21-15 / 21-18,TAN Kian.. / LAI Pei Jin.. Rank 21 Elo 1835 (-20),37,https://badmintonranks.com/tournament?id=12940,7,BWF World Championships 2023,Supak JOMKOH / Supissara PACHARAMONGKOL (12),12.0,1971,TAN Kian Meng / LAI Pei Jing,21.0,1835
23/8/2023,Round 2,WD,Kirsten D.. / Alyssa TI.. Rank 64 Elo 1692 (+0),W.O.,Benyapa .. / Nuntakarn.. Rank 9 Elo 2053 (-4),0,https://badmintonranks.com/tournament?id=12940,7,BWF World Championships 2023,Kirsten DEBAERE / Alyssa TICSAY,64.0,1692,Benyapa AIMSAARD / Nuntakarn AIMSAARD,9.0,2053
22/8/2023,Round 2,WS,HE Bing Jiao (5) Rank 5 Elo 2418 (+3),18-21 / 21-19 / 21-17,Putri Kusuma WARDANI Rank 33 Elo 1941 (-3),66,https://badmintonranks.com/tournament?id=12940,7,BWF World Championships 2023,HE Bing Jiao (5),5.0,2418,Putri Kusuma WARDANI,33.0,1941
22/8/2023,Round 2,WS,Mia BLICHFELDT (15) Rank 17 Elo 2163 (+2),21-14 / 21-17,Rachael DARRAGH Rank 81 Elo 1659 (-5),41,https://badmintonranks.com/tournament?id=12940,7,BWF World Championships 2023,Mia BLICHFELDT (15),17.0,2163,Rachael DARRAGH,81.0,1659
22/8/2023,Round 2,XD,GOH Soo.. / LAI Shev.. (10) Rank 10 Elo 1916 (+9),21-11 / 21-8,Iliyan ST.. / Hristomira.. Rank 77 Elo 1615 (-16),23,https://badmintonranks.com/tournament?id=12940,7,BWF World Championships 2023,GOH Soon Huat / LAI Shevon Jemie (10),10.0,1916,Iliyan STOYANOV / Hristomira POPOVA,77.0,1615
22/8/2023,Round 2,XD,FENG Ya.. / HUANG .. (3) Rank 3 Elo 2279 (+3),21-12 / 21-13,Gregory .. / Jenny MAI.. Rank 34 Elo 1774 (-4),38,https://badmintonranks.com/tournament?id=12940,7,BWF World Championships 2023,FENG Yan Zhe / HUANG Dong Ping (3),3.0,2279,Gregory MAIRS / Jenny MAINZER,34.0,1774
22/8/2023,Round 2,XD,ZHENG .. / HUANG .. (1) Rank 1 Elo 2390 (+2),21-17 / 21-4,Mark LA.. / Isabel LO.. Rank 24 Elo 1869 (-3),28,https://badmintonranks.com/tournament?id=12940,7,BWF World Championships 2023,ZHENG Si Wei / HUANG Dong Ping (1),1.0,2390,Mark LAMSFUSS / Isabel LOHAU,24.0,1869
22/8/2023,Round 2,WS,ZHANG Beiwen (12) Rank 10 Elo 2175 (+15),21-18 / 21-14,Kirsty GILMOUR Rank 27 Elo 2015 (-16),39,https://badmintonranks.com/tournament?id=12940,7,BWF World Championships 2023,ZHANG Beiwen (12),10.0,2175,Kirsty GILMOUR,27.0,2015
22/8/2023,Round 2,MS,CHOU Tien Chen (10) Rank 10 Elo 2141 (+3),21-8 / 21-12,Howard SHU Rank 104 Elo 1692 (-6),30,https://badmintonranks.com/tournament?id=12940,7,BWF World Championships 2023,CHOU Tien Chen (10),10.0,2141,Howard SHU,104.0,1692
22/8/2023,Round 2,MS,Kunlavut VITIDSARN (3) Rank 3 Elo 2343 (+3),21-9 / 21-18,Ygor COELHO Rank 56 Elo 1838 (-3),41,https://badmintonranks.com/tournament?id=12940,7,BWF World Championships 2023,Kunlavut VITIDSARN (3),3.0,2343,Ygor COELHO,56.0,1838
22/8/2023,Round 2,MS,Viktor AXELSEN (1) Rank 1 Elo 2622 (+2),21-6 / 21-8,Christo POPOV Rank 31 Elo 2067 (-2),30,https://badmintonranks.com/tournament?id=12940,7,BWF World Championships 2023,Viktor AXELSEN (1),1.0,2622,Christo POPOV,31.0,2067
22/8/2023,Round 2,MS,PRANNOY H. S. (9) Rank 9 Elo 2303 (+11),21-9 / 21-14,Chico Aura DWI WARD.. Rank 21 Elo 2081 (-12),36,https://badmintonranks.com/tournament?id=12940,8,BWF World Championships 2023,PRANNOY H. S. (9),9.0,2303,Chico Aura DWI WARDOYO,21.0,2081
22/8/2023,Round 2,WS,WANG Zhi Yi (10) Rank 11 Elo 2205 (+5),21-18 / 21-11,Yvonne LI Rank 24 Elo 1833 (-6),42,https://badmintonranks.com/tournament?id=12940,8,BWF World Championships 2023,WANG Zhi Yi (10),11.0,2205,Yvonne LI,24.0,1833
22/8/2023,Round 2,XD,KIM Won .. / JEONG .. (6) Rank 6 Elo 2129 (+5),21-9 / 16-21 / 21-15,Adam HA.. / Julie MAC.. Rank 40 Elo 1752 (-7),52,https://badmintonranks.com/tournament?id=12940,8,BWF World Championships 2023,KIM Won Ho / JEONG Na Eun (6),6.0,2129,Adam HALL / Julie MACPHERSON,40.0,1752
22/8/2023,Round 2,XD,Mathias .. / Alexandr.. (11) Rank 11 Elo 2079 (+10),19-21 / 21-18 / 21-10,YANG Po.. / HU Ling F.. Rank 32 Elo 1830 (-12),56,https://badmintonranks.com/tournament?id=12940,8,BWF World Championships 2023,Mathias THYRRI / Alexandra BOE (11),11.0,2079,YANG Po Hsuan / HU Ling Fang,32.0,1830
22/8/2023,Round 2,WS,Ratchanok INTANON (7) Rank 7 Elo 2269 (+7),21-19 / 21-19,HSU Wen Chi Rank 20 Elo 1957 (-8),44,https://badmintonranks.com/tournament?id=12940,8,BWF World Championships 2023,Ratchanok INTANON (7),7.0,2269,HSU Wen Chi,20.0,1957
22/8/2023,Round 2,XD,YE Hong .. / LEE Chia.. (16) Rank 14 Elo 1998 (+13),21-18 / 21-15,Vinson C.. / Jennie GA.. Rank 30 Elo 1798 (-17),32,https://badmintonranks.com/tournament?id=12940,8,BWF World Championships 2023,YE Hong / LEE Chia Ying (16),14.0,1998,Vinson CHIU / Jennie Gail HORLADOR,30.0,1798
22/8/2023,Round 2,WS,Nozomi OKUHARA Rank 36 Elo 2138 (+24),21-14 / 21-14,PUSARLA V. Sindhu (16) Rank 15 Elo 2108 (-25),44,https://badmintonranks.com/tournament?id=12940,8,BWF World Championships 2023,Nozomi OKUHARA,36.0,2138,PUSARLA V. Sindhu (16),15.0,2108
22/8/2023,Round 2,WS,CHEN Yu Fei (3) Rank 3 Elo 2516 (+2),21-14 / 21-13,PAI Yu Po Rank 23 Elo 1948 (-2),37,https://badmintonranks.com/tournament?id=12940,8,BWF World Championships 2023,CHEN Yu Fei (3),3.0,2516,PAI Yu Po,23.0,1948
22/8/2023,Round 2,MS,LOH Kean Yew (7) Rank 7 Elo 2156 (+7),21-4 / 21-11,Ade Resky DWICAHYO Rank 75 Elo 1818 (-8),24,https://badmintonranks.com/tournament?id=12940,8,BWF World Championships 2023,LOH Kean Yew (7),7.0,2156,Ade Resky DWICAHYO,75.0,1818
22/8/2023,Round 2,WS,AN Se Young (1) Rank 1 Elo 2734 (+0),21-12 / 21-14,GOH Jin Wei Rank 35 Elo 1834 (-0),35,https://badmintonranks.com/tournament?id=12940,8,BWF World Championships 2023,AN Se Young (1),1.0,2734,GOH Jin Wei,35.0,1834
22/8/2023,Round 2,MS,Lakshya SEN (11) Rank 11 Elo 2249 (+9),21-11 / 21-12,JEON Hyeok Jin Rank 51 Elo 1971 (-10),36,https://badmintonranks.com/tournament?id=12940,8,BWF World Championships 2023,Lakshya SEN (11),11.0,2249,JEON Hyeok Jin,51.0,1971
22/8/2023,Round 2,XD,JIANG Zh.. / WEI Ya X.. (8) Rank 7 Elo 2104 (+3),21-11 / 21-13,Misha ZIL.. / Svetlana Z.. Rank 69 Elo 1618 (-7),24,https://badmintonranks.com/tournament?id=12940,8,BWF World Championships 2023,JIANG Zhen Bang / WEI Ya Xin (8),7.0,2104,Misha ZILBERMAN / Svetlana ZILBERMAN,69.0,1618
22/8/2023,Round 2,MS,LI Shi Feng (6) Rank 6 Elo 2328 (+3),21-10 / 21-12,Kantaphon WANGCHA.. Rank 34 Elo 1829 (-3),44,https://badmintonranks.com/tournament?id=12940,8,BWF World Championships 2023,LI Shi Feng (6),6.0,2328,Kantaphon WANGCHAROEN,34.0,1829
22/8/2023,Round 2,XD,Dejan FE.. / Gloria Em.. Rank 19 Elo 1932 (+38),21-14 / 21-13,Robin TA.. / Selena PI.. (9) Rank 9 Elo 2048 (-36),36,https://badmintonranks.com/tournament?id=12940,8,BWF World Championships 2023,Dejan FERDINANSYAH / Gloria Emanuelle WIDJAJA,19.0,1932,Robin TABELING / Selena PIEK (9),9.0,2048
22/8/2023,Round 2,MS,WANG Tzu Wei Rank 29 Elo 2007 (+39),21-16 / 18-21 / 21-19,LU Guang Zu (13) Rank 14 Elo 2168 (-38),86,https://badmintonranks.com/tournament?id=12940,8,BWF World Championships 2023,WANG Tzu Wei,29.0,2007,LU Guang Zu (13),14.0,2168
22/8/2023,Round 1,WD,HSU Ya .. / LIN Wan .. Rank 25 Elo 1831 (+18),21-4 / 21-5,Lorna BO.. / Kobita DO.. Rank 90 Elo 1666 (-26),17,https://badmintonranks.com/tournament?id=12940,8,BWF World Championships 2023,HSU Ya Ching / LIN Wan Ching,25.0,1831,Lorna BOYLAN / Kobita DONI,90.0,1666
22/8/2023,Round 1,WD,Francesc.. / Allison Qu.. Rank 42 Elo 1673 (+26),21-7 / 21-12,Ines Luci.. / Paula LA .. Rank 78 Elo 1517 (-43),28,https://badmintonranks.com/tournament?id=12940,8,BWF World Championships 2023,Francesca CORBETT / Allison QUEK,42.0,1673,Ines Lucia CASTILLO SILVA / Paula LALAGUNA,78.0,1517
22/8/2023,Round 1,WD,JIN Yu Jia / WONG Jia.. Rank 24 Elo 1709 (+42),21-10 / 21-11,Chloe CO.. / Lauren S.. Rank 29 Elo 1716 (-42),33,https://badmintonranks.com/tournament?id=12940,8,BWF World Championships 2023,JIN Yu Jia / WONG Jia Lin,24.0,1709,Chloe COBB / Lauren SMITH,29.0,1716
22/8/2023,Round 1,MD,Kenneth .. / LIM Ming .. Rank 157 Elo 1712 (+12),14-21 / 21-16 / 24-22,Joshua M.. / Paul REY.. Rank 54 Elo 1412 (-30),62,https://badmintonranks.com/tournament?id=12940,8,BWF World Championships 2023,Kenneth JONASSEN / LIM Ming Ee,157.0,1712,Joshua MAYO / Paul REYNAUD,54.0,1412
22/8/2023,Round 1,MD,MAN Wei.. / TEE Kai .. Rank 25 Elo 1868 (+18),21-17 / 21-18,Lucas C.. / Ronan LA.. Rank 32 Elo 1728 (-25),42,https://badmintonranks.com/tournament?id=12940,8,BWF World Championships 2023,MAN Wei Chong / TEE Kai Wun,25.0,1868,Lucas CORVEE / Ronan LABAR,32.0,1728
22/8/2023,Round 1,WD,Vivian H.. / LIM Chiew.. Rank 32 Elo 1550 (+72),21-14 / 21-12,Moa SJOO / Tilda SJOO Rank 56 Elo 1571 (-67),42,https://badmintonranks.com/tournament?id=12940,9,BWF World Championships 2023,Vivian HO / LIM Chiew Sien,32.0,1550,Moa SJOO / Tilda SJOO,56.0,1571
22/8/2023,Round 1,WD,Anna Chi.. / TEOH Mei.. Rank Elo 1724 (+31),21-14 / 21-18,Annie XU / Kerry XU Rank 36 Elo 1652 (-39),38,https://badmintonranks.com/tournament?id=12940,9,BWF World Championships 2023,Anna CHING / TEOH Mei Xing,,1724,Annie XU / Kerry XU,36.0,1652
22/8/2023,Round 1,WD,YEUNG .. / YEUNG P.. Rank 27 Elo 1768 (+31),21-9 / 21-17,Linda EF.. / Isabel LO.. Rank 34 Elo 1725 (-34),40,https://badmintonranks.com/tournament?id=12940,9,BWF World Championships 2023,YEUNG Wing Lee / YEUNG Pak Hon,27.0,1768,Linda EFLER / Isabel LOHAU,34.0,1725
22/8/2023,Round 1,MD,Ben LANE / Sean VEN.. Rank 17 Elo 1911 (+13),21-5 / 21-6,Anibal M.. / Jonathan .. Rank 72 Elo 1690 (-19),18,https://badmintonranks.com/tournament?id=12940,9,BWF World Championships 2023,Ben LANE / Sean VENDY,17.0,1911,Anibal MOLINA / Jonathan MCDERMOTT,72.0,1690
22/8/2023,Round 1,WS,Neslihan ARIN Rank 52 Elo 1935 (+7),21-17 / 21-17,Tiffany HO Rank 89 Elo 1598 (-14),41,https://badmintonranks.com/tournament?id=12940,9,BWF World Championships 2023,Neslihan ARIN,52.0,1935,Tiffany HO,89.0,1598
22/8/2023,Round 1,WS,Line Højmark KJAERSF.. Rank 30 Elo 1996 (+9),21-10 / 21-9,ZHANG Wen Yu Rank 48 Elo 1699 (-13),30,https://badmintonranks.com/tournament?id=12940,9,BWF World Championships 2023,Line Højmark KJAERSFELDT,30.0,1996,ZHANG Wen Yu,48.0,1699
22/8/2023,Round 1,MD,REN Xian.. / TAN Qiang Rank 20 Elo 1971 (+9),21-12 / 10-21 / 21-14,Jun Liang.. / LOH Kean.. Rank 71 Elo 1693 (-14),54,https://badmintonranks.com/tournament?id=12940,9,BWF World Championships 2023,REN Xiang Yu / TAN Qiang,20.0,1971,Jun Liang LOO / LOH Kean Yew,71.0,1693
22/8/2023,Round 1,WS,Line CHRISTOPHERSEN Rank 32 Elo 1893 (+11),21-15 / 21-15,Ines Lucia CASTILLO S.. Rank 86 Elo 1624 (-18),31,https://badmintonranks.com/tournament?id=12940,9,BWF World Championships 2023,Line CHRISTOPHERSEN,32.0,1893,Ines Lucia CASTILLO SILVA,86.0,1624
22/8/2023,Round 1,XD,Ty Alexan.. / Josephine.. Rank 38 Elo 1698 (+28),21-14 / 21-17,Philip BIR.. / Katharina .. Rank 74 Elo 1572 (-41),29,https://badmintonranks.com/tournament?id=12940,9,BWF World Championships 2023,Ty Alexander LEONG / Josephine WU,38.0,1698,Philip BIRCH / Katharina FINK,74.0,1572
22/8/2023,Round 1,WS,Juliana Viana VIEIRA Rank 73 Elo 1721 (+35),21-9 / 19-21 / 21-14,INSYIRAH Khan Rank 99 Elo 1678 (-40),50,https://badmintonranks.com/tournament?id=12940,9,BWF World Championships 2023,Juliana Viana VIEIRA,73.0,1721,INSYIRAH Khan,99.0,1678
22/8/2023,Round 1,MD,Bjarne G.. / Jan Colin .. Rank 50 Elo 1624 (+66),21-15 / 21-10,Job CAS.. / Luis Arma.. Rank 74 Elo 1712 (-51),29,https://badmintonranks.com/tournament?id=12940,9,BWF World Championships 2023,Bjarne GEHNERT / Jan Colin STICHLING,50.0,1624,Job CASTELEIJN / Luis Armando MONTOYA,74.0,1712
22/8/2023,Round 1,XD,LEE Chu.. / NG Tsz Ya.. Rank 25 Elo 1924 (+14),20-22 / 21-19 / 21-7,Davi SILV.. / Sania LIMA Rank 53 Elo 1732 (-20),46,https://badmintonranks.com/tournament?id=12940,9,BWF World Championships 2023,LEE Chun Hei / NG Tsz Yau,25.0,1924,Davi SILVA / Sania LIMA,53.0,1732
22/8/2023,Round 1,MD,Alexande.. / Adam HA.. Rank 24 Elo 1774 (+5),21-10 Ret.,DONG A.. / Nyl YAKU.. Rank 42 Elo 1671 (-6),22,https://badmintonranks.com/tournament?id=12940,9,BWF World Championships 2023,Alexander DUNN / Adam HALL,24.0,1774,DONG A Ran / Nyl YAKURA,42.0,1671
22/8/2023,Round 1,MD,Christo P.. / Toma Juni.. Rank 41 Elo 1707 (+63),21-18 / 21-18,Mark LA.. / Marvin SE.. Rank 23 Elo 1904 (-44),44,https://badmintonranks.com/tournament?id=12940,9,BWF World Championships 2023,Christo POPOV / Toma Junior POPOV,41.0,1707,Mark LAMSFUSS / Marvin SEIDEL,23.0,1904
22/8/2023,Round 1,WS,KIM Ga Eun Rank 18 Elo 2174 (+5),19-21 / 21-14 / 21-16,Kristin KUUBA Rank 46 Elo 1783 (-6),61,https://badmintonranks.com/tournament?id=12940,9,BWF World Championships 2023,KIM Ga Eun,18.0,2174,Kristin KUUBA,46.0,1783
22/8/2023,Round 1,WD,Margot L.. / Anne TRAN Rank 26 Elo 1771 (+34),21-16 / 21-14,LUI Lok L.. / NG Wing .. Rank 49 Elo 1751 (-35),45,https://badmintonranks.com/tournament?id=12940,9,BWF World Championships 2023,Margot LAMBERT / Anne TRAN,26.0,1771,LUI Lok Hang Angus / NG Wing Yung,49.0,1751
22/8/2023,Round 1,WD,Debora JI.. / Cheryl SEI.. Rank 33 Elo 1731 (+25),21-14 / 11-21 / 21-14,Ashwini B.. / Shikha GA.. Rank 44 Elo 1604 (-37),57,https://badmintonranks.com/tournament?id=12940,9,BWF World Championships 2023,Debora JILLE / Cheryl SEINEN,33.0,1731,Ashwini BHAT K / Shikha GAUTAM,44.0,1604
22/8/2023,Round 1,XD,HEE Yon.. / TAN Wei .. Rank 29 Elo 1743 (+57),21-12 / 21-18,Mathias T.. / Amalie M.. Rank 23 Elo 1937 (-43),33,https://badmintonranks.com/tournament?id=12940,9,BWF World Championships 2023,HEE Yong KWON / TAN Wei Qiang,29.0,1743,Mathias THYRRI / Amalie MAGELUND,23.0,1937
22/8/2023,Round 1,XD,TAN Kian.. / LAI Pei Jin.. Rank 21 Elo 1832 (+3),21-4 / 21-6,Hussein .. / Fathimath .. Rank 87 Elo 1324 (-11),21,https://badmintonranks.com/tournament?id=12940,9,BWF World Championships 2023,TAN Kian Meng / LAI Pei Jing,21.0,1832,Hussein HASAN HELO / Fathimath NABAAHA,87.0,1324
22/8/2023,Round 1,XD,Marcus E.. / Lauren S.. Rank 31 Elo 1829 (+28),22-24 / 21-15 / 21-14,Kenneth .. / Gronya S.. Rank 48 Elo 1789 (-30),65,https://badmintonranks.com/tournament?id=12940,9,BWF World Championships 2023,Marcus ELLIS / Lauren SMITH,31.0,1829,Kenneth JONASSEN / Gronya SOMERVILLE,48.0,1789
22/8/2023,Round 1,MD,Pharanyu.. / Worrapol .. Rank 46 Elo 1725 (+30),21-18 / 21-11,Vinson C.. / Joshua Y.. Rank 47 Elo 1642 (-38),30,https://badmintonranks.com/tournament?id=12940,10,BWF World Championships 2023,Pharanyu CHAIMANEE / Worrapol TEERAWIWATANA,46.0,1725,Vinson CHIU / Joshua YUAN,47.0,1642
22/8/2023,Round 1,XD,Rinov RI.. / Pitha Hani.. Rank 17 Elo 2009 (+30),23-21 / 8-21 / 21-11,Hiroki MI.. / Natsu SAI.. Rank 16 Elo 2031 (-29),54,https://badmintonranks.com/tournament?id=12940,10,BWF World Championships 2023,Rinov RIVALDY / Pitha Haningtyas MENTARI,17.0,2009,Hiroki MIDORIKAWA / Natsu SAITO,16.0,2031
22/8/2023,Round 1,WS,Iris WANG Rank 37 Elo 1814 (+30),21-13 / 21-13,Jenjira STADELMANN Rank 58 Elo 1790 (-32),39,https://badmintonranks.com/tournament?id=12940,10,BWF World Championships 2023,Iris WANG,37.0,1814,Jenjira STADELMANN,58.0,1790
22/8/2023,Round 1,XD,Jones Ra.. / Linda EFL.. Rank 52 Elo 1504 (+80),21-12 / 21-11,Venkat G.. / Juhi DEW.. Rank 125 Elo 1517 (-78),24,https://badmintonranks.com/tournament?id=12940,10,BWF World Championships 2023,Jones Ralfy JANSEN / Linda EFLER,52.0,1504,Venkat Gaurav PRASAD / Juhi DEWANGAN,125.0,1517
22/8/2023,Round 1,WS,THET Htar Thuzar Rank 61 Elo 1733 (+30),21-13 / 21-19,Haramara GAITAN Rank 90 Elo 1648 (-37),33,https://badmintonranks.com/tournament?id=12940,10,BWF World Championships 2023,THET Htar Thuzar,61.0,1733,Haramara GAITAN,90.0,1648
22/8/2023,Round 1,XD,TANG Ch.. / TSE Ying .. Rank 20 Elo 2019 (+4),21-10 / 21-12,Alvin MO.. / Alyssa Ys.. Rank 61 Elo 1602 (-9),25,https://badmintonranks.com/tournament?id=12940,10,BWF World Championships 2023,TANG Chun Man / TSE Ying Suet,20.0,2019,Alvin MOREL / Alyssa Ysobel BAUTISTA,61.0,1602
21/8/2023,Round 1,MS,DANYLO BOSNIUK Rank 106 Elo 1572 (+0),W.O.,Anthony Sinisuka GIN.. (2) Rank 2 Elo 2361 (-0),0,https://badmintonranks.com/tournament?id=12940,10,BWF World Championships 2023,DANYLO BOSNIUK,106.0,1572,Anthony Sinisuka GINTING (2),2.0,2361
21/8/2023,Round 1,MS,Julien CARRAGGI Rank 52 Elo 1874 (+7),21-7 / 21-19,Milan DRATVA Rank 129 Elo 1499 (-16),36,https://badmintonranks.com/tournament?id=12940,10,BWF World Championships 2023,Julien CARRAGGI,52.0,1874,Milan DRATVA,129.0,1499
21/8/2023,Round 1,MD,Kevin LEE / Ty Alexan.. Rank 45 Elo 1640 (+54),21-18 / 16-21 / 24-22,Christoph.. / Matthew .. Rank 44 Elo 1667 (-50),65,https://badmintonranks.com/tournament?id=12940,10,BWF World Championships 2023,Kevin LEE / Ty Alexander LEONG,45.0,1640,Christoph WEGNER / Matthew NOTTINGHAM,44.0,1667
21/8/2023,Round 1,MS,Toma Junior POPOV Rank 24 Elo 2062 (+5),21-7 / 21-17,Tobias KUENZI Rank 112 Elo 1655 (-8),39,https://badmintonranks.com/tournament?id=12940,10,BWF World Championships 2023,Toma Junior POPOV,24.0,2062,Tobias KUENZI,112.0,1655
21/8/2023,Round 1,MS,Uriel Francisco CANJU.. Rank 62 Elo 1830 (+17),14-21 / 21-16 / 21-18,B. R. Sankeerth Rank 136 Elo 1652 (-26),70,https://badmintonranks.com/tournament?id=12940,10,BWF World Championships 2023,Uriel Francisco CANJURA,62.0,1830,B. R. Sankeerth,136.0,1652
21/8/2023,Round 1,MD,Ondřej K.. / Adam ME.. Rank 55 Elo 1586 (+49),17-21 / 21-9 / 21-11,Torjus FL.. / Vegard RI.. Rank 67 Elo 1519 (-60),52,https://badmintonranks.com/tournament?id=12940,10,BWF World Championships 2023,Ondrej KRAPL / Adam MENDREK,55.0,1586,Torjus FLAATTEN / Vegard RIKHEIM,67.0,1519
21/8/2023,Round 1,MS,NG Ka Long Angus (16) Rank 17 Elo 2137 (+3),21-11 / 21-8,Bernardo ATILANO Rank 84 Elo 1635 (-6),28,https://badmintonranks.com/tournament?id=12940,10,BWF World Championships 2023,NG Ka Long Angus (16),17.0,2137,Bernardo ATILANO,84.0,1635
21/8/2023,Round 1,MS,Kodai NARAOKA (4) Rank 4 Elo 2256 (+1),21-7 / 21-10,Luka WRABER Rank 110 Elo 1518 (-2),33,https://badmintonranks.com/tournament?id=12940,10,BWF World Championships 2023,Kodai NARAOKA (4),4.0,2256,Luka WRABER,110.0,1518
21/8/2023,Round 1,MS,LEE Cheuk Yiu (15) Rank 16 Elo 2128 (+5),21-19 / 21-15,Max WEISSKIRCHEN Rank 130 Elo 1744 (-8),42,https://badmintonranks.com/tournament?id=12940,10,BWF World Championships 2023,LEE Cheuk Yiu (15),16.0,2128,Max WEISSKIRCHEN,130.0,1744
21/8/2023,Round 1,MS,Rasmus GEMKE Rank 25 Elo 2121 (+14),21-18 / 21-16,Mark CALJOUW Rank 54 Elo 1948 (-15),54,https://badmintonranks.com/tournament?id=12940,10,BWF World Championships 2023,Rasmus GEMKE,25.0,2121,Mark CALJOUW,54.0,1948
21/8/2023,Round 1,MS,SHI Yu Qi (8) Rank 8 Elo 2282 (+2),23-21 / 21-8,Luís Enrique PEÑALVER Rank 60 Elo 1694 (-3),44,https://badmintonranks.com/tournament?id=12940,10,BWF World Championships 2023,SHI Yu Qi (8),8.0,2282,Luís Enrique PEÑALVER,60.0,1694
21/8/2023,Round 1,MS,Jia Heng Jason TEH Rank 98 Elo 1781 (+48),24-22 / 17-21 / 21-15,Jan LOUDA Rank 40 Elo 1911 (-39),76,https://badmintonranks.com/tournament?id=12940,10,BWF World Championships 2023,Jia Heng Jason TEH,98.0,1781,Jan LOUDA,40.0,1911
21/8/2023,Round 1,MS,Kanta TSUNEYAMA Rank 18 Elo 2083 (+6),21-8 / 21-8,Adham Hatem ELGAMA.. Rank 128 Elo 1724 (-9),40,https://badmintonranks.com/tournament?id=12940,10,BWF World Championships 2023,Kanta TSUNEYAMA,18.0,2083,Adham Hatem ELGAMAL,128.0,1724
21/8/2023,Round 1,MD,Giovanni .. / David SAL.. Rank 99 Elo 1591 (+52),21-14 / 21-7,Jose GU.. / Diego MIN.. Rank 103 Elo 1550 (-59),24,https://badmintonranks.com/tournament?id=12940,10,BWF World Championships 2023,Giovanni TOTI / David SALAS,99.0,1591,Jose GUERRERO / Diego MINONI,103.0,1550
21/8/2023,Round 1,MS,Anders ANTONSEN (12) Rank 12 Elo 2316 (+3),21-8 / 21-15,Misha ZILBERMAN Rank 33 Elo 1852 (-4),43,https://badmintonranks.com/tournament?id=12940,11,BWF World Championships 2023,Anders ANTONSEN (12),12.0,2316,Misha ZILBERMAN,33.0,1852
21/8/2023,Round 1,MS,Viktor AXELSEN (1) Rank 1 Elo 2621 (+1),21-6 / 21-11,Nhat NGUYEN Rank 37 Elo 1802 (-1),40,https://badmintonranks.com/tournament?id=12940,11,BWF World Championships 2023,Viktor AXELSEN (1),1.0,2621,Nhat NGUYEN,37.0,1802
21/8/2023,Round 1,MS,Kenta NISHIMOTO (14) Rank 15 Elo 2118 (+26),21-14 / 21-14,KIDAMBI Srikanth Rank 20 Elo 2111 (-26),47,https://badmintonranks.com/tournament?id=12940,11,BWF World Championships 2023,Kenta NISHIMOTO (14),15.0,2118,KIDAMBI Srikanth,20.0,2111
21/8/2023,Round 1,WD,Kirsten D.. / Alyssa TI.. Rank 64 Elo 1681 (+11),21-13 / 21-10,Aminath .. / Fathimath .. Rank 95 Elo 1339 (-27),26,https://badmintonranks.com/tournament?id=12940,11,BWF World Championships 2023,Kirsten DEBAERE / Alyssa TICSAY,64.0,1681,Aminath NABEEHA / Fathimath NABAAHA,95.0,1339
21/8/2023,Round 1,WD,Jaqueline.. / Samia LIM.. Rank 54 Elo 1618 (+63),22-20 / 21-19,Abbygael.. / Annie LAD.. Rank 67 Elo 1678 (-53),39,https://badmintonranks.com/tournament?id=12940,11,BWF World Championships 2023,Jacqueline FUNAOKA / Samia LIMA,54.0,1618,Abbygael NEYRA / Annie LADDHA,67.0,1678
21/8/2023,Round 1,WD,Maiken F.. / Sara THY.. Rank 20 Elo 1841 (+17),21-12 / 21-15,Catherine.. / Josephine.. Rank 30 Elo 1667 (-25),36,https://badmintonranks.com/tournament?id=12940,11,BWF World Championships 2023,Maiken FRUERGAARD / Sara THYGESEN,20.0,1841,Catherine CHOI / Josephine WU,30.0,1667
21/8/2023,Round 1,WS,Rachael DARRAGH Rank 81 Elo 1617 (+42),21-11 / 21-14,Doha HANY Rank 134 Elo 1536 (-54),30,https://badmintonranks.com/tournament?id=12940,11,BWF World Championships 2023,Rachael DARRAGH,81.0,1617,Doha HANY,134.0,1536
21/8/2023,Round 1,MS,WANG Tzu Wei Rank 29 Elo 2000 (+7),21-11 / 21-8,Giovanni TOTI Rank 92 Elo 1663 (-12),30,https://badmintonranks.com/tournament?id=12940,11,BWF World Championships 2023,WANG Tzu Wei,29.0,2000,Giovanni TOTI,92.0,1663
21/8/2023,Round 1,MS,NG Tze Yong Rank 22 Elo 2153 (+18),21-19 / 26-24,ZHAO Jun Peng Rank 26 Elo 2044 (-19),48,https://badmintonranks.com/tournament?id=12940,11,BWF World Championships 2023,NG Tze Yong,22.0,2153,ZHAO Jun Peng,26.0,2044
21/8/2023,Round 1,MD,Jeppe BA.. / Lasse MØ.. Rank 31 Elo 1871 (+6),21-14 / 21-15,Ivan RUS.. / Iliyan STO.. Rank 101 Elo 1458 (-15),35,https://badmintonranks.com/tournament?id=12940,11,BWF World Championships 2023,Jeppe BAY / Lasse MØLHEDE,31.0,1871,Ivan RUSINOV / Iliyan STOYANOV,101.0,1458
21/8/2023,Round 1,MD,Christian .. / Alvin MOR.. Rank 48 Elo 1712 (+43),21-17 / 21-13,Jarred EL.. / Robert SU.. Rank 97 Elo 1733 (-41),24,https://badmintonranks.com/tournament?id=12940,11,BWF World Championships 2023,Christian VOGT / Alvin MOREL,48.0,1712,Jarred ELIAS / Robert SUMMERS,97.0,1733
21/8/2023,Round 1,MS,Kantaphon WANGCHA.. Rank 34 Elo 1811 (+18),21-11 / 21-11,Fabio CAPONIO Rank 108 Elo 1649 (-28),38,https://badmintonranks.com/tournament?id=12940,11,BWF World Championships 2023,Kantaphon WANGCHAROEN,34.0,1811,Fabio CAPONIO,108.0,1649
21/8/2023,Round 1,MD,LEE Jhe-.. / YANG Po-.. Rank 21 Elo 1831 (+13),21-12 / 25-23,Rory EAS.. / Zach RUSS Rank 58 Elo 1605 (-24),34,https://badmintonranks.com/tournament?id=12940,11,BWF World Championships 2023,LEE Jhe-Huei / YANG Po Hsuan,21.0,1831,Rory EASON / Zach RUSS,58.0,1605
21/8/2023,Round 1,WD,Julie MA.. / Ciara TOR.. Rank 35 Elo 1579 (+65),25-23 / 21-19,Kaitlyn EA / Gronya S.. Rank 57 Elo 1598 (-61),45,https://badmintonranks.com/tournament?id=12940,11,BWF World Championships 2023,Julie MACPHERSON / Ciara TORRANCE,35.0,1579,Kaitlyn EA / Gronya SOMERVILLE,57.0,1598
21/8/2023,Round 1,MD,Supak JO.. / Kittinupon.. Rank 40 Elo 1664 (+37),21-13 / 21-12,Ade Resk.. / Azmy QO.. Rank 92 Elo 1588 (-47),26,https://badmintonranks.com/tournament?id=12940,11,BWF World Championships 2023,Supak JOMKOH / Kittinupong KEDREN,40.0,1664,Ade Reski DWICAHYO / Azmy QOTB,92.0,1588
21/8/2023,Round 1,MD,Akira KO.. / Taichi SAI.. Rank 18 Elo 2010 (+4),21-17 / 21-7,Fabricio .. / Francielto.. Rank 115 Elo 1551 (-9),34,https://badmintonranks.com/tournament?id=12940,11,BWF World Championships 2023,Akira KOGA / Taichi SAITO,18.0,2010,Fabricio AUGUSTO / Francielto JUNIOR,115.0,1551
21/8/2023,Round 1,MS,LU Guang Zu (13) Rank 14 Elo 2161 (+7),21-15 / 22-20,Joran KWEEKEL Rank 82 Elo 1812 (-7),52,https://badmintonranks.com/tournament?id=12940,11,BWF World Championships 2023,LU Guang Zu (13),14.0,2161,Joran KWEEKEL,82.0,1812
21/8/2023,Round 1,MS,Christo POPOV Rank 31 Elo 2063 (+4),21-19 / 15-21 / 21-17,NGUYEN Hai Dang Rank 86 Elo 1639 (-8),81,https://badmintonranks.com/tournament?id=12940,11,BWF World Championships 2023,Christo POPOV,31.0,2063,NGUYEN Hai Dang,86.0,1639
21/8/2023,Round 1,MS,LEE Zii Jia Rank 13 Elo 2149 (+37),21-13 / 21-15,Jonatan CHRISTIE (5) Rank 5 Elo 2293 (-37),39,https://badmintonranks.com/tournament?id=12940,11,BWF World Championships 2023,LEE Zii Jia,13.0,2149,Jonatan CHRISTIE (5),5.0,2293
21/8/2023,Round 1,MS,JEON Hyeok Jin Rank 51 Elo 1961 (+10),21-9 / 21-5,Bahaedeen Ahmad ALS.. Rank 87 Elo 1689 (-15),28,https://badmintonranks.com/tournament?id=12940,11,BWF World Championships 2023,JEON Hyeok Jin,51.0,1961,Bahaedeen Ahmad ALSAMMAK,87.0,1689
21/8/2023,Round 1,MS,LI Shi Feng (6) Rank 6 Elo 2326 (+2),21-10 / 21-8,Dmitriy PANARIN Rank 91 Elo 1689 (-2),30,https://badmintonranks.com/tournament?id=12940,12,BWF World Championships 2023,LI Shi Feng (6),6.0,2326,Dmitriy PANARIN,91.0,1689
21/8/2023,Round 1,WD,Lanny Tri.. / Ribka SU.. Rank 31 Elo 1748 (+25),14-21 / 22-20 / 21-15,Stine KU.. / Emma MO.. Rank 48 Elo 1631 (-35),65,https://badmintonranks.com/tournament?id=12940,12,BWF World Championships 2023,Lanny Tria MAYASARI / Ribka SUGIARTO,31.0,1748,Stine KUUSISTO / Emma MOSZCZYNSKI,48.0,1631
21/8/2023,Round 1,MS,Brian YANG Rank 27 Elo 1931 (+2),11-3 Ret.,Kai SCHAEFER Rank 63 Elo 1691 (-4),7,https://badmintonranks.com/tournament?id=12940,12,BWF World Championships 2023,Brian YANG,27.0,1931,Kai SCHAEFER,63.0,1691
21/8/2023,Round 1,MS,Ygor COELHO Rank 56 Elo 1814 (+24),21-8 / 21-13,Job CASTILLO Rank 123 Elo 1714 (-30),26,https://badmintonranks.com/tournament?id=12940,12,BWF World Championships 2023,Ygor COELHO,56.0,1814,Job CASTILLO,123.0,1714
21/8/2023,Round 1,WS,PAI Yu Po Rank 23 Elo 1935 (+13),20-22 / 21-19 / 21-13,KISONA Selvaduray Rank 57 Elo 1715 (-18),62,https://badmintonranks.com/tournament?id=12940,12,BWF World Championships 2023,PAI Yu Po,23.0,1935,KISONA Selvaduray,57.0,1715
21/8/2023,Round 1,MS,Lakshya SEN (11) Rank 11 Elo 2244 (+5),21-12 / 21-7,Georges Julien PAUL Rank 111 Elo 1827 (-6),25,https://badmintonranks.com/tournament?id=12940,12,BWF World Championships 2023,Lakshya SEN (11),11.0,2244,Georges Julien PAUL,111.0,1827
21/8/2023,Round 1,MS,Chico Aura DWI WARD.. Rank 21 Elo 2076 (+5),21-7 / 21-7,Nathan TANG Rank 114 Elo 1664 (-8),22,https://badmintonranks.com/tournament?id=12940,12,BWF World Championships 2023,Chico Aura DWI WARDOYO,21.0,2076,Nathan TANG,114.0,1664
21/8/2023,Round 1,WS,HSU Wen Chi Rank 20 Elo 1945 (+12),21-10 / 23-21,Clara AZURMENDI Rank 40 Elo 1705 (-16),38,https://badmintonranks.com/tournament?id=12940,12,BWF World Championships 2023,HSU Wen Chi,20.0,1945,Clara AZURMENDI,40.0,1705
21/8/2023,Round 1,XD,Gregory .. / Jenny MAI.. Rank 34 Elo 1741 (+33),21-13 / 21-14,Mihajlo T.. / Andjela VI.. Rank 60 Elo 1694 (-37),33,https://badmintonranks.com/tournament?id=12940,12,BWF World Championships 2023,Gregory MAIRS / Jenny MAINZER,34.0,1741,Mihajlo TABOROVIC / Andjela VISIC,60.0,1694
21/8/2023,Round 1,MS,CHOU Tien Chen (10) Rank 10 Elo 2127 (+14),21-16 / 21-9,Kevin CORDON Rank 53 Elo 1947 (-14),39,https://badmintonranks.com/tournament?id=12940,12,BWF World Championships 2023,CHOU Tien Chen (10),10.0,2127,Kevin CORDON,53.0,1947
21/8/2023,Round 1,MS,Kunlavut VITIDSARN (3) Rank 3 Elo 2341 (+2),21-16 / 21-14,Jonathan MATIAS Rank 65 Elo 1789 (-3),44,https://badmintonranks.com/tournament?id=12940,12,BWF World Championships 2023,Kunlavut VITIDSARN (3),3.0,2341,Jonathan MATIAS,65.0,1789
21/8/2023,Round 1,WD,Serena A.. / Katharina .. Rank 82 Elo 1209 (+237),21-12 / 13-21 / 24-22,Amy ACK.. / Deidre LA.. Rank 72 Elo 1787 (-67),48,https://badmintonranks.com/tournament?id=12940,12,BWF World Championships 2023,Serena ANITA / Katharina FINK,82.0,1209,Amy ACKROYD / Deidre LYNCH,72.0,1787
21/8/2023,Round 1,MS,LOH Kean Yew (7) Rank 7 Elo 2149 (+7),21-12 / 21-9,Pablo ABIAN Rank 85 Elo 1806 (-8),28,https://badmintonranks.com/tournament?id=12940,12,BWF World Championships 2023,LOH Kean Yew (7),7.0,2149,Pablo ABIAN,85.0,1806
21/8/2023,Round 1,WD,CHANG .. / YANG Chi.. Rank 37 Elo 1723 (+27),21-14 / 21-11,Kati-Kree.. / Helina RÜ.. Rank 51 Elo 1608 (-38),30,https://badmintonranks.com/tournament?id=12940,12,BWF World Championships 2023,CHANG Tak Ching / YANG Ching Tun,37.0,1723,Kati-Kreete TÜÜR / Helina RÜÜTEL,51.0,1608
21/8/2023,Round 1,WD,LEE Chia.. / TENG Ch.. Rank 21 Elo 1828 (+9),23-21 / 21-11,Mariia ST.. / Yelyzaveta.. Rank 50 Elo 1492 (-20),38,https://badmintonranks.com/tournament?id=12940,12,BWF World Championships 2023,LEE Chia Ying / TENG Chun Hsun,21.0,1828,Mariia STOLIARENKO / Yelyzaveta ZHARKA,50.0,1492
21/8/2023,Round 1,MS,Howard SHU Rank 104 Elo 1585 (+107),21-18 / 13-21 / 21-19,Anuoluwapo Juwon OP.. Rank 99 Elo 1948 (-50),66,https://badmintonranks.com/tournament?id=12940,12,BWF World Championships 2023,Howard SHU,104.0,1585,Anuoluwapo Juwon OPEYORI,99.0,1948
21/8/2023,Round 1,XD,Dejan FE.. / Gloria Em.. Rank 19 Elo 1908 (+24),21-14 / 21-12,Yuki KAN.. / Misaki MA.. Rank 22 Elo 1840 (-26),35,https://badmintonranks.com/tournament?id=12940,12,BWF World Championships 2023,Dejan FERDINANSYAH / Gloria Emanuelle WIDJAJA,19.0,1908,Yuki KANEKO / Misaki MATSUTOMO,22.0,1840
21/8/2023,Round 1,MS,PRANNOY H. S. (9) Rank 9 Elo 2299 (+4),24-22 / 21-10,Kalle KOLJONEN Rank 57 Elo 1852 (-4),43,https://badmintonranks.com/tournament?id=12940,12,BWF World Championships 2023,PRANNOY H. S. (9),9.0,2299,Kalle KOLJONEN,57.0,1852
21/8/2023,Round 1,XD,Mark LA.. / Isabel LO.. Rank 24 Elo 1853 (+16),21-17 / 12-21 / 21-18,Ties VAN .. / Debora JI.. Rank 90 Elo 1673 (-24),57,https://badmintonranks.com/tournament?id=12940,12,BWF World Championships 2023,Mark LAMSFUSS / Isabel LOHAU,24.0,1853,Ties VAN DER LECQ / Debora JILLE,90.0,1673
21/8/2023,Round 1,WS,Yvonne LI Rank 24 Elo 1818 (+15),21-13 / 21-12,LéOnice HUET Rank 59 Elo 1614 (-26),31,https://badmintonranks.com/tournament?id=12940,12,BWF World Championships 2023,Yvonne LI,24.0,1818,LéOnice HUET,59.0,1614
21/8/2023,Round 1,XD,Iliyan ST.. / Hristomira.. Rank 77 Elo 1493 (+122),21-19 / 20-22 / 21-12,Jonathan .. / Diana CO.. Rank 81 Elo 1693 (-65),47,https://badmintonranks.com/tournament?id=12940,13,BWF World Championships 2023,Iliyan STOYANOV / Hristomira POPOVA,77.0,1493,Jonathan MCDERMOTT / Diana CORTES,81.0,1693
21/8/2023,Round 1,WS,Nozomi OKUHARA Rank 36 Elo 2123 (+15),21-15 / 21-12,NGUYEN Thuy Linh Rank 25 Elo 1956 (-15),40,https://badmintonranks.com/tournament?id=12940,13,BWF World Championships 2023,Nozomi OKUHARA,36.0,2123,NGUYEN Thuy Linh,25.0,1956
21/8/2023,Round 1,WS,Kirsty GILMOUR Rank 27 Elo 2007 (+8),22-20 / 9-21 / 21-12,Lianne TAN Rank 41 Elo 1678 (-12),59,https://badmintonranks.com/tournament?id=12940,13,BWF World Championships 2023,Kirsty GILMOUR,27.0,2007,Lianne TAN,41.0,1678
21/8/2023,Round 1,MS,Ade Resky DWICAHYO Rank 75 Elo 1805 (+13),21-14 / 21-17,Justin MA Rank 142 Elo 1558 (-25),34,https://badmintonranks.com/tournament?id=12940,13,BWF World Championships 2023,Ade Resky DWICAHYO,75.0,1805,Justin MA,142.0,1558
21/8/2023,Round 1,WS,Putri Kusuma WARDANI Rank 33 Elo 1932 (+9),21-7 / 23-21,Polina BUHROVA Rank 64 Elo 1640 (-16),37,https://badmintonranks.com/tournament?id=12940,13,BWF World Championships 2023,Putri Kusuma WARDANI,33.0,1932,Polina BUHROVA,64.0,1640
21/8/2023,Round 1,XD,YANG Po.. / HU Ling F.. Rank 32 Elo 1812 (+18),21-10 / 19-21 / 21-17,Nyl YAKU.. / Crystal LAI Rank 79 Elo 1646 (-27),45,https://badmintonranks.com/tournament?id=12940,13,BWF World Championships 2023,YANG Po Hsuan / HU Ling Fang,32.0,1812,Nyl YAKURA / Crystal LAI,79.0,1646
21/8/2023,Round 1,XD,Vinson C.. / Jennie GA.. Rank 30 Elo 1758 (+40),21-16 / 21-10,Fabricio .. / Jaqueline .. Rank 49 Elo 1785 (-37),30,https://badmintonranks.com/tournament?id=12940,13,BWF World Championships 2023,Vinson CHIU / Jennie Gail HORLADOR,30.0,1758,Fabricio AUGUSTO / Jacqueline FUNAOKA,49.0,1785
21/8/2023,Round 1,XD,Misha ZIL.. / Svetlana Z.. Rank 69 Elo 1528 (+90),21-17 / 21-16,Adham H.. / Doha HAN.. Rank 65 Elo 1613 (-68),26,https://badmintonranks.com/tournament?id=12940,13,BWF World Championships 2023,Misha ZILBERMAN / Svetlana ZILBERMAN,69.0,1528,Adham Hatem ELGAMAL / Doha Hany ABDELAZIZ,65.0,1613
21/8/2023,Round 1,XD,Adam HA.. / Julie MAC.. Rank 40 Elo 1703 (+49),21-14 / 20-22 / 21-18,Rohan K.. / REDDY Si.. Rank 33 Elo 1767 (-42),59,https://badmintonranks.com/tournament?id=12940,13,BWF World Championships 2023,Adam HALL / Julie MACPHERSON,40.0,1703,Rohan KAPOOR / REDDY Sikki Gupta,33.0,1767
21/8/2023,Round 1,WS,GOH Jin Wei Rank 35 Elo 1814 (+20),21-18 / 21-15,Vivien SANDORHAZI Rank 65 Elo 1672 (-28),30,https://badmintonranks.com/tournament?id=12940,13,BWF World Championships 2023,GOH Jin Wei,35.0,1814,Vivien SANDORHAZI,65.0,1672
21/8/2023,Round 1,WS,YEO Jia Min Rank 22 Elo 2044 (+0),W.O.,QI Xuefei Rank 54 Elo 1863 (-0),0,https://badmintonranks.com/tournament?id=12940,13,BWF World Championships 2023,YEO Jia Min,22.0,2044,QI Xuefei,54.0,1863
28/8/2022,Final,XD,ZHENG .. / HUANG .. (1) Rank 2 Elo 2466 (+15),21-13 / 21-16,Yuta WAT.. / Arisa IGA.. (3) Rank 3 Elo 2282 (-15),41,https://badmintonranks.com/tournament?id=10803,1,BWF World Championships 2022,ZHENG Si Wei / HUANG Dong Ping (1),2.0,2466,Yuta WATANABE / Arisa IGAKI (3),3.0,2282
28/8/2022,Final,WS,Akane YAMAGUCHI (1) Rank 1 Elo 2445 (+38),21-12 / 10-21 / 21-14,CHEN Yu Fei (4) Rank 4 Elo 2562 (-37),68,https://badmintonranks.com/tournament?id=10803,1,BWF World Championships 2022,Akane YAMAGUCHI (1),1.0,2445,CHEN Yu Fei (4),4.0,2562
28/8/2022,Final,MS,Viktor AXELSEN (1) Rank 1 Elo 2683 (+8),21-5 / 21-16,Kunlavut VITIDSARN (16) Rank 17 Elo 2350 (-7),50,https://badmintonranks.com/tournament?id=10803,1,BWF World Championships 2022,Viktor AXELSEN (1),1.0,2683,Kunlavut VITIDSARN (16),17.0,2350
28/8/2022,Final,WD,CHEN Qi.. / JIA Yi Fan (1) Rank 1 Elo 2314 (+17),22-20 / 21-14,KIM So Y.. / KONG H.. (4) Rank 4 Elo 2162 (-17),62,https://badmintonranks.com/tournament?id=10803,1,BWF World Championships 2022,CHEN Qi Ming / JIA Yi Fan (1),1.0,2314,KIM So Yeong / KONG Hee Yong (4),4.0,2162
28/8/2022,Final,MD,Aaron CH.. / SOH Wo.. (6) Rank 6 Elo 2193 (+24),21-19 / 21-14,Hendra S.. / Mohamm.. (3) Rank 3 Elo 2131 (-24),40,https://badmintonranks.com/tournament?id=10803,1,BWF World Championships 2022,Aaron CHIA / SOH Wooi Yik (6),6.0,2193,Hendra SETIAWAN / Mohammad AHSAN (3),3.0,2131
27/8/2022,Semi final,WS,Akane YAMAGUCHI (1) Rank 1 Elo 2414 (+31),21-19 / 21-12,AN Se Young (3) Rank 3 Elo 2449 (-31),43,https://badmintonranks.com/tournament?id=10803,1,BWF World Championships 2022,Akane YAMAGUCHI (1),1.0,2414,AN Se Young (3),3.0,2449
27/8/2022,Semi final,XD,ZHENG .. / HUANG .. (1) Rank 2 Elo 2452 (+14),21-16 / 12-21 / 21-10,WANG Yi.. / HUANG .. (4) Rank 4 Elo 2260 (-14),59,https://badmintonranks.com/tournament?id=10803,1,BWF World Championships 2022,ZHENG Si Wei / HUANG Dong Ping (1),2.0,2452,WANG Yi Lyu / HUANG Dong Ping (4),4.0,2260
27/8/2022,Semi final,WS,CHEN Yu Fei (4) Rank 4 Elo 2534 (+28),15-21 / 21-14 / 21-18,TAI Tzu Ying (2) Rank 2 Elo 2538 (-29),71,https://badmintonranks.com/tournament?id=10803,1,BWF World Championships 2022,CHEN Yu Fei (4),4.0,2534,TAI Tzu Ying (2),2.0,2538
27/8/2022,Semi final,XD,Yuta WAT.. / Arisa IGA.. (3) Rank 3 Elo 2268 (+14),21-8 / 21-6,Mark LA.. / Isabel LO.. (9) Rank 12 Elo 2063 (-13),28,https://badmintonranks.com/tournament?id=10803,1,BWF World Championships 2022,Yuta WATANABE / Arisa IGAKI (3),3.0,2268,Mark LAMSFUSS / Isabel LOHAU (9),12.0,2063
27/8/2022,Semi final,MS,Viktor AXELSEN (1) Rank 1 Elo 2678 (+5),21-15 / 21-17,CHOU Tien Chen (4) Rank 4 Elo 2300 (-6),52,https://badmintonranks.com/tournament?id=10803,1,BWF World Championships 2022,Viktor AXELSEN (1),1.0,2678,CHOU Tien Chen (4),4.0,2300
27/8/2022,Semi final,MS,Kunlavut VITIDSARN (16) Rank 17 Elo 2330 (+20),22-20 / 21-6,ZHAO Jun Peng Rank 23 Elo 2232 (-20),43,https://badmintonranks.com/tournament?id=10803,1,BWF World Championships 2022,Kunlavut VITIDSARN (16),17.0,2330,ZHAO Jun Peng,23.0,2232
27/8/2022,Semi final,WD,KIM So Y.. / KONG H.. (4) Rank 4 Elo 2146 (+16),21-16 / 19-21 / 25-23,Puttita S.. / Sapsiree .. (14) Rank 20 Elo 1985 (-17),92,https://badmintonranks.com/tournament?id=10803,1,BWF World Championships 2022,KIM So Yeong / KONG Hee Yong (4),4.0,2146,Puttita SUPAJIRAKUL / Sapsiree TAERATTANACHAI (14),20.0,1985
27/8/2022,Semi final,MD,Aaron CH.. / SOH Wo.. (6) Rank 6 Elo 2167 (+26),20-22 / 21-18 / 21-16,Satwiksai.. / Chirag S.. (7) Rank 7 Elo 2145 (-27),77,https://badmintonranks.com/tournament?id=10803,1,BWF World Championships 2022,Aaron CHIA / SOH Wooi Yik (6),6.0,2167,Satwiksairaj RANKIREDDY / Chirag SHETTY (7),7.0,2145
27/8/2022,Semi final,WD,CHEN Qi.. / JIA Yi Fan (1) Rank 1 Elo 2297 (+17),21-13 / 21-14,Mayu MA.. / Wakana .. (6) Rank 6 Elo 2156 (-18),52,https://badmintonranks.com/tournament?id=10803,1,BWF World Championships 2022,CHEN Qi Ming / JIA Yi Fan (1),1.0,2297,Mayu MATSUMOTO / Wakana NAGAHARA (6),6.0,2156
27/8/2022,Semi final,MD,Hendra S.. / Mohamm.. (3) Rank 3 Elo 2091 (+40),23-21 / 12-21 / 21-16,Fajar ALF.. / Muhamm.. (5) Rank 5 Elo 2239 (-40),52,https://badmintonranks.com/tournament?id=10803,1,BWF World Championships 2022,Hendra SETIAWAN / Mohammad AHSAN (3),3.0,2091,Fajar ALFIAN / Muhammad Shohibul FIKRI (5),5.0,2239
26/8/2022,Quarter final,XD,WANG Yi.. / HUANG .. (4) Rank 4 Elo 2244 (+16),21-16 / 21-15,SEO Seu.. / CHAE Yu.. (5) Rank 6 Elo 2093 (-17),39,https://badmintonranks.com/tournament?id=10803,1,BWF World Championships 2022,WANG Yi Lyu / HUANG Dong Ping (4),4.0,2244,SEO Seung Jae / CHAE Yu Jung (5),6.0,2093
26/8/2022,Quarter final,WS,Akane YAMAGUCHI (1) Rank 1 Elo 2388 (+26),21-17 / 21-17,Carolina MARIN (5) Rank 5 Elo 2377 (-26),54,https://badmintonranks.com/tournament?id=10803,1,BWF World Championships 2022,Akane YAMAGUCHI (1),1.0,2388,Carolina MARIN (5),5.0,2377
26/8/2022,Quarter final,WS,AN Se Young (3) Rank 3 Elo 2442 (+7),21-14 / 15-21 / 22-20,HAN Yue Rank 22 Elo 2103 (-7),70,https://badmintonranks.com/tournament?id=10803,1,BWF World Championships 2022,AN Se Young (3),3.0,2442,HAN Yue,22.0,2103
26/8/2022,Quarter final,XD,Yuta WAT.. / Arisa IGA.. (3) Rank 3 Elo 2258 (+10),21-17 / 21-13,GOH Soo.. / LAI Shev.. (11) Rank 14 Elo 2011 (-11),40,https://badmintonranks.com/tournament?id=10803,1,BWF World Championships 2022,Yuta WATANABE / Arisa IGAKI (3),3.0,2258,GOH Soon Huat / LAI Shevon Jemie (11),14.0,2011
26/8/2022,Quarter final,XD,ZHENG .. / HUANG .. (1) Rank 2 Elo 2449 (+3),21-9 / 21-9,TAN Kian.. / LAI Pei Ji.. (8) Rank 11 Elo 1966 (-4),28,https://badmintonranks.com/tournament?id=10803,1,BWF World Championships 2022,ZHENG Si Wei / HUANG Dong Ping (1),2.0,2449,TAN Kian Meng / LAI Pei Jing (8),11.0,1966
26/8/2022,Quarter final,WS,TAI Tzu Ying (2) Rank 2 Elo 2532 (+6),21-16 / 21-9,Busanan ONGBAMRU.. (12) Rank 12 Elo 2156 (-6),45,https://badmintonranks.com/tournament?id=10803,2,BWF World Championships 2022,TAI Tzu Ying (2),2.0,2532,Busanan ONGBAMRUNGPHAN (12),12.0,2156
26/8/2022,Quarter final,XD,Mark LA.. / Isabel LO.. (9) Rank 12 Elo 2033 (+30),21-13 / 13-21 / 21-19,TANG Ch.. / TSE Ying.. (6) Rank 7 Elo 2059 (-31),63,https://badmintonranks.com/tournament?id=10803,2,BWF World Championships 2022,Mark LAMSFUSS / Isabel LOHAU (9),12.0,2033,TANG Chun Man / TSE Ying Suet (6),7.0,2059
26/8/2022,Quarter final,MS,Viktor AXELSEN (1) Rank 1 Elo 2671 (+7),21-10 / 21-10,Anthony Sinisuka GIN.. (6) Rank 6 Elo 2334 (-7),41,https://badmintonranks.com/tournament?id=10803,2,BWF World Championships 2022,Viktor AXELSEN (1),1.0,2671,Anthony Sinisuka GINTING (6),6.0,2334
26/8/2022,Quarter final,WS,CHEN Yu Fei (4) Rank 4 Elo 2530 (+4),21-18 / 21-17,Michelle LI (13) Rank 13 Elo 2094 (-4),46,https://badmintonranks.com/tournament?id=10803,2,BWF World Championships 2022,CHEN Yu Fei (4),4.0,2530,Michelle LI (13),13.0,2094
26/8/2022,Quarter final,MS,Kunlavut VITIDSARN (16) Rank 17 Elo 2307 (+23),21-12 / 17-21 / 21-8,LOH Kean Yew (8) Rank 8 Elo 2248 (-23),65,https://badmintonranks.com/tournament?id=10803,2,BWF World Championships 2022,Kunlavut VITIDSARN (16),17.0,2307,LOH Kean Yew (8),8.0,2248
26/8/2022,Quarter final,MS,CHOU Tien Chen (4) Rank 4 Elo 2276 (+24),14-21 / 21-11 / 22-20,Jonatan CHRISTIE (7) Rank 7 Elo 2233 (-24),71,https://badmintonranks.com/tournament?id=10803,2,BWF World Championships 2022,CHOU Tien Chen (4),4.0,2276,Jonatan CHRISTIE (7),7.0,2233
26/8/2022,Quarter final,WD,Puttita S.. / Sapsiree .. (14) Rank 20 Elo 1946 (+39),15-21 / 21-18 / 22-20,ZHANG .. / ZHENG .. (11) Rank 13 Elo 2060 (-38),84,https://badmintonranks.com/tournament?id=10803,2,BWF World Championships 2022,Puttita SUPAJIRAKUL / Sapsiree TAERATTANACHAI (14),20.0,1946,ZHANG Shu Xian / ZHENG Si Wei (11),13.0,2060
26/8/2022,Quarter final,MS,ZHAO Jun Peng Rank 23 Elo 2199 (+33),19-21 / 21-6 / 21-18,PRANNOY H. S. Rank 18 Elo 2270 (-33),64,https://badmintonranks.com/tournament?id=10803,2,BWF World Championships 2022,ZHAO Jun Peng,23.0,2199,PRANNOY H. S.,18.0,2270
26/8/2022,Quarter final,WD,KIM So Y.. / KONG H.. (4) Rank 4 Elo 2105 (+41),21-16 / 21-15,Nami MA.. / Chiharu .. (5) Rank 5 Elo 2282 (-41),49,https://badmintonranks.com/tournament?id=10803,2,BWF World Championships 2022,KIM So Yeong / KONG Hee Yong (4),4.0,2105,Nami MATSUYAMA / Chiharu SHIDA (5),5.0,2282
26/8/2022,Quarter final,MD,Satwiksai.. / Chirag S.. (7) Rank 7 Elo 2109 (+36),24-22 / 15-21 / 21-14,Takuro H.. / Yugo KO.. (2) Rank 2 Elo 2214 (-36),75,https://badmintonranks.com/tournament?id=10803,2,BWF World Championships 2022,Satwiksairaj RANKIREDDY / Chirag SHETTY (7),7.0,2109,Takuro HOKI / Yugo KOBAYASHI (2),2.0,2214
26/8/2022,Quarter final,MD,Aaron CH.. / SOH Wo.. (6) Rank 6 Elo 2146 (+21),21-18 / 21-16,CHOI Sol.. / SEO Seu.. (10) Rank 11 Elo 2056 (-21),40,https://badmintonranks.com/tournament?id=10803,2,BWF World Championships 2022,Aaron CHIA / SOH Wooi Yik (6),6.0,2146,CHOI Sol Gyu / SEO Seung Jae (10),11.0,2056
26/8/2022,Quarter final,MD,Hendra S.. / Mohamm.. (3) Rank 3 Elo 2075 (+16),21-8 / 21-14,M.R.ARJ.. / DHRUV K.. Rank 35 Elo 1912 (-17),29,https://badmintonranks.com/tournament?id=10803,2,BWF World Championships 2022,Hendra SETIAWAN / Mohammad AHSAN (3),3.0,2075,M.R. ARJUN / DHRUV KAPILA,35.0,1912
26/8/2022,Quarter final,WD,Mayu MA.. / Wakana .. (6) Rank 6 Elo 2130 (+26),21-13 / 19-21 / 21-12,LEE So H.. / SHIN Se.. (3) Rank 3 Elo 2099 (-25),60,https://badmintonranks.com/tournament?id=10803,2,BWF World Championships 2022,Mayu MATSUMOTO / Wakana NAGAHARA (6),6.0,2130,LEE So Hee / SHIN Se Eum (3),3.0,2099
26/8/2022,Quarter final,MD,Fajar ALF.. / Muhamm.. (5) Rank 5 Elo 2230 (+9),21-11 / 21-16,Ben LANE / Sean VE.. (14) Rank 18 Elo 1928 (-9),29,https://badmintonranks.com/tournament?id=10803,2,BWF World Championships 2022,Fajar ALFIAN / Muhammad Shohibul FIKRI (5),5.0,2230,Ben LANE / Sean VENDY (14),18.0,1928
26/8/2022,Quarter final,WD,CHEN Qi.. / JIA Yi Fan (1) Rank 1 Elo 2289 (+8),21-16 / 21-7,Jongkolp.. / Rawinda .. (7) Rank 8 Elo 1993 (-9),45,https://badmintonranks.com/tournament?id=10803,2,BWF World Championships 2022,CHEN Qi Ming / JIA Yi Fan (1),1.0,2289,Jongkolphan KITITHARAKUL / Rawinda PRAJONGJAI (7),8.0,1993
25/8/2022,Round 3,WD,Puttita S.. / Sapsiree .. (14) Rank 20 Elo 1911 (+35),21-13 / 21-12,Gabriela .. / Stefani S.. (8) Rank 9 Elo 1969 (-33),33,https://badmintonranks.com/tournament?id=10803,2,BWF World Championships 2022,Puttita SUPAJIRAKUL / Sapsiree TAERATTANACHAI (14),20.0,1911,Gabriela STOEVA / Stefani STOEVA (8),9.0,1969
25/8/2022,Round 3,MS,Kunlavut VITIDSARN (16) Rank 17 Elo 2291 (+16),21-13 / 21-6,Kenta NISHIMOTO Rank 21 Elo 2140 (-16),43,https://badmintonranks.com/tournament?id=10803,2,BWF World Championships 2022,Kunlavut VITIDSARN (16),17.0,2291,Kenta NISHIMOTO,21.0,2140
25/8/2022,Round 3,MD,CHOI Sol.. / SEO Seu.. (10) Rank 11 Elo 2024 (+32),21-17 / 16-21 / 21-14,LEE Yang / WANG C.. (4) Rank 4 Elo 2082 (-32),64,https://badmintonranks.com/tournament?id=10803,2,BWF World Championships 2022,CHOI Sol Gyu / SEO Seung Jae (10),11.0,2024,LEE Yang / WANG Chang (4),4.0,2082
25/8/2022,Round 3,WD,ZHANG .. / ZHENG .. (11) Rank 13 Elo 2053 (+7),21-15 / 21-14,JIN Yu Jia / WONG Jia.. Rank 80 Elo 1713 (-10),37,https://badmintonranks.com/tournament?id=10803,2,BWF World Championships 2022,ZHANG Shu Xian / ZHENG Si Wei (11),13.0,2053,JIN Yu Jia / WONG Jia Lin,80.0,1713
25/8/2022,Round 3,MS,LOH Kean Yew (8) Rank 8 Elo 2240 (+8),21-11 / 11-4 Ret.,NG Ka Long Angus (10) Rank 11 Elo 2147 (-8),22,https://badmintonranks.com/tournament?id=10803,2,BWF World Championships 2022,LOH Kean Yew (8),8.0,2240,NG Ka Long Angus (10),11.0,2147
25/8/2022,Round 3,WD,KIM So Y.. / KONG H.. (4) Rank 4 Elo 2076 (+29),21-19 / 21-19,JEONG .. / KIM Hye .. (9) Rank 10 Elo 2090 (-28),64,https://badmintonranks.com/tournament?id=10803,3,BWF World Championships 2022,KIM So Yeong / KONG Hee Yong (4),4.0,2076,JEONG Na Eun / KIM Hye Rin (9),10.0,2090
25/8/2022,Round 3,MS,ZHAO Jun Peng Rank 23 Elo 2155 (+44),21-19 / 11-21 / 21-19,LEE Zii Jia (5) Rank 5 Elo 2403 (-44),65,https://badmintonranks.com/tournament?id=10803,3,BWF World Championships 2022,ZHAO Jun Peng,23.0,2155,LEE Zii Jia (5),5.0,2403
25/8/2022,Round 3,MS,PRANNOY H. S. Rank 18 Elo 2240 (+30),17-21 / 21-16 / 21-17,Lakshya SEN (9) Rank 10 Elo 2277 (-29),75,https://badmintonranks.com/tournament?id=10803,3,BWF World Championships 2022,PRANNOY H. S.,18.0,2240,Lakshya SEN (9),10.0,2277
25/8/2022,Round 3,MS,Anthony Sinisuka GIN.. (6) Rank 6 Elo 2321 (+13),21-11 / 13-21 / 21-18,SHI Yu Qi Rank 25 Elo 2124 (-13),61,https://badmintonranks.com/tournament?id=10803,3,BWF World Championships 2022,Anthony Sinisuka GINTING (6),6.0,2321,SHI Yu Qi,25.0,2124
25/8/2022,Round 3,MD,Aaron CH.. / SOH Wo.. (6) Rank 6 Elo 2128 (+18),21-17 / 21-19,GOH Sze.. / Nur IZZU.. (11) Rank 12 Elo 2010 (-19),42,https://badmintonranks.com/tournament?id=10803,3,BWF World Championships 2022,Aaron CHIA / SOH Wooi Yik (6),6.0,2128,GOH Sze Fei / Nur IZZUDDIN (11),12.0,2010
25/8/2022,Round 3,WD,Nami MA.. / Chiharu .. (5) Rank 5 Elo 2268 (+14),21-16 / 21-16,Pearly TA.. / THINAAH.. (10) Rank 11 Elo 2085 (-14),44,https://badmintonranks.com/tournament?id=10803,3,BWF World Championships 2022,Nami MATSUYAMA / Chiharu SHIDA (5),5.0,2268,Pearly TAN / THINAAH Muralitharan (10),11.0,2085
25/8/2022,Round 3,MD,Takuro H.. / Yugo KO.. (2) Rank 2 Elo 2208 (+6),21-12 / 21-14,Alexande.. / Adam HA.. Rank 36 Elo 1860 (-8),32,https://badmintonranks.com/tournament?id=10803,3,BWF World Championships 2022,Takuro HOKI / Yugo KOBAYASHI (2),2.0,2208,Alexander DUNN / Adam HALL,36.0,1860
25/8/2022,Round 3,XD,TAN Kian.. / LAI Pei Ji.. (8) Rank 11 Elo 1941 (+25),21-12 / 21-14,Kyohei Y.. / Naru SHI.. Rank 29 Elo 1884 (-26),41,https://badmintonranks.com/tournament?id=10803,3,BWF World Championships 2022,TAN Kian Meng / LAI Pei Jing (8),11.0,1941,Kyohei YAMASHITA / Naru SHINOYA,29.0,1884
25/8/2022,Round 3,WS,Busanan ONGBAMRU.. (12) Rank 12 Elo 2143 (+13),21-17 / 16-21 / 21-13,Saina NEHWAL Rank 33 Elo 1941 (-14),64,https://badmintonranks.com/tournament?id=10803,3,BWF World Championships 2022,Busanan ONGBAMRUNGPHAN (12),12.0,2143,Saina NEHWAL,33.0,1941
25/8/2022,Round 3,MS,Viktor AXELSEN (1) Rank 1 Elo 2669 (+2),21-19 / 21-16,Sitthikom THAMMASIN Rank 33 Elo 2044 (-1),49,https://badmintonranks.com/tournament?id=10803,3,BWF World Championships 2022,Viktor AXELSEN (1),1.0,2669,Sitthikom THAMMASIN,33.0,2044
25/8/2022,Round 3,MD,Satwiksai.. / Chirag S.. (7) Rank 7 Elo 2100 (+9),21-12 / 21-10,Jeppe BA.. / Lasse MØ.. Rank 32 Elo 1802 (-10),35,https://badmintonranks.com/tournament?id=10803,3,BWF World Championships 2022,Satwiksairaj RANKIREDDY / Chirag SHETTY (7),7.0,2100,Jeppe BAY / Lasse MØLHEDE,32.0,1802
25/8/2022,Round 3,WS,HAN Yue Rank 22 Elo 2059 (+44),21-11 / 21-13,WANG Zhi Yi (11) Rank 11 Elo 2311 (-44),39,https://badmintonranks.com/tournament?id=10803,3,BWF World Championships 2022,HAN Yue,22.0,2059,WANG Zhi Yi (11),11.0,2311
25/8/2022,Round 3,XD,Mark LA.. / Isabel LO.. (9) Rank 12 Elo 1982 (+51),21-16 / 21-14,Dechapol.. / Sapsiree .. (2) Rank 1 Elo 2338 (-48),38,https://badmintonranks.com/tournament?id=10803,3,BWF World Championships 2022,Mark LAMSFUSS / Isabel LOHAU (9),12.0,1982,Dechapol PUAVARANUKROH / Sapsiree TAERATTANACHAI (2),1.0,2338
25/8/2022,Round 3,XD,WANG Yi.. / HUANG .. (4) Rank 4 Elo 2234 (+10),21-16 / 21-14,Rinov RI.. / Pitha Han.. (13) Rank 18 Elo 1968 (-10),38,https://badmintonranks.com/tournament?id=10803,3,BWF World Championships 2022,WANG Yi Lyu / HUANG Dong Ping (4),4.0,2234,Rinov RIVALDY / Pitha Haningtyas MENTARI (13),18.0,1968
25/8/2022,Round 3,MS,CHOU Tien Chen (4) Rank 4 Elo 2261 (+15),21-16 / 17-21 / 21-18,LEE Cheuk Yiu (14) Rank 15 Elo 2092 (-15),71,https://badmintonranks.com/tournament?id=10803,3,BWF World Championships 2022,CHOU Tien Chen (4),4.0,2261,LEE Cheuk Yiu (14),15.0,2092
25/8/2022,Round 3,XD,Yuta WAT.. / Arisa IGA.. (3) Rank 3 Elo 2250 (+8),21-12 / 21-19,Robin TA.. / Selena PI.. (15) Rank 21 Elo 1929 (-8),40,https://badmintonranks.com/tournament?id=10803,3,BWF World Championships 2022,Yuta WATANABE / Arisa IGAKI (3),3.0,2250,Robin TABELING / Selena PIEK (15),21.0,1929
25/8/2022,Round 3,XD,TANG Ch.. / TSE Ying.. (6) Rank 7 Elo 2037 (+22),21-10 / 21-15,HEE Yon.. / TAN Wei .. Rank 33 Elo 1962 (-23),30,https://badmintonranks.com/tournament?id=10803,3,BWF World Championships 2022,TANG Chun Man / TSE Ying Suet (6),7.0,2037,HEE Yong KWON / TAN Wei Qiang,33.0,1962
25/8/2022,Round 3,XD,ZHENG .. / HUANG .. (1) Rank 2 Elo 2445 (+4),21-9 / 19-21 / 21-19,Supak JO.. / Supissar.. (14) Rank 20 Elo 2005 (-4),49,https://badmintonranks.com/tournament?id=10803,3,BWF World Championships 2022,ZHENG Si Wei / HUANG Dong Ping (1),2.0,2445,Supak JOMKOH / Supissara PACHARAMONGKOL (14),20.0,2005
25/8/2022,Round 3,XD,GOH Soo.. / LAI Shev.. (11) Rank 14 Elo 1973 (+38),21-16 / 21-4,Thom GI.. / Delphine .. (7) Rank 9 Elo 2091 (-36),38,https://badmintonranks.com/tournament?id=10803,3,BWF World Championships 2022,GOH Soon Huat / LAI Shevon Jemie (11),14.0,1973,Thom GICQUEL / Delphine DELRUE (7),9.0,2091
25/8/2022,Round 3,MD,Fajar ALF.. / Muhamm.. (5) Rank 5 Elo 2222 (+8),21-19 / 21-16,Akira KO.. / Taichi SA.. (16) Rank 22 Elo 1931 (-9),45,https://badmintonranks.com/tournament?id=10803,3,BWF World Championships 2022,Fajar ALFIAN / Muhammad Shohibul FIKRI (5),5.0,2222,Akira KOGA / Taichi SAITO (16),22.0,1931
25/8/2022,Round 3,XD,SEO Seu.. / CHAE Yu.. (5) Rank 6 Elo 2083 (+10),23-21 / 21-12,Rehan N.. / Lisa Ayu K.. Rank 44 Elo 1823 (-13),44,https://badmintonranks.com/tournament?id=10803,4,BWF World Championships 2022,SEO Seung Jae / CHAE Yu Jung (5),6.0,2083,Rehan Naufal KUSHARJANTO / Lisa Ayu KUSUMAWATI,44.0,1823
25/8/2022,Round 3,WS,TAI Tzu Ying (2) Rank 2 Elo 2531 (+1),21-15 / 21-10,VU Thi Trang Rank 80 Elo 1818 (-1),35,https://badmintonranks.com/tournament?id=10803,4,BWF World Championships 2022,TAI Tzu Ying (2),2.0,2531,VU Thi Trang,80.0,1818
25/8/2022,Round 3,WS,Akane YAMAGUCHI (1) Rank 1 Elo 2372 (+16),21-18 / 21-7,Sayaka TAKAHASHI (14) Rank 14 Elo 2229 (-17),36,https://badmintonranks.com/tournament?id=10803,4,BWF World Championships 2022,Akane YAMAGUCHI (1),1.0,2372,Sayaka TAKAHASHI (14),14.0,2229
25/8/2022,Round 3,WD,CHEN Qi.. / JIA Yi Fan (1) Rank 1 Elo 2286 (+3),21-15 / 21-9,Maiken F.. / Sara THY.. (12) Rank 16 Elo 1798 (-3),41,https://badmintonranks.com/tournament?id=10803,4,BWF World Championships 2022,CHEN Qi Ming / JIA Yi Fan (1),1.0,2286,Maiken FRUERGAARD / Sara THYGESEN (12),16.0,1798
25/8/2022,Round 3,MS,Jonatan CHRISTIE (7) Rank 7 Elo 2213 (+20),24-22 / 21-16,WANG Tzu Wei (15) Rank 16 Elo 2122 (-21),54,https://badmintonranks.com/tournament?id=10803,4,BWF World Championships 2022,Jonatan CHRISTIE (7),7.0,2213,WANG Tzu Wei (15),16.0,2122
25/8/2022,Round 3,WS,Carolina MARIN (5) Rank 5 Elo 2352 (+25),16-21 / 21-15 / 22-20,HE Bing Jiao (9) Rank 9 Elo 2330 (-25),76,https://badmintonranks.com/tournament?id=10803,4,BWF World Championships 2022,Carolina MARIN (5),5.0,2352,HE Bing Jiao (9),9.0,2330
25/8/2022,Round 3,WD,Mayu MA.. / Wakana .. (6) Rank 6 Elo 2110 (+20),21-13 / 21-9,DU Yue / LI Wen M.. (13) Rank 19 Elo 2015 (-20),47,https://badmintonranks.com/tournament?id=10803,4,BWF World Championships 2022,Mayu MATSUMOTO / Wakana NAGAHARA (6),6.0,2110,DU Yue / LI Wen Mei (13),19.0,2015
25/8/2022,Round 3,MD,Ben LANE / Sean VE.. (14) Rank 18 Elo 1874 (+54),21-15 / 21-9,Marcus G.. / Kevin SU.. (1) Rank 1 Elo 2225 (-47),26,https://badmintonranks.com/tournament?id=10803,4,BWF World Championships 2022,Ben LANE / Sean VENDY (14),18.0,1874,Marcus Fernaldi GIDEON / Kevin Sanjaya SUKAMULJO (1),1.0,2225
25/8/2022,Round 3,WD,Jongkolp.. / Rawinda .. (7) Rank 8 Elo 1965 (+28),19-21 / 21-10 / 21-12,Rin IWAN.. / Kie NAK.. (15) Rank 21 Elo 1951 (-27),74,https://badmintonranks.com/tournament?id=10803,4,BWF World Championships 2022,Jongkolphan KITITHARAKUL / Rawinda PRAJONGJAI (7),8.0,1965,Rin IWANAGA / Kie NAKANISHI (15),21.0,1951
25/8/2022,Round 3,WS,CHEN Yu Fei (4) Rank 4 Elo 2523 (+7),21-17 / 17-21 / 21-10,Pornpawee CHOCHU.. (10) Rank 10 Elo 2210 (-8),75,https://badmintonranks.com/tournament?id=10803,4,BWF World Championships 2022,CHEN Yu Fei (4),4.0,2523,Pornpawee CHOCHUWONG (10),10.0,2210
25/8/2022,Round 3,MD,M.R.ARJ.. / DHRUV K.. Rank 35 Elo 1879 (+33),18-21 / 21-15 / 21-16,HEE Yon.. / LOH Kean.. Rank 41 Elo 1907 (-32),58,https://badmintonranks.com/tournament?id=10803,4,BWF World Championships 2022,M.R. ARJUN / DHRUV KAPILA,35.0,1879,HEE Yong KWON / LOH Kean Yew,41.0,1907
25/8/2022,Round 3,MD,Hendra S.. / Mohamm.. (3) Rank 3 Elo 2056 (+19),21-18 / 23-21,Mark LA.. / Marvin S.. (12) Rank 13 Elo 1942 (-20),40,https://badmintonranks.com/tournament?id=10803,4,BWF World Championships 2022,Hendra SETIAWAN / Mohammad AHSAN (3),3.0,2056,Mark LAMSFUSS / Marvin SEIDEL (12),13.0,1942
25/8/2022,Round 3,WD,LEE So H.. / SHIN Se.. (3) Rank 3 Elo 2092 (+7),21-13 / 21-16,Vivian H.. / LIM Chiew.. Rank 35 Elo 1748 (-9),49,https://badmintonranks.com/tournament?id=10803,4,BWF World Championships 2022,LEE So Hee / SHIN Se Eum (3),3.0,2092,Vivian HO / LIM Chiew Sien,35.0,1748
25/8/2022,Round 3,WS,Michelle LI (13) Rank 13 Elo 2046 (+48),25-23 / 16-21 / 21-13,Ratchanok INTANON (8) Rank 8 Elo 2374 (-46),71,https://badmintonranks.com/tournament?id=10803,4,BWF World Championships 2022,Michelle LI (13),13.0,2046,Ratchanok INTANON (8),8.0,2374
25/8/2022,Round 3,WS,AN Se Young (3) Rank 3 Elo 2439 (+3),21-12 / 21-10,ZHANG Beiwen (16) Rank 16 Elo 1988 (-4),33,https://badmintonranks.com/tournament?id=10803,4,BWF World Championships 2022,AN Se Young (3),3.0,2439,ZHANG Beiwen (16),16.0,1988
24/8/2022,Round 2,WD,JEONG .. / KIM Hye .. (9) Rank 10 Elo 2076 (+14),21-13 / 21-12,Anna Chi.. / TEOH Mei.. Rank 33 Elo 1895 (-16),42,https://badmintonranks.com/tournament?id=10803,4,BWF World Championships 2022,JEONG Na Eun / KIM Hye Rin (9),10.0,2076,Anna CHING / TEOH Mei Xing,33.0,1895
24/8/2022,Round 2,WS,TAI Tzu Ying (2) Rank 2 Elo 2531 (+0),21-9 / 21-12,Martina REPISKA Rank 78 Elo 1645 (-1),26,https://badmintonranks.com/tournament?id=10803,4,BWF World Championships 2022,TAI Tzu Ying (2),2.0,2531,Martina REPISKA,78.0,1645
24/8/2022,Round 2,MD,Alexande.. / Adam HA.. Rank 36 Elo 1819 (+41),17-21 / 21-19 / 21-15,Muhamm.. / Bagas M.. (15) Rank 19 Elo 1907 (-36),50,https://badmintonranks.com/tournament?id=10803,4,BWF World Championships 2022,Alexander DUNN / Adam HALL,36.0,1819,Muhammad Shohibul FIKRI / Bagas MAULANA (15),19.0,1907
24/8/2022,Round 2,MS,PRANNOY H. S. Rank 18 Elo 2210 (+30),21-17 / 21-16,Kento MOMOTA (2) Rank 2 Elo 2265 (-30),54,https://badmintonranks.com/tournament?id=10803,4,BWF World Championships 2022,PRANNOY H. S.,18.0,2210,Kento MOMOTA (2),2.0,2265
24/8/2022,Round 2,XD,TANG Ch.. / TSE Ying.. (6) Rank 7 Elo 2024 (+13),21-16 / 21-11,GUO Xin .. / ZHANG S.. Rank 32 Elo 1811 (-15),38,https://badmintonranks.com/tournament?id=10803,4,BWF World Championships 2022,TANG Chun Man / TSE Ying Suet (6),7.0,2024,GUO Xin Wa / ZHANG Shu Xian,32.0,1811
24/8/2022,Round 2,MD,Jeppe BA.. / Lasse MØ.. Rank 32 Elo 1754 (+48),21-18 / 23-21,GOH V S.. / TAN Wee.. (13) Rank 15 Elo 1862 (-40),34,https://badmintonranks.com/tournament?id=10803,5,BWF World Championships 2022,Jeppe BAY / Lasse MØLHEDE,32.0,1754,GOH V Shem / TAN Wee Kiong (13),15.0,1862
24/8/2022,Round 2,WD,JIN Yu Jia / WONG Jia.. Rank 80 Elo 1713 (+0),W.O.,Yuki FUK.. / Sayaka H.. (2) Rank 2 Elo 2116 (-3),0,https://badmintonranks.com/tournament?id=10803,5,BWF World Championships 2022,JIN Yu Jia / WONG Jia Lin,80.0,1713,Yuki FUKUSHIMA / Sayaka HIROTA (2),2.0,2116
24/8/2022,Round 2,WS,Busanan ONGBAMRU.. (12) Rank 12 Elo 2135 (+8),20-22 / 21-16 / 22-20,Yvonne LI Rank 26 Elo 1845 (-10),86,https://badmintonranks.com/tournament?id=10803,5,BWF World Championships 2022,Busanan ONGBAMRUNGPHAN (12),12.0,2135,Yvonne LI,26.0,1845
24/8/2022,Round 2,MD,Satwiksai.. / Chirag S.. (7) Rank 7 Elo 2097 (+3),21-8 / 21-10,Anibal M.. / Jonathan .. Rank 93 Elo 1619 (-7),24,https://badmintonranks.com/tournament?id=10803,5,BWF World Championships 2022,Satwiksairaj RANKIREDDY / Chirag SHETTY (7),7.0,2097,Anibal MOLINA / Jonathan MCDERMOTT,93.0,1619
24/8/2022,Round 2,MS,ZHAO Jun Peng Rank 23 Elo 2123 (+32),21-9 / 21-17,KIDAMBI Srikanth (12) Rank 13 Elo 2190 (-31),34,https://badmintonranks.com/tournament?id=10803,5,BWF World Championships 2022,ZHAO Jun Peng,23.0,2123,KIDAMBI Srikanth (12),13.0,2190
24/8/2022,Round 2,WD,KIM So Y.. / KONG H.. (4) Rank 4 Elo 2070 (+6),21-5 / 18-21 / 21-13,Ashwini B.. / Shikha GA.. Rank 53 Elo 1702 (-9),57,https://badmintonranks.com/tournament?id=10803,5,BWF World Championships 2022,KIM So Yeong / KONG Hee Yong (4),4.0,2070,Ashwini BHAT K / Shikha GAUTAM,53.0,1702
24/8/2022,Round 2,MS,Lakshya SEN (9) Rank 10 Elo 2274 (+3),21-17 / 21-10,Luís Enrique PEÑALVER Rank 74 Elo 1807 (-4),36,https://badmintonranks.com/tournament?id=10803,5,BWF World Championships 2022,Lakshya SEN (9),10.0,2274,Luís Enrique PEÑALVER,74.0,1807
24/8/2022,Round 2,XD,HEE Yon.. / TAN Wei .. Rank 33 Elo 1937 (+25),19-21 / 21-11 / 21-17,Yuki KAN.. / Misaki M.. (12) Rank 16 Elo 1897 (-27),60,https://badmintonranks.com/tournament?id=10803,5,BWF World Championships 2022,HEE Yong KWON / TAN Wei Qiang,33.0,1937,Yuki KANEKO / Misaki MATSUTOMO (12),16.0,1897
24/8/2022,Round 2,WD,DU Yue / LI Wen M.. (13) Rank 19 Elo 2001 (+14),21-17 / 21-13,LIU Xuan.. / XIA Yu Tin.. Rank 24 Elo 1827 (-17),53,https://badmintonranks.com/tournament?id=10803,5,BWF World Championships 2022,DU Yue / LI Wen Mei (13),19.0,2001,LIU Xuan Xuan / XIA Yu Ting,24.0,1827
24/8/2022,Round 2,WD,Puttita S.. / Sapsiree .. (14) Rank 20 Elo 1897 (+14),22-20 / 21-18,Margot L.. / Anne TRAN Rank 52 Elo 1705 (-21),56,https://badmintonranks.com/tournament?id=10803,5,BWF World Championships 2022,Puttita SUPAJIRAKUL / Sapsiree TAERATTANACHAI (14),20.0,1897,Margot LAMBERT / Anne TRAN,52.0,1705
24/8/2022,Round 2,WD,Pearly TA.. / THINAAH.. (10) Rank 11 Elo 2073 (+12),21-8 / 21-17,Treesa J.. / GAYATRI .. Rank 37 Elo 1855 (-13),36,https://badmintonranks.com/tournament?id=10803,5,BWF World Championships 2022,Pearly TAN / THINAAH Muralitharan (10),11.0,2073,Treesa JOLLY / GAYATRI GOPICHAND,37.0,1855
24/8/2022,Round 2,MD,LEE Yang / WANG C.. (4) Rank 4 Elo 2070 (+12),21-18 / 15-21 / 21-13,LEE Jhe-.. / YANG Po-.. Rank 40 Elo 1849 (-14),48,https://badmintonranks.com/tournament?id=10803,5,BWF World Championships 2022,LEE Yang / WANG Chang (4),4.0,2070,LEE Jhe-Huei / YANG Po Hsuan,40.0,1849
24/8/2022,Round 2,MD,Aaron CH.. / SOH Wo.. (6) Rank 6 Elo 2117 (+11),22-20 / 21-18,LU Ching.. / YANG Po .. Rank 23 Elo 1880 (-13),42,https://badmintonranks.com/tournament?id=10803,5,BWF World Championships 2022,Aaron CHIA / SOH Wooi Yik (6),6.0,2117,LU Ching Yao / YANG Po Hsuan,23.0,1880
24/8/2022,Round 2,XD,Mark LA.. / Isabel LO.. (9) Rank 12 Elo 1970 (+12),15-21 / 21-13 / 21-18,Hiroki MI.. / Natsu SAI.. Rank 59 Elo 1749 (-16),58,https://badmintonranks.com/tournament?id=10803,5,BWF World Championships 2022,Mark LAMSFUSS / Isabel LOHAU (9),12.0,1970,Hiroki MIDORIKAWA / Natsu SAITO,59.0,1749
24/8/2022,Round 2,WD,ZHANG .. / ZHENG .. (11) Rank 13 Elo 2048 (+5),21-14 / 21-17,Julie MA.. / Ciara TOR.. Rank 47 Elo 1632 (-9),39,https://badmintonranks.com/tournament?id=10803,5,BWF World Championships 2022,ZHANG Shu Xian / ZHENG Si Wei (11),13.0,2048,Julie MACPHERSON / Ciara TORRANCE,47.0,1632
24/8/2022,Round 2,MD,Takuro H.. / Yugo KO.. (2) Rank 2 Elo 2205 (+3),21-17 / 21-12,Fabien D.. / William VI.. Rank 39 Elo 1694 (-4),42,https://badmintonranks.com/tournament?id=10803,5,BWF World Championships 2022,Takuro HOKI / Yugo KOBAYASHI (2),2.0,2205,Fabien DELRUE / William VILLEGER,39.0,1694
24/8/2022,Round 2,WD,Nami MA.. / Chiharu .. (5) Rank 5 Elo 2265 (+3),21-17 / 21-9,Catherine.. / Josephine.. Rank 56 Elo 1759 (-4),33,https://badmintonranks.com/tournament?id=10803,5,BWF World Championships 2022,Nami MATSUYAMA / Chiharu SHIDA (5),5.0,2265,Catherine CHOI / Josephine WU,56.0,1759
24/8/2022,Round 2,MS,LEE Zii Jia (5) Rank 5 Elo 2402 (+1),21-9 / 21-13,Bernardo ATILANO Rank 138 Elo 1680 (-1),36,https://badmintonranks.com/tournament?id=10803,5,BWF World Championships 2022,LEE Zii Jia (5),5.0,2402,Bernardo ATILANO,138.0,1680
24/8/2022,Round 2,WS,VU Thi Trang Rank 80 Elo 1755 (+63),21-18 / 16-21 / 21-18,Mia BLICHFELDT (15) Rank 15 Elo 2062 (-46),66,https://badmintonranks.com/tournament?id=10803,5,BWF World Championships 2022,VU Thi Trang,80.0,1755,Mia BLICHFELDT (15),15.0,2062
24/8/2022,Round 2,WD,Gabriela .. / Stefani S.. (8) Rank 9 Elo 1945 (+24),21-13 / 21-9,BAEK Ha.. / LEE Yu Lim Rank 39 Elo 1893 (-25),34,https://badmintonranks.com/tournament?id=10803,5,BWF World Championships 2022,Gabriela STOEVA / Stefani STOEVA (8),9.0,1945,BAEK Ha Na / LEE Yu Lim,39.0,1893
24/8/2022,Round 2,MS,Kenta NISHIMOTO Rank 21 Elo 2133 (+7),14-21 / 21-7 / 21-13,Felix BURESTEDT Rank 63 Elo 1820 (-9),73,https://badmintonranks.com/tournament?id=10803,6,BWF World Championships 2022,Kenta NISHIMOTO,21.0,2133,Felix BURESTEDT,63.0,1820
24/8/2022,Round 2,WD,Rin IWAN.. / Kie NAK.. (15) Rank 21 Elo 1934 (+17),23-21 / 21-15,Debora JI.. / Cheryl SEI.. Rank 38 Elo 1785 (-21),43,https://badmintonranks.com/tournament?id=10803,6,BWF World Championships 2022,Rin IWANAGA / Kie NAKANISHI (15),21.0,1934,Debora JILLE / Cheryl SEINEN,38.0,1785
24/8/2022,Round 2,WS,CHEN Yu Fei (4) Rank 4 Elo 2522 (+1),21-17 / 21-15,Soniia CHEAH Rank 40 Elo 1829 (-1),41,https://badmintonranks.com/tournament?id=10803,6,BWF World Championships 2022,CHEN Yu Fei (4),4.0,2522,Soniia CHEAH,40.0,1829
24/8/2022,Round 2,MD,Akira KO.. / Taichi SA.. (16) Rank 22 Elo 1913 (+18),21-17 / 19-21 / 21-15,Keiichiro .. / Yoshinori .. Rank 34 Elo 1782 (-23),75,https://badmintonranks.com/tournament?id=10803,6,BWF World Championships 2022,Akira KOGA / Taichi SAITO (16),22.0,1913,Keiichiro MATSUI / Yoshinori TAKEUTI,34.0,1782
24/8/2022,Round 2,WD,Mayu MA.. / Wakana .. (6) Rank 6 Elo 2102 (+8),21-17 / 21-18,Benyapa .. / Nuntakarn.. Rank 29 Elo 1810 (-10),41,https://badmintonranks.com/tournament?id=10803,6,BWF World Championships 2022,Mayu MATSUMOTO / Wakana NAGAHARA (6),6.0,2102,Benyapa AIMSAARD / Nuntakarn AIMSAARD,29.0,1810
24/8/2022,Round 2,WS,Pornpawee CHOCHU.. (10) Rank 10 Elo 2200 (+10),18-21 / 21-16 / 21-10,SIM Yu Jin Rank 42 Elo 1955 (-11),60,https://badmintonranks.com/tournament?id=10803,6,BWF World Championships 2022,Pornpawee CHOCHUWONG (10),10.0,2200,SIM Yu Jin,42.0,1955
24/8/2022,Round 2,MS,NG Ka Long Angus (10) Rank 11 Elo 2142 (+5),21-16 / 21-9,WONG Wing Ki Vincent Rank 67 Elo 1750 (-7),37,https://badmintonranks.com/tournament?id=10803,6,BWF World Championships 2022,NG Ka Long Angus (10),11.0,2142,WONG Wing Ki Vincent,67.0,1750
24/8/2022,Round 2,XD,GOH Soo.. / LAI Shev.. (11) Rank 14 Elo 1963 (+10),21-13 / 21-18,Gregory .. / Jenny MAI.. Rank 78 Elo 1690 (-15),33,https://badmintonranks.com/tournament?id=10803,6,BWF World Championships 2022,GOH Soon Huat / LAI Shevon Jemie (11),14.0,1963,Gregory MAIRS / Jenny MAINZER,78.0,1690
24/8/2022,Round 2,MD,Fajar ALF.. / Muhamm.. (5) Rank 5 Elo 2219 (+3),21-13 / 21-10,Hiroki OK.. / Masayuki .. Rank 52 Elo 1703 (-4),34,https://badmintonranks.com/tournament?id=10803,6,BWF World Championships 2022,Fajar ALFIAN / Muhammad Shohibul FIKRI (5),5.0,2219,Hiroki OKAMURA / Masayuki MORIZONO,52.0,1703
24/8/2022,Round 2,XD,Dechapol.. / Sapsiree .. (2) Rank 1 Elo 2337 (+1),21-11 / 21-18,CHOI Sol.. / SHIN Seu.. Rank 99 Elo 1718 (-2),33,https://badmintonranks.com/tournament?id=10803,6,BWF World Championships 2022,Dechapol PUAVARANUKROH / Sapsiree TAERATTANACHAI (2),1.0,2337,CHOI Sol Gyu / SHIN Seung Chan,99.0,1718
24/8/2022,Round 2,MD,GOH Sze.. / Nur IZZU.. (11) Rank 12 Elo 2005 (+5),21-13 / 21-12,Joshua M.. / Paul REY.. Rank 64 Elo 1585 (-9),32,https://badmintonranks.com/tournament?id=10803,6,BWF World Championships 2022,GOH Sze Fei / Nur IZZUDDIN (11),12.0,2005,Joshua MAYO / Paul REYNAUD,64.0,1585
24/8/2022,Round 2,MD,Marcus G.. / Kevin SU.. (1) Rank 1 Elo 2224 (+1),21-14 / 21-13,Jaromir J.. / Tomáš ŠV.. Rank 105 Elo 1533 (-3),25,https://badmintonranks.com/tournament?id=10803,6,BWF World Championships 2022,Marcus Fernaldi GIDEON / Kevin Sanjaya SUKAMULJO (1),1.0,2224,Jaromir JANSA / Tomáš ŠVEJDA,105.0,1533
24/8/2022,Round 2,MS,LOH Kean Yew (8) Rank 8 Elo 2227 (+13),21-12 / 11-21 / 21-12,Kevin CORDON Rank 41 Elo 2039 (-13),49,https://badmintonranks.com/tournament?id=10803,6,BWF World Championships 2022,LOH Kean Yew (8),8.0,2227,Kevin CORDON,41.0,2039
24/8/2022,Round 2,XD,Yuta WAT.. / Arisa IGA.. (3) Rank 3 Elo 2249 (+1),21-12 / 21-7,Alexande.. / Ciara TOR.. Rank 120 Elo 1608 (-2),30,https://badmintonranks.com/tournament?id=10803,6,BWF World Championships 2022,Yuta WATANABE / Arisa IGAKI (3),3.0,2249,Alexander DUNN / Ciara TORRANCE,120.0,1608
24/8/2022,Round 2,WD,Jongkolp.. / Rawinda .. (7) Rank 8 Elo 1941 (+24),21-15 / 10-21 / 21-15,Siti Fadia.. / Ribka SU.. Rank 28 Elo 1888 (-25),58,https://badmintonranks.com/tournament?id=10803,6,BWF World Championships 2022,Jongkolphan KITITHARAKUL / Rawinda PRAJONGJAI (7),8.0,1941,Siti Fadia Silva RAMADHANTI / Ribka SUGIARTO,28.0,1888
24/8/2022,Round 2,MS,Kunlavut VITIDSARN (16) Rank 17 Elo 2278 (+13),21-18 / 21-11,Kodai NARAOKA Rank 31 Elo 2090 (-13),70,https://badmintonranks.com/tournament?id=10803,6,BWF World Championships 2022,Kunlavut VITIDSARN (16),17.0,2278,Kodai NARAOKA,31.0,2090
24/8/2022,Round 2,MD,Hendra S.. / Mohamm.. (3) Rank 3 Elo 2049 (+7),21-15 / 21-16,Lucas C.. / Ronan LA.. Rank 56 Elo 1728 (-11),29,https://badmintonranks.com/tournament?id=10803,6,BWF World Championships 2022,Hendra SETIAWAN / Mohammad AHSAN (3),3.0,2049,Lucas CORVEE / Ronan LABAR,56.0,1728
24/8/2022,Round 2,MD,M.R.ARJ.. / DHRUV K.. Rank 35 Elo 1832 (+47),21-17 / 21-16,Kim AST.. / Anders S.. (8) Rank 8 Elo 2004 (-40),40,https://badmintonranks.com/tournament?id=10803,6,BWF World Championships 2022,M.R. ARJUN / DHRUV KAPILA,35.0,1832,Kim ASTRUP / Anders Skaarup RASMUSSEN (8),8.0,2004
24/8/2022,Round 2,XD,Robin TA.. / Selena PI.. (15) Rank 21 Elo 1912 (+17),21-19 / 21-16,Zacharia.. / Hediana J.. Rank 52 Elo 1756 (-21),43,https://badmintonranks.com/tournament?id=10803,6,BWF World Championships 2022,Robin TABELING / Selena PIEK (15),21.0,1912,Zachariah Josiahno SUMITRO / Hediana JULIMARBELA,52.0,1756
24/8/2022,Round 2,MD,Ben LANE / Sean VE.. (14) Rank 18 Elo 1860 (+14),21-15 / 21-10,Bjarne G.. / Jan Colin .. Rank 70 Elo 1639 (-22),32,https://badmintonranks.com/tournament?id=10803,6,BWF World Championships 2022,Ben LANE / Sean VENDY (14),18.0,1860,Bjarne GEHNERT / Jan Colin STICHLING,70.0,1639
24/8/2022,Round 2,MD,HEE Yon.. / LOH Kean.. Rank 41 Elo 1867 (+40),22-20 / 22-20,ONG Yew.. / TEO Ee .. (9) Rank 10 Elo 1984 (-37),40,https://badmintonranks.com/tournament?id=10803,7,BWF World Championships 2022,HEE Yong KWON / LOH Kean Yew,41.0,1867,ONG Yew Sin / TEO Ee Yi (9),10.0,1984
24/8/2022,Round 2,WD,CHEN Qi.. / JIA Yi Fan (1) Rank 1 Elo 2284 (+2),21-15 / 21-10,Ashwini P.. / REDDY Si.. Rank 25 Elo 1685 (-3),42,https://badmintonranks.com/tournament?id=10803,7,BWF World Championships 2022,CHEN Qi Ming / JIA Yi Fan (1),1.0,2284,Ashwini PONNAPPA / REDDY Sikki Gupta,25.0,1685
24/8/2022,Round 2,MD,Mark LA.. / Marvin S.. (12) Rank 13 Elo 1929 (+13),21-10 / 21-13,Christoph.. / Matthew .. Rank 53 Elo 1712 (-18),32,https://badmintonranks.com/tournament?id=10803,7,BWF World Championships 2022,Mark LAMSFUSS / Marvin SEIDEL (12),13.0,1929,Christoph WEGNER / Matthew NOTTINGHAM,53.0,1712
24/8/2022,Round 2,WD,Maiken F.. / Sara THY.. (12) Rank 16 Elo 1761 (+37),21-17 / 21-13,YEUNG .. / YEUNG P.. Rank 60 Elo 1773 (-37),41,https://badmintonranks.com/tournament?id=10803,7,BWF World Championships 2022,Maiken FRUERGAARD / Sara THYGESEN (12),16.0,1761,YEUNG Wing Lee / YEUNG Pak Hon,60.0,1773
24/8/2022,Round 2,WD,LEE So H.. / SHIN Se.. (3) Rank 3 Elo 2090 (+2),21-15 / 21-7,Pooja DA.. / SANJANA.. Rank 95 Elo 1579 (-7),33,https://badmintonranks.com/tournament?id=10803,7,BWF World Championships 2022,LEE So Hee / SHIN Se Eum (3),3.0,2090,Pooja DANDU / SANJANA SANTOSH,95.0,1579
24/8/2022,Round 2,WS,Ratchanok INTANON (8) Rank 8 Elo 2366 (+8),21-17 / 21-17,Lalinrat CHAIWAN Rank 20 Elo 2079 (-9),35,https://badmintonranks.com/tournament?id=10803,7,BWF World Championships 2022,Ratchanok INTANON (8),8.0,2366,Lalinrat CHAIWAN,20.0,2079
24/8/2022,Round 2,WD,Vivian H.. / LIM Chiew.. Rank 35 Elo 1748 (+0),W.O.,Rachel H.. / Kristen TS.. Rank 23 Elo 1884 (-3),0,https://badmintonranks.com/tournament?id=10803,7,BWF World Championships 2022,Vivian HO / LIM Chiew Sien,35.0,1748,Rachel HU / Kristen TSAI,23.0,1884
24/8/2022,Round 2,WS,Michelle LI (13) Rank 13 Elo 2038 (+8),21-19 / 21-13,YIP Pui Yin Rank 87 Elo 1733 (-11),58,https://badmintonranks.com/tournament?id=10803,7,BWF World Championships 2022,Michelle LI (13),13.0,2038,YIP Pui Yin,87.0,1733
24/8/2022,Round 2,XD,Thom GI.. / Delphine .. (7) Rank 9 Elo 2083 (+8),10-21 / 25-23 / 21-16,YANG Po.. / HU Ling F.. Rank 34 Elo 1785 (-10),71,https://badmintonranks.com/tournament?id=10803,7,BWF World Championships 2022,Thom GICQUEL / Delphine DELRUE (7),9.0,2083,YANG Po Hsuan / HU Ling Fang,34.0,1785
23/8/2022,Round 2,WS,Akane YAMAGUCHI (1) Rank 1 Elo 2360 (+12),21-12 / 21-15,Gregoria Mariska TUNJ.. Rank 24 Elo 2140 (-12),34,https://badmintonranks.com/tournament?id=10803,7,BWF World Championships 2022,Akane YAMAGUCHI (1),1.0,2360,Gregoria Mariska TUNJUNG,24.0,2140
23/8/2022,Round 2,XD,ZHENG .. / HUANG .. (1) Rank 2 Elo 2444 (+1),21-11 / 21-12,Ties VAN .. / Debora JI.. Rank 77 Elo 1694 (-1),24,https://badmintonranks.com/tournament?id=10803,7,BWF World Championships 2022,ZHENG Si Wei / HUANG Dong Ping (1),2.0,2444,Ties VAN DER LECQ / Debora JILLE,77.0,1694
23/8/2022,Round 2,WS,HE Bing Jiao (9) Rank 9 Elo 2325 (+5),21-13 / 21-7,Iris WANG Rank 32 Elo 1942 (-6),32,https://badmintonranks.com/tournament?id=10803,7,BWF World Championships 2022,HE Bing Jiao (9),9.0,2325,Iris WANG,32.0,1942
23/8/2022,Round 2,XD,SEO Seu.. / CHAE Yu.. (5) Rank 6 Elo 2077 (+6),21-13 / 21-10,Fabricio .. / Jaqueline .. Rank 60 Elo 1711 (-9),25,https://badmintonranks.com/tournament?id=10803,7,BWF World Championships 2022,SEO Seung Jae / CHAE Yu Jung (5),6.0,2077,Fabricio AUGUSTO / Jacqueline FUNAOKA,60.0,1711
23/8/2022,Round 2,XD,Rehan N.. / Lisa Ayu K.. Rank 44 Elo 1795 (+28),21-14 / 21-15,CHANG .. / NG Wing .. (16) Rank 24 Elo 1727 (-31),33,https://badmintonranks.com/tournament?id=10803,7,BWF World Championships 2022,Rehan Naufal KUSHARJANTO / Lisa Ayu KUSUMAWATI,44.0,1795,CHANG Tak Ching / NG Wing Yung (16),24.0,1727
23/8/2022,Round 2,XD,Supak JO.. / Supissar.. (14) Rank 20 Elo 1997 (+8),21-14 / 21-17,Ishaan B.. / Tanisha C.. Rank 41 Elo 1684 (-12),31,https://badmintonranks.com/tournament?id=10803,7,BWF World Championships 2022,Supak JOMKOH / Supissara PACHARAMONGKOL (14),20.0,1997,Ishaan BHATNAGAR / Tanisha CRASTO,41.0,1684
23/8/2022,Round 2,WS,WANG Zhi Yi (11) Rank 11 Elo 2307 (+4),21-15 / 21-14,Line CHRISTOPHERSEN Rank 21 Elo 1895 (-5),35,https://badmintonranks.com/tournament?id=10803,7,BWF World Championships 2022,WANG Zhi Yi (11),11.0,2307,Line CHRISTOPHERSEN,21.0,1895
23/8/2022,Round 2,WS,Sayaka TAKAHASHI (14) Rank 14 Elo 2212 (+17),9-21 / 21-16 / 21-13,KIM Ga Eun Rank 19 Elo 2076 (-17),47,https://badmintonranks.com/tournament?id=10803,7,BWF World Championships 2022,Sayaka TAKAHASHI (14),14.0,2212,KIM Ga Eun,19.0,2076
23/8/2022,Round 2,XD,Rinov RI.. / Pitha Han.. (13) Rank 18 Elo 1961 (+7),21-15 / 19-21 / 21-8,LEE Yang / YANG Chi.. Rank 62 Elo 1619 (-13),44,https://badmintonranks.com/tournament?id=10803,7,BWF World Championships 2022,Rinov RIVALDY / Pitha Haningtyas MENTARI (13),18.0,1961,LEE Yang / YANG Ching Tun,62.0,1619
23/8/2022,Round 2,XD,WANG Yi.. / HUANG .. (4) Rank 4 Elo 2227 (+7),21-14 / 12-21 / 21-11,CHEN Ta.. / PECK Yen.. Rank 28 Elo 1907 (-8),45,https://badmintonranks.com/tournament?id=10803,7,BWF World Championships 2022,WANG Yi Lyu / HUANG Dong Ping (4),4.0,2227,CHEN Tang Jie / PECK Yen Wei,28.0,1907
23/8/2022,Round 2,MS,Jonatan CHRISTIE (7) Rank 7 Elo 2207 (+6),21-4 / 21-16,Kai SCHAEFER Rank 81 Elo 1847 (-7),38,https://badmintonranks.com/tournament?id=10803,7,BWF World Championships 2022,Jonatan CHRISTIE (7),7.0,2207,Kai SCHAEFER,81.0,1847
23/8/2022,Round 2,XD,Kyohei Y.. / Naru SHI.. Rank 29 Elo 1839 (+45),21-13 / 21-18,Mathias .. / Alexandr.. (10) Rank 13 Elo 1995 (-40),49,https://badmintonranks.com/tournament?id=10803,8,BWF World Championships 2022,Kyohei YAMASHITA / Naru SHINOYA,29.0,1839,Mathias THYRRI / Alexandra BOE (10),13.0,1995
23/8/2022,Round 2,XD,TAN Kian.. / LAI Pei Ji.. (8) Rank 11 Elo 1934 (+7),21-6 / 21-5,Misha ZIL.. / Svetlana Z.. Rank 90 Elo 1602 (-15),22,https://badmintonranks.com/tournament?id=10803,8,BWF World Championships 2022,TAN Kian Meng / LAI Pei Jing (8),11.0,1934,Misha ZILBERMAN / Svetlana ZILBERMAN,90.0,1602
23/8/2022,Round 2,WS,ZHANG Beiwen (16) Rank 16 Elo 1979 (+9),21-8 / 21-14,LéOnice HUET Rank 55 Elo 1682 (-14),26,https://badmintonranks.com/tournament?id=10803,8,BWF World Championships 2022,ZHANG Beiwen (16),16.0,1979,LéOnice HUET,55.0,1682
23/8/2022,Round 2,WS,Carolina MARIN (5) Rank 5 Elo 2350 (+2),21-16 / 21-14,ZHANG Wen Yu Rank 71 Elo 1815 (-3),36,https://badmintonranks.com/tournament?id=10803,8,BWF World Championships 2022,Carolina MARIN (5),5.0,2350,ZHANG Wen Yu,71.0,1815
23/8/2022,Round 2,WS,AN Se Young (3) Rank 3 Elo 2437 (+2),21-18 / 21-10,NGUYEN Thuy Linh Rank 60 Elo 1862 (-2),36,https://badmintonranks.com/tournament?id=10803,8,BWF World Championships 2022,AN Se Young (3),3.0,2437,NGUYEN Thuy Linh,60.0,1862
23/8/2022,Round 2,WS,Saina NEHWAL Rank 33 Elo 1941 (+0),W.O.,Nozomi OKUHARA Rank 6 Elo 2322 (-4),0,https://badmintonranks.com/tournament?id=10803,8,BWF World Championships 2022,Saina NEHWAL,33.0,1941,Nozomi OKUHARA,6.0,2322
23/8/2022,Round 2,WS,HAN Yue Rank 22 Elo 2059 (+0),W.O.,PUSARLA V. Sindhu Rank 7 Elo 2404 (-4),0,https://badmintonranks.com/tournament?id=10803,8,BWF World Championships 2022,HAN Yue,22.0,2059,PUSARLA V. Sindhu,7.0,2404
23/8/2022,Round 2,MS,Viktor AXELSEN (1) Rank 1 Elo 2668 (+1),21-19 / 21-10,Mark CALJOUW Rank 28 Elo 2008 (-1),41,https://badmintonranks.com/tournament?id=10803,8,BWF World Championships 2022,Viktor AXELSEN (1),1.0,2668,Mark CALJOUW,28.0,2008
23/8/2022,Round 2,MS,Anthony Sinisuka GIN.. (6) Rank 6 Elo 2318 (+3),21-10 / 21-16,Georges Julien PAUL Rank 104 Elo 1819 (-4),29,https://badmintonranks.com/tournament?id=10803,8,BWF World Championships 2022,Anthony Sinisuka GINTING (6),6.0,2318,Georges Julien PAUL,104.0,1819
23/8/2022,Round 2,MS,LEE Cheuk Yiu (14) Rank 15 Elo 2081 (+11),21-17 / 21-12,Jan LOUDA Rank 99 Elo 1849 (-13),35,https://badmintonranks.com/tournament?id=10803,8,BWF World Championships 2022,LEE Cheuk Yiu (14),15.0,2081,Jan LOUDA,99.0,1849
23/8/2022,Round 2,MS,SHI Yu Qi Rank 25 Elo 2097 (+27),21-13 / 21-16,Rasmus GEMKE (11) Rank 12 Elo 2103 (-27),48,https://badmintonranks.com/tournament?id=10803,8,BWF World Championships 2022,SHI Yu Qi,25.0,2097,Rasmus GEMKE (11),12.0,2103
23/8/2022,Round 2,MS,Sitthikom THAMMASIN Rank 33 Elo 2005 (+39),21-9 / 10-21 / 21-19,NG Tze Yong Rank 42 Elo 2163 (-38),70,https://badmintonranks.com/tournament?id=10803,8,BWF World Championships 2022,Sitthikom THAMMASIN,33.0,2005,NG Tze Yong,42.0,2163
23/8/2022,Round 2,MS,WANG Tzu Wei (15) Rank 16 Elo 2089 (+33),21-18 / 21-16,LU Guang Zu Rank 24 Elo 2163 (-32),56,https://badmintonranks.com/tournament?id=10803,8,BWF World Championships 2022,WANG Tzu Wei (15),16.0,2089,LU Guang Zu,24.0,2163
23/8/2022,Round 2,MS,CHOU Tien Chen (4) Rank 4 Elo 2258 (+3),21-15 / 21-12,Jason Anthony HO-SHU.. Rank 53 Elo 1793 (-4),36,https://badmintonranks.com/tournament?id=10803,8,BWF World Championships 2022,CHOU Tien Chen (4),4.0,2258,Jason Anthony HO-SHUE,53.0,1793
23/8/2022,Round 1,XD,GUO Xin .. / ZHANG S.. Rank 32 Elo 1790 (+21),21-14 / 21-14,Vinson C.. / Jennie GA.. Rank 72 Elo 1647 (-30),31,https://badmintonranks.com/tournament?id=10803,8,BWF World Championships 2022,GUO Xin Wa / ZHANG Shu Xian,32.0,1790,Vinson CHIU / Jennie Gail HORLADOR,72.0,1647
23/8/2022,Round 1,MD,Alexande.. / Adam HA.. Rank 36 Elo 1781 (+38),21-10 / 21-12,Job CAS.. / Luis Arma.. Rank 81 Elo 1817 (-36),24,https://badmintonranks.com/tournament?id=10803,8,BWF World Championships 2022,Alexander DUNN / Adam HALL,36.0,1781,Job CASTELEIJN / Luis Armando MONTOYA,81.0,1817
23/8/2022,Round 1,WD,Julie MA.. / Ciara TOR.. Rank 47 Elo 1574 (+58),21-18 / 21-3,Francesc.. / Allison Qu.. Rank 77 Elo 1549 (-63),35,https://badmintonranks.com/tournament?id=10803,8,BWF World Championships 2022,Julie MACPHERSON / Ciara TORRANCE,47.0,1574,Francesca CORBETT / Allison QUEK,77.0,1549
23/8/2022,Round 1,WD,JIN Yu Jia / WONG Jia.. Rank 80 Elo 1703 (+10),21-12 / 21-7,Serena A.. / Katharina .. Rank 109 Elo 1357 (-26),27,https://badmintonranks.com/tournament?id=10803,8,BWF World Championships 2022,JIN Yu Jia / WONG Jia Lin,80.0,1703,Serena ANITA / Katharina FINK,109.0,1357
23/8/2022,Round 1,WD,BAEK Ha.. / LEE Yu Lim Rank 39 Elo 1877 (+16),21-13 / 21-8,Johanna .. / Clara NIS.. Rank 46 Elo 1693 (-22),34,https://badmintonranks.com/tournament?id=10803,8,BWF World Championships 2022,BAEK Ha Na / LEE Yu Lim,39.0,1877,Johanna GOLISZEWSKI / Clara NISTAD,46.0,1693
23/8/2022,Round 1,MD,Fabien D.. / William VI.. Rank 39 Elo 1655 (+39),21-14 / 21-18,Krishna P.. / Vishnuvar.. Rank 48 Elo 1594 (-49),37,https://badmintonranks.com/tournament?id=10803,8,BWF World Championships 2022,Fabien DELRUE / William VILLEGER,39.0,1655,Krishna Prasad GARAGA / Vishnuvardhan Goud PANJALA,48.0,1594
23/8/2022,Round 1,MD,Anibal M.. / Jonathan .. Rank 93 Elo 1559 (+60),21-9 / 21-14,Jonathan .. / Dylan SO.. Rank Elo 1526 (-65),24,https://badmintonranks.com/tournament?id=10803,9,BWF World Championships 2022,Anibal MOLINA / Jonathan MCDERMOTT,93.0,1559,Jonathan MCDERMOTT / Dylan SOROOSH,,1526
23/8/2022,Round 1,MD,Jeppe BA.. / Lasse MØ.. Rank 32 Elo 1719 (+35),21-11 / 18-21 / 25-23,Buwanek.. / Sachin DI.. Rank 96 Elo 1678 (-40),55,https://badmintonranks.com/tournament?id=10803,9,BWF World Championships 2022,Jeppe BAY / Lasse MØLHEDE,32.0,1719,Buwanek NILUKA / Sachin DIAS,96.0,1678
23/8/2022,Round 1,WD,Margot L.. / Anne TRAN Rank 52 Elo 1626 (+79),21-18 / 21-19,Febriana .. / Amallia C.. Rank 43 Elo 1816 (-49),55,https://badmintonranks.com/tournament?id=10803,9,BWF World Championships 2022,Margot LAMBERT / Anne TRAN,52.0,1626,Febriana Dwipuji KUSUMA / Amallia Cahaya PRATIWI,43.0,1816
23/8/2022,Round 1,MD,LU Ching.. / YANG Po .. Rank 23 Elo 1873 (+7),21-11 / 21-9,Joan MO.. / Carlos PI.. Rank 109 Elo 1506 (-17),28,https://badmintonranks.com/tournament?id=10803,9,BWF World Championships 2022,LU Ching Yao / YANG Po Hsuan,23.0,1873,Joan MORERA / Carlos PIOTTO,109.0,1506
23/8/2022,Round 1,MD,LEE Jhe-.. / YANG Po-.. Rank 40 Elo 1818 (+31),21-14 / 21-17,Ruben JI.. / Ties VAN .. Rank 42 Elo 1806 (-32),32,https://badmintonranks.com/tournament?id=10803,9,BWF World Championships 2022,LEE Jhe-Huei / YANG Po Hsuan,40.0,1818,Ruben JILLE / Ties VAN DER LECQ,42.0,1806
23/8/2022,Round 1,WS,Yvonne LI Rank 26 Elo 1831 (+14),21-10 / 21-10,Doha HANY Rank 92 Elo 1611 (-25),20,https://badmintonranks.com/tournament?id=10803,9,BWF World Championships 2022,Yvonne LI,26.0,1831,Doha HANY,92.0,1611
23/8/2022,Round 1,WD,Ashwini B.. / Shikha GA.. Rank 53 Elo 1661 (+41),21-8 / 21-14,Martina C.. / Judith MAI.. Rank 84 Elo 1614 (-48),30,https://badmintonranks.com/tournament?id=10803,9,BWF World Championships 2022,Ashwini BHAT K / Shikha GAUTAM,53.0,1661,Martina CORPUS / Judith MAIR,84.0,1614
23/8/2022,Round 1,XD,Zacharia.. / Hediana J.. Rank 52 Elo 1708 (+48),21-17 / 16-21 / 22-20,Mikkel MI.. / Rikke SØ.. Rank 35 Elo 1765 (-41),69,https://badmintonranks.com/tournament?id=10803,9,BWF World Championships 2022,Zachariah Josiahno SUMITRO / Hediana JULIMARBELA,52.0,1708,Mikkel MIKKELSEN / Rikke SØBY,35.0,1765
23/8/2022,Round 1,XD,Alexande.. / Ciara TOR.. Rank 120 Elo 1545 (+63),21-9 / 21-12,Philip BIR.. / Katharina .. Rank 94 Elo 1518 (-69),23,https://badmintonranks.com/tournament?id=10803,9,BWF World Championships 2022,Alexander DUNN / Ciara TORRANCE,120.0,1545,Philip BIRCH / Katharina FINK,94.0,1518
23/8/2022,Round 1,XD,Hiroki MI.. / Natsu SAI.. Rank 59 Elo 1719 (+30),21-14 / 21-13,Fabien D.. / Vimala HE.. Rank 75 Elo 1627 (-38),40,https://badmintonranks.com/tournament?id=10803,9,BWF World Championships 2022,Hiroki MIDORIKAWA / Natsu SAITO,59.0,1719,Fabien DELRUE / Vimala HERATHI,75.0,1627
23/8/2022,Round 1,WS,Saina NEHWAL Rank 33 Elo 1922 (+19),21-19 / 21-9,CHEUNG Ngan Yi Rank 50 Elo 1802 (-22),38,https://badmintonranks.com/tournament?id=10803,9,BWF World Championships 2022,Saina NEHWAL,33.0,1922,CHEUNG Ngan Yi,50.0,1802
23/8/2022,Round 1,WD,Catherine.. / Josephine.. Rank 56 Elo 1742 (+17),22-20 / 21-12,Flavie VA.. / Emilie VE.. Rank 106 Elo 1517 (-32),34,https://badmintonranks.com/tournament?id=10803,9,BWF World Championships 2022,Catherine CHOI / Josephine WU,56.0,1742,Flavie VANACKER / Emilie VESTERGAARD,106.0,1517
23/8/2022,Round 1,MD,Joshua M.. / Paul REY.. Rank 64 Elo 1461 (+124),21-18 / 21-19,Fabricio .. / Francielto.. Rank 84 Elo 1619 (-77),35,https://badmintonranks.com/tournament?id=10803,9,BWF World Championships 2022,Joshua MAYO / Paul REYNAUD,64.0,1461,Fabricio AUGUSTO / Francielto JUNIOR,84.0,1619
23/8/2022,Round 1,WS,Lalinrat CHAIWAN Rank 20 Elo 2068 (+11),21-18 / 21-13,PAI Yu Po Rank 38 Elo 1835 (-13),42,https://badmintonranks.com/tournament?id=10803,9,BWF World Championships 2022,Lalinrat CHAIWAN,20.0,2068,PAI Yu Po,38.0,1835
23/8/2022,Round 1,WD,Anna Chi.. / TEOH Mei.. Rank 33 Elo 1873 (+22),21-13 / 21-15,Stine KU.. / Emma MO.. Rank 68 Elo 1766 (-25),39,https://badmintonranks.com/tournament?id=10803,9,BWF World Championships 2022,Anna CHING / TEOH Mei Xing,33.0,1873,Stine KUUSISTO / Emma MOSZCZYNSKI,68.0,1766
23/8/2022,Round 1,WS,Soniia CHEAH Rank 40 Elo 1780 (+49),21-19 / 21-18,Putri Kusuma WARDANI Rank 44 Elo 1930 (-40),41,https://badmintonranks.com/tournament?id=10803,9,BWF World Championships 2022,Soniia CHEAH,40.0,1780,Putri Kusuma WARDANI,44.0,1930
23/8/2022,Round 1,WS,YIP Pui Yin Rank 87 Elo 1671 (+62),21-14 / 22-20,Lianne TAN Rank 37 Elo 1800 (-45),39,https://badmintonranks.com/tournament?id=10803,9,BWF World Championships 2022,YIP Pui Yin,87.0,1671,Lianne TAN,37.0,1800
23/8/2022,Round 1,XD,Gregory .. / Jenny MAI.. Rank 78 Elo 1664 (+26),21-10 / 23-21,Venkat G.. / Juhi DEW.. Rank 57 Elo 1495 (-44),28,https://badmintonranks.com/tournament?id=10803,9,BWF World Championships 2022,Gregory MAIRS / Jenny MAINZER,78.0,1664,Venkat Gaurav PRASAD / Juhi DEWANGAN,57.0,1495
23/8/2022,Round 1,WS,VU Thi Trang Rank 80 Elo 1707 (+48),21-10 / 21-17,KISONA Selvaduray Rank 54 Elo 1766 (-42),37,https://badmintonranks.com/tournament?id=10803,9,BWF World Championships 2022,VU Thi Trang,80.0,1707,KISONA Selvaduray,54.0,1766
23/8/2022,Round 1,WS,Martina REPISKA Rank 78 Elo 1551 (+94),21-16 / 12-21 / 21-17,Maria ULITINA Rank 58 Elo 1697 (-60),55,https://badmintonranks.com/tournament?id=10803,9,BWF World Championships 2022,Martina REPISKA,78.0,1551,Maria ULITINA,58.0,1697
23/8/2022,Round 1,XD,YANG Po.. / HU Ling F.. Rank 34 Elo 1741 (+44),21-13 / 21-16,Adam HA.. / Julie MAC.. Rank 39 Elo 1802 (-39),25,https://badmintonranks.com/tournament?id=10803,10,BWF World Championships 2022,YANG Po Hsuan / HU Ling Fang,34.0,1741,Adam HALL / Julie MACPHERSON,39.0,1802
23/8/2022,Round 1,XD,CHOI Sol.. / SHIN Seu.. Rank 99 Elo 1650 (+68),21-19 / 21-12,Jones Ra.. / Linda EFL.. Rank 38 Elo 1793 (-47),44,https://badmintonranks.com/tournament?id=10803,10,BWF World Championships 2022,CHOI Sol Gyu / SHIN Seung Chan,99.0,1650,Jones Ralfy JANSEN / Linda EFLER,38.0,1793
23/8/2022,Round 1,WD,Treesa J.. / GAYATRI .. Rank 37 Elo 1840 (+15),21-11 / 21-13,LOW Yee.. / Valeree SI.. Rank 64 Elo 1651 (-24),31,https://badmintonranks.com/tournament?id=10803,10,BWF World Championships 2022,Treesa JOLLY / GAYATRI GOPICHAND,37.0,1840,LOW Yeen Yuan / Valeree SIETSEMA,64.0,1651
22/8/2022,Round 1,MS,Kento MOMOTA (2) Rank 2 Elo 2263 (+2),21-16 / 21-14,Lino MUNOZ Rank 82 Elo 1729 (-4),37,https://badmintonranks.com/tournament?id=10803,10,BWF World Championships 2022,Kento MOMOTA (2),2.0,2263,Lino MUNOZ,82.0,1729
22/8/2022,Round 1,WD,Siti Fadia.. / Ribka SU.. Rank 28 Elo 1882 (+6),21-14 / 21-8,CHANG .. / YANG Chi.. Rank 75 Elo 1501 (-16),31,https://badmintonranks.com/tournament?id=10803,10,BWF World Championships 2022,Siti Fadia Silva RAMADHANTI / Ribka SUGIARTO,28.0,1882,CHANG Tak Ching / YANG Ching Tun,75.0,1501
22/8/2022,Round 1,WD,Debora JI.. / Cheryl SEI.. Rank 38 Elo 1777 (+8),21-13 / 21-14,Mariia ST.. / Yelyzaveta.. Rank 63 Elo 1426 (-22),34,https://badmintonranks.com/tournament?id=10803,10,BWF World Championships 2022,Debora JILLE / Cheryl SEINEN,38.0,1777,Mariia STOLIARENKO / Yelyzaveta ZHARKA,63.0,1426
22/8/2022,Round 1,MS,LOH Kean Yew (8) Rank 8 Elo 2221 (+6),21-12 / 21-12,Pablo ABIAN Rank 58 Elo 1843 (-6),29,https://badmintonranks.com/tournament?id=10803,10,BWF World Championships 2022,LOH Kean Yew (8),8.0,2221,Pablo ABIAN,58.0,1843
22/8/2022,Round 1,MD,HEE Yon.. / LOH Kean.. Rank 41 Elo 1850 (+17),21-17 / 21-18,Christo P.. / Toma Juni.. Rank 28 Elo 1675 (-24),34,https://badmintonranks.com/tournament?id=10803,10,BWF World Championships 2022,HEE Yong KWON / LOH Kean Yew,41.0,1850,Christo POPOV / Toma Junior POPOV,28.0,1675
22/8/2022,Round 1,MS,PRANNOY H. S. Rank 18 Elo 2208 (+2),21-12 / 21-11,Luka WRABER Rank 94 Elo 1572 (-3),34,https://badmintonranks.com/tournament?id=10803,10,BWF World Championships 2022,PRANNOY H. S.,18.0,2208,Luka WRABER,94.0,1572
22/8/2022,Round 1,MS,ZHAO Jun Peng Rank 23 Elo 2123 (+0),W.O.,Anuoluwapo Juwon OP.. Rank 114 Elo 1911 (-0),0,https://badmintonranks.com/tournament?id=10803,10,BWF World Championships 2022,ZHAO Jun Peng,23.0,2123,Anuoluwapo Juwon OPEYORI,114.0,1911
22/8/2022,Round 1,MS,KIDAMBI Srikanth (12) Rank 13 Elo 2179 (+11),22-20 / 21-19,Nhat NGUYEN Rank 39 Elo 1945 (-11),51,https://badmintonranks.com/tournament?id=10803,10,BWF World Championships 2022,KIDAMBI Srikanth (12),13.0,2179,Nhat NGUYEN,39.0,1945
22/8/2022,Round 1,MS,WONG Wing Ki Vincent Rank 67 Elo 1708 (+42),15-21 / 22-20 / 21-11,Julien CARRAGGI Rank 113 Elo 1715 (-41),57,https://badmintonranks.com/tournament?id=10803,10,BWF World Championships 2022,WONG Wing Ki Vincent,67.0,1708,Julien CARRAGGI,113.0,1715
22/8/2022,Round 1,WS,Iris WANG Rank 32 Elo 1936 (+6),21-5 / 21-13,Ksenia POLIKARPOVA Rank 81 Elo 1554 (-13),30,https://badmintonranks.com/tournament?id=10803,10,BWF World Championships 2022,Iris WANG,32.0,1936,Ksenia POLIKARPOVA,81.0,1554
22/8/2022,Round 1,WD,Benyapa .. / Nuntakarn.. Rank 29 Elo 1799 (+11),21-14 / 21-9,Kati-Kree.. / Helina RÜ.. Rank 54 Elo 1511 (-25),26,https://badmintonranks.com/tournament?id=10803,10,BWF World Championships 2022,Benyapa AIMSAARD / Nuntakarn AIMSAARD,29.0,1799,Kati-Kreete TÜÜR / Helina RÜÜTEL,54.0,1511
22/8/2022,Round 1,WD,LIU Xuan.. / XIA Yu Tin.. Rank 24 Elo 1816 (+11),21-7 / 21-7,Jaqueline.. / Samia LIM.. Rank 61 Elo 1550 (-24),26,https://badmintonranks.com/tournament?id=10803,10,BWF World Championships 2022,LIU Xuan Xuan / XIA Yu Ting,24.0,1816,Jacqueline FUNAOKA / Samia LIMA,61.0,1550
22/8/2022,Round 1,MD,Lucas C.. / Ronan LA.. Rank 56 Elo 1668 (+60),21-11 / 21-13,Adham H.. / Ahmed SA.. Rank 85 Elo 1771 (-46),23,https://badmintonranks.com/tournament?id=10803,10,BWF World Championships 2022,Lucas CORVEE / Ronan LABAR,56.0,1668,Adham Hatem ELGAMAL / Ahmed SALAH,85.0,1771
22/8/2022,Round 1,MS,Luís Enrique PEÑALVER Rank 74 Elo 1780 (+27),21-11 / 21-15,Daniel NIKOLOV Rank 117 Elo 1708 (-33),34,https://badmintonranks.com/tournament?id=10803,10,BWF World Championships 2022,Luís Enrique PEÑALVER,74.0,1780,Daniel NIKOLOV,117.0,1708
22/8/2022,Round 1,MS,Jan LOUDA Rank 99 Elo 1807 (+42),21-6 / 19-21 / 21-17,Misha ZILBERMAN Rank 47 Elo 1903 (-38),57,https://badmintonranks.com/tournament?id=10803,10,BWF World Championships 2022,Jan LOUDA,99.0,1807,Misha ZILBERMAN,47.0,1903
22/8/2022,Round 1,WD,Pooja DA.. / SANJANA.. Rank 95 Elo 1500 (+79),21-6 / 10-21 / 21-14,Ines Luci.. / Paula LA .. Rank 100 Elo 1500 (-79),45,https://badmintonranks.com/tournament?id=10803,10,BWF World Championships 2022,Pooja DANDU / SANJANA SANTOSH,95.0,1500,Ines Lucia CASTILLO SILVA / Paula LALAGUNA,100.0,1500
22/8/2022,Round 1,XD,CHEN Ta.. / PECK Yen.. Rank 28 Elo 1905 (+2),21-8 / 19-2 Ret.,Mathew F.. / Isabel ZH.. Rank 118 Elo 1500 (-6),16,https://badmintonranks.com/tournament?id=10803,10,BWF World Championships 2022,CHEN Tang Jie / PECK Yen Wei,28.0,1905,Mathew FOGARTY / Isabel ZHUK,118.0,1500
22/8/2022,Round 1,MS,Georges Julien PAUL Rank 104 Elo 1804 (+15),21-16 / 21-16,Luis Armando MONTOY.. Rank 124 Elo 1584 (-26),28,https://badmintonranks.com/tournament?id=10803,11,BWF World Championships 2022,Georges Julien PAUL,104.0,1804,Luis Armando MONTOYA,124.0,1584
22/8/2022,Round 1,MS,NG Ka Long Angus (10) Rank 11 Elo 2127 (+15),21-15 / 23-21,HEO Kwang Hee Rank 32 Elo 1965 (-16),40,https://badmintonranks.com/tournament?id=10803,11,BWF World Championships 2022,NG Ka Long Angus (10),11.0,2127,HEO Kwang Hee,32.0,1965
22/8/2022,Round 1,MD,M.R.ARJ.. / DHRUV K.. Rank 35 Elo 1798 (+34),21-17 / 17-21 / 22-20,Supak JO.. / Kittinupon.. Rank 33 Elo 1802 (-34),65,https://badmintonranks.com/tournament?id=10803,11,BWF World Championships 2022,M.R. ARJUN / DHRUV KAPILA,35.0,1798,Supak JOMKOH / Kittinupong KEDREN,33.0,1802
22/8/2022,Round 1,MS,Lakshya SEN (9) Rank 10 Elo 2262 (+12),21-12 / 21-11,Hans-Kristian Solberg VI.. Rank 19 Elo 2044 (-12),35,https://badmintonranks.com/tournament?id=10803,11,BWF World Championships 2022,Lakshya SEN (9),10.0,2262,Hans-Kristian Solberg VITTINGHUS,19.0,2044
22/8/2022,Round 1,MS,LEE Zii Jia (5) Rank 5 Elo 2399 (+3),21-9 / 21-13,Brice LEVERDEZ Rank 40 Elo 1927 (-3),39,https://badmintonranks.com/tournament?id=10803,11,BWF World Championships 2022,LEE Zii Jia (5),5.0,2399,Brice LEVERDEZ,40.0,1927
22/8/2022,Round 1,MS,Kevin CORDON Rank 41 Elo 2032 (+7),21-18 / 21-17,Niluka KARUNARATNE Rank 122 Elo 1723 (-11),37,https://badmintonranks.com/tournament?id=10803,11,BWF World Championships 2022,Kevin CORDON,41.0,2032,Niluka KARUNARATNE,122.0,1723
22/8/2022,Round 1,MS,LEE Cheuk Yiu (14) Rank 15 Elo 2075 (+6),21-19 / 21-13,Abhinav MANOTA Rank 105 Elo 1708 (-9),31,https://badmintonranks.com/tournament?id=10803,11,BWF World Championships 2022,LEE Cheuk Yiu (14),15.0,2075,Abhinav MANOTA,105.0,1708
22/8/2022,Round 1,MS,Kodai NARAOKA Rank 31 Elo 2085 (+5),21-12 / 21-17,DANYLO BOSNIUK Rank 98 Elo 1715 (-8),45,https://badmintonranks.com/tournament?id=10803,11,BWF World Championships 2022,Kodai NARAOKA,31.0,2085,DANYLO BOSNIUK,98.0,1715
22/8/2022,Round 1,MD,Christoph.. / Matthew .. Rank 53 Elo 1677 (+35),21-19 / 21-16,Ondřej K.. / Adam ME.. Rank 97 Elo 1599 (-45),43,https://badmintonranks.com/tournament?id=10803,11,BWF World Championships 2022,Christoph WEGNER / Matthew NOTTINGHAM,53.0,1677,Ondrej KRAPL / Adam MENDREK,97.0,1599
22/8/2022,Round 1,WS,KIM Ga Eun Rank 19 Elo 2048 (+28),21-13 / 21-7,Line Højmark KJAERSF.. Rank 25 Elo 2057 (-28),33,https://badmintonranks.com/tournament?id=10803,11,BWF World Championships 2022,KIM Ga Eun,19.0,2048,Line Højmark KJAERSFELDT,25.0,2057
22/8/2022,Round 1,MS,Kunlavut VITIDSARN (16) Rank 17 Elo 2272 (+6),21-17 / 21-10,Tommy SUGIARTO Rank 34 Elo 1917 (-7),52,https://badmintonranks.com/tournament?id=10803,11,BWF World Championships 2022,Kunlavut VITIDSARN (16),17.0,2272,Tommy SUGIARTO,34.0,1917
22/8/2022,Round 1,MS,Kenta NISHIMOTO Rank 21 Elo 2098 (+35),21-15 / 21-19,Anders ANTONSEN (3) Rank 3 Elo 2197 (-33),61,https://badmintonranks.com/tournament?id=10803,11,BWF World Championships 2022,Kenta NISHIMOTO,21.0,2098,Anders ANTONSEN (3),3.0,2197
22/8/2022,Round 1,WD,Vivian H.. / LIM Chiew.. Rank 35 Elo 1701 (+47),21-17 / 21-15,Linda EF.. / Isabel LO.. Rank 26 Elo 1744 (-42),45,https://badmintonranks.com/tournament?id=10803,11,BWF World Championships 2022,Vivian HO / LIM Chiew Sien,35.0,1701,Linda EFLER / Isabel LOHAU,26.0,1744
22/8/2022,Round 1,MS,WANG Tzu Wei (15) Rank 16 Elo 2078 (+11),21-8 / 21-6,NGUYEN Tien Minh Rank 91 Elo 1844 (-13),28,https://badmintonranks.com/tournament?id=10803,11,BWF World Championships 2022,WANG Tzu Wei (15),16.0,2078,NGUYEN Tien Minh,91.0,1844
22/8/2022,Round 1,WS,ZHANG Wen Yu Rank 71 Elo 1793 (+22),21-7 / 11-21 / 21-19,THET Htar Thuzar Rank 73 Elo 1669 (-30),39,https://badmintonranks.com/tournament?id=10803,11,BWF World Championships 2022,ZHANG Wen Yu,71.0,1793,THET Htar Thuzar,73.0,1669
22/8/2022,Round 1,MS,Felix BURESTEDT Rank 63 Elo 1785 (+35),21-9 / 21-9,Adham Hatem ELGAMA.. Rank 107 Elo 1788 (-35),29,https://badmintonranks.com/tournament?id=10803,11,BWF World Championships 2022,Felix BURESTEDT,63.0,1785,Adham Hatem ELGAMAL,107.0,1788
22/8/2022,Round 1,MS,Kai SCHAEFER Rank 81 Elo 1807 (+40),21-19 / 21-18,Kantaphon WANGCHA.. Rank 22 Elo 1883 (-36),50,https://badmintonranks.com/tournament?id=10803,11,BWF World Championships 2022,Kai SCHAEFER,81.0,1807,Kantaphon WANGCHAROEN,22.0,1883
22/8/2022,Round 1,MS,LU Guang Zu Rank 24 Elo 2154 (+9),21-9 / 13-21 / 21-14,Toby PENTY Rank 52 Elo 1889 (-11),61,https://badmintonranks.com/tournament?id=10803,11,BWF World Championships 2022,LU Guang Zu,24.0,2154,Toby PENTY,52.0,1889
22/8/2022,Round 1,MD,Hiroki OK.. / Masayuki .. Rank 52 Elo 1671 (+32),21-11 / 19-21 / 21-15,ATTRI M.. / REDDY B... Rank 57 Elo 1558 (-45),62,https://badmintonranks.com/tournament?id=10803,11,BWF World Championships 2022,Hiroki OKAMURA / Masayuki MORIZONO,52.0,1671,ATTRI Manu / REDDY Badri Narayana,57.0,1558
22/8/2022,Round 1,WS,LéOnice HUET Rank 55 Elo 1586 (+96),21-18 / 21-16,Kristin KUUBA Rank 46 Elo 1824 (-52),45,https://badmintonranks.com/tournament?id=10803,11,BWF World Championships 2022,LéOnice HUET,55.0,1586,Kristin KUUBA,46.0,1824
22/8/2022,Round 1,MS,Jason Anthony HO-SHU.. Rank 53 Elo 1772 (+21),21-11 / 21-18,Howard SHU Rank 134 Elo 1627 (-32),33,https://badmintonranks.com/tournament?id=10803,12,BWF World Championships 2022,Jason Anthony HO-SHUE,53.0,1772,Howard SHU,134.0,1627
22/8/2022,Round 1,MS,Mark CALJOUW Rank 28 Elo 1991 (+17),21-13 / 21-14,Jia Heng Jason TEH Rank 86 Elo 1846 (-19),33,https://badmintonranks.com/tournament?id=10803,12,BWF World Championships 2022,Mark CALJOUW,28.0,1991,Jia Heng Jason TEH,86.0,1846
22/8/2022,Round 1,MS,Viktor AXELSEN (1) Rank 1 Elo 2667 (+1),21-16 / 21-12,LIEW Daren Rank 29 Elo 1985 (-1),42,https://badmintonranks.com/tournament?id=10803,12,BWF World Championships 2022,Viktor AXELSEN (1),1.0,2667,LIEW Daren,29.0,1985
22/8/2022,Round 1,WS,Line CHRISTOPHERSEN Rank 21 Elo 1874 (+21),21-14 / 21-12,Malvika BANSOD Rank 47 Elo 1761 (-25),27,https://badmintonranks.com/tournament?id=10803,12,BWF World Championships 2022,Line CHRISTOPHERSEN,21.0,1874,Malvika BANSOD,47.0,1761
22/8/2022,Round 1,MS,SHI Yu Qi Rank 25 Elo 2087 (+10),22-20 / 21-10,Ade Resky DWICAHYO Rank 80 Elo 1811 (-11),33,https://badmintonranks.com/tournament?id=10803,12,BWF World Championships 2022,SHI Yu Qi,25.0,2087,Ade Resky DWICAHYO,80.0,1811
22/8/2022,Round 1,WS,NGUYEN Thuy Linh Rank 60 Elo 1813 (+49),12-21 / 21-19 / 21-11,Aya OHORI Rank 27 Elo 2002 (-42),61,https://badmintonranks.com/tournament?id=10803,12,BWF World Championships 2022,NGUYEN Thuy Linh,60.0,1813,Aya OHORI,27.0,2002
22/8/2022,Round 1,XD,Ties VAN .. / Debora JI.. Rank 77 Elo 1613 (+81),17-21 / 21-10 / 21-10,Jonathan .. / Diana CO.. Rank 64 Elo 1792 (-50),43,https://badmintonranks.com/tournament?id=10803,12,BWF World Championships 2022,Ties VAN DER LECQ / Debora JILLE,77.0,1613,Jonathan MCDERMOTT / Diana CORTES,64.0,1792
22/8/2022,Round 1,MS,CHOU Tien Chen (4) Rank 4 Elo 2251 (+7),21-15 / 15-21 / 21-15,SAI PRANEETH B. Rank 20 Elo 1931 (-8),64,https://badmintonranks.com/tournament?id=10803,12,BWF World Championships 2022,CHOU Tien Chen (4),4.0,2251,SAI PRANEETH B.,20.0,1931
22/8/2022,Round 1,XD,Ishaan B.. / Tanisha C.. Rank 41 Elo 1645 (+39),21-12 / 21-13,Patrick V.. / Franziska .. Rank 70 Elo 1574 (-50),29,https://badmintonranks.com/tournament?id=10803,12,BWF World Championships 2022,Ishaan BHATNAGAR / Tanisha CRASTO,41.0,1645,Patrick VIEIRA / Franziska STOLZ,70.0,1574
22/8/2022,Round 1,WS,Gregoria Mariska TUNJ.. Rank 24 Elo 2120 (+20),24-22 / 21-7,Kirsty GILMOUR Rank 17 Elo 2032 (-21),32,https://badmintonranks.com/tournament?id=10803,12,BWF World Championships 2022,Gregoria Mariska TUNJUNG,24.0,2120,Kirsty GILMOUR,17.0,2032
22/8/2022,Round 1,XD,Kyohei Y.. / Naru SHI.. Rank 29 Elo 1815 (+24),21-13 / 21-17,William V.. / Anne TRAN Rank 55 Elo 1720 (-29),52,https://badmintonranks.com/tournament?id=10803,12,BWF World Championships 2022,Kyohei YAMASHITA / Naru SHINOYA,29.0,1815,William VILLEGER / Anne TRAN,55.0,1720
22/8/2022,Round 1,MS,Jonatan CHRISTIE (7) Rank 7 Elo 2191 (+16),21-9 / 21-11,Toma Junior POPOV Rank 27 Elo 2046 (-16),34,https://badmintonranks.com/tournament?id=10803,12,BWF World Championships 2022,Jonatan CHRISTIE (7),7.0,2191,Toma Junior POPOV,27.0,2046
22/8/2022,Round 1,MS,Rasmus GEMKE (11) Rank 12 Elo 2095 (+8),21-10 / 21-18,Kalle KOLJONEN Rank 69 Elo 1800 (-10),45,https://badmintonranks.com/tournament?id=10803,12,BWF World Championships 2022,Rasmus GEMKE (11),12.0,2095,Kalle KOLJONEN,69.0,1800
22/8/2022,Round 1,XD,Fabricio .. / Jaqueline .. Rank 60 Elo 1666 (+45),15-21 / 21-13 / 21-16,Anton KA.. / Alžběta B.. Rank 79 Elo 1654 (-47),41,https://badmintonranks.com/tournament?id=10803,12,BWF World Championships 2022,Fabricio AUGUSTO / Jacqueline FUNAOKA,60.0,1666,Anton KASHUBA / Alžběta BACÍKOVÁ,79.0,1654
22/8/2022,Round 1,MD,Jaromir J.. / Tomáš ŠV.. Rank 105 Elo 1443 (+90),21-14 / 26-24,Glib BEK.. / Mykhaylo .. Rank 120 Elo 1438 (-91),38,https://badmintonranks.com/tournament?id=10803,12,BWF World Championships 2022,Jaromir JANSA / Tomáš ŠVEJDA,105.0,1443,Glib BEKEY / Mykhaylo MEDVEDEV,120.0,1438
22/8/2022,Round 1,XD,Rehan N.. / Lisa Ayu K.. Rank 44 Elo 1758 (+37),21-14 / 21-9,LEE Jhe-.. / HSU Ya C.. Rank 25 Elo 1763 (-36),25,https://badmintonranks.com/tournament?id=10803,12,BWF World Championships 2022,Rehan Naufal KUSHARJANTO / Lisa Ayu KUSUMAWATI,44.0,1758,LEE Jhe-Huei / HSU Ya Ching,25.0,1763
22/8/2022,Round 1,MD,Bjarne G.. / Jan Colin .. Rank 70 Elo 1580 (+59),21-17 / 22-20,Torjus FL.. / Vegard RI.. Rank 62 Elo 1569 (-62),36,https://badmintonranks.com/tournament?id=10803,12,BWF World Championships 2022,Bjarne GEHNERT / Jan Colin STICHLING,70.0,1580,Torjus FLAATTEN / Vegard RIKHEIM,62.0,1569
22/8/2022,Round 1,MD,Keiichiro .. / Yoshinori .. Rank 34 Elo 1757 (+25),21-12 / 21-7,KANG Mi.. / KIM Jae H.. Rank 65 Elo 1642 (-34),37,https://badmintonranks.com/tournament?id=10803,12,BWF World Championships 2022,Keiichiro MATSUI / Yoshinori TAKEUTI,34.0,1757,KANG Min Hyuk / KIM Jae Hwan,65.0,1642
22/8/2022,Round 1,WD,YEUNG .. / YEUNG P.. Rank 60 Elo 1767 (+6),21-7 / 21-8,Kate FR.. / Moya RYA.. Rank 82 Elo 1349 (-18),24,https://badmintonranks.com/tournament?id=10803,12,BWF World Championships 2022,YEUNG Wing Lee / YEUNG Pak Hon,60.0,1767,Kate FFRENCH / Moya RYAN,82.0,1349
22/8/2022,Round 1,WS,HAN Yue Rank 22 Elo 2049 (+10),21-14 / 21-15,QI Xuefei Rank 43 Elo 1777 (-12),35,https://badmintonranks.com/tournament?id=10803,12,BWF World Championships 2022,HAN Yue,22.0,2049,QI Xuefei,43.0,1777
22/8/2022,Round 1,WS,SIM Yu Jin Rank 42 Elo 1955 (+0),W.O.,YEO Jia Min Rank 18 Elo 2033 (-0),0,https://badmintonranks.com/tournament?id=10803,13,BWF World Championships 2022,SIM Yu Jin,42.0,1955,YEO Jia Min,18.0,2033
22/8/2022,Round 1,MS,Anthony Sinisuka GIN.. (6) Rank 6 Elo 2315 (+3),13-21 / 21-15 / 21-12,Ygor COELHO Rank 51 Elo 1850 (-4),53,https://badmintonranks.com/tournament?id=10803,13,BWF World Championships 2022,Anthony Sinisuka GINTING (6),6.0,2315,Ygor COELHO,51.0,1850
22/8/2022,Round 1,MS,Sitthikom THAMMASIN Rank 33 Elo 1962 (+43),13-21 / 21-16 / 21-13,Kanta TSUNEYAMA (13) Rank 14 Elo 2167 (-40),76,https://badmintonranks.com/tournament?id=10803,13,BWF World Championships 2022,Sitthikom THAMMASIN,33.0,1962,Kanta TSUNEYAMA (13),14.0,2167
22/8/2022,Round 1,XD,Misha ZIL.. / Svetlana Z.. Rank 90 Elo 1472 (+130),16-21 / 21-18 / 21-11,Adham H.. / Doha HAN.. Rank 51 Elo 1678 (-69),36,https://badmintonranks.com/tournament?id=10803,13,BWF World Championships 2022,Misha ZILBERMAN / Svetlana ZILBERMAN,90.0,1472,Adham Hatem ELGAMAL / Doha Hany ABDELAZIZ,51.0,1678
22/8/2022,Round 1,XD,HEE Yon.. / TAN Wei .. Rank 33 Elo 1937 (+0),W.O.,Callum H.. / Jessica P.. Rank 46 Elo 1765 (-0),0,https://badmintonranks.com/tournament?id=10803,13,BWF World Championships 2022,HEE Yong KWON / TAN Wei Qiang,33.0,1937,Callum HEMMING / Jessica PUGH,46.0,1765
22/8/2022,Round 1,XD,LEE Yang / YANG Chi.. Rank 62 Elo 1619 (+0),W.O.,Sachin DI.. / Thilini HE.. Rank 170 Elo 1676 (-0),0,https://badmintonranks.com/tournament?id=10803,13,BWF World Championships 2022,LEE Yang / YANG Ching Tun,62.0,1619,Sachin DIAS / Thilini HENDAHEWA,170.0,1676
22/8/2022,Round 1,WD,Ashwini P.. / REDDY Si.. Rank 25 Elo 1661 (+24),21-7 / 21-9,Aminath .. / Fathimath .. Rank 103 Elo 1472 (-43),21,https://badmintonranks.com/tournament?id=10803,13,BWF World Championships 2022,Ashwini PONNAPPA / REDDY Sikki Gupta,25.0,1661,Aminath NABEEHA / Fathimath NABAAHA,103.0,1472
22/8/2022,Round 1,MS,NG Tze Yong Rank 42 Elo 2137 (+26),21-16 / 21-10,Chico Aura DWI WARD.. Rank 35 Elo 2125 (-26),40,https://badmintonranks.com/tournament?id=10803,13,BWF World Championships 2022,NG Tze Yong,42.0,2137,Chico Aura DWI WARDOYO,35.0,2125
22/8/2022,Round 1,MS,Bernardo ATILANO Rank 138 Elo 1680 (+0),W.O.,Max WEISSKIRCHEN Rank 57 Elo 1817 (-0),0,https://badmintonranks.com/tournament?id=10803,13,BWF World Championships 2022,Bernardo ATILANO,138.0,1680,Max WEISSKIRCHEN,57.0,1817
19/12/2021,Final,MS,LOH Kean Yew Rank 22 Elo 2373 (+18),21-15 / 22-20,KIDAMBI Srikanth (12) Rank 14 Elo 2239 (-18),43,https://badmintonranks.com/tournament?id=14012,1,BWF World Championships 2021,LOH Kean Yew,22.0,2373,KIDAMBI Srikanth (12),14.0,2239
19/12/2021,Final,MD,Takuro H.. / Yugo KO.. (5) Rank 4 Elo 2334 (+8),21-12 / 21-18,HE Ji Ting / TAN Qian.. (16) Rank 24 Elo 2018 (-8),38,https://badmintonranks.com/tournament?id=14012,1,BWF World Championships 2021,Takuro HOKI / Yugo KOBAYASHI (5),4.0,2334,HE Ji Ting / TAN Qiang (16),24.0,2018
19/12/2021,Final,WD,CHEN Qi.. / JIA Yi Fan (1) Rank 3 Elo 2318 (+22),21-16 / 21-17,LEE So H.. / SHIN Se.. (2) Rank 4 Elo 2236 (-22),64,https://badmintonranks.com/tournament?id=14012,1,BWF World Championships 2021,CHEN Qi Ming / JIA Yi Fan (1),3.0,2318,LEE So Hee / SHIN Se Eum (2),4.0,2236
19/12/2021,Final,WS,Akane YAMAGUCHI (2) Rank 3 Elo 2503 (+32),21-14 / 21-11,TAI Tzu Ying (1) Rank 1 Elo 2555 (-33),39,https://badmintonranks.com/tournament?id=14012,1,BWF World Championships 2021,Akane YAMAGUCHI (2),3.0,2503,TAI Tzu Ying (1),1.0,2555
19/12/2021,Final,XD,Dechapol.. / Sapsiree .. (2) Rank 1 Elo 2417 (+24),21-13 / 21-14,Yuta WAT.. / Arisa IGA.. (3) Rank 4 Elo 2362 (-24),46,https://badmintonranks.com/tournament?id=14012,1,BWF World Championships 2021,Dechapol PUAVARANUKROH / Sapsiree TAERATTANACHAI (2),1.0,2417,Yuta WATANABE / Arisa IGAKI (3),4.0,2362
18/12/2021,Semi final,MS,LOH Kean Yew Rank 22 Elo 2340 (+33),23-21 / 21-14,Anders ANTONSEN (3) Rank 3 Elo 2401 (-32),61,https://badmintonranks.com/tournament?id=14012,1,BWF World Championships 2021,LOH Kean Yew,22.0,2340,Anders ANTONSEN (3),3.0,2401
18/12/2021,Semi final,MD,HE Ji Ting / TAN Qian.. (16) Rank 24 Elo 1979 (+39),21-16 / 13-21 / 21-15,Kim AST.. / Anders S.. (7) Rank 10 Elo 2092 (-38),58,https://badmintonranks.com/tournament?id=14012,1,BWF World Championships 2021,HE Ji Ting / TAN Qiang (16),24.0,1979,Kim ASTRUP / Anders Skaarup RASMUSSEN (7),10.0,2092
18/12/2021,Semi final,MS,KIDAMBI Srikanth (12) Rank 14 Elo 2212 (+27),17-21 / 21-14 / 21-17,Lakshya SEN Rank 19 Elo 2195 (-27),69,https://badmintonranks.com/tournament?id=14012,1,BWF World Championships 2021,KIDAMBI Srikanth (12),14.0,2212,Lakshya SEN,19.0,2195
18/12/2021,Semi final,MD,Takuro H.. / Yugo KO.. (5) Rank 4 Elo 2320 (+14),21-13 / 21-9,ONG Yew.. / TEO Ee .. (9) Rank 12 Elo 2135 (-14),32,https://badmintonranks.com/tournament?id=14012,1,BWF World Championships 2021,Takuro HOKI / Yugo KOBAYASHI (5),4.0,2320,ONG Yew Sin / TEO Ee Yi (9),12.0,2135
18/12/2021,Semi final,WD,LEE So H.. / SHIN Se.. (2) Rank 4 Elo 2208 (+28),21-18 / 21-17,KIM So Y.. / KONG H.. (3) Rank 2 Elo 2203 (-28),69,https://badmintonranks.com/tournament?id=14012,1,BWF World Championships 2021,LEE So Hee / SHIN Se Eum (2),4.0,2208,KIM So Yeong / KONG Hee Yong (3),2.0,2203
18/12/2021,Semi final,XD,Yuta WAT.. / Arisa IGA.. (3) Rank 4 Elo 2359 (+3),21-13 / 21-8,Kyohei Y.. / Naru SHI.. Rank 53 Elo 1864 (-4),37,https://badmintonranks.com/tournament?id=14012,1,BWF World Championships 2021,Yuta WATANABE / Arisa IGAKI (3),4.0,2359,Kyohei YAMASHITA / Naru SHINOYA,53.0,1864
18/12/2021,Semi final,WD,CHEN Qi.. / JIA Yi Fan (1) Rank 3 Elo 2294 (+24),21-15 / 21-12,Mayu MA.. / Wakana .. (4) Rank 5 Elo 2245 (-25),48,https://badmintonranks.com/tournament?id=14012,1,BWF World Championships 2021,CHEN Qi Ming / JIA Yi Fan (1),3.0,2294,Mayu MATSUMOTO / Wakana NAGAHARA (4),5.0,2245
18/12/2021,Semi final,XD,Dechapol.. / Sapsiree .. (2) Rank 1 Elo 2406 (+11),15-21 / 21-7 / 21-10,TANG Ch.. / TSE Ying.. (5) Rank 7 Elo 2151 (-10),61,https://badmintonranks.com/tournament?id=14012,1,BWF World Championships 2021,Dechapol PUAVARANUKROH / Sapsiree TAERATTANACHAI (2),1.0,2406,TANG Chun Man / TSE Ying Suet (5),7.0,2151
18/12/2021,Semi final,WS,Akane YAMAGUCHI (2) Rank 3 Elo 2501 (+2),21-19 / 21-19,ZHANG Yi Man Rank 46 Elo 1928 (-2),44,https://badmintonranks.com/tournament?id=14012,1,BWF World Championships 2021,Akane YAMAGUCHI (2),3.0,2501,ZHANG Yi Man,46.0,1928
18/12/2021,Semi final,WS,TAI Tzu Ying (1) Rank 1 Elo 2542 (+13),21-17 / 13-21 / 21-14,HE Bing Jiao (8) Rank 9 Elo 2331 (-13),57,https://badmintonranks.com/tournament?id=14012,1,BWF World Championships 2021,TAI Tzu Ying (1),1.0,2542,HE Bing Jiao (8),9.0,2331
17/12/2021,Quarter final,MD,Kim AST.. / Anders S.. (7) Rank 10 Elo 2071 (+21),26-28 / 21-13 / 21-9,Mark LA.. / Marvin S.. (12) Rank 16 Elo 1983 (-22),72,https://badmintonranks.com/tournament?id=14012,1,BWF World Championships 2021,Kim ASTRUP / Anders Skaarup RASMUSSEN (7),10.0,2071,Mark LAMSFUSS / Marvin SEIDEL (12),16.0,1983
17/12/2021,Quarter final,MD,HE Ji Ting / TAN Qian.. (16) Rank 24 Elo 1949 (+30),22-20 / 21-14,GOH V S.. / TAN Wee.. (10) Rank 14 Elo 1957 (-30),40,https://badmintonranks.com/tournament?id=14012,1,BWF World Championships 2021,HE Ji Ting / TAN Qiang (16),24.0,1949,GOH V Shem / TAN Wee Kiong (10),14.0,1957
17/12/2021,Quarter final,WD,LEE So H.. / SHIN Se.. (2) Rank 4 Elo 2199 (+9),19-21 / 21-18 / 21-18,Jongkolp.. / Rawinda .. (6) Rank 9 Elo 1923 (-10),83,https://badmintonranks.com/tournament?id=14012,1,BWF World Championships 2021,LEE So Hee / SHIN Se Eum (2),4.0,2199,Jongkolphan KITITHARAKUL / Rawinda PRAJONGJAI (6),9.0,1923
17/12/2021,Quarter final,WD,KIM So Y.. / KONG H.. (3) Rank 2 Elo 2196 (+7),21-8 / 21-18,Rin IWAN.. / Kie NAKA.. Rank 34 Elo 1874 (-9),52,https://badmintonranks.com/tournament?id=14012,1,BWF World Championships 2021,KIM So Yeong / KONG Hee Yong (3),2.0,2196,Rin IWANAGA / Kie NAKANISHI,34.0,1874
17/12/2021,Quarter final,MS,LOH Kean Yew Rank 22 Elo 2328 (+12),21-14 / 21-12,PRANNOY H. S. Rank 32 Elo 2104 (-12),43,https://badmintonranks.com/tournament?id=14012,1,BWF World Championships 2021,LOH Kean Yew,22.0,2328,PRANNOY H. S.,32.0,2104
17/12/2021,Quarter final,XD,Kyohei Y.. / Naru SHI.. Rank 53 Elo 1810 (+54),21-13 / 17-21 / 21-19,Rodion A.. / Alina DA.. (16) Rank 22 Elo 2025 (-45),67,https://badmintonranks.com/tournament?id=14012,2,BWF World Championships 2021,Kyohei YAMASHITA / Naru SHINOYA,53.0,1810,Rodion ALIMOV / Alina DAVLETOVA (16),22.0,2025
17/12/2021,Quarter final,MS,Anders ANTONSEN (3) Rank 3 Elo 2389 (+12),12-21 / 21-8 / 11-1 Ret.,LEE Zii Jia (6) Rank 7 Elo 2307 (-12),48,https://badmintonranks.com/tournament?id=14012,2,BWF World Championships 2021,Anders ANTONSEN (3),3.0,2389,LEE Zii Jia (6),7.0,2307
17/12/2021,Quarter final,XD,Yuta WAT.. / Arisa IGA.. (3) Rank 4 Elo 2355 (+4),21-14 / 21-19,Yuki KAN.. / Misaki M.. (13) Rank 18 Elo 1930 (-5),45,https://badmintonranks.com/tournament?id=14012,2,BWF World Championships 2021,Yuta WATANABE / Arisa IGAKI (3),4.0,2355,Yuki KANEKO / Misaki MATSUTOMO (13),18.0,1930
17/12/2021,Quarter final,WS,ZHANG Yi Man Rank 46 Elo 1870 (+58),13-21 / 21-13 / 21-15,Ratchanok INTANON (7) Rank 8 Elo 2279 (-50),64,https://badmintonranks.com/tournament?id=14012,2,BWF World Championships 2021,ZHANG Yi Man,46.0,1870,Ratchanok INTANON (7),8.0,2279
17/12/2021,Quarter final,WS,Akane YAMAGUCHI (2) Rank 3 Elo 2471 (+30),21-7 / 11-21 / 21-10,AN Se Young (5) Rank 4 Elo 2498 (-29),52,https://badmintonranks.com/tournament?id=14012,2,BWF World Championships 2021,Akane YAMAGUCHI (2),3.0,2471,AN Se Young (5),4.0,2498
17/12/2021,Quarter final,XD,TANG Ch.. / TSE Ying.. (5) Rank 7 Elo 2137 (+14),21-11 / 21-10,Mark LA.. / Isabel LO.. (11) Rank 15 Elo 1956 (-16),33,https://badmintonranks.com/tournament?id=14012,2,BWF World Championships 2021,TANG Chun Man / TSE Ying Suet (5),7.0,2137,Mark LAMSFUSS / Isabel LOHAU (11),15.0,1956
17/12/2021,Quarter final,MD,Takuro H.. / Yugo KO.. (5) Rank 4 Elo 2317 (+3),21-18 / 21-12,Keiichiro .. / Yoshinori .. Rank 43 Elo 1787 (-4),37,https://badmintonranks.com/tournament?id=14012,2,BWF World Championships 2021,Takuro HOKI / Yugo KOBAYASHI (5),4.0,2317,Keiichiro MATSUI / Yoshinori TAKEUTI,43.0,1787
17/12/2021,Quarter final,MD,ONG Yew.. / TEO Ee .. (9) Rank 12 Elo 2097 (+38),12-21 / 21-17 / 21-15,LEE Yang / WANG C.. (3) Rank 3 Elo 2229 (-38),65,https://badmintonranks.com/tournament?id=14012,2,BWF World Championships 2021,ONG Yew Sin / TEO Ee Yi (9),12.0,2097,LEE Yang / WANG Chang (3),3.0,2229
17/12/2021,Quarter final,WD,CHEN Qi.. / JIA Yi Fan (1) Rank 3 Elo 2270 (+24),21-13 / 21-17,Nami MA.. / Chiharu .. (7) Rank 7 Elo 2233 (-25),45,https://badmintonranks.com/tournament?id=14012,2,BWF World Championships 2021,CHEN Qi Ming / JIA Yi Fan (1),3.0,2270,Nami MATSUYAMA / Chiharu SHIDA (7),7.0,2233
17/12/2021,Quarter final,MS,Lakshya SEN Rank 19 Elo 2180 (+15),21-15 / 15-21 / 22-20,ZHAO Jun Peng Rank 42 Elo 2006 (-15),67,https://badmintonranks.com/tournament?id=14012,2,BWF World Championships 2021,Lakshya SEN,19.0,2180,ZHAO Jun Peng,42.0,2006
17/12/2021,Quarter final,XD,Dechapol.. / Sapsiree .. (2) Rank 1 Elo 2402 (+4),21-15 / 21-13,GOH Soo.. / LAI Shev.. (10) Rank 14 Elo 1956 (-4),44,https://badmintonranks.com/tournament?id=14012,2,BWF World Championships 2021,Dechapol PUAVARANUKROH / Sapsiree TAERATTANACHAI (2),1.0,2402,GOH Soon Huat / LAI Shevon Jemie (10),14.0,1956
17/12/2021,Quarter final,MS,KIDAMBI Srikanth (12) Rank 14 Elo 2192 (+20),21-8 / 21-7,Mark CALJOUW Rank 28 Elo 2102 (-21),26,https://badmintonranks.com/tournament?id=14012,2,BWF World Championships 2021,KIDAMBI Srikanth (12),14.0,2192,Mark CALJOUW,28.0,2102
17/12/2021,Quarter final,WS,HE Bing Jiao (8) Rank 9 Elo 2325 (+6),21-16 / 21-18,HAN Yue Rank 30 Elo 1971 (-6),46,https://badmintonranks.com/tournament?id=14012,2,BWF World Championships 2021,HE Bing Jiao (8),9.0,2325,HAN Yue,30.0,1971
17/12/2021,Quarter final,WD,Mayu MA.. / Wakana .. (4) Rank 5 Elo 2234 (+11),21-15 / 21-17,Gabriela .. / Stefani S.. (8) Rank 10 Elo 1975 (-11),41,https://badmintonranks.com/tournament?id=14012,2,BWF World Championships 2021,Mayu MATSUMOTO / Wakana NAGAHARA (4),5.0,2234,Gabriela STOEVA / Stefani STOEVA (8),10.0,1975
17/12/2021,Quarter final,WS,TAI Tzu Ying (1) Rank 1 Elo 2527 (+15),21-17 / 21-13,PUSARLA V. Sindhu (6) Rank 7 Elo 2350 (-15),42,https://badmintonranks.com/tournament?id=14012,2,BWF World Championships 2021,TAI Tzu Ying (1),1.0,2527,PUSARLA V. Sindhu (6),7.0,2350
16/12/2021,Round 3,MD,Kim AST.. / Anders S.. (7) Rank 10 Elo 2055 (+16),20-22 / 21-14 / 21-11,Vladimir I.. / Ivan SOZ.. (11) Rank 15 Elo 1893 (-17),62,https://badmintonranks.com/tournament?id=14012,2,BWF World Championships 2021,Kim ASTRUP / Anders Skaarup RASMUSSEN (7),10.0,2055,Vladimir IVANOV / Ivan SOZONOV (11),15.0,1893
16/12/2021,Round 3,MD,Mark LA.. / Marvin S.. (12) Rank 16 Elo 1977 (+6),21-6 / 21-18,Torjus FL.. / Vegard RI.. Rank 103 Elo 1598 (-12),29,https://badmintonranks.com/tournament?id=14012,2,BWF World Championships 2021,Mark LAMSFUSS / Marvin SEIDEL (12),16.0,1977,Torjus FLAATTEN / Vegard RIKHEIM,103.0,1598
16/12/2021,Round 3,XD,GOH Soo.. / LAI Shev.. (10) Rank 14 Elo 1945 (+11),21-8 / 19-21 / 21-19,YEUNG .. / NG Tsz Ya.. Rank 80 Elo 1685 (-16),51,https://badmintonranks.com/tournament?id=14012,2,BWF World Championships 2021,GOH Soon Huat / LAI Shevon Jemie (10),14.0,1945,YEUNG Wing Lee / NG Tsz Yau,80.0,1685
16/12/2021,Round 3,MS,ZHAO Jun Peng Rank 42 Elo 1981 (+25),21-19 / 19-21 / 21-18,Nhat NGUYEN Rank 51 Elo 1942 (-26),87,https://badmintonranks.com/tournament?id=14012,2,BWF World Championships 2021,ZHAO Jun Peng,42.0,1981,Nhat NGUYEN,51.0,1942
16/12/2021,Round 3,MS,Lakshya SEN Rank 19 Elo 2159 (+21),21-13 / 21-8,Kevin CORDON Rank 43 Elo 2071 (-20),32,https://badmintonranks.com/tournament?id=14012,2,BWF World Championships 2021,Lakshya SEN,19.0,2159,Kevin CORDON,43.0,2071
16/12/2021,Round 3,MS,PRANNOY H. S. Rank 32 Elo 2069 (+35),16-21 / 21-8 / 22-20,Rasmus GEMKE (11) Rank 10 Elo 2169 (-35),76,https://badmintonranks.com/tournament?id=14012,3,BWF World Championships 2021,PRANNOY H. S.,32.0,2069,Rasmus GEMKE (11),10.0,2169
16/12/2021,Round 3,WS,Akane YAMAGUCHI (2) Rank 3 Elo 2461 (+10),21-15 / 21-18,Sayaka TAKAHASHI (12) Rank 13 Elo 2208 (-10),34,https://badmintonranks.com/tournament?id=14012,3,BWF World Championships 2021,Akane YAMAGUCHI (2),3.0,2461,Sayaka TAKAHASHI (12),13.0,2208
16/12/2021,Round 3,WS,AN Se Young (5) Rank 4 Elo 2494 (+4),17-21 / 22-20 / 21-19,WANG Zhi Yi (14) Rank 17 Elo 2071 (-4),81,https://badmintonranks.com/tournament?id=14012,3,BWF World Championships 2021,AN Se Young (5),4.0,2494,WANG Zhi Yi (14),17.0,2071
16/12/2021,Round 3,MS,LEE Zii Jia (6) Rank 7 Elo 2290 (+17),21-15 / 15-21 / 21-10,Hans-Kristian Solberg VI.. Rank 21 Elo 2161 (-18),58,https://badmintonranks.com/tournament?id=14012,3,BWF World Championships 2021,LEE Zii Jia (6),7.0,2290,Hans-Kristian Solberg VITTINGHUS,21.0,2161
16/12/2021,Round 3,MS,Anders ANTONSEN (3) Rank 3 Elo 2376 (+13),21-9 / 21-11,LEE Cheuk Yiu (13) Rank 15 Elo 2182 (-14),36,https://badmintonranks.com/tournament?id=14012,3,BWF World Championships 2021,Anders ANTONSEN (3),3.0,2376,LEE Cheuk Yiu (13),15.0,2182
16/12/2021,Round 3,XD,Kyohei Y.. / Naru SHI.. Rank 53 Elo 1759 (+51),17-21 / 21-17 / 21-17,Robin TA.. / Selena PI.. (14) Rank 20 Elo 1900 (-42),67,https://badmintonranks.com/tournament?id=14012,3,BWF World Championships 2021,Kyohei YAMASHITA / Naru SHINOYA,53.0,1759,Robin TABELING / Selena PIEK (14),20.0,1900
16/12/2021,Round 3,XD,Dechapol.. / Sapsiree .. (2) Rank 1 Elo 2401 (+1),21-9 / 21-16,Mathias T.. / Mai SURR.. Rank 56 Elo 1711 (-1),35,https://badmintonranks.com/tournament?id=14012,3,BWF World Championships 2021,Dechapol PUAVARANUKROH / Sapsiree TAERATTANACHAI (2),1.0,2401,Mathias THYRRI / Mai SURROW,56.0,1711
16/12/2021,Round 3,WD,KIM So Y.. / KONG H.. (3) Rank 2 Elo 2187 (+9),21-13 / 21-19,Maiken F.. / Sara THY.. (11) Rank 17 Elo 1906 (-10),52,https://badmintonranks.com/tournament?id=14012,3,BWF World Championships 2021,KIM So Yeong / KONG Hee Yong (3),2.0,2187,Maiken FRUERGAARD / Sara THYGESEN (11),17.0,1906
16/12/2021,Round 3,MD,GOH V S.. / TAN Wee.. (10) Rank 14 Elo 1949 (+8),21-14 / 14-21 / 21-17,Bjarne G.. / Jan Colin .. Rank 68 Elo 1638 (-15),50,https://badmintonranks.com/tournament?id=14012,3,BWF World Championships 2021,GOH V Shem / TAN Wee Kiong (10),14.0,1949,Bjarne GEHNERT / Jan Colin STICHLING,68.0,1638
16/12/2021,Round 3,MS,LOH Kean Yew Rank 22 Elo 2321 (+7),21-4 / 21-7,Kantaphon WANGCH.. (16) Rank 20 Elo 1992 (-8),30,https://badmintonranks.com/tournament?id=14012,3,BWF World Championships 2021,LOH Kean Yew,22.0,2321,Kantaphon WANGCHAROEN (16),20.0,1992
16/12/2021,Round 3,MD,HE Ji Ting / TAN Qian.. (16) Rank 24 Elo 1903 (+46),17-21 / 21-14 / 21-16,Aaron CH.. / SOH Wo.. (4) Rank 7 Elo 2114 (-42),50,https://badmintonranks.com/tournament?id=14012,3,BWF World Championships 2021,HE Ji Ting / TAN Qiang (16),24.0,1903,Aaron CHIA / SOH Wooi Yik (4),7.0,2114
16/12/2021,Round 3,WS,HE Bing Jiao (8) Rank 9 Elo 2311 (+14),21-13 / 21-10,Mia BLICHFELDT (13) Rank 14 Elo 2119 (-14),39,https://badmintonranks.com/tournament?id=14012,3,BWF World Championships 2021,HE Bing Jiao (8),9.0,2311,Mia BLICHFELDT (13),14.0,2119
16/12/2021,Round 3,MS,Mark CALJOUW Rank 28 Elo 2081 (+21),22-20 / 21-12,Brian YANG Rank 41 Elo 1989 (-21),41,https://badmintonranks.com/tournament?id=14012,3,BWF World Championships 2021,Mark CALJOUW,28.0,2081,Brian YANG,41.0,1989
16/12/2021,Round 3,XD,Mark LA.. / Isabel LO.. (11) Rank 15 Elo 1931 (+25),21-13 / 13-21 / 21-18,HOO Pan.. / CHEAH Y.. Rank 23 Elo 1874 (-26),63,https://badmintonranks.com/tournament?id=14012,3,BWF World Championships 2021,Mark LAMSFUSS / Isabel LOHAU (11),15.0,1931,HOO Pang Ron / CHEAH Yee See,23.0,1874
16/12/2021,Round 3,XD,TANG Ch.. / TSE Ying.. (5) Rank 7 Elo 2118 (+19),21-15 / 16-21 / 21-16,Mathias .. / Alexandr.. (12) Rank 13 Elo 2010 (-20),68,https://badmintonranks.com/tournament?id=14012,3,BWF World Championships 2021,TANG Chun Man / TSE Ying Suet (5),7.0,2118,Mathias THYRRI / Alexandra BOE (12),13.0,2010
16/12/2021,Round 3,WD,Rin IWAN.. / Kie NAKA.. Rank 34 Elo 1825 (+49),21-12 / 17-21 / 21-18,LI Wen M.. / ZHENG .. (10) Rank 15 Elo 2007 (-42),83,https://badmintonranks.com/tournament?id=14012,3,BWF World Championships 2021,Rin IWANAGA / Kie NAKANISHI,34.0,1825,LI Wen Mei / ZHENG Si Wei (10),15.0,2007
16/12/2021,Round 3,WD,LEE So H.. / SHIN Se.. (2) Rank 4 Elo 2196 (+3),21-17 / 21-18,NG Tsz Y.. / YUEN Sin .. Rank 57 Elo 1725 (-5),53,https://badmintonranks.com/tournament?id=14012,3,BWF World Championships 2021,LEE So Hee / SHIN Se Eum (2),4.0,2196,NG Tsz Yau / YUEN Sin Yan,57.0,1725
16/12/2021,Round 3,MD,Keiichiro .. / Yoshinori .. Rank 43 Elo 1758 (+29),24-22 / 25-23,Fabien D.. / William VI.. Rank 64 Elo 1674 (-35),55,https://badmintonranks.com/tournament?id=14012,3,BWF World Championships 2021,Keiichiro MATSUI / Yoshinori TAKEUTI,43.0,1758,Fabien DELRUE / William VILLEGER,64.0,1674
16/12/2021,Round 3,XD,Yuta WAT.. / Arisa IGA.. (3) Rank 4 Elo 2351 (+4),21-19 / 21-19,TAN Kian.. / LAI Pei Ji.. (9) Rank 11 Elo 1908 (-4),49,https://badmintonranks.com/tournament?id=14012,3,BWF World Championships 2021,Yuta WATANABE / Arisa IGAKI (3),4.0,2351,TAN Kian Meng / LAI Pei Jing (9),11.0,1908
16/12/2021,Round 3,MD,LEE Yang / WANG C.. (3) Rank 3 Elo 2218 (+11),21-18 / 17-21 / 21-18,GOH Sze.. / Nur IZZU.. (14) Rank 18 Elo 1976 (-12),68,https://badmintonranks.com/tournament?id=14012,4,BWF World Championships 2021,LEE Yang / WANG Chang (3),3.0,2218,GOH Sze Fei / Nur IZZUDDIN (14),18.0,1976
16/12/2021,Round 3,MS,KIDAMBI Srikanth (12) Rank 14 Elo 2166 (+26),21-10 / 21-15,LU Guang Zu Rank 27 Elo 2148 (-26),40,https://badmintonranks.com/tournament?id=14012,4,BWF World Championships 2021,KIDAMBI Srikanth (12),14.0,2166,LU Guang Zu,27.0,2148
16/12/2021,Round 3,MD,Takuro H.. / Yugo KO.. (5) Rank 4 Elo 2315 (+2),21-14 / 21-15,Christoph.. / Matthew .. Rank 59 Elo 1744 (-3),37,https://badmintonranks.com/tournament?id=14012,4,BWF World Championships 2021,Takuro HOKI / Yugo KOBAYASHI (5),4.0,2315,Christoph WEGNER / Matthew NOTTINGHAM,59.0,1744
16/12/2021,Round 3,WD,CHEN Qi.. / JIA Yi Fan (1) Rank 3 Elo 2265 (+5),21-11 / 21-17,Rachel H.. / Kristen T.. (15) Rank 23 Elo 1846 (-5),48,https://badmintonranks.com/tournament?id=14012,4,BWF World Championships 2021,CHEN Qi Ming / JIA Yi Fan (1),3.0,2265,Rachel HU / Kristen TSAI (15),23.0,1846
16/12/2021,Round 3,MD,ONG Yew.. / TEO Ee .. (9) Rank 12 Elo 2070 (+27),22-20 / 18-21 / 21-15,Satwiksai.. / Chirag S.. (8) Rank 9 Elo 2062 (-27),68,https://badmintonranks.com/tournament?id=14012,4,BWF World Championships 2021,ONG Yew Sin / TEO Ee Yi (9),12.0,2070,Satwiksairaj RANKIREDDY / Chirag SHETTY (8),9.0,2062
16/12/2021,Round 3,WS,Ratchanok INTANON (7) Rank 8 Elo 2273 (+6),23-21 / 21-9,Line CHRISTOPHERSEN Rank 22 Elo 1925 (-7),34,https://badmintonranks.com/tournament?id=14012,4,BWF World Championships 2021,Ratchanok INTANON (7),8.0,2273,Line CHRISTOPHERSEN,22.0,1925
16/12/2021,Round 3,WS,HAN Yue Rank 30 Elo 1928 (+43),21-19 / 21-19,Michelle LI (10) Rank 11 Elo 2102 (-40),49,https://badmintonranks.com/tournament?id=14012,4,BWF World Championships 2021,HAN Yue,30.0,1928,Michelle LI (10),11.0,2102
16/12/2021,Round 3,WD,Gabriela .. / Stefani S.. (8) Rank 10 Elo 1962 (+13),21-10 / 21-9,Chloe CO.. / Lauren S.. (9) Rank 13 Elo 1755 (-18),31,https://badmintonranks.com/tournament?id=14012,4,BWF World Championships 2021,Gabriela STOEVA / Stefani STOEVA (8),10.0,1962,Chloe COBB / Lauren SMITH (9),13.0,1755
16/12/2021,Round 3,WD,Nami MA.. / Chiharu .. (7) Rank 7 Elo 2222 (+11),21-15 / 21-15,Puttita S.. / Sapsiree .. (12) Rank 18 Elo 1981 (-12),43,https://badmintonranks.com/tournament?id=14012,4,BWF World Championships 2021,Nami MATSUYAMA / Chiharu SHIDA (7),7.0,2222,Puttita SUPAJIRAKUL / Sapsiree TAERATTANACHAI (12),18.0,1981
16/12/2021,Round 3,WS,ZHANG Yi Man Rank 46 Elo 1815 (+55),21-16 / 21-19,KIM Ga Eun (16) Rank 20 Elo 2082 (-45),38,https://badmintonranks.com/tournament?id=14012,4,BWF World Championships 2021,ZHANG Yi Man,46.0,1815,KIM Ga Eun (16),20.0,2082
16/12/2021,Round 3,WD,Jongkolp.. / Rawinda .. (6) Rank 9 Elo 1903 (+20),21-13 / 21-15,Ashwini P.. / REDDY Si.. Rank 21 Elo 1784 (-23),38,https://badmintonranks.com/tournament?id=14012,4,BWF World Championships 2021,Jongkolphan KITITHARAKUL / Rawinda PRAJONGJAI (6),9.0,1903,Ashwini PONNAPPA / REDDY Sikki Gupta,21.0,1784
16/12/2021,Round 3,XD,Yuki KAN.. / Misaki M.. (13) Rank 18 Elo 1895 (+35),21-15 / 21-16,Thom GI.. / Delphine .. (8) Rank 12 Elo 1952 (-34),48,https://badmintonranks.com/tournament?id=14012,4,BWF World Championships 2021,Yuki KANEKO / Misaki MATSUTOMO (13),18.0,1895,Thom GICQUEL / Delphine DELRUE (8),12.0,1952
16/12/2021,Round 3,WD,Mayu MA.. / Wakana .. (4) Rank 5 Elo 2232 (+2),21-14 / 21-14,NG Wing .. / YEUNG N.. Rank 62 Elo 1724 (-4),42,https://badmintonranks.com/tournament?id=14012,4,BWF World Championships 2021,Mayu MATSUMOTO / Wakana NAGAHARA (4),5.0,2232,NG Wing Yung / YEUNG Nga Ting,62.0,1724
16/12/2021,Round 3,WS,PUSARLA V. Sindhu (6) Rank 7 Elo 2325 (+25),21-14 / 21-18,Pornpawee CHOCHU.. (9) Rank 10 Elo 2297 (-25),48,https://badmintonranks.com/tournament?id=14012,4,BWF World Championships 2021,PUSARLA V. Sindhu (6),7.0,2325,Pornpawee CHOCHUWONG (9),10.0,2297
16/12/2021,Round 3,WS,TAI Tzu Ying (1) Rank 1 Elo 2524 (+3),21-10 / 19-21 / 21-11,Kirsty GILMOUR Rank 21 Elo 2063 (-4),48,https://badmintonranks.com/tournament?id=14012,4,BWF World Championships 2021,TAI Tzu Ying (1),1.0,2524,Kirsty GILMOUR,21.0,2063
15/12/2021,Round 2,XD,GOH Soo.. / LAI Shev.. (10) Rank 14 Elo 1919 (+26),21-13 / 21-16,Supak JO.. / Supissara .. Rank 26 Elo 1881 (-26),31,https://badmintonranks.com/tournament?id=14012,4,BWF World Championships 2021,GOH Soon Huat / LAI Shevon Jemie (10),14.0,1919,Supak JOMKOH / Supissara PACHARAMONGKOL,26.0,1881
15/12/2021,Round 2,XD,Mark LA.. / Isabel LO.. (11) Rank 15 Elo 1918 (+13),21-18 / 18-21 / 21-16,Dejan FE.. / Serena K.. Rank 97 Elo 1708 (-19),65,https://badmintonranks.com/tournament?id=14012,4,BWF World Championships 2021,Mark LAMSFUSS / Isabel LOHAU (11),15.0,1918,Dejan FERDINANSYAH / Serena KOTHLOW,97.0,1708
15/12/2021,Round 2,XD,TANG Ch.. / TSE Ying.. (5) Rank 7 Elo 2112 (+6),21-10 / 21-15,Adam HA.. / Julie MAC.. Rank 51 Elo 1756 (-8),29,https://badmintonranks.com/tournament?id=14012,4,BWF World Championships 2021,TANG Chun Man / TSE Ying Suet (5),7.0,2112,Adam HALL / Julie MACPHERSON,51.0,1756
15/12/2021,Round 2,WS,Ratchanok INTANON (7) Rank 8 Elo 2271 (+2),21-8 / 21-12,YIP Pui Yin Rank 65 Elo 1705 (-3),33,https://badmintonranks.com/tournament?id=14012,4,BWF World Championships 2021,Ratchanok INTANON (7),8.0,2271,YIP Pui Yin,65.0,1705
15/12/2021,Round 2,MS,Kantaphon WANGCH.. (16) Rank 20 Elo 1984 (+8),21-14 / 21-14,Kai SCHAEFER Rank 76 Elo 1661 (-13),48,https://badmintonranks.com/tournament?id=14012,4,BWF World Championships 2021,Kantaphon WANGCHAROEN (16),20.0,1984,Kai SCHAEFER,76.0,1661
15/12/2021,Round 2,MD,Aaron CH.. / SOH Wo.. (4) Rank 7 Elo 2105 (+9),21-18 / 20-22 / 21-16,OU Xuan .. / ZHANG N.. Rank 27 Elo 1827 (-11),56,https://badmintonranks.com/tournament?id=14012,5,BWF World Championships 2021,Aaron CHIA / SOH Wooi Yik (4),7.0,2105,OU Xuan Yi / ZHANG Nan,27.0,1827
15/12/2021,Round 2,XD,Mathias .. / Alexandr.. (12) Rank 13 Elo 2001 (+9),21-16 / 17-21 / 21-14,GUO Xin .. / ZHANG S.. Rank 41 Elo 1697 (-13),69,https://badmintonranks.com/tournament?id=14012,5,BWF World Championships 2021,Mathias THYRRI / Alexandra BOE (12),13.0,2001,GUO Xin Wa / ZHANG Shu Xian,41.0,1697
15/12/2021,Round 2,MS,LEE Cheuk Yiu (13) Rank 15 Elo 2176 (+6),21-13 / 21-15,Ade Resky DWICAHYO Rank 75 Elo 1794 (-7),35,https://badmintonranks.com/tournament?id=14012,5,BWF World Championships 2021,LEE Cheuk Yiu (13),15.0,2176,Ade Resky DWICAHYO,75.0,1794
15/12/2021,Round 2,MS,Anders ANTONSEN (3) Rank 3 Elo 2374 (+2),21-11 / 21-15,Niluka KARUNARATNE Rank 124 Elo 1723 (-1),39,https://badmintonranks.com/tournament?id=14012,5,BWF World Championships 2021,Anders ANTONSEN (3),3.0,2374,Niluka KARUNARATNE,124.0,1723
15/12/2021,Round 2,WS,KIM Ga Eun (16) Rank 20 Elo 2049 (+33),21-18 / 24-22,Lalinrat CHAIWAN Rank 19 Elo 2127 (-33),44,https://badmintonranks.com/tournament?id=14012,5,BWF World Championships 2021,KIM Ga Eun (16),20.0,2049,Lalinrat CHAIWAN,19.0,2127
15/12/2021,Round 2,MS,LOH Kean Yew Rank 22 Elo 2320 (+1),21-4 / 21-8,Luka WRABER Rank 93 Elo 1606 (-1),25,https://badmintonranks.com/tournament?id=14012,5,BWF World Championships 2021,LOH Kean Yew,22.0,2320,Luka WRABER,93.0,1606
15/12/2021,Round 2,MS,LEE Zii Jia (6) Rank 7 Elo 2286 (+4),21-14 / 22-24 / 21-14,Ygor COELHO Rank 50 Elo 1834 (-4),58,https://badmintonranks.com/tournament?id=14012,5,BWF World Championships 2021,LEE Zii Jia (6),7.0,2286,Ygor COELHO,50.0,1834
15/12/2021,Round 2,MS,Hans-Kristian Solberg VI.. Rank 21 Elo 2128 (+33),11-21 / 21-13 / 21-17,Kanta TSUNEYAMA (9) Rank 11 Elo 2208 (-32),63,https://badmintonranks.com/tournament?id=14012,5,BWF World Championships 2021,Hans-Kristian Solberg VITTINGHUS,21.0,2128,Kanta TSUNEYAMA (9),11.0,2208
15/12/2021,Round 2,WS,Akane YAMAGUCHI (2) Rank 3 Elo 2459 (+2),21-13 / 21-15,Line Højmark KJAERSF.. Rank 31 Elo 1922 (-2),35,https://badmintonranks.com/tournament?id=14012,5,BWF World Championships 2021,Akane YAMAGUCHI (2),3.0,2459,Line Højmark KJAERSFELDT,31.0,1922
15/12/2021,Round 2,XD,Dechapol.. / Sapsiree .. (2) Rank 1 Elo 2401 (+0),21-7 / 21-13,Patrick V.. / Franziska .. Rank 79 Elo 1589 (-1),29,https://badmintonranks.com/tournament?id=14012,5,BWF World Championships 2021,Dechapol PUAVARANUKROH / Sapsiree TAERATTANACHAI (2),1.0,2401,Patrick VIEIRA / Franziska STOLZ,79.0,1589
15/12/2021,Round 2,MD,HE Ji Ting / TAN Qian.. (16) Rank 24 Elo 1881 (+22),16-21 / 21-12 / 21-12,Callum H.. / Steven ST.. Rank 49 Elo 1783 (-25),46,https://badmintonranks.com/tournament?id=14012,5,BWF World Championships 2021,HE Ji Ting / TAN Qiang (16),24.0,1881,Callum HEMMING / Steven STALLWOOD,49.0,1783
15/12/2021,Round 2,WS,Line CHRISTOPHERSEN Rank 22 Elo 1916 (+9),3-1 Ret.,Busanan ONGBAMRU.. (11) Rank 12 Elo 2141 (-8),5,https://badmintonranks.com/tournament?id=14012,5,BWF World Championships 2021,Line CHRISTOPHERSEN,22.0,1916,Busanan ONGBAMRUNGPHAN (11),12.0,2141
15/12/2021,Round 2,MS,Rasmus GEMKE (11) Rank 10 Elo 2164 (+5),22-20 / 21-12,Luís Enrique PEÑALVER Rank 66 Elo 1768 (-7),49,https://badmintonranks.com/tournament?id=14012,5,BWF World Championships 2021,Rasmus GEMKE (11),10.0,2164,Luís Enrique PEÑALVER,66.0,1768
15/12/2021,Round 2,WS,AN Se Young (5) Rank 4 Elo 2492 (+2),21-7 / 21-15,Iris WANG Rank 34 Elo 1864 (-2),35,https://badmintonranks.com/tournament?id=14012,5,BWF World Championships 2021,AN Se Young (5),4.0,2492,Iris WANG,34.0,1864
15/12/2021,Round 2,WD,LEE So H.. / SHIN Se.. (2) Rank 4 Elo 2188 (+8),21-12 / 21-13,Chisato H.. / Aoi MATS.. Rank 37 Elo 1869 (-8),43,https://badmintonranks.com/tournament?id=14012,5,BWF World Championships 2021,LEE So Hee / SHIN Se Eum (2),4.0,2188,Chisato HOSHI / Aoi MATSUSHIMA,37.0,1869
15/12/2021,Round 2,WD,Jongkolp.. / Rawinda .. (6) Rank 9 Elo 1886 (+17),21-16 / 13-21 / 21-17,Ekaterina.. / Alina DAV.. Rank 35 Elo 1732 (-23),65,https://badmintonranks.com/tournament?id=14012,5,BWF World Championships 2021,Jongkolphan KITITHARAKUL / Rawinda PRAJONGJAI (6),9.0,1886,Ekaterina BOLOTOVA / Alina DAVLETOVA,35.0,1732
15/12/2021,Round 2,WD,NG Tsz Y.. / YUEN Sin .. Rank 57 Elo 1652 (+73),10-21 / 21-12 / 21-11,Pearly TA.. / THINAAH.. (13) Rank 16 Elo 1840 (-48),67,https://badmintonranks.com/tournament?id=14012,5,BWF World Championships 2021,NG Tsz Yau / YUEN Sin Yan,57.0,1652,Pearly TAN / THINAAH Muralitharan (13),16.0,1840
15/12/2021,Round 2,MD,Kim AST.. / Anders S.. (7) Rank 10 Elo 2032 (+23),21-17 / 21-19,Akira KO.. / Taichi SAI.. Rank 20 Elo 1977 (-24),52,https://badmintonranks.com/tournament?id=14012,5,BWF World Championships 2021,Kim ASTRUP / Anders Skaarup RASMUSSEN (7),10.0,2032,Akira KOGA / Taichi SAITO,20.0,1977
15/12/2021,Round 2,MD,Mark LA.. / Marvin S.. (12) Rank 16 Elo 1974 (+3),21-13 / 21-15,Joan MO.. / Carlos PI.. Rank 135 Elo 1499 (-9),30,https://badmintonranks.com/tournament?id=14012,5,BWF World Championships 2021,Mark LAMSFUSS / Marvin SEIDEL (12),16.0,1974,Joan MORERA / Carlos PIOTTO,135.0,1499
15/12/2021,Round 2,WS,Sayaka TAKAHASHI (12) Rank 13 Elo 2201 (+7),21-13 / 21-14,PAI Yu Po Rank 38 Elo 1864 (-7),34,https://badmintonranks.com/tournament?id=14012,5,BWF World Championships 2021,Sayaka TAKAHASHI (12),13.0,2201,PAI Yu Po,38.0,1864
15/12/2021,Round 2,MD,GOH V S.. / TAN Wee.. (10) Rank 14 Elo 1938 (+11),21-15 / 22-24 / 21-16,Hiroki OK.. / Masayuki .. Rank 56 Elo 1685 (-17),66,https://badmintonranks.com/tournament?id=14012,6,BWF World Championships 2021,GOH V Shem / TAN Wee Kiong (10),14.0,1938,Hiroki OKAMURA / Masayuki MORIZONO,56.0,1685
15/12/2021,Round 2,WD,KIM So Y.. / KONG H.. (3) Rank 2 Elo 2184 (+3),21-11 / 21-10,Aline MÜ.. / Jenjira ST.. Rank 78 Elo 1668 (-4),40,https://badmintonranks.com/tournament?id=14012,6,BWF World Championships 2021,KIM So Yeong / KONG Hee Yong (3),2.0,2184,Aline MÜLLER / Jenjira STADELMANN,78.0,1668
15/12/2021,Round 2,WD,LI Wen M.. / ZHENG .. (10) Rank 15 Elo 2000 (+7),21-9 / 21-14,Benyapa .. / Nuntakarn.. Rank 44 Elo 1651 (-12),44,https://badmintonranks.com/tournament?id=14012,6,BWF World Championships 2021,LI Wen Mei / ZHENG Si Wei (10),15.0,2000,Benyapa AIMSAARD / Nuntakarn AIMSAARD,44.0,1651
15/12/2021,Round 2,WD,Ashwini P.. / REDDY Si.. Rank 21 Elo 1730 (+54),21-11 / 9-21 / 21-13,LIU Xuan.. / XIA Yu Ti.. (14) Rank 20 Elo 1876 (-42),51,https://badmintonranks.com/tournament?id=14012,6,BWF World Championships 2021,Ashwini PONNAPPA / REDDY Sikki Gupta,21.0,1730,LIU Xuan Xuan / XIA Yu Ting (14),20.0,1876
15/12/2021,Round 2,MD,Vladimir I.. / Ivan SOZ.. (11) Rank 15 Elo 1875 (+18),21-11 / 21-16,M.R.ARJ.. / DHRUV K.. Rank 41 Elo 1717 (-23),41,https://badmintonranks.com/tournament?id=14012,6,BWF World Championships 2021,Vladimir IVANOV / Ivan SOZONOV (11),15.0,1875,M.R. ARJUN / DHRUV KAPILA,41.0,1717
15/12/2021,Round 2,WD,Maiken F.. / Sara THY.. (11) Rank 17 Elo 1891 (+15),18-21 / 22-20 / 21-12,Alexandr.. / Mette PO.. Rank 31 Elo 1700 (-21),77,https://badmintonranks.com/tournament?id=14012,6,BWF World Championships 2021,Maiken FRUERGAARD / Sara THYGESEN (11),17.0,1891,Alexandra BOE / Mette POULSEN,31.0,1700
15/12/2021,Round 2,MS,PRANNOY H. S. Rank 32 Elo 2045 (+24),21-7 / 21-17,LIEW Daren Rank 36 Elo 2004 (-24),42,https://badmintonranks.com/tournament?id=14012,6,BWF World Championships 2021,PRANNOY H. S.,32.0,2045,LIEW Daren,36.0,2004
15/12/2021,Round 2,WS,WANG Zhi Yi (14) Rank 17 Elo 2056 (+15),21-7 / 21-17,Yvonne LI Rank 23 Elo 1887 (-16),36,https://badmintonranks.com/tournament?id=14012,6,BWF World Championships 2021,WANG Zhi Yi (14),17.0,2056,Yvonne LI,23.0,1887
14/12/2021,Round 2,XD,CHANG .. / NG Wing .. Rank 28 Elo 1759 (+68),16-21 / 21-13 / 21-17,ZHENG .. / HUANG .. (1) Rank 2 Elo 2249 (-50),54,https://badmintonranks.com/tournament?id=14012,6,BWF World Championships 2021,CHANG Tak Ching / NG Wing Yung,28.0,1759,ZHENG Si Wei / HUANG Dong Ping (1),2.0,2249
14/12/2021,Round 2,XD,Kyohei Y.. / Naru SHI.. Rank 53 Elo 1696 (+63),21-16 / 18-21 / 21-15,Marcus E.. / Lauren S.. (6) Rank 9 Elo 1876 (-44),72,https://badmintonranks.com/tournament?id=14012,6,BWF World Championships 2021,Kyohei YAMASHITA / Naru SHINOYA,53.0,1696,Marcus ELLIS / Lauren SMITH (6),9.0,1876
14/12/2021,Round 2,XD,Rodion A.. / Alina DA.. (16) Rank 22 Elo 2000 (+10),21-19 / 21-15,OU Xuan .. / FENG Xu.. Rank 46 Elo 1730 (-14),34,https://badmintonranks.com/tournament?id=14012,6,BWF World Championships 2021,Rodion ALIMOV / Alina DAVLETOVA (16),22.0,2000,OU Xuan Yi / FENG Xu Wei,46.0,1730
14/12/2021,Round 2,MS,ZHAO Jun Peng Rank 42 Elo 1951 (+30),21-11 / 21-15,Koki WATANABE Rank 40 Elo 1972 (-29),40,https://badmintonranks.com/tournament?id=14012,6,BWF World Championships 2021,ZHAO Jun Peng,42.0,1951,Koki WATANABE,40.0,1972
14/12/2021,Round 2,WS,Kirsty GILMOUR Rank 21 Elo 2037 (+26),21-15 / 8-21 / 21-15,YEO Jia Min (15) Rank 16 Elo 2024 (-26),53,https://badmintonranks.com/tournament?id=14012,6,BWF World Championships 2021,Kirsty GILMOUR,21.0,2037,YEO Jia Min (15),16.0,2024
14/12/2021,Round 2,XD,Yuki KAN.. / Misaki M.. (13) Rank 18 Elo 1874 (+21),21-17 / 21-10,Callum H.. / Jessica P.. Rank 48 Elo 1764 (-25),34,https://badmintonranks.com/tournament?id=14012,6,BWF World Championships 2021,Yuki KANEKO / Misaki MATSUTOMO (13),18.0,1874,Callum HEMMING / Jessica PUGH,48.0,1764
14/12/2021,Round 2,XD,Robin TA.. / Selena PI.. (14) Rank 20 Elo 1888 (+12),21-5 / 21-11,Oliver LE.. / Anona PAK Rank 59 Elo 1645 (-20),26,https://badmintonranks.com/tournament?id=14012,6,BWF World Championships 2021,Robin TABELING / Selena PIEK (14),20.0,1888,Oliver LEIRUD / Anona PAK,59.0,1645
14/12/2021,Round 2,MD,GOH Sze.. / Nur IZZU.. (14) Rank 18 Elo 1962 (+14),21-14 / 19-21 / 21-16,Alexande.. / Adam HA.. Rank 36 Elo 1758 (-17),55,https://badmintonranks.com/tournament?id=14012,6,BWF World Championships 2021,GOH Sze Fei / Nur IZZUDDIN (14),18.0,1962,Alexander DUNN / Adam HALL,36.0,1758
14/12/2021,Round 2,MS,Nhat NGUYEN Rank 51 Elo 1915 (+27),21-17 / 23-21,Toby PENTY Rank 52 Elo 1893 (-28),55,https://badmintonranks.com/tournament?id=14012,6,BWF World Championships 2021,Nhat NGUYEN,51.0,1915,Toby PENTY,52.0,1893
14/12/2021,Round 2,XD,Thom GI.. / Delphine .. (8) Rank 12 Elo 1933 (+19),14-21 / 21-16 / 21-18,Mikkel MI.. / Rikke SØ.. Rank 40 Elo 1808 (-22),69,https://badmintonranks.com/tournament?id=14012,6,BWF World Championships 2021,Thom GICQUEL / Delphine DELRUE (8),12.0,1933,Mikkel MIKKELSEN / Rikke SØBY,40.0,1808
14/12/2021,Round 2,WD,Rachel H.. / Kristen T.. (15) Rank 23 Elo 1826 (+20),21-12 / 21-5,Alyssa TI.. / Imke VAN .. Rank 46 Elo 1694 (-27),36,https://badmintonranks.com/tournament?id=14012,6,BWF World Championships 2021,Rachel HU / Kristen TSAI (15),23.0,1826,Alyssa TICSAY / Imke VAN DER AAA,46.0,1694
14/12/2021,Round 2,MD,Takuro H.. / Yugo KO.. (5) Rank 4 Elo 2311 (+4),21-12 / 18-21 / 21-13,HUANG .. / LIU Cheng Rank 25 Elo 1871 (-4),66,https://badmintonranks.com/tournament?id=14012,6,BWF World Championships 2021,Takuro HOKI / Yugo KOBAYASHI (5),4.0,2311,HUANG Dong Ping / LIU Cheng,25.0,1871
14/12/2021,Round 2,WD,Puttita S.. / Sapsiree .. (12) Rank 18 Elo 1968 (+13),21-4 / 21-9,Anastasii.. / Olga MOR.. Rank 43 Elo 1755 (-17),30,https://badmintonranks.com/tournament?id=14012,7,BWF World Championships 2021,Puttita SUPAJIRAKUL / Sapsiree TAERATTANACHAI (12),18.0,1968,Anastasija VOEVODINA / Olga MOROZOVA,43.0,1755
14/12/2021,Round 2,MD,LEE Yang / WANG C.. (3) Rank 3 Elo 2215 (+3),18-21 / 21-7 / 21-11,Ruben JI.. / Ties VAN .. Rank 48 Elo 1724 (-4),42,https://badmintonranks.com/tournament?id=14012,7,BWF World Championships 2021,LEE Yang / WANG Chang (3),3.0,2215,Ruben JILLE / Ties VAN DER LECQ,48.0,1724
14/12/2021,Round 2,WS,Mia BLICHFELDT (13) Rank 14 Elo 2100 (+19),17-21 / 21-13 / 22-20,Neslihan ARIN Rank 28 Elo 1995 (-20),69,https://badmintonranks.com/tournament?id=14012,7,BWF World Championships 2021,Mia BLICHFELDT (13),14.0,2100,Neslihan ARIN,28.0,1995
14/12/2021,Round 2,WS,Pornpawee CHOCHU.. (9) Rank 10 Elo 2293 (+4),21-13 / 21-14,Lianne TAN Rank 36 Elo 1816 (-4),38,https://badmintonranks.com/tournament?id=14012,7,BWF World Championships 2021,Pornpawee CHOCHUWONG (9),10.0,2293,Lianne TAN,36.0,1816
14/12/2021,Round 2,WS,TAI Tzu Ying (1) Rank 1 Elo 2521 (+3),21-10 / 21-14,Evgeniya KOSETSKAYA Rank 27 Elo 1986 (-3),30,https://badmintonranks.com/tournament?id=14012,7,BWF World Championships 2021,TAI Tzu Ying (1),1.0,2521,Evgeniya KOSETSKAYA,27.0,1986
14/12/2021,Round 2,WD,Mayu MA.. / Wakana .. (4) Rank 5 Elo 2230 (+2),21-12 / 21-7,Christine .. / Amalie SC.. Rank 49 Elo 1676 (-3),30,https://badmintonranks.com/tournament?id=14012,7,BWF World Championships 2021,Mayu MATSUMOTO / Wakana NAGAHARA (4),5.0,2230,Christine BUSCH / Amalie SCHULZ,49.0,1676
14/12/2021,Round 2,WS,Michelle LI (10) Rank 11 Elo 2092 (+10),21-19 / 21-18,Julie Dawall JAKOBSEN Rank 40 Elo 1817 (-11),41,https://badmintonranks.com/tournament?id=14012,7,BWF World Championships 2021,Michelle LI (10),11.0,2092,Julie Dawall JAKOBSEN,40.0,1817
14/12/2021,Round 2,MD,ONG Yew.. / TEO Ee .. (9) Rank 12 Elo 2063 (+7),21-12 / 21-19,Joel EIPE / Rasmus K.. Rank 55 Elo 1753 (-11),39,https://badmintonranks.com/tournament?id=14012,7,BWF World Championships 2021,ONG Yew Sin / TEO Ee Yi (9),12.0,2063,Joel EIPE / Rasmus KJÆR,55.0,1753
14/12/2021,Round 2,WS,HE Bing Jiao (8) Rank 9 Elo 2310 (+1),21-12 / 21-15,Marie BATOMENE Rank 58 Elo 1677 (-2),32,https://badmintonranks.com/tournament?id=14012,7,BWF World Championships 2021,HE Bing Jiao (8),9.0,2310,Marie BATOMENE,58.0,1677
14/12/2021,Round 2,WD,Gabriela .. / Stefani S.. (8) Rank 10 Elo 1948 (+14),21-12 / 21-14,Bengisu .. / Nazlıcan I.. Rank 45 Elo 1750 (-18),34,https://badmintonranks.com/tournament?id=14012,7,BWF World Championships 2021,Gabriela STOEVA / Stefani STOEVA (8),10.0,1948,Bengisu ERCETIN / Nazlican INCEKARA,45.0,1750
14/12/2021,Round 2,MS,Mark CALJOUW Rank 28 Elo 2066 (+15),14-21 / 22-20 / 21-11,Kalle KOLJONEN Rank 69 Elo 1908 (-16),71,https://badmintonranks.com/tournament?id=14012,7,BWF World Championships 2021,Mark CALJOUW,28.0,2066,Kalle KOLJONEN,69.0,1908
14/12/2021,Round 2,WD,Nami MA.. / Chiharu .. (7) Rank 7 Elo 2221 (+1),21-9 / 21-13,Clara AZ.. / Beatriz C.. Rank 63 Elo 1617 (-3),39,https://badmintonranks.com/tournament?id=14012,7,BWF World Championships 2021,Nami MATSUYAMA / Chiharu SHIDA (7),7.0,2221,Clara AZURMENDI / Beatriz CORRALES,63.0,1617
14/12/2021,Round 2,MD,Fabien D.. / William VI.. Rank 64 Elo 1580 (+94),21-19 / 12-21 / 21-15,Ben LANE / Sean VE.. (13) Rank 17 Elo 1790 (-53),65,https://badmintonranks.com/tournament?id=14012,7,BWF World Championships 2021,Fabien DELRUE / William VILLEGER,64.0,1580,Ben LANE / Sean VENDY (13),17.0,1790
14/12/2021,Round 2,MS,LU Guang Zu Rank 27 Elo 2111 (+37),14-21 / 21-15 / 21-15,CHOU Tien Chen (4) Rank 4 Elo 2255 (-37),79,https://badmintonranks.com/tournament?id=14012,7,BWF World Championships 2021,LU Guang Zu,27.0,2111,CHOU Tien Chen (4),4.0,2255
14/12/2021,Round 2,MS,Brian YANG Rank 41 Elo 1969 (+20),21-12 / 24-22,Thomas ROUXEL Rank 38 Elo 1868 (-22),49,https://badmintonranks.com/tournament?id=14012,7,BWF World Championships 2021,Brian YANG,41.0,1969,Thomas ROUXEL,38.0,1868
14/12/2021,Round 2,WD,CHEN Qi.. / JIA Yi Fan (1) Rank 3 Elo 2264 (+1),21-11 / 21-4,Ines Luci.. / Paula LA .. Rank 88 Elo 1528 (-2),25,https://badmintonranks.com/tournament?id=14012,7,BWF World Championships 2021,CHEN Qi Ming / JIA Yi Fan (1),3.0,2264,Ines Lucia CASTILLO SILVA / Paula LALAGUNA,88.0,1528
14/12/2021,Round 2,XD,Yuta WAT.. / Arisa IGA.. (3) Rank 4 Elo 2350 (+1),21-10 / 21-8,Evgenij D.. / Evgenia D.. Rank 54 Elo 1609 (-2),28,https://badmintonranks.com/tournament?id=14012,7,BWF World Championships 2021,Yuta WATANABE / Arisa IGAKI (3),4.0,2350,Evgenij DIMOV / Evgenia DIMOVA,54.0,1609
14/12/2021,Round 2,MS,KIDAMBI Srikanth (12) Rank 14 Elo 2152 (+14),15-21 / 21-18 / 21-17,LI Shi Feng Rank 63 Elo 1969 (-14),69,https://badmintonranks.com/tournament?id=14012,7,BWF World Championships 2021,KIDAMBI Srikanth (12),14.0,2152,LI Shi Feng,63.0,1969
14/12/2021,Round 2,WS,PUSARLA V. Sindhu (6) Rank 7 Elo 2324 (+1),21-7 / 21-9,Martina REPISKA Rank 72 Elo 1631 (-1),24,https://badmintonranks.com/tournament?id=14012,7,BWF World Championships 2021,PUSARLA V. Sindhu (6),7.0,2324,Martina REPISKA,72.0,1631
14/12/2021,Round 2,WS,HAN Yue Rank 30 Elo 1928 (+0),W.O.,Carolina MARIN Rank 6 Elo 2439 (-4),0,https://badmintonranks.com/tournament?id=14012,7,BWF World Championships 2021,HAN Yue,30.0,1928,Carolina MARIN,6.0,2439
14/12/2021,Round 2,WS,ZHANG Yi Man Rank 46 Elo 1815 (+0),W.O.,Nozomi OKUHARA Rank 5 Elo 2446 (-3),0,https://badmintonranks.com/tournament?id=14012,8,BWF World Championships 2021,ZHANG Yi Man,46.0,1815,Nozomi OKUHARA,5.0,2446
14/12/2021,Round 2,WD,Chloe CO.. / Lauren S.. (9) Rank 13 Elo 1717 (+38),21-12 / 21-14,Jaqueline.. / Samia LIM.. Rank 59 Elo 1691 (-40),32,https://badmintonranks.com/tournament?id=14012,8,BWF World Championships 2021,Chloe COBB / Lauren SMITH (9),13.0,1717,Jacqueline FUNAOKA / Samia LIMA,59.0,1691
14/12/2021,Round 2,MD,Satwiksai.. / Chirag S.. (8) Rank 9 Elo 2047 (+15),27-25 / 21-17,LEE Jhe-.. / YANG Po-.. Rank 31 Elo 1870 (-16),43,https://badmintonranks.com/tournament?id=14012,8,BWF World Championships 2021,Satwiksairaj RANKIREDDY / Chirag SHETTY (8),9.0,2047,LEE Jhe-Huei / YANG Po Hsuan,31.0,1870
14/12/2021,Round 2,MD,Torjus FL.. / Vegard RI.. Rank 103 Elo 1598 (+0),W.O.,Hendra S.. / Mohamma.. Rank 2 Elo 2102 (-4),0,https://badmintonranks.com/tournament?id=14012,8,BWF World Championships 2021,Torjus FLAATTEN / Vegard RIKHEIM,103.0,1598,Hendra SETIAWAN / Mohammad AHSAN,2.0,2102
14/12/2021,Round 2,MD,Bjarne G.. / Jan Colin .. Rank 68 Elo 1638 (+0),W.O.,Fajar ALF.. / Muhamma.. Rank 8 Elo 2034 (-4),0,https://badmintonranks.com/tournament?id=14012,8,BWF World Championships 2021,Bjarne GEHNERT / Jan Colin STICHLING,68.0,1638,Fajar ALFIAN / Muhammad Shohibul FIKRI,8.0,2034
14/12/2021,Round 2,MD,Keiichiro .. / Yoshinori .. Rank 43 Elo 1758 (+0),W.O.,Marcus G.. / Kevin SU.. Rank 1 Elo 2332 (-4),0,https://badmintonranks.com/tournament?id=14012,8,BWF World Championships 2021,Keiichiro MATSUI / Yoshinori TAKEUTI,43.0,1758,Marcus Fernaldi GIDEON / Kevin Sanjaya SUKAMULJO,1.0,2332
14/12/2021,Round 2,MD,Christoph.. / Matthew .. Rank 59 Elo 1744 (+0),W.O.,LU Ching.. / YANG Po .. Rank 22 Elo 1910 (-3),0,https://badmintonranks.com/tournament?id=14012,8,BWF World Championships 2021,Christoph WEGNER / Matthew NOTTINGHAM,59.0,1744,LU Ching Yao / YANG Po Hsuan,22.0,1910
14/12/2021,Round 2,MS,Lakshya SEN Rank 19 Elo 2132 (+27),22-20 / 15-21 / 21-18,Kenta NISHIMOTO (15) Rank 17 Elo 2140 (-27),82,https://badmintonranks.com/tournament?id=14012,8,BWF World Championships 2021,Lakshya SEN,19.0,2132,Kenta NISHIMOTO (15),17.0,2140
14/12/2021,Round 2,MS,Kevin CORDON Rank 43 Elo 2065 (+6),21-14 / 21-19,Michal ROGALSKI Rank 125 Elo 1720 (-9),37,https://badmintonranks.com/tournament?id=14012,8,BWF World Championships 2021,Kevin CORDON,43.0,2065,Michal ROGALSKI,125.0,1720
14/12/2021,Round 2,XD,TAN Kian.. / LAI Pei Ji.. (9) Rank 11 Elo 1901 (+7),21-8 / 21-18,Saurabh .. / Anoushka .. Rank 104 Elo 1569 (-16),35,https://badmintonranks.com/tournament?id=14012,8,BWF World Championships 2021,TAN Kian Meng / LAI Pei Jing (9),11.0,1901,Saurabh VERMA / Anoushka PARIKH,104.0,1569
14/12/2021,Round 2,WD,NG Wing .. / YEUNG N.. Rank 62 Elo 1656 (+68),21-16 / 21-18,Amalie M.. / Freja RA.. (16) Rank 24 Elo 1814 (-47),48,https://badmintonranks.com/tournament?id=14012,8,BWF World Championships 2021,NG Wing Yung / YEUNG Nga Ting,62.0,1656,Amalie MAGELUND / Freja RAVN (16),24.0,1814
14/12/2021,Round 2,XD,YEUNG .. / NG Tsz Ya.. Rank 80 Elo 1685 (+0),W.O.,CHAN Pe.. / GOH Liu .. Rank 8 Elo 1923 (-4),0,https://badmintonranks.com/tournament?id=14012,8,BWF World Championships 2021,YEUNG Wing Lee / NG Tsz Yau,80.0,1685,CHAN Peng Soon / GOH Liu Ying,8.0,1923
14/12/2021,Round 2,XD,HOO Pan.. / CHEAH Y.. Rank 23 Elo 1874 (+0),W.O.,Praveen .. / Melati Dae.. Rank 5 Elo 2030 (-3),0,https://badmintonranks.com/tournament?id=14012,8,BWF World Championships 2021,HOO Pang Ron / CHEAH Yee See,23.0,1874,Praveen JORDAN / Melati Daeva OKTAVIANTI,5.0,2030
14/12/2021,Round 2,XD,Mathias T.. / Mai SURR.. Rank 56 Elo 1711 (+0),W.O.,Rinov RI.. / Pitha Hani.. Rank 21 Elo 1913 (-4),0,https://badmintonranks.com/tournament?id=14012,8,BWF World Championships 2021,Mathias THYRRI / Mai SURROW,56.0,1711,Rinov RIVALDY / Pitha Haningtyas MENTARI,21.0,1913
14/12/2021,Round 2,WD,Rin IWAN.. / Kie NAKA.. Rank 34 Elo 1825 (+0),W.O.,Greysia P.. / Apriyani R.. Rank 6 Elo 2157 (-3),0,https://badmintonranks.com/tournament?id=14012,8,BWF World Championships 2021,Rin IWANAGA / Kie NAKANISHI,34.0,1825,Greysia POLII / Apriyani RAHAYU,6.0,2157
13/12/2021,Round 1,WS,Line Højmark KJAERSF.. Rank 31 Elo 1894 (+28),12-21 / 21-14 / 21-15,QI Xuefei Rank 42 Elo 1877 (-28),58,https://badmintonranks.com/tournament?id=14012,8,BWF World Championships 2021,Line Højmark KJAERSFELDT,31.0,1894,QI Xuefei,42.0,1877
13/12/2021,Round 1,MD,M.R.ARJ.. / DHRUV K.. Rank 41 Elo 1667 (+50),21-18 / 21-17,Daniel LU.. / Mathias T.. Rank 45 Elo 1693 (-47),44,https://badmintonranks.com/tournament?id=14012,8,BWF World Championships 2021,M.R. ARJUN / DHRUV KAPILA,41.0,1667,Daniel LUNDGAARD / Mathias THYRRI,45.0,1693
13/12/2021,Round 1,WD,Alexandr.. / Mette PO.. Rank 31 Elo 1655 (+45),21-18 / 21-17,TEOH M.. / YAP Ling Rank 77 Elo 1634 (-48),41,https://badmintonranks.com/tournament?id=14012,8,BWF World Championships 2021,Alexandra BOE / Mette POULSEN,31.0,1655,TEOH Mei Xing / YAP Ling,77.0,1634
13/12/2021,Round 1,WS,ZHANG Yi Man Rank 46 Elo 1767 (+48),21-10 / 21-13,CHEUNG Ngan Yi Rank 35 Elo 1899 (-40),31,https://badmintonranks.com/tournament?id=14012,8,BWF World Championships 2021,ZHANG Yi Man,46.0,1767,CHEUNG Ngan Yi,35.0,1899
13/12/2021,Round 1,WS,Iris WANG Rank 34 Elo 1846 (+18),21-5 / 21-8,Soraya DE VISCH EIJB.. Rank 74 Elo 1679 (-24),29,https://badmintonranks.com/tournament?id=14012,8,BWF World Championships 2021,Iris WANG,34.0,1846,Soraya DE VISCH EIJBERGEN,74.0,1679
13/12/2021,Round 1,MS,Anders ANTONSEN (3) Rank 3 Elo 2371 (+3),21-16 / 21-13,Vladimir MALKOV Rank 85 Elo 1899 (-3),50,https://badmintonranks.com/tournament?id=14012,9,BWF World Championships 2021,Anders ANTONSEN (3),3.0,2371,Vladimir MALKOV,85.0,1899
13/12/2021,Round 1,MS,PRANNOY H. S. Rank 32 Elo 2007 (+38),13-21 / 21-18 / 21-19,NG Ka Long Angus (8) Rank 9 Elo 2148 (-37),71,https://badmintonranks.com/tournament?id=14012,9,BWF World Championships 2021,PRANNOY H. S.,32.0,2007,NG Ka Long Angus (8),9.0,2148
13/12/2021,Round 1,WD,NG Tsz Y.. / YUEN Sin .. Rank 57 Elo 1574 (+78),21-15 / 20-22 / 21-12,Julie MA.. / Ciara TOR.. Rank 41 Elo 1666 (-59),66,https://badmintonranks.com/tournament?id=14012,9,BWF World Championships 2021,NG Tsz Yau / YUEN Sin Yan,57.0,1574,Julie MACPHERSON / Ciara TORRANCE,41.0,1666
13/12/2021,Round 1,MD,Callum H.. / Steven ST.. Rank 49 Elo 1754 (+29),21-9 / 21-11,Godwin .. / Anuoluwa.. Rank 53 Elo 1677 (-35),28,https://badmintonranks.com/tournament?id=14012,9,BWF World Championships 2021,Callum HEMMING / Steven STALLWOOD,49.0,1754,Godwin OLOFUA / Anuoluwapo Juwon OPEYORI,53.0,1677
13/12/2021,Round 1,MS,LOH Kean Yew Rank 22 Elo 2274 (+46),14-21 / 21-9 / 21-6,Viktor AXELSEN (2) Rank 1 Elo 2616 (-46),54,https://badmintonranks.com/tournament?id=14012,9,BWF World Championships 2021,LOH Kean Yew,22.0,2274,Viktor AXELSEN (2),1.0,2616
13/12/2021,Round 1,WD,Benyapa .. / Nuntakarn.. Rank 44 Elo 1615 (+36),21-11 / 21-8,Serena A.. / Katharina .. Rank 97 Elo 1489 (-53),32,https://badmintonranks.com/tournament?id=14012,9,BWF World Championships 2021,Benyapa AIMSAARD / Nuntakarn AIMSAARD,44.0,1615,Serena ANITA / Katharina FINK,97.0,1489
13/12/2021,Round 1,XD,HOO Pan.. / CHEAH Y.. Rank 23 Elo 1865 (+9),26-24 / 21-12,Ties VAN .. / Debora JI.. Rank 74 Elo 1574 (-19),42,https://badmintonranks.com/tournament?id=14012,9,BWF World Championships 2021,HOO Pang Ron / CHEAH Yee See,23.0,1865,Ties VAN DER LECQ / Debora JILLE,74.0,1574
13/12/2021,Round 1,MS,Kantaphon WANGCH.. (16) Rank 20 Elo 1967 (+17),21-17 / 15-21 / 21-9,Felix BURESTEDT Rank 58 Elo 1831 (-20),83,https://badmintonranks.com/tournament?id=14012,9,BWF World Championships 2021,Kantaphon WANGCHAROEN (16),20.0,1967,Felix BURESTEDT,58.0,1831
13/12/2021,Round 1,MS,Hans-Kristian Solberg VI.. Rank 21 Elo 2120 (+8),21-16 / 21-23 / 21-10,NGUYEN Tien Minh Rank 64 Elo 1804 (-9),62,https://badmintonranks.com/tournament?id=14012,9,BWF World Championships 2021,Hans-Kristian Solberg VITTINGHUS,21.0,2120,NGUYEN Tien Minh,64.0,1804
13/12/2021,Round 1,MD,Akira KO.. / Taichi SAI.. Rank 20 Elo 1964 (+13),21-9 / 21-13,DI Zi Jian / WANG Ch.. Rank 40 Elo 1753 (-17),35,https://badmintonranks.com/tournament?id=14012,9,BWF World Championships 2021,Akira KOGA / Taichi SAITO,20.0,1964,DI Zi Jian / WANG Chang,40.0,1753
13/12/2021,Round 1,MD,Torjus FL.. / Vegard RI.. Rank 103 Elo 1533 (+65),21-15 / 21-17,Philip BIR.. / Dominik S.. Rank 84 Elo 1504 (-71),37,https://badmintonranks.com/tournament?id=14012,9,BWF World Championships 2021,Torjus FLAATTEN / Vegard RIKHEIM,103.0,1533,Philip BIRCH / Dominik STIPSITS,84.0,1504
13/12/2021,Round 1,WD,Chisato H.. / Aoi MATS.. Rank 37 Elo 1862 (+7),21-7 / 21-8,Anastasiy.. / Valeriya R.. Rank 126 Elo 1519 (-18),22,https://badmintonranks.com/tournament?id=14012,9,BWF World Championships 2021,Chisato HOSHI / Aoi MATSUSHIMA,37.0,1862,Anastasiya PROKOPENKO / Valeriya RAKITINA,126.0,1519
13/12/2021,Round 1,MS,LEE Zii Jia (6) Rank 7 Elo 2282 (+4),21-10 / 17-21 / 21-11,Jason Anthony HO-SHU.. Rank 45 Elo 1861 (-5),50,https://badmintonranks.com/tournament?id=14012,9,BWF World Championships 2021,LEE Zii Jia (6),7.0,2282,Jason Anthony HO-SHUE,45.0,1861
13/12/2021,Round 1,MD,Hiroki OK.. / Masayuki .. Rank 56 Elo 1658 (+27),21-10 / 21-9,Glib BEK.. / Mykhaylo .. Rank 120 Elo 1500 (-45),28,https://badmintonranks.com/tournament?id=14012,9,BWF World Championships 2021,Hiroki OKAMURA / Masayuki MORIZONO,56.0,1658,Glib BEKEY / Mykhaylo MEDVEDEV,120.0,1500
13/12/2021,Round 1,WD,Rin IWAN.. / Kie NAKA.. Rank 34 Elo 1806 (+19),21-7 / 21-11,Viktoriia .. / Mariia SU.. Rank 89 Elo 1643 (-28),31,https://badmintonranks.com/tournament?id=14012,9,BWF World Championships 2021,Rin IWANAGA / Kie NAKANISHI,34.0,1806,Viktoriia ZHUK / Mariia SUBBOTINA,89.0,1643
13/12/2021,Round 1,WS,Yvonne LI Rank 23 Elo 1867 (+20),21-14 / 22-20,VU Thi Trang Rank 57 Elo 1748 (-25),42,https://badmintonranks.com/tournament?id=14012,9,BWF World Championships 2021,Yvonne LI,23.0,1867,VU Thi Trang,57.0,1748
13/12/2021,Round 1,MS,Luís Enrique PEÑALVER Rank 66 Elo 1732 (+36),21-15 / 21-13,Luis Armando MONTOY.. Rank 105 Elo 1704 (-38),33,https://badmintonranks.com/tournament?id=14012,9,BWF World Championships 2021,Luís Enrique PEÑALVER,66.0,1732,Luis Armando MONTOYA,105.0,1704
13/12/2021,Round 1,WS,PAI Yu Po Rank 38 Elo 1849 (+15),21-15 / 21-16,THET Htar Thuzar Rank 77 Elo 1661 (-24),38,https://badmintonranks.com/tournament?id=14012,9,BWF World Championships 2021,PAI Yu Po,38.0,1849,THET Htar Thuzar,77.0,1661
13/12/2021,Round 1,MS,Rasmus GEMKE (11) Rank 10 Elo 2149 (+15),21-13 / 21-7,Brice LEVERDEZ Rank 37 Elo 1980 (-15),39,https://badmintonranks.com/tournament?id=14012,9,BWF World Championships 2021,Rasmus GEMKE (11),10.0,2149,Brice LEVERDEZ,37.0,1980
13/12/2021,Round 1,MD,OU Xuan .. / ZHANG N.. Rank 27 Elo 1807 (+20),21-15 / 21-14,Arun GE.. / Sanyam S.. Rank 92 Elo 1654 (-28),32,https://badmintonranks.com/tournament?id=14012,9,BWF World Championships 2021,OU Xuan Yi / ZHANG Nan,27.0,1807,Arun GEORGE / Sanyam SHUKLA,92.0,1654
13/12/2021,Round 1,XD,Supak JO.. / Supissara .. Rank 26 Elo 1860 (+21),21-8 / 21-13,Fabricio .. / Jaqueline .. Rank 58 Elo 1752 (-26),27,https://badmintonranks.com/tournament?id=14012,10,BWF World Championships 2021,Supak JOMKOH / Supissara PACHARAMONGKOL,26.0,1860,Fabricio AUGUSTO / Jacqueline FUNAOKA,58.0,1752
13/12/2021,Round 1,XD,Patrick V.. / Franziska .. Rank 79 Elo 1516 (+73),22-20 / 21-16,Utkarsh A.. / Karishma .. Rank 102 Elo 1507 (-76),36,https://badmintonranks.com/tournament?id=14012,10,BWF World Championships 2021,Patrick VIEIRA / Franziska STOLZ,79.0,1516,Utkarsh AGARWAL / Karishma WADKAR,102.0,1507
13/12/2021,Round 1,XD,Adam HA.. / Julie MAC.. Rank 51 Elo 1699 (+57),21-19 / 21-16,LEE Jhe-.. / HSU Ya C.. Rank 24 Elo 1827 (-44),31,https://badmintonranks.com/tournament?id=14012,10,BWF World Championships 2021,Adam HALL / Julie MACPHERSON,51.0,1699,LEE Jhe-Huei / HSU Ya Ching,24.0,1827
13/12/2021,Round 1,WD,Aline MÜ.. / Jenjira ST.. Rank 78 Elo 1644 (+24),24-22 / 21-12,Kate FR.. / Moya RYA.. Rank 83 Elo 1451 (-45),41,https://badmintonranks.com/tournament?id=14012,10,BWF World Championships 2021,Aline MÜLLER / Jenjira STADELMANN,78.0,1644,Kate FFRENCH / Moya RYAN,83.0,1451
13/12/2021,Round 1,MS,Kanta TSUNEYAMA (9) Rank 11 Elo 2204 (+4),21-17 / 17-21 / 21-18,Sergey SIRANT Rank 74 Elo 1801 (-6),77,https://badmintonranks.com/tournament?id=14012,10,BWF World Championships 2021,Kanta TSUNEYAMA (9),11.0,2204,Sergey SIRANT,74.0,1801
13/12/2021,Round 1,MS,LEE Cheuk Yiu (13) Rank 15 Elo 2174 (+2),21-8 / 21-14,Howard SHU Rank 112 Elo 1619 (-4),28,https://badmintonranks.com/tournament?id=14012,10,BWF World Championships 2021,LEE Cheuk Yiu (13),15.0,2174,Howard SHU,112.0,1619
13/12/2021,Round 1,WS,YIP Pui Yin Rank 65 Elo 1636 (+69),21-11 / 21-14,Kristin KUUBA Rank 47 Elo 1767 (-49),35,https://badmintonranks.com/tournament?id=14012,10,BWF World Championships 2021,YIP Pui Yin,65.0,1636,Kristin KUUBA,47.0,1767
13/12/2021,Round 1,XD,Mathias T.. / Mai SURR.. Rank 56 Elo 1693 (+18),21-8 / 21-4,Venkat G.. / Juhi DEW.. Rank 63 Elo 1469 (-37),21,https://badmintonranks.com/tournament?id=14012,10,BWF World Championships 2021,Mathias THYRRI / Mai SURROW,56.0,1693,Venkat Gaurav PRASAD / Juhi DEWANGAN,63.0,1469
13/12/2021,Round 1,MS,Ygor COELHO Rank 50 Elo 1821 (+13),21-18 / 21-9,Maxime MOREELS Rank 100 Elo 1583 (-25),31,https://badmintonranks.com/tournament?id=14012,10,BWF World Championships 2021,Ygor COELHO,50.0,1821,Maxime MOREELS,100.0,1583
13/12/2021,Round 1,MS,Ade Resky DWICAHYO Rank 75 Elo 1762 (+32),21-15 / 21-16,Emre LALE Rank 113 Elo 1723 (-35),33,https://badmintonranks.com/tournament?id=14012,10,BWF World Championships 2021,Ade Resky DWICAHYO,75.0,1762,Emre LALE,113.0,1723
13/12/2021,Round 1,XD,Dejan FE.. / Serena K.. Rank 97 Elo 1683 (+25),21-14 / 21-16,Paul REY.. / Rachael D.. Rank 94 Elo 1516 (-42),37,https://badmintonranks.com/tournament?id=14012,10,BWF World Championships 2021,Dejan FERDINANSYAH / Serena KOTHLOW,97.0,1683,Paul REYNAUD / Rachael DARRAGH,94.0,1516
13/12/2021,Round 1,MS,LIEW Daren Rank 36 Elo 1988 (+16),21-14 / 21-14,Misha ZILBERMAN Rank 47 Elo 1838 (-18),39,https://badmintonranks.com/tournament?id=14012,10,BWF World Championships 2021,LIEW Daren,36.0,1988,Misha ZILBERMAN,47.0,1838
12/12/2021,Round 1,WS,Lalinrat CHAIWAN Rank 19 Elo 2118 (+9),21-10 / 21-9,Aliye DEMIRBAG Rank 60 Elo 1835 (-10),27,https://badmintonranks.com/tournament?id=14012,10,BWF World Championships 2021,Lalinrat CHAIWAN,19.0,2118,Aliye DEMIRBAG,60.0,1835
12/12/2021,Round 1,MS,Mark CALJOUW Rank 28 Elo 2040 (+26),17-21 / 21-7 / 21-18,SAI PRANEETH B. (14) Rank 16 Elo 2020 (-26),68,https://badmintonranks.com/tournament?id=14012,10,BWF World Championships 2021,Mark CALJOUW,28.0,2040,SAI PRANEETH B. (14),16.0,2020
12/12/2021,Round 1,WS,Marie BATOMENE Rank 58 Elo 1645 (+32),17-21 / 21-9 / 21-16,Natalia PERMINOVA Rank 69 Elo 1517 (-49),49,https://badmintonranks.com/tournament?id=14012,10,BWF World Championships 2021,Marie BATOMENE,58.0,1645,Natalia PERMINOVA,69.0,1517
12/12/2021,Round 1,MS,KIDAMBI Srikanth (12) Rank 14 Elo 2141 (+11),21-12 / 21-16,Pablo ABIAN Rank 53 Elo 1921 (-13),36,https://badmintonranks.com/tournament?id=14012,10,BWF World Championships 2021,KIDAMBI Srikanth (12),14.0,2141,Pablo ABIAN,53.0,1921
12/12/2021,Round 1,MD,Christoph.. / Matthew .. Rank 59 Elo 1720 (+24),21-18 / 21-14,Jaromir J.. / Tomáš ŠV.. Rank 96 Elo 1571 (-37),34,https://badmintonranks.com/tournament?id=14012,10,BWF World Championships 2021,Christoph WEGNER / Matthew NOTTINGHAM,59.0,1720,Jaromir JANSA / Tomáš ŠVEJDA,96.0,1571
12/12/2021,Round 1,MD,Ruben JI.. / Ties VAN .. Rank 48 Elo 1640 (+84),21-11 / 21-9,Koceila M.. / Youcef Sa.. Rank 63 Elo 1920 (-49),24,https://badmintonranks.com/tournament?id=14012,10,BWF World Championships 2021,Ruben JILLE / Ties VAN DER LECQ,48.0,1640,Koceila MAMMERI / Youcef SABRI,63.0,1920
12/12/2021,Round 1,MD,Joel EIPE / Rasmus K.. Rank 55 Elo 1726 (+27),21-16 / 21-15,ATTRI M.. / REDDY B... Rank 39 Elo 1612 (-38),32,https://badmintonranks.com/tournament?id=14012,10,BWF World Championships 2021,Joel EIPE / Rasmus KJÆR,55.0,1726,ATTRI Manu / REDDY Badri Narayana,39.0,1612
12/12/2021,Round 1,MD,LEE Jhe-.. / YANG Po-.. Rank 31 Elo 1849 (+21),21-4 / 21-12,Fabricio .. / Francielto.. Rank 73 Elo 1734 (-26),24,https://badmintonranks.com/tournament?id=14012,10,BWF World Championships 2021,LEE Jhe-Huei / YANG Po Hsuan,31.0,1849,Fabricio AUGUSTO / Francielto JUNIOR,73.0,1734
12/12/2021,Round 1,WD,Clara AZ.. / Beatriz C.. Rank 63 Elo 1617 (+0),W.O.,Siti Fadia.. / Ribka SU.. Rank 27 Elo 1866 (-0),0,https://badmintonranks.com/tournament?id=14012,11,BWF World Championships 2021,Clara AZURMENDI / Beatriz CORRALES,63.0,1617,Siti Fadia Silva RAMADHANTI / Ribka SUGIARTO,27.0,1866
12/12/2021,Round 1,MS,Brian YANG Rank 41 Elo 1958 (+11),21-15 / 21-8,Bernardo ATILANO Rank 135 Elo 1696 (-15),40,https://badmintonranks.com/tournament?id=14012,11,BWF World Championships 2021,Brian YANG,41.0,1958,Bernardo ATILANO,135.0,1696
12/12/2021,Round 1,WD,Alyssa TI.. / Imke VAN .. Rank 46 Elo 1690 (+4),21-12 Ret.,Pooja DA.. / SANJANA.. Rank 55 Elo 1500 (-8),19,https://badmintonranks.com/tournament?id=14012,11,BWF World Championships 2021,Alyssa TICSAY / Imke VAN DER AAA,46.0,1690,Pooja DANDU / SANJANA SANTOSH,55.0,1500
12/12/2021,Round 1,WD,Christine .. / Amalie SC.. Rank 49 Elo 1596 (+80),22-20 / 21-17,Johanna .. / Clara NIS.. Rank 48 Elo 1736 (-53),39,https://badmintonranks.com/tournament?id=14012,11,BWF World Championships 2021,Christine BUSCH / Amalie SCHULZ,49.0,1596,Johanna GOLISZEWSKI / Clara NISTAD,48.0,1736
12/12/2021,Round 1,MD,Fabien D.. / William VI.. Rank 64 Elo 1514 (+66),21-13 / 21-11,Joshua M.. / Paul REY.. Rank 65 Elo 1470 (-75),31,https://badmintonranks.com/tournament?id=14012,11,BWF World Championships 2021,Fabien DELRUE / William VILLEGER,64.0,1514,Joshua MAYO / Paul REYNAUD,65.0,1470
12/12/2021,Round 1,WD,NG Wing .. / YEUNG N.. Rank 62 Elo 1614 (+42),21-9 / 21-13,Kati-Kree.. / Helina RÜ.. Rank 47 Elo 1528 (-55),32,https://badmintonranks.com/tournament?id=14012,11,BWF World Championships 2021,NG Wing Yung / YEUNG Nga Ting,62.0,1614,Kati-Kreete TÜÜR / Helina RÜÜTEL,47.0,1528
12/12/2021,Round 1,MS,ZHAO Jun Peng Rank 42 Elo 1907 (+44),16-21 / 21-17 / 21-15,WANG Tzu Wei (10) Rank 12 Elo 2091 (-40),69,https://badmintonranks.com/tournament?id=14012,11,BWF World Championships 2021,ZHAO Jun Peng,42.0,1907,WANG Tzu Wei (10),12.0,2091
12/12/2021,Round 1,MS,Kalle KOLJONEN Rank 69 Elo 1886 (+22),21-8 / 21-8,Lino MUNOZ Rank 72 Elo 1793 (-25),31,https://badmintonranks.com/tournament?id=14012,11,BWF World Championships 2021,Kalle KOLJONEN,69.0,1886,Lino MUNOZ,72.0,1793
12/12/2021,Round 1,WS,Lianne TAN Rank 36 Elo 1777 (+39),21-16 / 21-19,Hsuan-Yu Wendy CHEN Rank 75 Elo 1814 (-36),45,https://badmintonranks.com/tournament?id=14012,11,BWF World Championships 2021,Lianne TAN,36.0,1777,Hsuan-Yu Wendy CHEN,75.0,1814
12/12/2021,Round 1,MD,HUANG .. / LIU Cheng Rank 25 Elo 1859 (+12),21-13 / 21-17,CHANG .. / YEUNG M.. Rank 81 Elo 1607 (-21),34,https://badmintonranks.com/tournament?id=14012,11,BWF World Championships 2021,HUANG Dong Ping / LIU Cheng,25.0,1859,CHANG Tak Ching / YEUNG Man Hei,81.0,1607
12/12/2021,Round 1,WD,Bengisu .. / Nazlıcan I.. Rank 45 Elo 1734 (+16),21-9 / 21-10,Adriana F.. / Sonia GO.. Rank 118 Elo 1500 (-32),27,https://badmintonranks.com/tournament?id=14012,11,BWF World Championships 2021,Bengisu ERCETIN / Nazlican INCEKARA,45.0,1734,Adriana FIERRO / Sonia GONZALEZ,118.0,1500
12/12/2021,Round 1,XD,Evgenij D.. / Evgenia D.. Rank 54 Elo 1533 (+76),21-16 / 21-12,Jona VA.. / Lise JAQU.. Rank 84 Elo 1554 (-70),32,https://badmintonranks.com/tournament?id=14012,11,BWF World Championships 2021,Evgenij DIMOV / Evgenia DIMOVA,54.0,1533,Jona VANDENBULCKE / Lise JAQUENOD,84.0,1554
12/12/2021,Round 1,WS,HAN Yue Rank 30 Elo 1910 (+18),21-16 / 21-14,NGUYEN Thuy Linh Rank 50 Elo 1772 (-22),37,https://badmintonranks.com/tournament?id=14012,11,BWF World Championships 2021,HAN Yue,30.0,1910,NGUYEN Thuy Linh,50.0,1772
12/12/2021,Round 1,MS,Kevin CORDON Rank 43 Elo 2054 (+11),21-18 / 10-21 / 21-16,Joran KWEEKEL Rank 89 Elo 1805 (-13),56,https://badmintonranks.com/tournament?id=14012,11,BWF World Championships 2021,Kevin CORDON,43.0,2054,Joran KWEEKEL,89.0,1805
12/12/2021,Round 1,WS,Neslihan ARIN Rank 28 Elo 1978 (+17),21-14 / 21-15,KISONA Selvaduray Rank 59 Elo 1830 (-19),37,https://badmintonranks.com/tournament?id=14012,11,BWF World Championships 2021,Neslihan ARIN,28.0,1978,KISONA Selvaduray,59.0,1830
12/12/2021,Round 1,MS,Koki WATANABE Rank 40 Elo 1950 (+22),21-11 / 21-1,Anuoluwapo Juwon OP.. Rank 127 Elo 1877 (-24),33,https://badmintonranks.com/tournament?id=14012,11,BWF World Championships 2021,Koki WATANABE,40.0,1950,Anuoluwapo Juwon OPEYORI,127.0,1877
12/12/2021,Round 1,MS,Kenta NISHIMOTO (15) Rank 17 Elo 2122 (+18),21-17 / 21-8,CHEAM June Wei Rank 73 Elo 2016 (-19),46,https://badmintonranks.com/tournament?id=14012,11,BWF World Championships 2021,Kenta NISHIMOTO (15),17.0,2122,CHEAM June Wei,73.0,2016
12/12/2021,Round 1,XD,Kyohei Y.. / Naru SHI.. Rank 53 Elo 1696 (+0),W.O.,Mathew F.. / Isabel ZH.. Rank 93 Elo 1500 (-0),0,https://badmintonranks.com/tournament?id=14012,11,BWF World Championships 2021,Kyohei YAMASHITA / Naru SHINOYA,53.0,1696,Mathew FOGARTY / Isabel ZHUK,93.0,1500
12/12/2021,Round 1,XD,Callum H.. / Jessica P.. Rank 48 Elo 1731 (+33),23-21 / 22-20,Simon Wi.. / Gronya S.. Rank 61 Elo 1682 (-38),45,https://badmintonranks.com/tournament?id=14012,11,BWF World Championships 2021,Callum HEMMING / Jessica PUGH,48.0,1731,Simon WINZELER / Gronya SOMERVILLE,61.0,1682
12/12/2021,Round 1,WS,Julie Dawall JAKOBSEN Rank 40 Elo 1794 (+23),21-13 / 21-12,Ksenia POLIKARPOVA Rank 66 Elo 1677 (-31),29,https://badmintonranks.com/tournament?id=14012,11,BWF World Championships 2021,Julie Dawall JAKOBSEN,40.0,1794,Ksenia POLIKARPOVA,66.0,1677
12/12/2021,Round 1,XD,Oliver LE.. / Anona PAK Rank 59 Elo 1579 (+66),21-15 / 21-17,Christoph.. / Eleanor O'.. Rank 85 Elo 1604 (-61),33,https://badmintonranks.com/tournament?id=14012,12,BWF World Championships 2021,Oliver LEIRUD / Anona PAK,59.0,1579,Christoph WEGNER / Eleanor O'DONNELL,85.0,1604
12/12/2021,Round 1,WD,Anastasii.. / Olga MOR.. Rank 43 Elo 1721 (+34),19-21 / 21-14 / 21-12,Linda EF.. / Isabel LO.. Rank 30 Elo 1666 (-39),79,https://badmintonranks.com/tournament?id=14012,12,BWF World Championships 2021,Anastasija VOEVODINA / Olga MOROZOVA,43.0,1721,Linda EFLER / Isabel LOHAU,30.0,1666
12/12/2021,Round 1,WD,Ekaterina.. / Alina DAV.. Rank 35 Elo 1732 (+0),W.O.,Aminath .. / Fathimath .. Rank 98 Elo 1514 (-0),0,https://badmintonranks.com/tournament?id=14012,12,BWF World Championships 2021,Ekaterina BOLOTOVA / Alina DAVLETOVA,35.0,1732,Aminath NABEEHA / Fathimath NABAAHA,98.0,1514
12/12/2021,Round 1,WD,Jaqueline.. / Samia LIM.. Rank 59 Elo 1691 (+0),W.O.,MANEES.. / Rutaparna.. Rank 68 Elo 1602 (-0),0,https://badmintonranks.com/tournament?id=14012,12,BWF World Championships 2021,Jacqueline FUNAOKA / Samia LIMA,59.0,1691,MANEESHA MAKKAR / Rutaparna PRAJONGJAI,68.0,1602
12/12/2021,Round 1,WD,Ashwini P.. / REDDY Si.. Rank 21 Elo 1730 (+0),W.O.,Delphine .. / Lea PALE.. Rank 39 Elo 1652 (-0),0,https://badmintonranks.com/tournament?id=14012,12,BWF World Championships 2021,Ashwini PONNAPPA / REDDY Sikki Gupta,21.0,1730,Delphine DELRUE / Lea PALERMO,39.0,1652
12/12/2021,Round 1,MS,CHOU Tien Chen (4) Rank 4 Elo 2246 (+9),21-12 / 21-10,Sitthikom THAMMASIN Rank 30 Elo 1959 (-9),35,https://badmintonranks.com/tournament?id=14012,12,BWF World Championships 2021,CHOU Tien Chen (4),4.0,2246,Sitthikom THAMMASIN,30.0,1959
12/12/2021,Round 1,XD,Mikkel MI.. / Rikke SØ.. Rank 40 Elo 1797 (+11),21-10 / 21-12,Philip BIR.. / Katharina .. Rank 92 Elo 1510 (-25),28,https://badmintonranks.com/tournament?id=14012,12,BWF World Championships 2021,Mikkel MIKKELSEN / Rikke SØBY,40.0,1797,Philip BIRCH / Katharina FINK,92.0,1510
12/12/2021,Round 1,XD,CHANG .. / NG Wing .. Rank 28 Elo 1737 (+22),21-8 / 21-9,Alberto Z.. / Lorena US.. Rank 172 Elo 1579 (-35),26,https://badmintonranks.com/tournament?id=14012,12,BWF World Championships 2021,CHANG Tak Ching / NG Wing Yung,28.0,1737,Alberto ZAPATA / Lorena USEL,172.0,1579
12/12/2021,Round 1,WS,Kirsty GILMOUR Rank 21 Elo 2004 (+33),21-19 / 21-17,Aya OHORI Rank 24 Elo 2064 (-32),45,https://badmintonranks.com/tournament?id=14012,12,BWF World Championships 2021,Kirsty GILMOUR,21.0,2004,Aya OHORI,24.0,2064
12/12/2021,Round 1,MS,LI Shi Feng Rank 63 Elo 1958 (+11),21-6 / 21-10,Timothy LAM Rank 94 Elo 1709 (-16),28,https://badmintonranks.com/tournament?id=14012,12,BWF World Championships 2021,LI Shi Feng,63.0,1958,Timothy LAM,94.0,1709
12/12/2021,Round 1,WS,Evgeniya KOSETSKAYA Rank 27 Elo 1972 (+14),21-11 / 21-11,Clara AZURMENDI Rank 45 Elo 1775 (-17),29,https://badmintonranks.com/tournament?id=14012,12,BWF World Championships 2021,Evgeniya KOSETSKAYA,27.0,1972,Clara AZURMENDI,45.0,1775
12/12/2021,Round 1,WS,Martina REPISKA Rank 72 Elo 1631 (+0),W.O.,Ruselli HARTAWAN Rank 44 Elo 1863 (-0),0,https://badmintonranks.com/tournament?id=14012,12,BWF World Championships 2021,Martina REPISKA,72.0,1631,Ruselli HARTAWAN,44.0,1863
12/12/2021,Round 1,WS,Line CHRISTOPHERSEN Rank 22 Elo 1916 (+0),W.O.,Gregoria Mariska TUNJ.. Rank 26 Elo 2058 (-0),0,https://badmintonranks.com/tournament?id=14012,12,BWF World Championships 2021,Line CHRISTOPHERSEN,22.0,1916,Gregoria Mariska TUNJUNG,26.0,2058
12/12/2021,Round 1,MD,Keiichiro .. / Yoshinori .. Rank 43 Elo 1739 (+19),21-12 / 21-12,Giovanni .. / Kevin STR.. Rank 136 Elo 1552 (-34),29,https://badmintonranks.com/tournament?id=14012,12,BWF World Championships 2021,Keiichiro MATSUI / Yoshinori TAKEUTI,43.0,1739,Giovanni TOTI / Kevin STROBL,136.0,1552
12/12/2021,Round 1,MD,Alexande.. / Adam HA.. Rank 36 Elo 1758 (+0),W.O.,Leo Rolly.. / Daniel MA.. Rank 28 Elo 1891 (-0),0,https://badmintonranks.com/tournament?id=14012,12,BWF World Championships 2021,Alexander DUNN / Adam HALL,36.0,1758,Leo Rolly CARNANDO / Daniel MARTHIN,28.0,1891
12/12/2021,Round 1,MD,Bjarne G.. / Jan Colin .. Rank 68 Elo 1638 (+0),W.O.,Anibal M.. / Jonathan .. Rank 94 Elo 1576 (-0),0,https://badmintonranks.com/tournament?id=14012,12,BWF World Championships 2021,Bjarne GEHNERT / Jan Colin STICHLING,68.0,1638,Anibal MOLINA / Jonathan MCDERMOTT,94.0,1576
12/12/2021,Round 1,MD,Joan MO.. / Carlos PI.. Rank 135 Elo 1499 (+0),W.O.,Christo P.. / Toma Juni.. Rank 30 Elo 1644 (-0),0,https://badmintonranks.com/tournament?id=14012,12,BWF World Championships 2021,Joan MORERA / Carlos PIOTTO,135.0,1499,Christo POPOV / Toma Junior POPOV,30.0,1644
12/12/2021,Round 1,XD,OU Xuan .. / FENG Xu.. Rank 46 Elo 1657 (+73),23-21 / 21-14,Niclas N.. / Amalie M.. Rank 27 Elo 1863 (-47),35,https://badmintonranks.com/tournament?id=14012,12,BWF World Championships 2021,OU Xuan Yi / FENG Xu Wei,46.0,1657,Niclas NOHR / Amalie MAGELUND,27.0,1863
12/12/2021,Round 1,MS,LU Guang Zu Rank 27 Elo 2075 (+36),21-16 / 21-12,Kunlavut VITIDSARN Rank 18 Elo 2194 (-35),47,https://badmintonranks.com/tournament?id=14012,12,BWF World Championships 2021,LU Guang Zu,27.0,2075,Kunlavut VITIDSARN,18.0,2194
12/12/2021,Round 1,MS,Nhat NGUYEN Rank 51 Elo 1915 (+0),W.O.,Jonatan CHRISTIE Rank 8 Elo 2242 (-0),0,https://badmintonranks.com/tournament?id=14012,12,BWF World Championships 2021,Nhat NGUYEN,51.0,1915,Jonatan CHRISTIE,8.0,2242
12/12/2021,Round 1,XD,GUO Xin .. / ZHANG S.. Rank 41 Elo 1697 (+0),W.O.,Jonathan .. / Diana CO.. Rank 70 Elo 1748 (-0),0,https://badmintonranks.com/tournament?id=14012,13,BWF World Championships 2021,GUO Xin Wa / ZHANG Shu Xian,41.0,1697,Jonathan MCDERMOTT / Diana CORTES,70.0,1748
12/12/2021,Round 1,MS,Thomas ROUXEL Rank 38 Elo 1868 (+0),W.O.,Anthony Sinisuka GINTI.. Rank 5 Elo 2255 (-0),0,https://badmintonranks.com/tournament?id=14012,13,BWF World Championships 2021,Thomas ROUXEL,38.0,1868,Anthony Sinisuka GINTING,5.0,2255
12/12/2021,Round 1,MS,Kai SCHAEFER Rank 76 Elo 1661 (+0),W.O.,HEO Kwang Hee Rank 29 Elo 2138 (-0),0,https://badmintonranks.com/tournament?id=14012,13,BWF World Championships 2021,Kai SCHAEFER,76.0,1661,HEO Kwang Hee,29.0,2138
12/12/2021,Round 1,XD,Saurabh .. / Anoushka .. Rank 104 Elo 1569 (+0),W.O.,Rehan N.. / Lisa Ayu K.. Rank 52 Elo 1567 (-0),0,https://badmintonranks.com/tournament?id=14012,13,BWF World Championships 2021,Saurabh VERMA / Anoushka PARIKH,104.0,1569,Rehan Naufal KUSHARJANTO / Lisa Ayu KUSUMAWATI,52.0,1567
12/12/2021,Round 1,XD,YEUNG .. / NG Tsz Ya.. Rank 80 Elo 1685 (+0),W.O.,M.R.ARJ.. / MANEES.. Rank 60 Elo 1601 (-0),0,https://badmintonranks.com/tournament?id=14012,13,BWF World Championships 2021,YEUNG Wing Lee / NG Tsz Yau,80.0,1685,M.R. ARJUN / MANEESHA MAKKAR,60.0,1601
12/12/2021,Round 1,MS,Michal ROGALSKI Rank 125 Elo 1720 (+0),W.O.,Kento MOMOTA Rank 2 Elo 2467 (-0),0,https://badmintonranks.com/tournament?id=14012,13,BWF World Championships 2021,Michal ROGALSKI,125.0,1720,Kento MOMOTA,2.0,2467
12/12/2021,Round 1,MS,Toby PENTY Rank 52 Elo 1893 (+0),W.O.,Toma Junior POPOV Rank 31 Elo 1908 (-0),0,https://badmintonranks.com/tournament?id=14012,13,BWF World Championships 2021,Toby PENTY,52.0,1893,Toma Junior POPOV,31.0,1908
12/12/2021,Round 1,MS,Luka WRABER Rank 93 Elo 1606 (+0),W.O.,Shesar Hiren RHUSTAV.. Rank 23 Elo 2122 (-0),0,https://badmintonranks.com/tournament?id=14012,13,BWF World Championships 2021,Luka WRABER,93.0,1606,Shesar Hiren RHUSTAVITO,23.0,2122
12/12/2021,Round 1,MS,Niluka KARUNARATNE Rank 124 Elo 1723 (+0),W.O.,Tommy SUGIARTO Rank 25 Elo 1984 (-0),0,https://badmintonranks.com/tournament?id=14012,13,BWF World Championships 2021,Niluka KARUNARATNE,124.0,1723,Tommy SUGIARTO,25.0,1984
12/12/2021,Round 1,MS,Lakshya SEN Rank 19 Elo 2132 (+0),W.O.,Max WEISSKIRCHEN Rank 59 Elo 1878 (-0),0,https://badmintonranks.com/tournament?id=14012,13,BWF World Championships 2021,Lakshya SEN,19.0,2132,Max WEISSKIRCHEN,59.0,1878
