date,round,type,winner_raw,score,loser_raw,duration,tournament_url,page_number,tournament_name,winner_name,winner_rank,winner_elo,loser_name,loser_rank,loser_elo
27/7/2025,Final,MD,Fajar ALFIAN / Muhammad Shohibul FIKRI Rank 86 Elo 2070 (+40),21-15 / 21-14,Aaron CHIA / SOH Wooi Yik (2) Rank 2 Elo 2240 (-40),35.0,https://badmintonranks.com/tournament?id=14501,1,China Open 2025,Fajar ALFIAN / Muhammad Shohibul FIKRI,86.0,2070,Aaron CHIA / SOH Wooi Yik (2),2.0,2240
27/7/2025,Final,WS,WANG Zhi Yi (2) Rank 2 Elo 2541 (+16),21-8 / 21-13,HAN Yue (4) Rank 3 Elo 2378 (-15),39.0,https://badmintonranks.com/tournament?id=14501,1,China Open 2025,WANG Zhi Yi (2),2.0,2541,HAN Yue (4),3.0,2378
27/7/2025,Final,MS,SHI Yu Qi (3) Rank 2 Elo 2536 (+6),14-21 / 21-14 / 21-15,WANG Zheng Xing Rank 23 Elo 2173 (-6),64.0,https://badmintonranks.com/tournament?id=14501,1,China Open 2025,SHI Yu Qi (3),2.0,2536,WANG Zheng Xing,23.0,2173
27/7/2025,Final,WD,LIU Sheng Shu / TAN Ning (1) Rank 1 Elo 2439 (+15),24-22 / 17-21 / 21-14,JIA Yi Fan / ZHANG Shu Xian Rank 7 Elo 2266 (-15),69.0,https://badmintonranks.com/tournament?id=14501,1,China Open 2025,LIU Sheng Shu / TAN Ning (1),1.0,2439,JIA Yi Fan / ZHANG Shu Xian,7.0,2266
27/7/2025,Final,XD,FENG Yan Zhe / HUANG Dong Ping (1) Rank 1 Elo 2410 (+23),23-21 / 21-17,JIANG Zhen Bang / WEI Ya Xin (2) Rank 2 Elo 2347 (-22),47.0,https://badmintonranks.com/tournament?id=14501,1,China Open 2025,FENG Yan Zhe / HUANG Dong Ping (1),1.0,2410,JIANG Zhen Bang / WEI Ya Xin (2),2.0,2347
26/7/2025,Semi final,MD,Aaron CHIA / SOH Wooi Yik (2) Rank 2 Elo 2216 (+24),21-13 / 21-17,Satwiksairaj RANKIREDDY / Chirag SHETTY Rank 12 Elo 2173 (-24),42.0,https://badmintonranks.com/tournament?id=14501,1,China Open 2025,Aaron CHIA / SOH Wooi Yik (2),2.0,2216,Satwiksairaj RANKIREDDY / Chirag SHETTY,12.0,2173
26/7/2025,Semi final,WS,HAN Yue (4) Rank 3 Elo 2358 (+20),21-19 / 11-6 Ret.,AN Se Young (1) Rank 1 Elo 2786 (-20),33.0,https://badmintonranks.com/tournament?id=14501,1,China Open 2025,HAN Yue (4),3.0,2358,AN Se Young (1),1.0,2786
26/7/2025,Semi final,MD,Fajar ALFIAN / Muhammad Shohibul FIKRI Rank 86 Elo 2033 (+37),21-19 / 21-17,LIANG Wei Keng / WANG Chang (5) Rank 6 Elo 2147 (-35),37.0,https://badmintonranks.com/tournament?id=14501,1,China Open 2025,Fajar ALFIAN / Muhammad Shohibul FIKRI,86.0,2033,LIANG Wei Keng / WANG Chang (5),6.0,2147
26/7/2025,Semi final,WS,WANG Zhi Yi (2) Rank 2 Elo 2522 (+19),22-20 / 21-11,Akane YAMAGUCHI (3) Rank 4 Elo 2419 (-19),47.0,https://badmintonranks.com/tournament?id=14501,1,China Open 2025,WANG Zhi Yi (2),2.0,2522,Akane YAMAGUCHI (3),4.0,2419
26/7/2025,Semi final,MS,WANG Zheng Xing Rank 23 Elo 2129 (+44),21-18 / 21-15,Anders ANTONSEN (2) Rank 3 Elo 2381 (-43),48.0,https://badmintonranks.com/tournament?id=14501,1,China Open 2025,WANG Zheng Xing,23.0,2129,Anders ANTONSEN (2),3.0,2381
26/7/2025,Semi final,MS,SHI Yu Qi (3) Rank 2 Elo 2526 (+10),21-13 / 22-20,CHOU Tien Chen (6) Rank 6 Elo 2268 (-10),45.0,https://badmintonranks.com/tournament?id=14501,1,China Open 2025,SHI Yu Qi (3),2.0,2526,CHOU Tien Chen (6),6.0,2268
26/7/2025,Semi final,WD,LIU Sheng Shu / TAN Ning (1) Rank 1 Elo 2426 (+13),21-10 / 21-12,KIM Hye Rin / KONG Hee Yong (7) Rank 6 Elo 2224 (-13),40.0,https://badmintonranks.com/tournament?id=14501,1,China Open 2025,LIU Sheng Shu / TAN Ning (1),1.0,2426,KIM Hye Rin / KONG Hee Yong (7),6.0,2224
26/7/2025,Semi final,XD,JIANG Zhen Bang / WEI Ya Xin (2) Rank 2 Elo 2338 (+9),16-21 / 21-15 / 21-16,Jafar HIDAYATULLAH / Felisha Alberta SI Rank 14 Elo 2059 (-9),64.0,https://badmintonranks.com/tournament?id=14501,1,China Open 2025,JIANG Zhen Bang / WEI Ya Xin (2),2.0,2338,Jafar HIDAYATULLAH / Felisha Alberta SI,14.0,2059
26/7/2025,Semi final,WD,JIA Yi Fan / ZHANG Shu Xian Rank 7 Elo 2238 (+28),21-14 / 21-17,Pearly TAN / THINAAH Muralitharan (3) Rank 3 Elo 2249 (-28),38.0,https://badmintonranks.com/tournament?id=14501,1,China Open 2025,JIA Yi Fan / ZHANG Shu Xian,7.0,2238,Pearly TAN / THINAAH Muralitharan (3),3.0,2249
26/7/2025,Semi final,XD,FENG Yan Zhe / HUANG Dong Ping (1) Rank 1 Elo 2402 (+8),21-17 / 21-11,GUO Xin Wa / CHEN Fang Hui Rank 9 Elo 2105 (-8),41.0,https://badmintonranks.com/tournament?id=14501,1,China Open 2025,FENG Yan Zhe / HUANG Dong Ping (1),1.0,2402,GUO Xin Wa / CHEN Fang Hui,9.0,2105
25/7/2025,Quarter final,MD,Satwiksairaj RANKIREDDY / Chirag SHETTY Rank 12 Elo 2158 (+15),21-18 / 21-14,ONG Yew Sin / TEO Ee Yi Rank 28 Elo 1998 (-16),40.0,https://badmintonranks.com/tournament?id=14501,1,China Open 2025,Satwiksairaj RANKIREDDY / Chirag SHETTY,12.0,2158,ONG Yew Sin / TEO Ee Yi,28.0,1998
25/7/2025,Quarter final,MD,Aaron CHIA / SOH Wooi Yik (2) Rank 2 Elo 2193 (+23),21-16 / 21-16,MAN Wei Chong / TEE Kai Wun (6) Rank 7 Elo 2148 (-23),33.0,https://badmintonranks.com/tournament?id=14501,1,China Open 2025,Aaron CHIA / SOH Wooi Yik (2),2.0,2193,MAN Wei Chong / TEE Kai Wun (6),7.0,2148
25/7/2025,Quarter final,MD,LIANG Wei Keng / WANG Chang (5) Rank 6 Elo 2128 (+19),21-16 / 22-20,KANG Min Hyuk / KI Dong Ju Rank 40 Elo 2036 (-20),43.0,https://badmintonranks.com/tournament?id=14501,1,China Open 2025,LIANG Wei Keng / WANG Chang (5),6.0,2128,KANG Min Hyuk / KI Dong Ju,40.0,2036
25/7/2025,Quarter final,MS,Anders ANTONSEN (2) Rank 3 Elo 2369 (+12),19-21 / 21-12 / 21-8,Toma Junior POPOV Rank 17 Elo 2167 (-12),72.0,https://badmintonranks.com/tournament?id=14501,1,China Open 2025,Anders ANTONSEN (2),3.0,2369,Toma Junior POPOV,17.0,2167
25/7/2025,Quarter final,WS,AN Se Young (1) Rank 1 Elo 2769 (+17),21-18 / 21-19,CHEN Yu Fei (5) Rank 5 Elo 2645 (-17),54.0,https://badmintonranks.com/tournament?id=14501,1,China Open 2025,AN Se Young (1),1.0,2769,CHEN Yu Fei (5),5.0,2645
25/7/2025,Quarter final,MD,Fajar ALFIAN / Muhammad Shohibul FIKRI Rank 86 Elo 1984 (+49),21-19 / 21-14,KIM Won Ho / SEO Seung Jae (3) Rank 1 Elo 2320 (-46),43.0,https://badmintonranks.com/tournament?id=14501,2,China Open 2025,Fajar ALFIAN / Muhammad Shohibul FIKRI,86.0,1984,KIM Won Ho / SEO Seung Jae (3),1.0,2320
25/7/2025,Quarter final,MS,WANG Zheng Xing Rank 23 Elo 2090 (+39),21-6 / 22-20,Christo POPOV Rank 14 Elo 2252 (-37),36.0,https://badmintonranks.com/tournament?id=14501,2,China Open 2025,WANG Zheng Xing,23.0,2090,Christo POPOV,14.0,2252
25/7/2025,Quarter final,WD,KIM Hye Rin / KONG Hee Yong (7) Rank 6 Elo 2200 (+24),6-21 / 22-20 / 21-12,BAEK Ha Na / LEE So Hee (4) Rank 4 Elo 2160 (-24),64.0,https://badmintonranks.com/tournament?id=14501,2,China Open 2025,KIM Hye Rin / KONG Hee Yong (7),6.0,2200,BAEK Ha Na / LEE So Hee (4),4.0,2160
25/7/2025,Quarter final,WS,HAN Yue (4) Rank 3 Elo 2341 (+17),21-19 / 21-18,Gregoria Mariska TUNJUNG (8) Rank 8 Elo 2213 (-17),34.0,https://badmintonranks.com/tournament?id=14501,2,China Open 2025,HAN Yue (4),3.0,2341,Gregoria Mariska TUNJUNG (8),8.0,2213
25/7/2025,Quarter final,WD,Pearly TAN / THINAAH Muralitharan (3) Rank 3 Elo 2232 (+17),21-16 / 21-12,Yuki FUKUSHIMA / Mayu MATSUMOTO (8) Rank 9 Elo 2099 (-17),39.0,https://badmintonranks.com/tournament?id=14501,2,China Open 2025,Pearly TAN / THINAAH Muralitharan (3),3.0,2232,Yuki FUKUSHIMA / Mayu MATSUMOTO (8),9.0,2099
25/7/2025,Quarter final,WD,JIA Yi Fan / ZHANG Shu Xian Rank 7 Elo 2232 (+6),21-7 / 21-15,GO Pei Kee / TEOH Mei Xing Rank 22 Elo 1876 (-6),34.0,https://badmintonranks.com/tournament?id=14501,2,China Open 2025,JIA Yi Fan / ZHANG Shu Xian,7.0,2232,GO Pei Kee / TEOH Mei Xing,22.0,1876
25/7/2025,Quarter final,WD,LIU Sheng Shu / TAN Ning (1) Rank 1 Elo 2421 (+5),21-13 / 17-21 / 21-16,LI Yi jing / LUO Xu Min (5) Rank 5 Elo 2043 (-5),69.0,https://badmintonranks.com/tournament?id=14501,2,China Open 2025,LIU Sheng Shu / TAN Ning (1),1.0,2421,LI Yi jing / LUO Xu Min (5),5.0,2043
25/7/2025,Quarter final,WS,Akane YAMAGUCHI (3) Rank 4 Elo 2416 (+3),21-16 / 21-12,Unnati HOODA Rank 35 Elo 1942 (-4),33.0,https://badmintonranks.com/tournament?id=14501,2,China Open 2025,Akane YAMAGUCHI (3),4.0,2416,Unnati HOODA,35.0,1942
25/7/2025,Quarter final,MS,SHI Yu Qi (3) Rank 2 Elo 2513 (+13),15-21 / 21-15 / 21-11,LI Shi Feng (5) Rank 5 Elo 2326 (-13),61.0,https://badmintonranks.com/tournament?id=14501,2,China Open 2025,SHI Yu Qi (3),2.0,2513,LI Shi Feng (5),5.0,2326
25/7/2025,Quarter final,XD,Jafar HIDAYATULLAH / Felisha Alberta SI Rank 14 Elo 2023 (+36),21-13 / 18-21 / 21-17,TANG Chun Man / TSE Ying Suet (3) Rank 5 Elo 2136 (-36),69.0,https://badmintonranks.com/tournament?id=14501,2,China Open 2025,Jafar HIDAYATULLAH / Felisha Alberta SI,14.0,2023,TANG Chun Man / TSE Ying Suet (3),5.0,2136
25/7/2025,Quarter final,XD,FENG Yan Zhe / HUANG Dong Ping (1) Rank 1 Elo 2398 (+4),21-14 / 21-11,Rehan Naufal KUSHARJANTO / Gloria Emanuelle WIDJAJA Rank 16 Elo 1956 (-4),38.0,https://badmintonranks.com/tournament?id=14501,2,China Open 2025,FENG Yan Zhe / HUANG Dong Ping (1),1.0,2398,Rehan Naufal KUSHARJANTO / Gloria Emanuelle WIDJAJA,16.0,1956
25/7/2025,Quarter final,MS,CHOU Tien Chen (6) Rank 6 Elo 2227 (+41),21-17 / 21-11,Kunlavut VITIDSARN (1) Rank 1 Elo 2443 (-41),37.0,https://badmintonranks.com/tournament?id=14501,2,China Open 2025,CHOU Tien Chen (6),6.0,2227,Kunlavut VITIDSARN (1),1.0,2443
25/7/2025,Quarter final,WS,WANG Zhi Yi (2) Rank 2 Elo 2520 (+2),21-16 / 21-11,CHIU Pin-Chian Rank 21 Elo 1958 (-2),42.0,https://badmintonranks.com/tournament?id=14501,2,China Open 2025,WANG Zhi Yi (2),2.0,2520,CHIU Pin-Chian,21.0,1958
25/7/2025,Quarter final,XD,JIANG Zhen Bang / WEI Ya Xin (2) Rank 2 Elo 2336 (+2),21-17 / 21-14,WANG Chang / JEONG Na Eun Rank Elo 1777 (-3),37.0,https://badmintonranks.com/tournament?id=14501,2,China Open 2025,JIANG Zhen Bang / WEI Ya Xin (2),2.0,2336,WANG Chang / JEONG Na Eun,,1777
25/7/2025,Quarter final,XD,GUO Xin Wa / CHEN Fang Hui Rank 9 Elo 2073 (+32),21-19 / 21-15,CHEN Tang Jie / TOH Ee Wei (4) Rank 4 Elo 2139 (-32),43.0,https://badmintonranks.com/tournament?id=14501,2,China Open 2025,GUO Xin Wa / CHEN Fang Hui,9.0,2073,CHEN Tang Jie / TOH Ee Wei (4),4.0,2139
24/7/2025,Round 2,WS,AN Se Young (1) Rank 1 Elo 2766 (+3),21-13 / 21-15,SIM Yu Jin Rank 14 Elo 2229 (-2),40.0,https://badmintonranks.com/tournament?id=14501,2,China Open 2025,AN Se Young (1),1.0,2766,SIM Yu Jin,14.0,2229
24/7/2025,Round 2,MD,MAN Wei Chong / TEE Kai Wun (6) Rank 7 Elo 2138 (+10),17-21 / 21-17 / 21-19,Nur Mohd Azriyn Ayub / TAN Wee Kiong Rank 25 Elo 1892 (-11),57.0,https://badmintonranks.com/tournament?id=14501,2,China Open 2025,MAN Wei Chong / TEE Kai Wun (6),7.0,2138,Nur Mohd Azriyn Ayub / TAN Wee Kiong,25.0,1892
24/7/2025,Round 2,WD,KIM Hye Rin / KONG Hee Yong (7) Rank 6 Elo 2191 (+9),21-18 / 19-21 / 21-17,HSIEH Pei Lan / HUNG En-Tzu Rank 12 Elo 1921 (-10),62.0,https://badmintonranks.com/tournament?id=14501,2,China Open 2025,KIM Hye Rin / KONG Hee Yong (7),6.0,2191,HSIEH Pei Lan / HUNG En-Tzu,12.0,1921
24/7/2025,Round 2,MD,Fajar ALFIAN / Muhammad Shohibul FIKRI Rank 86 Elo 1947 (+37),21-8 / 21-13,Sabar Karyaman GUTAMA / Moh Reza Pahlevi ISFAHANI (7) Rank 8 Elo 2071 (-34),25.0,https://badmintonranks.com/tournament?id=14501,2,China Open 2025,Fajar ALFIAN / Muhammad Shohibul FIKRI,86.0,1947,Sabar Karyaman GUTAMA / Moh Reza Pahlevi ISFAHANI (7),8.0,2071
24/7/2025,Round 2,MD,LIANG Wei Keng / WANG Chang (5) Rank 6 Elo 2113 (+15),21-15 / 21-12,HUANG Di / LIU Yang Rank 17 Elo 1954 (-16),30.0,https://badmintonranks.com/tournament?id=14501,2,China Open 2025,LIANG Wei Keng / WANG Chang (5),6.0,2113,HUANG Di / LIU Yang,17.0,1954
24/7/2025,Round 2,MD,KANG Min Hyuk / KI Dong Ju Rank 40 Elo 2020 (+16),21-17 / 21-13,Daniel LUNDGAARD / Mads VESTERGAARD Rank 26 Elo 1871 (-18),39.0,https://badmintonranks.com/tournament?id=14501,3,China Open 2025,KANG Min Hyuk / KI Dong Ju,40.0,2020,Daniel LUNDGAARD / Mads VESTERGAARD,26.0,1871
24/7/2025,Round 2,WD,Yuki FUKUSHIMA / Mayu MATSUMOTO (8) Rank 9 Elo 2081 (+18),21-14 / 21-9,Febriana Dwipuji KUSUMA / Amallia Cahaya PRATIWI Rank 10 Elo 1974 (-19),37.0,https://badmintonranks.com/tournament?id=14501,3,China Open 2025,Yuki FUKUSHIMA / Mayu MATSUMOTO (8),9.0,2081,Febriana Dwipuji KUSUMA / Amallia Cahaya PRATIWI,10.0,1974
24/7/2025,Round 2,WD,BAEK Ha Na / LEE So Hee (4) Rank 4 Elo 2155 (+5),21-7 / 21-16,LUI Lok Lok / TSANG Hiu Yan Rank 27 Elo 1748 (-6),31.0,https://badmintonranks.com/tournament?id=14501,3,China Open 2025,BAEK Ha Na / LEE So Hee (4),4.0,2155,LUI Lok Lok / TSANG Hiu Yan,27.0,1748
24/7/2025,Round 2,MS,SHI Yu Qi (3) Rank 2 Elo 2509 (+4),21-15 / 21-8,Nhat NGUYEN Rank 34 Elo 2053 (-3),43.0,https://badmintonranks.com/tournament?id=14501,3,China Open 2025,SHI Yu Qi (3),2.0,2509,Nhat NGUYEN,34.0,2053
24/7/2025,Round 2,WS,CHEN Yu Fei (5) Rank 5 Elo 2641 (+4),13-21 / 21-5 / 21-9,GAO Fang jie Rank 12 Elo 2239 (-5),53.0,https://badmintonranks.com/tournament?id=14501,3,China Open 2025,CHEN Yu Fei (5),5.0,2641,GAO Fang jie,12.0,2239
24/7/2025,Round 2,WD,GO Pei Kee / TEOH Mei Xing Rank 22 Elo 1824 (+52),26-24 / 7-21 / 21-18,Rin IWANAGA / Kie NAKANISHI (6) Rank 8 Elo 2118 (-43),63.0,https://badmintonranks.com/tournament?id=14501,3,China Open 2025,GO Pei Kee / TEOH Mei Xing,22.0,1824,Rin IWANAGA / Kie NAKANISHI (6),8.0,2118
24/7/2025,Round 2,WD,LIU Sheng Shu / TAN Ning (1) Rank 1 Elo 2419 (+2),21-9 / 21-13,Lauren LAM / Allison Qu.. Rank 28 Elo 1840 (-2),31.0,https://badmintonranks.com/tournament?id=14501,3,China Open 2025,LIU Sheng Shu / TAN Ning (1),1.0,2419,Lauren LAM / Allison Qu..,28.0,1840
24/7/2025,Round 2,WS,HAN Yue (4) Rank 3 Elo 2336 (+5),19-21 / 21-15 / 21-11,HAN Qian Xi Rank 34 Elo 1967 (-6),54.0,https://badmintonranks.com/tournament?id=14501,3,China Open 2025,HAN Yue (4),3.0,2336,HAN Qian Xi,34.0,1967
24/7/2025,Round 2,WS,Unnati HOODA Rank 35 Elo 1900 (+42),21-16 / 19-21 / 21-13,PUSARLA V. Sindhu Rank 15 Elo 2078 (-38),73.0,https://badmintonranks.com/tournament?id=14501,3,China Open 2025,Unnati HOODA,35.0,1900,PUSARLA V. Sindhu,15.0,2078
24/7/2025,Round 2,MD,Aaron CHIA / SOH Wooi Yik (2) Rank 2 Elo 2184 (+9),21-17 / 21-18,Christo POPOV / Toma Junior POPOV Rank 20 Elo 1915 (-10),35.0,https://badmintonranks.com/tournament?id=14501,3,China Open 2025,Aaron CHIA / SOH Wooi Yik (2),2.0,2184,Christo POPOV / Toma Junior POPOV,20.0,1915
24/7/2025,Round 2,MD,KIM Won Ho / SEO Seung Jae (3) Rank 1 Elo 2308 (+12),21-13 / 21-13,Takuro HOKI / Yugo KOBAYASHI Rank 16 Elo 2099 (-12),34.0,https://badmintonranks.com/tournament?id=14501,3,China Open 2025,KIM Won Ho / SEO Seung Jae (3),1.0,2308,Takuro HOKI / Yugo KOBAYASHI,16.0,2099
24/7/2025,Round 2,XD,WANG Chang / JEONG Na Eun Rank Elo 1716 (+61),12-21 / 21-13 / 21-19,Amri SYAHNAWI / Nita Violina MARWAH Rank 20 Elo 1943 (-43),55.0,https://badmintonranks.com/tournament?id=14501,3,China Open 2025,WANG Chang / JEONG Na Eun,,1716,Amri SYAHNAWI / Nita Violina MARWAH,20.0,1943
24/7/2025,Round 2,WD,LI Yi jing / LUO Xu Min (5) Rank 5 Elo 2027 (+16),21-17 / 21-19,Mizuki OTAKE / Miyu TAKAHASHI Rank 26 Elo 1885 (-17),43.0,https://badmintonranks.com/tournament?id=14501,3,China Open 2025,LI Yi jing / LUO Xu Min (5),5.0,2027,Mizuki OTAKE / Miyu TAKAHASHI,26.0,1885
24/7/2025,Round 2,MD,ONG Yew Sin / TEO Ee Yi Rank 28 Elo 1968 (+30),21-16 / 21-16,Dechapol PUAVARANUKROH / Kittinupong KEDREN Rank 13 Elo 2004 (-29),30.0,https://badmintonranks.com/tournament?id=14501,3,China Open 2025,ONG Yew Sin / TEO Ee Yi,28.0,1968,Dechapol PUAVARANUKROH / Kittinupong KEDREN,13.0,2004
24/7/2025,Round 2,XD,FENG Yan Zhe / HUANG Dong Ping (1) Rank 1 Elo 2397 (+1),21-11 / 24-26 / 21-9,WONG Tien Ci / LIM Chiew Sien Rank 34 Elo 1679 (-1),59.0,https://badmintonranks.com/tournament?id=14501,3,China Open 2025,FENG Yan Zhe / HUANG Dong Ping (1),1.0,2397,WONG Tien Ci / LIM Chiew Sien,34.0,1679
24/7/2025,Round 2,MS,Anders ANTONSEN (2) Rank 3 Elo 2350 (+19),21-19 / 20-22 / 22-20,LIN Chun-Yi Rank 16 Elo 2254 (-19),89.0,https://badmintonranks.com/tournament?id=14501,3,China Open 2025,Anders ANTONSEN (2),3.0,2350,LIN Chun-Yi,16.0,2254
24/7/2025,Round 2,MS,LI Shi Feng (5) Rank 5 Elo 2315 (+11),21-17 / 21-9,NG Ka Long Angus Rank 20 Elo 2095 (-11),44.0,https://badmintonranks.com/tournament?id=14501,3,China Open 2025,LI Shi Feng (5),5.0,2315,NG Ka Long Angus,20.0,2095
24/7/2025,Round 2,WD,Pearly TAN / THINAAH Muralitharan (3) Rank 3 Elo 2225 (+7),21-17 / 21-13,Rui HIROKAMI / Sayaka HIROTA Rank 99 Elo 1894 (-7),38.0,https://badmintonranks.com/tournament?id=14501,3,China Open 2025,Pearly TAN / THINAAH Muralitharan (3),3.0,2225,Rui HIROKAMI / Sayaka HIROTA,99.0,1894
24/7/2025,Round 2,WD,JIA Yi Fan / ZHANG Shu Xian Rank 7 Elo 2227 (+5),21-9 / 21-12,YEUNG .. / YEUNG Pak Hon Rank 17 Elo 1831 (-5),29.0,https://badmintonranks.com/tournament?id=14501,3,China Open 2025,JIA Yi Fan / ZHANG Shu Xian,7.0,2227,YEUNG .. / YEUNG Pak Hon,17.0,1831
24/7/2025,Round 2,MS,WANG Zheng Xing Rank 23 Elo 2059 (+31),21-12 / 25-27 / 23-21,LEE Chia Hao Rank 21 Elo 2135 (-31),69.0,https://badmintonranks.com/tournament?id=14501,3,China Open 2025,WANG Zheng Xing,23.0,2059,LEE Chia Hao,21.0,2135
24/7/2025,Round 2,WS,Gregoria Mariska TUNJUNG (8) Rank 8 Elo 2202 (+11),21-13 / 21-14,LIN Hsiang Ti Rank 22 Elo 1980 (-12),33.0,https://badmintonranks.com/tournament?id=14501,4,China Open 2025,Gregoria Mariska TUNJUNG (8),8.0,2202,LIN Hsiang Ti,22.0,1980
24/7/2025,Round 2,WS,Akane YAMAGUCHI (3) Rank 4 Elo 2411 (+5),21-14 / 21-17,Busanan ONGBAMRUNGPHAN Rank 20 Elo 1999 (-4),44.0,https://badmintonranks.com/tournament?id=14501,4,China Open 2025,Akane YAMAGUCHI (3),4.0,2411,Busanan ONGBAMRUNGPHAN,20.0,1999
24/7/2025,Round 2,XD,TANG Chun Man / TSE Ying Suet (3) Rank 5 Elo 2124 (+12),21-18 / 21-16,Ruttanapon KETSAOPAR / Jhenicha SUDJAIPRAPARAT Rank 15 Elo 1908 (-13),42.0,https://badmintonranks.com/tournament?id=14501,4,China Open 2025,TANG Chun Man / TSE Ying Suet (3),5.0,2124,Ruttanapon KETSAOPAR / Jhenicha SUDJAIPRAPARAT,15.0,1908
24/7/2025,Round 2,XD,JIANG Zhen Bang / WEI Ya Xin (2) Rank 2 Elo 2334 (+2),21-11 / 21-12,LU Ming Yang / HUNG En-Tzu Rank 35 Elo 1764 (-3),27.0,https://badmintonranks.com/tournament?id=14501,4,China Open 2025,JIANG Zhen Bang / WEI Ya Xin (2),2.0,2334,LU Ming Yang / HUNG En-Tzu,35.0,1764
24/7/2025,Round 2,WS,WANG Zhi Yi (2) Rank 2 Elo 2516 (+4),21-15 / 21-13,Riko GUNJI Rank 28 Elo 2115 (-4),47.0,https://badmintonranks.com/tournament?id=14501,4,China Open 2025,WANG Zhi Yi (2),2.0,2516,Riko GUNJI,28.0,2115
24/7/2025,Round 2,MD,Satwiksairaj RANKIREDDY / Chirag SHETTY Rank 12 Elo 2143 (+15),21-19 / 21-19,Leo Rolly CARNANDO / Bagas MAULANA (8) Rank 10 Elo 1997 (-16),43.0,https://badmintonranks.com/tournament?id=14501,4,China Open 2025,Satwiksairaj RANKIREDDY / Chirag SHETTY,12.0,2143,Leo Rolly CARNANDO / Bagas MAULANA (8),10.0,1997
24/7/2025,Round 2,XD,Rehan Naufal KUSHARJANTO / Gloria Emanuelle WIDJAJA Rank 16 Elo 1917 (+39),21-14 / 21-15,Hiroki MIDORIKAWA / Natsu SAITO (8) Rank 8 Elo 2065 (-37),34.0,https://badmintonranks.com/tournament?id=14501,4,China Open 2025,Rehan Naufal KUSHARJANTO / Gloria Emanuelle WIDJAJA,16.0,1917,Hiroki MIDORIKAWA / Natsu SAITO (8),8.0,2065
24/7/2025,Round 2,MS,Christo POPOV Rank 14 Elo 2224 (+28),21-12 / 13-21 / 21-16,Jonatan CHRISTIE (4) Rank 4 Elo 2261 (-28),62.0,https://badmintonranks.com/tournament?id=14501,4,China Open 2025,Christo POPOV,14.0,2224,Jonatan CHRISTIE (4),4.0,2261
24/7/2025,Round 2,WS,CHIU Pin-Chian Rank 21 Elo 1932 (+26),17-21 / 21-15 / 21-18,SUNG Shuo Yun Rank 23 Elo 1912 (-26),69.0,https://badmintonranks.com/tournament?id=14501,4,China Open 2025,CHIU Pin-Chian,21.0,1932,SUNG Shuo Yun,23.0,1912
24/7/2025,Round 2,XD,CHEN Tang Jie / TOH Ee Wei (4) Rank 4 Elo 2127 (+12),22-20 / 21-17,GAO Jia Xuan / WU Meng Ying Rank 39 Elo 1914 (-13),35.0,https://badmintonranks.com/tournament?id=14501,4,China Open 2025,CHEN Tang Jie / TOH Ee Wei (4),4.0,2127,GAO Jia Xuan / WU Meng Ying,39.0,1914
24/7/2025,Round 2,MS,CHOU Tien Chen (6) Rank 6 Elo 2214 (+13),18-21 / 21-15 / 21-8,PRANNOY H. S. Rank 35 Elo 2026 (-13),65.0,https://badmintonranks.com/tournament?id=14501,4,China Open 2025,CHOU Tien Chen (6),6.0,2214,PRANNOY H. S.,35.0,2026
24/7/2025,Round 2,MS,Toma Junior POPOV Rank 17 Elo 2157 (+10),21-17 / 21-16,Brian YANG Rank 32 Elo 1914 (-11),45.0,https://badmintonranks.com/tournament?id=14501,4,China Open 2025,Toma Junior POPOV,17.0,2157,Brian YANG,32.0,1914
24/7/2025,Round 2,MS,Kunlavut VITIDSARN (1) Rank 1 Elo 2435 (+8),23-21 / 21-7,LEONG Jun Hao Rank 26 Elo 2155 (-9),48.0,https://badmintonranks.com/tournament?id=14501,4,China Open 2025,Kunlavut VITIDSARN (1),1.0,2435,LEONG Jun Hao,26.0,2155
24/7/2025,Round 2,XD,GUO Xin Wa / CHEN Fang Hui Rank 9 Elo 2032 (+41),22-20 / 21-15,Dechapol PUAVARANUKROH / Supissara PACHARAMONGKOL (5) Rank 3 Elo 2263 (-40),44.0,https://badmintonranks.com/tournament?id=14501,4,China Open 2025,GUO Xin Wa / CHEN Fang Hui,9.0,2032,Dechapol PUAVARANUKROH / Supissara PACHARAMONGKOL (5),3.0,2263
24/7/2025,Round 2,XD,Jafar HIDAYATULLAH / Felisha Alberta SI Rank 14 Elo 2011 (+12),21-9 / 21-15,Mads VESTERGAARD / Christine BUSCH Rank 24 Elo 1802 (-15),34.0,https://badmintonranks.com/tournament?id=14501,4,China Open 2025,Jafar HIDAYATULLAH / Felisha Alberta SI,14.0,2011,Mads VESTERGAARD / Christine BUSCH,24.0,1802
23/7/2025,Round 1,MD,MAN Wei Chong / TEE Kai Wun (6) Rank 7 Elo 2128 (+10),21-17 / 21-19,Junaidi ARIFFIN / YAP Roy King Rank 24 Elo 1875 (-11),34.0,https://badmintonranks.com/tournament?id=14501,4,China Open 2025,MAN Wei Chong / TEE Kai Wun (6),7.0,2128,Junaidi ARIFFIN / YAP Roy King,24.0,1875
23/7/2025,Round 1,MD,Nur Mohd Azriyn Ayub / TAN Wee Kiong Rank 25 Elo 1862 (+30),21-16 / 18-21 / 21-14,LEE Fang Jen / LEE Fang Chih Rank 22 Elo 1869 (-30),52.0,https://badmintonranks.com/tournament?id=14501,4,China Open 2025,Nur Mohd Azriyn Ayub / TAN Wee Kiong,25.0,1862,LEE Fang Jen / LEE Fang Chih,22.0,1869
23/7/2025,Round 1,WD,Pearly TAN / THINAAH Muralitharan (3) Rank 3 Elo 2223 (+2),21-8 / 21-12,ONG Xin Yee / Carmen TING Rank 38 Elo 1648 (-3),24.0,https://badmintonranks.com/tournament?id=14501,4,China Open 2025,Pearly TAN / THINAAH Muralitharan (3),3.0,2223,ONG Xin Yee / Carmen TING,38.0,1648
23/7/2025,Round 1,WD,Yuki FUKUSHIMA / Mayu MATSUMOTO (8) Rank 9 Elo 2074 (+7),21-15 / 21-10,CHANG Tak Ching / YANG Ching Tun Rank 20 Elo 1735 (-9),38.0,https://badmintonranks.com/tournament?id=14501,4,China Open 2025,Yuki FUKUSHIMA / Mayu MATSUMOTO (8),9.0,2074,CHANG Tak Ching / YANG Ching Tun,20.0,1735
23/7/2025,Round 1,WD,Rui HIROKAMI / Sayaka HIROTA Rank 99 Elo 1851 (+43),21-10 / 21-16,Gabriela STOEVA / Stefani STOEVA Rank 15 Elo 2015 (-38),28.0,https://badmintonranks.com/tournament?id=14501,4,China Open 2025,Rui HIROKAMI / Sayaka HIROTA,99.0,1851,Gabriela STOEVA / Stefani STOEVA,15.0,2015
23/7/2025,Round 1,MD,Christo POPOV / Toma Junior POPOV Rank 20 Elo 1904 (+11),21-17 / 21-14,Kevin LEE / Ty Alexander LEONG Rank 65 Elo 1662 (-18),36.0,https://badmintonranks.com/tournament?id=14501,5,China Open 2025,Christo POPOV / Toma Junior POPOV,20.0,1904,Kevin LEE / Ty Alexander LEONG,65.0,1662
23/7/2025,Round 1,WD,Febriana Dwipuji KUSUMA / Amallia Cahaya PRATIWI Rank 10 Elo 1966 (+8),21-10 / 21-16,SUNG Shuo Yun / YU Chien Hui Rank 18 Elo 1658 (-14),31.0,https://badmintonranks.com/tournament?id=14501,5,China Open 2025,Febriana Dwipuji KUSUMA / Amallia Cahaya PRATIWI,10.0,1966,SUNG Shuo Yun / YU Chien Hui,18.0,1658
23/7/2025,Round 1,MD,ONG Yew Sin / TEO Ee Yi Rank 28 Elo 1955 (+13),21-17 / 21-14,REN Xiang Yu / SUN Wen .. Rank Elo 1763 (-17),35.0,https://badmintonranks.com/tournament?id=14501,5,China Open 2025,ONG Yew Sin / TEO Ee Yi,28.0,1955,REN Xiang Yu / SUN Wen ..,,1763
23/7/2025,Round 1,MS,LIN Chun-Yi Rank 16 Elo 2240 (+14),21-13 / 16-21 / 21-8,CHI Yu Jen Rank 29 Elo 2069 (-14),53.0,https://badmintonranks.com/tournament?id=14501,5,China Open 2025,LIN Chun-Yi,16.0,2240,CHI Yu Jen,29.0,2069
23/7/2025,Round 1,WS,Riko GUNJI Rank 28 Elo 2087 (+28),19-21 / 21-10 / 21-13,ZHANG Beiwen Rank 27 Elo 2116 (-27),48.0,https://badmintonranks.com/tournament?id=14501,5,China Open 2025,Riko GUNJI,28.0,2087,ZHANG Beiwen,27.0,2116
23/7/2025,Round 1,WS,CHIU Pin-Chian Rank 21 Elo 1901 (+31),20-22 / 21-19 / 11-5 Ret.,Pornpawee CHOCHUWONG (7) Rank 7 Elo 2289 (-28),64.0,https://badmintonranks.com/tournament?id=14501,5,China Open 2025,CHIU Pin-Chian,21.0,1901,Pornpawee CHOCHUWONG (7),7.0,2289
23/7/2025,Round 1,WD,GO Pei Kee / TEOH Mei Xing Rank 22 Elo 1809 (+15),21-5 / 21-6,Paulina CHALUPSKA / Kornelia MARCHEWKA Rank 40 Elo 1600 (-25),22.0,https://badmintonranks.com/tournament?id=14501,5,China Open 2025,GO Pei Kee / TEOH Mei Xing,22.0,1809,Paulina CHALUPSKA / Kornelia MARCHEWKA,40.0,1600
23/7/2025,Round 1,XD,LU Ming Yang / HUNG En-Tzu Rank 35 Elo 1733 (+31),21-16 / 19-21 / 21-12,Julien MAIO / Lea PALERMO Rank 40 Elo 1675 (-36),51.0,https://badmintonranks.com/tournament?id=14501,5,China Open 2025,LU Ming Yang / HUNG En-Tzu,35.0,1733,Julien MAIO / Lea PALERMO,40.0,1675
23/7/2025,Round 1,WS,WANG Zhi Yi (2) Rank 2 Elo 2514 (+2),21-16 / 21-9,HSU Wen Chi Rank 37 Elo 1980 (-3),37.0,https://badmintonranks.com/tournament?id=14501,5,China Open 2025,WANG Zhi Yi (2),2.0,2514,HSU Wen Chi,37.0,1980
23/7/2025,Round 1,MS,SHI Yu Qi (3) Rank 2 Elo 2500 (+9),21-16 / 21-11,WENG Hong Yang Rank 11 Elo 2232 (-9),46.0,https://badmintonranks.com/tournament?id=14501,5,China Open 2025,SHI Yu Qi (3),2.0,2500,WENG Hong Yang,11.0,2232
23/7/2025,Round 1,MS,WANG Zheng Xing Rank 23 Elo 2021 (+38),15-21 / 21-16 / 21-17,Kodai NARAOKA (7) Rank 7 Elo 2187 (-37),69.0,https://badmintonranks.com/tournament?id=14501,5,China Open 2025,WANG Zheng Xing,23.0,2021,Kodai NARAOKA (7),7.0,2187
23/7/2025,Round 1,MD,Dechapol PUAVARANUKROH / Kittinupong KEDREN Rank 13 Elo 1971 (+33),18-21 / 21-19 / 21-18,Kim ASTRUP / Anders Skaarup RASMUSSEN (4) Rank 4 Elo 2053 (-32),68.0,https://badmintonranks.com/tournament?id=14501,5,China Open 2025,Dechapol PUAVARANUKROH / Kittinupong KEDREN,13.0,1971,Kim ASTRUP / Anders Skaarup RASMUSSEN (4),4.0,2053
23/7/2025,Round 1,WS,Busanan ONGBAMRUNGPHAN Rank 20 Elo 1990 (+9),21-16 / 21-19,Polina BUHROVA Rank 39 Elo 1721 (-13),42.0,https://badmintonranks.com/tournament?id=14501,5,China Open 2025,Busanan ONGBAMRUNGPHAN,20.0,1990,Polina BUHROVA,39.0,1721
23/7/2025,Round 1,MS,Brian YANG Rank 32 Elo 1866 (+48),9-21 / 21-16 / 21-14,Anthony Sinisuka GINTING Rank 46 Elo 2119 (-41),63.0,https://badmintonranks.com/tournament?id=14501,5,China Open 2025,Brian YANG,32.0,1866,Anthony Sinisuka GINTING,46.0,2119
23/7/2025,Round 1,WD,Rin IWANAGA / Kie NAKANISHI (6) Rank 8 Elo 2104 (+14),21-19 / 21-14,JEONG Na Eun / LEE Yeon Woo Rank 48 Elo 1933 (-15),45.0,https://badmintonranks.com/tournament?id=14501,5,China Open 2025,Rin IWANAGA / Kie NAKANISHI (6),8.0,2104,JEONG Na Eun / LEE Yeon Woo,48.0,1933
23/7/2025,Round 1,WD,LIU Sheng Shu / TAN Ning (1) Rank 1 Elo 2418 (+1),21-10 / 21-14,Gronya SOMERVILLE / Angela YU Rank 35 Elo 1749 (-1),33.0,https://badmintonranks.com/tournament?id=14501,5,China Open 2025,LIU Sheng Shu / TAN Ning (1),1.0,2418,Gronya SOMERVILLE / Angela YU,35.0,1749
23/7/2025,Round 1,WS,SUNG Shuo Yun Rank 23 Elo 1873 (+39),22-20 / 21-16,Line Højmark KJAERSFELDT Rank 19 Elo 1995 (-35),45.0,https://badmintonranks.com/tournament?id=14501,5,China Open 2025,SUNG Shuo Yun,23.0,1873,Line Højmark KJAERSFELDT,19.0,1995
23/7/2025,Round 1,MS,LEE Chia Hao Rank 21 Elo 2099 (+36),21-8 / 21-15,LU Guang Zu Rank 12 Elo 2250 (-35),38.0,https://badmintonranks.com/tournament?id=14501,5,China Open 2025,LEE Chia Hao,21.0,2099,LU Guang Zu,12.0,2250
23/7/2025,Round 1,WS,Unnati HOODA Rank 35 Elo 1865 (+35),21-11 / 21-16,Kirsty GILMOUR Rank 29 Elo 1937 (-33),36.0,https://badmintonranks.com/tournament?id=14501,5,China Open 2025,Unnati HOODA,35.0,1865,Kirsty GILMOUR,29.0,1937
23/7/2025,Round 1,MD,Leo Rolly CARNANDO / Bagas MAULANA (8) Rank 10 Elo 1981 (+16),21-17 / 21-17,Takumi NOMURA / Yuichi SHIMABUKURO Rank 31 Elo 1826 (-18),39.0,https://badmintonranks.com/tournament?id=14501,5,China Open 2025,Leo Rolly CARNANDO / Bagas MAULANA (8),10.0,1981,Takumi NOMURA / Yuichi SHIMABUKURO,31.0,1826
23/7/2025,Round 1,XD,Mads VESTERGAARD / Christine BUSCH Rank 24 Elo 1767 (+35),21-23 / 21-13 / 21-18,Callum HEMMING / Estelle VAN ZANDT Rank 30 Elo 1771 (-34),59.0,https://badmintonranks.com/tournament?id=14501,6,China Open 2025,Mads VESTERGAARD / Christine BUSCH,24.0,1767,Callum HEMMING / Estelle VAN ZANDT,30.0,1771
23/7/2025,Round 1,MD,Aaron CHIA / SOH Wooi Yik (2) Rank 2 Elo 2173 (+11),21-19 / 21-15,Rasmus KJÆR / Frederik SØGAARD Rank 19 Elo 1947 (-12),41.0,https://badmintonranks.com/tournament?id=14501,6,China Open 2025,Aaron CHIA / SOH Wooi Yik (2),2.0,2173,Rasmus KJÆR / Frederik SØGAARD,19.0,1947
23/7/2025,Round 1,MS,Christo POPOV Rank 14 Elo 2210 (+14),21-13 / 21-8,LEI Lan Xi Rank 28 Elo 2055 (-15),35.0,https://badmintonranks.com/tournament?id=14501,6,China Open 2025,Christo POPOV,14.0,2210,LEI Lan Xi,28.0,2055
23/7/2025,Round 1,XD,JIANG Zhen Bang / WEI Ya Xin (2) Rank 2 Elo 2333 (+1),21-14 / 21-11,Kevin LEE / Josephine WU Rank 117 Elo 1690 (-2),28.0,https://badmintonranks.com/tournament?id=14501,6,China Open 2025,JIANG Zhen Bang / WEI Ya Xin (2),2.0,2333,Kevin LEE / Josephine WU,117.0,1690
23/7/2025,Round 1,MS,Anders ANTONSEN (2) Rank 3 Elo 2343 (+7),21-19 / 21-15,Yushi TANAKA Rank 27 Elo 2022 (-7),46.0,https://badmintonranks.com/tournament?id=14501,6,China Open 2025,Anders ANTONSEN (2),3.0,2343,Yushi TANAKA,27.0,2022
23/7/2025,Round 1,WS,AN Se Young (1) Rank 1 Elo 2766 (+0),13-21 / 21-3 / 21-10,Michelle LI Rank 16 Elo 2081 (-1),52.0,https://badmintonranks.com/tournament?id=14501,6,China Open 2025,AN Se Young (1),1.0,2766,Michelle LI,16.0,2081
23/7/2025,Round 1,XD,Ruttanapon KETSAOPAR / Jhenicha SUDJAIPRAPARAT Rank 15 Elo 1890 (+18),18-21 / 21-19 / 24-22,YANG Po Hsuan / HU Ling Fang Rank 12 Elo 1760 (-22),61.0,https://badmintonranks.com/tournament?id=14501,6,China Open 2025,Ruttanapon KETSAOPAR / Jhenicha SUDJAIPRAPARAT,15.0,1890,YANG Po Hsuan / HU Ling Fang,12.0,1760
23/7/2025,Round 1,WS,Akane YAMAGUCHI (3) Rank 4 Elo 2406 (+5),21-12 / 21-9,Mia BLICHFELDT Rank 26 Elo 2042 (-6),29.0,https://badmintonranks.com/tournament?id=14501,6,China Open 2025,Akane YAMAGUCHI (3),4.0,2406,Mia BLICHFELDT,26.0,2042
23/7/2025,Round 1,MD,Satwiksairaj RANKIREDDY / Chirag SHETTY Rank 12 Elo 2137 (+6),21-13 / 21-9,Kenya MITSUI / Hiroki OKAMURA Rank 33 Elo 1757 (-7),31.0,https://badmintonranks.com/tournament?id=14501,6,China Open 2025,Satwiksairaj RANKIREDDY / Chirag SHETTY,12.0,2137,Kenya MITSUI / Hiroki OKAMURA,33.0,1757
23/7/2025,Round 1,WS,PUSARLA V. Sindhu Rank 15 Elo 2045 (+33),21-15 / 8-21 / 21-17,Tomoka MIYAZAKI (6) Rank 6 Elo 2147 (-33),62.0,https://badmintonranks.com/tournament?id=14501,6,China Open 2025,PUSARLA V. Sindhu,15.0,2045,Tomoka MIYAZAKI (6),6.0,2147
23/7/2025,Round 1,MS,Toma Junior POPOV Rank 17 Elo 2117 (+40),22-20 / 13-21 / 21-17,Alex LANIER (8) Rank 9 Elo 2349 (-40),67.0,https://badmintonranks.com/tournament?id=14501,6,China Open 2025,Toma Junior POPOV,17.0,2117,Alex LANIER (8),9.0,2349
23/7/2025,Round 1,XD,TANG Chun Man / TSE Ying Suet (3) Rank 5 Elo 2122 (+2),21-12 / 21-12,CHEN Zhi Xian / Francesca CORBETT Rank 91 Elo 1604 (-6),25.0,https://badmintonranks.com/tournament?id=14501,6,China Open 2025,TANG Chun Man / TSE Ying Suet (3),5.0,2122,CHEN Zhi Xian / Francesca CORBETT,91.0,1604
23/7/2025,Round 1,XD,Jafar HIDAYATULLAH / Felisha Alberta SI Rank 14 Elo 1978 (+33),18-21 / 24-22 / 21-15,GOH Soon Huat / LAI Shevon Jemie (6) Rank 6 Elo 2051 (-31),69.0,https://badmintonranks.com/tournament?id=14501,6,China Open 2025,Jafar HIDAYATULLAH / Felisha Alberta SI,14.0,1978,GOH Soon Huat / LAI Shevon Jemie (6),6.0,2051
23/7/2025,Round 1,WD,JIA Yi Fan / ZHANG Shu Xian Rank 7 Elo 2196 (+31),21-23 / 21-11 / 21-11,Nami MATSUYAMA / Chiharu SHIDA (2) Rank 2 Elo 2280 (-32),59.0,https://badmintonranks.com/tournament?id=14501,6,China Open 2025,JIA Yi Fan / ZHANG Shu Xian,7.0,2196,Nami MATSUYAMA / Chiharu SHIDA (2),2.0,2280
23/7/2025,Round 1,WD,YEUNG .. / YEUNG Pak Hon Rank 17 Elo 1821 (+10),21-12 / 21-13,Rutaparn.. / Swetaparn DEESOM Rank 36 Elo 1531 (-22),31.0,https://badmintonranks.com/tournament?id=14501,6,China Open 2025,YEUNG .. / YEUNG Pak Hon,17.0,1821,Rutaparn.. / Swetaparn DEESOM,36.0,1531
23/7/2025,Round 1,MD,KIM Won Ho / SEO Seung Jae (3) Rank 1 Elo 2305 (+3),21-14 / 21-14,XIE Hao Nan / ZENG Wei Han Rank 29 Elo 1831 (-4),35.0,https://badmintonranks.com/tournament?id=14501,6,China Open 2025,KIM Won Ho / SEO Seung Jae (3),1.0,2305,XIE Hao Nan / ZENG Wei Han,29.0,1831
23/7/2025,Round 1,XD,WANG Chang / JEONG Na Eun Rank Elo 1619 (+97),21-17 / 16-21 / 21-15,Thom GICQUEL / Delphine DELRUE (7) Rank 7 Elo 2082 (-48),61.0,https://badmintonranks.com/tournament?id=14501,6,China Open 2025,WANG Chang / JEONG Na Eun,,1619,Thom GICQUEL / Delphine DELRUE (7),7.0,2082
23/7/2025,Round 1,MS,Jonatan CHRISTIE (4) Rank 4 Elo 2251 (+10),21-17 / 21-12,Jia Heng Jason TEH Rank 22 Elo 2015 (-11),43.0,https://badmintonranks.com/tournament?id=14501,6,China Open 2025,Jonatan CHRISTIE (4),4.0,2251,Jia Heng Jason TEH,22.0,2015
23/7/2025,Round 1,XD,Dechapol PUAVARANUKROH / Supissara PACHARAMONGKOL (5) Rank 3 Elo 2261 (+2),21-12 / 21-11,HEE Yong KWON / JIN Yu Jia Rank 23 Elo 1722 (-3),25.0,https://badmintonranks.com/tournament?id=14501,6,China Open 2025,Dechapol PUAVARANUKROH / Supissara PACHARAMONGKOL (5),3.0,2261,HEE Yong KWON / JIN Yu Jia,23.0,1722
23/7/2025,Round 1,XD,Amri SYAHNAWI / Nita Violina MARWAH Rank 20 Elo 1907 (+36),21-18 / 17-21 / 21-19,CHENG Chi Ya / ZHANG Chi Rank 11 Elo 2003 (-33),67.0,https://badmintonranks.com/tournament?id=14501,6,China Open 2025,Amri SYAHNAWI / Nita Violina MARWAH,20.0,1907,CHENG Chi Ya / ZHANG Chi,11.0,2003
23/7/2025,Round 1,MD,KANG Min Hyuk / KI Dong Ju Rank 40 Elo 1983 (+37),15-21 / 21-15 / 21-17,GOH Sze Fei / Nur IZZUDDIN (1) Rank 3 Elo 2137 (-36),56.0,https://badmintonranks.com/tournament?id=14501,7,China Open 2025,KANG Min Hyuk / KI Dong Ju,40.0,1983,GOH Sze Fei / Nur IZZUDDIN (1),3.0,2137
22/7/2025,Round 1,WD,Mizuki OTAKE / Miyu TAKAHASHI Rank 26 Elo 1879 (+6),24-22 / 21-10,Annie LADDHA / Estelle VAN ZANDT Rank Elo 1508 (-16),40.0,https://badmintonranks.com/tournament?id=14501,7,China Open 2025,Mizuki OTAKE / Miyu TAKAHASHI,26.0,1879,Annie LADDHA / Estelle VAN ZANDT,,1508
22/7/2025,Round 1,MS,Nhat NGUYEN Rank 34 Elo 2028 (+25),20-22 / 21-16 / 21-11,Rasmus GEMKE Rank 30 Elo 2021 (-26),85.0,https://badmintonranks.com/tournament?id=14501,7,China Open 2025,Nhat NGUYEN,34.0,2028,Rasmus GEMKE,30.0,2021
22/7/2025,Round 1,MD,Sabar Karyaman GUTAMA / Moh Reza Pahlevi ISFAHANI (7) Rank 8 Elo 2062 (+9),21-9 / 21-14,CHEN Zhi Xian / Presley SHIN Jian Da Rank 30 Elo 1800 (-11),30.0,https://badmintonranks.com/tournament?id=14501,7,China Open 2025,Sabar Karyaman GUTAMA / Moh Reza Pahlevi ISFAHANI (7),8.0,2062,CHEN Zhi Xian / Presley SHIN Jian Da,30.0,1800
22/7/2025,Round 1,MD,Fajar ALFIAN / Muhammad Shohibul FIKRI Rank 86 Elo 1930 (+17),21-11 / 21-10,CHOONG Hon Jian / Muhammad Shohibul FIKRI Rank 53 Elo 1797 (-21),23.0,https://badmintonranks.com/tournament?id=14501,7,China Open 2025,Fajar ALFIAN / Muhammad Shohibul FIKRI,86.0,1930,CHOONG Hon Jian / Muhammad Shohibul FIKRI,53.0,1797
22/7/2025,Round 1,MD,Daniel LUNDGAARD / Mads VESTERGAARD Rank 26 Elo 1836 (+35),12-21 / 21-12 / 21-14,CHIU Hsiang Chieh / WANG Chang Rank 18 Elo 1885 (-33),44.0,https://badmintonranks.com/tournament?id=14501,7,China Open 2025,Daniel LUNDGAARD / Mads VESTERGAARD,26.0,1836,CHIU Hsiang Chieh / WANG Chang,18.0,1885
22/7/2025,Round 1,WD,Lauren LAM / Allison Qu.. Rank 28 Elo 1832 (+8),21-16 / 21-14,Kavipriya .. / Simran SINGHI Rank 58 Elo 1517 (-20),36.0,https://badmintonranks.com/tournament?id=14501,7,China Open 2025,Lauren LAM / Allison Qu..,28.0,1832,Kavipriya .. / Simran SINGHI,58.0,1517
22/7/2025,Round 1,MS,LEONG Jun Hao Rank 26 Elo 2128 (+27),21-15 / 21-18,Kenta NISHIMOTO Rank 13 Elo 2147 (-27),45.0,https://badmintonranks.com/tournament?id=14501,7,China Open 2025,LEONG Jun Hao,26.0,2128,Kenta NISHIMOTO,13.0,2147
22/7/2025,Round 1,MD,HUANG Di / LIU Yang Rank 17 Elo 1925 (+29),16-21 / 26-24 / 21-19,LIU Kuan Han / YANG Po Hsuan Rank 23 Elo 1945 (-29),75.0,https://badmintonranks.com/tournament?id=14501,7,China Open 2025,HUANG Di / LIU Yang,17.0,1925,LIU Kuan Han / YANG Po Hsuan,23.0,1945
22/7/2025,Round 1,WD,HSIEH Pei Lan / HUNG En-Tzu Rank 12 Elo 1915 (+6),21-12 / 21-5,Amrutha PRAMUTHESH / Sonali SINGH Rank 102 Elo 1539 (-14),20.0,https://badmintonranks.com/tournament?id=14501,7,China Open 2025,HSIEH Pei Lan / HUNG En-Tzu,12.0,1915,Amrutha PRAMUTHESH / Sonali SINGH,102.0,1539
22/7/2025,Round 1,WD,BAEK Ha Na / LEE So Hee (4) Rank 4 Elo 2152 (+3),21-6 / 21-15,FAN Ka Yan / YAU Mau Ying Rank 57 Elo 1706 (-6),25.0,https://badmintonranks.com/tournament?id=14501,7,China Open 2025,BAEK Ha Na / LEE So Hee (4),4.0,2152,FAN Ka Yan / YAU Mau Ying,57.0,1706
22/7/2025,Round 1,WD,LI Yi jing / LUO Xu Min (5) Rank 5 Elo 2020 (+7),21-10 / 21-9,Francesca CORBETT / Jennie GAI Rank 92 Elo 1684 (-11),28.0,https://badmintonranks.com/tournament?id=14501,7,China Open 2025,LI Yi jing / LUO Xu Min (5),5.0,2020,Francesca CORBETT / Jennie GAI,92.0,1684
22/7/2025,Round 1,WS,Gregoria Mariska TUNJUNG (8) Rank 8 Elo 2197 (+5),23-21 / 21-9,Kaoru SUGIYAMA Rank 36 Elo 1800 (-6),37.0,https://badmintonranks.com/tournament?id=14501,7,China Open 2025,Gregoria Mariska TUNJUNG (8),8.0,2197,Kaoru SUGIYAMA,36.0,1800
22/7/2025,Round 1,MD,LIANG Wei Keng / WANG Chang (5) Rank 6 Elo 2102 (+11),21-11 / 21-11,LEE Jhe-Huei / YANG Po Hsuan Rank 21 Elo 1873 (-12),22.0,https://badmintonranks.com/tournament?id=14501,7,China Open 2025,LIANG Wei Keng / WANG Chang (5),6.0,2102,LEE Jhe-Huei / YANG Po Hsuan,21.0,1873
22/7/2025,Round 1,WD,LUI Lok Lok / TSANG Hiu Yan Rank 27 Elo 1726 (+22),21-11 / 21-18,Polina BUHROVA / Yevheniia KANTEMYR Rank 21 Elo 1569 (-35),26.0,https://badmintonranks.com/tournament?id=14501,7,China Open 2025,LUI Lok Lok / TSANG Hiu Yan,27.0,1726,Polina BUHROVA / Yevheniia KANTEMYR,21.0,1569
22/7/2025,Round 1,MS,NG Ka Long Angus Rank 20 Elo 2063 (+32),21-14 / 11-21 / 21-7,LEE Cheuk Yiu Rank 15 Elo 2149 (-32),52.0,https://badmintonranks.com/tournament?id=14501,7,China Open 2025,NG Ka Long Angus,20.0,2063,LEE Cheuk Yiu,15.0,2149
22/7/2025,Round 1,MS,LI Shi Feng (5) Rank 5 Elo 2302 (+13),14-21 / 24-22 / 21-11,Lakshya SEN Rank 19 Elo 2120 (-13),67.0,https://badmintonranks.com/tournament?id=14501,7,China Open 2025,LI Shi Feng (5),5.0,2302,Lakshya SEN,19.0,2120
22/7/2025,Round 1,MS,CHOU Tien Chen (6) Rank 6 Elo 2195 (+19),21-18 / 21-16,WANG Tzu Wei Rank 24 Elo 2108 (-20),42.0,https://badmintonranks.com/tournament?id=14501,7,China Open 2025,CHOU Tien Chen (6),6.0,2195,WANG Tzu Wei,24.0,2108
22/7/2025,Round 1,WS,HAN Qian Xi Rank 34 Elo 1922 (+45),20-22 / 21-16 / 21-19,Ratchanok INTANON Rank 9 Elo 2183 (-42),70.0,https://badmintonranks.com/tournament?id=14501,7,China Open 2025,HAN Qian Xi,34.0,1922,Ratchanok INTANON,9.0,2183
22/7/2025,Round 1,MD,Takuro HOKI / Yugo KOBAYASHI Rank 16 Elo 2080 (+19),21-14 / 21-17,CHEN Bo Yang / LIU Yi Rank 11 Elo 1987 (-20),34.0,https://badmintonranks.com/tournament?id=14501,7,China Open 2025,Takuro HOKI / Yugo KOBAYASHI,16.0,2080,CHEN Bo Yang / LIU Yi,11.0,1987
22/7/2025,Round 1,XD,FENG Yan Zhe / HUANG Dong Ping (1) Rank 1 Elo 2395 (+2),21-18 / 21-16,Yuichi SHIMABUKURO / Sayaka HIROTA Rank 21 Elo 1876 (-3),47.0,https://badmintonranks.com/tournament?id=14501,8,China Open 2025,FENG Yan Zhe / HUANG Dong Ping (1),1.0,2395,Yuichi SHIMABUKURO / Sayaka HIROTA,21.0,1876
22/7/2025,Round 1,WS,CHEN Yu Fei (5) Rank 5 Elo 2637 (+4),21-15 / 21-11,KIM Ga Eun Rank 17 Elo 2193 (-3),35.0,https://badmintonranks.com/tournament?id=14501,8,China Open 2025,CHEN Yu Fei (5),5.0,2637,KIM Ga Eun,17.0,2193
22/7/2025,Round 1,XD,WONG Tien Ci / LIM Chiew Sien Rank 34 Elo 1617 (+62),25-27 / 21-16 / 21-14,Rohan KAPOOR / GADDE Ruthvika Shivani Rank 33 Elo 1683 (-50),64.0,https://badmintonranks.com/tournament?id=14501,8,China Open 2025,WONG Tien Ci / LIM Chiew Sien,34.0,1617,Rohan KAPOOR / GADDE Ruthvika Shivani,33.0,1683
22/7/2025,Round 1,WS,GAO Fang jie Rank 12 Elo 2232 (+7),21-11 / 21-13,Julie Dawall JAKOBSEN Rank 30 Elo 1914 (-8),37.0,https://badmintonranks.com/tournament?id=14501,8,China Open 2025,GAO Fang jie,12.0,2232,Julie Dawall JAKOBSEN,30.0,1914
22/7/2025,Round 1,MS,PRANNOY H. S. Rank 35 Elo 1984 (+42),8-21 / 21-16 / 23-21,Koki WATANABE Rank 18 Elo 2225 (-40),57.0,https://badmintonranks.com/tournament?id=14501,8,China Open 2025,PRANNOY H. S.,35.0,1984,Koki WATANABE,18.0,2225
22/7/2025,Round 1,MS,Kunlavut VITIDSARN (1) Rank 1 Elo 2427 (+8),10-21 / 21-15 / 21-18,Alwi FARHAN Rank 25 Elo 2127 (-7),65.0,https://badmintonranks.com/tournament?id=14501,8,China Open 2025,Kunlavut VITIDSARN (1),1.0,2427,Alwi FARHAN,25.0,2127
22/7/2025,Round 1,XD,Hiroki MIDORIKAWA / Natsu SAITO (8) Rank 8 Elo 2047 (+18),22-24 / 21-19 / 21-19,YE Hong / Nicole Gonzales CHAN Rank 17 Elo 1933 (-19),56.0,https://badmintonranks.com/tournament?id=14501,8,China Open 2025,Hiroki MIDORIKAWA / Natsu SAITO (8),8.0,2047,YE Hong / Nicole Gonzales CHAN,17.0,1933
22/7/2025,Round 1,XD,GAO Jia Xuan / WU Meng Ying Rank 39 Elo 1888 (+26),21-15 / 21-16,HOO Pang Ron / CHENG Su Yin Rank 13 Elo 1847 (-27),29.0,https://badmintonranks.com/tournament?id=14501,8,China Open 2025,GAO Jia Xuan / WU Meng Ying,39.0,1888,HOO Pang Ron / CHENG Su Yin,13.0,1847
22/7/2025,Round 1,WS,HAN Yue (4) Rank 3 Elo 2326 (+10),21-9 / 12-21 / 21-17,Natsuki NIDAIRA Rank 24 Elo 2073 (-10),64.0,https://badmintonranks.com/tournament?id=14501,8,China Open 2025,HAN Yue (4),3.0,2326,Natsuki NIDAIRA,24.0,2073
22/7/2025,Round 1,XD,Rehan Naufal KUSHARJANTO / Gloria Emanuelle WIDJAJA Rank 16 Elo 1910 (+7),21-12 / 21-17,Ashith SURYA / Amrutha PRAMUTHESH Rank 41 Elo 1564 (-15),31.0,https://badmintonranks.com/tournament?id=14501,8,China Open 2025,Rehan Naufal KUSHARJANTO / Gloria Emanuelle WIDJAJA,16.0,1910,Ashith SURYA / Amrutha PRAMUTHESH,41.0,1564
22/7/2025,Round 1,WS,LIN Hsiang Ti Rank 22 Elo 1965 (+15),21-23 / 21-11 / 21-10,Anupama UPADHYAYA Rank 38 Elo 1798 (-18),55.0,https://badmintonranks.com/tournament?id=14501,8,China Open 2025,LIN Hsiang Ti,22.0,1965,Anupama UPADHYAYA,38.0,1798
22/7/2025,Round 1,XD,GUO Xin Wa / CHEN Fang Hui Rank 9 Elo 2007 (+25),17-21 / 21-19 / 21-14,Jesper TOFT / Amalie MAGELUND Rank 10 Elo 1985 (-25),56.0,https://badmintonranks.com/tournament?id=14501,8,China Open 2025,GUO Xin Wa / CHEN Fang Hui,9.0,2007,Jesper TOFT / Amalie MAGELUND,10.0,1985
22/7/2025,Round 1,WS,SIM Yu Jin Rank 14 Elo 2203 (+26),21-14 / 14-21 / 21-19,Putri Kusuma WARDANI Rank 10 Elo 2216 (-26),56.0,https://badmintonranks.com/tournament?id=14501,8,China Open 2025,SIM Yu Jin,14.0,2203,Putri Kusuma WARDANI,10.0,2216
22/7/2025,Round 1,XD,CHEN Tang Jie / TOH Ee Wei (4) Rank 4 Elo 2120 (+7),22-20 / 21-12,Presley SHIN Jian Da / Jennie GAI Rank 29 Elo 1791 (-9),35.0,https://badmintonranks.com/tournament?id=14501,8,China Open 2025,CHEN Tang Jie / TOH Ee Wei (4),4.0,2120,Presley SHIN Jian Da / Jennie GAI,29.0,1791
22/9/2024,Final,MD,GOH Sze Fei / Nur IZZUDDIN (7) Rank 12 Elo 2170 (+32),13-21 / 21-12 / 21-17,HE Ji Ting / REN Xiang Yu (5) Rank 7 Elo 2221 (-32),58.0,https://badmintonranks.com/tournament?id=14262,1,China Open 2024,GOH Sze Fei / Nur IZZUDDIN (7),12.0,2170,HE Ji Ting / REN Xiang Yu (5),7.0,2221
22/9/2024,Final,MS,WENG Hong Yang Rank 25 Elo 2250 (+32),21-17 / 21-12,Kodai NARAOKA (6) Rank 6 Elo 2309 (-32),54.0,https://badmintonranks.com/tournament?id=14262,1,China Open 2024,WENG Hong Yang,25.0,2250,Kodai NARAOKA (6),6.0,2309
22/9/2024,Final,WS,WANG Zhi Yi (3) Rank 5 Elo 2476 (+6),21-17 / 21-15,Tomoka MIYAZAKI Rank 21 Elo 2120 (-6),52.0,https://badmintonranks.com/tournament?id=14262,1,China Open 2024,WANG Zhi Yi (3),5.0,2476,Tomoka MIYAZAKI,21.0,2120
22/9/2024,Final,XD,FENG Yan Zhe / HUANG Dong Ping (2) Rank 3 Elo 2313 (+14),16-21 / 21-14 / 21-17,GOH Soon Huat / LAI Shevon Jemie Rank 12 Elo 2125 (-14),72.0,https://badmintonranks.com/tournament?id=14262,1,China Open 2024,FENG Yan Zhe / HUANG Dong Ping (2),3.0,2313,GOH Soon Huat / LAI Shevon Jemie,12.0,2125
22/9/2024,Final,WD,LI Yi jing / LUO Xu Min Rank 18 Elo 2082 (+27),11-21 / 21-18 / 21-8,LI Wen Mei / ZHANG Shu Xian Rank 80 Elo 2066 (-27),71.0,https://badmintonranks.com/tournament?id=14262,1,China Open 2024,LI Yi jing / LUO Xu Min,18.0,2082,LI Wen Mei / ZHANG Shu Xian,80.0,2066
21/9/2024,Semi final,MS,Kodai NARAOKA (6) Rank 6 Elo 2272 (+37),21-17 / 21-13,Kunlavut VITIDSARN (8) Rank 7 Elo 2416 (-37),54.0,https://badmintonranks.com/tournament?id=14262,1,China Open 2024,Kodai NARAOKA (6),6.0,2272,Kunlavut VITIDSARN (8),7.0,2416
21/9/2024,Semi final,MD,HE Ji Ting / REN Xiang Yu (5) Rank 7 Elo 2210 (+11),21-18 / 21-11,ONG Yew Sin / TEO Ee Yi Rank 23 Elo 1972 (-12),43.0,https://badmintonranks.com/tournament?id=14262,1,China Open 2024,HE Ji Ting / REN Xiang Yu (5),7.0,2210,ONG Yew Sin / TEO Ee Yi,23.0,1972
21/9/2024,Semi final,MS,WENG Hong Yang Rank 25 Elo 2212 (+38),21-17 / 21-18,Jonatan CHRISTIE (7) Rank 8 Elo 2365 (-38),59.0,https://badmintonranks.com/tournament?id=14262,1,China Open 2024,WENG Hong Yang,25.0,2212,Jonatan CHRISTIE (7),8.0,2365
21/9/2024,Semi final,MD,GOH Sze Fei / Nur IZZUDDIN (7) Rank 12 Elo 2148 (+22),21-14 / 24-22,Muhammad Shohibul FIKRI / Daniel MARTHIN Rank 88 Elo 2082 (-22),43.0,https://badmintonranks.com/tournament?id=14262,1,China Open 2024,GOH Sze Fei / Nur IZZUDDIN (7),12.0,2148,Muhammad Shohibul FIKRI / Daniel MARTHIN,88.0,2082
21/9/2024,Semi final,WD,LI Wen Mei / ZHANG Shu Xian Rank 80 Elo 2038 (+28),21-17 / 22-20,JIA Yi Fan / ZHENG Yu (5) Rank Elo 2036 (-28),57.0,https://badmintonranks.com/tournament?id=14262,1,China Open 2024,LI Wen Mei / ZHANG Shu Xian,80.0,2038,JIA Yi Fan / ZHENG Yu (5),,2036
21/9/2024,Semi final,WD,LI Yi jing / LUO Xu Min Rank 18 Elo 2046 (+36),21-12 / 21-14,JEONG Na Eun / KIM Hye Rin (8) Rank 11 Elo 2152 (-35),47.0,https://badmintonranks.com/tournament?id=14262,1,China Open 2024,LI Yi jing / LUO Xu Min,18.0,2046,JEONG Na Eun / KIM Hye Rin (8),11.0,2152
21/9/2024,Semi final,WS,WANG Zhi Yi (3) Rank 5 Elo 2460 (+16),21-15 / 21-18,Aya OHORI (7) Rank 9 Elo 2306 (-15),51.0,https://badmintonranks.com/tournament?id=14262,1,China Open 2024,WANG Zhi Yi (3),5.0,2460,Aya OHORI (7),9.0,2306
21/9/2024,Semi final,XD,FENG Yan Zhe / HUANG Dong Ping (2) Rank 3 Elo 2305 (+8),21-16 / 21-15,Dejan FERDINANSYAH / Gloria Emanuelle WIDJAJA Rank 16 Elo 2009 (-8),59.0,https://badmintonranks.com/tournament?id=14262,1,China Open 2024,FENG Yan Zhe / HUANG Dong Ping (2),3.0,2305,Dejan FERDINANSYAH / Gloria Emanuelle WIDJAJA,16.0,2009
21/9/2024,Semi final,WS,Tomoka MIYAZAKI Rank 21 Elo 2070 (+50),22-20 / 21-15,Akane YAMAGUCHI (4) Rank 8 Elo 2462 (-49),55.0,https://badmintonranks.com/tournament?id=14262,1,China Open 2024,Tomoka MIYAZAKI,21.0,2070,Akane YAMAGUCHI (4),8.0,2462
21/9/2024,Semi final,XD,GOH Soon Huat / LAI Shevon Jemie Rank 12 Elo 2097 (+28),21-18 / 21-18,CHENG Chi Ya / ZHANG Chi Rank 22 Elo 2103 (-27),51.0,https://badmintonranks.com/tournament?id=14262,1,China Open 2024,GOH Soon Huat / LAI Shevon Jemie,12.0,2097,CHENG Chi Ya / ZHANG Chi,22.0,2103
20/9/2024,Quarter final,MS,Kunlavut VITIDSARN (8) Rank 7 Elo 2400 (+16),10-21 / 21-11 / 21-19,Anthony Sinisuka GINTING Rank 10 Elo 2260 (-17),60.0,https://badmintonranks.com/tournament?id=14262,1,China Open 2024,Kunlavut VITIDSARN (8),7.0,2400,Anthony Sinisuka GINTING,10.0,2260
20/9/2024,Quarter final,MD,HE Ji Ting / REN Xiang Yu (5) Rank 7 Elo 2184 (+26),21-12 / 11-21 / 21-19,Kim ASTRUP / Anders Skaarup RASMUSSEN (2) Rank 2 Elo 2172 (-26),65.0,https://badmintonranks.com/tournament?id=14262,1,China Open 2024,HE Ji Ting / REN Xiang Yu (5),7.0,2184,Kim ASTRUP / Anders Skaarup RASMUSSEN (2),2.0,2172
20/9/2024,Quarter final,MS,Kodai NARAOKA (6) Rank 6 Elo 2249 (+23),21-18 / 14-21 / 21-12,Koki WATANABE Rank 15 Elo 2194 (-22),78.0,https://badmintonranks.com/tournament?id=14262,1,China Open 2024,Kodai NARAOKA (6),6.0,2249,Koki WATANABE,15.0,2194
20/9/2024,Quarter final,WD,JIA Yi Fan / ZHENG Yu (5) Rank Elo 2007 (+29),21-11 / 21-14,LEE Yu Lim / SHIN Seung Chan Rank 20 Elo 2024 (-29),41.0,https://badmintonranks.com/tournament?id=14262,1,China Open 2024,JIA Yi Fan / ZHENG Yu (5),,2007,LEE Yu Lim / SHIN Seung Chan,20.0,2024
20/9/2024,Quarter final,MS,WENG Hong Yang Rank 25 Elo 2176 (+36),19-21 / 21-19 / 23-21,Anders ANTONSEN (5) Rank 5 Elo 2310 (-36),91.0,https://badmintonranks.com/tournament?id=14262,1,China Open 2024,WENG Hong Yang,25.0,2176,Anders ANTONSEN (5),5.0,2310
20/9/2024,Quarter final,WD,LI Yi jing / LUO Xu Min Rank 18 Elo 1996 (+50),14-21 / 21-15 / 21-18,LIU Sheng Shu / TAN Ning (2) Rank 3 Elo 2367 (-47),61.0,https://badmintonranks.com/tournament?id=14262,2,China Open 2024,LI Yi jing / LUO Xu Min,18.0,1996,LIU Sheng Shu / TAN Ning (2),3.0,2367
20/9/2024,Quarter final,WD,LI Wen Mei / ZHANG Shu Xian Rank 80 Elo 1990 (+48),21-18 / 21-18,BAEK Ha Na / LEE So Hee (1) Rank 2 Elo 2297 (-45),49.0,https://badmintonranks.com/tournament?id=14262,2,China Open 2024,LI Wen Mei / ZHANG Shu Xian,80.0,1990,BAEK Ha Na / LEE So Hee (1),2.0,2297
20/9/2024,Quarter final,MD,ONG Yew Sin / TEO Ee Yi Rank 23 Elo 1928 (+44),14-21 / 21-17 / 21-14,Fajar ALFIAN / Muhammad Shohibul FIKRI (4) Rank 6 Elo 2129 (-41),58.0,https://badmintonranks.com/tournament?id=14262,2,China Open 2024,ONG Yew Sin / TEO Ee Yi,23.0,1928,Fajar ALFIAN / Muhammad Shohibul FIKRI (4),6.0,2129
20/9/2024,Quarter final,WS,WANG Zhi Yi (3) Rank 5 Elo 2453 (+7),13-21 / 21-11 / 21-14,GAO Fang jie Rank 34 Elo 2135 (-7),69.0,https://badmintonranks.com/tournament?id=14262,2,China Open 2024,WANG Zhi Yi (3),5.0,2453,GAO Fang jie,34.0,2135
20/9/2024,Quarter final,WD,JEONG Na Eun / KIM Hye Rin (8) Rank 11 Elo 2143 (+9),21-18 / 21-19,TENG Chun Hsun / YANG Ching Tun Rank 110 Elo 1852 (-9),44.0,https://badmintonranks.com/tournament?id=14262,2,China Open 2024,JEONG Na Eun / KIM Hye Rin (8),11.0,2143,TENG Chun Hsun / YANG Ching Tun,110.0,1852
20/9/2024,Quarter final,MS,Jonatan CHRISTIE (7) Rank 8 Elo 2351 (+14),21-18 / 21-12,LEI Lan Xi Rank 28 Elo 2183 (-15),47.0,https://badmintonranks.com/tournament?id=14262,2,China Open 2024,Jonatan CHRISTIE (7),8.0,2351,LEI Lan Xi,28.0,2183
20/9/2024,Quarter final,WS,Aya OHORI (7) Rank 9 Elo 2280 (+26),21-15 / 21-16,Pornpawee CHOCHUWONG Rank 16 Elo 2284 (-26),43.0,https://badmintonranks.com/tournament?id=14262,2,China Open 2024,Aya OHORI (7),9.0,2280,Pornpawee CHOCHUWONG,16.0,2284
20/9/2024,Quarter final,WS,Akane YAMAGUCHI (4) Rank 8 Elo 2460 (+2),21-10 / 21-16,Malvika BANSOD Rank 43 Elo 1876 (-2),35.0,https://badmintonranks.com/tournament?id=14262,2,China Open 2024,Akane YAMAGUCHI (4),8.0,2460,Malvika BANSOD,43.0,1876
20/9/2024,Quarter final,MD,Muhammad Shohibul FIKRI / Daniel MARTHIN Rank 88 Elo 2065 (+17),21-19 / 21-19,Rasmus KJÆR / Frederik SØGAARD (8) Rank 14 Elo 1932 (-18),43.0,https://badmintonranks.com/tournament?id=14262,2,China Open 2024,Muhammad Shohibul FIKRI / Daniel MARTHIN,88.0,2065,Rasmus KJÆR / Frederik SØGAARD (8),14.0,1932
20/9/2024,Quarter final,XD,GOH Soon Huat / LAI Shevon Jemie Rank 12 Elo 2049 (+48),23-21 / 21-16,JIANG Zhen Bang / WEI Ya Xin (3) Rank 2 Elo 2398 (-47),34.0,https://badmintonranks.com/tournament?id=14262,2,China Open 2024,GOH Soon Huat / LAI Shevon Jemie,12.0,2049,JIANG Zhen Bang / WEI Ya Xin (3),2.0,2398
20/9/2024,Quarter final,MD,GOH Sze Fei / Nur IZZUDDIN (7) Rank 12 Elo 2126 (+22),21-19 / 21-18,MAN Wei Chong / TEE Kai Wun Rank 13 Elo 2070 (-23),44.0,https://badmintonranks.com/tournament?id=14262,2,China Open 2024,GOH Sze Fei / Nur IZZUDDIN (7),12.0,2126,MAN Wei Chong / TEE Kai Wun,13.0,2070
20/9/2024,Quarter final,WS,Tomoka MIYAZAKI Rank 21 Elo 2035 (+35),21-18 / 21-6,YEO Jia Min Rank 17 Elo 2130 (-34),32.0,https://badmintonranks.com/tournament?id=14262,2,China Open 2024,Tomoka MIYAZAKI,21.0,2035,YEO Jia Min,17.0,2130
20/9/2024,Quarter final,XD,FENG Yan Zhe / HUANG Dong Ping (2) Rank 3 Elo 2299 (+6),21-10 / 21-10,Jesper TOFT / Amalie MAGELUND Rank 51 Elo 1950 (-7),33.0,https://badmintonranks.com/tournament?id=14262,2,China Open 2024,FENG Yan Zhe / HUANG Dong Ping (2),3.0,2299,Jesper TOFT / Amalie MAGELUND,51.0,1950
20/9/2024,Quarter final,XD,CHENG Chi Ya / ZHANG Chi Rank 22 Elo 2084 (+19),21-15 / 21-19,Hiroki MIDORIKAWA / Natsu SAITO Rank 20 Elo 1985 (-20),42.0,https://badmintonranks.com/tournament?id=14262,2,China Open 2024,CHENG Chi Ya / ZHANG Chi,22.0,2084,Hiroki MIDORIKAWA / Natsu SAITO,20.0,1985
20/9/2024,Quarter final,XD,Dejan FERDINANSYAH / Gloria Emanuelle WIDJAJA Rank 16 Elo 1992 (+17),21-14 / 21-9,HOO Pang Ron / CHENG Su Yin Rank 32 Elo 1851 (-19),35.0,https://badmintonranks.com/tournament?id=14262,2,China Open 2024,Dejan FERDINANSYAH / Gloria Emanuelle WIDJAJA,16.0,1992,HOO Pang Ron / CHENG Su Yin,32.0,1851
19/9/2024,Round 2,WD,LI Wen Mei / ZHANG Shu Xian Rank 80 Elo 1952 (+38),22-20 / 21-16,KIM So Yeong / KONG Hee Yong (7) Rank 9 Elo 2112 (-37),46.0,https://badmintonranks.com/tournament?id=14262,2,China Open 2024,LI Wen Mei / ZHANG Shu Xian,80.0,1952,KIM So Yeong / KONG Hee Yong (7),9.0,2112
19/9/2024,Round 2,MS,Kodai NARAOKA (6) Rank 6 Elo 2227 (+22),15-21 / 21-10 / 21-13,LEE Chia Hao Rank 22 Elo 2189 (-23),53.0,https://badmintonranks.com/tournament?id=14262,2,China Open 2024,Kodai NARAOKA (6),6.0,2227,LEE Chia Hao,22.0,2189
19/9/2024,Round 2,WD,BAEK Ha Na / LEE So Hee (1) Rank 2 Elo 2296 (+1),21-14 / 21-11,Polina BUHROVA / Yevheniia KANTEMYR Rank 43 Elo 1593 (-2),30.0,https://badmintonranks.com/tournament?id=14262,2,China Open 2024,BAEK Ha Na / LEE So Hee (1),2.0,2296,Polina BUHROVA / Yevheniia KANTEMYR,43.0,1593
19/9/2024,Round 2,MD,HE Ji Ting / REN Xiang Yu (5) Rank 7 Elo 2180 (+4),21-11 / 21-16,Daniel LUNDGAARD / Mads VESTERGAARD Rank 29 Elo 1763 (-6),33.0,https://badmintonranks.com/tournament?id=14262,2,China Open 2024,HE Ji Ting / REN Xiang Yu (5),7.0,2180,Daniel LUNDGAARD / Mads VESTERGAARD,29.0,1763
19/9/2024,Round 2,WD,JEONG Na Eun / KIM Hye Rin (8) Rank 11 Elo 2137 (+6),21-8 / 21-12,HSIEH Pei Lan / HUNG En-Tzu Rank 73 Elo 1811 (-8),29.0,https://badmintonranks.com/tournament?id=14262,2,China Open 2024,JEONG Na Eun / KIM Hye Rin (8),11.0,2137,HSIEH Pei Lan / HUNG En-Tzu,73.0,1811
19/9/2024,Round 2,MD,Fajar ALFIAN / Muhammad Shohibul FIKRI (4) Rank 6 Elo 2116 (+13),21-15 / 21-8,Andreas SONDERGAARD / Jesper TOFT Rank 24 Elo 1921 (-14),29.0,https://badmintonranks.com/tournament?id=14262,3,China Open 2024,Fajar ALFIAN / Muhammad Shohibul FIKRI (4),6.0,2116,Andreas SONDERGAARD / Jesper TOFT,24.0,1921
19/9/2024,Round 2,WD,JIA Yi Fan / ZHENG Yu (5) Rank Elo 1997 (+10),21-9 / 22-20,SUNG Shuo Yun / YU Chien Hui Rank 37 Elo 1733 (-13),40.0,https://badmintonranks.com/tournament?id=14262,3,China Open 2024,JIA Yi Fan / ZHENG Yu (5),,1997,SUNG Shuo Yun / YU Chien Hui,37.0,1733
19/9/2024,Round 2,MS,Koki WATANABE Rank 15 Elo 2178 (+16),14-21 / 21-12 / 21-10,WANG Tzu Wei Rank 23 Elo 2046 (-16),60.0,https://badmintonranks.com/tournament?id=14262,3,China Open 2024,Koki WATANABE,15.0,2178,WANG Tzu Wei,23.0,2046
19/9/2024,Round 2,MS,Kunlavut VITIDSARN (8) Rank 7 Elo 2396 (+4),21-18 / 21-9,Brian YANG Rank 24 Elo 1992 (-4),39.0,https://badmintonranks.com/tournament?id=14262,3,China Open 2024,Kunlavut VITIDSARN (8),7.0,2396,Brian YANG,24.0,1992
19/9/2024,Round 2,WS,Pornpawee CHOCHUWONG Rank 16 Elo 2273 (+11),21-13 / 20-22 / 21-14,Line Højmark KJAERSFELDT Rank 18 Elo 2066 (-12),66.0,https://badmintonranks.com/tournament?id=14262,3,China Open 2024,Pornpawee CHOCHUWONG,16.0,2273,Line Højmark KJAERSFELDT,18.0,2066
19/9/2024,Round 2,WD,TENG Chun Hsun / YANG Ching Tun Rank 110 Elo 1793 (+59),21-19 / 16-21 / 21-19,Nami MATSUYAMA / Chiharu SHIDA (3) Rank 4 Elo 2180 (-46),56.0,https://badmintonranks.com/tournament?id=14262,3,China Open 2024,TENG Chun Hsun / YANG Ching Tun,110.0,1793,Nami MATSUYAMA / Chiharu SHIDA (3),4.0,2180
19/9/2024,Round 2,MD,Kim ASTRUP / Anders Skaarup RASMUSSEN (2) Rank 2 Elo 2152 (+20),21-18 / 22-24 / 21-18,Leo Rolly CARNANDO / Bagas MAULANA Rank 70 Elo 2071 (-20),57.0,https://badmintonranks.com/tournament?id=14262,3,China Open 2024,Kim ASTRUP / Anders Skaarup RASMUSSEN (2),2.0,2152,Leo Rolly CARNANDO / Bagas MAULANA,70.0,2071
19/9/2024,Round 2,MD,ONG Yew Sin / TEO Ee Yi Rank 23 Elo 1902 (+26),21-19 / 21-14,LEE Fang Jen / LEE Fang Chih Rank 28 Elo 1876 (-27),35.0,https://badmintonranks.com/tournament?id=14262,3,China Open 2024,ONG Yew Sin / TEO Ee Yi,23.0,1902,LEE Fang Jen / LEE Fang Chih,28.0,1876
19/9/2024,Round 2,MS,Anders ANTONSEN (5) Rank 5 Elo 2297 (+13),21-12 / 9-21 / 21-18,LOH Kean Yew Rank 11 Elo 2111 (-13),78.0,https://badmintonranks.com/tournament?id=14262,3,China Open 2024,Anders ANTONSEN (5),5.0,2297,LOH Kean Yew,11.0,2111
19/9/2024,Round 2,WS,Aya OHORI (7) Rank 9 Elo 2271 (+9),21-17 / 21-11,NGUYEN Thuy Linh Rank 28 Elo 1987 (-8),37.0,https://badmintonranks.com/tournament?id=14262,3,China Open 2024,Aya OHORI (7),9.0,2271,NGUYEN Thuy Linh,28.0,1987
19/9/2024,Round 2,MD,Rasmus KJÆR / Frederik SØGAARD (8) Rank 14 Elo 1898 (+34),21-16 / 21-18,Ben LANE / Sean VENDY Rank 15 Elo 1967 (-32),45.0,https://badmintonranks.com/tournament?id=14262,3,China Open 2024,Rasmus KJÆR / Frederik SØGAARD (8),14.0,1898,Ben LANE / Sean VENDY,15.0,1967
19/9/2024,Round 2,MS,Jonatan CHRISTIE (7) Rank 8 Elo 2338 (+13),16-21 / 21-18 / 22-20,Toma Junior POPOV Rank 19 Elo 2149 (-13),73.0,https://badmintonranks.com/tournament?id=14262,3,China Open 2024,Jonatan CHRISTIE (7),8.0,2338,Toma Junior POPOV,19.0,2149
19/9/2024,Round 2,MS,LEI Lan Xi Rank 28 Elo 2161 (+22),21-8 / 21-17,Kenta NISHIMOTO Rank 13 Elo 2119 (-22),40.0,https://badmintonranks.com/tournament?id=14262,3,China Open 2024,LEI Lan Xi,28.0,2161,Kenta NISHIMOTO,13.0,2119
19/9/2024,Round 2,XD,GOH Soon Huat / LAI Shevon Jemie Rank 12 Elo 2029 (+20),21-16 / 21-12,Supak JOMKOH / Supissara PACHARAMONGKOL Rank 23 Elo 1942 (-21),28.0,https://badmintonranks.com/tournament?id=14262,3,China Open 2024,GOH Soon Huat / LAI Shevon Jemie,12.0,2029,Supak JOMKOH / Supissara PACHARAMONGKOL,23.0,1942
19/9/2024,Round 2,MD,GOH Sze Fei / Nur IZZUDDIN (7) Rank 12 Elo 2114 (+12),21-14 / 25-23,Junaidi ARIFFIN / YAP Roy King Rank 41 Elo 1902 (-13),41.0,https://badmintonranks.com/tournament?id=14262,3,China Open 2024,GOH Sze Fei / Nur IZZUDDIN (7),12.0,2114,Junaidi ARIFFIN / YAP Roy King,41.0,1902
19/9/2024,Round 2,MD,Muhammad Shohibul FIKRI / Daniel MARTHIN Rank 88 Elo 2021 (+44),21-19 / 18-21 / 21-17,LIANG Wei Keng / WANG Chang (1) Rank 1 Elo 2308 (-42),54.0,https://badmintonranks.com/tournament?id=14262,3,China Open 2024,Muhammad Shohibul FIKRI / Daniel MARTHIN,88.0,2021,LIANG Wei Keng / WANG Chang (1),1.0,2308
19/9/2024,Round 2,WD,LEE Yu Lim / SHIN Seung Chan Rank 20 Elo 1984 (+40),21-17 / 22-20,Rin IWANAGA / Kie NAKANISHI (4) Rank 6 Elo 2173 (-39),58.0,https://badmintonranks.com/tournament?id=14262,3,China Open 2024,LEE Yu Lim / SHIN Seung Chan,20.0,1984,Rin IWANAGA / Kie NAKANISHI (4),6.0,2173
19/9/2024,Round 2,MS,Anthony Sinisuka GINTING Rank 10 Elo 2218 (+42),21-11 / 21-8,SHI Yu Qi (1) Rank 1 Elo 2471 (-41),28.0,https://badmintonranks.com/tournament?id=14262,3,China Open 2024,Anthony Sinisuka GINTING,10.0,2218,SHI Yu Qi (1),1.0,2471
19/9/2024,Round 2,XD,Hiroki MIDORIKAWA / Natsu SAITO Rank 20 Elo 1941 (+44),10-21 / 21-19 / 21-16,TANG Chun Man / TSE Ying Suet (7) Rank 8 Elo 2174 (-40),56.0,https://badmintonranks.com/tournament?id=14262,3,China Open 2024,Hiroki MIDORIKAWA / Natsu SAITO,20.0,1941,TANG Chun Man / TSE Ying Suet (7),8.0,2174
19/9/2024,Round 2,MS,WENG Hong Yang Rank 25 Elo 2140 (+36),20-22 / 21-18 / 21-15,CHOU Tien Chen Rank 9 Elo 2283 (-35),83.0,https://badmintonranks.com/tournament?id=14262,3,China Open 2024,WENG Hong Yang,25.0,2140,CHOU Tien Chen,9.0,2283
19/9/2024,Round 2,WD,LIU Sheng Shu / TAN Ning (2) Rank 3 Elo 2365 (+2),21-18 / 21-12,YEUNG .. / YEUNG Pak Hon Rank 16 Elo 1792 (-2),43.0,https://badmintonranks.com/tournament?id=14262,4,China Open 2024,LIU Sheng Shu / TAN Ning (2),3.0,2365,YEUNG .. / YEUNG Pak Hon,16.0,1792
19/9/2024,Round 2,WS,Tomoka MIYAZAKI Rank 21 Elo 2015 (+20),21-15 / 21-15,Julie Dawall JAKOBSEN Rank 38 Elo 1934 (-22),33.0,https://badmintonranks.com/tournament?id=14262,4,China Open 2024,Tomoka MIYAZAKI,21.0,2015,Julie Dawall JAKOBSEN,38.0,1934
19/9/2024,Round 2,XD,FENG Yan Zhe / HUANG Dong Ping (2) Rank 3 Elo 2297 (+2),21-12 / 21-10,WANG Chang / HSU Yin-Hui Rank Elo 1663 (-3),27.0,https://badmintonranks.com/tournament?id=14262,4,China Open 2024,FENG Yan Zhe / HUANG Dong Ping (2),3.0,2297,WANG Chang / HSU Yin-Hui,,1663
19/9/2024,Round 2,MD,MAN Wei Chong / TEE Kai Wun Rank 13 Elo 2029 (+41),21-18 / 21-19,KANG Min Hyuk / SEO Seung Jae (3) Rank 3 Elo 2240 (-39),39.0,https://badmintonranks.com/tournament?id=14262,4,China Open 2024,MAN Wei Chong / TEE Kai Wun,13.0,2029,KANG Min Hyuk / SEO Seung Jae (3),3.0,2240
19/9/2024,Round 2,WS,Malvika BANSOD Rank 43 Elo 1829 (+47),21-17 / 19-21 / 21-16,Kirsty GILMOUR Rank 25 Elo 2041 (-40),65.0,https://badmintonranks.com/tournament?id=14262,4,China Open 2024,Malvika BANSOD,43.0,1829,Kirsty GILMOUR,25.0,2041
19/9/2024,Round 2,WD,LI Yi jing / LUO Xu Min Rank 18 Elo 1951 (+45),21-16 / 21-18,Pearly TAN / THINAAH Muralitharan (6) Rank 8 Elo 2226 (-42),40.0,https://badmintonranks.com/tournament?id=14262,4,China Open 2024,LI Yi jing / LUO Xu Min,18.0,1951,Pearly TAN / THINAAH Muralitharan (6),8.0,2226
19/9/2024,Round 2,XD,CHENG Chi Ya / ZHANG Chi Rank 22 Elo 2073 (+11),22-20 / 19-21 / 21-9,Mads VESTERGAARD / Christine BUSCH Rank 24 Elo 1851 (-13),61.0,https://badmintonranks.com/tournament?id=14262,4,China Open 2024,CHENG Chi Ya / ZHANG Chi,22.0,2073,Mads VESTERGAARD / Christine BUSCH,24.0,1851
19/9/2024,Round 2,WS,WANG Zhi Yi (3) Rank 5 Elo 2446 (+7),29-27 / 21-11,ZHANG Yi Man Rank 19 Elo 2129 (-7),54.0,https://badmintonranks.com/tournament?id=14262,4,China Open 2024,WANG Zhi Yi (3),5.0,2446,ZHANG Yi Man,19.0,2129
19/9/2024,Round 2,WS,GAO Fang jie Rank 34 Elo 2124 (+11),9-21 / 21-13 / 21-17,SUNG Shuo Yun Rank 26 Elo 1908 (-13),68.0,https://badmintonranks.com/tournament?id=14262,4,China Open 2024,GAO Fang jie,34.0,2124,SUNG Shuo Yun,26.0,1908
19/9/2024,Round 2,WS,YEO Jia Min Rank 17 Elo 2093 (+37),21-16 / 21-17,Busanan ONGBAMRUNGPHAN Rank 12 Elo 2254 (-37),39.0,https://badmintonranks.com/tournament?id=14262,4,China Open 2024,YEO Jia Min,17.0,2093,Busanan ONGBAMRUNGPHAN,12.0,2254
19/9/2024,Round 2,XD,Jesper TOFT / Amalie MAGELUND Rank 51 Elo 1915 (+35),21-18 / 21-18,TAN Kian Meng / LAI Pei Jing Rank 17 Elo 2005 (-33),36.0,https://badmintonranks.com/tournament?id=14262,4,China Open 2024,Jesper TOFT / Amalie MAGELUND,51.0,1915,TAN Kian Meng / LAI Pei Jing,17.0,2005
19/9/2024,Round 2,XD,Dejan FERDINANSYAH / Gloria Emanuelle WIDJAJA Rank 16 Elo 1949 (+43),21-15 / 13-21 / 21-9,CHEN Tang Jie / TOH Ee Wei Rank 9 Elo 2187 (-41),56.0,https://badmintonranks.com/tournament?id=14262,4,China Open 2024,Dejan FERDINANSYAH / Gloria Emanuelle WIDJAJA,16.0,1949,CHEN Tang Jie / TOH Ee Wei,9.0,2187
19/9/2024,Round 2,WS,Akane YAMAGUCHI (4) Rank 8 Elo 2459 (+1),17-21 / 21-10 / 21-13,CHIU Pin-Chian Rank 41 Elo 1852 (-1),53.0,https://badmintonranks.com/tournament?id=14262,4,China Open 2024,Akane YAMAGUCHI (4),8.0,2459,CHIU Pin-Chian,41.0,1852
19/9/2024,Round 2,XD,HOO Pang Ron / CHENG Su Yin Rank 32 Elo 1827 (+24),21-9 / 21-15,YAP Roy King / Valeree SIETSEMA Rank 54 Elo 1749 (-28),24.0,https://badmintonranks.com/tournament?id=14262,4,China Open 2024,HOO Pang Ron / CHENG Su Yin,32.0,1827,YAP Roy King / Valeree SIETSEMA,54.0,1749
18/9/2024,Round 1,WS,Tomoka MIYAZAKI Rank 21 Elo 1996 (+19),16-21 / 21-12 / 21-12,Lalinrat CHAIWAN Rank 100 Elo 1899 (-21),59.0,https://badmintonranks.com/tournament?id=14262,4,China Open 2024,Tomoka MIYAZAKI,21.0,1996,Lalinrat CHAIWAN,100.0,1899
18/9/2024,Round 1,MS,Toma Junior POPOV Rank 19 Elo 2123 (+26),23-25 / 26-24 / 21-19,LEONG Jun Hao Rank 29 Elo 2116 (-25),95.0,https://badmintonranks.com/tournament?id=14262,4,China Open 2024,Toma Junior POPOV,19.0,2123,LEONG Jun Hao,29.0,2116
18/9/2024,Round 1,XD,JIANG Zhen Bang / WEI Ya Xin (3) Rank 2 Elo 2397 (+1),21-19 / 21-13,CHIU Hsiang Chieh / LIN Jhih Yong Rank 97 Elo 1654 (-1),27.0,https://badmintonranks.com/tournament?id=14262,4,China Open 2024,JIANG Zhen Bang / WEI Ya Xin (3),2.0,2397,CHIU Hsiang Chieh / LIN Jhih Yong,97.0,1654
18/9/2024,Round 1,MS,Kenta NISHIMOTO Rank 13 Elo 2106 (+13),4-21 / 21-10 / 23-21,Kiran GEORGE Rank 40 Elo 1928 (-14),60.0,https://badmintonranks.com/tournament?id=14262,4,China Open 2024,Kenta NISHIMOTO,13.0,2106,Kiran GEORGE,40.0,1928
18/9/2024,Round 1,MD,Daniel LUNDGAARD / Mads VESTERGAARD Rank 29 Elo 1746 (+17),21-16 / 21-10,Pongsakorn THONGKHAM / Wongsathorn THONGKHAM Rank 79 Elo 1539 (-32),32.0,https://badmintonranks.com/tournament?id=14262,4,China Open 2024,Daniel LUNDGAARD / Mads VESTERGAARD,29.0,1746,Pongsakorn THONGKHAM / Wongsathorn THONGKHAM,79.0,1539
18/9/2024,Round 1,WS,Julie Dawall JAKOBSEN Rank 38 Elo 1878 (+56),21-14 / 7-21 / 21-19,TAI Tzu Ying (2) Rank 4 Elo 2455 (-48),43.0,https://badmintonranks.com/tournament?id=14262,4,China Open 2024,Julie Dawall JAKOBSEN,38.0,1878,TAI Tzu Ying (2),4.0,2455
18/9/2024,Round 1,MD,Leo Rolly CARNANDO / Bagas MAULANA Rank 70 Elo 2054 (+17),21-13 / 21-14,Kenya MITSUI / Hiroki OKAMURA Rank 19 Elo 1928 (-18),36.0,https://badmintonranks.com/tournament?id=14262,5,China Open 2024,Leo Rolly CARNANDO / Bagas MAULANA,70.0,2054,Kenya MITSUI / Hiroki OKAMURA,19.0,1928
18/9/2024,Round 1,WS,GAO Fang jie Rank 34 Elo 2082 (+42),21-15 / 21-18,HAN Yue (6) Rank 6 Elo 2338 (-41),48.0,https://badmintonranks.com/tournament?id=14262,5,China Open 2024,GAO Fang jie,34.0,2082,HAN Yue (6),6.0,2338
18/9/2024,Round 1,MD,LEE Fang Jen / LEE Fang Chih Rank 28 Elo 1828 (+48),21-16 / 21-16,Sabar Karyaman GUTAMA / Moh Reza Pahlevi ISFAHANI Rank 17 Elo 2040 (-40),35.0,https://badmintonranks.com/tournament?id=14262,5,China Open 2024,LEE Fang Jen / LEE Fang Chih,28.0,1828,Sabar Karyaman GUTAMA / Moh Reza Pahlevi ISFAHANI,17.0,2040
18/9/2024,Round 1,MD,Andreas SONDERGAARD / Jesper TOFT Rank 24 Elo 1887 (+34),21-16 / 21-11,Supak JOMKOH / Kittinupong KEDREN Rank 16 Elo 1950 (-32),31.0,https://badmintonranks.com/tournament?id=14262,5,China Open 2024,Andreas SONDERGAARD / Jesper TOFT,24.0,1887,Supak JOMKOH / Kittinupong KEDREN,16.0,1950
18/9/2024,Round 1,WD,TENG Chun Hsun / YANG Ching Tun Rank 110 Elo 1787 (+6),21-11 / 16-21 / 21-11,Rutaparn.. / Swetaparn DEESOM Rank 47 Elo 1396 (-18),46.0,https://badmintonranks.com/tournament?id=14262,5,China Open 2024,TENG Chun Hsun / YANG Ching Tun,110.0,1787,Rutaparn.. / Swetaparn DEESOM,47.0,1396
18/9/2024,Round 1,MD,Kim ASTRUP / Anders Skaarup RASMUSSEN (2) Rank 2 Elo 2140 (+12),21-18 / 21-19,Hendra SETIAWAN / Mohammad AHSAN Rank 22 Elo 1930 (-12),32.0,https://badmintonranks.com/tournament?id=14262,5,China Open 2024,Kim ASTRUP / Anders Skaarup RASMUSSEN (2),2.0,2140,Hendra SETIAWAN / Mohammad AHSAN,22.0,1930
18/9/2024,Round 1,XD,CHEN Tang Jie / TOH Ee Wei Rank 9 Elo 2184 (+3),21-14 / 21-11,Sathish Kumar KARUNAKARAN / Aadya VARIYATH Rank 36 Elo 1697 (-4),26.0,https://badmintonranks.com/tournament?id=14262,5,China Open 2024,CHEN Tang Jie / TOH Ee Wei,9.0,2184,Sathish Kumar KARUNAKARAN / Aadya VARIYATH,36.0,1697
18/9/2024,Round 1,MD,ONG Yew Sin / TEO Ee Yi Rank 23 Elo 1859 (+43),13-21 / 21-16 / 21-15,LEE Jhe-Huei / YANG Po Hsuan (6) Rank 10 Elo 2025 (-38),44.0,https://badmintonranks.com/tournament?id=14262,5,China Open 2024,ONG Yew Sin / TEO Ee Yi,23.0,1859,LEE Jhe-Huei / YANG Po Hsuan (6),10.0,2025
18/9/2024,Round 1,MS,Jonatan CHRISTIE (7) Rank 8 Elo 2327 (+11),22-20 / 21-18,Rasmus GEMKE Rank 27 Elo 2104 (-11),55.0,https://badmintonranks.com/tournament?id=14262,5,China Open 2024,Jonatan CHRISTIE (7),8.0,2327,Rasmus GEMKE,27.0,2104
18/9/2024,Round 1,WS,Busanan ONGBAMRUNGPHAN Rank 12 Elo 2251 (+3),21-23 / 21-6 / 21-9,Polina BUHROVA Rank 60 Elo 1712 (-3),55.0,https://badmintonranks.com/tournament?id=14262,5,China Open 2024,Busanan ONGBAMRUNGPHAN,12.0,2251,Polina BUHROVA,60.0,1712
18/9/2024,Round 1,MS,Anders ANTONSEN (5) Rank 5 Elo 2283 (+14),21-11 / 21-17,NG Ka Long Angus Rank 21 Elo 2115 (-14),46.0,https://badmintonranks.com/tournament?id=14262,5,China Open 2024,Anders ANTONSEN (5),5.0,2283,NG Ka Long Angus,21.0,2115
18/9/2024,Round 1,WS,Kirsty GILMOUR Rank 25 Elo 2035 (+6),21-9 / 21-7,Samiya Imad FAROOQUI Rank 72 Elo 1694 (-10),23.0,https://badmintonranks.com/tournament?id=14262,5,China Open 2024,Kirsty GILMOUR,25.0,2035,Samiya Imad FAROOQUI,72.0,1694
18/9/2024,Round 1,MS,LEI Lan Xi Rank 28 Elo 2113 (+48),21-19 / 17-21 / 21-16,Viktor AXELSEN (2) Rank 2 Elo 2554 (-47),67.0,https://badmintonranks.com/tournament?id=14262,5,China Open 2024,LEI Lan Xi,28.0,2113,Viktor AXELSEN (2),2.0,2554
18/9/2024,Round 1,MS,WENG Hong Yang Rank 25 Elo 2114 (+26),21-13 / 21-19,LEE Cheuk Yiu Rank 14 Elo 2123 (-26),46.0,https://badmintonranks.com/tournament?id=14262,5,China Open 2024,WENG Hong Yang,25.0,2114,LEE Cheuk Yiu,14.0,2123
18/9/2024,Round 1,WS,ZHANG Yi Man Rank 19 Elo 2123 (+6),22-20 / 21-11,Lauren LAM Rank 51 Elo 1745 (-7),38.0,https://badmintonranks.com/tournament?id=14262,5,China Open 2024,ZHANG Yi Man,19.0,2123,Lauren LAM,51.0,1745
18/9/2024,Round 1,MD,HE Ji Ting / REN Xiang Yu (5) Rank 7 Elo 2172 (+8),21-11 / 21-12,Peeratchai ROAJANAWONG / Pakkapon TEERARATSAKUL Rank 27 Elo 1882 (-9),33.0,https://badmintonranks.com/tournament?id=14262,5,China Open 2024,HE Ji Ting / REN Xiang Yu (5),7.0,2172,Peeratchai ROAJANAWONG / Pakkapon TEERARATSAKUL,27.0,1882
18/9/2024,Round 1,MD,Fajar ALFIAN / Muhammad Shohibul FIKRI (4) Rank 6 Elo 2113 (+3),21-11 / 21-14,CHOI Sol Gyu / HEO Kwang Hee Rank 161 Elo 1607 (-6),26.0,https://badmintonranks.com/tournament?id=14262,5,China Open 2024,Fajar ALFIAN / Muhammad Shohibul FIKRI (4),6.0,2113,CHOI Sol Gyu / HEO Kwang Hee,161.0,1607
18/9/2024,Round 1,MD,KANG Min Hyuk / SEO Seung Jae (3) Rank 3 Elo 2234 (+6),21-10 / 21-18,CHOONG Hon Jian / Muhammad Shohibul FIKRI Rank 18 Elo 1898 (-7),34.0,https://badmintonranks.com/tournament?id=14262,5,China Open 2024,KANG Min Hyuk / SEO Seung Jae (3),3.0,2234,CHOONG Hon Jian / Muhammad Shohibul FIKRI,18.0,1898
18/9/2024,Round 1,MS,CHOU Tien Chen Rank 9 Elo 2259 (+24),21-17 / 21-18,LI Shi Feng (4) Rank 4 Elo 2246 (-25),45.0,https://badmintonranks.com/tournament?id=14262,5,China Open 2024,CHOU Tien Chen,9.0,2259,LI Shi Feng (4),4.0,2246
18/9/2024,Round 1,MS,LOH Kean Yew Rank 11 Elo 2090 (+21),21-17 / 17-21 / 21-12,Yushi TANAKA Rank 30 Elo 2026 (-21),62.0,https://badmintonranks.com/tournament?id=14262,5,China Open 2024,LOH Kean Yew,11.0,2090,Yushi TANAKA,30.0,2026
18/9/2024,Round 1,WS,CHIU Pin-Chian Rank 41 Elo 1834 (+18),21-15 / 21-19,AAKARSHI KASHYAP Rank 40 Elo 1687 (-25),38.0,https://badmintonranks.com/tournament?id=14262,6,China Open 2024,CHIU Pin-Chian,41.0,1834,AAKARSHI KASHYAP,40.0,1687
18/9/2024,Round 1,XD,Dejan FERDINANSYAH / Gloria Emanuelle WIDJAJA Rank 16 Elo 1937 (+12),21-7 / 11-3 Ret.,LEE Chun Hei / NG Tsz Yau Rank 21 Elo 1975 (-12),19.0,https://badmintonranks.com/tournament?id=14262,6,China Open 2024,Dejan FERDINANSYAH / Gloria Emanuelle WIDJAJA,16.0,1937,LEE Chun Hei / NG Tsz Yau,21.0,1975
18/9/2024,Round 1,WS,YEO Jia Min Rank 17 Elo 2086 (+7),21-12 / 21-9,ZHANG Wen Yu Rank 48 Elo 1761 (-9),23.0,https://badmintonranks.com/tournament?id=14262,6,China Open 2024,YEO Jia Min,17.0,2086,ZHANG Wen Yu,48.0,1761
18/9/2024,Round 1,WS,Malvika BANSOD Rank 43 Elo 1762 (+67),26-24 / 21-19,Gregoria Mariska TUNJUNG (5) Rank 7 Elo 2334 (-49),46.0,https://badmintonranks.com/tournament?id=14262,6,China Open 2024,Malvika BANSOD,43.0,1762,Gregoria Mariska TUNJUNG (5),7.0,2334
18/9/2024,Round 1,WS,NGUYEN Thuy Linh Rank 28 Elo 1981 (+6),21-10 / 18-21 / 24-22,THET Htar Thuzar Rank 54 Elo 1626 (-11),54.0,https://badmintonranks.com/tournament?id=14262,6,China Open 2024,NGUYEN Thuy Linh,28.0,1981,THET Htar Thuzar,54.0,1626
18/9/2024,Round 1,WD,YEUNG .. / YEUNG Pak Hon Rank 16 Elo 1752 (+40),21-15 / 21-7,HSU Yin-Hui / LIN Jhih Yong Rank 34 Elo 1798 (-36),26.0,https://badmintonranks.com/tournament?id=14262,6,China Open 2024,YEUNG .. / YEUNG Pak Hon,16.0,1752,HSU Yin-Hui / LIN Jhih Yong,34.0,1798
18/9/2024,Round 1,XD,TAN Kian Meng / LAI Pei Jing Rank 17 Elo 1992 (+13),21-10 / 21-16,REDDY .. / REDDY Sikki Gupta Rank 30 Elo 1791 (-16),31.0,https://badmintonranks.com/tournament?id=14262,6,China Open 2024,TAN Kian Meng / LAI Pei Jing,17.0,1992,REDDY .. / REDDY Sikki Gupta,30.0,1791
18/9/2024,Round 1,XD,FENG Yan Zhe / HUANG Dong Ping (2) Rank 3 Elo 2296 (+1),21-18 / 21-10,LIN Bing Wei / LIN Chih-.. Rank 56 Elo 1674 (-2),33.0,https://badmintonranks.com/tournament?id=14262,6,China Open 2024,FENG Yan Zhe / HUANG Dong Ping (2),3.0,2296,LIN Bing Wei / LIN Chih-..,56.0,1674
18/9/2024,Round 1,XD,Jesper TOFT / Amalie MAGELUND Rank 51 Elo 1901 (+14),14-21 / 22-20 / 21-16,WU Hsuan Yi / YANG Ching Tun Rank 52 Elo 1706 (-19),49.0,https://badmintonranks.com/tournament?id=14262,6,China Open 2024,Jesper TOFT / Amalie MAGELUND,51.0,1901,WU Hsuan Yi / YANG Ching Tun,52.0,1706
18/9/2024,Round 1,WS,Akane YAMAGUCHI (4) Rank 8 Elo 2456 (+3),21-16 / 21-6,PAI Yu Po Rank 27 Elo 1917 (-3),30.0,https://badmintonranks.com/tournament?id=14262,6,China Open 2024,Akane YAMAGUCHI (4),8.0,2456,PAI Yu Po,27.0,1917
18/9/2024,Round 1,WD,HSIEH Pei Lan / HUNG En-Tzu Rank 73 Elo 1759 (+52),16-21 / 21-15 / 21-17,Treesa JOLLY / GAYATRI GOPICHAND Rank 23 Elo 1955 (-41),59.0,https://badmintonranks.com/tournament?id=14262,6,China Open 2024,HSIEH Pei Lan / HUNG En-Tzu,73.0,1759,Treesa JOLLY / GAYATRI GOPICHAND,23.0,1955
18/9/2024,Round 1,XD,HOO Pang Ron / CHENG Su Yin Rank 32 Elo 1774 (+53),21-17 / 21-16,YANG Po Hsuan / HU Ling Fang Rank 13 Elo 2000 (-42),28.0,https://badmintonranks.com/tournament?id=14262,6,China Open 2024,HOO Pang Ron / CHENG Su Yin,32.0,1774,YANG Po Hsuan / HU Ling Fang,13.0,2000
17/9/2024,Round 1,MD,Muhammad Shohibul FIKRI / Daniel MARTHIN Rank 88 Elo 1997 (+24),21-13 / 21-13,CHIU Hsiang Chieh / WANG Chang Rank 92 Elo 1962 (-25),32.0,https://badmintonranks.com/tournament?id=14262,6,China Open 2024,Muhammad Shohibul FIKRI / Daniel MARTHIN,88.0,1997,CHIU Hsiang Chieh / WANG Chang,92.0,1962
17/9/2024,Round 1,MS,LEE Chia Hao Rank 22 Elo 2158 (+31),24-22 / 11-21 / 21-18,LU Guang Zu Rank 16 Elo 2236 (-31),69.0,https://badmintonranks.com/tournament?id=14262,6,China Open 2024,LEE Chia Hao,22.0,2158,LU Guang Zu,16.0,2236
17/9/2024,Round 1,WS,Aya OHORI (7) Rank 9 Elo 2256 (+15),21-18 / 21-14,Ratchanok INTANON Rank 20 Elo 2111 (-15),40.0,https://badmintonranks.com/tournament?id=14262,6,China Open 2024,Aya OHORI (7),9.0,2256,Ratchanok INTANON,20.0,2111
17/9/2024,Round 1,MD,Rasmus KJÆR / Frederik SØGAARD (8) Rank 14 Elo 1879 (+19),24-22 / 21-16,LIN Bing Wei / SU Ching Heng Rank 31 Elo 1748 (-23),43.0,https://badmintonranks.com/tournament?id=14262,6,China Open 2024,Rasmus KJÆR / Frederik SØGAARD (8),14.0,1879,LIN Bing Wei / SU Ching Heng,31.0,1748
17/9/2024,Round 1,WS,WANG Zhi Yi (3) Rank 5 Elo 2442 (+4),21-14 / 21-12,Mia BLICHFELDT Rank 33 Elo 2029 (-4),38.0,https://badmintonranks.com/tournament?id=14262,6,China Open 2024,WANG Zhi Yi (3),5.0,2442,Mia BLICHFELDT,33.0,2029
17/9/2024,Round 1,WD,SUNG Shuo Yun / YU Chien Hui Rank 37 Elo 1702 (+31),21-5 / 21-15,Julie FINNE-IPSEN / Mai SURROW Rank 48 Elo 1624 (-40),26.0,https://badmintonranks.com/tournament?id=14262,6,China Open 2024,SUNG Shuo Yun / YU Chien Hui,37.0,1702,Julie FINNE-IPSEN / Mai SURROW,48.0,1624
17/9/2024,Round 1,WD,Polina BUHROVA / Yevheniia KANTEMYR Rank 43 Elo 1499 (+94),21-11 / 21-13,Jacqueline FUNAOKA / Catherine CHOI Rank 169 Elo 1581 (-72),24.0,https://badmintonranks.com/tournament?id=14262,6,China Open 2024,Polina BUHROVA / Yevheniia KANTEMYR,43.0,1499,Jacqueline FUNAOKA / Catherine CHOI,169.0,1581
17/9/2024,Round 1,MD,LIANG Wei Keng / WANG Chang (1) Rank 1 Elo 2306 (+2),22-20 / 21-16,Christo POPOV / Toma Junior POPOV Rank 33 Elo 1727 (-2),34.0,https://badmintonranks.com/tournament?id=14262,6,China Open 2024,LIANG Wei Keng / WANG Chang (1),1.0,2306,Christo POPOV / Toma Junior POPOV,33.0,1727
17/9/2024,Round 1,MS,Anthony Sinisuka GINTING Rank 10 Elo 2207 (+11),21-18 / 21-17,Chico Aura DWI WARDOYO Rank 32 Elo 1987 (-12),40.0,https://badmintonranks.com/tournament?id=14262,7,China Open 2024,Anthony Sinisuka GINTING,10.0,2207,Chico Aura DWI WARDOYO,32.0,1987
17/9/2024,Round 1,MS,SHI Yu Qi (1) Rank 1 Elo 2468 (+3),21-10 / 21-19,Kantaphon WANGCHAROEN Rank 37 Elo 1938 (-3),37.0,https://badmintonranks.com/tournament?id=14262,7,China Open 2024,SHI Yu Qi (1),1.0,2468,Kantaphon WANGCHAROEN,37.0,1938
17/9/2024,Round 1,WS,Line Højmark KJAERSFELDT Rank 18 Elo 2057 (+9),21-8 / 21-14,LIANG Ting Yu Rank 57 Elo 1783 (-11),29.0,https://badmintonranks.com/tournament?id=14262,7,China Open 2024,Line Højmark KJAERSFELDT,18.0,2057,LIANG Ting Yu,57.0,1783
17/9/2024,Round 1,XD,Mads VESTERGAARD / Christine BUSCH Rank 24 Elo 1801 (+50),20-22 / 21-19 / 21-17,GUO Xin Wa / CHEN Fang Hui Rank 37 Elo 2016 (-41),66.0,https://badmintonranks.com/tournament?id=14262,7,China Open 2024,Mads VESTERGAARD / Christine BUSCH,24.0,1801,GUO Xin Wa / CHEN Fang Hui,37.0,2016
17/9/2024,Round 1,MS,Koki WATANABE Rank 15 Elo 2137 (+41),21-15 / 21-2,LEE Zii Jia (3) Rank 3 Elo 2373 (-41),29.0,https://badmintonranks.com/tournament?id=14262,7,China Open 2024,Koki WATANABE,15.0,2137,LEE Zii Jia (3),3.0,2373
17/9/2024,Round 1,MS,Kodai NARAOKA (6) Rank 6 Elo 2215 (+12),21-14 / 21-11,Takuma OBAYASHI Rank 33 Elo 2015 (-12),40.0,https://badmintonranks.com/tournament?id=14262,7,China Open 2024,Kodai NARAOKA (6),6.0,2215,Takuma OBAYASHI,33.0,2015
17/9/2024,Round 1,MS,Kunlavut VITIDSARN (8) Rank 7 Elo 2390 (+6),20-22 / 21-14 / 21-15,SU Li Yang Rank 35 Elo 2013 (-5),86.0,https://badmintonranks.com/tournament?id=14262,7,China Open 2024,Kunlavut VITIDSARN (8),7.0,2390,SU Li Yang,35.0,2013
17/9/2024,Round 1,WD,LEE Yu Lim / SHIN Seung Chan Rank 20 Elo 1980 (+4),21-13 / 13-21 / 21-19,Ornnicha JONGSATHAPORNPARN / Sukitta SUWACHAI Rank 88 Elo 1572 (-10),61.0,https://badmintonranks.com/tournament?id=14262,7,China Open 2024,LEE Yu Lim / SHIN Seung Chan,20.0,1980,Ornnicha JONGSATHAPORNPARN / Sukitta SUWACHAI,88.0,1572
17/9/2024,Round 1,WS,Pornpawee CHOCHUWONG Rank 16 Elo 2250 (+23),21-15 / 21-15,KIM Ga Eun Rank 13 Elo 2214 (-23),41.0,https://badmintonranks.com/tournament?id=14262,7,China Open 2024,Pornpawee CHOCHUWONG,16.0,2250,KIM Ga Eun,13.0,2214
17/9/2024,Round 1,MD,Junaidi ARIFFIN / YAP Roy King Rank 41 Elo 1887 (+15),21-11 / 21-12,CHEN Zhi Xian / Presley SHIN Jian Da Rank 46 Elo 1714 (-21),32.0,https://badmintonranks.com/tournament?id=14262,7,China Open 2024,Junaidi ARIFFIN / YAP Roy King,41.0,1887,CHEN Zhi Xian / Presley SHIN Jian Da,46.0,1714
17/9/2024,Round 1,XD,GOH Soon Huat / LAI Shevon Jemie Rank 12 Elo 2019 (+10),21-13 / 21-15,HEE Yong KWON / TAN Wei Qiang Rank 15 Elo 1765 (-13),29.0,https://badmintonranks.com/tournament?id=14262,7,China Open 2024,GOH Soon Huat / LAI Shevon Jemie,12.0,2019,HEE Yong KWON / TAN Wei Qiang,15.0,1765
17/9/2024,Round 1,MS,Brian YANG Rank 24 Elo 1959 (+33),21-13 / 21-16,Priyanshu RAJAWAT Rank 36 Elo 2038 (-32),36.0,https://badmintonranks.com/tournament?id=14262,7,China Open 2024,Brian YANG,24.0,1959,Priyanshu RAJAWAT,36.0,2038
17/9/2024,Round 1,MD,MAN Wei Chong / TEE Kai Wun Rank 13 Elo 2018 (+11),21-17 / 21-19,XIE Hao Nan / ZENG Wei Han Rank 44 Elo 1781 (-14),47.0,https://badmintonranks.com/tournament?id=14262,7,China Open 2024,MAN Wei Chong / TEE Kai Wun,13.0,2018,XIE Hao Nan / ZENG Wei Han,44.0,1781
17/9/2024,Round 1,MD,GOH Sze Fei / Nur IZZUDDIN (7) Rank 12 Elo 2100 (+14),17-21 / 21-12 / 21-19,CHEN Bo Yang / LIU Yi Rank 21 Elo 1925 (-15),53.0,https://badmintonranks.com/tournament?id=14262,7,China Open 2024,GOH Sze Fei / Nur IZZUDDIN (7),12.0,2100,CHEN Bo Yang / LIU Yi,21.0,1925
17/9/2024,Round 1,MD,Ben LANE / Sean VENDY Rank 15 Elo 1960 (+7),18-21 / 21-19 / 21-15,LOW Hang Yee / NG Eng Cheong Rank 57 Elo 1618 (-13),63.0,https://badmintonranks.com/tournament?id=14262,7,China Open 2024,Ben LANE / Sean VENDY,15.0,1960,LOW Hang Yee / NG Eng Cheong,57.0,1618
17/9/2024,Round 1,WD,LI Wen Mei / ZHANG Shu Xian Rank 80 Elo 1937 (+15),21-17 / 21-9,CHANG Tak Ching / YANG Ching Tun Rank 29 Elo 1752 (-18),37.0,https://badmintonranks.com/tournament?id=14262,7,China Open 2024,LI Wen Mei / ZHANG Shu Xian,80.0,1937,CHANG Tak Ching / YANG Ching Tun,29.0,1752
17/9/2024,Round 1,MS,WANG Tzu Wei Rank 23 Elo 2021 (+25),21-14 / 12-21 / 21-19,Christo POPOV Rank 26 Elo 2014 (-26),68.0,https://badmintonranks.com/tournament?id=14262,7,China Open 2024,WANG Tzu Wei,23.0,2021,Christo POPOV,26.0,2014
17/9/2024,Round 1,XD,CHENG Chi Ya / ZHANG Chi Rank 22 Elo 2071 (+2),21-13 / 21-11,Oleksii TIUNOV / Yevheniia KANTEMYR Rank 68 Elo 1500 (-6),27.0,https://badmintonranks.com/tournament?id=14262,7,China Open 2024,CHENG Chi Ya / ZHANG Chi,22.0,2071,Oleksii TIUNOV / Yevheniia KANTEMYR,68.0,1500
17/9/2024,Round 1,WS,SUNG Shuo Yun Rank 26 Elo 1875 (+33),21-9 / 12-21 / 21-8,GOH Jin Wei Rank 35 Elo 1920 (-31),50.0,https://badmintonranks.com/tournament?id=14262,7,China Open 2024,SUNG Shuo Yun,26.0,1875,GOH Jin Wei,35.0,1920
17/9/2024,Round 1,WD,LI Yi jing / LUO Xu Min Rank 18 Elo 1951 (+0),W.O.,Laksika KANLAHA / Phataimas MUENWONG Rank 21 Elo 1893 (-0),,https://badmintonranks.com/tournament?id=14262,7,China Open 2024,LI Yi jing / LUO Xu Min,18.0,1951,Laksika KANLAHA / Phataimas MUENWONG,21.0,1893
17/9/2024,Round 1,XD,Hiroki MIDORIKAWA / Natsu SAITO Rank 20 Elo 1941 (+0),W.O.,YE Hong / LEE Chia Hsin Rank 10 Elo 2013 (-0),,https://badmintonranks.com/tournament?id=14262,8,China Open 2024,Hiroki MIDORIKAWA / Natsu SAITO,20.0,1941,YE Hong / LEE Chia Hsin,10.0,2013
17/9/2024,Round 1,XD,WANG Chang / HSU Yin-Hui Rank Elo 1663 (+0),W.O.,Pakkapon TEERARATSAKUL / Phataimas MUENWONG Rank 26 Elo 1882 (-0),,https://badmintonranks.com/tournament?id=14262,8,China Open 2024,WANG Chang / HSU Yin-Hui,,1663,Pakkapon TEERARATSAKUL / Phataimas MUENWONG,26.0,1882
10/9/2023,Final,MD,LIANG Wei Keng / WANG Chang (3) Rank 3 Elo 2226 (+27),21-12 / 21-14,Aaron CHIA / SOH Wooi Yik (4) Rank 6 Elo 2223 (-27),26.0,https://badmintonranks.com/tournament?id=12750,1,China Open 2023,LIANG Wei Keng / WANG Chang (3),3.0,2226,Aaron CHIA / SOH Wooi Yik (4),6.0,2223
10/9/2023,Final,MS,Viktor AXELSEN (1) Rank 1 Elo 2600 (+6),21-16 / 21-19,LU Guang Zu Rank 15 Elo 2250 (-7),49.0,https://badmintonranks.com/tournament?id=12750,1,China Open 2023,Viktor AXELSEN (1),1.0,2600,LU Guang Zu,15.0,2250
10/9/2023,Final,WS,AN Se Young (1) Rank 1 Elo 2782 (+10),21-10 / 21-19,Akane YAMAGUCHI (2) Rank 2 Elo 2523 (-10),38.0,https://badmintonranks.com/tournament?id=12750,1,China Open 2023,AN Se Young (1),1.0,2782,Akane YAMAGUCHI (2),2.0,2523
10/9/2023,Final,WD,CHEN Qi Ming / JIA Yi Fan (1) Rank 1 Elo 2444 (+15),21-11 / 21-17,BAEK Ha Na / LEE So Hee (2) Rank 2 Elo 2278 (-15),50.0,https://badmintonranks.com/tournament?id=12750,1,China Open 2023,CHEN Qi Ming / JIA Yi Fan (1),1.0,2444,BAEK Ha Na / LEE So Hee (2),2.0,2278
10/9/2023,Final,XD,SEO Seung Jae / CHAE Yu Jung (5) Rank 5 Elo 2330 (+10),21-19 / 21-12,Thom GICQUEL / Delphine DELRUE (8) Rank 8 Elo 2085 (-11),40.0,https://badmintonranks.com/tournament?id=12750,1,China Open 2023,SEO Seung Jae / CHAE Yu Jung (5),5.0,2330,Thom GICQUEL / Delphine DELRUE (8),8.0,2085
9/9/2023,Semi final,MD,Aaron CHIA / SOH Wooi Yik (4) Rank 6 Elo 2186 (+37),21-18 / 21-17,KANG Min Hyuk / SEO Seung Jae (6) Rank 4 Elo 2318 (-37),41.0,https://badmintonranks.com/tournament?id=12750,1,China Open 2023,Aaron CHIA / SOH Wooi Yik (4),6.0,2186,KANG Min Hyuk / SEO Seung Jae (6),4.0,2318
9/9/2023,Semi final,MD,LIANG Wei Keng / WANG Chang (3) Rank 3 Elo 2200 (+26),21-16 / 20-22 / 22-20,Takuro HOKI / Yugo KOBAYASHI (5) Rank 5 Elo 2182 (-25),67.0,https://badmintonranks.com/tournament?id=12750,1,China Open 2023,LIANG Wei Keng / WANG Chang (3),3.0,2200,Takuro HOKI / Yugo KOBAYASHI (5),5.0,2182
9/9/2023,Semi final,MS,LU Guang Zu Rank 15 Elo 2214 (+36),21-13 / 21-14,SHI Yu Qi (8) Rank 5 Elo 2336 (-36),41.0,https://badmintonranks.com/tournament?id=12750,1,China Open 2023,LU Guang Zu,15.0,2214,SHI Yu Qi (8),5.0,2336
9/9/2023,Semi final,MS,Viktor AXELSEN (1) Rank 1 Elo 2592 (+8),21-17 / 21-14,Jonatan CHRISTIE (5) Rank 9 Elo 2297 (-8),48.0,https://badmintonranks.com/tournament?id=12750,1,China Open 2023,Viktor AXELSEN (1),1.0,2592,Jonatan CHRISTIE (5),9.0,2297
9/9/2023,Semi final,WS,Akane YAMAGUCHI (2) Rank 2 Elo 2493 (+30),19-21 / 21-15 / 21-17,CHEN Yu Fei (3) Rank 3 Elo 2545 (-31),65.0,https://badmintonranks.com/tournament?id=12750,1,China Open 2023,Akane YAMAGUCHI (2),2.0,2493,CHEN Yu Fei (3),3.0,2545
9/9/2023,Semi final,WS,AN Se Young (1) Rank 1 Elo 2770 (+12),21-18 / 21-14,TAI Tzu Ying (4) Rank 4 Elo 2551 (-12),48.0,https://badmintonranks.com/tournament?id=12750,1,China Open 2023,AN Se Young (1),1.0,2770,TAI Tzu Ying (4),4.0,2551
9/9/2023,Semi final,WD,BAEK Ha Na / LEE So Hee (2) Rank 2 Elo 2266 (+12),21-18 / 21-14,Rena MIYAURA / Ayako SAKURAMOTO Rank 13 Elo 2064 (-13),43.0,https://badmintonranks.com/tournament?id=12750,1,China Open 2023,BAEK Ha Na / LEE So Hee (2),2.0,2266,Rena MIYAURA / Ayako SAKURAMOTO,13.0,2064
9/9/2023,Semi final,XD,Thom GICQUEL / Delphine DELRUE (8) Rank 8 Elo 2053 (+32),21-16 / 21-13,CHEN Tang Jie / TOH Ee Wei Rank 11 Elo 2107 (-32),38.0,https://badmintonranks.com/tournament?id=12750,1,China Open 2023,Thom GICQUEL / Delphine DELRUE (8),8.0,2053,CHEN Tang Jie / TOH Ee Wei,11.0,2107
9/9/2023,Semi final,WD,CHEN Qi Ming / JIA Yi Fan (1) Rank 1 Elo 2433 (+11),20-22 / 21-15 / 21-16,Nami MATSUYAMA / Chiharu SHIDA (7) Rank 7 Elo 2188 (-11),73.0,https://badmintonranks.com/tournament?id=12750,1,China Open 2023,CHEN Qi Ming / JIA Yi Fan (1),1.0,2433,Nami MATSUYAMA / Chiharu SHIDA (7),7.0,2188
9/9/2023,Semi final,XD,SEO Seung Jae / CHAE Yu Jung (5) Rank 5 Elo 2324 (+6),21-19 / 21-11,TAN Kian Meng / LAI Pei Jing Rank 23 Elo 1947 (-6),34.0,https://badmintonranks.com/tournament?id=12750,1,China Open 2023,SEO Seung Jae / CHAE Yu Jung (5),5.0,2324,TAN Kian Meng / LAI Pei Jing,23.0,1947
8/9/2023,Quarter final,MS,Viktor AXELSEN (1) Rank 1 Elo 2586 (+6),21-17 / 23-21,LOH Kean Yew (7) Rank 8 Elo 2204 (-5),51.0,https://badmintonranks.com/tournament?id=12750,1,China Open 2023,Viktor AXELSEN (1),1.0,2586,LOH Kean Yew (7),8.0,2204
8/9/2023,Quarter final,MD,KANG Min Hyuk / SEO Seung Jae (6) Rank 4 Elo 2306 (+12),21-15 / 21-17,Muhammad Shohibul FIKRI / Bagas MAULANA Rank 13 Elo 2094 (-13),39.0,https://badmintonranks.com/tournament?id=12750,1,China Open 2023,KANG Min Hyuk / SEO Seung Jae (6),4.0,2306,Muhammad Shohibul FIKRI / Bagas MAULANA,13.0,2094
8/9/2023,Quarter final,MS,LU Guang Zu Rank 15 Elo 2191 (+23),14-21 / 21-18 / 21-8,Kanta TSUNEYAMA Rank 17 Elo 2140 (-22),67.0,https://badmintonranks.com/tournament?id=12750,1,China Open 2023,LU Guang Zu,15.0,2191,Kanta TSUNEYAMA,17.0,2140
8/9/2023,Quarter final,MS,Jonatan CHRISTIE (5) Rank 9 Elo 2284 (+13),21-12 / 21-17,Shesar Hiren RHUSTAVITO Rank 45 Elo 2086 (-13),36.0,https://badmintonranks.com/tournament?id=12750,1,China Open 2023,Jonatan CHRISTIE (5),9.0,2284,Shesar Hiren RHUSTAVITO,45.0,2086
8/9/2023,Quarter final,MS,SHI Yu Qi (8) Rank 5 Elo 2306 (+30),18-21 / 21-9 / 22-20,Kodai NARAOKA (4) Rank 3 Elo 2349 (-29),85.0,https://badmintonranks.com/tournament?id=12750,1,China Open 2023,SHI Yu Qi (8),5.0,2306,Kodai NARAOKA (4),3.0,2349
8/9/2023,Quarter final,MD,Aaron CHIA / SOH Wooi Yik (4) Rank 6 Elo 2169 (+17),19-21 / 21-19 / 21-11,ONG Yew Sin / TEO Ee Yi (8) Rank 8 Elo 2034 (-17),62.0,https://badmintonranks.com/tournament?id=12750,2,China Open 2023,Aaron CHIA / SOH Wooi Yik (4),6.0,2169,ONG Yew Sin / TEO Ee Yi (8),8.0,2034
8/9/2023,Quarter final,WS,CHEN Yu Fei (3) Rank 3 Elo 2529 (+16),21-18 / 21-11,HE Bing Jiao (5) Rank 5 Elo 2386 (-16),47.0,https://badmintonranks.com/tournament?id=12750,2,China Open 2023,CHEN Yu Fei (3),3.0,2529,HE Bing Jiao (5),5.0,2386
8/9/2023,Quarter final,WS,Akane YAMAGUCHI (2) Rank 2 Elo 2489 (+4),21-15 / 21-13,Line Højmark KJAERSFELDT Rank 30 Elo 2020 (-4),33.0,https://badmintonranks.com/tournament?id=12750,2,China Open 2023,Akane YAMAGUCHI (2),2.0,2489,Line Højmark KJAERSFELDT,30.0,2020
8/9/2023,Quarter final,WD,Rena MIYAURA / Ayako SAKURAMOTO Rank 13 Elo 2034 (+30),20-22 / 21-18 / 21-16,LIU Sheng Shu / TAN Ning Rank 18 Elo 2061 (-29),75.0,https://badmintonranks.com/tournament?id=12750,2,China Open 2023,Rena MIYAURA / Ayako SAKURAMOTO,13.0,2034,LIU Sheng Shu / TAN Ning,18.0,2061
8/9/2023,Quarter final,WD,Nami MATSUYAMA / Chiharu SHIDA (7) Rank 7 Elo 2162 (+26),21-14 / 21-16,Mayu MATSUMOTO / Wakana NAGAHARA (4) Rank 6 Elo 2150 (-25),45.0,https://badmintonranks.com/tournament?id=12750,2,China Open 2023,Nami MATSUYAMA / Chiharu SHIDA (7),7.0,2162,Mayu MATSUMOTO / Wakana NAGAHARA (4),6.0,2150
8/9/2023,Quarter final,WD,BAEK Ha Na / LEE So Hee (2) Rank 2 Elo 2245 (+21),21-15 / 18-21 / 21-10,Apriyani RAHAYU / Siti Fadia Silva RAMADHANTI Rank 9 Elo 2171 (-21),75.0,https://badmintonranks.com/tournament?id=12750,2,China Open 2023,BAEK Ha Na / LEE So Hee (2),2.0,2245,Apriyani RAHAYU / Siti Fadia Silva RAMADHANTI,9.0,2171
8/9/2023,Quarter final,WD,CHEN Qi Ming / JIA Yi Fan (1) Rank 1 Elo 2423 (+10),21-18 / 21-11,Yuki FUKUSHIMA / Sayaka HIROTA (5) Rank 4 Elo 2166 (-10),45.0,https://badmintonranks.com/tournament?id=12750,2,China Open 2023,CHEN Qi Ming / JIA Yi Fan (1),1.0,2423,Yuki FUKUSHIMA / Sayaka HIROTA (5),4.0,2166
8/9/2023,Quarter final,MD,Takuro HOKI / Yugo KOBAYASHI (5) Rank 5 Elo 2155 (+27),21-12 / 21-17,Kim ASTRUP / Anders Skaarup RASMUSSEN Rank 9 Elo 2164 (-27),40.0,https://badmintonranks.com/tournament?id=12750,2,China Open 2023,Takuro HOKI / Yugo KOBAYASHI (5),5.0,2155,Kim ASTRUP / Anders Skaarup RASMUSSEN,9.0,2164
8/9/2023,Quarter final,MD,LIANG Wei Keng / WANG Chang (3) Rank 3 Elo 2181 (+19),21-18 / 21-19,LIU Yu Chen / OU Xuan Yi (7) Rank 7 Elo 2083 (-20),39.0,https://badmintonranks.com/tournament?id=12750,2,China Open 2023,LIANG Wei Keng / WANG Chang (3),3.0,2181,LIU Yu Chen / OU Xuan Yi (7),7.0,2083
8/9/2023,Quarter final,XD,TAN Kian Meng / LAI Pei Jing Rank 23 Elo 1895 (+52),21-18 / 21-19,Dechapol PUAVARANUKROH / Sapsiree TAERATTANACHAI (4) Rank 4 Elo 2235 (-47),41.0,https://badmintonranks.com/tournament?id=12750,2,China Open 2023,TAN Kian Meng / LAI Pei Jing,23.0,1895,Dechapol PUAVARANUKROH / Sapsiree TAERATTANACHAI (4),4.0,2235
8/9/2023,Quarter final,WS,TAI Tzu Ying (4) Rank 4 Elo 2527 (+24),21-17 / 10-21 / 21-19,Carolina MARIN (6) Rank 6 Elo 2498 (-24),68.0,https://badmintonranks.com/tournament?id=12750,2,China Open 2023,TAI Tzu Ying (4),4.0,2527,Carolina MARIN (6),6.0,2498
8/9/2023,Quarter final,WS,AN Se Young (1) Rank 1 Elo 2767 (+3),15-21 / 21-15 / 21-17,HAN Yue Rank 9 Elo 2268 (-3),63.0,https://badmintonranks.com/tournament?id=12750,2,China Open 2023,AN Se Young (1),1.0,2767,HAN Yue,9.0,2268
8/9/2023,Quarter final,XD,Thom GICQUEL / Delphine DELRUE (8) Rank 8 Elo 2006 (+47),22-20 / 21-14,Yuta WATANABE / Arisa IGAKI (2) Rank 2 Elo 2302 (-45),44.0,https://badmintonranks.com/tournament?id=12750,2,China Open 2023,Thom GICQUEL / Delphine DELRUE (8),8.0,2006,Yuta WATANABE / Arisa IGAKI (2),2.0,2302
8/9/2023,Quarter final,XD,CHEN Tang Jie / TOH Ee Wei Rank 11 Elo 2081 (+26),21-15 / 13-21 / 21-16,YE Hong / LEE Chia Hsin Rank 15 Elo 2062 (-26),55.0,https://badmintonranks.com/tournament?id=12750,2,China Open 2023,CHEN Tang Jie / TOH Ee Wei,11.0,2081,YE Hong / LEE Chia Hsin,15.0,2062
8/9/2023,Quarter final,XD,SEO Seung Jae / CHAE Yu Jung (5) Rank 5 Elo 2291 (+33),17-21 / 21-13 / 21-17,ZHENG Si Wei / HUANG Ya Qiong (1) Rank 1 Elo 2382 (-33),62.0,https://badmintonranks.com/tournament?id=12750,2,China Open 2023,SEO Seung Jae / CHAE Yu Jung (5),5.0,2291,ZHENG Si Wei / HUANG Ya Qiong (1),1.0,2382
7/9/2023,Round 2,WD,BAEK Ha Na / LEE So Hee (2) Rank 2 Elo 2243 (+2),21-17 / 21-14,Vivian HO / LIM Chiew Sien Rank 35 Elo 1694 (-3),45.0,https://badmintonranks.com/tournament?id=12750,2,China Open 2023,BAEK Ha Na / LEE So Hee (2),2.0,2243,Vivian HO / LIM Chiew Sien,35.0,1694
7/9/2023,Round 2,WD,Rena MIYAURA / Ayako SAKURAMOTO Rank 13 Elo 2024 (+10),21-11 / 21-18,Anna Cheong Ching Yik / TEOH Mei Xing Rank Elo 1790 (-13),34.0,https://badmintonranks.com/tournament?id=12750,2,China Open 2023,Rena MIYAURA / Ayako SAKURAMOTO,13.0,2024,Anna Cheong Ching Yik / TEOH Mei Xing,,1790
7/9/2023,Round 2,MD,ONG Yew Sin / TEO Ee Yi (8) Rank 8 Elo 2018 (+16),21-12 / 21-17,Rasmus KJÆR / Frederik SØGAARD Rank 31 Elo 1879 (-18),36.0,https://badmintonranks.com/tournament?id=12750,2,China Open 2023,ONG Yew Sin / TEO Ee Yi (8),8.0,2018,Rasmus KJÆR / Frederik SØGAARD,31.0,1879
7/9/2023,Round 2,MD,KANG Min Hyuk / SEO Seung Jae (6) Rank 4 Elo 2290 (+16),21-19 / 17-21 / 25-23,LEE Yang / WANG Chang Rank 14 Elo 2151 (-16),69.0,https://badmintonranks.com/tournament?id=12750,2,China Open 2023,KANG Min Hyuk / SEO Seung Jae (6),4.0,2290,LEE Yang / WANG Chang,14.0,2151
7/9/2023,Round 2,WD,Mayu MATSUMOTO / Wakana NAGAHARA (4) Rank 6 Elo 2141 (+9),21-12 / 21-15,Maiken FRUERGAARD / Sara THYGESEN Rank 20 Elo 1869 (-10),34.0,https://badmintonranks.com/tournament?id=12750,2,China Open 2023,Mayu MATSUMOTO / Wakana NAGAHARA (4),6.0,2141,Maiken FRUERGAARD / Sara THYGESEN,20.0,1869
7/9/2023,Round 2,WD,Nami MATSUYAMA / Chiharu SHIDA (7) Rank 7 Elo 2153 (+9),21-16 / 21-16,HSU Ya Ching / LIN Wan Ching Rank 24 Elo 1879 (-10),36.0,https://badmintonranks.com/tournament?id=12750,3,China Open 2023,Nami MATSUYAMA / Chiharu SHIDA (7),7.0,2153,HSU Ya Ching / LIN Wan Ching,24.0,1879
7/9/2023,Round 2,MS,LU Guang Zu Rank 15 Elo 2155 (+36),21-19 / 21-12,LI Shi Feng (6) Rank 7 Elo 2301 (-35),53.0,https://badmintonranks.com/tournament?id=12750,3,China Open 2023,LU Guang Zu,15.0,2155,LI Shi Feng (6),7.0,2301
7/9/2023,Round 2,WD,LIU Sheng Shu / TAN Ning Rank 18 Elo 2058 (+3),21-14 / 21-7,Paula Lynn OBANANA / Lauren LAM Rank 43 Elo 1588 (-7),29.0,https://badmintonranks.com/tournament?id=12750,3,China Open 2023,LIU Sheng Shu / TAN Ning,18.0,2058,Paula Lynn OBANANA / Lauren LAM,43.0,1588
7/9/2023,Round 2,MD,Muhammad Shohibul FIKRI / Bagas MAULANA Rank 13 Elo 2071 (+23),21-16 / 21-12,Pramudya KUSUMAWARDANA / Yeremia Erich Yoche Yacob RAMBITAN Rank 22 Elo 2026 (-22),32.0,https://badmintonranks.com/tournament?id=12750,3,China Open 2023,Muhammad Shohibul FIKRI / Bagas MAULANA,13.0,2071,Pramudya KUSUMAWARDANA / Yeremia Erich Yoche Yacob RAMBITAN,22.0,2026
7/9/2023,Round 2,WS,HE Bing Jiao (5) Rank 5 Elo 2383 (+3),21-5 / 21-16,Saena KAWAKAMI Rank 32 Elo 1937 (-4),35.0,https://badmintonranks.com/tournament?id=12750,3,China Open 2023,HE Bing Jiao (5),5.0,2383,Saena KAWAKAMI,32.0,1937
7/9/2023,Round 2,MS,Kodai NARAOKA (4) Rank 3 Elo 2340 (+9),21-19 / 21-8,LIN Chun-Yi Rank 24 Elo 2079 (-10),49.0,https://badmintonranks.com/tournament?id=12750,3,China Open 2023,Kodai NARAOKA (4),3.0,2340,LIN Chun-Yi,24.0,2079
7/9/2023,Round 2,MD,Aaron CHIA / SOH Wooi Yik (4) Rank 6 Elo 2156 (+13),21-16 / 21-17,HE Ji Ting / ZHOU Hao Dong Rank 16 Elo 1972 (-13),40.0,https://badmintonranks.com/tournament?id=12750,3,China Open 2023,Aaron CHIA / SOH Wooi Yik (4),6.0,2156,HE Ji Ting / ZHOU Hao Dong,16.0,1972
7/9/2023,Round 2,WD,Apriyani RAHAYU / Siti Fadia Silva RAMADHANTI Rank 9 Elo 2151 (+20),21-16 / 21-18,JEONG Na Eun / KIM Hye Jeong Rank 12 Elo 2075 (-20),57.0,https://badmintonranks.com/tournament?id=12750,3,China Open 2023,Apriyani RAHAYU / Siti Fadia Silva RAMADHANTI,9.0,2151,JEONG Na Eun / KIM Hye Jeong,12.0,2075
7/9/2023,Round 2,WS,CHEN Yu Fei (3) Rank 3 Elo 2527 (+2),22-20 / 21-9,Aya OHORI Rank 21 Elo 1968 (-2),44.0,https://badmintonranks.com/tournament?id=12750,3,China Open 2023,CHEN Yu Fei (3),3.0,2527,Aya OHORI,21.0,1968
7/9/2023,Round 2,MS,Kanta TSUNEYAMA Rank 17 Elo 2112 (+28),21-9 / 21-8,LEE Cheuk Yiu Rank 16 Elo 2142 (-28),30.0,https://badmintonranks.com/tournament?id=12750,3,China Open 2023,Kanta TSUNEYAMA,17.0,2112,LEE Cheuk Yiu,16.0,2142
7/9/2023,Round 2,MS,SHI Yu Qi (8) Rank 5 Elo 2292 (+14),21-11 / 16-21 / 21-16,Rasmus GEMKE Rank 25 Elo 2127 (-14),72.0,https://badmintonranks.com/tournament?id=12750,3,China Open 2023,SHI Yu Qi (8),5.0,2292,Rasmus GEMKE,25.0,2127
7/9/2023,Round 2,MS,Viktor AXELSEN (1) Rank 1 Elo 2583 (+3),20-22 / 21-6 / 21-14,WANG Tzu Wei Rank 26 Elo 2115 (-3),67.0,https://badmintonranks.com/tournament?id=12750,3,China Open 2023,Viktor AXELSEN (1),1.0,2583,WANG Tzu Wei,26.0,2115
7/9/2023,Round 2,WD,CHEN Qi Ming / JIA Yi Fan (1) Rank 1 Elo 2421 (+2),21-15 / 21-19,YEUNG .. / YEUNG Pak Hon Rank 25 Elo 1886 (-3),36.0,https://badmintonranks.com/tournament?id=12750,3,China Open 2023,CHEN Qi Ming / JIA Yi Fan (1),1.0,2421,YEUNG .. / YEUNG Pak Hon,25.0,1886
7/9/2023,Round 2,MD,LIU Yu Chen / OU Xuan Yi (7) Rank 7 Elo 2069 (+14),15-21 / 21-17 / 21-18,LEE Fang Jen / LEE Fang Chih Rank 26 Elo 1895 (-15),60.0,https://badmintonranks.com/tournament?id=12750,3,China Open 2023,LIU Yu Chen / OU Xuan Yi (7),7.0,2069,LEE Fang Jen / LEE Fang Chih,26.0,1895
7/9/2023,Round 2,MD,Kim ASTRUP / Anders Skaarup RASMUSSEN Rank 9 Elo 2153 (+11),21-8 / 21-13,LEE Jhe-Huei / YANG Po Hsuan Rank 20 Elo 1922 (-12),28.0,https://badmintonranks.com/tournament?id=12750,3,China Open 2023,Kim ASTRUP / Anders Skaarup RASMUSSEN,9.0,2153,LEE Jhe-Huei / YANG Po Hsuan,20.0,1922
7/9/2023,Round 2,WS,Carolina MARIN (6) Rank 6 Elo 2493 (+5),21-9 / 21-16,GAO Fang jie Rank 26 Elo 2121 (-6),42.0,https://badmintonranks.com/tournament?id=12750,3,China Open 2023,Carolina MARIN (6),6.0,2493,GAO Fang jie,26.0,2121
7/9/2023,Round 2,WS,Line Højmark KJAERSFELDT Rank 30 Elo 2003 (+17),21-19 / 21-10,Yvonne LI Rank 24 Elo 1872 (-19),37.0,https://badmintonranks.com/tournament?id=12750,3,China Open 2023,Line Højmark KJAERSFELDT,30.0,2003,Yvonne LI,24.0,1872
7/9/2023,Round 2,MS,LOH Kean Yew (7) Rank 8 Elo 2166 (+38),21-17 / 21-12,Anders ANTONSEN Rank 10 Elo 2353 (-38),51.0,https://badmintonranks.com/tournament?id=12750,3,China Open 2023,LOH Kean Yew (7),8.0,2166,Anders ANTONSEN,10.0,2353
7/9/2023,Round 2,MD,LIANG Wei Keng / WANG Chang (3) Rank 3 Elo 2167 (+14),21-14 / 22-20,Akira KOGA / Taichi SAITO Rank 17 Elo 2009 (-15),39.0,https://badmintonranks.com/tournament?id=12750,3,China Open 2023,LIANG Wei Keng / WANG Chang (3),3.0,2167,Akira KOGA / Taichi SAITO,17.0,2009
7/9/2023,Round 2,MD,Takuro HOKI / Yugo KOBAYASHI (5) Rank 5 Elo 2147 (+8),21-17 / 21-19,Keiichiro MATSUI / Yoshinori TAKEUTI Rank 28 Elo 1853 (-9),43.0,https://badmintonranks.com/tournament?id=12750,3,China Open 2023,Takuro HOKI / Yugo KOBAYASHI (5),5.0,2147,Keiichiro MATSUI / Yoshinori TAKEUTI,28.0,1853
7/9/2023,Round 2,WD,Yuki FUKUSHIMA / Sayaka HIROTA (5) Rank 4 Elo 2145 (+21),21-16 / 21-16,Pearly TAN / THINAAH Muralitharan Rank 11 Elo 2085 (-22),47.0,https://badmintonranks.com/tournament?id=12750,4,China Open 2023,Yuki FUKUSHIMA / Sayaka HIROTA (5),4.0,2145,Pearly TAN / THINAAH Muralitharan,11.0,2085
7/9/2023,Round 2,WS,TAI Tzu Ying (4) Rank 4 Elo 2522 (+5),21-11 / 21-12,ZHANG Yi Man Rank 19 Elo 2158 (-6),32.0,https://badmintonranks.com/tournament?id=12750,4,China Open 2023,TAI Tzu Ying (4),4.0,2522,ZHANG Yi Man,19.0,2158
7/9/2023,Round 2,WS,AN Se Young (1) Rank 1 Elo 2764 (+3),21-14 / 22-20,WANG Zhi Yi Rank 11 Elo 2254 (-3),40.0,https://badmintonranks.com/tournament?id=12750,4,China Open 2023,AN Se Young (1),1.0,2764,WANG Zhi Yi,11.0,2254
7/9/2023,Round 2,WS,Akane YAMAGUCHI (2) Rank 2 Elo 2483 (+6),22-20 / 21-17,KIM Ga Eun Rank 18 Elo 2151 (-6),43.0,https://badmintonranks.com/tournament?id=12750,4,China Open 2023,Akane YAMAGUCHI (2),2.0,2483,KIM Ga Eun,18.0,2151
7/9/2023,Round 2,MS,Jonatan CHRISTIE (5) Rank 9 Elo 2278 (+6),12-21 / 21-15 / 21-14,Brian YANG Rank 27 Elo 1944 (-7),57.0,https://badmintonranks.com/tournament?id=12750,4,China Open 2023,Jonatan CHRISTIE (5),9.0,2278,Brian YANG,27.0,1944
7/9/2023,Round 2,XD,Thom GICQUEL / Delphine DELRUE (8) Rank 8 Elo 1976 (+30),21-19 / 21-17,Hiroki MIDORIKAWA / Natsu SAITO Rank 17 Elo 2026 (-30),45.0,https://badmintonranks.com/tournament?id=12750,4,China Open 2023,Thom GICQUEL / Delphine DELRUE (8),8.0,1976,Hiroki MIDORIKAWA / Natsu SAITO,17.0,2026
7/9/2023,Round 2,WS,HAN Yue Rank 9 Elo 2259 (+9),21-23 / 21-8 / 21-5,NGUYEN Thuy Linh Rank 27 Elo 1989 (-9),54.0,https://badmintonranks.com/tournament?id=12750,4,China Open 2023,HAN Yue,9.0,2259,NGUYEN Thuy Linh,27.0,1989
7/9/2023,Round 2,XD,Yuta WATANABE / Arisa IGAKI (2) Rank 2 Elo 2293 (+9),21-14 / 21-17,TANG Chun Man / TSE Ying Suet Rank 22 Elo 2027 (-9),33.0,https://badmintonranks.com/tournament?id=12750,4,China Open 2023,Yuta WATANABE / Arisa IGAKI (2),2.0,2293,TANG Chun Man / TSE Ying Suet,22.0,2027
7/9/2023,Round 2,XD,YE Hong / LEE Chia Hsin Rank 15 Elo 2021 (+41),21-18 / 21-19,FENG Yan Zhe / HUANG Dong Ping (3) Rank 3 Elo 2245 (-40),45.0,https://badmintonranks.com/tournament?id=12750,4,China Open 2023,YE Hong / LEE Chia Hsin,15.0,2021,FENG Yan Zhe / HUANG Dong Ping (3),3.0,2245
7/9/2023,Round 2,XD,Dechapol PUAVARANUKROH / Sapsiree TAERATTANACHAI (4) Rank 4 Elo 2221 (+14),21-16 / 21-13,Rinov RIVALDY / Pitha Haningtyas MENTARI Rank 18 Elo 2049 (-14),31.0,https://badmintonranks.com/tournament?id=12750,4,China Open 2023,Dechapol PUAVARANUKROH / Sapsiree TAERATTANACHAI (4),4.0,2221,Rinov RIVALDY / Pitha Haningtyas MENTARI,18.0,2049
7/9/2023,Round 2,XD,TAN Kian Meng / LAI Pei Jing Rank 23 Elo 1855 (+40),18-21 / 21-19 / 21-12,Praveen JORDAN / Melati Daeva OKTAVIANTI Rank 26 Elo 1979 (-36),58.0,https://badmintonranks.com/tournament?id=12750,4,China Open 2023,TAN Kian Meng / LAI Pei Jing,23.0,1855,Praveen JORDAN / Melati Daeva OKTAVIANTI,26.0,1979
7/9/2023,Round 2,MS,Shesar Hiren RHUSTAVITO Rank 45 Elo 2050 (+36),18-21 / 21-11 / 22-20,NG Tze Yong Rank 22 Elo 2194 (-35),74.0,https://badmintonranks.com/tournament?id=12750,4,China Open 2023,Shesar Hiren RHUSTAVITO,45.0,2050,NG Tze Yong,22.0,2194
7/9/2023,Round 2,XD,ZHENG Si Wei / HUANG Ya Qiong (1) Rank 1 Elo 2378 (+4),21-5 / 21-17,Dejan FERDINANSYAH / Gloria Emanuelle WIDJAJA Rank 16 Elo 1981 (-5),34.0,https://badmintonranks.com/tournament?id=12750,4,China Open 2023,ZHENG Si Wei / HUANG Ya Qiong (1),1.0,2378,Dejan FERDINANSYAH / Gloria Emanuelle WIDJAJA,16.0,1981
7/9/2023,Round 2,XD,SEO Seung Jae / CHAE Yu Jung (5) Rank 5 Elo 2285 (+6),8-21 / 21-18 / 21-19,Kyohei YAMASHITA / Naru SHINOYA Rank 19 Elo 1931 (-6),54.0,https://badmintonranks.com/tournament?id=12750,4,China Open 2023,SEO Seung Jae / CHAE Yu Jung (5),5.0,2285,Kyohei YAMASHITA / Naru SHINOYA,19.0,1931
7/9/2023,Round 2,XD,CHEN Tang Jie / TOH Ee Wei Rank 11 Elo 2048 (+33),21-15 / 15-21 / 21-18,KIM Won Ho / JEONG Na Eun (6) Rank 6 Elo 2148 (-33),59.0,https://badmintonranks.com/tournament?id=12750,4,China Open 2023,CHEN Tang Jie / TOH Ee Wei,11.0,2048,KIM Won Ho / JEONG Na Eun (6),6.0,2148
6/9/2023,Round 1,WD,Rena MIYAURA / Ayako SAKURAMOTO Rank 13 Elo 1990 (+34),21-18 / 21-18,ZHANG .. / ZHENG Yu (6) Rank 5 Elo 2083 (-33),47.0,https://badmintonranks.com/tournament?id=12750,4,China Open 2023,Rena MIYAURA / Ayako SAKURAMOTO,13.0,1990,ZHANG .. / ZHENG Yu (6),5.0,2083
6/9/2023,Round 1,WD,Anna Cheong Ching Yik / TEOH Mei Xing Rank Elo 1739 (+51),19-21 / 21-15 / 22-20,Febriana Dwipuji KUSUMA / Amallia Cahaya PRATIWI Rank 15 Elo 1885 (-40),73.0,https://badmintonranks.com/tournament?id=12750,4,China Open 2023,Anna Cheong Ching Yik / TEOH Mei Xing,,1739,Febriana Dwipuji KUSUMA / Amallia Cahaya PRATIWI,15.0,1885
6/9/2023,Round 1,XD,TANG Chun Man / TSE Ying Suet Rank 22 Elo 2010 (+17),21-16 / 21-12,Rehan Naufal KUSHARJANTO / Lisa Ayu KUSUMAWATI Rank 14 Elo 1882 (-18),35.0,https://badmintonranks.com/tournament?id=12750,4,China Open 2023,TANG Chun Man / TSE Ying Suet,22.0,2010,Rehan Naufal KUSHARJANTO / Lisa Ayu KUSUMAWATI,14.0,1882
6/9/2023,Round 1,WD,LIU Sheng Shu / TAN Ning Rank 18 Elo 2044 (+14),21-19 / 21-7,LEE Yu Lim / SHIN Seung Chan Rank 22 Elo 1866 (-15),42.0,https://badmintonranks.com/tournament?id=12750,4,China Open 2023,LIU Sheng Shu / TAN Ning,18.0,2044,LEE Yu Lim / SHIN Seung Chan,22.0,1866
6/9/2023,Round 1,MD,LEE Yang / WANG Chang Rank 14 Elo 2146 (+5),21-14 / 21-14,SU Ching Heng / YE Hong Rank 29 Elo 1758 (-7),29.0,https://badmintonranks.com/tournament?id=12750,4,China Open 2023,LEE Yang / WANG Chang,14.0,2146,SU Ching Heng / YE Hong,29.0,1758
6/9/2023,Round 1,MD,HE Ji Ting / ZHOU Hao Dong Rank 16 Elo 1956 (+16),21-14 / 21-17,CHANG Tak Ching / PO Li-Wei Rank 27 Elo 1817 (-19),35.0,https://badmintonranks.com/tournament?id=12750,5,China Open 2023,HE Ji Ting / ZHOU Hao Dong,16.0,1956,CHANG Tak Ching / PO Li-Wei,27.0,1817
6/9/2023,Round 1,WS,HE Bing Jiao (5) Rank 5 Elo 2379 (+4),21-15 / 21-13,SUNG Shuo Yun Rank 29 Elo 1920 (-4),44.0,https://badmintonranks.com/tournament?id=12750,5,China Open 2023,HE Bing Jiao (5),5.0,2379,SUNG Shuo Yun,29.0,1920
6/9/2023,Round 1,MS,SHI Yu Qi (8) Rank 5 Elo 2286 (+6),21-8 / 21-11,Magnus JOHANNESEN Rank 32 Elo 1954 (-7),37.0,https://badmintonranks.com/tournament?id=12750,5,China Open 2023,SHI Yu Qi (8),5.0,2286,Magnus JOHANNESEN,32.0,1954
6/9/2023,Round 1,WS,Saena KAWAKAMI Rank 32 Elo 1892 (+45),12-21 / 22-20 / 22-20,Supanida KATETHONG Rank 16 Elo 2121 (-41),59.0,https://badmintonranks.com/tournament?id=12750,5,China Open 2023,Saena KAWAKAMI,32.0,1892,Supanida KATETHONG,16.0,2121
6/9/2023,Round 1,MD,KANG Min Hyuk / SEO Seung Jae (6) Rank 4 Elo 2280 (+10),21-18 / 15-21 / 21-12,Hendra SETIAWAN / Mohammad AHSAN Rank 10 Elo 2037 (-10),52.0,https://badmintonranks.com/tournament?id=12750,5,China Open 2023,KANG Min Hyuk / SEO Seung Jae (6),4.0,2280,Hendra SETIAWAN / Mohammad AHSAN,10.0,2037
6/9/2023,Round 1,XD,Thom GICQUEL / Delphine DELRUE (8) Rank 8 Elo 1955 (+21),21-10 / 21-19,CHENG Chi Ya / CHEN Fang Hui Rank 27 Elo 1870 (-22),37.0,https://badmintonranks.com/tournament?id=12750,5,China Open 2023,Thom GICQUEL / Delphine DELRUE (8),8.0,1955,CHENG Chi Ya / CHEN Fang Hui,27.0,1870
6/9/2023,Round 1,MS,LIN Chun-Yi Rank 24 Elo 2053 (+26),21-15 / 10-21 / 21-16,Toma Junior POPOV Rank 23 Elo 2053 (-26),71.0,https://badmintonranks.com/tournament?id=12750,5,China Open 2023,LIN Chun-Yi,24.0,2053,Toma Junior POPOV,23.0,2053
6/9/2023,Round 1,MD,ONG Yew Sin / TEO Ee Yi (8) Rank 8 Elo 1994 (+24),21-16 / 23-21,REN Xiang Yu / TAN Qiang Rank 19 Elo 1966 (-25),47.0,https://badmintonranks.com/tournament?id=12750,5,China Open 2023,ONG Yew Sin / TEO Ee Yi (8),8.0,1994,REN Xiang Yu / TAN Qiang,19.0,1966
6/9/2023,Round 1,MD,Aaron CHIA / SOH Wooi Yik (4) Rank 6 Elo 2137 (+19),21-10 / 25-23,CHOI Sol Gyu / KIM Won Ho Rank 15 Elo 2043 (-19),35.0,https://badmintonranks.com/tournament?id=12750,5,China Open 2023,Aaron CHIA / SOH Wooi Yik (4),6.0,2137,CHOI Sol Gyu / KIM Won Ho,15.0,2043
6/9/2023,Round 1,XD,Yuta WATANABE / Arisa IGAKI (2) Rank 2 Elo 2288 (+5),21-23 / 21-18 / 21-11,LEE Chun Hei / NG Tsz Yau Rank 24 Elo 1915 (-6),61.0,https://badmintonranks.com/tournament?id=12750,5,China Open 2023,Yuta WATANABE / Arisa IGAKI (2),2.0,2288,LEE Chun Hei / NG Tsz Yau,24.0,1915
6/9/2023,Round 1,WD,JEONG Na Eun / KIM Hye Jeong Rank 12 Elo 2049 (+26),21-13 / 24-26 / 21-15,Benyapa AIMSAARD / Nuntakarn AIMSAARD Rank 10 Elo 2049 (-26),67.0,https://badmintonranks.com/tournament?id=12750,5,China Open 2023,JEONG Na Eun / KIM Hye Jeong,12.0,2049,Benyapa AIMSAARD / Nuntakarn AIMSAARD,10.0,2049
6/9/2023,Round 1,WD,Vivian HO / LIM Chiew Sien Rank 35 Elo 1617 (+77),12-21 / 21-11 / 22-20,Rui HIROKAMI / Yuna KATO Rank 23 Elo 1801 (-48),66.0,https://badmintonranks.com/tournament?id=12750,5,China Open 2023,Vivian HO / LIM Chiew Sien,35.0,1617,Rui HIROKAMI / Yuna KATO,23.0,1801
6/9/2023,Round 1,MS,Rasmus GEMKE Rank 25 Elo 2119 (+8),21-18 / 18-21 / 21-15,Kantaphon WANGCHAROEN Rank 33 Elo 1826 (-10),79.0,https://badmintonranks.com/tournament?id=12750,5,China Open 2023,Rasmus GEMKE,25.0,2119,Kantaphon WANGCHAROEN,33.0,1826
6/9/2023,Round 1,MS,Kanta TSUNEYAMA Rank 17 Elo 2069 (+43),21-11 / 18-21 / 21-17,Anthony Sinisuka GINTING (2) Rank 2 Elo 2361 (-43),66.0,https://badmintonranks.com/tournament?id=12750,5,China Open 2023,Kanta TSUNEYAMA,17.0,2069,Anthony Sinisuka GINTING (2),2.0,2361
6/9/2023,Round 1,XD,Hiroki MIDORIKAWA / Natsu SAITO Rank 17 Elo 2002 (+24),21-19 / 21-18,Supak JOMKOH / Supissara PACHARAMONGKOL Rank 13 Elo 1971 (-24),38.0,https://badmintonranks.com/tournament?id=12750,5,China Open 2023,Hiroki MIDORIKAWA / Natsu SAITO,17.0,2002,Supak JOMKOH / Supissara PACHARAMONGKOL,13.0,1971
6/9/2023,Round 1,WD,Apriyani RAHAYU / Siti Fadia Silva RAMADHANTI Rank 9 Elo 2135 (+16),17-21 / 21-12 / 21-19,Jongkolphan KITITHARAKUL / Rawinda PRAJONGJAI (8) Rank 8 Elo 2004 (-17),80.0,https://badmintonranks.com/tournament?id=12750,5,China Open 2023,Apriyani RAHAYU / Siti Fadia Silva RAMADHANTI,9.0,2135,Jongkolphan KITITHARAKUL / Rawinda PRAJONGJAI (8),8.0,2004
6/9/2023,Round 1,WD,BAEK Ha Na / LEE So Hee (2) Rank 2 Elo 2233 (+10),21-18 / 21-13,LI Wen Mei / LIU Xuan Xuan Rank 14 Elo 1984 (-10),47.0,https://badmintonranks.com/tournament?id=12750,5,China Open 2023,BAEK Ha Na / LEE So Hee (2),2.0,2233,LI Wen Mei / LIU Xuan Xuan,14.0,1984
6/9/2023,Round 1,MD,Pramudya KUSUMAWARDANA / Yeremia Erich Yoche Yacob RAMBITAN Rank 22 Elo 2017 (+9),22-20 / 19-21 / 21-17,Ayato ENDO / Yuta TAKEI Rank 32 Elo 1760 (-13),59.0,https://badmintonranks.com/tournament?id=12750,5,China Open 2023,Pramudya KUSUMAWARDANA / Yeremia Erich Yoche Yacob RAMBITAN,22.0,2017,Ayato ENDO / Yuta TAKEI,32.0,1760
6/9/2023,Round 1,MD,Rasmus KJÆR / Frederik SØGAARD Rank 31 Elo 1862 (+17),21-17 / 21-9,Lucas CORVEE / Ronan LABAR Rank 30 Elo 1703 (-22),37.0,https://badmintonranks.com/tournament?id=12750,5,China Open 2023,Rasmus KJÆR / Frederik SØGAARD,31.0,1862,Lucas CORVEE / Ronan LABAR,30.0,1703
6/9/2023,Round 1,MS,Kodai NARAOKA (4) Rank 3 Elo 2325 (+15),26-24 / 12-21 / 21-11,LEE Zii Jia Rank 14 Elo 2179 (-15),75.0,https://badmintonranks.com/tournament?id=12750,5,China Open 2023,Kodai NARAOKA (4),3.0,2325,LEE Zii Jia,14.0,2179
6/9/2023,Round 1,MS,LEE Cheuk Yiu Rank 16 Elo 2123 (+19),21-19 / 21-23 / 21-19,ZHAO Jun Peng Rank 31 Elo 2025 (-19),73.0,https://badmintonranks.com/tournament?id=12750,6,China Open 2023,LEE Cheuk Yiu,16.0,2123,ZHAO Jun Peng,31.0,2025
6/9/2023,Round 1,WS,CHEN Yu Fei (3) Rank 3 Elo 2520 (+7),21-18 / 21-5,ZHANG Beiwen Rank 10 Elo 2188 (-7),31.0,https://badmintonranks.com/tournament?id=12750,6,China Open 2023,CHEN Yu Fei (3),3.0,2520,ZHANG Beiwen,10.0,2188
6/9/2023,Round 1,MS,LU Guang Zu Rank 15 Elo 2130 (+25),21-17 / 21-15,NG Ka Long Angus Rank 18 Elo 2132 (-26),49.0,https://badmintonranks.com/tournament?id=12750,6,China Open 2023,LU Guang Zu,15.0,2130,NG Ka Long Angus,18.0,2132
6/9/2023,Round 1,MD,Muhammad Shohibul FIKRI / Bagas MAULANA Rank 13 Elo 2032 (+39),21-17 / 11-21 / 21-17,Satwiksairaj RANKIREDDY / Chirag SHETTY (2) Rank 2 Elo 2228 (-38),68.0,https://badmintonranks.com/tournament?id=12750,6,China Open 2023,Muhammad Shohibul FIKRI / Bagas MAULANA,13.0,2032,Satwiksairaj RANKIREDDY / Chirag SHETTY (2),2.0,2228
6/9/2023,Round 1,WS,Line Højmark KJAERSFELDT Rank 30 Elo 1994 (+9),21-15 / 21-13,Lauren LAM Rank 40 Elo 1704 (-13),37.0,https://badmintonranks.com/tournament?id=12750,6,China Open 2023,Line Højmark KJAERSFELDT,30.0,1994,Lauren LAM,40.0,1704
6/9/2023,Round 1,WS,Yvonne LI Rank 24 Elo 1827 (+45),21-16 / 21-18,Kirsty GILMOUR Rank 25 Elo 1999 (-39),40.0,https://badmintonranks.com/tournament?id=12750,6,China Open 2023,Yvonne LI,24.0,1827,Kirsty GILMOUR,25.0,1999
6/9/2023,Round 1,MS,LI Shi Feng (6) Rank 7 Elo 2286 (+15),21-14 / 18-21 / 21-18,CHOU Tien Chen Rank 11 Elo 2141 (-15),75.0,https://badmintonranks.com/tournament?id=12750,6,China Open 2023,LI Shi Feng (6),7.0,2286,CHOU Tien Chen,11.0,2141
6/9/2023,Round 1,WS,KIM Ga Eun Rank 18 Elo 2150 (+1),21-9 / 6-2 Ret.,Lianne TAN Rank 41 Elo 1666 (-2),18.0,https://badmintonranks.com/tournament?id=12750,6,China Open 2023,KIM Ga Eun,18.0,2150,Lianne TAN,41.0,1666
6/9/2023,Round 1,XD,YE Hong / LEE Chia Hsin Rank 15 Elo 1993 (+28),21-13 / 21-13,Robin TABELING / Selena PIEK Rank 10 Elo 2012 (-28),30.0,https://badmintonranks.com/tournament?id=12750,6,China Open 2023,YE Hong / LEE Chia Hsin,15.0,1993,Robin TABELING / Selena PIEK,10.0,2012
6/9/2023,Round 1,WS,Aya OHORI Rank 21 Elo 1950 (+18),21-18 / 21-12,GOH Jin Wei Rank 35 Elo 1834 (-21),38.0,https://badmintonranks.com/tournament?id=12750,6,China Open 2023,Aya OHORI,21.0,1950,GOH Jin Wei,35.0,1834
6/9/2023,Round 1,WS,Akane YAMAGUCHI (2) Rank 2 Elo 2481 (+2),21-12 / 21-18,Putri Kusuma WARDANI Rank 33 Elo 1938 (-2),37.0,https://badmintonranks.com/tournament?id=12750,6,China Open 2023,Akane YAMAGUCHI (2),2.0,2481,Putri Kusuma WARDANI,33.0,1938
6/9/2023,Round 1,XD,FENG Yan Zhe / HUANG Dong Ping (3) Rank 3 Elo 2241 (+4),21-17 / 21-12,HEE Yong KWON / TAN Wei Qiang Rank 33 Elo 1791 (-5),38.0,https://badmintonranks.com/tournament?id=12750,6,China Open 2023,FENG Yan Zhe / HUANG Dong Ping (3),3.0,2241,HEE Yong KWON / TAN Wei Qiang,33.0,1791
6/9/2023,Round 1,XD,CHEN Tang Jie / TOH Ee Wei Rank 11 Elo 2041 (+7),21-15 / 21-16,Rohan KAPOOR / REDDY Sikki Gupta Rank 32 Elo 1725 (-11),39.0,https://badmintonranks.com/tournament?id=12750,6,China Open 2023,CHEN Tang Jie / TOH Ee Wei,11.0,2041,Rohan KAPOOR / REDDY Sikki Gupta,32.0,1725
6/9/2023,Round 1,XD,KIM Won Ho / JEONG Na Eun (6) Rank 6 Elo 2141 (+7),21-17 / 21-19,Yuki KANEKO / Misaki MATSUTOMO Rank 20 Elo 1814 (-8),45.0,https://badmintonranks.com/tournament?id=12750,6,China Open 2023,KIM Won Ho / JEONG Na Eun (6),6.0,2141,Yuki KANEKO / Misaki MATSUTOMO,20.0,1814
5/9/2023,Round 1,WD,Nami MATSUYAMA / Chiharu SHIDA (7) Rank 7 Elo 2148 (+5),21-15 / 22-24 / 21-18,Margot LAMBERT / Anne TRAN Rank 27 Elo 1779 (-7),78.0,https://badmintonranks.com/tournament?id=12750,6,China Open 2023,Nami MATSUYAMA / Chiharu SHIDA (7),7.0,2148,Margot LAMBERT / Anne TRAN,27.0,1779
5/9/2023,Round 1,MD,Keiichiro MATSUI / Yoshinori TAKEUTI Rank 28 Elo 1823 (+30),23-21 / 21-19,M.R.ARJUN / DHRUV KAPILA Rank 34 Elo 1811 (-31),47.0,https://badmintonranks.com/tournament?id=12750,6,China Open 2023,Keiichiro MATSUI / Yoshinori TAKEUTI,28.0,1823,M.R.ARJUN / DHRUV KAPILA,34.0,1811
5/9/2023,Round 1,WD,Mayu MATSUMOTO / Wakana NAGAHARA (4) Rank 6 Elo 2131 (+10),21-10 / 21-13,Gabriela STOEVA / Stefani STOEVA Rank 19 Elo 1900 (-12),32.0,https://badmintonranks.com/tournament?id=12750,6,China Open 2023,Mayu MATSUMOTO / Wakana NAGAHARA (4),6.0,2131,Gabriela STOEVA / Stefani STOEVA,19.0,1900
5/9/2023,Round 1,MD,LIU Yu Chen / OU Xuan Yi (7) Rank 7 Elo 2061 (+8),21-16 / 21-14,Christo POPOV / Toma Junior POPOV Rank 39 Elo 1763 (-11),37.0,https://badmintonranks.com/tournament?id=12750,6,China Open 2023,LIU Yu Chen / OU Xuan Yi (7),7.0,2061,Christo POPOV / Toma Junior POPOV,39.0,1763
5/9/2023,Round 1,MS,WANG Tzu Wei Rank 26 Elo 2083 (+32),23-21 / 22-20,Kenta NISHIMOTO Rank 13 Elo 2161 (-31),58.0,https://badmintonranks.com/tournament?id=12750,6,China Open 2023,WANG Tzu Wei,26.0,2083,Kenta NISHIMOTO,13.0,2161
5/9/2023,Round 1,WD,Maiken FRUERGAARD / Sara THYGESEN Rank 20 Elo 1840 (+29),21-15 / 21-18,LEE Chia.. / TENG Chun Hsun Rank 21 Elo 1827 (-30),36.0,https://badmintonranks.com/tournament?id=12750,6,China Open 2023,Maiken FRUERGAARD / Sara THYGESEN,20.0,1840,LEE Chia.. / TENG Chun Hsun,21.0,1827
5/9/2023,Round 1,WD,HSU Ya Ching / LIN Wan Ching Rank 24 Elo 1845 (+34),17-21 / 22-20 / 25-23,LI Yi jing / LUO Xu Min Rank 28 Elo 1891 (-32),71.0,https://badmintonranks.com/tournament?id=12750,7,China Open 2023,HSU Ya Ching / LIN Wan Ching,24.0,1845,LI Yi jing / LUO Xu Min,28.0,1891
5/9/2023,Round 1,MD,Takuro HOKI / Yugo KOBAYASHI (5) Rank 5 Elo 2143 (+4),21-9 / 21-5,Supak JOMKOH / Kittinupong KEDREN Rank 36 Elo 1692 (-6),26.0,https://badmintonranks.com/tournament?id=12750,7,China Open 2023,Takuro HOKI / Yugo KOBAYASHI (5),5.0,2143,Supak JOMKOH / Kittinupong KEDREN,36.0,1692
5/9/2023,Round 1,WS,Carolina MARIN (6) Rank 6 Elo 2491 (+2),21-12 / 21-12,HSU Wen Chi Rank 20 Elo 1949 (-2),39.0,https://badmintonranks.com/tournament?id=12750,7,China Open 2023,Carolina MARIN (6),6.0,2491,HSU Wen Chi,20.0,1949
5/9/2023,Round 1,MD,LEE Fang Jen / LEE Fang Chih Rank 26 Elo 1866 (+29),18-21 / 21-13 / 21-16,Mark LAMSFUSS / Marvin SEIDEL Rank 25 Elo 1860 (-29),64.0,https://badmintonranks.com/tournament?id=12750,7,China Open 2023,LEE Fang Jen / LEE Fang Chih,26.0,1866,Mark LAMSFUSS / Marvin SEIDEL,25.0,1860
5/9/2023,Round 1,MS,Viktor AXELSEN (1) Rank 1 Elo 2581 (+2),21-17 / 21-18,Chico Aura DWI WARDOYO Rank 21 Elo 2069 (-3),46.0,https://badmintonranks.com/tournament?id=12750,7,China Open 2023,Viktor AXELSEN (1),1.0,2581,Chico Aura DWI WARDOYO,21.0,2069
5/9/2023,Round 1,XD,Kyohei YAMASHITA / Naru SHINOYA Rank 19 Elo 1913 (+18),21-8 / 21-15,Vinson CHIU / Jennie GAI Rank 30 Elo 1781 (-21),33.0,https://badmintonranks.com/tournament?id=12750,7,China Open 2023,Kyohei YAMASHITA / Naru SHINOYA,19.0,1913,Vinson CHIU / Jennie GAI,30.0,1781
5/9/2023,Round 1,MD,LEE Jhe-Huei / YANG Po Hsuan Rank 20 Elo 1889 (+33),22-20 / 21-13,LU Ching Yao / YANG Po Hsuan Rank 12 Elo 1935 (-31),33.0,https://badmintonranks.com/tournament?id=12750,7,China Open 2023,LEE Jhe-Huei / YANG Po Hsuan,20.0,1889,LU Ching Yao / YANG Po Hsuan,12.0,1935
5/9/2023,Round 1,WS,AN Se Young (1) Rank 1 Elo 2763 (+1),21-16 / 21-12,Mia BLICHFELDT Rank 13 Elo 2159 (-1),41.0,https://badmintonranks.com/tournament?id=12750,7,China Open 2023,AN Se Young (1),1.0,2763,Mia BLICHFELDT,13.0,2159
5/9/2023,Round 1,MD,Kim ASTRUP / Anders Skaarup RASMUSSEN Rank 9 Elo 2130 (+23),21-19 / 21-19,Fajar ALFIAN / Muhammad Shohibul FIKRI (1) Rank 1 Elo 2099 (-23),50.0,https://badmintonranks.com/tournament?id=12750,7,China Open 2023,Kim ASTRUP / Anders Skaarup RASMUSSEN,9.0,2130,Fajar ALFIAN / Muhammad Shohibul FIKRI (1),1.0,2099
5/9/2023,Round 1,WD,Yuki FUKUSHIMA / Sayaka HIROTA (5) Rank 4 Elo 2141 (+4),21-6 / 21-8,Linda EFLER / Isabel LOHAU Rank 33 Elo 1691 (-6),34.0,https://badmintonranks.com/tournament?id=12750,7,China Open 2023,Yuki FUKUSHIMA / Sayaka HIROTA (5),4.0,2141,Linda EFLER / Isabel LOHAU,33.0,1691
5/9/2023,Round 1,XD,SEO Seung Jae / CHAE Yu Jung (5) Rank 5 Elo 2271 (+14),21-14 / 24-22,Mathias THYRRI / Alexandra BOE Rank 9 Elo 2102 (-14),39.0,https://badmintonranks.com/tournament?id=12750,7,China Open 2023,SEO Seung Jae / CHAE Yu Jung (5),5.0,2271,Mathias THYRRI / Alexandra BOE,9.0,2102
5/9/2023,Round 1,MS,Brian YANG Rank 27 Elo 1922 (+22),21-8 / 14-21 / 21-18,Misha ZILBERMAN Rank 34 Elo 1848 (-23),56.0,https://badmintonranks.com/tournament?id=12750,7,China Open 2023,Brian YANG,27.0,1922,Misha ZILBERMAN,34.0,1848
5/9/2023,Round 1,MS,Jonatan CHRISTIE (5) Rank 9 Elo 2256 (+22),22-20 / 19-21 / 21-10,WENG Hong Yang Rank 19 Elo 2204 (-22),74.0,https://badmintonranks.com/tournament?id=12750,7,China Open 2023,Jonatan CHRISTIE (5),9.0,2256,WENG Hong Yang,19.0,2204
5/9/2023,Round 1,MD,Akira KOGA / Taichi SAITO Rank 17 Elo 1998 (+11),21-13 / 21-17,Alexander DUNN / Adam HALL Rank 24 Elo 1766 (-14),38.0,https://badmintonranks.com/tournament?id=12750,7,China Open 2023,Akira KOGA / Taichi SAITO,17.0,1998,Alexander DUNN / Adam HALL,24.0,1766
5/9/2023,Round 1,MS,Anders ANTONSEN Rank 10 Elo 2334 (+19),23-21 / 16-21 / 21-9,Lakshya SEN Rank 12 Elo 2237 (-18),78.0,https://badmintonranks.com/tournament?id=12750,7,China Open 2023,Anders ANTONSEN,10.0,2334,Lakshya SEN,12.0,2237
5/9/2023,Round 1,WD,YEUNG .. / YEUNG Pak Hon Rank 25 Elo 1842 (+44),17-21 / 21-15 / 21-9,Rin IWANAGA / Kie NAKANISHI Rank 16 Elo 2008 (-38),69.0,https://badmintonranks.com/tournament?id=12750,7,China Open 2023,YEUNG .. / YEUNG Pak Hon,25.0,1842,Rin IWANAGA / Kie NAKANISHI,16.0,2008
5/9/2023,Round 1,WD,Pearly TAN / THINAAH Muralitharan Rank 11 Elo 2078 (+7),17-21 / 21-17 / 21-10,Debora JILLE / Cheryl SEINEN Rank 32 Elo 1742 (-9),54.0,https://badmintonranks.com/tournament?id=12750,7,China Open 2023,Pearly TAN / THINAAH Muralitharan,11.0,2078,Debora JILLE / Cheryl SEINEN,32.0,1742
5/9/2023,Round 1,MD,LIANG Wei Keng / WANG Chang (3) Rank 3 Elo 2152 (+15),21-15 / 21-18,Leo Rolly CARNANDO / Daniel MARTHIN Rank 11 Elo 1990 (-15),36.0,https://badmintonranks.com/tournament?id=12750,7,China Open 2023,LIANG Wei Keng / WANG Chang (3),3.0,2152,Leo Rolly CARNANDO / Daniel MARTHIN,11.0,1990
5/9/2023,Round 1,XD,Praveen JORDAN / Melati Daeva OKTAVIANTI Rank 26 Elo 1937 (+42),21-16 / 12-21 / 21-16,JIANG Zhen Bang / WEI Ya Xin (7) Rank 7 Elo 2139 (-39),60.0,https://badmintonranks.com/tournament?id=12750,7,China Open 2023,Praveen JORDAN / Melati Daeva OKTAVIANTI,26.0,1937,JIANG Zhen Bang / WEI Ya Xin (7),7.0,2139
5/9/2023,Round 1,XD,TAN Kian Meng / LAI Pei Jing Rank 23 Elo 1815 (+40),25-23 / 21-15,GOH Soon Huat / LAI Shevon Jemie Rank 12 Elo 1909 (-35),41.0,https://badmintonranks.com/tournament?id=12750,7,China Open 2023,TAN Kian Meng / LAI Pei Jing,23.0,1815,GOH Soon Huat / LAI Shevon Jemie,12.0,1909
5/9/2023,Round 1,WD,CHEN Qi Ming / JIA Yi Fan (1) Rank 1 Elo 2419 (+2),21-18 / 21-11,Treesa JOLLY / GAYATRI GOPICHAND Rank 17 Elo 1914 (-3),46.0,https://badmintonranks.com/tournament?id=12750,8,China Open 2023,CHEN Qi Ming / JIA Yi Fan (1),1.0,2419,Treesa JOLLY / GAYATRI GOPICHAND,17.0,1914
5/9/2023,Round 1,WD,Paula Lynn OBANANA / Lauren LAM Rank 43 Elo 1588 (+0),W.O.,KIM So Yeong / KONG Hee Yong Rank 3 Elo 2291 (-0),0.0,https://badmintonranks.com/tournament?id=12750,8,China Open 2023,Paula Lynn OBANANA / Lauren LAM,43.0,1588,KIM So Yeong / KONG Hee Yong,3.0,2291
5/9/2023,Round 1,WS,TAI Tzu Ying (4) Rank 4 Elo 2520 (+2),21-13 / 21-17,PAI Yu Po Rank 23 Elo 1946 (-2),32.0,https://badmintonranks.com/tournament?id=12750,8,China Open 2023,TAI Tzu Ying (4),4.0,2520,PAI Yu Po,23.0,1946
5/9/2023,Round 1,WS,GAO Fang jie Rank 26 Elo 2104 (+17),21-13 / 21-14,Natsuki NIDAIRA Rank 31 Elo 1976 (-17),45.0,https://badmintonranks.com/tournament?id=12750,8,China Open 2023,GAO Fang jie,26.0,2104,Natsuki NIDAIRA,31.0,1976
5/9/2023,Round 1,WS,ZHANG Yi Man Rank 19 Elo 2128 (+30),21-18 / 21-14,Busanan ONGBAMRUNGPHAN Rank 15 Elo 2176 (-29),38.0,https://badmintonranks.com/tournament?id=12750,8,China Open 2023,ZHANG Yi Man,19.0,2128,Busanan ONGBAMRUNGPHAN,15.0,2176
5/9/2023,Round 1,MS,Shesar Hiren RHUSTAVITO Rank 45 Elo 2026 (+24),21-13 / 26-24,Priyanshu RAJAWAT Rank 28 Elo 1996 (-24),41.0,https://badmintonranks.com/tournament?id=12750,8,China Open 2023,Shesar Hiren RHUSTAVITO,45.0,2026,Priyanshu RAJAWAT,28.0,1996
5/9/2023,Round 1,MS,LOH Kean Yew (7) Rank 8 Elo 2147 (+19),21-14 / 21-17,Christo POPOV Rank 29 Elo 2065 (-20),47.0,https://badmintonranks.com/tournament?id=12750,8,China Open 2023,LOH Kean Yew (7),8.0,2147,Christo POPOV,29.0,2065
5/9/2023,Round 1,MS,NG Tze Yong Rank 22 Elo 2156 (+38),21-12 / 13-21 / 21-18,PRANNOY H. S. Rank 6 Elo 2349 (-38),66.0,https://badmintonranks.com/tournament?id=12750,8,China Open 2023,NG Tze Yong,22.0,2156,PRANNOY H. S.,6.0,2349
5/9/2023,Round 1,WS,NGUYEN Thuy Linh Rank 27 Elo 1941 (+48),21-15 / 21-14,Gregoria Mariska TUNJUNG (8) Rank 8 Elo 2300 (-45),32.0,https://badmintonranks.com/tournament?id=12750,8,China Open 2023,NGUYEN Thuy Linh,27.0,1941,Gregoria Mariska TUNJUNG (8),8.0,2300
5/9/2023,Round 1,XD,Rinov RIVALDY / Pitha Haningtyas MENTARI Rank 18 Elo 2043 (+6),21-19 / 16-21 / 21-19,CHANG Tak Ching / LEE Chih Chen Rank 28 Elo 1664 (-9),64.0,https://badmintonranks.com/tournament?id=12750,8,China Open 2023,Rinov RIVALDY / Pitha Haningtyas MENTARI,18.0,2043,CHANG Tak Ching / LEE Chih Chen,28.0,1664
5/9/2023,Round 1,WS,WANG Zhi Yi Rank 11 Elo 2242 (+12),21-17 / 21-19,YEO Jia Min Rank 22 Elo 2033 (-12),41.0,https://badmintonranks.com/tournament?id=12750,8,China Open 2023,WANG Zhi Yi,11.0,2242,YEO Jia Min,22.0,2033
5/9/2023,Round 1,XD,Dejan FERDINANSYAH / Gloria Emanuelle WIDJAJA Rank 16 Elo 1965 (+16),21-16 / 21-14,YANG Po Hsuan / HU Ling Fang Rank 31 Elo 1818 (-19),38.0,https://badmintonranks.com/tournament?id=12750,8,China Open 2023,Dejan FERDINANSYAH / Gloria Emanuelle WIDJAJA,16.0,1965,YANG Po Hsuan / HU Ling Fang,31.0,1818
5/9/2023,Round 1,XD,ZHENG Si Wei / HUANG Ya Qiong (1) Rank 1 Elo 2375 (+3),21-15 / 21-16,Mark LAMSFUSS / Isabel LOHAU Rank 25 Elo 1866 (-3),37.0,https://badmintonranks.com/tournament?id=12750,8,China Open 2023,ZHENG Si Wei / HUANG Ya Qiong (1),1.0,2375,Mark LAMSFUSS / Isabel LOHAU,25.0,1866
5/9/2023,Round 1,WS,HAN Yue Rank 9 Elo 2238 (+21),21-19 / 21-17,Pornpawee CHOCHUWONG Rank 12 Elo 2176 (-20),43.0,https://badmintonranks.com/tournament?id=12750,8,China Open 2023,HAN Yue,9.0,2238,Pornpawee CHOCHUWONG,12.0,2176
5/9/2023,Round 1,XD,Dechapol PUAVARANUKROH / Sapsiree TAERATTANACHAI (4) Rank 4 Elo 2217 (+4),21-14 / 21-8,Gregory MAIRS / Jenny MAINZER Rank 34 Elo 1770 (-5),32.0,https://badmintonranks.com/tournament?id=12750,8,China Open 2023,Dechapol PUAVARANUKROH / Sapsiree TAERATTANACHAI (4),4.0,2217,Gregory MAIRS / Jenny MAINZER,34.0,1770
