date,round,type,winner_raw,score,loser_raw,duration,tournament_url,page_number,tournament_name,winner_name,winner_rank,winner_elo,loser_name,loser_rank,loser_elo
8/6/2025,Final,MD,KIM Won Ho / SEO Seung Jae (5) Rank 6 Elo 2226 (+20),18-21 / 21-19 / 21-12,Sabar Karyaman GUTAMA / Moh Reza Pahlevi ISFAHANI (8) Rank 8 Elo 2123 (-20),63.0,https://badmintonranks.com/tournament?id=14466,1,Indonesia Open 2025,KIM Won Ho / SEO Seung Jae (5),6.0,2226,Sabar Karyaman GUTAMA / Moh Reza Pahlevi ISFAHANI (8),8.0,2123
8/6/2025,Final,MS,Anders ANTONSEN (3) Rank 3 Elo 2370 (+18),22-20 / 21-14,CHOU Tien Chen (6) Rank 7 Elo 2253 (-19),60.0,https://badmintonranks.com/tournament?id=14466,1,Indonesia Open 2025,Anders ANTONSEN (3),3.0,2370,CHOU Tien Chen (6),7.0,2253
8/6/2025,Final,WD,LIU Sheng Shu / TAN Ning (1) Rank 1 Elo 2368 (+14),23-25 / 21-12 / 21-19,Pearly TAN / THINAAH Muralitharan (4) Rank 4 Elo 2182 (-14),87.0,https://badmintonranks.com/tournament?id=14466,1,Indonesia Open 2025,LIU Sheng Shu / TAN Ning (1),1.0,2368,Pearly TAN / THINAAH Muralitharan (4),4.0,2182
8/6/2025,Final,WS,AN Se Young (1) Rank 1 Elo 2715 (+13),13-21 / 21-19 / 21-15,WANG Zhi Yi (2) Rank 2 Elo 2504 (-12),81.0,https://badmintonranks.com/tournament?id=14466,1,Indonesia Open 2025,AN Se Young (1),1.0,2715,WANG Zhi Yi (2),2.0,2504
8/6/2025,Final,XD,Thom GICQUEL / Delphine DELRUE Rank 10 Elo 2082 (+41),21-16 / 21-18,Dechapol PUAVARANUKROH / Supissara PACHARAMONGKOL (6) Rank 6 Elo 2256 (-41),48.0,https://badmintonranks.com/tournament?id=14466,1,Indonesia Open 2025,Thom GICQUEL / Delphine DELRUE,10.0,2082,Dechapol PUAVARANUKROH / Supissara PACHARAMONGKOL (6),6.0,2256
7/6/2025,Semi final,MD,KIM Won Ho / SEO Seung Jae (5) Rank 6 Elo 2207 (+19),21-18 / 19-21 / 23-21,Fajar ALFIAN / Muhammad Shohibul FIKRI (6) Rank 5 Elo 2099 (-19),79.0,https://badmintonranks.com/tournament?id=14466,1,Indonesia Open 2025,KIM Won Ho / SEO Seung Jae (5),6.0,2207,Fajar ALFIAN / Muhammad Shohibul FIKRI (6),5.0,2099
7/6/2025,Semi final,MD,Sabar Karyaman GUTAMA / Moh Reza Pahlevi ISFAHANI (8) Rank 8 Elo 2090 (+33),21-18 / 12-21 / 21-18,MAN Wei Chong / TEE Kai Wun (7) Rank 7 Elo 2156 (-33),60.0,https://badmintonranks.com/tournament?id=14466,1,Indonesia Open 2025,Sabar Karyaman GUTAMA / Moh Reza Pahlevi ISFAHANI (8),8.0,2090,MAN Wei Chong / TEE Kai Wun (7),7.0,2156
7/6/2025,Semi final,MS,Anders ANTONSEN (3) Rank 3 Elo 2331 (+39),9-21 / 21-18 / 21-19,SHI Yu Qi (1) Rank 2 Elo 2492 (-38),69.0,https://badmintonranks.com/tournament?id=14466,1,Indonesia Open 2025,Anders ANTONSEN (3),3.0,2331,SHI Yu Qi (1),2.0,2492
7/6/2025,Semi final,WD,LIU Sheng Shu / TAN Ning (1) Rank 1 Elo 2353 (+15),21-19 / 21-18,BAEK Ha Na / LEE So Hee (3) Rank 3 Elo 2181 (-15),59.0,https://badmintonranks.com/tournament?id=14466,1,Indonesia Open 2025,LIU Sheng Shu / TAN Ning (1),1.0,2353,BAEK Ha Na / LEE So Hee (3),3.0,2181
7/6/2025,Semi final,MS,CHOU Tien Chen (6) Rank 7 Elo 2206 (+47),21-16 / 23-21,Kunlavut VITIDSARN (2) Rank 1 Elo 2515 (-46),59.0,https://badmintonranks.com/tournament?id=14466,1,Indonesia Open 2025,CHOU Tien Chen (6),7.0,2206,Kunlavut VITIDSARN (2),1.0,2515
7/6/2025,Semi final,WD,Pearly TAN / THINAAH Muralitharan (4) Rank 4 Elo 2161 (+21),12-21 / 21-17 / 21-11,LI Yi jing / LUO Xu Min (5) Rank 6 Elo 2082 (-22),64.0,https://badmintonranks.com/tournament?id=14466,1,Indonesia Open 2025,Pearly TAN / THINAAH Muralitharan (4),4.0,2161,LI Yi jing / LUO Xu Min (5),6.0,2082
7/6/2025,Semi final,WS,WANG Zhi Yi (2) Rank 2 Elo 2487 (+17),21-12 / 21-13,HAN Yue (4) Rank 4 Elo 2361 (-18),39.0,https://badmintonranks.com/tournament?id=14466,1,Indonesia Open 2025,WANG Zhi Yi (2),2.0,2487,HAN Yue (4),4.0,2361
7/6/2025,Semi final,XD,Thom GICQUEL / Delphine DELRUE Rank 10 Elo 2053 (+29),17-21 / 21-14 / 21-12,CHENG Chi Ya / ZHANG Chi Rank 11 Elo 2069 (-29),64.0,https://badmintonranks.com/tournament?id=14466,1,Indonesia Open 2025,Thom GICQUEL / Delphine DELRUE,10.0,2053,CHENG Chi Ya / ZHANG Chi,11.0,2069
7/6/2025,Semi final,WS,AN Se Young (1) Rank 1 Elo 2708 (+7),21-18 / 21-17,Akane YAMAGUCHI (3) Rank 3 Elo 2396 (-8),51.0,https://badmintonranks.com/tournament?id=14466,1,Indonesia Open 2025,AN Se Young (1),1.0,2708,Akane YAMAGUCHI (3),3.0,2396
7/6/2025,Semi final,XD,Dechapol PUAVARANUKROH / Supissara PACHARAMONGKOL (6) Rank 6 Elo 2237 (+19),21-23 / 21-15 / 21-11,CHEN Tang Jie / TOH Ee Wei (2) Rank 4 Elo 2122 (-19),65.0,https://badmintonranks.com/tournament?id=14466,1,Indonesia Open 2025,Dechapol PUAVARANUKROH / Supissara PACHARAMONGKOL (6),6.0,2237,CHEN Tang Jie / TOH Ee Wei (2),4.0,2122
6/6/2025,Quarter final,MD,KIM Won Ho / SEO Seung Jae (5) Rank 6 Elo 2187 (+20),21-19 / 21-9,Takuro HOKI / Yugo KOBAYASHI Rank 19 Elo 2104 (-21),36.0,https://badmintonranks.com/tournament?id=14466,1,Indonesia Open 2025,KIM Won Ho / SEO Seung Jae (5),6.0,2187,Takuro HOKI / Yugo KOBAYASHI,19.0,2104
6/6/2025,Quarter final,MS,SHI Yu Qi (1) Rank 2 Elo 2489 (+3),21-13 / 21-6,WANG Zheng Xing Rank 30 Elo 2045 (-4),31.0,https://badmintonranks.com/tournament?id=14466,1,Indonesia Open 2025,SHI Yu Qi (1),2.0,2489,WANG Zheng Xing,30.0,2045
6/6/2025,Quarter final,MS,Anders ANTONSEN (3) Rank 3 Elo 2315 (+16),23-21 / 21-9,LEE Cheuk Yiu Rank 21 Elo 2182 (-17),46.0,https://badmintonranks.com/tournament?id=14466,1,Indonesia Open 2025,Anders ANTONSEN (3),3.0,2315,LEE Cheuk Yiu,21.0,2182
6/6/2025,Quarter final,MD,Sabar Karyaman GUTAMA / Moh Reza Pahlevi ISFAHANI (8) Rank 8 Elo 2056 (+34),21-19 / 9-21 / 21-19,GOH Sze Fei / Nur IZZUDDIN (1) Rank 1 Elo 2145 (-33),57.0,https://badmintonranks.com/tournament?id=14466,1,Indonesia Open 2025,Sabar Karyaman GUTAMA / Moh Reza Pahlevi ISFAHANI (8),8.0,2056,GOH Sze Fei / Nur IZZUDDIN (1),1.0,2145
6/6/2025,Quarter final,MD,Fajar ALFIAN / Muhammad Shohibul FIKRI (6) Rank 5 Elo 2085 (+14),21-19 / 23-21,HUANG Di / LIU Yang Rank 24 Elo 1918 (-16),52.0,https://badmintonranks.com/tournament?id=14466,1,Indonesia Open 2025,Fajar ALFIAN / Muhammad Shohibul FIKRI (6),5.0,2085,HUANG Di / LIU Yang,24.0,1918
6/6/2025,Quarter final,MS,Kunlavut VITIDSARN (2) Rank 1 Elo 2500 (+15),21-12 / 21-16,Alex LANIER (8) Rank 8 Elo 2327 (-14),49.0,https://badmintonranks.com/tournament?id=14466,2,Indonesia Open 2025,Kunlavut VITIDSARN (2),1.0,2500,Alex LANIER (8),8.0,2327
6/6/2025,Quarter final,MS,CHOU Tien Chen (6) Rank 7 Elo 2168 (+38),14-21 / 21-13 / 21-17,LI Shi Feng (4) Rank 4 Elo 2340 (-38),70.0,https://badmintonranks.com/tournament?id=14466,2,Indonesia Open 2025,CHOU Tien Chen (6),7.0,2168,LI Shi Feng (4),4.0,2340
6/6/2025,Quarter final,WD,Pearly TAN / THINAAH Muralitharan (4) Rank 4 Elo 2133 (+28),21-6 / 21-18,Rin IWANAGA / Kie NAKANISHI (6) Rank 5 Elo 2152 (-28),37.0,https://badmintonranks.com/tournament?id=14466,2,Indonesia Open 2025,Pearly TAN / THINAAH Muralitharan (4),4.0,2133,Rin IWANAGA / Kie NAKANISHI (6),5.0,2152
6/6/2025,Quarter final,MD,MAN Wei Chong / TEE Kai Wun (7) Rank 7 Elo 2125 (+31),21-19 / 21-16,Satwiksairaj RANKIREDDY / Chirag SHETTY Rank 22 Elo 2183 (-31),43.0,https://badmintonranks.com/tournament?id=14466,2,Indonesia Open 2025,MAN Wei Chong / TEE Kai Wun (7),7.0,2125,Satwiksairaj RANKIREDDY / Chirag SHETTY,22.0,2183
6/6/2025,Quarter final,WS,WANG Zhi Yi (2) Rank 2 Elo 2475 (+12),21-18 / 23-21,GAO Fang jie Rank 14 Elo 2251 (-12),52.0,https://badmintonranks.com/tournament?id=14466,2,Indonesia Open 2025,WANG Zhi Yi (2),2.0,2475,GAO Fang jie,14.0,2251
6/6/2025,Quarter final,WD,LIU Sheng Shu / TAN Ning (1) Rank 1 Elo 2335 (+18),21-18 / 21-10,KIM Hye Rin / KONG Hee Yong (7) Rank 7 Elo 2216 (-17),45.0,https://badmintonranks.com/tournament?id=14466,2,Indonesia Open 2025,LIU Sheng Shu / TAN Ning (1),1.0,2335,KIM Hye Rin / KONG Hee Yong (7),7.0,2216
6/6/2025,Quarter final,WD,LI Yi jing / LUO Xu Min (5) Rank 6 Elo 2047 (+35),21-9 / 21-19,Yuki FUKUSHIMA / Mayu MATSUMOTO Rank 9 Elo 2149 (-34),40.0,https://badmintonranks.com/tournament?id=14466,2,Indonesia Open 2025,LI Yi jing / LUO Xu Min (5),6.0,2047,Yuki FUKUSHIMA / Mayu MATSUMOTO,9.0,2149
6/6/2025,Quarter final,WD,BAEK Ha Na / LEE So Hee (3) Rank 3 Elo 2168 (+13),18-21 / 21-16 / 21-7,Febriana Dwipuji KUSUMA / Amallia Cahaya PRATIWI (8) Rank 10 Elo 1972 (-14),67.0,https://badmintonranks.com/tournament?id=14466,2,Indonesia Open 2025,BAEK Ha Na / LEE So Hee (3),3.0,2168,Febriana Dwipuji KUSUMA / Amallia Cahaya PRATIWI (8),10.0,1972
6/6/2025,Quarter final,WS,HAN Yue (4) Rank 4 Elo 2361 (+0),W.O.,CHEN Yu Fei (5) Rank 5 Elo 2659 (-3),0.0,https://badmintonranks.com/tournament?id=14466,2,Indonesia Open 2025,HAN Yue (4),4.0,2361,CHEN Yu Fei (5),5.0,2659
6/6/2025,Quarter final,XD,CHENG Chi Ya / ZHANG Chi Rank 11 Elo 2041 (+28),21-19 / 21-13,Hiroki MIDORIKAWA / Natsu SAITO (7) Rank 9 Elo 2055 (-29),42.0,https://badmintonranks.com/tournament?id=14466,2,Indonesia Open 2025,CHENG Chi Ya / ZHANG Chi,11.0,2041,Hiroki MIDORIKAWA / Natsu SAITO (7),9.0,2055
6/6/2025,Quarter final,XD,Thom GICQUEL / Delphine DELRUE Rank 10 Elo 2038 (+15),21-11 / 23-21,Adnan MAULANA / Indah Cahya Sari JAMIL Rank 32 Elo 1874 (-17),43.0,https://badmintonranks.com/tournament?id=14466,2,Indonesia Open 2025,Thom GICQUEL / Delphine DELRUE,10.0,2038,Adnan MAULANA / Indah Cahya Sari JAMIL,32.0,1874
6/6/2025,Quarter final,WS,Akane YAMAGUCHI (3) Rank 3 Elo 2382 (+14),21-19 / 22-20,Putri Kusuma WARDANI Rank 12 Elo 2197 (-14),51.0,https://badmintonranks.com/tournament?id=14466,2,Indonesia Open 2025,Akane YAMAGUCHI (3),3.0,2382,Putri Kusuma WARDANI,12.0,2197
6/6/2025,Quarter final,XD,Dechapol PUAVARANUKROH / Supissara PACHARAMONGKOL (6) Rank 6 Elo 2223 (+14),21-16 / 21-12,GOH Soon Huat / LAI Shevon Jemie (3) Rank 5 Elo 2055 (-15),34.0,https://badmintonranks.com/tournament?id=14466,2,Indonesia Open 2025,Dechapol PUAVARANUKROH / Supissara PACHARAMONGKOL (6),6.0,2223,GOH Soon Huat / LAI Shevon Jemie (3),5.0,2055
6/6/2025,Quarter final,WS,AN Se Young (1) Rank 1 Elo 2703 (+5),21-11 / 21-10,Pornpawee CHOCHUWONG (6) Rank 8 Elo 2302 (-5),38.0,https://badmintonranks.com/tournament?id=14466,2,Indonesia Open 2025,AN Se Young (1),1.0,2703,Pornpawee CHOCHUWONG (6),8.0,2302
6/6/2025,Quarter final,XD,CHEN Tang Jie / TOH Ee Wei (2) Rank 4 Elo 2099 (+23),17-21 / 21-16 / 21-14,Jesper TOFT / Amalie MAGELUND (5) Rank 8 Elo 2043 (-23),54.0,https://badmintonranks.com/tournament?id=14466,2,Indonesia Open 2025,CHEN Tang Jie / TOH Ee Wei (2),4.0,2099,Jesper TOFT / Amalie MAGELUND (5),8.0,2043
5/6/2025,Round 2,MS,LI Shi Feng (4) Rank 4 Elo 2327 (+13),21-18 / 21-18,LEONG Jun Hao Rank 25 Elo 2155 (-14),54.0,https://badmintonranks.com/tournament?id=14466,2,Indonesia Open 2025,LI Shi Feng (4),4.0,2327,LEONG Jun Hao,25.0,2155
5/6/2025,Round 2,WS,GAO Fang jie Rank 14 Elo 2229 (+22),19-21 / 21-19 / 21-10,Tomoka MIYAZAKI (7) Rank 7 Elo 2180 (-22),68.0,https://badmintonranks.com/tournament?id=14466,2,Indonesia Open 2025,GAO Fang jie,14.0,2229,Tomoka MIYAZAKI (7),7.0,2180
5/6/2025,Round 2,WD,Rin IWANAGA / Kie NAKANISHI (6) Rank 5 Elo 2149 (+3),21-15 / 21-16,ONG Xin Yee / Carmen TING Rank 47 Elo 1659 (-5),42.0,https://badmintonranks.com/tournament?id=14466,2,Indonesia Open 2025,Rin IWANAGA / Kie NAKANISHI (6),5.0,2149,ONG Xin Yee / Carmen TING,47.0,1659
5/6/2025,Round 2,MS,CHOU Tien Chen (6) Rank 7 Elo 2139 (+29),21-18 / 9-21 / 21-17,Christo POPOV Rank 20 Elo 2185 (-29),70.0,https://badmintonranks.com/tournament?id=14466,2,Indonesia Open 2025,CHOU Tien Chen (6),7.0,2139,Christo POPOV,20.0,2185
5/6/2025,Round 2,WS,WANG Zhi Yi (2) Rank 2 Elo 2473 (+2),21-13 / 19-21 / 21-14,Kirsty GILMOUR Rank 28 Elo 1952 (-2),60.0,https://badmintonranks.com/tournament?id=14466,2,Indonesia Open 2025,WANG Zhi Yi (2),2.0,2473,Kirsty GILMOUR,28.0,1952
5/6/2025,Round 2,MD,Fajar ALFIAN / Muhammad Shohibul FIKRI (6) Rank 5 Elo 2061 (+24),21-18 / 21-12,CHEN Bo Yang / LIU Yi Rank 13 Elo 2031 (-24),45.0,https://badmintonranks.com/tournament?id=14466,3,Indonesia Open 2025,Fajar ALFIAN / Muhammad Shohibul FIKRI (6),5.0,2061,CHEN Bo Yang / LIU Yi,13.0,2031
5/6/2025,Round 2,MD,GOH Sze Fei / Nur IZZUDDIN (1) Rank 1 Elo 2138 (+7),21-14 / 16-21 / 21-14,Nur Mohd Azriyn Ayub / TAN Wee Kiong Rank 28 Elo 1801 (-8),54.0,https://badmintonranks.com/tournament?id=14466,3,Indonesia Open 2025,GOH Sze Fei / Nur IZZUDDIN (1),1.0,2138,Nur Mohd Azriyn Ayub / TAN Wee Kiong,28.0,1801
5/6/2025,Round 2,MD,HUANG Di / LIU Yang Rank 24 Elo 1869 (+49),21-17 / 13-21 / 21-16,LIANG Wei Keng / WANG Chang (4) Rank 4 Elo 2148 (-42),59.0,https://badmintonranks.com/tournament?id=14466,3,Indonesia Open 2025,HUANG Di / LIU Yang,24.0,1869,LIANG Wei Keng / WANG Chang (4),4.0,2148
5/6/2025,Round 2,WD,LIU Sheng Shu / TAN Ning (1) Rank 1 Elo 2331 (+4),21-10 / 22-20,HSIEH Pei Lan / HUNG En-Tzu Rank 13 Elo 1918 (-5),40.0,https://badmintonranks.com/tournament?id=14466,3,Indonesia Open 2025,LIU Sheng Shu / TAN Ning (1),1.0,2331,HSIEH Pei Lan / HUNG En-Tzu,13.0,1918
5/6/2025,Round 2,WD,KIM Hye Rin / KONG Hee Yong (7) Rank 7 Elo 2192 (+24),24-22 / 21-18,JIA Yi Fan / ZHANG Shu Xian Rank 8 Elo 2183 (-25),49.0,https://badmintonranks.com/tournament?id=14466,3,Indonesia Open 2025,KIM Hye Rin / KONG Hee Yong (7),7.0,2192,JIA Yi Fan / ZHANG Shu Xian,8.0,2183
5/6/2025,Round 2,MD,KIM Won Ho / SEO Seung Jae (5) Rank 6 Elo 2180 (+7),17-21 / 21-11 / 21-19,Takumi NOMURA / Yuichi SHIMABUKURO Rank 35 Elo 1844 (-8),55.0,https://badmintonranks.com/tournament?id=14466,3,Indonesia Open 2025,KIM Won Ho / SEO Seung Jae (5),6.0,2180,Takumi NOMURA / Yuichi SHIMABUKURO,35.0,1844
5/6/2025,Round 2,MD,Sabar Karyaman GUTAMA / Moh Reza Pahlevi ISFAHANI (8) Rank 8 Elo 2030 (+26),21-13 / 21-9,Dechapol PUAVARANUKROH / Kittinupong KEDREN Rank 14 Elo 2031 (-26),32.0,https://badmintonranks.com/tournament?id=14466,3,Indonesia Open 2025,Sabar Karyaman GUTAMA / Moh Reza Pahlevi ISFAHANI (8),8.0,2030,Dechapol PUAVARANUKROH / Kittinupong KEDREN,14.0,2031
5/6/2025,Round 2,MD,MAN Wei Chong / TEE Kai Wun (7) Rank 7 Elo 2113 (+12),14-21 / 21-11 / 21-15,Junaidi ARIFFIN / YAP Roy King Rank 23 Elo 1899 (-13),48.0,https://badmintonranks.com/tournament?id=14466,3,Indonesia Open 2025,MAN Wei Chong / TEE Kai Wun (7),7.0,2113,Junaidi ARIFFIN / YAP Roy King,23.0,1899
5/6/2025,Round 2,MD,Satwiksairaj RANKIREDDY / Chirag SHETTY Rank 22 Elo 2171 (+12),16-21 / 21-18 / 22-20,Rasmus KJÆR / Frederik SØGAARD Rank 16 Elo 1969 (-13),68.0,https://badmintonranks.com/tournament?id=14466,3,Indonesia Open 2025,Satwiksairaj RANKIREDDY / Chirag SHETTY,22.0,2171,Rasmus KJÆR / Frederik SØGAARD,16.0,1969
5/6/2025,Round 2,WD,Pearly TAN / THINAAH Muralitharan (4) Rank 4 Elo 2116 (+17),18-21 / 21-16 / 21-17,Lanny Tria MAYASARI / Siti Fadia Silva RAMADHANTI Rank 20 Elo 1997 (-18),59.0,https://badmintonranks.com/tournament?id=14466,3,Indonesia Open 2025,Pearly TAN / THINAAH Muralitharan (4),4.0,2116,Lanny Tria MAYASARI / Siti Fadia Silva RAMADHANTI,20.0,1997
5/6/2025,Round 2,WD,LI Yi jing / LUO Xu Min (5) Rank 6 Elo 2034 (+13),21-7 / 21-16,YEUNG .. / YEUNG Pak Hon Rank 14 Elo 1836 (-15),35.0,https://badmintonranks.com/tournament?id=14466,3,Indonesia Open 2025,LI Yi jing / LUO Xu Min (5),6.0,2034,YEUNG .. / YEUNG Pak Hon,14.0,1836
5/6/2025,Round 2,MD,Takuro HOKI / Yugo KOBAYASHI Rank 19 Elo 2075 (+29),29-27 / 21-11,Kim ASTRUP / Anders Skaarup RASMUSSEN (2) Rank 2 Elo 2112 (-28),46.0,https://badmintonranks.com/tournament?id=14466,3,Indonesia Open 2025,Takuro HOKI / Yugo KOBAYASHI,19.0,2075,Kim ASTRUP / Anders Skaarup RASMUSSEN (2),2.0,2112
5/6/2025,Round 2,MS,Anders ANTONSEN (3) Rank 3 Elo 2301 (+14),21-16 / 18-21 / 21-14,Alwi FARHAN Rank 29 Elo 2128 (-14),77.0,https://badmintonranks.com/tournament?id=14466,3,Indonesia Open 2025,Anders ANTONSEN (3),3.0,2301,Alwi FARHAN,29.0,2128
5/6/2025,Round 2,WD,Febriana Dwipuji KUSUMA / Amallia Cahaya PRATIWI (8) Rank 10 Elo 1961 (+11),15-21 / 21-12 / 21-9,Siti Sarah AZZAHRA / Agnia Sri RAHAYU Rank 46 Elo 1724 (-16),58.0,https://badmintonranks.com/tournament?id=14466,3,Indonesia Open 2025,Febriana Dwipuji KUSUMA / Amallia Cahaya PRATIWI (8),10.0,1961,Siti Sarah AZZAHRA / Agnia Sri RAHAYU,46.0,1724
5/6/2025,Round 2,MS,LEE Cheuk Yiu Rank 21 Elo 2144 (+38),12-21 / 21-12 / 21-10,Jonatan CHRISTIE (5) Rank 5 Elo 2323 (-37),58.0,https://badmintonranks.com/tournament?id=14466,3,Indonesia Open 2025,LEE Cheuk Yiu,21.0,2144,Jonatan CHRISTIE (5),5.0,2323
5/6/2025,Round 2,MS,Alex LANIER (8) Rank 8 Elo 2303 (+24),16-21 / 21-14 / 21-8,LOH Kean Yew Rank 10 Elo 2283 (-24),57.0,https://badmintonranks.com/tournament?id=14466,3,Indonesia Open 2025,Alex LANIER (8),8.0,2303,LOH Kean Yew,10.0,2283
5/6/2025,Round 2,MS,WANG Zheng Xing Rank 30 Elo 2014 (+31),21-19 / 21-5,Rasmus GEMKE Rank 28 Elo 2068 (-30),38.0,https://badmintonranks.com/tournament?id=14466,3,Indonesia Open 2025,WANG Zheng Xing,30.0,2014,Rasmus GEMKE,28.0,2068
5/6/2025,Round 2,XD,CHEN Tang Jie / TOH Ee Wei (2) Rank 4 Elo 2090 (+9),21-9 / 21-12,Mads VESTERGAARD / Christine BUSCH Rank 23 Elo 1821 (-11),31.0,https://badmintonranks.com/tournament?id=14466,3,Indonesia Open 2025,CHEN Tang Jie / TOH Ee Wei (2),4.0,2090,Mads VESTERGAARD / Christine BUSCH,23.0,1821
5/6/2025,Round 2,WD,Yuki FUKUSHIMA / Mayu MATSUMOTO Rank 9 Elo 2136 (+13),21-13 / 24-22,Treesa JOLLY / GAYATRI GOPICHAND Rank 12 Elo 1948 (-14),46.0,https://badmintonranks.com/tournament?id=14466,3,Indonesia Open 2025,Yuki FUKUSHIMA / Mayu MATSUMOTO,9.0,2136,Treesa JOLLY / GAYATRI GOPICHAND,12.0,1948
5/6/2025,Round 2,WS,HAN Yue (4) Rank 4 Elo 2356 (+5),21-9 / 21-9,LIN Hsiang Ti Rank 29 Elo 1953 (-5),30.0,https://badmintonranks.com/tournament?id=14466,3,Indonesia Open 2025,HAN Yue (4),4.0,2356,LIN Hsiang Ti,29.0,1953
5/6/2025,Round 2,WD,BAEK Ha Na / LEE So Hee (3) Rank 3 Elo 2160 (+8),16-21 / 21-16 / 21-14,Apriyani RAHAYU / Febi SETIANINGRUM Rank 125 Elo 1859 (-9),98.0,https://badmintonranks.com/tournament?id=14466,4,Indonesia Open 2025,BAEK Ha Na / LEE So Hee (3),3.0,2160,Apriyani RAHAYU / Febi SETIANINGRUM,125.0,1859
5/6/2025,Round 2,XD,CHENG Chi Ya / ZHANG Chi Rank 11 Elo 2008 (+33),21-18 / 21-15,FENG Yan Zhe / WEI Ya Xin Rank 48 Elo 2091 (-31),32.0,https://badmintonranks.com/tournament?id=14466,4,Indonesia Open 2025,CHENG Chi Ya / ZHANG Chi,11.0,2008,FENG Yan Zhe / WEI Ya Xin,48.0,2091
5/6/2025,Round 2,WS,Pornpawee CHOCHUWONG (6) Rank 8 Elo 2291 (+11),20-22 / 21-10 / 21-18,PUSARLA V. Sindhu Rank 21 Elo 2072 (-11),78.0,https://badmintonranks.com/tournament?id=14466,4,Indonesia Open 2025,Pornpawee CHOCHUWONG (6),8.0,2291,PUSARLA V. Sindhu,21.0,2072
5/6/2025,Round 2,XD,Jesper TOFT / Amalie MAGELUND (5) Rank 8 Elo 2030 (+13),22-20 / 25-23,Yuichi SHIMABUKURO / Sayaka HIROTA Rank 24 Elo 1835 (-15),49.0,https://badmintonranks.com/tournament?id=14466,4,Indonesia Open 2025,Jesper TOFT / Amalie MAGELUND (5),8.0,2030,Yuichi SHIMABUKURO / Sayaka HIROTA,24.0,1835
5/6/2025,Round 2,MS,SHI Yu Qi (1) Rank 2 Elo 2485 (+4),21-14 / 21-7,Yushi TANAKA Rank 22 Elo 2055 (-4),36.0,https://badmintonranks.com/tournament?id=14466,4,Indonesia Open 2025,SHI Yu Qi (1),2.0,2485,Yushi TANAKA,22.0,2055
5/6/2025,Round 2,WS,Putri Kusuma WARDANI Rank 12 Elo 2175 (+22),17-21 / 21-9 / 21-8,Supanida KATETHONG (8) Rank 9 Elo 2121 (-22),68.0,https://badmintonranks.com/tournament?id=14466,4,Indonesia Open 2025,Putri Kusuma WARDANI,12.0,2175,Supanida KATETHONG (8),9.0,2121
5/6/2025,Round 2,XD,GOH Soon Huat / LAI Shevon Jemie (3) Rank 5 Elo 2038 (+17),21-12 / 21-17,Amri SYAHNAWI / Nita Violina MARWAH Rank 25 Elo 1904 (-18),33.0,https://badmintonranks.com/tournament?id=14466,4,Indonesia Open 2025,GOH Soon Huat / LAI Shevon Jemie (3),5.0,2038,Amri SYAHNAWI / Nita Violina MARWAH,25.0,1904
5/6/2025,Round 2,MS,Kunlavut VITIDSARN (2) Rank 1 Elo 2495 (+5),21-10 / 21-17,LEE Chia Hao Rank 19 Elo 2131 (-6),41.0,https://badmintonranks.com/tournament?id=14466,4,Indonesia Open 2025,Kunlavut VITIDSARN (2),1.0,2495,LEE Chia Hao,19.0,2131
5/6/2025,Round 2,XD,Hiroki MIDORIKAWA / Natsu SAITO (7) Rank 9 Elo 2032 (+23),23-21 / 14-21 / 22-20,Jafar HIDAYATULLAH / Felisha Alberta SI Rank 15 Elo 1987 (-23),74.0,https://badmintonranks.com/tournament?id=14466,4,Indonesia Open 2025,Hiroki MIDORIKAWA / Natsu SAITO (7),9.0,2032,Jafar HIDAYATULLAH / Felisha Alberta SI,15.0,1987
5/6/2025,Round 2,XD,Thom GICQUEL / Delphine DELRUE Rank 10 Elo 2022 (+16),21-19 / 21-18,Ruttanapon KETSAOPAR / Jhenicha SUDJAIPRAPARAT Rank 18 Elo 1871 (-18),51.0,https://badmintonranks.com/tournament?id=14466,4,Indonesia Open 2025,Thom GICQUEL / Delphine DELRUE,10.0,2022,Ruttanapon KETSAOPAR / Jhenicha SUDJAIPRAPARAT,18.0,1871
5/6/2025,Round 2,WS,CHEN Yu Fei (5) Rank 5 Elo 2657 (+2),21-9 / 21-14,Natsuki NIDAIRA Rank 17 Elo 2094 (-2),42.0,https://badmintonranks.com/tournament?id=14466,4,Indonesia Open 2025,CHEN Yu Fei (5),5.0,2657,Natsuki NIDAIRA,17.0,2094
5/6/2025,Round 2,WS,AN Se Young (1) Rank 1 Elo 2700 (+3),21-7 / 21-11,KIM Ga Eun Rank 22 Elo 2193 (-3),34.0,https://badmintonranks.com/tournament?id=14466,4,Indonesia Open 2025,AN Se Young (1),1.0,2700,KIM Ga Eun,22.0,2193
5/6/2025,Round 2,XD,Dechapol PUAVARANUKROH / Supissara PACHARAMONGKOL (6) Rank 6 Elo 2220 (+3),21-7 / 21-12,Sathish Kumar KARUNAKARAN / Aadya VARIYATH Rank 37 Elo 1731 (-4),25.0,https://badmintonranks.com/tournament?id=14466,4,Indonesia Open 2025,Dechapol PUAVARANUKROH / Supissara PACHARAMONGKOL (6),6.0,2220,Sathish Kumar KARUNAKARAN / Aadya VARIYATH,37.0,1731
5/6/2025,Round 2,XD,Adnan MAULANA / Indah Cahya Sari JAMIL Rank 32 Elo 1857 (+17),21-19 / 21-11,HEE Yong KWON / JIN Yu Jia Rank 27 Elo 1695 (-24),35.0,https://badmintonranks.com/tournament?id=14466,4,Indonesia Open 2025,Adnan MAULANA / Indah Cahya Sari JAMIL,32.0,1857,HEE Yong KWON / JIN Yu Jia,27.0,1695
5/6/2025,Round 2,WS,Akane YAMAGUCHI (3) Rank 3 Elo 2379 (+3),21-12 / 21-17,SUNG Shuo Yun Rank 20 Elo 1920 (-3),39.0,https://badmintonranks.com/tournament?id=14466,4,Indonesia Open 2025,Akane YAMAGUCHI (3),3.0,2379,SUNG Shuo Yun,20.0,1920
4/6/2025,Round 1,MS,LI Shi Feng (4) Rank 4 Elo 2323 (+4),21-15 / 21-14,Brian YANG Rank 34 Elo 1867 (-4),50.0,https://badmintonranks.com/tournament?id=14466,4,Indonesia Open 2025,LI Shi Feng (4),4.0,2323,Brian YANG,34.0,1867
4/6/2025,Round 1,MS,LEONG Jun Hao Rank 25 Elo 2143 (+12),21-13 / 21-12,Chico Aura DWI WARDOYO Rank 44 Elo 1942 (-13),40.0,https://badmintonranks.com/tournament?id=14466,4,Indonesia Open 2025,LEONG Jun Hao,25.0,2143,Chico Aura DWI WARDOYO,44.0,1942
4/6/2025,Round 1,MD,KIM Won Ho / SEO Seung Jae (5) Rank 6 Elo 2177 (+3),21-15 / 21-11,CHEN Zhi Xian / LIN Yu Chieh Rank 36 Elo 1734 (-6),31.0,https://badmintonranks.com/tournament?id=14466,4,Indonesia Open 2025,KIM Won Ho / SEO Seung Jae (5),6.0,2177,CHEN Zhi Xian / LIN Yu Chieh,36.0,1734
4/6/2025,Round 1,MD,Takumi NOMURA / Yuichi SHIMABUKURO Rank 35 Elo 1811 (+33),11-21 / 21-17 / 23-21,Kenya MITSUI / Hiroki OKAMURA Rank 25 Elo 1821 (-32),59.0,https://badmintonranks.com/tournament?id=14466,4,Indonesia Open 2025,Takumi NOMURA / Yuichi SHIMABUKURO,35.0,1811,Kenya MITSUI / Hiroki OKAMURA,25.0,1821
4/6/2025,Round 1,WS,Kirsty GILMOUR Rank 28 Elo 1930 (+22),22-20 / 21-16,GOH Jin Wei Rank 49 Elo 1865 (-24),37.0,https://badmintonranks.com/tournament?id=14466,4,Indonesia Open 2025,Kirsty GILMOUR,28.0,1930,GOH Jin Wei,49.0,1865
4/6/2025,Round 1,MD,Rasmus KJÆR / Frederik SØGAARD Rank 16 Elo 1921 (+48),21-13 / 19-21 / 21-18,Aaron CHIA / SOH Wooi Yik (3) Rank 3 Elo 2263 (-44),59.0,https://badmintonranks.com/tournament?id=14466,5,Indonesia Open 2025,Rasmus KJÆR / Frederik SØGAARD,16.0,1921,Aaron CHIA / SOH Wooi Yik (3),3.0,2263
4/6/2025,Round 1,WD,Treesa JOLLY / GAYATRI GOPICHAND Rank 12 Elo 1942 (+6),21-14 / 22-20,Polina BUHROVA / Yevheniia KANTEMYR Rank 19 Elo 1590 (-14),34.0,https://badmintonranks.com/tournament?id=14466,5,Indonesia Open 2025,Treesa JOLLY / GAYATRI GOPICHAND,12.0,1942,Polina BUHROVA / Yevheniia KANTEMYR,19.0,1590
4/6/2025,Round 1,WD,LI Yi jing / LUO Xu Min (5) Rank 6 Elo 2022 (+12),21-6 / 21-12,TENG Chun Hsun / YANG Ching Tun Rank 32 Elo 1805 (-15),34.0,https://badmintonranks.com/tournament?id=14466,5,Indonesia Open 2025,LI Yi jing / LUO Xu Min (5),6.0,2022,TENG Chun Hsun / YANG Ching Tun,32.0,1805
4/6/2025,Round 1,WD,KIM Hye Rin / KONG Hee Yong (7) Rank 7 Elo 2184 (+8),21-11 / 15-21 / 21-19,Lauren LAM / Allison Qu.. Rank 64 Elo 1876 (-8),71.0,https://badmintonranks.com/tournament?id=14466,5,Indonesia Open 2025,KIM Hye Rin / KONG Hee Yong (7),7.0,2184,Lauren LAM / Allison Qu..,64.0,1876
4/6/2025,Round 1,WS,WANG Zhi Yi (2) Rank 2 Elo 2469 (+4),21-11 / 21-13,HSU Wen Chi Rank 25 Elo 2027 (-4),36.0,https://badmintonranks.com/tournament?id=14466,5,Indonesia Open 2025,WANG Zhi Yi (2),2.0,2469,HSU Wen Chi,25.0,2027
4/6/2025,Round 1,WD,Pearly TAN / THINAAH Muralitharan (4) Rank 4 Elo 2112 (+4),21-16 / 21-17,SUNG Shuo Yun / YU Chien Hui Rank 15 Elo 1669 (-7),42.0,https://badmintonranks.com/tournament?id=14466,5,Indonesia Open 2025,Pearly TAN / THINAAH Muralitharan (4),4.0,2112,SUNG Shuo Yun / YU Chien Hui,15.0,1669
4/6/2025,Round 1,MD,CHEN Bo Yang / LIU Yi Rank 13 Elo 2015 (+16),21-17 / 22-20,Hiroki MIDORIKAWA / Kyohei YAMASHITA Rank 30 Elo 1875 (-18),42.0,https://badmintonranks.com/tournament?id=14466,5,Indonesia Open 2025,CHEN Bo Yang / LIU Yi,13.0,2015,Hiroki MIDORIKAWA / Kyohei YAMASHITA,30.0,1875
4/6/2025,Round 1,WD,ONG Xin Yee / Carmen TING Rank 47 Elo 1584 (+75),10-21 / 21-14 / 21-17,Isyana Syahira MEIDA / Rinjani Kwinara NASTINE Rank 59 Elo 1687 (-54),54.0,https://badmintonranks.com/tournament?id=14466,5,Indonesia Open 2025,ONG Xin Yee / Carmen TING,47.0,1584,Isyana Syahira MEIDA / Rinjani Kwinara NASTINE,59.0,1687
4/6/2025,Round 1,MD,Dechapol PUAVARANUKROH / Kittinupong KEDREN Rank 14 Elo 2008 (+23),21-23 / 21-17 / 21-18,Christo POPOV / Toma Junior POPOV Rank 17 Elo 1966 (-24),71.0,https://badmintonranks.com/tournament?id=14466,5,Indonesia Open 2025,Dechapol PUAVARANUKROH / Kittinupong KEDREN,14.0,2008,Christo POPOV / Toma Junior POPOV,17.0,1966
4/6/2025,Round 1,XD,Amri SYAHNAWI / Nita Violina MARWAH Rank 25 Elo 1885 (+19),14-21 / 25-23 / 21-16,LU Ming Yang / HUNG En-Tzu Rank 28 Elo 1757 (-23),65.0,https://badmintonranks.com/tournament?id=14466,5,Indonesia Open 2025,Amri SYAHNAWI / Nita Violina MARWAH,25.0,1885,LU Ming Yang / HUNG En-Tzu,28.0,1757
4/6/2025,Round 1,WD,YEUNG .. / YEUNG Pak Hon Rank 14 Elo 1816 (+20),21-11 / 24-22,Arlya Nabila Thesa MUNGGARAN / Az Zahra Ditya RAMADHANI Rank 55 Elo 1692 (-27),51.0,https://badmintonranks.com/tournament?id=14466,5,Indonesia Open 2025,YEUNG .. / YEUNG Pak Hon,14.0,1816,Arlya Nabila Thesa MUNGGARAN / Az Zahra Ditya RAMADHANI,55.0,1692
4/6/2025,Round 1,MD,Takuro HOKI / Yugo KOBAYASHI Rank 19 Elo 2065 (+10),21-13 / 21-9,CHOONG Hon Jian / Muhammad Shohibul FIKRI Rank 39 Elo 1808 (-11),29.0,https://badmintonranks.com/tournament?id=14466,5,Indonesia Open 2025,Takuro HOKI / Yugo KOBAYASHI,19.0,2065,CHOONG Hon Jian / Muhammad Shohibul FIKRI,39.0,1808
4/6/2025,Round 1,MD,Fajar ALFIAN / Muhammad Shohibul FIKRI (6) Rank 5 Elo 2047 (+14),21-10 / 21-19,Daniel LUNDGAARD / Mads VESTERGAARD Rank 27 Elo 1863 (-15),35.0,https://badmintonranks.com/tournament?id=14466,5,Indonesia Open 2025,Fajar ALFIAN / Muhammad Shohibul FIKRI (6),5.0,2047,Daniel LUNDGAARD / Mads VESTERGAARD,27.0,1863
4/6/2025,Round 1,XD,GOH Soon Huat / LAI Shevon Jemie (3) Rank 5 Elo 2029 (+9),21-12 / 21-16,Phuwana.. / Sapsiree TAERATTANACHAI Rank 112 Elo 1753 (-12),31.0,https://badmintonranks.com/tournament?id=14466,5,Indonesia Open 2025,GOH Soon Huat / LAI Shevon Jemie (3),5.0,2029,Phuwana.. / Sapsiree TAERATTANACHAI,112.0,1753
4/6/2025,Round 1,MD,Kim ASTRUP / Anders Skaarup RASMUSSEN (2) Rank 2 Elo 2098 (+14),21-18 / 11-21 / 21-15,CHIU Hsiang Chieh / WANG Chang Rank 18 Elo 1933 (-15),51.0,https://badmintonranks.com/tournament?id=14466,5,Indonesia Open 2025,Kim ASTRUP / Anders Skaarup RASMUSSEN (2),2.0,2098,CHIU Hsiang Chieh / WANG Chang,18.0,1933
4/6/2025,Round 1,WD,Yuki FUKUSHIMA / Mayu MATSUMOTO Rank 9 Elo 2130 (+6),21-14 / 21-23 / 21-12,Gronya SOMERVILLE / Angela YU Rank 61 Elo 1788 (-9),62.0,https://badmintonranks.com/tournament?id=14466,5,Indonesia Open 2025,Yuki FUKUSHIMA / Mayu MATSUMOTO,9.0,2130,Gronya SOMERVILLE / Angela YU,61.0,1788
4/6/2025,Round 1,WD,Rin IWANAGA / Kie NAKANISHI (6) Rank 5 Elo 2146 (+3),21-15 / 21-9,Jackie D.. / Crystal LAI Rank 36 Elo 1683 (-6),35.0,https://badmintonranks.com/tournament?id=14466,5,Indonesia Open 2025,Rin IWANAGA / Kie NAKANISHI (6),5.0,2146,Jackie D.. / Crystal LAI,36.0,1683
4/6/2025,Round 1,MS,Alex LANIER (8) Rank 8 Elo 2299 (+4),21-13 Ret.,WENG Hong Yang Rank 12 Elo 2196 (-4),27.0,https://badmintonranks.com/tournament?id=14466,5,Indonesia Open 2025,Alex LANIER (8),8.0,2299,WENG Hong Yang,12.0,2196
4/6/2025,Round 1,WS,LIN Hsiang Ti Rank 29 Elo 1931 (+22),21-19 / 21-10,Komang Ayu Cahya DEWI Rank 36 Elo 1859 (-24),42.0,https://badmintonranks.com/tournament?id=14466,5,Indonesia Open 2025,LIN Hsiang Ti,29.0,1931,Komang Ayu Cahya DEWI,36.0,1859
4/6/2025,Round 1,WD,Lanny Tria MAYASARI / Siti Fadia Silva RAMADHANTI Rank 20 Elo 1981 (+16),19-21 / 21-16 / 21-19,GO Pei Kee / TEOH Mei Xing Rank 23 Elo 1835 (-18),69.0,https://badmintonranks.com/tournament?id=14466,5,Indonesia Open 2025,Lanny Tria MAYASARI / Siti Fadia Silva RAMADHANTI,20.0,1981,GO Pei Kee / TEOH Mei Xing,23.0,1835
4/6/2025,Round 1,MS,LOH Kean Yew Rank 10 Elo 2277 (+6),22-20 / 21-9,Kiran GEORGE Rank 37 Elo 1951 (-7),32.0,https://badmintonranks.com/tournament?id=14466,6,Indonesia Open 2025,LOH Kean Yew,10.0,2277,Kiran GEORGE,37.0,1951
4/6/2025,Round 1,XD,Jesper TOFT / Amalie MAGELUND (5) Rank 8 Elo 2020 (+10),21-15 / 21-17,Alexander DUNN / Julie MACPHERSON Rank 21 Elo 1770 (-13),34.0,https://badmintonranks.com/tournament?id=14466,6,Indonesia Open 2025,Jesper TOFT / Amalie MAGELUND (5),8.0,2020,Alexander DUNN / Julie MACPHERSON,21.0,1770
4/6/2025,Round 1,MS,Kunlavut VITIDSARN (2) Rank 1 Elo 2490 (+5),21-14 / 21-12,WANG Tzu Wei Rank 26 Elo 2094 (-5),38.0,https://badmintonranks.com/tournament?id=14466,6,Indonesia Open 2025,Kunlavut VITIDSARN (2),1.0,2490,WANG Tzu Wei,26.0,2094
4/6/2025,Round 1,WS,HAN Yue (4) Rank 4 Elo 2342 (+14),21-19 / 21-19,YEO Jia Min Rank 11 Elo 2185 (-15),41.0,https://badmintonranks.com/tournament?id=14466,6,Indonesia Open 2025,HAN Yue (4),4.0,2342,YEO Jia Min,11.0,2185
4/6/2025,Round 1,WS,GAO Fang jie Rank 14 Elo 2226 (+3),19-21 / 21-10 / 21-15,Polina BUHROVA Rank 44 Elo 1699 (-4),66.0,https://badmintonranks.com/tournament?id=14466,6,Indonesia Open 2025,GAO Fang jie,14.0,2226,Polina BUHROVA,44.0,1699
4/6/2025,Round 1,WS,Tomoka MIYAZAKI (7) Rank 7 Elo 2161 (+19),19-21 / 21-14 / 25-23,Michelle LI Rank 18 Elo 2078 (-19),80.0,https://badmintonranks.com/tournament?id=14466,6,Indonesia Open 2025,Tomoka MIYAZAKI (7),7.0,2161,Michelle LI,18.0,2078
4/6/2025,Round 1,XD,Yuichi SHIMABUKURO / Sayaka HIROTA Rank 24 Elo 1812 (+23),21-14 / 21-9,Rohan KAPOOR / GADDE Ruthvika Shivani Rank 29 Elo 1712 (-29),33.0,https://badmintonranks.com/tournament?id=14466,6,Indonesia Open 2025,Yuichi SHIMABUKURO / Sayaka HIROTA,24.0,1812,Rohan KAPOOR / GADDE Ruthvika Shivani,29.0,1712
4/6/2025,Round 1,MS,LEE Chia Hao Rank 19 Elo 2090 (+41),22-20 / 24-26 / 21-13,LU Guang Zu Rank 11 Elo 2318 (-39),68.0,https://badmintonranks.com/tournament?id=14466,6,Indonesia Open 2025,LEE Chia Hao,19.0,2090,LU Guang Zu,11.0,2318
4/6/2025,Round 1,MD,LIANG Wei Keng / WANG Chang (4) Rank 4 Elo 2140 (+8),23-21 / 22-20,ONG Yew Sin / TEO Ee Yi Rank 32 Elo 1849 (-10),37.0,https://badmintonranks.com/tournament?id=14466,6,Indonesia Open 2025,LIANG Wei Keng / WANG Chang (4),4.0,2140,ONG Yew Sin / TEO Ee Yi,32.0,1849
4/6/2025,Round 1,MS,CHOU Tien Chen (6) Rank 7 Elo 2101 (+38),22-20 / 21-18,LIN Chun-Yi Rank 14 Elo 2277 (-37),42.0,https://badmintonranks.com/tournament?id=14466,6,Indonesia Open 2025,CHOU Tien Chen (6),7.0,2101,LIN Chun-Yi,14.0,2277
4/6/2025,Round 1,WS,CHEN Yu Fei (5) Rank 5 Elo 2656 (+1),21-10 / 21-15,Pornpicha CHOEIKEEWONG Rank 32 Elo 1973 (-1),36.0,https://badmintonranks.com/tournament?id=14466,6,Indonesia Open 2025,CHEN Yu Fei (5),5.0,2656,Pornpicha CHOEIKEEWONG,32.0,1973
4/6/2025,Round 1,WS,Natsuki NIDAIRA Rank 17 Elo 2071 (+23),23-21 / 22-20,NGUYEN Thuy Linh Rank 24 Elo 2033 (-23),51.0,https://badmintonranks.com/tournament?id=14466,6,Indonesia Open 2025,Natsuki NIDAIRA,17.0,2071,NGUYEN Thuy Linh,24.0,2033
4/6/2025,Round 1,XD,Sathish Kumar KARUNAKARAN / Aadya VARIYATH Rank 37 Elo 1652 (+79),15-21 / 21-16 / 21-17,YE Hong / Nicole Gonzales CHAN Rank 16 Elo 1951 (-46),45.0,https://badmintonranks.com/tournament?id=14466,6,Indonesia Open 2025,Sathish Kumar KARUNAKARAN / Aadya VARIYATH,37.0,1652,YE Hong / Nicole Gonzales CHAN,16.0,1951
4/6/2025,Round 1,XD,Mads VESTERGAARD / Christine BUSCH Rank 23 Elo 1807 (+14),21-15 / 21-9,Ashith SURYA / Amrutha PRAMUTHESH Rank 44 Elo 1589 (-25),26.0,https://badmintonranks.com/tournament?id=14466,6,Indonesia Open 2025,Mads VESTERGAARD / Christine BUSCH,23.0,1807,Ashith SURYA / Amrutha PRAMUTHESH,44.0,1589
4/6/2025,Round 1,XD,CHEN Tang Jie / TOH Ee Wei (2) Rank 4 Elo 2078 (+12),21-11 / 16-21 / 21-14,Dhruv KAPILA / Tanisha CRASTO Rank 17 Elo 1879 (-14),59.0,https://badmintonranks.com/tournament?id=14466,6,Indonesia Open 2025,CHEN Tang Jie / TOH Ee Wei (2),4.0,2078,Dhruv KAPILA / Tanisha CRASTO,17.0,1879
4/6/2025,Round 1,MD,HUANG Di / LIU Yang Rank 24 Elo 1834 (+35),22-20 / 24-22,LIU Kuan Han / YANG Po Hsuan Rank 20 Elo 1888 (-33),52.0,https://badmintonranks.com/tournament?id=14466,6,Indonesia Open 2025,HUANG Di / LIU Yang,24.0,1834,LIU Kuan Han / YANG Po Hsuan,20.0,1888
4/6/2025,Round 1,MS,Christo POPOV Rank 20 Elo 2160 (+25),21-19 / 21-13,Toma Junior POPOV Rank 17 Elo 2148 (-25),41.0,https://badmintonranks.com/tournament?id=14466,6,Indonesia Open 2025,Christo POPOV,20.0,2160,Toma Junior POPOV,17.0,2148
4/6/2025,Round 1,XD,Dechapol PUAVARANUKROH / Supissara PACHARAMONGKOL (6) Rank 6 Elo 2213 (+7),21-18 / 21-13,Dejan FERDINANSYAH / Siti Fadia Silva RAMADHANTI Rank 30 Elo 1904 (-8),40.0,https://badmintonranks.com/tournament?id=14466,6,Indonesia Open 2025,Dechapol PUAVARANUKROH / Supissara PACHARAMONGKOL (6),6.0,2213,Dejan FERDINANSYAH / Siti Fadia Silva RAMADHANTI,30.0,1904
4/6/2025,Round 1,XD,Adnan MAULANA / Indah Cahya Sari JAMIL Rank 32 Elo 1799 (+58),24-22 / 21-12,TANG Chun Man / TSE Ying Suet (1) Rank 3 Elo 2171 (-45),39.0,https://badmintonranks.com/tournament?id=14466,6,Indonesia Open 2025,Adnan MAULANA / Indah Cahya Sari JAMIL,32.0,1799,TANG Chun Man / TSE Ying Suet (1),3.0,2171
3/6/2025,Round 1,MD,GOH Sze Fei / Nur IZZUDDIN (1) Rank 1 Elo 2130 (+8),17-21 / 21-17 / 21-14,LEE Fang Jen / LEE Fang Chih Rank 21 Elo 1855 (-11),58.0,https://badmintonranks.com/tournament?id=14466,6,Indonesia Open 2025,GOH Sze Fei / Nur IZZUDDIN (1),1.0,2130,LEE Fang Jen / LEE Fang Chih,21.0,1855
3/6/2025,Round 1,MD,Junaidi ARIFFIN / YAP Roy King Rank 23 Elo 1899 (+0),W.O.,Eloi ADAM / Leo ROSSI Rank 42 Elo 1803 (-0),0.0,https://badmintonranks.com/tournament?id=14466,7,Indonesia Open 2025,Junaidi ARIFFIN / YAP Roy King,23.0,1899,Eloi ADAM / Leo ROSSI,42.0,1803
3/6/2025,Round 1,WS,Akane YAMAGUCHI (3) Rank 3 Elo 2373 (+6),21-9 / 21-18,Line Højmark KJAERSFELDT Rank 16 Elo 2012 (-6),29.0,https://badmintonranks.com/tournament?id=14466,7,Indonesia Open 2025,Akane YAMAGUCHI (3),3.0,2373,Line Højmark KJAERSFELDT,16.0,2012
3/6/2025,Round 1,WS,SUNG Shuo Yun Rank 20 Elo 1872 (+48),21-18 / 21-12,ZHANG Beiwen Rank 19 Elo 2155 (-43),36.0,https://badmintonranks.com/tournament?id=14466,7,Indonesia Open 2025,SUNG Shuo Yun,20.0,1872,ZHANG Beiwen,19.0,2155
3/6/2025,Round 1,MS,Rasmus GEMKE Rank 28 Elo 2029 (+39),21-19 / 21-12,Kodai NARAOKA (7) Rank 6 Elo 2218 (-38),55.0,https://badmintonranks.com/tournament?id=14466,7,Indonesia Open 2025,Rasmus GEMKE,28.0,2029,Kodai NARAOKA (7),6.0,2218
3/6/2025,Round 1,MD,Nur Mohd Azriyn Ayub / TAN Wee Kiong Rank 28 Elo 1753 (+48),21-17 / 21-12,XIE Hao Nan / ZENG Wei Han Rank 29 Elo 1887 (-39),32.0,https://badmintonranks.com/tournament?id=14466,7,Indonesia Open 2025,Nur Mohd Azriyn Ayub / TAN Wee Kiong,28.0,1753,XIE Hao Nan / ZENG Wei Han,29.0,1887
3/6/2025,Round 1,MS,WANG Zheng Xing Rank 30 Elo 1974 (+40),21-15 / 21-10,Kenta NISHIMOTO Rank 13 Elo 2171 (-38),37.0,https://badmintonranks.com/tournament?id=14466,7,Indonesia Open 2025,WANG Zheng Xing,30.0,1974,Kenta NISHIMOTO,13.0,2171
3/6/2025,Round 1,WD,JIA Yi Fan / ZHANG Shu Xian Rank 8 Elo 2179 (+4),21-16 / 9-21 / 21-5,HU Ling Fang / JHENG Yu Chieh Rank 25 Elo 1722 (-5),38.0,https://badmintonranks.com/tournament?id=14466,7,Indonesia Open 2025,JIA Yi Fan / ZHANG Shu Xian,8.0,2179,HU Ling Fang / JHENG Yu Chieh,25.0,1722
3/6/2025,Round 1,MD,Satwiksairaj RANKIREDDY / Chirag SHETTY Rank 22 Elo 2153 (+18),18-21 / 21-18 / 21-14,Leo Rolly CARNANDO / Bagas MAULANA Rank 10 Elo 2037 (-18),67.0,https://badmintonranks.com/tournament?id=14466,7,Indonesia Open 2025,Satwiksairaj RANKIREDDY / Chirag SHETTY,22.0,2153,Leo Rolly CARNANDO / Bagas MAULANA,10.0,2037
3/6/2025,Round 1,WD,BAEK Ha Na / LEE So Hee (3) Rank 3 Elo 2155 (+5),19-21 / 21-18 / 21-10,HSU Yin-Hui / LIN Jhih Yong Rank 16 Elo 1777 (-7),61.0,https://badmintonranks.com/tournament?id=14466,7,Indonesia Open 2025,BAEK Ha Na / LEE So Hee (3),3.0,2155,HSU Yin-Hui / LIN Jhih Yong,16.0,1777
3/6/2025,Round 1,MD,Sabar Karyaman GUTAMA / Moh Reza Pahlevi ISFAHANI (8) Rank 8 Elo 2011 (+19),21-13 / 21-18,LEE Jhe-Huei / YANG Po Hsuan Rank 15 Elo 1917 (-21),26.0,https://badmintonranks.com/tournament?id=14466,7,Indonesia Open 2025,Sabar Karyaman GUTAMA / Moh Reza Pahlevi ISFAHANI (8),8.0,2011,LEE Jhe-Huei / YANG Po Hsuan,15.0,1917
3/6/2025,Round 1,MD,MAN Wei Chong / TEE Kai Wun (7) Rank 7 Elo 2104 (+9),21-6 / 21-11,CHEN Zhi Xian / Presley SHIN Jian Da Rank 33 Elo 1832 (-11),21.0,https://badmintonranks.com/tournament?id=14466,7,Indonesia Open 2025,MAN Wei Chong / TEE Kai Wun (7),7.0,2104,CHEN Zhi Xian / Presley SHIN Jian Da,33.0,1832
3/6/2025,Round 1,MS,Anders ANTONSEN (3) Rank 3 Elo 2292 (+9),21-11 / 21-12,CHI Yu Jen Rank 31 Elo 2023 (-9),44.0,https://badmintonranks.com/tournament?id=14466,7,Indonesia Open 2025,Anders ANTONSEN (3),3.0,2292,CHI Yu Jen,31.0,2023
3/6/2025,Round 1,MS,Jonatan CHRISTIE (5) Rank 5 Elo 2315 (+8),8-21 / 21-11 / 21-12,Jia Heng Jason TEH Rank 24 Elo 2038 (-9),53.0,https://badmintonranks.com/tournament?id=14466,7,Indonesia Open 2025,Jonatan CHRISTIE (5),5.0,2315,Jia Heng Jason TEH,24.0,2038
3/6/2025,Round 1,WD,Febriana Dwipuji KUSUMA / Amallia Cahaya PRATIWI (8) Rank 10 Elo 1954 (+7),21-4 / 21-10,Paulina CHALUPSKA / Kornelia MARCHEWKA Rank 43 Elo 1613 (-13),26.0,https://badmintonranks.com/tournament?id=14466,7,Indonesia Open 2025,Febriana Dwipuji KUSUMA / Amallia Cahaya PRATIWI (8),10.0,1954,Paulina CHALUPSKA / Kornelia MARCHEWKA,43.0,1613
3/6/2025,Round 1,WD,Siti Sarah AZZAHRA / Agnia Sri RAHAYU Rank 46 Elo 1690 (+34),21-16 / 21-14,Julie MACPHERSON / Ciara TORRANCE Rank 40 Elo 1622 (-42),37.0,https://badmintonranks.com/tournament?id=14466,7,Indonesia Open 2025,Siti Sarah AZZAHRA / Agnia Sri RAHAYU,46.0,1690,Julie MACPHERSON / Ciara TORRANCE,40.0,1622
3/6/2025,Round 1,MS,Yushi TANAKA Rank 22 Elo 2024 (+31),21-15 / 20-22 / 22-20,NG Ka Long Angus Rank 23 Elo 2084 (-30),67.0,https://badmintonranks.com/tournament?id=14466,7,Indonesia Open 2025,Yushi TANAKA,22.0,2024,NG Ka Long Angus,23.0,2084
3/6/2025,Round 1,XD,Thom GICQUEL / Delphine DELRUE Rank 10 Elo 2001 (+21),17-21 / 21-15 / 24-22,Rehan Naufal KUSHARJANTO / Gloria Emanuelle WIDJAJA Rank 22 Elo 1926 (-21),74.0,https://badmintonranks.com/tournament?id=14466,7,Indonesia Open 2025,Thom GICQUEL / Delphine DELRUE,10.0,2001,Rehan Naufal KUSHARJANTO / Gloria Emanuelle WIDJAJA,22.0,1926
3/6/2025,Round 1,MS,Alwi FARHAN Rank 29 Elo 2110 (+18),21-17 / 21-18,PRANNOY H. S. Rank 33 Elo 2002 (-18),45.0,https://badmintonranks.com/tournament?id=14466,7,Indonesia Open 2025,Alwi FARHAN,29.0,2110,PRANNOY H. S.,33.0,2002
3/6/2025,Round 1,XD,CHENG Chi Ya / ZHANG Chi Rank 11 Elo 1974 (+34),17-21 / 21-9 / 21-18,GUO Xin Wa / CHEN Fang Hui (4) Rank 7 Elo 2071 (-33),53.0,https://badmintonranks.com/tournament?id=14466,7,Indonesia Open 2025,CHENG Chi Ya / ZHANG Chi,11.0,1974,GUO Xin Wa / CHEN Fang Hui (4),7.0,2071
3/6/2025,Round 1,MS,LEE Cheuk Yiu Rank 21 Elo 2112 (+32),21-16 / 7-21 / 23-21,Koki WATANABE Rank 16 Elo 2201 (-31),60.0,https://badmintonranks.com/tournament?id=14466,7,Indonesia Open 2025,LEE Cheuk Yiu,21.0,2112,Koki WATANABE,16.0,2201
3/6/2025,Round 1,WS,Pornpawee CHOCHUWONG (6) Rank 8 Elo 2286 (+5),21-18 / 21-12,CHIU Pin-Chian Rank 27 Elo 1886 (-5),43.0,https://badmintonranks.com/tournament?id=14466,8,Indonesia Open 2025,Pornpawee CHOCHUWONG (6),8.0,2286,CHIU Pin-Chian,27.0,1886
3/6/2025,Round 1,XD,HEE Yong KWON / JIN Yu Jia Rank 27 Elo 1593 (+102),9-21 / 21-17 / 21-19,Rinov RIVALDY / Pitha Haningtyas MENTARI Rank 33 Elo 1981 (-49),62.0,https://badmintonranks.com/tournament?id=14466,8,Indonesia Open 2025,HEE Yong KWON / JIN Yu Jia,27.0,1593,Rinov RIVALDY / Pitha Haningtyas MENTARI,33.0,1981
3/6/2025,Round 1,WD,Apriyani RAHAYU / Febi SETIANINGRUM Rank 125 Elo 1842 (+17),21-16 / 24-22,CHANG Tak Ching / YANG Ching Tun Rank 18 Elo 1682 (-24),48.0,https://badmintonranks.com/tournament?id=14466,8,Indonesia Open 2025,Apriyani RAHAYU / Febi SETIANINGRUM,125.0,1842,CHANG Tak Ching / YANG Ching Tun,18.0,1682
3/6/2025,Round 1,WS,Supanida KATETHONG (8) Rank 9 Elo 2114 (+7),14-21 / 21-15 / 21-12,Rakshita Sree Santosh RAMRAJ Rank 43 Elo 1791 (-9),58.0,https://badmintonranks.com/tournament?id=14466,8,Indonesia Open 2025,Supanida KATETHONG (8),9.0,2114,Rakshita Sree Santosh RAMRAJ,43.0,1791
3/6/2025,Round 1,WS,Putri Kusuma WARDANI Rank 12 Elo 2172 (+3),16-21 / 15-16 Ret.,Malvika BANSOD Rank 23 Elo 1900 (-4),54.0,https://badmintonranks.com/tournament?id=14466,8,Indonesia Open 2025,Putri Kusuma WARDANI,12.0,2172,Malvika BANSOD,23.0,1900
3/6/2025,Round 1,WS,KIM Ga Eun Rank 22 Elo 2189 (+4),21-15 / 21-9,Anupama UPADHYAYA Rank 42 Elo 1769 (-6),31.0,https://badmintonranks.com/tournament?id=14466,8,Indonesia Open 2025,KIM Ga Eun,22.0,2189,Anupama UPADHYAYA,42.0,1769
3/6/2025,Round 1,WS,PUSARLA V. Sindhu Rank 21 Elo 2045 (+27),22-20 / 21-23 / 21-15,Nozomi OKUHARA Rank 47 Elo 2067 (-27),79.0,https://badmintonranks.com/tournament?id=14466,8,Indonesia Open 2025,PUSARLA V. Sindhu,21.0,2045,Nozomi OKUHARA,47.0,2067
3/6/2025,Round 1,XD,Jafar HIDAYATULLAH / Felisha Alberta SI Rank 15 Elo 1980 (+7),21-11 / 21-16,WONG Tien Ci / LIM Chiew Sien Rank 35 Elo 1655 (-12),31.0,https://badmintonranks.com/tournament?id=14466,8,Indonesia Open 2025,Jafar HIDAYATULLAH / Felisha Alberta SI,15.0,1980,WONG Tien Ci / LIM Chiew Sien,35.0,1655
3/6/2025,Round 1,XD,Hiroki MIDORIKAWA / Natsu SAITO (7) Rank 9 Elo 2022 (+10),21-16 / 25-23,CHEN Ching Chen / HSU Yin-Hui Rank 19 Elo 1770 (-13),35.0,https://badmintonranks.com/tournament?id=14466,8,Indonesia Open 2025,Hiroki MIDORIKAWA / Natsu SAITO (7),9.0,2022,CHEN Ching Chen / HSU Yin-Hui,19.0,1770
3/6/2025,Round 1,WD,LIU Sheng Shu / TAN Ning (1) Rank 1 Elo 2330 (+1),21-12 / 21-17,Ornnicha JONGSATHAPORNPARN / Sukitta SUWACHAI Rank 28 Elo 1554 (-2),36.0,https://badmintonranks.com/tournament?id=14466,8,Indonesia Open 2025,LIU Sheng Shu / TAN Ning (1),1.0,2330,Ornnicha JONGSATHAPORNPARN / Sukitta SUWACHAI,28.0,1554
3/6/2025,Round 1,MS,SHI Yu Qi (1) Rank 2 Elo 2479 (+6),21-11 / 20-22 / 21-15,Lakshya SEN Rank 18 Elo 2128 (-6),65.0,https://badmintonranks.com/tournament?id=14466,8,Indonesia Open 2025,SHI Yu Qi (1),2.0,2479,Lakshya SEN,18.0,2128
3/6/2025,Round 1,WD,HSIEH Pei Lan / HUNG En-Tzu Rank 13 Elo 1895 (+23),21-14 / 17-21 / 21-15,Meilysa Trias PUSPITASARI / Rachel Allessya ROSE Rank 31 Elo 1823 (-25),70.0,https://badmintonranks.com/tournament?id=14466,8,Indonesia Open 2025,HSIEH Pei Lan / HUNG En-Tzu,13.0,1895,Meilysa Trias PUSPITASARI / Rachel Allessya ROSE,31.0,1823
3/6/2025,Round 1,XD,FENG Yan Zhe / WEI Ya Xin Rank 48 Elo 2084 (+7),21-14 / 22-20,Presley SHIN Jian Da / Jennie GAI Rank 40 Elo 1783 (-10),34.0,https://badmintonranks.com/tournament?id=14466,8,Indonesia Open 2025,FENG Yan Zhe / WEI Ya Xin,48.0,2084,Presley SHIN Jian Da / Jennie GAI,40.0,1783
3/6/2025,Round 1,XD,Ruttanapon KETSAOPAR / Jhenicha SUDJAIPRAPARAT Rank 18 Elo 1843 (+28),21-9 / 21-14,YANG Po Hsuan / HU Ling Fang (8) Rank 12 Elo 1811 (-29),29.0,https://badmintonranks.com/tournament?id=14466,8,Indonesia Open 2025,Ruttanapon KETSAOPAR / Jhenicha SUDJAIPRAPARAT,18.0,1843,YANG Po Hsuan / HU Ling Fang (8),12.0,1811
3/6/2025,Round 1,WS,AN Se Young (1) Rank 1 Elo 2699 (+1),21-14 / 21-11,Busanan ONGBAMRUNGPHAN Rank 13 Elo 2028 (-1),41.0,https://badmintonranks.com/tournament?id=14466,8,Indonesia Open 2025,AN Se Young (1),1.0,2699,Busanan ONGBAMRUNGPHAN,13.0,2028
9/6/2024,Final,MD,LIANG Wei Keng / WANG Chang (2) Rank 2 Elo 2281 (+13),19-21 / 21-16 / 21-12,MAN Wei Chong / TEE Kai Wun Rank 20 Elo 2070 (-13),55.0,https://badmintonranks.com/tournament?id=14083,1,Indonesia Open 2024,LIANG Wei Keng / WANG Chang (2),2.0,2281,MAN Wei Chong / TEE Kai Wun,20.0,2070
9/6/2024,Final,MS,SHI Yu Qi (2) Rank 2 Elo 2581 (+13),21-9 / 12-21 / 21-14,Anders ANTONSEN (4) Rank 5 Elo 2389 (-14),71.0,https://badmintonranks.com/tournament?id=14083,1,Indonesia Open 2024,SHI Yu Qi (2),2.0,2581,Anders ANTONSEN (4),5.0,2389
9/6/2024,Final,WS,CHEN Yu Fei (2) Rank 2 Elo 2588 (+36),21-14 / 14-21 / 21-18,AN Se Young (1) Rank 1 Elo 2706 (-36),82.0,https://badmintonranks.com/tournament?id=14083,1,Indonesia Open 2024,CHEN Yu Fei (2),2.0,2588,AN Se Young (1),1.0,2706
9/6/2024,Final,WD,BAEK Ha Na / LEE So Hee (2) Rank 2 Elo 2407 (+32),21-17 / 21-13,CHEN Qi Ming / JIA Yi Fan (1) Rank 1 Elo 2469 (-33),57.0,https://badmintonranks.com/tournament?id=14083,1,Indonesia Open 2024,BAEK Ha Na / LEE So Hee (2),2.0,2407,CHEN Qi Ming / JIA Yi Fan (1),1.0,2469
9/6/2024,Final,XD,JIANG Zhen Bang / WEI Ya Xin (5) Rank 5 Elo 2287 (+44),21-11 / 21-14,ZHENG Si Wei / HUANG Ya Qiong (1) Rank 1 Elo 2529 (-44),32.0,https://badmintonranks.com/tournament?id=14083,1,Indonesia Open 2024,JIANG Zhen Bang / WEI Ya Xin (5),5.0,2287,ZHENG Si Wei / HUANG Ya Qiong (1),1.0,2529
8/6/2024,Semi final,MD,MAN Wei Chong / TEE Kai Wun Rank 20 Elo 2045 (+25),29-27 / 21-13,Sabar Karyaman GUTAMA / Moh Reza Pahlevi ISFAHANI Rank 29 Elo 2013 (-25),45.0,https://badmintonranks.com/tournament?id=14083,1,Indonesia Open 2024,MAN Wei Chong / TEE Kai Wun,20.0,2045,Sabar Karyaman GUTAMA / Moh Reza Pahlevi ISFAHANI,29.0,2013
8/6/2024,Semi final,MS,Anders ANTONSEN (4) Rank 5 Elo 2364 (+25),21-15 / 19-21 / 21-11,Kunlavut VITIDSARN (8) Rank 8 Elo 2339 (-25),91.0,https://badmintonranks.com/tournament?id=14083,1,Indonesia Open 2024,Anders ANTONSEN (4),5.0,2364,Kunlavut VITIDSARN (8),8.0,2339
8/6/2024,Semi final,MD,LIANG Wei Keng / WANG Chang (2) Rank 2 Elo 2256 (+25),21-13 / 21-15,Kim ASTRUP / Anders Skaarup RASMUSSEN (4) Rank 4 Elo 2229 (-25),32.0,https://badmintonranks.com/tournament?id=14083,1,Indonesia Open 2024,LIANG Wei Keng / WANG Chang (2),2.0,2256,Kim ASTRUP / Anders Skaarup RASMUSSEN (4),4.0,2229
8/6/2024,Semi final,MS,SHI Yu Qi (2) Rank 2 Elo 2571 (+10),19-21 / 21-19 / 21-14,LI Shi Feng (6) Rank 4 Elo 2312 (-10),79.0,https://badmintonranks.com/tournament?id=14083,1,Indonesia Open 2024,SHI Yu Qi (2),2.0,2571,LI Shi Feng (6),4.0,2312
8/6/2024,Semi final,WD,BAEK Ha Na / LEE So Hee (2) Rank 2 Elo 2386 (+21),21-11 / 21-14,LIU Sheng Shu / TAN Ning (3) Rank 4 Elo 2306 (-21),46.0,https://badmintonranks.com/tournament?id=14083,1,Indonesia Open 2024,BAEK Ha Na / LEE So Hee (2),2.0,2386,LIU Sheng Shu / TAN Ning (3),4.0,2306
8/6/2024,Semi final,WD,CHEN Qi Ming / JIA Yi Fan (1) Rank 1 Elo 2458 (+11),21-10 / 15-21 / 21-17,Mayu MATSUMOTO / Wakana NAGAHARA (7) Rank 7 Elo 2208 (-10),67.0,https://badmintonranks.com/tournament?id=14083,1,Indonesia Open 2024,CHEN Qi Ming / JIA Yi Fan (1),1.0,2458,Mayu MATSUMOTO / Wakana NAGAHARA (7),7.0,2208
8/6/2024,Semi final,WS,CHEN Yu Fei (2) Rank 2 Elo 2564 (+24),21-11 / 17-21 / 21-13,Carolina MARIN (3) Rank 3 Elo 2526 (-24),74.0,https://badmintonranks.com/tournament?id=14083,1,Indonesia Open 2024,CHEN Yu Fei (2),2.0,2564,Carolina MARIN (3),3.0,2526
8/6/2024,Semi final,XD,JIANG Zhen Bang / WEI Ya Xin (5) Rank 5 Elo 2277 (+10),21-16 / 21-18,TAN Kian Meng / LAI Pei Jing Rank 21 Elo 2032 (-11),39.0,https://badmintonranks.com/tournament?id=14083,1,Indonesia Open 2024,JIANG Zhen Bang / WEI Ya Xin (5),5.0,2277,TAN Kian Meng / LAI Pei Jing,21.0,2032
8/6/2024,Semi final,WS,AN Se Young (1) Rank 1 Elo 2695 (+11),23-21 / 21-13,WANG Zhi Yi (6) Rank 6 Elo 2470 (-11),57.0,https://badmintonranks.com/tournament?id=14083,1,Indonesia Open 2024,AN Se Young (1),1.0,2695,WANG Zhi Yi (6),6.0,2470
8/6/2024,Semi final,XD,ZHENG Si Wei / HUANG Ya Qiong (1) Rank 1 Elo 2522 (+7),21-19 / 21-19,Dechapol PUAVARANUKROH / Sapsiree TAERATTANACHAI (6) Rank 6 Elo 2187 (-7),43.0,https://badmintonranks.com/tournament?id=14083,1,Indonesia Open 2024,ZHENG Si Wei / HUANG Ya Qiong (1),1.0,2522,Dechapol PUAVARANUKROH / Sapsiree TAERATTANACHAI (6),6.0,2187
7/6/2024,Quarter final,WD,LIU Sheng Shu / TAN Ning (3) Rank 4 Elo 2284 (+22),21-12 / 21-10,ZHANG .. / ZHENG Yu (5) Rank 5 Elo 2224 (-22),29.0,https://badmintonranks.com/tournament?id=14083,1,Indonesia Open 2024,LIU Sheng Shu / TAN Ning (3),4.0,2284,ZHANG .. / ZHENG Yu (5),5.0,2224
7/6/2024,Quarter final,MD,Kim ASTRUP / Anders Skaarup RASMUSSEN (4) Rank 4 Elo 2213 (+16),21-16 / 15-21 / 23-21,Muhammad Shohibul FIKRI / Bagas MAULANA Rank 11 Elo 2066 (-16),69.0,https://badmintonranks.com/tournament?id=14083,1,Indonesia Open 2024,Kim ASTRUP / Anders Skaarup RASMUSSEN (4),4.0,2213,Muhammad Shohibul FIKRI / Bagas MAULANA,11.0,2066
7/6/2024,Quarter final,MD,LIANG Wei Keng / WANG Chang (2) Rank 2 Elo 2241 (+15),18-21 / 21-18 / 21-19,GOH Sze Fei / Nur IZZUDDIN Rank 13 Elo 2089 (-16),58.0,https://badmintonranks.com/tournament?id=14083,1,Indonesia Open 2024,LIANG Wei Keng / WANG Chang (2),2.0,2241,GOH Sze Fei / Nur IZZUDDIN,13.0,2089
7/6/2024,Quarter final,WD,BAEK Ha Na / LEE So Hee (2) Rank 2 Elo 2376 (+10),21-10 / 16-21 / 21-10,KIM So Yeong / KONG Hee Yong (6) Rank 6 Elo 2131 (-11),72.0,https://badmintonranks.com/tournament?id=14083,1,Indonesia Open 2024,BAEK Ha Na / LEE So Hee (2),2.0,2376,KIM So Yeong / KONG Hee Yong (6),6.0,2131
7/6/2024,Quarter final,WD,Mayu MATSUMOTO / Wakana NAGAHARA (7) Rank 7 Elo 2195 (+13),21-19 / 21-17,LI Yi jing / LUO Xu Min Rank 22 Elo 2002 (-14),51.0,https://badmintonranks.com/tournament?id=14083,1,Indonesia Open 2024,Mayu MATSUMOTO / Wakana NAGAHARA (7),7.0,2195,LI Yi jing / LUO Xu Min,22.0,2002
7/6/2024,Quarter final,MD,Sabar Karyaman GUTAMA / Moh Reza Pahlevi ISFAHANI Rank 29 Elo 1974 (+39),21-17 / 14-21 / 21-16,LEE Jhe-Huei / YANG Po Hsuan Rank 12 Elo 2124 (-37),58.0,https://badmintonranks.com/tournament?id=14083,2,Indonesia Open 2024,Sabar Karyaman GUTAMA / Moh Reza Pahlevi ISFAHANI,29.0,1974,LEE Jhe-Huei / YANG Po Hsuan,12.0,2124
7/6/2024,Quarter final,MS,Anders ANTONSEN (4) Rank 5 Elo 2343 (+21),24-22 / 21-18,Lakshya SEN Rank 14 Elo 2267 (-21),61.0,https://badmintonranks.com/tournament?id=14083,2,Indonesia Open 2024,Anders ANTONSEN (4),5.0,2343,Lakshya SEN,14.0,2267
7/6/2024,Quarter final,MD,MAN Wei Chong / TEE Kai Wun Rank 20 Elo 2028 (+17),21-17 / 18-21 / 21-10,LU Ching Yao / YANG Po Hsuan Rank 25 Elo 1887 (-18),57.0,https://badmintonranks.com/tournament?id=14083,2,Indonesia Open 2024,MAN Wei Chong / TEE Kai Wun,20.0,2028,LU Ching Yao / YANG Po Hsuan,25.0,1887
7/6/2024,Quarter final,WD,CHEN Qi Ming / JIA Yi Fan (1) Rank 1 Elo 2454 (+4),22-20 / 21-18,Pearly TAN / THINAAH Muralitharan Rank 13 Elo 2044 (-5),51.0,https://badmintonranks.com/tournament?id=14083,2,Indonesia Open 2024,CHEN Qi Ming / JIA Yi Fan (1),1.0,2454,Pearly TAN / THINAAH Muralitharan,13.0,2044
7/6/2024,Quarter final,WS,AN Se Young (1) Rank 1 Elo 2686 (+9),21-17 / 21-14,HE Bing Jiao (8) Rank 8 Elo 2419 (-9),49.0,https://badmintonranks.com/tournament?id=14083,2,Indonesia Open 2024,AN Se Young (1),1.0,2686,HE Bing Jiao (8),8.0,2419
7/6/2024,Quarter final,WS,WANG Zhi Yi (6) Rank 6 Elo 2450 (+20),21-8 / 21-18,Gregoria Mariska TUNJUNG Rank 9 Elo 2375 (-21),45.0,https://badmintonranks.com/tournament?id=14083,2,Indonesia Open 2024,WANG Zhi Yi (6),6.0,2450,Gregoria Mariska TUNJUNG,9.0,2375
7/6/2024,Quarter final,MS,Kunlavut VITIDSARN (8) Rank 8 Elo 2306 (+33),21-16 / 21-17,LEE Zii Jia Rank 7 Elo 2384 (-32),53.0,https://badmintonranks.com/tournament?id=14083,2,Indonesia Open 2024,Kunlavut VITIDSARN (8),8.0,2306,LEE Zii Jia,7.0,2384
7/6/2024,Quarter final,MS,LI Shi Feng (6) Rank 4 Elo 2293 (+19),21-11 / 21-12,LEONG Jun Hao Rank 32 Elo 2202 (-20),43.0,https://badmintonranks.com/tournament?id=14083,2,Indonesia Open 2024,LI Shi Feng (6),4.0,2293,LEONG Jun Hao,32.0,2202
7/6/2024,Quarter final,MS,SHI Yu Qi (2) Rank 2 Elo 2567 (+4),17-21 / 21-10 / 21-18,Toma Junior POPOV Rank 23 Elo 2125 (-4),65.0,https://badmintonranks.com/tournament?id=14083,2,Indonesia Open 2024,SHI Yu Qi (2),2.0,2567,Toma Junior POPOV,23.0,2125
7/6/2024,Quarter final,XD,ZHENG Si Wei / HUANG Ya Qiong (1) Rank 1 Elo 2516 (+6),21-17 / 21-10,TANG Chun Man / TSE Ying Suet (7) Rank 7 Elo 2170 (-6),30.0,https://badmintonranks.com/tournament?id=14083,2,Indonesia Open 2024,ZHENG Si Wei / HUANG Ya Qiong (1),1.0,2516,TANG Chun Man / TSE Ying Suet (7),7.0,2170
7/6/2024,Quarter final,XD,TAN Kian Meng / LAI Pei Jing Rank 21 Elo 1989 (+43),21-8 / 21-19,KIM Won Ho / JEONG Na Eun (8) Rank 8 Elo 2199 (-40),39.0,https://badmintonranks.com/tournament?id=14083,2,Indonesia Open 2024,TAN Kian Meng / LAI Pei Jing,21.0,1989,KIM Won Ho / JEONG Na Eun (8),8.0,2199
7/6/2024,Quarter final,XD,JIANG Zhen Bang / WEI Ya Xin (5) Rank 5 Elo 2241 (+36),21-17 / 11-21 / 21-16,FENG Yan Zhe / HUANG Dong Ping (2) Rank 2 Elo 2379 (-37),57.0,https://badmintonranks.com/tournament?id=14083,2,Indonesia Open 2024,JIANG Zhen Bang / WEI Ya Xin (5),5.0,2241,FENG Yan Zhe / HUANG Dong Ping (2),2.0,2379
7/6/2024,Quarter final,XD,Dechapol PUAVARANUKROH / Sapsiree TAERATTANACHAI (6) Rank 6 Elo 2166 (+21),21-16 / 21-17,Dejan FERDINANSYAH / Gloria Emanuelle WIDJAJA Rank 18 Elo 2080 (-20),41.0,https://badmintonranks.com/tournament?id=14083,2,Indonesia Open 2024,Dechapol PUAVARANUKROH / Sapsiree TAERATTANACHAI (6),6.0,2166,Dejan FERDINANSYAH / Gloria Emanuelle WIDJAJA,18.0,2080
7/6/2024,Quarter final,WS,CHEN Yu Fei (2) Rank 2 Elo 2563 (+1),21-15 / 21-7,SUNG Shuo Yun Rank 31 Elo 1925 (-1),38.0,https://badmintonranks.com/tournament?id=14083,2,Indonesia Open 2024,CHEN Yu Fei (2),2.0,2563,SUNG Shuo Yun,31.0,1925
7/6/2024,Quarter final,WS,Carolina MARIN (3) Rank 3 Elo 2513 (+13),21-8 / 21-6,HAN Yue (7) Rank 7 Elo 2314 (-13),27.0,https://badmintonranks.com/tournament?id=14083,2,Indonesia Open 2024,Carolina MARIN (3),3.0,2513,HAN Yue (7),7.0,2314
6/6/2024,Round 2,WD,LIU Sheng Shu / TAN Ning (3) Rank 4 Elo 2282 (+2),21-7 / 21-12,CHANG Tak Ching / YANG Ching Tun Rank 33 Elo 1776 (-3),32.0,https://badmintonranks.com/tournament?id=14083,2,Indonesia Open 2024,LIU Sheng Shu / TAN Ning (3),4.0,2282,CHANG Tak Ching / YANG Ching Tun,33.0,1776
6/6/2024,Round 2,MD,Kim ASTRUP / Anders Skaarup RASMUSSEN (4) Rank 4 Elo 2205 (+8),21-19 / 21-10,Kenya MITSUI / Hiroki OKAMURA Rank 24 Elo 1929 (-10),38.0,https://badmintonranks.com/tournament?id=14083,2,Indonesia Open 2024,Kim ASTRUP / Anders Skaarup RASMUSSEN (4),4.0,2205,Kenya MITSUI / Hiroki OKAMURA,24.0,1929
6/6/2024,Round 2,MS,LEE Zii Jia Rank 7 Elo 2369 (+15),20-22 / 21-9 / 21-16,WENG Hong Yang Rank 19 Elo 2220 (-15),72.0,https://badmintonranks.com/tournament?id=14083,2,Indonesia Open 2024,LEE Zii Jia,7.0,2369,WENG Hong Yang,19.0,2220
6/6/2024,Round 2,MS,Kunlavut VITIDSARN (8) Rank 8 Elo 2298 (+8),21-10 / 21-17,Priyanshu RAJAWAT Rank 34 Elo 2009 (-8),49.0,https://badmintonranks.com/tournament?id=14083,2,Indonesia Open 2024,Kunlavut VITIDSARN (8),8.0,2298,Priyanshu RAJAWAT,34.0,2009
6/6/2024,Round 2,WD,ZHANG .. / ZHENG Yu (5) Rank 5 Elo 2218 (+6),21-15 / 21-19,Maiken FRUERGAARD / Sara THYGESEN Rank 24 Elo 1875 (-7),41.0,https://badmintonranks.com/tournament?id=14083,2,Indonesia Open 2024,ZHANG .. / ZHENG Yu (5),5.0,2218,Maiken FRUERGAARD / Sara THYGESEN,24.0,1875
6/6/2024,Round 2,WS,AN Se Young (1) Rank 1 Elo 2685 (+1),21-13 / 21-6,Pornpicha CHOEIKEEWONG Rank 40 Elo 1808 (-0),33.0,https://badmintonranks.com/tournament?id=14083,3,Indonesia Open 2024,AN Se Young (1),1.0,2685,Pornpicha CHOEIKEEWONG,40.0,1808
6/6/2024,Round 2,XD,KIM Won Ho / JEONG Na Eun (8) Rank 8 Elo 2183 (+16),21-15 / 21-18,Robin TABELING / Selena PIEK Rank 13 Elo 2057 (-17),34.0,https://badmintonranks.com/tournament?id=14083,3,Indonesia Open 2024,KIM Won Ho / JEONG Na Eun (8),8.0,2183,Robin TABELING / Selena PIEK,13.0,2057
6/6/2024,Round 2,WS,HE Bing Jiao (8) Rank 8 Elo 2414 (+5),21-17 / 21-9,Kirsty GILMOUR Rank 22 Elo 2056 (-6),34.0,https://badmintonranks.com/tournament?id=14083,3,Indonesia Open 2024,HE Bing Jiao (8),8.0,2414,Kirsty GILMOUR,22.0,2056
6/6/2024,Round 2,WD,CHEN Qi Ming / JIA Yi Fan (1) Rank 1 Elo 2450 (+4),21-17 / 21-19,Margot LAMBERT / Anne TRAN Rank 16 Elo 2028 (-4),41.0,https://badmintonranks.com/tournament?id=14083,3,Indonesia Open 2024,CHEN Qi Ming / JIA Yi Fan (1),1.0,2450,Margot LAMBERT / Anne TRAN,16.0,2028
6/6/2024,Round 2,MD,Sabar Karyaman GUTAMA / Moh Reza Pahlevi ISFAHANI Rank 29 Elo 1936 (+38),21-11 / 21-18,LEE Yang / WANG Chang Rank 10 Elo 2076 (-36),30.0,https://badmintonranks.com/tournament?id=14083,3,Indonesia Open 2024,Sabar Karyaman GUTAMA / Moh Reza Pahlevi ISFAHANI,29.0,1936,LEE Yang / WANG Chang,10.0,2076
6/6/2024,Round 2,MD,Muhammad Shohibul FIKRI / Bagas MAULANA Rank 11 Elo 2059 (+7),21-11 / 21-17,Christo POPOV / Toma Junior POPOV Rank 37 Elo 1737 (-10),32.0,https://badmintonranks.com/tournament?id=14083,3,Indonesia Open 2024,Muhammad Shohibul FIKRI / Bagas MAULANA,11.0,2059,Christo POPOV / Toma Junior POPOV,37.0,1737
6/6/2024,Round 2,MD,LIANG Wei Keng / WANG Chang (2) Rank 2 Elo 2231 (+10),17-21 / 22-20 / 21-18,Hendra SETIAWAN / Mohammad AHSAN Rank 16 Elo 1980 (-10),57.0,https://badmintonranks.com/tournament?id=14083,3,Indonesia Open 2024,LIANG Wei Keng / WANG Chang (2),2.0,2231,Hendra SETIAWAN / Mohammad AHSAN,16.0,1980
6/6/2024,Round 2,XD,TANG Chun Man / TSE Ying Suet (7) Rank 7 Elo 2156 (+14),19-21 / 21-17 / 21-13,LEE Chun Hei / NG Tsz Yau Rank 23 Elo 1988 (-15),48.0,https://badmintonranks.com/tournament?id=14083,3,Indonesia Open 2024,TANG Chun Man / TSE Ying Suet (7),7.0,2156,LEE Chun Hei / NG Tsz Yau,23.0,1988
6/6/2024,Round 2,WD,Pearly TAN / THINAAH Muralitharan Rank 13 Elo 2008 (+36),21-18 / 21-19,Apriyani RAHAYU / Siti Fadia Silva RAMADHANTI (8) Rank 9 Elo 2129 (-34),49.0,https://badmintonranks.com/tournament?id=14083,3,Indonesia Open 2024,Pearly TAN / THINAAH Muralitharan,13.0,2008,Apriyani RAHAYU / Siti Fadia Silva RAMADHANTI (8),9.0,2129
6/6/2024,Round 2,XD,ZHENG Si Wei / HUANG Ya Qiong (1) Rank 1 Elo 2515 (+1),21-9 / 21-11,REDDY .. / REDDY Sikki Gupta Rank 45 Elo 1777 (-1),27.0,https://badmintonranks.com/tournament?id=14083,3,Indonesia Open 2024,ZHENG Si Wei / HUANG Ya Qiong (1),1.0,2515,REDDY .. / REDDY Sikki Gupta,45.0,1777
6/6/2024,Round 2,MD,LEE Jhe-Huei / YANG Po Hsuan Rank 12 Elo 2086 (+38),21-16 / 21-23 / 21-17,HE Ji Ting / REN Xiang Yu Rank 8 Elo 2266 (-37),58.0,https://badmintonranks.com/tournament?id=14083,3,Indonesia Open 2024,LEE Jhe-Huei / YANG Po Hsuan,12.0,2086,HE Ji Ting / REN Xiang Yu,8.0,2266
6/6/2024,Round 2,XD,TAN Kian Meng / LAI Pei Jing Rank 21 Elo 1951 (+38),15-21 / 23-21 / 21-14,Mathias THYRRI / Alexandra BOE Rank 14 Elo 2100 (-36),60.0,https://badmintonranks.com/tournament?id=14083,3,Indonesia Open 2024,TAN Kian Meng / LAI Pei Jing,21.0,1951,Mathias THYRRI / Alexandra BOE,14.0,2100
6/6/2024,Round 2,MS,Anders ANTONSEN (4) Rank 5 Elo 2340 (+3),21-17 / 21-11,Kantaphon WANGCHAROEN Rank 51 Elo 1877 (-4),47.0,https://badmintonranks.com/tournament?id=14083,3,Indonesia Open 2024,Anders ANTONSEN (4),5.0,2340,Kantaphon WANGCHAROEN,51.0,1877
6/6/2024,Round 2,MS,Lakshya SEN Rank 14 Elo 2243 (+24),21-9 / 21-15,Kenta NISHIMOTO Rank 12 Elo 2219 (-24),45.0,https://badmintonranks.com/tournament?id=14083,3,Indonesia Open 2024,Lakshya SEN,14.0,2243,Kenta NISHIMOTO,12.0,2219
6/6/2024,Round 2,WD,BAEK Ha Na / LEE So Hee (2) Rank 2 Elo 2374 (+2),21-13 / 19-21 / 21-13,Tanisha CRASTO / Ashwini PONNAPPA Rank 20 Elo 1847 (-3),64.0,https://badmintonranks.com/tournament?id=14083,3,Indonesia Open 2024,BAEK Ha Na / LEE So Hee (2),2.0,2374,Tanisha CRASTO / Ashwini PONNAPPA,20.0,1847
6/6/2024,Round 2,MD,GOH Sze Fei / Nur IZZUDDIN Rank 13 Elo 2071 (+18),16-21 / 21-16 / 21-12,Leo Rolly CARNANDO / Daniel MARTHIN Rank 14 Elo 1964 (-19),59.0,https://badmintonranks.com/tournament?id=14083,3,Indonesia Open 2024,GOH Sze Fei / Nur IZZUDDIN,13.0,2071,Leo Rolly CARNANDO / Daniel MARTHIN,14.0,1964
6/6/2024,Round 2,WS,Gregoria Mariska TUNJUNG Rank 9 Elo 2362 (+13),21-13 / 21-15,Supanida KATETHONG Rank 15 Elo 2191 (-14),34.0,https://badmintonranks.com/tournament?id=14083,3,Indonesia Open 2024,Gregoria Mariska TUNJUNG,9.0,2362,Supanida KATETHONG,15.0,2191
6/6/2024,Round 2,MD,MAN Wei Chong / TEE Kai Wun Rank 20 Elo 2008 (+20),21-18 / 19-21 / 21-12,Rasmus KJÆR / Frederik SØGAARD Rank 15 Elo 1922 (-21),61.0,https://badmintonranks.com/tournament?id=14083,3,Indonesia Open 2024,MAN Wei Chong / TEE Kai Wun,20.0,2008,Rasmus KJÆR / Frederik SØGAARD,15.0,1922
6/6/2024,Round 2,WS,SUNG Shuo Yun Rank 31 Elo 1880 (+45),20-22 / 21-14 / 21-17,Ratchanok INTANON Rank 13 Elo 2093 (-40),66.0,https://badmintonranks.com/tournament?id=14083,3,Indonesia Open 2024,SUNG Shuo Yun,31.0,1880,Ratchanok INTANON,13.0,2093
6/6/2024,Round 2,WD,KIM So Yeong / KONG Hee Yong (6) Rank 6 Elo 2125 (+6),21-13 / 21-11,YEUNG .. / YEUNG Pak Hon Rank 21 Elo 1763 (-7),41.0,https://badmintonranks.com/tournament?id=14083,3,Indonesia Open 2024,KIM So Yeong / KONG Hee Yong (6),6.0,2125,YEUNG .. / YEUNG Pak Hon,21.0,1763
6/6/2024,Round 2,XD,FENG Yan Zhe / HUANG Dong Ping (2) Rank 2 Elo 2375 (+4),21-10 / 22-20,Yuki KANEKO / Misaki MATSUTOMO Rank 28 Elo 1911 (-3),42.0,https://badmintonranks.com/tournament?id=14083,4,Indonesia Open 2024,FENG Yan Zhe / HUANG Dong Ping (2),2.0,2375,Yuki KANEKO / Misaki MATSUTOMO,28.0,1911
6/6/2024,Round 2,WS,CHEN Yu Fei (2) Rank 2 Elo 2555 (+8),21-10 / 21-11,Aya OHORI Rank 11 Elo 2260 (-8),34.0,https://badmintonranks.com/tournament?id=14083,4,Indonesia Open 2024,CHEN Yu Fei (2),2.0,2555,Aya OHORI,11.0,2260
6/6/2024,Round 2,MS,SHI Yu Qi (2) Rank 2 Elo 2562 (+5),21-16 / 21-16,LU Guang Zu Rank 15 Elo 2183 (-5),36.0,https://badmintonranks.com/tournament?id=14083,4,Indonesia Open 2024,SHI Yu Qi (2),2.0,2562,LU Guang Zu,15.0,2183
6/6/2024,Round 2,MS,LEONG Jun Hao Rank 32 Elo 2168 (+34),21-18 / 13-21 / 21-17,CHOU Tien Chen Rank 11 Elo 2291 (-34),67.0,https://badmintonranks.com/tournament?id=14083,4,Indonesia Open 2024,LEONG Jun Hao,32.0,2168,CHOU Tien Chen,11.0,2291
6/6/2024,Round 2,MS,LI Shi Feng (6) Rank 4 Elo 2282 (+11),21-11 / 21-13,Christo POPOV Rank 24 Elo 2047 (-11),40.0,https://badmintonranks.com/tournament?id=14083,4,Indonesia Open 2024,LI Shi Feng (6),4.0,2282,Christo POPOV,24.0,2047
6/6/2024,Round 2,WS,WANG Zhi Yi (6) Rank 6 Elo 2445 (+5),21-13 / 21-13,Ester Nurumi Tri WARDOYO Rank 35 Elo 2046 (-4),47.0,https://badmintonranks.com/tournament?id=14083,4,Indonesia Open 2024,WANG Zhi Yi (6),6.0,2445,Ester Nurumi Tri WARDOYO,35.0,2046
6/6/2024,Round 2,WD,LI Yi jing / LUO Xu Min Rank 22 Elo 1955 (+47),21-19 / 21-15,Nami MATSUYAMA / Chiharu SHIDA (4) Rank 3 Elo 2268 (-43),47.0,https://badmintonranks.com/tournament?id=14083,4,Indonesia Open 2024,LI Yi jing / LUO Xu Min,22.0,1955,Nami MATSUYAMA / Chiharu SHIDA (4),3.0,2268
6/6/2024,Round 2,MD,LU Ching Yao / YANG Po Hsuan Rank 25 Elo 1834 (+53),21-16 / 21-14,Aaron CHIA / SOH Wooi Yik (5) Rank 5 Elo 2165 (-45),38.0,https://badmintonranks.com/tournament?id=14083,4,Indonesia Open 2024,LU Ching Yao / YANG Po Hsuan,25.0,1834,Aaron CHIA / SOH Wooi Yik (5),5.0,2165
6/6/2024,Round 2,MS,Toma Junior POPOV Rank 23 Elo 2093 (+32),21-18 / 8-21 / 21-12,Rasmus GEMKE Rank 26 Elo 2174 (-31),73.0,https://badmintonranks.com/tournament?id=14083,4,Indonesia Open 2024,Toma Junior POPOV,23.0,2093,Rasmus GEMKE,26.0,2174
6/6/2024,Round 2,XD,Dechapol PUAVARANUKROH / Sapsiree TAERATTANACHAI (6) Rank 6 Elo 2162 (+4),21-8 / 21-13,Adnan MAULANA / Nita Violina MARWAH Rank 46 Elo 1760 (-6),31.0,https://badmintonranks.com/tournament?id=14083,4,Indonesia Open 2024,Dechapol PUAVARANUKROH / Sapsiree TAERATTANACHAI (6),6.0,2162,Adnan MAULANA / Nita Violina MARWAH,46.0,1760
6/6/2024,Round 2,XD,JIANG Zhen Bang / WEI Ya Xin (5) Rank 5 Elo 2231 (+10),21-12 / 21-7,YANG Po Hsuan / HU Ling Fang Rank 24 Elo 1979 (-10),24.0,https://badmintonranks.com/tournament?id=14083,4,Indonesia Open 2024,JIANG Zhen Bang / WEI Ya Xin (5),5.0,2231,YANG Po Hsuan / HU Ling Fang,24.0,1979
6/6/2024,Round 2,WS,Carolina MARIN (3) Rank 3 Elo 2510 (+3),21-12 / 21-7,HSU Wen Chi Rank 26 Elo 2007 (-3),32.0,https://badmintonranks.com/tournament?id=14083,4,Indonesia Open 2024,Carolina MARIN (3),3.0,2510,HSU Wen Chi,26.0,2007
6/6/2024,Round 2,WS,HAN Yue (7) Rank 7 Elo 2302 (+12),21-17 / 18-21 / 21-12,GAO Fang jie Rank 27 Elo 2099 (-12),66.0,https://badmintonranks.com/tournament?id=14083,4,Indonesia Open 2024,HAN Yue (7),7.0,2302,GAO Fang jie,27.0,2099
6/6/2024,Round 2,WD,Mayu MATSUMOTO / Wakana NAGAHARA (7) Rank 7 Elo 2181 (+14),19-21 / 21-19 / 21-19,Treesa JOLLY / GAYATRI GOPICHAND Rank 25 Elo 2014 (-14),75.0,https://badmintonranks.com/tournament?id=14083,4,Indonesia Open 2024,Mayu MATSUMOTO / Wakana NAGAHARA (7),7.0,2181,Treesa JOLLY / GAYATRI GOPICHAND,25.0,2014
6/6/2024,Round 2,XD,Dejan FERDINANSYAH / Gloria Emanuelle WIDJAJA Rank 18 Elo 2036 (+44),21-15 / 15-21 / 21-4,SEO Seung Jae / CHAE Yu Jung (4) Rank 3 Elo 2330 (-43),54.0,https://badmintonranks.com/tournament?id=14083,4,Indonesia Open 2024,Dejan FERDINANSYAH / Gloria Emanuelle WIDJAJA,18.0,2036,SEO Seung Jae / CHAE Yu Jung (4),3.0,2330
5/6/2024,Round 1,XD,KIM Won Ho / JEONG Na Eun (8) Rank 8 Elo 2168 (+15),21-13 / 17-21 / 21-11,Hiroki MIDORIKAWA / Natsu SAITO Rank 10 Elo 2006 (-15),46.0,https://badmintonranks.com/tournament?id=14083,4,Indonesia Open 2024,KIM Won Ho / JEONG Na Eun (8),8.0,2168,Hiroki MIDORIKAWA / Natsu SAITO,10.0,2006
5/6/2024,Round 1,WS,Ratchanok INTANON Rank 13 Elo 2089 (+4),21-18 / 21-6,AAKARSHI KASHYAP Rank 41 Elo 1681 (-7),34.0,https://badmintonranks.com/tournament?id=14083,4,Indonesia Open 2024,Ratchanok INTANON,13.0,2089,AAKARSHI KASHYAP,41.0,1681
5/6/2024,Round 1,WS,CHEN Yu Fei (2) Rank 2 Elo 2554 (+1),21-14 / 21-10,Yvonne LI Rank 30 Elo 1865 (-1),33.0,https://badmintonranks.com/tournament?id=14083,4,Indonesia Open 2024,CHEN Yu Fei (2),2.0,2554,Yvonne LI,30.0,1865
5/6/2024,Round 1,WD,ZHANG .. / ZHENG Yu (5) Rank 5 Elo 2213 (+5),21-13 / 21-11,HSU Ya Ching / LIN Wan Ching Rank 27 Elo 1810 (-6),33.0,https://badmintonranks.com/tournament?id=14083,4,Indonesia Open 2024,ZHANG .. / ZHENG Yu (5),5.0,2213,HSU Ya Ching / LIN Wan Ching,27.0,1810
5/6/2024,Round 1,MD,Christo POPOV / Toma Junior POPOV Rank 37 Elo 1695 (+42),21-18 / 23-21,Alexander DUNN / Adam HALL Rank 32 Elo 1704 (-41),36.0,https://badmintonranks.com/tournament?id=14083,4,Indonesia Open 2024,Christo POPOV / Toma Junior POPOV,37.0,1695,Alexander DUNN / Adam HALL,32.0,1704
5/6/2024,Round 1,WS,SUNG Shuo Yun Rank 31 Elo 1880 (+0),W.O.,Akane YAMAGUCHI (5) Rank 5 Elo 2451 (-0),0.0,https://badmintonranks.com/tournament?id=14083,5,Indonesia Open 2024,SUNG Shuo Yun,31.0,1880,Akane YAMAGUCHI (5),5.0,2451
5/6/2024,Round 1,MD,LIANG Wei Keng / WANG Chang (2) Rank 2 Elo 2228 (+3),21-16 / 21-9,XIE Hao Nan / ZENG Wei Han Rank 60 Elo 1755 (-5),24.0,https://badmintonranks.com/tournament?id=14083,5,Indonesia Open 2024,LIANG Wei Keng / WANG Chang (2),2.0,2228,XIE Hao Nan / ZENG Wei Han,60.0,1755
5/6/2024,Round 1,XD,TAN Kian Meng / LAI Pei Jing Rank 21 Elo 1924 (+27),21-9 / 21-15,Koceila MAMMERI / Tanina Violette MAMMERI Rank 47 Elo 1916 (-27),24.0,https://badmintonranks.com/tournament?id=14083,5,Indonesia Open 2024,TAN Kian Meng / LAI Pei Jing,21.0,1924,Koceila MAMMERI / Tanina Violette MAMMERI,47.0,1916
5/6/2024,Round 1,WD,Maiken FRUERGAARD / Sara THYGESEN Rank 24 Elo 1850 (+25),21-12 / 21-18,Jesita Putri MIANTORO / Febi SETIANINGRUM Rank 45 Elo 1794 (-27),41.0,https://badmintonranks.com/tournament?id=14083,5,Indonesia Open 2024,Maiken FRUERGAARD / Sara THYGESEN,24.0,1850,Jesita Putri MIANTORO / Febi SETIANINGRUM,45.0,1794
5/6/2024,Round 1,MD,GOH Sze Fei / Nur IZZUDDIN Rank 13 Elo 2063 (+8),21-6 / 21-7,DONG A Ran / Nyl YAKURA Rank 35 Elo 1746 (-10),24.0,https://badmintonranks.com/tournament?id=14083,5,Indonesia Open 2024,GOH Sze Fei / Nur IZZUDDIN,13.0,2063,DONG A Ran / Nyl YAKURA,35.0,1746
5/6/2024,Round 1,XD,Mathias THYRRI / Alexandra BOE Rank 14 Elo 2086 (+14),18-21 / 21-11 Ret.,Yuta WATANABE / Arisa IGAKI (3) Rank 4 Elo 2207 (-13),35.0,https://badmintonranks.com/tournament?id=14083,5,Indonesia Open 2024,Mathias THYRRI / Alexandra BOE,14.0,2086,Yuta WATANABE / Arisa IGAKI (3),4.0,2207
5/6/2024,Round 1,WS,Aya OHORI Rank 11 Elo 2254 (+6),19-21 / 21-17 / 21-18,PAI Yu Po Rank 28 Elo 1919 (-7),69.0,https://badmintonranks.com/tournament?id=14083,5,Indonesia Open 2024,Aya OHORI,11.0,2254,PAI Yu Po,28.0,1919
5/6/2024,Round 1,MS,CHOU Tien Chen Rank 11 Elo 2274 (+17),21-17 / 21-14,LIN Chun-Yi Rank 17 Elo 2151 (-17),40.0,https://badmintonranks.com/tournament?id=14083,5,Indonesia Open 2024,CHOU Tien Chen,11.0,2274,LIN Chun-Yi,17.0,2151
5/6/2024,Round 1,XD,Robin TABELING / Selena PIEK Rank 13 Elo 2045 (+12),19-21 / 21-18 / 21-12,Presley SHIN Jian Da / Allison Qu.. Rank 36 Elo 1836 (-14),54.0,https://badmintonranks.com/tournament?id=14083,5,Indonesia Open 2024,Robin TABELING / Selena PIEK,13.0,2045,Presley SHIN Jian Da / Allison Qu..,36.0,1836
5/6/2024,Round 1,MD,Muhammad Shohibul FIKRI / Bagas MAULANA Rank 11 Elo 2032 (+27),18-21 / 21-18 / 21-18,LIU Yu Chen / OU Xuan Yi (8) Rank 9 Elo 2041 (-27),62.0,https://badmintonranks.com/tournament?id=14083,5,Indonesia Open 2024,Muhammad Shohibul FIKRI / Bagas MAULANA,11.0,2032,LIU Yu Chen / OU Xuan Yi (8),9.0,2041
5/6/2024,Round 1,WD,Tanisha CRASTO / Ashwini PONNAPPA Rank 20 Elo 1829 (+18),21-15 / 21-15,Jackie D.. / Crystal LAI Rank 62 Elo 1679 (-25),34.0,https://badmintonranks.com/tournament?id=14083,5,Indonesia Open 2024,Tanisha CRASTO / Ashwini PONNAPPA,20.0,1829,Jackie D.. / Crystal LAI,62.0,1679
5/6/2024,Round 1,MD,Hendra SETIAWAN / Mohammad AHSAN Rank 16 Elo 1953 (+27),19-21 / 21-12 / 21-13,Supak JOMKOH / Kittinupong KEDREN Rank 22 Elo 1958 (-28),45.0,https://badmintonranks.com/tournament?id=14083,5,Indonesia Open 2024,Hendra SETIAWAN / Mohammad AHSAN,16.0,1953,Supak JOMKOH / Kittinupong KEDREN,22.0,1958
5/6/2024,Round 1,WD,LIU Sheng Shu / TAN Ning (3) Rank 4 Elo 2276 (+6),21-13 / 21-12,Febriana Dwipuji KUSUMA / Amallia Cahaya PRATIWI Rank 15 Elo 1911 (-7),39.0,https://badmintonranks.com/tournament?id=14083,5,Indonesia Open 2024,LIU Sheng Shu / TAN Ning (3),4.0,2276,Febriana Dwipuji KUSUMA / Amallia Cahaya PRATIWI,15.0,1911
5/6/2024,Round 1,WD,CHANG Tak Ching / YANG Ching Tun Rank 33 Elo 1749 (+27),21-17 / 21-18,Polina BUHROVA / Yevheniia KANTEMYR Rank 68 Elo 1664 (-34),33.0,https://badmintonranks.com/tournament?id=14083,5,Indonesia Open 2024,CHANG Tak Ching / YANG Ching Tun,33.0,1749,Polina BUHROVA / Yevheniia KANTEMYR,68.0,1664
5/6/2024,Round 1,MS,LEONG Jun Hao Rank 32 Elo 2125 (+43),21-13 / 16-21 / 21-12,Jonatan CHRISTIE (3) Rank 3 Elo 2412 (-43),62.0,https://badmintonranks.com/tournament?id=14083,5,Indonesia Open 2024,LEONG Jun Hao,32.0,2125,Jonatan CHRISTIE (3),3.0,2412
5/6/2024,Round 1,MS,Rasmus GEMKE Rank 26 Elo 2142 (+32),21-12 / 21-10,Kodai NARAOKA (5) Rank 6 Elo 2242 (-33),54.0,https://badmintonranks.com/tournament?id=14083,5,Indonesia Open 2024,Rasmus GEMKE,26.0,2142,Kodai NARAOKA (5),6.0,2242
5/6/2024,Round 1,MD,Leo Rolly CARNANDO / Daniel MARTHIN Rank 14 Elo 1918 (+46),21-14 / 21-17,Fajar ALFIAN / Muhammad Shohibul FIKRI (7) Rank 7 Elo 2196 (-42),37.0,https://badmintonranks.com/tournament?id=14083,5,Indonesia Open 2024,Leo Rolly CARNANDO / Daniel MARTHIN,14.0,1918,Fajar ALFIAN / Muhammad Shohibul FIKRI (7),7.0,2196
5/6/2024,Round 1,MD,Kim ASTRUP / Anders Skaarup RASMUSSEN (4) Rank 4 Elo 2198 (+7),21-15 / 21-19,LEE Fang Jen / LEE Fang Chih Rank 23 Elo 1861 (-7),48.0,https://badmintonranks.com/tournament?id=14083,5,Indonesia Open 2024,Kim ASTRUP / Anders Skaarup RASMUSSEN (4),4.0,2198,LEE Fang Jen / LEE Fang Chih,23.0,1861
5/6/2024,Round 1,XD,JIANG Zhen Bang / WEI Ya Xin (5) Rank 5 Elo 2228 (+3),19-21 / 21-13 / 21-18,YAP Roy King / Valeree SIETSEMA Rank 52 Elo 1725 (-4),50.0,https://badmintonranks.com/tournament?id=14083,5,Indonesia Open 2024,JIANG Zhen Bang / WEI Ya Xin (5),5.0,2228,YAP Roy King / Valeree SIETSEMA,52.0,1725
5/6/2024,Round 1,XD,YANG Po Hsuan / HU Ling Fang Rank 24 Elo 1946 (+33),21-16 / 18-21 / 21-17,Rinov RIVALDY / Pitha Haningtyas MENTARI Rank 15 Elo 2024 (-32),56.0,https://badmintonranks.com/tournament?id=14083,5,Indonesia Open 2024,YANG Po Hsuan / HU Ling Fang,24.0,1946,Rinov RIVALDY / Pitha Haningtyas MENTARI,15.0,2024
5/6/2024,Round 1,MS,LI Shi Feng (6) Rank 4 Elo 2274 (+8),21-18 / 21-12,Brian YANG Rank 25 Elo 1997 (-9),49.0,https://badmintonranks.com/tournament?id=14083,6,Indonesia Open 2024,LI Shi Feng (6),4.0,2274,Brian YANG,25.0,1997
5/6/2024,Round 1,XD,FENG Yan Zhe / HUANG Dong Ping (2) Rank 2 Elo 2372 (+3),21-16 / 18-21 / 21-16,GUO Xin Wa / CHEN Fang Hui Rank 79 Elo 1923 (-3),51.0,https://badmintonranks.com/tournament?id=14083,6,Indonesia Open 2024,FENG Yan Zhe / HUANG Dong Ping (2),2.0,2372,GUO Xin Wa / CHEN Fang Hui,79.0,1923
5/6/2024,Round 1,WS,HSU Wen Chi Rank 26 Elo 1961 (+46),21-15 / 15-21 / 21-14,PUSARLA V. Sindhu Rank 12 Elo 2251 (-42),70.0,https://badmintonranks.com/tournament?id=14083,6,Indonesia Open 2024,HSU Wen Chi,26.0,1961,PUSARLA V. Sindhu,12.0,2251
5/6/2024,Round 1,MS,Toma Junior POPOV Rank 23 Elo 2073 (+20),21-15 / 12-21 / 29-27,WANG Tzu Wei Rank 22 Elo 1991 (-20),85.0,https://badmintonranks.com/tournament?id=14083,6,Indonesia Open 2024,Toma Junior POPOV,23.0,2073,WANG Tzu Wei,22.0,1991
5/6/2024,Round 1,MS,SHI Yu Qi (2) Rank 2 Elo 2560 (+2),21-16 / 21-13,LEI Lan Xi Rank 33 Elo 1988 (-2),38.0,https://badmintonranks.com/tournament?id=14083,6,Indonesia Open 2024,SHI Yu Qi (2),2.0,2560,LEI Lan Xi,33.0,1988
5/6/2024,Round 1,MD,Kenya MITSUI / Hiroki OKAMURA Rank 24 Elo 1908 (+21),21-10 / 25-23,Koceila MAMMERI / Youcef Sabri MEDEL Rank 62 Elo 1818 (-23),35.0,https://badmintonranks.com/tournament?id=14083,6,Indonesia Open 2024,Kenya MITSUI / Hiroki OKAMURA,24.0,1908,Koceila MAMMERI / Youcef Sabri MEDEL,62.0,1818
5/6/2024,Round 1,XD,Yuki KANEKO / Misaki MATSUTOMO Rank 28 Elo 1878 (+33),21-19 / 22-20,HEE Yong KWON / TAN Wei Qiang Rank 17 Elo 1928 (-32),49.0,https://badmintonranks.com/tournament?id=14083,6,Indonesia Open 2024,Yuki KANEKO / Misaki MATSUTOMO,28.0,1878,HEE Yong KWON / TAN Wei Qiang,17.0,1928
5/6/2024,Round 1,WD,KIM So Yeong / KONG Hee Yong (6) Rank 6 Elo 2123 (+2),21-12 / 21-9,Rutaparn.. / Swetaparn DEESOM Rank 48 Elo 1585 (-5),36.0,https://badmintonranks.com/tournament?id=14083,6,Indonesia Open 2024,KIM So Yeong / KONG Hee Yong (6),6.0,2123,Rutaparn.. / Swetaparn DEESOM,48.0,1585
5/6/2024,Round 1,MS,Christo POPOV Rank 24 Elo 2036 (+11),21-16 / 21-10,Julien CARRAGGI Rank 45 Elo 1808 (-13),39.0,https://badmintonranks.com/tournament?id=14083,6,Indonesia Open 2024,Christo POPOV,24.0,2036,Julien CARRAGGI,45.0,1808
5/6/2024,Round 1,WS,GAO Fang jie Rank 27 Elo 2096 (+3),21-14 / 21-8,THET Htar Thuzar Rank 43 Elo 1626 (-7),32.0,https://badmintonranks.com/tournament?id=14083,6,Indonesia Open 2024,GAO Fang jie,27.0,2096,THET Htar Thuzar,43.0,1626
5/6/2024,Round 1,WS,Carolina MARIN (3) Rank 3 Elo 2503 (+7),21-16 / 21-18,ZHANG Yi Man Rank 17 Elo 2198 (-7),46.0,https://badmintonranks.com/tournament?id=14083,6,Indonesia Open 2024,Carolina MARIN (3),3.0,2503,ZHANG Yi Man,17.0,2198
5/6/2024,Round 1,MS,LU Guang Zu Rank 15 Elo 2169 (+14),14-21 / 21-19 / 21-17,SU Li Yang Rank 30 Elo 2004 (-15),74.0,https://badmintonranks.com/tournament?id=14083,6,Indonesia Open 2024,LU Guang Zu,15.0,2169,SU Li Yang,30.0,2004
5/6/2024,Round 1,MD,HE Ji Ting / REN Xiang Yu Rank 8 Elo 2244 (+22),9-21 / 21-18 / 21-12,Takuro HOKI / Yugo KOBAYASHI (6) Rank 6 Elo 2205 (-22),52.0,https://badmintonranks.com/tournament?id=14083,6,Indonesia Open 2024,HE Ji Ting / REN Xiang Yu,8.0,2244,Takuro HOKI / Yugo KOBAYASHI (6),6.0,2205
5/6/2024,Round 1,WD,YEUNG .. / YEUNG Pak Hon Rank 21 Elo 1735 (+28),21-17 / 21-18,Vivian HO / LIM Chiew Sien Rank 39 Elo 1650 (-35),44.0,https://badmintonranks.com/tournament?id=14083,6,Indonesia Open 2024,YEUNG .. / YEUNG Pak Hon,21.0,1735,Vivian HO / LIM Chiew Sien,39.0,1650
5/6/2024,Round 1,XD,ZHENG Si Wei / HUANG Ya Qiong (1) Rank 1 Elo 2513 (+2),21-23 / 21-15 / 21-13,Rehan Naufal KUSHARJANTO / Lisa Ayu KUSUMAWATI Rank 19 Elo 1948 (-2),59.0,https://badmintonranks.com/tournament?id=14083,6,Indonesia Open 2024,ZHENG Si Wei / HUANG Ya Qiong (1),1.0,2513,Rehan Naufal KUSHARJANTO / Lisa Ayu KUSUMAWATI,19.0,1948
5/6/2024,Round 1,WD,Nami MATSUYAMA / Chiharu SHIDA (4) Rank 3 Elo 2264 (+4),21-14 / 21-17,Francesca CORBETT / Allison Qu.. Rank 37 Elo 1845 (-5),46.0,https://badmintonranks.com/tournament?id=14083,6,Indonesia Open 2024,Nami MATSUYAMA / Chiharu SHIDA (4),3.0,2264,Francesca CORBETT / Allison Qu..,37.0,1845
5/6/2024,Round 1,WS,HAN Yue (7) Rank 7 Elo 2288 (+14),21-18 / 16-21 / 21-19,ZHANG Beiwen Rank 10 Elo 2116 (-14),58.0,https://badmintonranks.com/tournament?id=14083,6,Indonesia Open 2024,HAN Yue (7),7.0,2288,ZHANG Beiwen,10.0,2116
5/6/2024,Round 1,WS,AN Se Young (1) Rank 1 Elo 2684 (+1),20-22 / 21-7 / 21-11,Tomoka MIYAZAKI Rank 24 Elo 2017 (-1),61.0,https://badmintonranks.com/tournament?id=14083,6,Indonesia Open 2024,AN Se Young (1),1.0,2684,Tomoka MIYAZAKI,24.0,2017
4/6/2024,Round 1,MS,Priyanshu RAJAWAT Rank 34 Elo 1972 (+37),21-17 / 21-12,PRANNOY H. S. Rank 10 Elo 2117 (-35),39.0,https://badmintonranks.com/tournament?id=14083,6,Indonesia Open 2024,Priyanshu RAJAWAT,34.0,1972,PRANNOY H. S.,10.0,2117
4/6/2024,Round 1,WD,Treesa JOLLY / GAYATRI GOPICHAND Rank 25 Elo 2012 (+2),21-15 / 21-11,CHENG Chi Ya / SUN Yu H.. Rank 63 Elo 1430 (-6),29.0,https://badmintonranks.com/tournament?id=14083,6,Indonesia Open 2024,Treesa JOLLY / GAYATRI GOPICHAND,25.0,2012,CHENG Chi Ya / SUN Yu H..,63.0,1430
4/6/2024,Round 1,MD,LEE Jhe-Huei / YANG Po Hsuan Rank 12 Elo 2082 (+4),19-21 / 21-14 / 21-14,LOW Hang Yee / NG Eng Cheong Rank 53 Elo 1660 (-8),45.0,https://badmintonranks.com/tournament?id=14083,7,Indonesia Open 2024,LEE Jhe-Huei / YANG Po Hsuan,12.0,2082,LOW Hang Yee / NG Eng Cheong,53.0,1660
4/6/2024,Round 1,MS,Kenta NISHIMOTO Rank 12 Elo 2190 (+29),17-21 / 21-11 / 21-8,Anthony Sinisuka GINTING (7) Rank 9 Elo 2239 (-29),60.0,https://badmintonranks.com/tournament?id=14083,7,Indonesia Open 2024,Kenta NISHIMOTO,12.0,2190,Anthony Sinisuka GINTING (7),9.0,2239
4/6/2024,Round 1,WD,Mayu MATSUMOTO / Wakana NAGAHARA (7) Rank 7 Elo 2179 (+2),24-22 / 18-21 / 21-15,Julie FINNE-IPSEN / Mai SURROW Rank 55 Elo 1640 (-4),67.0,https://badmintonranks.com/tournament?id=14083,7,Indonesia Open 2024,Mayu MATSUMOTO / Wakana NAGAHARA (7),7.0,2179,Julie FINNE-IPSEN / Mai SURROW,55.0,1640
4/6/2024,Round 1,XD,TANG Chun Man / TSE Ying Suet (7) Rank 7 Elo 2153 (+3),21-15 / 21-18,CHOONG Hon Jian / GO Pei Kee Rank 48 Elo 1681 (-5),35.0,https://badmintonranks.com/tournament?id=14083,7,Indonesia Open 2024,TANG Chun Man / TSE Ying Suet (7),7.0,2153,CHOONG Hon Jian / GO Pei Kee,48.0,1681
4/6/2024,Round 1,MD,Rasmus KJÆR / Frederik SØGAARD Rank 15 Elo 1892 (+30),21-18 / 23-21,CHEN Bo Yang / LIU Yi Rank 21 Elo 1913 (-30),46.0,https://badmintonranks.com/tournament?id=14083,7,Indonesia Open 2024,Rasmus KJÆR / Frederik SØGAARD,15.0,1892,CHEN Bo Yang / LIU Yi,21.0,1913
4/6/2024,Round 1,MD,LU Ching Yao / YANG Po Hsuan Rank 25 Elo 1816 (+18),21-15 / 21-16,Bjarne GEHNERT / Jan Colin STICHLING Rank 54 Elo 1657 (-26),35.0,https://badmintonranks.com/tournament?id=14083,7,Indonesia Open 2024,LU Ching Yao / YANG Po Hsuan,25.0,1816,Bjarne GEHNERT / Jan Colin STICHLING,54.0,1657
4/6/2024,Round 1,MD,Aaron CHIA / SOH Wooi Yik (5) Rank 5 Elo 2162 (+3),21-14 / 21-11,Vinson CHIU / Joshua YUAN Rank 42 Elo 1625 (-5),26.0,https://badmintonranks.com/tournament?id=14083,7,Indonesia Open 2024,Aaron CHIA / SOH Wooi Yik (5),5.0,2162,Vinson CHIU / Joshua YUAN,42.0,1625
4/6/2024,Round 1,WD,LI Yi jing / LUO Xu Min Rank 22 Elo 1950 (+5),21-8 / 21-7,Ornnicha JONGSATHAPORNPARN / Sukitta SUWACHAI Rank 158 Elo 1545 (-12),28.0,https://badmintonranks.com/tournament?id=14083,7,Indonesia Open 2024,LI Yi jing / LUO Xu Min,22.0,1950,Ornnicha JONGSATHAPORNPARN / Sukitta SUWACHAI,158.0,1545
4/6/2024,Round 1,MD,MAN Wei Chong / TEE Kai Wun Rank 20 Elo 1962 (+46),20-22 / 21-16 / 21-17,KANG Min Hyuk / SEO Seung Jae (3) Rank 3 Elo 2257 (-42),59.0,https://badmintonranks.com/tournament?id=14083,7,Indonesia Open 2024,MAN Wei Chong / TEE Kai Wun,20.0,1962,KANG Min Hyuk / SEO Seung Jae (3),3.0,2257
4/6/2024,Round 1,MS,Kantaphon WANGCHAROEN Rank 51 Elo 1823 (+54),21-16 / 21-9,Chico Aura DWI WARDOYO Rank 27 Elo 2141 (-44),37.0,https://badmintonranks.com/tournament?id=14083,7,Indonesia Open 2024,Kantaphon WANGCHAROEN,51.0,1823,Chico Aura DWI WARDOYO,27.0,2141
4/6/2024,Round 1,MS,Anders ANTONSEN (4) Rank 5 Elo 2331 (+9),21-14 / 21-10,LEE Cheuk Yiu Rank 16 Elo 2067 (-9),36.0,https://badmintonranks.com/tournament?id=14083,7,Indonesia Open 2024,Anders ANTONSEN (4),5.0,2331,LEE Cheuk Yiu,16.0,2067
4/6/2024,Round 1,MD,Sabar Karyaman GUTAMA / Moh Reza Pahlevi ISFAHANI Rank 29 Elo 1917 (+19),24-26 / 24-22 / 26-24,Rahmat HIDAYAT / Yeremia Erich Yoche Yacob RAMBITAN Rank 101 Elo 1808 (-22),72.0,https://badmintonranks.com/tournament?id=14083,7,Indonesia Open 2024,Sabar Karyaman GUTAMA / Moh Reza Pahlevi ISFAHANI,29.0,1917,Rahmat HIDAYAT / Yeremia Erich Yoche Yacob RAMBITAN,101.0,1808
4/6/2024,Round 1,WS,Gregoria Mariska TUNJUNG Rank 9 Elo 2358 (+4),21-14 / 21-17,Putri Kusuma WARDANI Rank 32 Elo 1909 (-4),36.0,https://badmintonranks.com/tournament?id=14083,7,Indonesia Open 2024,Gregoria Mariska TUNJUNG,9.0,2358,Putri Kusuma WARDANI,32.0,1909
4/6/2024,Round 1,WS,Supanida KATETHONG Rank 15 Elo 2158 (+33),21-17 / 21-18,Pornpawee CHOCHUWONG Rank 18 Elo 2257 (-32),43.0,https://badmintonranks.com/tournament?id=14083,7,Indonesia Open 2024,Supanida KATETHONG,15.0,2158,Pornpawee CHOCHUWONG,18.0,2257
4/6/2024,Round 1,WD,Apriyani RAHAYU / Siti Fadia Silva RAMADHANTI (8) Rank 9 Elo 2107 (+22),21-17 / 16-21 / 21-14,Jongkolphan KITITHARAKUL / Rawinda PRAJONGJAI Rank 10 Elo 2067 (-23),63.0,https://badmintonranks.com/tournament?id=14083,7,Indonesia Open 2024,Apriyani RAHAYU / Siti Fadia Silva RAMADHANTI (8),9.0,2107,Jongkolphan KITITHARAKUL / Rawinda PRAJONGJAI,10.0,2067
4/6/2024,Round 1,MS,Lakshya SEN Rank 14 Elo 2233 (+10),21-12 / 21-17,Kanta TSUNEYAMA Rank 29 Elo 2003 (-11),40.0,https://badmintonranks.com/tournament?id=14083,7,Indonesia Open 2024,Lakshya SEN,14.0,2233,Kanta TSUNEYAMA,29.0,2003
4/6/2024,Round 1,XD,Dechapol PUAVARANUKROH / Sapsiree TAERATTANACHAI (6) Rank 6 Elo 2152 (+10),21-15 / 18-21 / 23-21,Supak JOMKOH / Supissara PACHARAMONGKOL Rank 22 Elo 1906 (-11),58.0,https://badmintonranks.com/tournament?id=14083,7,Indonesia Open 2024,Dechapol PUAVARANUKROH / Sapsiree TAERATTANACHAI (6),6.0,2152,Supak JOMKOH / Supissara PACHARAMONGKOL,22.0,1906
4/6/2024,Round 1,WS,WANG Zhi Yi (6) Rank 6 Elo 2443 (+2),21-15 / 21-17,GOH Jin Wei Rank 33 Elo 1914 (-3),35.0,https://badmintonranks.com/tournament?id=14083,7,Indonesia Open 2024,WANG Zhi Yi (6),6.0,2443,GOH Jin Wei,33.0,1914
4/6/2024,Round 1,MS,Kunlavut VITIDSARN (8) Rank 8 Elo 2282 (+16),21-13 / 21-10,LOH Kean Yew Rank 13 Elo 2156 (-17),36.0,https://badmintonranks.com/tournament?id=14083,7,Indonesia Open 2024,Kunlavut VITIDSARN (8),8.0,2282,LOH Kean Yew,13.0,2156
4/6/2024,Round 1,WD,Margot LAMBERT / Anne TRAN Rank 16 Elo 1998 (+30),21-19 / 21-18,LI Wen Mei / LIU Xuan Xuan Rank 17 Elo 2050 (-30),40.0,https://badmintonranks.com/tournament?id=14083,7,Indonesia Open 2024,Margot LAMBERT / Anne TRAN,16.0,1998,LI Wen Mei / LIU Xuan Xuan,17.0,2050
4/6/2024,Round 1,MD,LEE Yang / WANG Chang Rank 10 Elo 2061 (+15),18-21 / 21-16 / 21-17,CHOONG Hon Jian / Muhammad Shohibul FIKRI Rank 26 Elo 1891 (-16),55.0,https://badmintonranks.com/tournament?id=14083,8,Indonesia Open 2024,LEE Yang / WANG Chang,10.0,2061,CHOONG Hon Jian / Muhammad Shohibul FIKRI,26.0,1891
4/6/2024,Round 1,MS,WENG Hong Yang Rank 19 Elo 2207 (+13),11-21 / 21-10 / 22-20,Kiran GEORGE Rank 36 Elo 2012 (-13),58.0,https://badmintonranks.com/tournament?id=14083,8,Indonesia Open 2024,WENG Hong Yang,19.0,2207,Kiran GEORGE,36.0,2012
4/6/2024,Round 1,WS,Ester Nurumi Tri WARDOYO Rank 35 Elo 2006 (+40),21-17 / 21-16,Nozomi OKUHARA Rank 16 Elo 2203 (-39),43.0,https://badmintonranks.com/tournament?id=14083,8,Indonesia Open 2024,Ester Nurumi Tri WARDOYO,35.0,2006,Nozomi OKUHARA,16.0,2203
4/6/2024,Round 1,WS,Kirsty GILMOUR Rank 22 Elo 2034 (+22),21-10 / 21-18,NGUYEN Thuy Linh Rank 23 Elo 1971 (-22),35.0,https://badmintonranks.com/tournament?id=14083,8,Indonesia Open 2024,Kirsty GILMOUR,22.0,2034,NGUYEN Thuy Linh,23.0,1971
4/6/2024,Round 1,WS,Pornpicha CHOEIKEEWONG Rank 40 Elo 1747 (+61),19-21 / 21-9 / 23-21,Michelle LI Rank 36 Elo 2049 (-44),51.0,https://badmintonranks.com/tournament?id=14083,8,Indonesia Open 2024,Pornpicha CHOEIKEEWONG,40.0,1747,Michelle LI,36.0,2049
4/6/2024,Round 1,MS,LEE Zii Jia Rank 7 Elo 2358 (+11),21-17 / 21-16,NG Ka Long Angus Rank 21 Elo 2141 (-11),40.0,https://badmintonranks.com/tournament?id=14083,8,Indonesia Open 2024,LEE Zii Jia,7.0,2358,NG Ka Long Angus,21.0,2141
4/6/2024,Round 1,XD,Dejan FERDINANSYAH / Gloria Emanuelle WIDJAJA Rank 18 Elo 2004 (+32),21-19 / 21-19,YE Hong / LEE Chia Hsin Rank 11 Elo 2074 (-31),40.0,https://badmintonranks.com/tournament?id=14083,8,Indonesia Open 2024,Dejan FERDINANSYAH / Gloria Emanuelle WIDJAJA,18.0,2004,YE Hong / LEE Chia Hsin,11.0,2074
4/6/2024,Round 1,XD,Adnan MAULANA / Nita Violina MARWAH Rank 46 Elo 1723 (+37),21-11 / 21-19,Jan Colin STICHLING / Isabel LOHAU Rank 200 Elo 1713 (-37),35.0,https://badmintonranks.com/tournament?id=14083,8,Indonesia Open 2024,Adnan MAULANA / Nita Violina MARWAH,46.0,1723,Jan Colin STICHLING / Isabel LOHAU,200.0,1713
4/6/2024,Round 1,WD,Pearly TAN / THINAAH Muralitharan Rank 13 Elo 1998 (+10),21-19 / 22-20,SUNG Shuo Yun / YU Chien Hui Rank 42 Elo 1743 (-13),40.0,https://badmintonranks.com/tournament?id=14083,8,Indonesia Open 2024,Pearly TAN / THINAAH Muralitharan,13.0,1998,SUNG Shuo Yun / YU Chien Hui,42.0,1743
4/6/2024,Round 1,WS,HE Bing Jiao (8) Rank 8 Elo 2410 (+4),13-21 / 21-15 / 21-17,Line Højmark KJAERSFELDT Rank 21 Elo 1962 (-4),59.0,https://badmintonranks.com/tournament?id=14083,8,Indonesia Open 2024,HE Bing Jiao (8),8.0,2410,Line Højmark KJAERSFELDT,21.0,1962
4/6/2024,Round 1,XD,REDDY .. / REDDY Sikki Gupta Rank 45 Elo 1741 (+36),18-21 / 21-16 / 21-17,Vinson CHIU / Jennie GAI Rank 31 Elo 1735 (-36),57.0,https://badmintonranks.com/tournament?id=14083,8,Indonesia Open 2024,REDDY .. / REDDY Sikki Gupta,45.0,1741,Vinson CHIU / Jennie GAI,31.0,1735
4/6/2024,Round 1,XD,LEE Chun Hei / NG Tsz Yau Rank 23 Elo 1951 (+37),16-21 / 21-17 / 21-10,GOH Soon Huat / LAI Shevon Jemie Rank 16 Elo 2088 (-35),43.0,https://badmintonranks.com/tournament?id=14083,8,Indonesia Open 2024,LEE Chun Hei / NG Tsz Yau,23.0,1951,GOH Soon Huat / LAI Shevon Jemie,16.0,2088
4/6/2024,Round 1,XD,SEO Seung Jae / CHAE Yu Jung (4) Rank 3 Elo 2318 (+12),21-13 / 21-15,CHEN Tang Jie / TOH Ee Wei Rank 9 Elo 2111 (-12),32.0,https://badmintonranks.com/tournament?id=14083,8,Indonesia Open 2024,SEO Seung Jae / CHAE Yu Jung (4),3.0,2318,CHEN Tang Jie / TOH Ee Wei,9.0,2111
18/6/2023,Final,MS,Viktor AXELSEN (1) Rank 1 Elo 2567 (+18),21-14 / 21-13,Anthony Sinisuka GINTING (2) Rank 2 Elo 2440 (-18),47.0,https://badmintonranks.com/tournament?id=13710,1,Indonesia Open 2023,Viktor AXELSEN (1),1.0,2567,Anthony Sinisuka GINTING (2),2.0,2440
18/6/2023,Final,MD,Satwiksairaj RANKIREDDY / Chirag SHETTY (7) Rank 6 Elo 2182 (+29),21-17 / 21-18,Aaron CHIA / SOH Wooi Yik (2) Rank 3 Elo 2193 (-29),43.0,https://badmintonranks.com/tournament?id=13710,1,Indonesia Open 2023,Satwiksairaj RANKIREDDY / Chirag SHETTY (7),6.0,2182,Aaron CHIA / SOH Wooi Yik (2),3.0,2193
18/6/2023,Final,WD,BAEK Ha Na / LEE So Hee (5) Rank 2 Elo 2327 (+14),22-20 / 21-10,Yuki FUKUSHIMA / Sayaka HIROTA (7) Rank 9 Elo 2154 (-15),68.0,https://badmintonranks.com/tournament?id=13710,1,Indonesia Open 2023,BAEK Ha Na / LEE So Hee (5),2.0,2327,Yuki FUKUSHIMA / Sayaka HIROTA (7),9.0,2154
18/6/2023,Final,WS,CHEN Yu Fei (4) Rank 4 Elo 2556 (+18),21-18 / 21-19,Carolina MARIN (6) Rank 6 Elo 2430 (-18),64.0,https://badmintonranks.com/tournament?id=13710,1,Indonesia Open 2023,CHEN Yu Fei (4),4.0,2556,Carolina MARIN (6),6.0,2430
18/6/2023,Final,XD,ZHENG Si Wei / HUANG Ya Qiong (1) Rank 1 Elo 2448 (+15),21-14 / 21-11,Yuta WATANABE / Arisa IGAKI (2) Rank 3 Elo 2281 (-15),35.0,https://badmintonranks.com/tournament?id=13710,1,Indonesia Open 2023,ZHENG Si Wei / HUANG Ya Qiong (1),1.0,2448,Yuta WATANABE / Arisa IGAKI (2),3.0,2281
17/6/2023,Semi final,MS,Anthony Sinisuka GINTING (2) Rank 2 Elo 2421 (+19),21-17 / 21-15,LI Shi Feng Rank 10 Elo 2313 (-19),51.0,https://badmintonranks.com/tournament?id=13710,1,Indonesia Open 2023,Anthony Sinisuka GINTING (2),2.0,2421,LI Shi Feng,10.0,2313
17/6/2023,Semi final,MD,Aaron CHIA / SOH Wooi Yik (2) Rank 3 Elo 2175 (+18),12-21 / 23-21 / 21-13,Pramudya KUSUMAWARDANA / Yeremia Erich Yoche Yacob RAMBITAN Rank 25 Elo 2048 (-18),57.0,https://badmintonranks.com/tournament?id=13710,1,Indonesia Open 2023,Aaron CHIA / SOH Wooi Yik (2),3.0,2175,Pramudya KUSUMAWARDANA / Yeremia Erich Yoche Yacob RAMBITAN,25.0,2048
17/6/2023,Semi final,WD,Yuki FUKUSHIMA / Sayaka HIROTA (7) Rank 9 Elo 2124 (+30),21-16 / 12-21 / 21-13,Mayu MATSUMOTO / Wakana NAGAHARA Rank 10 Elo 2160 (-30),80.0,https://badmintonranks.com/tournament?id=13710,1,Indonesia Open 2023,Yuki FUKUSHIMA / Sayaka HIROTA (7),9.0,2124,Mayu MATSUMOTO / Wakana NAGAHARA,10.0,2160
17/6/2023,Semi final,MS,Viktor AXELSEN (1) Rank 1 Elo 2558 (+9),21-15 / 21-15,PRANNOY H. S. (7) Rank 9 Elo 2289 (-9),46.0,https://badmintonranks.com/tournament?id=13710,1,Indonesia Open 2023,Viktor AXELSEN (1),1.0,2558,PRANNOY H. S. (7),9.0,2289
17/6/2023,Semi final,MD,Satwiksairaj RANKIREDDY / Chirag SHETTY (7) Rank 6 Elo 2153 (+29),17-21 / 21-19 / 21-18,KANG Min Hyuk / SEO Seung Jae Rank 12 Elo 2177 (-29),67.0,https://badmintonranks.com/tournament?id=13710,1,Indonesia Open 2023,Satwiksairaj RANKIREDDY / Chirag SHETTY (7),6.0,2153,KANG Min Hyuk / SEO Seung Jae,12.0,2177
17/6/2023,Semi final,WD,BAEK Ha Na / LEE So Hee (5) Rank 2 Elo 2316 (+11),21-13 / 21-10,JEONG Na Eun / KIM Hye Rin (6) Rank 7 Elo 2069 (-10),52.0,https://badmintonranks.com/tournament?id=13710,1,Indonesia Open 2023,BAEK Ha Na / LEE So Hee (5),2.0,2316,JEONG Na Eun / KIM Hye Rin (6),7.0,2069
17/6/2023,Semi final,WS,Carolina MARIN (6) Rank 6 Elo 2413 (+17),21-12 / 21-11,Ratchanok INTANON (8) Rank 8 Elo 2270 (-16),43.0,https://badmintonranks.com/tournament?id=13710,1,Indonesia Open 2023,Carolina MARIN (6),6.0,2413,Ratchanok INTANON (8),8.0,2270
17/6/2023,Semi final,XD,Yuta WATANABE / Arisa IGAKI (2) Rank 3 Elo 2271 (+10),22-20 / 11-21 / 21-16,TANG Chun Man / TSE Ying Suet Rank 21 Elo 2014 (-10),60.0,https://badmintonranks.com/tournament?id=13710,1,Indonesia Open 2023,Yuta WATANABE / Arisa IGAKI (2),3.0,2271,TANG Chun Man / TSE Ying Suet,21.0,2014
17/6/2023,Semi final,WS,CHEN Yu Fei (4) Rank 4 Elo 2516 (+40),21-8 / 21-17,AN Se Young (2) Rank 2 Elo 2705 (-40),46.0,https://badmintonranks.com/tournament?id=13710,1,Indonesia Open 2023,CHEN Yu Fei (4),4.0,2516,AN Se Young (2),2.0,2705
17/6/2023,Semi final,XD,ZHENG Si Wei / HUANG Dong Ping (1) Rank 1 Elo 2438 (+10),21-19 / 21-10,FENG Yan Zhe / HUANG Dong Ping (6) Rank 5 Elo 2169 (-9),42.0,https://badmintonranks.com/tournament?id=13710,1,Indonesia Open 2023,ZHENG Si Wei / HUANG Ya Qiong (1),1.0,2438,FENG Yan Zhe / HUANG Dong Ping (6),5.0,2169
16/6/2023,Quarter final,MD,Pramudya KUSUMAWARDANA / Yeremia Erich Yoche Yacob RAMBITAN Rank 25 Elo 2005 (+43),16-21 / 21-17 / 21-19,LIANG Wei Keng / WANG Chang (6) Rank 2 Elo 2231 (-41),60.0,https://badmintonranks.com/tournament?id=13710,1,Indonesia Open 2023,Pramudya KUSUMAWARDANA / Yeremia Erich Yoche Yacob RAMBITAN,25.0,2005,LIANG Wei Keng / WANG Chang (6),2.0,2231
16/6/2023,Quarter final,MD,KANG Min Hyuk / SEO Seung Jae Rank 12 Elo 2158 (+19),21-14 / 21-10,Leo Rolly CARNANDO / Daniel MARTHIN Rank 10 Elo 2062 (-20),31.0,https://badmintonranks.com/tournament?id=13710,1,Indonesia Open 2023,KANG Min Hyuk / SEO Seung Jae,12.0,2158,Leo Rolly CARNANDO / Daniel MARTHIN,10.0,2062
16/6/2023,Quarter final,MD,Aaron CHIA / SOH Wooi Yik (2) Rank 3 Elo 2159 (+16),21-10 / 21-15,Akira KOGA / Taichi SAITO Rank 24 Elo 2022 (-17),41.0,https://badmintonranks.com/tournament?id=13710,1,Indonesia Open 2023,Aaron CHIA / SOH Wooi Yik (2),3.0,2159,Akira KOGA / Taichi SAITO,24.0,2022
16/6/2023,Quarter final,MS,Anthony Sinisuka GINTING (2) Rank 2 Elo 2405 (+16),21-19 / 21-16,Jonatan CHRISTIE (6) Rank 7 Elo 2263 (-17),51.0,https://badmintonranks.com/tournament?id=13710,1,Indonesia Open 2023,Anthony Sinisuka GINTING (2),2.0,2405,Jonatan CHRISTIE (6),7.0,2263
16/6/2023,Quarter final,MS,Viktor AXELSEN (1) Rank 1 Elo 2552 (+6),21-5 / 21-19,CHOU Tien Chen (5) Rank 8 Elo 2188 (-6),39.0,https://badmintonranks.com/tournament?id=13710,1,Indonesia Open 2023,Viktor AXELSEN (1),1.0,2552,CHOU Tien Chen (5),8.0,2188
16/6/2023,Quarter final,WD,BAEK Ha Na / LEE So Hee (5) Rank 2 Elo 2282 (+34),21-18 / 21-12,CHEN Qi Ming / JIA Yi Fan (1) Rank 1 Elo 2392 (-34),54.0,https://badmintonranks.com/tournament?id=13710,2,Indonesia Open 2023,BAEK Ha Na / LEE So Hee (5),2.0,2282,CHEN Qi Ming / JIA Yi Fan (1),1.0,2392
16/6/2023,Quarter final,WD,Yuki FUKUSHIMA / Sayaka HIROTA (7) Rank 9 Elo 2101 (+23),21-13 / 21-13,Apriyani RAHAYU / Siti Fadia Silva RAMADHANTI (4) Rank 6 Elo 2055 (-24),61.0,https://badmintonranks.com/tournament?id=13710,2,Indonesia Open 2023,Yuki FUKUSHIMA / Sayaka HIROTA (7),9.0,2101,Apriyani RAHAYU / Siti Fadia Silva RAMADHANTI (4),6.0,2055
16/6/2023,Quarter final,WD,Mayu MATSUMOTO / Wakana NAGAHARA Rank 10 Elo 2143 (+17),21-16 / 21-12,Rena MIYAURA / Ayako SAKURAMOTO Rank 17 Elo 2016 (-18),35.0,https://badmintonranks.com/tournament?id=13710,2,Indonesia Open 2023,Mayu MATSUMOTO / Wakana NAGAHARA,10.0,2143,Rena MIYAURA / Ayako SAKURAMOTO,17.0,2016
16/6/2023,Quarter final,MS,PRANNOY H. S. (7) Rank 9 Elo 2261 (+28),21-18 / 21-16,Kodai NARAOKA (3) Rank 4 Elo 2291 (-29),55.0,https://badmintonranks.com/tournament?id=13710,2,Indonesia Open 2023,PRANNOY H. S. (7),9.0,2261,Kodai NARAOKA (3),4.0,2291
16/6/2023,Quarter final,MD,Satwiksairaj RANKIREDDY / Chirag SHETTY (7) Rank 6 Elo 2123 (+30),21-13 / 21-13,Fajar ALFIAN / Muhammad Shohibul FIKRI (1) Rank 1 Elo 2164 (-30),41.0,https://badmintonranks.com/tournament?id=13710,2,Indonesia Open 2023,Satwiksairaj RANKIREDDY / Chirag SHETTY (7),6.0,2123,Fajar ALFIAN / Muhammad Shohibul FIKRI (1),1.0,2164
16/6/2023,Quarter final,XD,ZHENG Si Wei / HUANG Ya Qiong (1) Rank 1 Elo 2436 (+2),21-14 / 21-10,Mathias THYRRI / Amalie MAGELUND Rank 27 Elo 1897 (-3),31.0,https://badmintonranks.com/tournament?id=13710,2,Indonesia Open 2023,ZHENG Si Wei / HUANG Ya Qiong (1),1.0,2436,Mathias THYRRI / Amalie MAGELUND,27.0,1897
16/6/2023,Quarter final,WD,JEONG Na Eun / KIM Hye Rin (6) Rank 7 Elo 2037 (+32),21-19 / 12-21 / 21-18,ZHANG .. / ZHENG Yu (3) Rank 3 Elo 2107 (-32),97.0,https://badmintonranks.com/tournament?id=13710,2,Indonesia Open 2023,JEONG Na Eun / KIM Hye Rin (6),7.0,2037,ZHANG .. / ZHENG Yu (3),3.0,2107
16/6/2023,Quarter final,MS,LI Shi Feng Rank 10 Elo 2298 (+15),21-14 / 14-21 / 21-12,KIDAMBI Srikanth Rank 22 Elo 2139 (-16),69.0,https://badmintonranks.com/tournament?id=13710,2,Indonesia Open 2023,LI Shi Feng,10.0,2298,KIDAMBI Srikanth,22.0,2139
16/6/2023,Quarter final,WS,AN Se Young (2) Rank 2 Elo 2696 (+9),21-18 / 19-21 / 21-11,HE Bing Jiao (5) Rank 5 Elo 2419 (-9),82.0,https://badmintonranks.com/tournament?id=13710,2,Indonesia Open 2023,AN Se Young (2),2.0,2696,HE Bing Jiao (5),5.0,2419
16/6/2023,Quarter final,WS,CHEN Yu Fei (4) Rank 4 Elo 2511 (+5),21-11 / 21-19,KIM Ga Eun Rank 27 Elo 2123 (-5),47.0,https://badmintonranks.com/tournament?id=13710,2,Indonesia Open 2023,CHEN Yu Fei (4),4.0,2511,KIM Ga Eun,27.0,2123
16/6/2023,Quarter final,XD,FENG Yan Zhe / HUANG Dong Ping (6) Rank 5 Elo 2138 (+31),13-21 / 21-13 / 21-12,Dechapol PUAVARANUKROH / Sapsiree TAERATTANACHAI (3) Rank 2 Elo 2192 (-30),71.0,https://badmintonranks.com/tournament?id=13710,2,Indonesia Open 2023,FENG Yan Zhe / HUANG Dong Ping (6),5.0,2138,Dechapol PUAVARANUKROH / Sapsiree TAERATTANACHAI (3),2.0,2192
16/6/2023,Quarter final,XD,Yuta WATANABE / Arisa IGAKI (2) Rank 3 Elo 2259 (+12),21-11 / 21-18,Rinov RIVALDY / Pitha Haningtyas MENTARI Rank 15 Elo 2052 (-13),45.0,https://badmintonranks.com/tournament?id=13710,2,Indonesia Open 2023,Yuta WATANABE / Arisa IGAKI (2),3.0,2259,Rinov RIVALDY / Pitha Haningtyas MENTARI,15.0,2052
16/6/2023,Quarter final,WS,Carolina MARIN (6) Rank 6 Elo 2373 (+40),21-18 / 21-13,TAI Tzu Ying (3) Rank 3 Elo 2576 (-40),44.0,https://badmintonranks.com/tournament?id=13710,2,Indonesia Open 2023,Carolina MARIN (6),6.0,2373,TAI Tzu Ying (3),3.0,2576
16/6/2023,Quarter final,WS,Ratchanok INTANON (8) Rank 8 Elo 2224 (+46),18-21 / 25-23 / 21-16,Akane YAMAGUCHI (1) Rank 1 Elo 2579 (-47),73.0,https://badmintonranks.com/tournament?id=13710,2,Indonesia Open 2023,Ratchanok INTANON (8),8.0,2224,Akane YAMAGUCHI (1),1.0,2579
16/6/2023,Quarter final,XD,TANG Chun Man / TSE Ying Suet Rank 21 Elo 1982 (+32),21-15 / 23-25 / 21-18,Robin TABELING / Selena PIEK Rank 13 Elo 2029 (-31),69.0,https://badmintonranks.com/tournament?id=13710,2,Indonesia Open 2023,TANG Chun Man / TSE Ying Suet,21.0,1982,Robin TABELING / Selena PIEK,13.0,2029
15/6/2023,Round 2,MD,Pramudya KUSUMAWARDANA / Yeremia Erich Yoche Yacob RAMBITAN Rank 25 Elo 1970 (+35),18-21 / 21-19 / 23-21,Hendra SETIAWAN / Mohammad AHSAN (4) Rank 7 Elo 2079 (-33),54.0,https://badmintonranks.com/tournament?id=13710,2,Indonesia Open 2023,Pramudya KUSUMAWARDANA / Yeremia Erich Yoche Yacob RAMBITAN,25.0,1970,Hendra SETIAWAN / Mohammad AHSAN (4),7.0,2079
15/6/2023,Round 2,MD,LIANG Wei Keng / WANG Chang (6) Rank 2 Elo 2228 (+3),21-9 / 21-16,Keiichiro MATSUI / Yoshinori TAKEUTI Rank 36 Elo 1755 (-4),31.0,https://badmintonranks.com/tournament?id=13710,2,Indonesia Open 2023,LIANG Wei Keng / WANG Chang (6),2.0,2228,Keiichiro MATSUI / Yoshinori TAKEUTI,36.0,1755
15/6/2023,Round 2,WS,AN Se Young (2) Rank 2 Elo 2695 (+1),21-11 / 21-9,Kirsty GILMOUR Rank 33 Elo 1962 (-1),32.0,https://badmintonranks.com/tournament?id=13710,2,Indonesia Open 2023,AN Se Young (2),2.0,2695,Kirsty GILMOUR,33.0,1962
15/6/2023,Round 2,WS,HE Bing Jiao (5) Rank 5 Elo 2417 (+2),21-16 / 21-14,Yvonne LI Rank 26 Elo 1869 (-2),39.0,https://badmintonranks.com/tournament?id=13710,2,Indonesia Open 2023,HE Bing Jiao (5),5.0,2417,Yvonne LI,26.0,1869
15/6/2023,Round 2,WS,CHEN Yu Fei (4) Rank 4 Elo 2509 (+2),21-13 / 21-19,Saena KAWAKAMI Rank 24 Elo 1966 (-2),43.0,https://badmintonranks.com/tournament?id=13710,2,Indonesia Open 2023,CHEN Yu Fei (4),4.0,2509,Saena KAWAKAMI,24.0,1966
15/6/2023,Round 2,WD,Yuki FUKUSHIMA / Sayaka HIROTA (7) Rank 9 Elo 2094 (+7),15-21 / 21-17 / 21-8,LEE Chia.. / TENG Chun Hsun Rank 24 Elo 1781 (-9),70.0,https://badmintonranks.com/tournament?id=13710,3,Indonesia Open 2023,Yuki FUKUSHIMA / Sayaka HIROTA (7),9.0,2094,LEE Chia.. / TENG Chun Hsun,24.0,1781
15/6/2023,Round 2,WD,JEONG Na Eun / KIM Hye Rin (6) Rank 7 Elo 2025 (+12),23-21 / 21-11,YEUNG .. / YEUNG Pak Hon Rank 28 Elo 1810 (-14),51.0,https://badmintonranks.com/tournament?id=13710,3,Indonesia Open 2023,JEONG Na Eun / KIM Hye Rin (6),7.0,2025,YEUNG .. / YEUNG Pak Hon,28.0,1810
15/6/2023,Round 2,MS,CHOU Tien Chen (5) Rank 8 Elo 2170 (+18),21-16 / 21-8,Brian YANG Rank 26 Elo 2058 (-18),38.0,https://badmintonranks.com/tournament?id=13710,3,Indonesia Open 2023,CHOU Tien Chen (5),8.0,2170,Brian YANG,26.0,2058
15/6/2023,Round 2,MD,KANG Min Hyuk / SEO Seung Jae Rank 12 Elo 2129 (+29),21-18 / 21-14,Takuro HOKI / Yugo KOBAYASHI (3) Rank 4 Elo 2173 (-28),42.0,https://badmintonranks.com/tournament?id=13710,3,Indonesia Open 2023,KANG Min Hyuk / SEO Seung Jae,12.0,2129,Takuro HOKI / Yugo KOBAYASHI (3),4.0,2173
15/6/2023,Round 2,WD,Apriyani RAHAYU / Siti Fadia Silva RAMADHANTI (4) Rank 6 Elo 2048 (+7),21-13 / 21-10,Catherine CHOI / Josephine WU Rank 31 Elo 1718 (-10),32.0,https://badmintonranks.com/tournament?id=13710,3,Indonesia Open 2023,Apriyani RAHAYU / Siti Fadia Silva RAMADHANTI (4),6.0,2048,Catherine CHOI / Josephine WU,31.0,1718
15/6/2023,Round 2,WD,ZHANG .. / ZHENG Yu (3) Rank 3 Elo 2101 (+6),21-18 / 21-8,Meilysa Trias PUSPITASARI / Rachel Allessya ROSE Rank 42 Elo 1744 (-9),41.0,https://badmintonranks.com/tournament?id=13710,3,Indonesia Open 2023,ZHANG .. / ZHENG Yu (3),3.0,2101,Meilysa Trias PUSPITASARI / Rachel Allessya ROSE,42.0,1744
15/6/2023,Round 2,MS,Anthony Sinisuka GINTING (2) Rank 2 Elo 2401 (+4),20-22 / 21-15 / 21-15,Priyanshu RAJAWAT Rank 34 Elo 1941 (-3),63.0,https://badmintonranks.com/tournament?id=13710,3,Indonesia Open 2023,Anthony Sinisuka GINTING (2),2.0,2401,Priyanshu RAJAWAT,34.0,1941
15/6/2023,Round 2,MD,Fajar ALFIAN / Muhammad Shohibul FIKRI (1) Rank 1 Elo 2151 (+13),21-14 / 21-17,REN Xiang Yu / TAN Qiang Rank 19 Elo 1969 (-14),40.0,https://badmintonranks.com/tournament?id=13710,3,Indonesia Open 2023,Fajar ALFIAN / Muhammad Shohibul FIKRI (1),1.0,2151,REN Xiang Yu / TAN Qiang,19.0,1969
15/6/2023,Round 2,WS,KIM Ga Eun Rank 27 Elo 2086 (+37),21-19 / 22-20,WANG Zhi Yi (7) Rank 7 Elo 2236 (-35),47.0,https://badmintonranks.com/tournament?id=13710,3,Indonesia Open 2023,KIM Ga Eun,27.0,2086,WANG Zhi Yi (7),7.0,2236
15/6/2023,Round 2,MD,Leo Rolly CARNANDO / Daniel MARTHIN Rank 10 Elo 2030 (+32),22-20 / 21-17,ONG Yew Sin / TEO Ee Yi (8) Rank 8 Elo 2105 (-31),42.0,https://badmintonranks.com/tournament?id=13710,3,Indonesia Open 2023,Leo Rolly CARNANDO / Daniel MARTHIN,10.0,2030,ONG Yew Sin / TEO Ee Yi (8),8.0,2105
15/6/2023,Round 2,MS,Jonatan CHRISTIE (6) Rank 7 Elo 2250 (+13),19-21 / 21-11 / 21-11,Toma Junior POPOV Rank 27 Elo 2049 (-13),64.0,https://badmintonranks.com/tournament?id=13710,3,Indonesia Open 2023,Jonatan CHRISTIE (6),7.0,2250,Toma Junior POPOV,27.0,2049
15/6/2023,Round 2,XD,FENG Yan Zhe / HUANG Dong Ping (6) Rank 5 Elo 2110 (+28),21-9 / 21-19,Mathias THYRRI / Alexandra BOE Rank 9 Elo 2148 (-29),42.0,https://badmintonranks.com/tournament?id=13710,3,Indonesia Open 2023,FENG Yan Zhe / HUANG Dong Ping (6),5.0,2110,Mathias THYRRI / Alexandra BOE,9.0,2148
15/6/2023,Round 2,MS,Viktor AXELSEN (1) Rank 1 Elo 2550 (+2),21-8 / 21-13,WANG Tzu Wei Rank 28 Elo 1983 (-2),43.0,https://badmintonranks.com/tournament?id=13710,3,Indonesia Open 2023,Viktor AXELSEN (1),1.0,2550,WANG Tzu Wei,28.0,1983
15/6/2023,Round 2,MD,Satwiksairaj RANKIREDDY / Chirag SHETTY (7) Rank 6 Elo 2106 (+17),21-17 / 21-15,HE Ji Ting / ZHOU Hao Dong Rank 14 Elo 1983 (-18),46.0,https://badmintonranks.com/tournament?id=13710,3,Indonesia Open 2023,Satwiksairaj RANKIREDDY / Chirag SHETTY (7),6.0,2106,HE Ji Ting / ZHOU Hao Dong,14.0,1983
15/6/2023,Round 2,MD,Akira KOGA / Taichi SAITO Rank 24 Elo 1988 (+34),18-21 / 24-22 / 21-16,LIU Yu Chen / OU Xuan Yi (5) Rank 5 Elo 2090 (-34),71.0,https://badmintonranks.com/tournament?id=13710,3,Indonesia Open 2023,Akira KOGA / Taichi SAITO,24.0,1988,LIU Yu Chen / OU Xuan Yi (5),5.0,2090
15/6/2023,Round 2,WD,BAEK Ha Na / LEE So Hee (5) Rank 2 Elo 2273 (+9),21-15 / 17-21 / 21-10,Rin IWANAGA / Kie NAKANISHI Rank 18 Elo 1991 (-9),85.0,https://badmintonranks.com/tournament?id=13710,3,Indonesia Open 2023,BAEK Ha Na / LEE So Hee (5),2.0,2273,Rin IWANAGA / Kie NAKANISHI,18.0,1991
15/6/2023,Round 2,WD,CHEN Qi Ming / JIA Yi Fan (1) Rank 1 Elo 2390 (+2),21-11 / 21-12,Febriana Dwipuji KUSUMA / Amallia Cahaya PRATIWI Rank 13 Elo 1858 (-3),39.0,https://badmintonranks.com/tournament?id=13710,3,Indonesia Open 2023,CHEN Qi Ming / JIA Yi Fan (1),1.0,2390,Febriana Dwipuji KUSUMA / Amallia Cahaya PRATIWI,13.0,1858
15/6/2023,Round 2,MS,PRANNOY H. S. (7) Rank 9 Elo 2237 (+24),21-18 / 21-16,NG Ka Long Angus Rank 16 Elo 2216 (-24),43.0,https://badmintonranks.com/tournament?id=13710,3,Indonesia Open 2023,PRANNOY H. S. (7),9.0,2237,NG Ka Long Angus,16.0,2216
15/6/2023,Round 2,WD,Rena MIYAURA / Ayako SAKURAMOTO Rank 17 Elo 1990 (+26),13-21 / 21-16 / 21-18,Jongkolphan KITITHARAKUL / Rawinda PRAJONGJAI Rank 8 Elo 1984 (-26),69.0,https://badmintonranks.com/tournament?id=13710,3,Indonesia Open 2023,Rena MIYAURA / Ayako SAKURAMOTO,17.0,1990,Jongkolphan KITITHARAKUL / Rawinda PRAJONGJAI,8.0,1984
15/6/2023,Round 2,WS,Akane YAMAGUCHI (1) Rank 1 Elo 2578 (+1),21-15 / 21-11,Putri Kusuma WARDANI Rank 39 Elo 1932 (-1),36.0,https://badmintonranks.com/tournament?id=13710,3,Indonesia Open 2023,Akane YAMAGUCHI (1),1.0,2578,Putri Kusuma WARDANI,39.0,1932
15/6/2023,Round 2,MS,Kodai NARAOKA (3) Rank 4 Elo 2263 (+28),17-21 / 21-12 / 21-18,SHI Yu Qi Rank 6 Elo 2297 (-28),80.0,https://badmintonranks.com/tournament?id=13710,4,Indonesia Open 2023,Kodai NARAOKA (3),4.0,2263,SHI Yu Qi,6.0,2297
15/6/2023,Round 2,XD,Dechapol PUAVARANUKROH / Sapsiree TAERATTANACHAI (3) Rank 2 Elo 2174 (+18),21-17 / 21-19,JIANG Zhen Bang / WEI Ya Xin Rank 10 Elo 2075 (-18),40.0,https://badmintonranks.com/tournament?id=13710,4,Indonesia Open 2023,Dechapol PUAVARANUKROH / Sapsiree TAERATTANACHAI (3),2.0,2174,JIANG Zhen Bang / WEI Ya Xin,10.0,2075
15/6/2023,Round 2,MD,Aaron CHIA / SOH Wooi Yik (2) Rank 3 Elo 2138 (+21),21-19 / 21-16,CHOI Sol Gyu / KIM Won Ho Rank 9 Elo 2067 (-21),38.0,https://badmintonranks.com/tournament?id=13710,4,Indonesia Open 2023,Aaron CHIA / SOH Wooi Yik (2),3.0,2138,CHOI Sol Gyu / KIM Won Ho,9.0,2067
15/6/2023,Round 2,WS,TAI Tzu Ying (3) Rank 3 Elo 2571 (+5),21-18 / 21-16,PUSARLA V. Sindhu Rank 14 Elo 2204 (-6),39.0,https://badmintonranks.com/tournament?id=13710,4,Indonesia Open 2023,TAI Tzu Ying (3),3.0,2571,PUSARLA V. Sindhu,14.0,2204
15/6/2023,Round 2,XD,Robin TABELING / Selena PIEK Rank 13 Elo 1991 (+38),21-17 / 21-17,SEO Seung Jae / CHAE Yu Jung (4) Rank 4 Elo 2137 (-36),42.0,https://badmintonranks.com/tournament?id=13710,4,Indonesia Open 2023,Robin TABELING / Selena PIEK,13.0,1991,SEO Seung Jae / CHAE Yu Jung (4),4.0,2137
15/6/2023,Round 2,XD,Rinov RIVALDY / Pitha Haningtyas MENTARI Rank 15 Elo 2040 (+12),21-17 / 21-16,TAN Kian Meng / LAI Pei Jing Rank 18 Elo 1823 (-14),47.0,https://badmintonranks.com/tournament?id=13710,4,Indonesia Open 2023,Rinov RIVALDY / Pitha Haningtyas MENTARI,15.0,2040,TAN Kian Meng / LAI Pei Jing,18.0,1823
15/6/2023,Round 2,XD,Yuta WATANABE / Arisa IGAKI (2) Rank 3 Elo 2252 (+7),16-21 / 21-13 / 21-13,LEE Chun Hei / NG Tsz Yau Rank 23 Elo 1915 (-7),62.0,https://badmintonranks.com/tournament?id=13710,4,Indonesia Open 2023,Yuta WATANABE / Arisa IGAKI (2),3.0,2252,LEE Chun Hei / NG Tsz Yau,23.0,1915
15/6/2023,Round 2,MS,KIDAMBI Srikanth Rank 22 Elo 2108 (+31),21-17 / 22-20,Lakshya SEN Rank 20 Elo 2169 (-30),45.0,https://badmintonranks.com/tournament?id=13710,4,Indonesia Open 2023,KIDAMBI Srikanth,22.0,2108,Lakshya SEN,20.0,2169
15/6/2023,Round 2,WD,Mayu MATSUMOTO / Wakana NAGAHARA Rank 10 Elo 2121 (+22),9-21 / 21-9 / 21-12,Benyapa AIMSAARD / Nuntakarn AIMSAARD Rank 11 Elo 2068 (-22),49.0,https://badmintonranks.com/tournament?id=13710,4,Indonesia Open 2023,Mayu MATSUMOTO / Wakana NAGAHARA,10.0,2121,Benyapa AIMSAARD / Nuntakarn AIMSAARD,11.0,2068
15/6/2023,Round 2,WS,Ratchanok INTANON (8) Rank 8 Elo 2192 (+32),21-13 / 21-17,Pornpawee CHOCHUWONG Rank 11 Elo 2276 (-31),42.0,https://badmintonranks.com/tournament?id=13710,4,Indonesia Open 2023,Ratchanok INTANON (8),8.0,2192,Pornpawee CHOCHUWONG,11.0,2276
15/6/2023,Round 2,XD,TANG Chun Man / TSE Ying Suet Rank 21 Elo 1952 (+30),21-17 / 21-14,Praveen JORDAN / Melati Daeva OKTAVIANTI Rank 28 Elo 1991 (-30),35.0,https://badmintonranks.com/tournament?id=13710,4,Indonesia Open 2023,TANG Chun Man / TSE Ying Suet,21.0,1952,Praveen JORDAN / Melati Daeva OKTAVIANTI,28.0,1991
15/6/2023,Round 2,WS,Carolina MARIN (6) Rank 6 Elo 2367 (+6),26-24 / 23-21,YEO Jia Min Rank 28 Elo 2025 (-6),60.0,https://badmintonranks.com/tournament?id=13710,4,Indonesia Open 2023,Carolina MARIN (6),6.0,2367,YEO Jia Min,28.0,2025
15/6/2023,Round 2,XD,Mathias THYRRI / Amalie MAGELUND Rank 27 Elo 1858 (+39),21-14 / 21-16,Rehan Naufal KUSHARJANTO / Lisa Ayu KUSUMAWATI Rank 12 Elo 1966 (-35),39.0,https://badmintonranks.com/tournament?id=13710,4,Indonesia Open 2023,Mathias THYRRI / Amalie MAGELUND,27.0,1858,Rehan Naufal KUSHARJANTO / Lisa Ayu KUSUMAWATI,12.0,1966
15/6/2023,Round 2,XD,ZHENG Si Wei / HUANG Ya Qiong (1) Rank 1 Elo 2434 (+2),21-14 / 21-17,Hiroki MIDORIKAWA / Natsu SAITO Rank 24 Elo 1877 (-3),32.0,https://badmintonranks.com/tournament?id=13710,4,Indonesia Open 2023,ZHENG Si Wei / HUANG Ya Qiong (1),1.0,2434,Hiroki MIDORIKAWA / Natsu SAITO,24.0,1877
15/6/2023,Round 2,MS,LI Shi Feng Rank 10 Elo 2280 (+18),21-19 / 21-14,LOH Kean Yew (4) Rank 5 Elo 2176 (-18),44.0,https://badmintonranks.com/tournament?id=13710,4,Indonesia Open 2023,LI Shi Feng,10.0,2280,LOH Kean Yew (4),5.0,2176
14/6/2023,Round 1,WS,Yvonne LI Rank 26 Elo 1848 (+21),21-16 / 21-15,Clara AZURMENDI Rank 40 Elo 1738 (-25),36.0,https://badmintonranks.com/tournament?id=13710,4,Indonesia Open 2023,Yvonne LI,26.0,1848,Clara AZURMENDI,40.0,1738
14/6/2023,Round 1,WS,Saena KAWAKAMI Rank 24 Elo 1940 (+26),21-15 / 21-7,Aya OHORI Rank 21 Elo 1923 (-26),30.0,https://badmintonranks.com/tournament?id=13710,4,Indonesia Open 2023,Saena KAWAKAMI,24.0,1940,Aya OHORI,21.0,1923
14/6/2023,Round 1,MD,LIANG Wei Keng / WANG Chang (6) Rank 2 Elo 2226 (+2),21-13 / 21-13,Kevin LEE / Ty Alexander LEONG Rank 46 Elo 1695 (-4),23.0,https://badmintonranks.com/tournament?id=13710,4,Indonesia Open 2023,LIANG Wei Keng / WANG Chang (6),2.0,2226,Kevin LEE / Ty Alexander LEONG,46.0,1695
14/6/2023,Round 1,WS,CHEN Yu Fei (4) Rank 4 Elo 2507 (+2),21-17 / 21-11,Natsuki NIDAIRA Rank 25 Elo 1968 (-2),40.0,https://badmintonranks.com/tournament?id=13710,4,Indonesia Open 2023,CHEN Yu Fei (4),4.0,2507,Natsuki NIDAIRA,25.0,1968
14/6/2023,Round 1,MS,Priyanshu RAJAWAT Rank 34 Elo 1941 (+0),W.O.,Kunlavut VITIDSARN Rank 3 Elo 2406 (-0),0.0,https://badmintonranks.com/tournament?id=13710,4,Indonesia Open 2023,Priyanshu RAJAWAT,34.0,1941,Kunlavut VITIDSARN,3.0,2406
14/6/2023,Round 1,WD,Yuki FUKUSHIMA / Sayaka HIROTA (7) Rank 9 Elo 2088 (+6),21-11 / 21-17,Chloe COBB / Lauren SMITH Rank 25 Elo 1739 (-8),37.0,https://badmintonranks.com/tournament?id=13710,5,Indonesia Open 2023,Yuki FUKUSHIMA / Sayaka HIROTA (7),9.0,2088,Chloe COBB / Lauren SMITH,25.0,1739
14/6/2023,Round 1,WS,HE Bing Jiao (5) Rank 5 Elo 2414 (+3),21-23 / 21-10 / 21-13,PAI Yu Po Rank 23 Elo 1939 (-4),60.0,https://badmintonranks.com/tournament?id=13710,5,Indonesia Open 2023,HE Bing Jiao (5),5.0,2414,PAI Yu Po,23.0,1939
14/6/2023,Round 1,MD,Keiichiro MATSUI / Yoshinori TAKEUTI Rank 36 Elo 1688 (+67),19-21 / 21-15 / 21-19,MAN Wei Chong / TEE Kai Wun Rank 22 Elo 1933 (-44),66.0,https://badmintonranks.com/tournament?id=13710,5,Indonesia Open 2023,Keiichiro MATSUI / Yoshinori TAKEUTI,36.0,1688,MAN Wei Chong / TEE Kai Wun,22.0,1933
14/6/2023,Round 1,XD,Robin TABELING / Selena PIEK Rank 13 Elo 1961 (+30),22-24 / 21-12 / 21-19,Kyohei YAMASHITA / Naru SHINOYA Rank 17 Elo 2004 (-29),71.0,https://badmintonranks.com/tournament?id=13710,5,Indonesia Open 2023,Robin TABELING / Selena PIEK,13.0,1961,Kyohei YAMASHITA / Naru SHINOYA,17.0,2004
14/6/2023,Round 1,WD,LEE Chia.. / TENG Chun Hsun Rank 24 Elo 1767 (+14),21-14 / 21-19,Debora JILLE / Cheryl SEINEN Rank 32 Elo 1537 (-29),43.0,https://badmintonranks.com/tournament?id=13710,5,Indonesia Open 2023,LEE Chia.. / TENG Chun Hsun,24.0,1767,Debora JILLE / Cheryl SEINEN,32.0,1537
14/6/2023,Round 1,MD,CHOI Sol Gyu / KIM Won Ho Rank 9 Elo 2063 (+4),21-18 / 11-4 Ret.,SU Ching Heng / YE Hong Rank 27 Elo 1797 (-4),27.0,https://badmintonranks.com/tournament?id=13710,5,Indonesia Open 2023,CHOI Sol Gyu / KIM Won Ho,9.0,2063,SU Ching Heng / YE Hong,27.0,1797
14/6/2023,Round 1,MD,Takuro HOKI / Yugo KOBAYASHI (3) Rank 4 Elo 2168 (+5),21-19 / 21-16,Alexander DUNN / Adam HALL Rank 26 Elo 1807 (-7),37.0,https://badmintonranks.com/tournament?id=13710,5,Indonesia Open 2023,Takuro HOKI / Yugo KOBAYASHI (3),4.0,2168,Alexander DUNN / Adam HALL,26.0,1807
14/6/2023,Round 1,WD,CHEN Qi Ming / JIA Yi Fan (1) Rank 1 Elo 2386 (+4),21-17 / 21-16,LI Wen Mei / LIU Xuan Xuan Rank 15 Elo 1954 (-5),48.0,https://badmintonranks.com/tournament?id=13710,5,Indonesia Open 2023,CHEN Qi Ming / JIA Yi Fan (1),1.0,2386,LI Wen Mei / LIU Xuan Xuan,15.0,1954
14/6/2023,Round 1,WD,BAEK Ha Na / LEE So Hee (5) Rank 2 Elo 2270 (+3),21-16 / 21-12,Rui HIROKAMI / Yuna KATO Rank 19 Elo 1809 (-4),48.0,https://badmintonranks.com/tournament?id=13710,5,Indonesia Open 2023,BAEK Ha Na / LEE So Hee (5),2.0,2270,Rui HIROKAMI / Yuna KATO,19.0,1809
14/6/2023,Round 1,MD,Pramudya KUSUMAWARDANA / Yeremia Erich Yoche Yacob RAMBITAN Rank 25 Elo 1942 (+28),21-15 / 13-21 / 21-14,Ben LANE / Sean VENDY Rank 17 Elo 1944 (-27),56.0,https://badmintonranks.com/tournament?id=13710,5,Indonesia Open 2023,Pramudya KUSUMAWARDANA / Yeremia Erich Yoche Yacob RAMBITAN,25.0,1942,Ben LANE / Sean VENDY,17.0,1944
14/6/2023,Round 1,XD,Mathias THYRRI / Alexandra BOE Rank 9 Elo 2141 (+7),21-17 / 20-22 / 21-9,YANG Po Hsuan / HU Ling Fang Rank 30 Elo 1822 (-9),60.0,https://badmintonranks.com/tournament?id=13710,5,Indonesia Open 2023,Mathias THYRRI / Alexandra BOE,9.0,2141,YANG Po Hsuan / HU Ling Fang,30.0,1822
14/6/2023,Round 1,WD,Catherine CHOI / Josephine WU Rank 31 Elo 1691 (+27),21-17 / 21-12,Ridya Aul.. / Kelly LARI.. Rank 70 Elo 1566 (-40),30.0,https://badmintonranks.com/tournament?id=13710,5,Indonesia Open 2023,Catherine CHOI / Josephine WU,31.0,1691,Ridya Aul.. / Kelly LARI..,70.0,1566
14/6/2023,Round 1,WD,Benyapa AIMSAARD / Nuntakarn AIMSAARD Rank 11 Elo 2064 (+4),21-11 / 21-15,Annie XU / Kerry XU Rank 36 Elo 1661 (-8),28.0,https://badmintonranks.com/tournament?id=13710,5,Indonesia Open 2023,Benyapa AIMSAARD / Nuntakarn AIMSAARD,11.0,2064,Annie XU / Kerry XU,36.0,1661
14/6/2023,Round 1,MS,Anthony Sinisuka GINTING (2) Rank 2 Elo 2398 (+3),21-8 / 21-10,Hans-Kristian Solberg VITTINGHUS Rank 39 Elo 1927 (-4),31.0,https://badmintonranks.com/tournament?id=13710,5,Indonesia Open 2023,Anthony Sinisuka GINTING (2),2.0,2398,Hans-Kristian Solberg VITTINGHUS,39.0,1927
14/6/2023,Round 1,XD,SEO Seung Jae / CHAE Yu Jung (4) Rank 4 Elo 2125 (+12),21-15 / 21-17,Dejan FERDINANSYAH / Gloria Emanuelle WIDJAJA Rank 14 Elo 1922 (-13),51.0,https://badmintonranks.com/tournament?id=13710,5,Indonesia Open 2023,SEO Seung Jae / CHAE Yu Jung (4),4.0,2125,Dejan FERDINANSYAH / Gloria Emanuelle WIDJAJA,14.0,1922
14/6/2023,Round 1,MS,Toma Junior POPOV Rank 27 Elo 2016 (+33),21-18 / 21-15,LIN Chun-Yi Rank 24 Elo 2107 (-32),51.0,https://badmintonranks.com/tournament?id=13710,5,Indonesia Open 2023,Toma Junior POPOV,27.0,2016,LIN Chun-Yi,24.0,2107
14/6/2023,Round 1,MD,LIU Yu Chen / OU Xuan Yi (5) Rank 5 Elo 2078 (+12),16-21 / 21-19 / 21-15,Kim ASTRUP / Anders Skaarup RASMUSSEN Rank 11 Elo 1866 (-13),67.0,https://badmintonranks.com/tournament?id=13710,5,Indonesia Open 2023,LIU Yu Chen / OU Xuan Yi (5),5.0,2078,Kim ASTRUP / Anders Skaarup RASMUSSEN,11.0,1866
14/6/2023,Round 1,WS,WANG Zhi Yi (7) Rank 7 Elo 2234 (+2),21-11 / 21-9,THET Htar Thuzar Rank 57 Elo 1730 (-4),28.0,https://badmintonranks.com/tournament?id=13710,5,Indonesia Open 2023,WANG Zhi Yi (7),7.0,2234,THET Htar Thuzar,57.0,1730
14/6/2023,Round 1,MD,Aaron CHIA / SOH Wooi Yik (2) Rank 3 Elo 2117 (+21),21-16 / 21-12,Muhammad Shohibul FIKRI / Bagas MAULANA Rank 13 Elo 2059 (-22),33.0,https://badmintonranks.com/tournament?id=13710,5,Indonesia Open 2023,Aaron CHIA / SOH Wooi Yik (2),3.0,2117,Muhammad Shohibul FIKRI / Bagas MAULANA,13.0,2059
14/6/2023,Round 1,MS,Kodai NARAOKA (3) Rank 4 Elo 2236 (+27),14-21 / 21-7 / 21-17,Anders ANTONSEN Rank 18 Elo 2264 (-27),82.0,https://badmintonranks.com/tournament?id=13710,5,Indonesia Open 2023,Kodai NARAOKA (3),4.0,2236,Anders ANTONSEN,18.0,2264
14/6/2023,Round 1,XD,TAN Kian Meng / LAI Pei Jing Rank 18 Elo 1792 (+31),21-14 / 21-13,Gregory MAIRS / Jenny MAINZER Rank 29 Elo 1773 (-32),37.0,https://badmintonranks.com/tournament?id=13710,6,Indonesia Open 2023,TAN Kian Meng / LAI Pei Jing,18.0,1792,Gregory MAIRS / Jenny MAINZER,29.0,1773
14/6/2023,Round 1,MD,Hendra SETIAWAN / Mohammad AHSAN (4) Rank 7 Elo 2074 (+5),21-16 / 21-17,Supak JOMKOH / Kittinupong KEDREN Rank 29 Elo 1681 (-8),30.0,https://badmintonranks.com/tournament?id=13710,6,Indonesia Open 2023,Hendra SETIAWAN / Mohammad AHSAN (4),7.0,2074,Supak JOMKOH / Kittinupong KEDREN,29.0,1681
14/6/2023,Round 1,WD,Apriyani RAHAYU / Siti Fadia Silva RAMADHANTI (4) Rank 6 Elo 2042 (+6),26-24 / 21-15,Linda EFLER / Isabel LOHAU Rank 34 Elo 1682 (-9),52.0,https://badmintonranks.com/tournament?id=13710,6,Indonesia Open 2023,Apriyani RAHAYU / Siti Fadia Silva RAMADHANTI (4),6.0,2042,Linda EFLER / Isabel LOHAU,34.0,1682
14/6/2023,Round 1,XD,Praveen JORDAN / Melati Daeva OKTAVIANTI Rank 28 Elo 1979 (+12),21-16 / 21-9,CHAN Peng Soon / CHEAH Yee See Rank 33 Elo 1760 (-16),36.0,https://badmintonranks.com/tournament?id=13710,6,Indonesia Open 2023,Praveen JORDAN / Melati Daeva OKTAVIANTI,28.0,1979,CHAN Peng Soon / CHEAH Yee See,33.0,1760
14/6/2023,Round 1,MS,Jonatan CHRISTIE (6) Rank 7 Elo 2229 (+21),21-17 / 21-10,Kanta TSUNEYAMA Rank 15 Elo 2173 (-22),39.0,https://badmintonranks.com/tournament?id=13710,6,Indonesia Open 2023,Jonatan CHRISTIE (6),7.0,2229,Kanta TSUNEYAMA,15.0,2173
14/6/2023,Round 1,WD,Mayu MATSUMOTO / Wakana NAGAHARA Rank 10 Elo 2089 (+32),21-17 / 21-16,KIM So Yeong / KONG Hee Yong (8) Rank 4 Elo 2170 (-32),45.0,https://badmintonranks.com/tournament?id=13710,6,Indonesia Open 2023,Mayu MATSUMOTO / Wakana NAGAHARA,10.0,2089,KIM So Yeong / KONG Hee Yong (8),4.0,2170
14/6/2023,Round 1,MS,KIDAMBI Srikanth Rank 22 Elo 2074 (+34),21-13 / 21-19,LU Guang Zu Rank 13 Elo 2196 (-34),46.0,https://badmintonranks.com/tournament?id=13710,6,Indonesia Open 2023,KIDAMBI Srikanth,22.0,2074,LU Guang Zu,13.0,2196
14/6/2023,Round 1,XD,Rinov RIVALDY / Pitha Haningtyas MENTARI Rank 15 Elo 2013 (+27),21-14 / 21-15,Thom GICQUEL / Delphine DELRUE (5) Rank 7 Elo 2024 (-27),38.0,https://badmintonranks.com/tournament?id=13710,6,Indonesia Open 2023,Rinov RIVALDY / Pitha Haningtyas MENTARI,15.0,2013,Thom GICQUEL / Delphine DELRUE (5),7.0,2024
14/6/2023,Round 1,MD,Akira KOGA / Taichi SAITO Rank 24 Elo 1954 (+34),21-18 / 17-21 / 21-12,LEE Yang / WANG Chang Rank 18 Elo 2039 (-33),66.0,https://badmintonranks.com/tournament?id=13710,6,Indonesia Open 2023,Akira KOGA / Taichi SAITO,24.0,1954,LEE Yang / WANG Chang,18.0,2039
14/6/2023,Round 1,WD,Rena MIYAURA / Ayako SAKURAMOTO Rank 17 Elo 1948 (+42),21-16 / 19-21 / 21-17,Nami MATSUYAMA / Chiharu SHIDA (2) Rank 5 Elo 2153 (-39),60.0,https://badmintonranks.com/tournament?id=13710,6,Indonesia Open 2023,Rena MIYAURA / Ayako SAKURAMOTO,17.0,1948,Nami MATSUYAMA / Chiharu SHIDA (2),5.0,2153
14/6/2023,Round 1,MS,Lakshya SEN Rank 20 Elo 2137 (+32),21-17 / 21-13,LEE Zii Jia (8) Rank 11 Elo 2214 (-31),33.0,https://badmintonranks.com/tournament?id=13710,6,Indonesia Open 2023,Lakshya SEN,20.0,2137,LEE Zii Jia (8),11.0,2214
14/6/2023,Round 1,WS,AN Se Young (2) Rank 2 Elo 2695 (+0),21-10 / 21-4,AAKARSHI KASHYAP Rank 43 Elo 1708 (-0),28.0,https://badmintonranks.com/tournament?id=13710,6,Indonesia Open 2023,AN Se Young (2),2.0,2695,AAKARSHI KASHYAP,43.0,1708
14/6/2023,Round 1,WS,KIM Ga Eun Rank 27 Elo 2049 (+37),22-24 / 21-17 / 23-21,Michelle LI Rank 13 Elo 2207 (-36),70.0,https://badmintonranks.com/tournament?id=13710,6,Indonesia Open 2023,KIM Ga Eun,27.0,2049,Michelle LI,13.0,2207
14/6/2023,Round 1,MS,LOH Kean Yew (4) Rank 5 Elo 2157 (+19),21-15 / 23-21,Chico Aura DWI WARDOYO Rank 23 Elo 2068 (-19),45.0,https://badmintonranks.com/tournament?id=13710,6,Indonesia Open 2023,LOH Kean Yew (4),5.0,2157,Chico Aura DWI WARDOYO,23.0,2068
14/6/2023,Round 1,XD,TANG Chun Man / TSE Ying Suet Rank 21 Elo 1906 (+46),21-8 / 14-21 / 21-10,KIM Won Ho / JEONG Na Eun (8) Rank 6 Elo 2171 (-42),53.0,https://badmintonranks.com/tournament?id=13710,6,Indonesia Open 2023,TANG Chun Man / TSE Ying Suet,21.0,1906,KIM Won Ho / JEONG Na Eun (8),6.0,2171
14/6/2023,Round 1,XD,LEE Chun Hei / NG Tsz Yau Rank 23 Elo 1885 (+30),18-21 / 21-19 / 23-21,YE Hong / LEE Chia Hsin Rank 22 Elo 1898 (-30),62.0,https://badmintonranks.com/tournament?id=13710,6,Indonesia Open 2023,LEE Chun Hei / NG Tsz Yau,23.0,1885,YE Hong / LEE Chia Hsin,22.0,1898
14/6/2023,Round 1,WD,Jongkolphan KITITHARAKUL / Rawinda PRAJONGJAI Rank 8 Elo 1974 (+10),21-9 / 21-8,JIN Yu Jia / WONG Jia Lin Rank 23 Elo 1718 (-14),29.0,https://badmintonranks.com/tournament?id=13710,6,Indonesia Open 2023,Jongkolphan KITITHARAKUL / Rawinda PRAJONGJAI,8.0,1974,JIN Yu Jia / WONG Jia Lin,23.0,1718
14/6/2023,Round 1,WS,Kirsty GILMOUR Rank 33 Elo 1925 (+37),21-16 / 21-11,ZHANG Beiwen Rank 15 Elo 2041 (-35),31.0,https://badmintonranks.com/tournament?id=13710,6,Indonesia Open 2023,Kirsty GILMOUR,33.0,1925,ZHANG Beiwen,15.0,2041
14/6/2023,Round 1,MS,LI Shi Feng Rank 10 Elo 2261 (+19),21-18 / 9-21 / 21-19,LEE Cheuk Yiu Rank 14 Elo 2173 (-19),70.0,https://badmintonranks.com/tournament?id=13710,6,Indonesia Open 2023,LI Shi Feng,10.0,2261,LEE Cheuk Yiu,14.0,2173
14/6/2023,Round 1,WS,Akane YAMAGUCHI (1) Rank 1 Elo 2575 (+3),6-21 / 21-7 / 22-20,ZHANG Yi Man Rank 17 Elo 2101 (-4),51.0,https://badmintonranks.com/tournament?id=13710,6,Indonesia Open 2023,Akane YAMAGUCHI (1),1.0,2575,ZHANG Yi Man,17.0,2101
14/6/2023,Round 1,XD,Yuta WATANABE / Arisa IGAKI (2) Rank 3 Elo 2244 (+8),12-21 / 21-13 / 21-7,Supak JOMKOH / Supissara PACHARAMONGKOL Rank 11 Elo 1971 (-9),47.0,https://badmintonranks.com/tournament?id=13710,7,Indonesia Open 2023,Yuta WATANABE / Arisa IGAKI (2),3.0,2244,Supak JOMKOH / Supissara PACHARAMONGKOL,11.0,1971
13/6/2023,Round 1,WS,Carolina MARIN (6) Rank 6 Elo 2364 (+3),21-11 / 21-11,GOH Jin Wei Rank 31 Elo 1915 (-4),34.0,https://badmintonranks.com/tournament?id=13710,7,Indonesia Open 2023,Carolina MARIN (6),6.0,2364,GOH Jin Wei,31.0,1915
13/6/2023,Round 1,WD,JEONG Na Eun / KIM Hye Rin (6) Rank 7 Elo 2023 (+2),21-15 / 21-7,Srivedya GURAZADA / Ishika JAISWAL Rank 40 Elo 1484 (-7),31.0,https://badmintonranks.com/tournament?id=13710,7,Indonesia Open 2023,JEONG Na Eun / KIM Hye Rin (6),7.0,2023,Srivedya GURAZADA / Ishika JAISWAL,40.0,1484
13/6/2023,Round 1,WD,YEUNG .. / YEUNG Pak Hon Rank 28 Elo 1796 (+14),21-16 / 21-17,Julie MACPHERSON / Ciara TORRANCE Rank 33 Elo 1577 (-26),38.0,https://badmintonranks.com/tournament?id=13710,7,Indonesia Open 2023,YEUNG .. / YEUNG Pak Hon,28.0,1796,Julie MACPHERSON / Ciara TORRANCE,33.0,1577
13/6/2023,Round 1,MD,Leo Rolly CARNANDO / Daniel MARTHIN Rank 10 Elo 2015 (+15),23-21 / 8-21 / 21-12,Ayato ENDO / Yuta TAKEI Rank 28 Elo 1854 (-17),63.0,https://badmintonranks.com/tournament?id=13710,7,Indonesia Open 2023,Leo Rolly CARNANDO / Daniel MARTHIN,10.0,2015,Ayato ENDO / Yuta TAKEI,28.0,1854
13/6/2023,Round 1,MD,HE Ji Ting / ZHOU Hao Dong Rank 14 Elo 1972 (+11),21-12 / 21-23 / 21-9,Lucas CORVEE / Ronan LABAR Rank 32 Elo 1745 (-15),57.0,https://badmintonranks.com/tournament?id=13710,7,Indonesia Open 2023,HE Ji Ting / ZHOU Hao Dong,14.0,1972,Lucas CORVEE / Ronan LABAR,32.0,1745
13/6/2023,Round 1,MS,Viktor AXELSEN (1) Rank 1 Elo 2546 (+4),21-12 / 21-8,WENG Hong Yang Rank 25 Elo 2128 (-5),36.0,https://badmintonranks.com/tournament?id=13710,7,Indonesia Open 2023,Viktor AXELSEN (1),1.0,2546,WENG Hong Yang,25.0,2128
13/6/2023,Round 1,XD,Mathias THYRRI / Amalie MAGELUND Rank 27 Elo 1832 (+26),21-19 / 21-12,Marcus ELLIS / Lauren SMITH Rank 46 Elo 1779 (-28),37.0,https://badmintonranks.com/tournament?id=13710,7,Indonesia Open 2023,Mathias THYRRI / Amalie MAGELUND,27.0,1832,Marcus ELLIS / Lauren SMITH,46.0,1779
13/6/2023,Round 1,MS,Brian YANG Rank 26 Elo 2045 (+13),21-18 / 22-20,Nhat NGUYEN Rank 32 Elo 1852 (-15),64.0,https://badmintonranks.com/tournament?id=13710,7,Indonesia Open 2023,Brian YANG,26.0,2045,Nhat NGUYEN,32.0,1852
13/6/2023,Round 1,MD,Satwiksairaj RANKIREDDY / Chirag SHETTY (7) Rank 6 Elo 2105 (+1),21-12 / 11-7 Ret.,Christo POPOV / Toma Junior POPOV Rank 42 Elo 1607 (-2),23.0,https://badmintonranks.com/tournament?id=13710,7,Indonesia Open 2023,Satwiksairaj RANKIREDDY / Chirag SHETTY (7),6.0,2105,Christo POPOV / Toma Junior POPOV,42.0,1607
13/6/2023,Round 1,WS,Putri Kusuma WARDANI Rank 39 Elo 1909 (+23),15-21 / 22-20 / 23-21,Iris WANG Rank 36 Elo 1850 (-25),92.0,https://badmintonranks.com/tournament?id=13710,7,Indonesia Open 2023,Putri Kusuma WARDANI,39.0,1909,Iris WANG,36.0,1850
13/6/2023,Round 1,XD,Hiroki MIDORIKAWA / Natsu SAITO Rank 24 Elo 1830 (+47),21-17 / 15-21 / 21-17,CHEN Tang Jie / TOH Ee Wei Rank 16 Elo 2033 (-40),60.0,https://badmintonranks.com/tournament?id=13710,7,Indonesia Open 2023,Hiroki MIDORIKAWA / Natsu SAITO,24.0,1830,CHEN Tang Jie / TOH Ee Wei,16.0,2033
13/6/2023,Round 1,XD,Rehan Naufal KUSHARJANTO / Lisa Ayu KUSUMAWATI Rank 12 Elo 1935 (+31),13-21 / 26-24 / 21-17,GOH Soon Huat / LAI Shevon Jemie (7) Rank 8 Elo 1986 (-31),68.0,https://badmintonranks.com/tournament?id=13710,7,Indonesia Open 2023,Rehan Naufal KUSHARJANTO / Lisa Ayu KUSUMAWATI,12.0,1935,GOH Soon Huat / LAI Shevon Jemie (7),8.0,1986
13/6/2023,Round 1,MD,Fajar ALFIAN / Muhammad Shohibul FIKRI (1) Rank 1 Elo 2142 (+9),21-15 / 21-11,Jeppe BAY / Lasse MØLHEDE Rank 30 Elo 1870 (-10),36.0,https://badmintonranks.com/tournament?id=13710,7,Indonesia Open 2023,Fajar ALFIAN / Muhammad Shohibul FIKRI (1),1.0,2142,Jeppe BAY / Lasse MØLHEDE,30.0,1870
13/6/2023,Round 1,MS,WANG Tzu Wei Rank 28 Elo 1961 (+22),21-12 / 21-9,Kantaphon WANGCHAROEN Rank 29 Elo 1890 (-23),35.0,https://badmintonranks.com/tournament?id=13710,7,Indonesia Open 2023,WANG Tzu Wei,28.0,1961,Kantaphon WANGCHAROEN,29.0,1890
13/6/2023,Round 1,WD,ZHANG .. / ZHENG Yu (3) Rank 3 Elo 2095 (+6),21-14 / 21-18,Margot LAMBERT / Anne TRAN Rank 29 Elo 1741 (-9),41.0,https://badmintonranks.com/tournament?id=13710,7,Indonesia Open 2023,ZHANG .. / ZHENG Yu (3),3.0,2095,Margot LAMBERT / Anne TRAN,29.0,1741
13/6/2023,Round 1,WS,Ratchanok INTANON (8) Rank 8 Elo 2181 (+11),21-16 / 21-18,HSU Wen Chi Rank 18 Elo 1957 (-11),43.0,https://badmintonranks.com/tournament?id=13710,7,Indonesia Open 2023,Ratchanok INTANON (8),8.0,2181,HSU Wen Chi,18.0,1957
13/6/2023,Round 1,MD,ONG Yew Sin / TEO Ee Yi (8) Rank 8 Elo 2096 (+9),12-21 / 21-6 / 22-20,M.R.ARJUN / DHRUV KAPILA Rank 23 Elo 1826 (-11),60.0,https://badmintonranks.com/tournament?id=13710,7,Indonesia Open 2023,ONG Yew Sin / TEO Ee Yi (8),8.0,2096,M.R.ARJUN / DHRUV KAPILA,23.0,1826
13/6/2023,Round 1,MD,REN Xiang Yu / TAN Qiang Rank 19 Elo 1947 (+22),21-15 / 21-16,LEE Jhe-Huei / YANG Po Hsuan Rank 20 Elo 1886 (-23),29.0,https://badmintonranks.com/tournament?id=13710,7,Indonesia Open 2023,REN Xiang Yu / TAN Qiang,19.0,1947,LEE Jhe-Huei / YANG Po Hsuan,20.0,1886
13/6/2023,Round 1,XD,Dechapol PUAVARANUKROH / Sapsiree TAERATTANACHAI (3) Rank 2 Elo 2172 (+2),21-17 / 21-9,Zachariah Josiahno SUMITRO / Hediana JULIMARBELA Rank 32 Elo 1653 (-4),38.0,https://badmintonranks.com/tournament?id=13710,7,Indonesia Open 2023,Dechapol PUAVARANUKROH / Sapsiree TAERATTANACHAI (3),2.0,2172,Zachariah Josiahno SUMITRO / Hediana JULIMARBELA,32.0,1653
13/6/2023,Round 1,WS,PUSARLA V. Sindhu Rank 14 Elo 2169 (+35),21-19 / 21-15,Gregoria Mariska TUNJUNG Rank 9 Elo 2295 (-34),38.0,https://badmintonranks.com/tournament?id=13710,8,Indonesia Open 2023,PUSARLA V. Sindhu,14.0,2169,Gregoria Mariska TUNJUNG,9.0,2295
13/6/2023,Round 1,MS,PRANNOY H. S. (7) Rank 9 Elo 2218 (+19),21-16 / 21-14,Kenta NISHIMOTO Rank 12 Elo 2126 (-19),50.0,https://badmintonranks.com/tournament?id=13710,8,Indonesia Open 2023,PRANNOY H. S. (7),9.0,2218,Kenta NISHIMOTO,12.0,2126
13/6/2023,Round 1,MS,NG Ka Long Angus Rank 16 Elo 2195 (+21),21-8 / 21-15,Kento MOMOTA Rank 33 Elo 2143 (-22),38.0,https://badmintonranks.com/tournament?id=13710,8,Indonesia Open 2023,NG Ka Long Angus,16.0,2195,Kento MOMOTA,33.0,2143
13/6/2023,Round 1,WD,Meilysa Trias PUSPITASARI / Rachel Allessya ROSE Rank 42 Elo 1707 (+37),21-18 / 23-21,Vivian HO / LIM Chiew Sien Rank 22 Elo 1679 (-40),59.0,https://badmintonranks.com/tournament?id=13710,8,Indonesia Open 2023,Meilysa Trias PUSPITASARI / Rachel Allessya ROSE,42.0,1707,Vivian HO / LIM Chiew Sien,22.0,1679
13/6/2023,Round 1,WS,TAI Tzu Ying (3) Rank 3 Elo 2564 (+7),21-15 / 21-17,HAN Yue Rank 10 Elo 2239 (-7),36.0,https://badmintonranks.com/tournament?id=13710,8,Indonesia Open 2023,TAI Tzu Ying (3),3.0,2564,HAN Yue,10.0,2239
13/6/2023,Round 1,MS,CHOU Tien Chen (5) Rank 8 Elo 2154 (+16),15-21 / 22-20 / 21-1,Christo POPOV Rank 30 Elo 2016 (-17),66.0,https://badmintonranks.com/tournament?id=13710,8,Indonesia Open 2023,CHOU Tien Chen (5),8.0,2154,Christo POPOV,30.0,2016
13/6/2023,Round 1,WD,Rin IWANAGA / Kie NAKANISHI Rank 18 Elo 1968 (+23),20-22 / 21-12 / 21-16,Treesa JOLLY / GAYATRI GOPICHAND Rank 16 Elo 1918 (-24),72.0,https://badmintonranks.com/tournament?id=13710,8,Indonesia Open 2023,Rin IWANAGA / Kie NAKANISHI,18.0,1968,Treesa JOLLY / GAYATRI GOPICHAND,16.0,1918
13/6/2023,Round 1,XD,ZHENG Si Wei / HUANG Ya Qiong (1) Rank 1 Elo 2433 (+1),21-15 / 21-9,Adnan MAULANA / Nita Violina MARWAH Rank 38 Elo 1820 (-2),33.0,https://badmintonranks.com/tournament?id=13710,8,Indonesia Open 2023,ZHENG Si Wei / HUANG Ya Qiong (1),1.0,2433,Adnan MAULANA / Nita Violina MARWAH,38.0,1820
13/6/2023,Round 1,WS,YEO Jia Min Rank 28 Elo 2018 (+7),4-6 Ret.,Nozomi OKUHARA Rank 22 Elo 2156 (-7),4.0,https://badmintonranks.com/tournament?id=13710,8,Indonesia Open 2023,YEO Jia Min,28.0,2018,Nozomi OKUHARA,22.0,2156
13/6/2023,Round 1,XD,JIANG Zhen Bang / WEI Ya Xin Rank 10 Elo 2055 (+20),21-18 / 19-21 / 21-16,Yuki KANEKO / Misaki MATSUTOMO Rank 20 Elo 1973 (-20),54.0,https://badmintonranks.com/tournament?id=13710,8,Indonesia Open 2023,JIANG Zhen Bang / WEI Ya Xin,10.0,2055,Yuki KANEKO / Misaki MATSUTOMO,20.0,1973
13/6/2023,Round 1,MD,KANG Min Hyuk / SEO Seung Jae Rank 12 Elo 2120 (+9),15-21 / 21-11 / 21-12,LU Ching Yao / YANG Po Hsuan Rank 16 Elo 1849 (-11),56.0,https://badmintonranks.com/tournament?id=13710,8,Indonesia Open 2023,KANG Min Hyuk / SEO Seung Jae,12.0,2120,LU Ching Yao / YANG Po Hsuan,16.0,1849
13/6/2023,Round 1,MS,SHI Yu Qi Rank 6 Elo 2283 (+14),21-7 / 17-21 / 21-13,NG Tze Yong Rank 21 Elo 2115 (-14),60.0,https://badmintonranks.com/tournament?id=13710,8,Indonesia Open 2023,SHI Yu Qi,6.0,2283,NG Tze Yong,21.0,2115
13/6/2023,Round 1,WS,Pornpawee CHOCHUWONG Rank 11 Elo 2262 (+14),21-17 / 21-18,Supanida KATETHONG Rank 19 Elo 2092 (-14),47.0,https://badmintonranks.com/tournament?id=13710,8,Indonesia Open 2023,Pornpawee CHOCHUWONG,11.0,2262,Supanida KATETHONG,19.0,2092
13/6/2023,Round 1,XD,FENG Yan Zhe / HUANG Dong Ping (6) Rank 5 Elo 2102 (+8),21-15 / 21-10,HEE Yong KWON / TAN Wei Qiang Rank 25 Elo 1795 (-9),31.0,https://badmintonranks.com/tournament?id=13710,8,Indonesia Open 2023,FENG Yan Zhe / HUANG Dong Ping (6),5.0,2102,HEE Yong KWON / TAN Wei Qiang,25.0,1795
13/6/2023,Round 1,WD,Febriana Dwipuji KUSUMA / Amallia Cahaya PRATIWI Rank 13 Elo 1832 (+26),21-15 / 21-18,Lanny Tria MAYASARI / Ribka SUGIARTO Rank 26 Elo 1776 (-28),45.0,https://badmintonranks.com/tournament?id=13710,8,Indonesia Open 2023,Febriana Dwipuji KUSUMA / Amallia Cahaya PRATIWI,13.0,1832,Lanny Tria MAYASARI / Ribka SUGIARTO,26.0,1776
19/6/2022,Final,MD,LIU Yu Chen / OU Xuan Yi Rank 75 Elo 2045 (+20),21-17 / 23-21,CHOI Sol Gyu / KIM Won Ho Rank 83 Elo 1937 (-20),49.0,https://badmintonranks.com/tournament?id=12514,1,Indonesia Open 2022,LIU Yu Chen / OU Xuan Yi,75.0,2045,CHOI Sol Gyu / KIM Won Ho,83.0,1937
19/6/2022,Final,MS,Viktor AXELSEN (1) Rank 1 Elo 2645 (+3),21-9 / 21-10,ZHAO Jun Peng Rank 35 Elo 2165 (-4),38.0,https://badmintonranks.com/tournament?id=12514,1,Indonesia Open 2022,Viktor AXELSEN (1),1.0,2645,ZHAO Jun Peng,35.0,2165
19/6/2022,Final,WD,Nami MATSUYAMA / Chiharu SHIDA (6) Rank 7 Elo 2283 (+18),18-21 / 21-14 / 21-17,Yuki FUKUSHIMA / Sayaka HIROTA (4) Rank 4 Elo 2164 (-19),75.0,https://badmintonranks.com/tournament?id=12514,1,Indonesia Open 2022,Nami MATSUYAMA / Chiharu SHIDA (6),7.0,2283,Yuki FUKUSHIMA / Sayaka HIROTA (4),4.0,2164
19/6/2022,Final,WS,TAI Tzu Ying (2) Rank 2 Elo 2550 (+10),21-23 / 21-6 / 21-15,WANG Zhi Yi Rank 14 Elo 2300 (-11),60.0,https://badmintonranks.com/tournament?id=12514,1,Indonesia Open 2022,TAI Tzu Ying (2),2.0,2550,WANG Zhi Yi,14.0,2300
19/6/2022,Final,XD,ZHENG Si Wei / HUANG Ya Qiong (2) Rank 2 Elo 2372 (+25),21-14 / 21-16,Yuta WATANABE / Arisa IGAKI (3) Rank 3 Elo 2349 (-25),41.0,https://badmintonranks.com/tournament?id=12514,1,Indonesia Open 2022,ZHENG Si Wei / HUANG Ya Qiong (2),2.0,2372,Yuta WATANABE / Arisa IGAKI (3),3.0,2349
18/6/2022,Semi final,MD,CHOI Sol Gyu / KIM Won Ho Rank 83 Elo 1890 (+47),13-21 / 21-12 / 21-18,Kim ASTRUP / Anders Skaarup RASMUSSEN (8) Rank 9 Elo 2110 (-43),68.0,https://badmintonranks.com/tournament?id=12514,1,Indonesia Open 2022,CHOI Sol Gyu / KIM Won Ho,83.0,1890,Kim ASTRUP / Anders Skaarup RASMUSSEN (8),9.0,2110
18/6/2022,Semi final,MS,ZHAO Jun Peng Rank 35 Elo 2132 (+33),21-16 / 21-15,PRANNOY H. S. Rank 23 Elo 2206 (-33),40.0,https://badmintonranks.com/tournament?id=12514,1,Indonesia Open 2022,ZHAO Jun Peng,35.0,2132,PRANNOY H. S.,23.0,2206
18/6/2022,Semi final,WD,Yuki FUKUSHIMA / Sayaka HIROTA (4) Rank 4 Elo 2134 (+30),9-21 / 21-14 / 21-18,LEE So Hee / SHIN Se.. (2) Rank 2 Elo 2171 (-30),68.0,https://badmintonranks.com/tournament?id=12514,1,Indonesia Open 2022,Yuki FUKUSHIMA / Sayaka HIROTA (4),4.0,2134,LEE So Hee / SHIN Se.. (2),2.0,2171
18/6/2022,Semi final,MD,LIU Yu Chen / OU Xuan Yi Rank 75 Elo 2008 (+37),21-18 / 21-13,Aaron CHIA / SOH Wooi Yik (5) Rank 7 Elo 2124 (-36),38.0,https://badmintonranks.com/tournament?id=12514,1,Indonesia Open 2022,LIU Yu Chen / OU Xuan Yi,75.0,2008,Aaron CHIA / SOH Wooi Yik (5),7.0,2124
18/6/2022,Semi final,MS,Viktor AXELSEN (1) Rank 1 Elo 2630 (+15),19-21 / 21-11 / 23-21,LEE Zii Jia (6) Rank 5 Elo 2453 (-14),70.0,https://badmintonranks.com/tournament?id=12514,1,Indonesia Open 2022,Viktor AXELSEN (1),1.0,2630,LEE Zii Jia (6),5.0,2453
18/6/2022,Semi final,WD,Nami MATSUYAMA / Chiharu SHIDA (6) Rank 7 Elo 2273 (+10),21-15 / 21-14,Jongkolphan KITITHARAKUL / Rawinda PRAJONGJAI (7) Rank 8 Elo 2009 (-10),42.0,https://badmintonranks.com/tournament?id=12514,1,Indonesia Open 2022,Nami MATSUYAMA / Chiharu SHIDA (6),7.0,2273,Jongkolphan KITITHARAKUL / Rawinda PRAJONGJAI (7),8.0,2009
18/6/2022,Semi final,WS,TAI Tzu Ying (2) Rank 2 Elo 2523 (+27),10-21 / 26-24 / 21-12,CHEN Yu Fei (4) Rank 4 Elo 2524 (-27),69.0,https://badmintonranks.com/tournament?id=12514,1,Indonesia Open 2022,TAI Tzu Ying (2),2.0,2523,CHEN Yu Fei (4),4.0,2524
18/6/2022,Semi final,XD,ZHENG Si Wei / HUANG Dong Ping (2) Rank 2 Elo 2352 (+20),21-6 / 21-14,WANG Yi Lyu / HUANG Dong Ping (4) Rank 4 Elo 2252 (-19),33.0,https://badmintonranks.com/tournament?id=12514,1,Indonesia Open 2022,ZHENG Si Wei / HUANG Ya Qiong (2),2.0,2352,WANG Yi Lyu / HUANG Dong Ping (4),4.0,2252
18/6/2022,Semi final,WS,WANG Zhi Yi Rank 14 Elo 2258 (+42),21-15 / 21-10,HE Bing Jiao Rank 9 Elo 2466 (-42),42.0,https://badmintonranks.com/tournament?id=12514,1,Indonesia Open 2022,WANG Zhi Yi,14.0,2258,HE Bing Jiao,9.0,2466
18/6/2022,Semi final,XD,Yuta WATANABE / Arisa IGAKI (3) Rank 3 Elo 2339 (+10),21-18 / 17-21 / 21-15,SEO Seung Jae / CHAE Yu Jung (6) Rank 6 Elo 2088 (-11),69.0,https://badmintonranks.com/tournament?id=12514,1,Indonesia Open 2022,Yuta WATANABE / Arisa IGAKI (3),3.0,2339,SEO Seung Jae / CHAE Yu Jung (6),6.0,2088
17/6/2022,Quarter final,MD,Kim ASTRUP / Anders Skaarup RASMUSSEN (8) Rank 9 Elo 2075 (+35),21-17 / 16-21 / 21-14,Takuro HOKI / Yugo KOBAYASHI (3) Rank 2 Elo 2179 (-34),63.0,https://badmintonranks.com/tournament?id=12514,1,Indonesia Open 2022,Kim ASTRUP / Anders Skaarup RASMUSSEN (8),9.0,2075,Takuro HOKI / Yugo KOBAYASHI (3),2.0,2179
17/6/2022,Quarter final,MS,PRANNOY H. S. Rank 23 Elo 2183 (+23),21-14 / 21-12,Rasmus GEMKE Rank 13 Elo 2127 (-23),40.0,https://badmintonranks.com/tournament?id=12514,1,Indonesia Open 2022,PRANNOY H. S.,23.0,2183,Rasmus GEMKE,13.0,2127
17/6/2022,Quarter final,MD,LIU Yu Chen / OU Xuan Yi Rank 75 Elo 1963 (+45),21-18 / 21-18,Fajar ALFIAN / Muhammad Shohibul FIKRI (6) Rank 6 Elo 2204 (-42),45.0,https://badmintonranks.com/tournament?id=12514,1,Indonesia Open 2022,LIU Yu Chen / OU Xuan Yi,75.0,1963,Fajar ALFIAN / Muhammad Shohibul FIKRI (6),6.0,2204
17/6/2022,Quarter final,MS,Viktor AXELSEN (1) Rank 1 Elo 2625 (+5),21-13 / 19-21 / 21-9,Anthony Sinisuka GINTING (5) Rank 6 Elo 2255 (-5),67.0,https://badmintonranks.com/tournament?id=12514,1,Indonesia Open 2022,Viktor AXELSEN (1),1.0,2625,Anthony Sinisuka GINTING (5),6.0,2255
17/6/2022,Quarter final,MD,CHOI Sol Gyu / KIM Won Ho Rank 83 Elo 1841 (+49),16-21 / 21-13 / 21-18,KANG Min Hyuk / SEO Seung Jae Rank 56 Elo 2059 (-42),61.0,https://badmintonranks.com/tournament?id=12514,1,Indonesia Open 2022,CHOI Sol Gyu / KIM Won Ho,83.0,1841,KANG Min Hyuk / SEO Seung Jae,56.0,2059
17/6/2022,Quarter final,WS,TAI Tzu Ying (2) Rank 2 Elo 2520 (+3),21-13 / 21-13,Line Højmark KJAERSFELDT Rank 33 Elo 2013 (-3),37.0,https://badmintonranks.com/tournament?id=12514,2,Indonesia Open 2022,TAI Tzu Ying (2),2.0,2520,Line Højmark KJAERSFELDT,33.0,2013
17/6/2022,Quarter final,MS,ZHAO Jun Peng Rank 35 Elo 2105 (+27),21-14 / 17-21 / 21-11,LEE Cheuk Yiu Rank 17 Elo 2108 (-27),59.0,https://badmintonranks.com/tournament?id=12514,2,Indonesia Open 2022,ZHAO Jun Peng,35.0,2105,LEE Cheuk Yiu,17.0,2108
17/6/2022,Quarter final,MS,LEE Zii Jia (6) Rank 5 Elo 2436 (+17),21-18 / 16-21 / 22-20,LOH Kean Yew Rank 9 Elo 2310 (-18),65.0,https://badmintonranks.com/tournament?id=12514,2,Indonesia Open 2022,LEE Zii Jia (6),5.0,2436,LOH Kean Yew,9.0,2310
17/6/2022,Quarter final,MD,Aaron CHIA / SOH Wooi Yik (5) Rank 7 Elo 2098 (+26),14-21 / 21-12 / 22-20,Pramudya KUSUMAWARDANA / Yeremia Erich Yoche Yacob RAMBITAN Rank 16 Elo 2084 (-26),56.0,https://badmintonranks.com/tournament?id=12514,2,Indonesia Open 2022,Aaron CHIA / SOH Wooi Yik (5),7.0,2098,Pramudya KUSUMAWARDANA / Yeremia Erich Yoche Yacob RAMBITAN,16.0,2084
17/6/2022,Quarter final,WS,CHEN Yu Fei (4) Rank 4 Elo 2509 (+15),21-16 / 21-10,Nozomi OKUHARA (6) Rank 6 Elo 2342 (-14),37.0,https://badmintonranks.com/tournament?id=12514,2,Indonesia Open 2022,CHEN Yu Fei (4),4.0,2509,Nozomi OKUHARA (6),6.0,2342
17/6/2022,Quarter final,WD,Yuki FUKUSHIMA / Sayaka HIROTA (4) Rank 4 Elo 2110 (+24),21-18 / 21-9,JEONG Na Eun / KIM Hye Jeong Rank 17 Elo 2069 (-24),60.0,https://badmintonranks.com/tournament?id=12514,2,Indonesia Open 2022,Yuki FUKUSHIMA / Sayaka HIROTA (4),4.0,2110,JEONG Na Eun / KIM Hye Jeong,17.0,2069
17/6/2022,Quarter final,WD,Jongkolphan KITITHARAKUL / Rawinda PRAJONGJAI (7) Rank 8 Elo 1959 (+50),21-19 / 21-15,CHEN Qi Ming / JIA Yi Fan (1) Rank 1 Elo 2311 (-46),59.0,https://badmintonranks.com/tournament?id=12514,2,Indonesia Open 2022,Jongkolphan KITITHARAKUL / Rawinda PRAJONGJAI (7),8.0,1959,CHEN Qi Ming / JIA Yi Fan (1),1.0,2311
17/6/2022,Quarter final,WD,Nami MATSUYAMA / Chiharu SHIDA (6) Rank 7 Elo 2265 (+8),21-14 / 22-20,DU Yue / LI Wen Mei Rank 45 Elo 1960 (-8),51.0,https://badmintonranks.com/tournament?id=12514,2,Indonesia Open 2022,Nami MATSUYAMA / Chiharu SHIDA (6),7.0,2265,DU Yue / LI Wen Mei,45.0,1960
17/6/2022,Quarter final,XD,WANG Yi Lyu / HUANG Dong Ping (4) Rank 4 Elo 2249 (+3),21-12 / 21-14,CHEN Tang Jie / Valeree SIETSEMA Rank Elo 1751 (-4),33.0,https://badmintonranks.com/tournament?id=12514,2,Indonesia Open 2022,WANG Yi Lyu / HUANG Dong Ping (4),4.0,2249,CHEN Tang Jie / Valeree SIETSEMA,,1751
17/6/2022,Quarter final,WS,HE Bing Jiao Rank 9 Elo 2440 (+26),15-21 / 21-17 / 21-14,AN Se Young (3) Rank 3 Elo 2435 (-26),69.0,https://badmintonranks.com/tournament?id=12514,2,Indonesia Open 2022,HE Bing Jiao,9.0,2440,AN Se Young (3),3.0,2435
17/6/2022,Quarter final,WD,LEE So Hee / SHIN Se.. (2) Rank 2 Elo 2152 (+19),21-14 / 21-19,Apriyani RAHAYU / Siti Fadia Silva RAMADHANTI Rank 40 Elo 2050 (-19),52.0,https://badmintonranks.com/tournament?id=12514,2,Indonesia Open 2022,LEE So Hee / SHIN Se.. (2),2.0,2152,Apriyani RAHAYU / Siti Fadia Silva RAMADHANTI,40.0,2050
17/6/2022,Quarter final,XD,ZHENG Si Wei / HUANG Ya Qiong (2) Rank 2 Elo 2348 (+4),21-18 / 14-21 / 21-17,Mathias THYRRI / Alexandra BOE Rank 15 Elo 1945 (-6),62.0,https://badmintonranks.com/tournament?id=12514,2,Indonesia Open 2022,ZHENG Si Wei / HUANG Ya Qiong (2),2.0,2348,Mathias THYRRI / Alexandra BOE,15.0,1945
17/6/2022,Quarter final,WS,WANG Zhi Yi Rank 14 Elo 2215 (+43),21-19 / 21-14,Akane YAMAGUCHI (1) Rank 1 Elo 2466 (-43),43.0,https://badmintonranks.com/tournament?id=12514,2,Indonesia Open 2022,WANG Zhi Yi,14.0,2215,Akane YAMAGUCHI (1),1.0,2466
17/6/2022,Quarter final,XD,Yuta WATANABE / Arisa IGAKI (3) Rank 3 Elo 2329 (+10),22-24 / 21-11 / 21-13,Thom GICQUEL / Delphine DELRUE Rank 10 Elo 2087 (-11),69.0,https://badmintonranks.com/tournament?id=12514,2,Indonesia Open 2022,Yuta WATANABE / Arisa IGAKI (3),3.0,2329,Thom GICQUEL / Delphine DELRUE,10.0,2087
17/6/2022,Quarter final,XD,SEO Seung Jae / CHAE Yu Jung (6) Rank 6 Elo 2077 (+11),21-16 / 21-17,HOO Pang Ron / TOH Ee Wei Rank Elo 1832 (-12),35.0,https://badmintonranks.com/tournament?id=12514,2,Indonesia Open 2022,SEO Seung Jae / CHAE Yu Jung (6),6.0,2077,HOO Pang Ron / TOH Ee Wei,,1832
16/6/2022,Round 2,WS,Line Højmark KJAERSFELDT Rank 33 Elo 1965 (+48),15-21 / 21-16 / 22-20,Ratchanok INTANON (8) Rank 8 Elo 2338 (-45),63.0,https://badmintonranks.com/tournament?id=12514,2,Indonesia Open 2022,Line Højmark KJAERSFELDT,33.0,1965,Ratchanok INTANON (8),8.0,2338
16/6/2022,Round 2,MD,Fajar ALFIAN / Muhammad Shohibul FIKRI (6) Rank 6 Elo 2192 (+12),21-10 / 10-21 / 21-15,Muhammad Shohibul FIKRI / Bagas MAULANA Rank 20 Elo 1984 (-12),49.0,https://badmintonranks.com/tournament?id=12514,2,Indonesia Open 2022,Fajar ALFIAN / Muhammad Shohibul FIKRI (6),6.0,2192,Muhammad Shohibul FIKRI / Bagas MAULANA,20.0,1984
16/6/2022,Round 2,XD,ZHENG Si Wei / HUANG Ya Qiong (2) Rank 2 Elo 2343 (+5),21-15 / 21-16,Supak JOMKOH / Supissara PACHARAMONGKOL Rank 22 Elo 1952 (-5),31.0,https://badmintonranks.com/tournament?id=12514,2,Indonesia Open 2022,ZHENG Si Wei / HUANG Ya Qiong (2),2.0,2343,Supak JOMKOH / Supissara PACHARAMONGKOL,22.0,1952
16/6/2022,Round 2,WS,TAI Tzu Ying (2) Rank 2 Elo 2518 (+2),15-21 / 21-16 / 21-9,Iris WANG Rank 31 Elo 1966 (-2),58.0,https://badmintonranks.com/tournament?id=12514,2,Indonesia Open 2022,TAI Tzu Ying (2),2.0,2518,Iris WANG,31.0,1966
16/6/2022,Round 2,MS,Rasmus GEMKE Rank 13 Elo 2112 (+15),21-12 / 21-15,Brice LEVERDEZ Rank 41 Elo 1960 (-15),48.0,https://badmintonranks.com/tournament?id=12514,2,Indonesia Open 2022,Rasmus GEMKE,13.0,2112,Brice LEVERDEZ,41.0,1960
16/6/2022,Round 2,MD,Takuro HOKI / Yugo KOBAYASHI (3) Rank 2 Elo 2166 (+13),21-11 / 14-21 / 21-19,ONG Yew Sin / TEO Ee Yi Rank 10 Elo 1987 (-14),60.0,https://badmintonranks.com/tournament?id=12514,3,Indonesia Open 2022,Takuro HOKI / Yugo KOBAYASHI (3),2.0,2166,ONG Yew Sin / TEO Ee Yi,10.0,1987
16/6/2022,Round 2,MD,CHOI Sol Gyu / KIM Won Ho Rank 83 Elo 1792 (+49),21-12 / 21-18,Akira KOGA / Taichi SAITO Rank 22 Elo 1981 (-40),38.0,https://badmintonranks.com/tournament?id=12514,3,Indonesia Open 2022,CHOI Sol Gyu / KIM Won Ho,83.0,1792,Akira KOGA / Taichi SAITO,22.0,1981
16/6/2022,Round 2,MS,LEE Cheuk Yiu Rank 17 Elo 2066 (+42),21-18 / 21-13,CHOU Tien Chen (4) Rank 4 Elo 2323 (-41),49.0,https://badmintonranks.com/tournament?id=12514,3,Indonesia Open 2022,LEE Cheuk Yiu,17.0,2066,CHOU Tien Chen (4),4.0,2323
16/6/2022,Round 2,XD,Mathias THYRRI / Alexandra BOE Rank 15 Elo 1908 (+37),21-15 / 17-21 / 21-17,KO Sung Hyun / EOM Hye Won Rank 17 Elo 2011 (-34),80.0,https://badmintonranks.com/tournament?id=12514,3,Indonesia Open 2022,Mathias THYRRI / Alexandra BOE,15.0,1908,KO Sung Hyun / EOM Hye Won,17.0,2011
16/6/2022,Round 2,WD,Apriyani RAHAYU / Siti Fadia Silva RAMADHANTI Rank 40 Elo 2028 (+22),21-16 / 16-21 / 21-18,ZHANG .. / ZHENG Yu Rank 38 Elo 1983 (-23),80.0,https://badmintonranks.com/tournament?id=12514,3,Indonesia Open 2022,Apriyani RAHAYU / Siti Fadia Silva RAMADHANTI,40.0,2028,ZHANG .. / ZHENG Yu,38.0,1983
16/6/2022,Round 2,MD,KANG Min Hyuk / SEO Seung Jae Rank 56 Elo 2016 (+43),21-14 / 21-12,Marcus Fernaldi GIDEON / Kevin Sanjaya SUKAMULJO (1) Rank 1 Elo 2265 (-41),34.0,https://badmintonranks.com/tournament?id=12514,3,Indonesia Open 2022,KANG Min Hyuk / SEO Seung Jae,56.0,2016,Marcus Fernaldi GIDEON / Kevin Sanjaya SUKAMULJO (1),1.0,2265
16/6/2022,Round 2,WS,CHEN Yu Fei (4) Rank 4 Elo 2506 (+3),21-10 / 15-21 / 21-12,ZHANG Yi Man Rank 32 Elo 2028 (-4),57.0,https://badmintonranks.com/tournament?id=12514,3,Indonesia Open 2022,CHEN Yu Fei (4),4.0,2506,ZHANG Yi Man,32.0,2028
16/6/2022,Round 2,MS,ZHAO Jun Peng Rank 35 Elo 2067 (+38),21-12 / 18-21 / 21-14,Jonatan CHRISTIE (7) Rank 8 Elo 2237 (-37),65.0,https://badmintonranks.com/tournament?id=12514,3,Indonesia Open 2022,ZHAO Jun Peng,35.0,2067,Jonatan CHRISTIE (7),8.0,2237
16/6/2022,Round 2,MS,PRANNOY H. S. Rank 23 Elo 2161 (+22),21-11 / 21-18,NG Ka Long Angus Rank 12 Elo 2121 (-23),41.0,https://badmintonranks.com/tournament?id=12514,3,Indonesia Open 2022,PRANNOY H. S.,23.0,2161,NG Ka Long Angus,12.0,2121
16/6/2022,Round 2,WS,HE Bing Jiao Rank 9 Elo 2430 (+10),21-9 / 21-9,Busanan ONGBAMRUNGPHAN Rank 11 Elo 2188 (-10),32.0,https://badmintonranks.com/tournament?id=12514,3,Indonesia Open 2022,HE Bing Jiao,9.0,2430,Busanan ONGBAMRUNGPHAN,11.0,2188
16/6/2022,Round 2,WS,Nozomi OKUHARA (6) Rank 6 Elo 2332 (+10),21-16 / 21-8,Lalinrat CHAIWAN Rank 21 Elo 2090 (-10),32.0,https://badmintonranks.com/tournament?id=12514,3,Indonesia Open 2022,Nozomi OKUHARA (6),6.0,2332,Lalinrat CHAIWAN,21.0,2090
16/6/2022,Round 2,MD,LIU Yu Chen / OU Xuan Yi Rank 75 Elo 1950 (+13),21-19 / 21-15,M.R.ARJUN / DHRUV KAPILA Rank 40 Elo 1751 (-18),41.0,https://badmintonranks.com/tournament?id=12514,3,Indonesia Open 2022,LIU Yu Chen / OU Xuan Yi,75.0,1950,M.R.ARJUN / DHRUV KAPILA,40.0,1751
16/6/2022,Round 2,MD,Kim ASTRUP / Anders Skaarup RASMUSSEN (8) Rank 9 Elo 2056 (+19),21-18 / 16-21 / 21-15,Leo Rolly CARNANDO / Daniel MARTHIN Rank 23 Elo 1964 (-20),76.0,https://badmintonranks.com/tournament?id=12514,3,Indonesia Open 2022,Kim ASTRUP / Anders Skaarup RASMUSSEN (8),9.0,2056,Leo Rolly CARNANDO / Daniel MARTHIN,23.0,1964
16/6/2022,Round 2,MS,Anthony Sinisuka GINTING (5) Rank 6 Elo 2240 (+15),21-17 / 21-9,Hans-Kristian Solberg VITTINGHUS Rank 21 Elo 2096 (-16),36.0,https://badmintonranks.com/tournament?id=12514,3,Indonesia Open 2022,Anthony Sinisuka GINTING (5),6.0,2240,Hans-Kristian Solberg VITTINGHUS,21.0,2096
16/6/2022,Round 2,WS,AN Se Young (3) Rank 3 Elo 2427 (+8),21-14 / 21-11,Kirsty GILMOUR Rank 17 Elo 2122 (-8),37.0,https://badmintonranks.com/tournament?id=12514,3,Indonesia Open 2022,AN Se Young (3),3.0,2427,Kirsty GILMOUR,17.0,2122
16/6/2022,Round 2,WD,LEE So Hee / SHIN Se.. (2) Rank 2 Elo 2148 (+4),25-23 / 21-11,Febriana Dwipuji KUSUMA / Amallia Cahaya PRATIWI Rank 84 Elo 1733 (-6),48.0,https://badmintonranks.com/tournament?id=12514,3,Indonesia Open 2022,LEE So Hee / SHIN Se.. (2),2.0,2148,Febriana Dwipuji KUSUMA / Amallia Cahaya PRATIWI,84.0,1733
16/6/2022,Round 2,MD,Pramudya KUSUMAWARDANA / Yeremia Erich Yoche Yacob RAMBITAN Rank 16 Elo 2048 (+36),21-16 / 17-21 / 21-14,LEE Yang / WANG Chang (4) Rank 4 Elo 2185 (-35),55.0,https://badmintonranks.com/tournament?id=12514,3,Indonesia Open 2022,Pramudya KUSUMAWARDANA / Yeremia Erich Yoche Yacob RAMBITAN,16.0,2048,LEE Yang / WANG Chang (4),4.0,2185
16/6/2022,Round 2,WD,Jongkolphan KITITHARAKUL / Rawinda PRAJONGJAI (7) Rank 8 Elo 1943 (+16),21-12 / 21-12,Debora JILLE / Cheryl SEINEN Rank 41 Elo 1796 (-19),36.0,https://badmintonranks.com/tournament?id=12514,3,Indonesia Open 2022,Jongkolphan KITITHARAKUL / Rawinda PRAJONGJAI (7),8.0,1943,Debora JILLE / Cheryl SEINEN,41.0,1796
16/6/2022,Round 2,MD,Aaron CHIA / SOH Wooi Yik (5) Rank 7 Elo 2089 (+9),21-17 / 16-21 / 21-6,Ruben JILLE / Ties VAN DER LECQ Rank 44 Elo 1825 (-11),44.0,https://badmintonranks.com/tournament?id=12514,3,Indonesia Open 2022,Aaron CHIA / SOH Wooi Yik (5),7.0,2089,Ruben JILLE / Ties VAN DER LECQ,44.0,1825
16/6/2022,Round 2,XD,CHEN Tang Jie / Valeree SIETSEMA Rank Elo 1751 (+0),W.O.,Praveen JORDAN / Melati Daeva OKTAVIANTI (5) Rank 5 Elo 2008 (-3),0.0,https://badmintonranks.com/tournament?id=12514,3,Indonesia Open 2022,CHEN Tang Jie / Valeree SIETSEMA,,1751,Praveen JORDAN / Melati Daeva OKTAVIANTI (5),5.0,2008
16/6/2022,Round 2,MS,Viktor AXELSEN (1) Rank 1 Elo 2621 (+4),21-17 / 21-9,LU Guang Zu Rank 25 Elo 2166 (-3),45.0,https://badmintonranks.com/tournament?id=12514,4,Indonesia Open 2022,Viktor AXELSEN (1),1.0,2621,LU Guang Zu,25.0,2166
16/6/2022,Round 2,WD,Yuki FUKUSHIMA / Sayaka HIROTA (4) Rank 4 Elo 2092 (+18),21-19 / 21-12,Pearly TAN / THINAAH Muralitharan Rank 10 Elo 1990 (-19),49.0,https://badmintonranks.com/tournament?id=12514,4,Indonesia Open 2022,Yuki FUKUSHIMA / Sayaka HIROTA (4),4.0,2092,Pearly TAN / THINAAH Muralitharan,10.0,1990
16/6/2022,Round 2,XD,WANG Yi Lyu / HUANG Dong Ping (4) Rank 4 Elo 2246 (+3),21-11 / 21-14,CHAN Peng Soon / CHEAH Yee See Rank Elo 1766 (-4),37.0,https://badmintonranks.com/tournament?id=12514,4,Indonesia Open 2022,WANG Yi Lyu / HUANG Dong Ping (4),4.0,2246,CHAN Peng Soon / CHEAH Yee See,,1766
16/6/2022,Round 2,XD,Yuta WATANABE / Arisa IGAKI (3) Rank 3 Elo 2327 (+2),21-17 / 21-12,SOONG .. / GOH Liu Ying Rank Elo 1692 (-2),34.0,https://badmintonranks.com/tournament?id=12514,4,Indonesia Open 2022,Yuta WATANABE / Arisa IGAKI (3),3.0,2327,SOONG .. / GOH Liu Ying,,1692
16/6/2022,Round 2,XD,Thom GICQUEL / Delphine DELRUE Rank 10 Elo 2063 (+24),22-20 / 21-23 / 21-11,Mark LAMSFUSS / Isabel LOHAU Rank 12 Elo 2036 (-24),70.0,https://badmintonranks.com/tournament?id=12514,4,Indonesia Open 2022,Thom GICQUEL / Delphine DELRUE,10.0,2063,Mark LAMSFUSS / Isabel LOHAU,12.0,2036
16/6/2022,Round 2,WD,JEONG Na Eun / KIM Hye Jeong Rank 17 Elo 2042 (+27),18-21 / 21-12 / 21-15,Gabriela STOEVA / Stefani STOEVA (8) Rank 9 Elo 2051 (-27),63.0,https://badmintonranks.com/tournament?id=12514,4,Indonesia Open 2022,JEONG Na Eun / KIM Hye Jeong,17.0,2042,Gabriela STOEVA / Stefani STOEVA (8),9.0,2051
16/6/2022,Round 2,WD,DU Yue / LI Wen Mei Rank 45 Elo 1945 (+15),21-10 / 13-21 / 21-9,Vivian HO / LIM Chiew Sien Rank 35 Elo 1777 (-18),63.0,https://badmintonranks.com/tournament?id=12514,4,Indonesia Open 2022,DU Yue / LI Wen Mei,45.0,1945,Vivian HO / LIM Chiew Sien,35.0,1777
16/6/2022,Round 2,WD,CHEN Qi Ming / JIA Yi Fan (1) Rank 1 Elo 2310 (+1),21-16 / 21-13,Ashwini PONNAPPA / REDDY Sikki Gupta Rank 23 Elo 1693 (-2),39.0,https://badmintonranks.com/tournament?id=12514,4,Indonesia Open 2022,CHEN Qi Ming / JIA Yi Fan (1),1.0,2310,Ashwini PONNAPPA / REDDY Sikki Gupta,23.0,1693
16/6/2022,Round 2,MS,LOH Kean Yew Rank 9 Elo 2300 (+10),21-16 / 21-9,Toma Junior POPOV Rank 26 Elo 2056 (-10),37.0,https://badmintonranks.com/tournament?id=12514,4,Indonesia Open 2022,LOH Kean Yew,9.0,2300,Toma Junior POPOV,26.0,2056
16/6/2022,Round 2,XD,SEO Seung Jae / CHAE Yu Jung (6) Rank 6 Elo 2069 (+8),21-19 / 28-26,CHANG Tak Ching / NG Wing Yung Rank 27 Elo 1775 (-10),44.0,https://badmintonranks.com/tournament?id=12514,4,Indonesia Open 2022,SEO Seung Jae / CHAE Yu Jung (6),6.0,2069,CHANG Tak Ching / NG Wing Yung,27.0,1775
16/6/2022,Round 2,WS,WANG Zhi Yi Rank 14 Elo 2174 (+41),21-17 / 21-18,Carolina MARIN (5) Rank 5 Elo 2434 (-41),48.0,https://badmintonranks.com/tournament?id=12514,4,Indonesia Open 2022,WANG Zhi Yi,14.0,2174,Carolina MARIN (5),5.0,2434
16/6/2022,Round 2,XD,HOO Pang Ron / TOH Ee Wei Rank Elo 1787 (+45),21-19 / 21-19,GOH Soon Huat / LAI Shevon Jemie Rank 14 Elo 1925 (-38),39.0,https://badmintonranks.com/tournament?id=12514,4,Indonesia Open 2022,HOO Pang Ron / TOH Ee Wei,,1787,GOH Soon Huat / LAI Shevon Jemie,14.0,1925
16/6/2022,Round 2,MS,LEE Zii Jia (6) Rank 5 Elo 2431 (+5),21-10 / 21-13,Sameer VERMA Rank 30 Elo 2039 (-5),41.0,https://badmintonranks.com/tournament?id=12514,4,Indonesia Open 2022,LEE Zii Jia (6),5.0,2431,Sameer VERMA,30.0,2039
16/6/2022,Round 2,WS,Akane YAMAGUCHI (1) Rank 1 Elo 2462 (+4),21-11 / 5-1 Ret.,Sayaka TAKAHASHI Rank 13 Elo 2216 (-4),20.0,https://badmintonranks.com/tournament?id=12514,4,Indonesia Open 2022,Akane YAMAGUCHI (1),1.0,2462,Sayaka TAKAHASHI,13.0,2216
16/6/2022,Round 2,WD,Nami MATSUYAMA / Chiharu SHIDA (6) Rank 7 Elo 2261 (+4),21-17 / 21-15,LIU Xuan Xuan / XIA Yu Ting Rank 22 Elo 1853 (-5),49.0,https://badmintonranks.com/tournament?id=12514,4,Indonesia Open 2022,Nami MATSUYAMA / Chiharu SHIDA (6),7.0,2261,LIU Xuan Xuan / XIA Yu Ting,22.0,1853
15/6/2022,Round 1,MS,Brice LEVERDEZ Rank 41 Elo 1910 (+50),23-21 / 21-10,KIDAMBI Srikanth Rank 11 Elo 2303 (-46),42.0,https://badmintonranks.com/tournament?id=12514,4,Indonesia Open 2022,Brice LEVERDEZ,41.0,1910,KIDAMBI Srikanth,11.0,2303
15/6/2022,Round 1,WS,Line Højmark KJAERSFELDT Rank 33 Elo 1947 (+18),21-16 / 21-8,Lianne TAN Rank 36 Elo 1825 (-20),36.0,https://badmintonranks.com/tournament?id=12514,4,Indonesia Open 2022,Line Højmark KJAERSFELDT,33.0,1947,Lianne TAN,36.0,1825
15/6/2022,Round 1,MD,LEE Yang / WANG Chang (4) Rank 4 Elo 2180 (+5),21-13 / 21-15,Supak JOMKOH / Kittinupong KEDREN Rank 33 Elo 1808 (-7),31.0,https://badmintonranks.com/tournament?id=12514,4,Indonesia Open 2022,LEE Yang / WANG Chang (4),4.0,2180,Supak JOMKOH / Kittinupong KEDREN,33.0,1808
15/6/2022,Round 1,WS,TAI Tzu Ying (2) Rank 2 Elo 2516 (+2),21-14 / 21-14,YEO Jia Min Rank 18 Elo 1965 (-2),30.0,https://badmintonranks.com/tournament?id=12514,4,Indonesia Open 2022,TAI Tzu Ying (2),2.0,2516,YEO Jia Min,18.0,1965
15/6/2022,Round 1,MS,ZHAO Jun Peng Rank 35 Elo 2042 (+25),21-11 / 21-11,Mark CALJOUW Rank 27 Elo 2029 (-25),30.0,https://badmintonranks.com/tournament?id=12514,4,Indonesia Open 2022,ZHAO Jun Peng,35.0,2042,Mark CALJOUW,27.0,2029
15/6/2022,Round 1,XD,KO Sung Hyun / EOM Hye Won Rank 17 Elo 1994 (+17),21-14 / 19-21 / 21-16,Kyohei YAMASHITA / Naru SHINOYA Rank 31 Elo 1855 (-19),70.0,https://badmintonranks.com/tournament?id=12514,5,Indonesia Open 2022,KO Sung Hyun / EOM Hye Won,17.0,1994,Kyohei YAMASHITA / Naru SHINOYA,31.0,1855
15/6/2022,Round 1,WD,Yuki FUKUSHIMA / Sayaka HIROTA (4) Rank 4 Elo 2079 (+13),21-14 / 21-15,Benyapa AIMSAARD / Nuntakarn AIMSAARD Rank 28 Elo 1882 (-14),37.0,https://badmintonranks.com/tournament?id=12514,5,Indonesia Open 2022,Yuki FUKUSHIMA / Sayaka HIROTA (4),4.0,2079,Benyapa AIMSAARD / Nuntakarn AIMSAARD,28.0,1882
15/6/2022,Round 1,WS,Ratchanok INTANON (8) Rank 8 Elo 2317 (+21),21-17 / 21-17,Pornpawee CHOCHUWONG Rank 10 Elo 2260 (-21),35.0,https://badmintonranks.com/tournament?id=12514,5,Indonesia Open 2022,Ratchanok INTANON (8),8.0,2317,Pornpawee CHOCHUWONG,10.0,2260
15/6/2022,Round 1,MS,Rasmus GEMKE Rank 13 Elo 2072 (+40),21-19 / 19-21 / 21-14,Kento MOMOTA (2) Rank 2 Elo 2282 (-39),82.0,https://badmintonranks.com/tournament?id=12514,5,Indonesia Open 2022,Rasmus GEMKE,13.0,2072,Kento MOMOTA (2),2.0,2282
15/6/2022,Round 1,WS,Iris WANG Rank 31 Elo 1945 (+21),21-9 / 21-15,Yvonne LI Rank 25 Elo 1860 (-23),35.0,https://badmintonranks.com/tournament?id=12514,5,Indonesia Open 2022,Iris WANG,31.0,1945,Yvonne LI,25.0,1860
15/6/2022,Round 1,MD,Muhammad Shohibul FIKRI / Bagas MAULANA Rank 20 Elo 1969 (+15),21-16 / 21-16,Alexander DUNN / Adam HALL Rank 31 Elo 1806 (-18),39.0,https://badmintonranks.com/tournament?id=12514,5,Indonesia Open 2022,Muhammad Shohibul FIKRI / Bagas MAULANA,20.0,1969,Alexander DUNN / Adam HALL,31.0,1806
15/6/2022,Round 1,MS,PRANNOY H. S. Rank 23 Elo 2126 (+35),21-10 / 21-9,Lakshya SEN (8) Rank 10 Elo 2249 (-34),34.0,https://badmintonranks.com/tournament?id=12514,5,Indonesia Open 2022,PRANNOY H. S.,23.0,2126,Lakshya SEN (8),10.0,2249
15/6/2022,Round 1,XD,Mathias THYRRI / Alexandra BOE Rank 15 Elo 1871 (+37),21-15 / 21-16,TAN Kian Meng / LAI Pei Jing (8) Rank 9 Elo 1972 (-35),46.0,https://badmintonranks.com/tournament?id=12514,5,Indonesia Open 2022,Mathias THYRRI / Alexandra BOE,15.0,1871,TAN Kian Meng / LAI Pei Jing (8),9.0,1972
15/6/2022,Round 1,WD,LEE So Hee / SHIN Se.. (2) Rank 2 Elo 2142 (+6),21-16 / 22-20,Febby Valencia Dwijayanti GANI / Ribka SUGIARTO Rank 81 Elo 1786 (-7),47.0,https://badmintonranks.com/tournament?id=12514,5,Indonesia Open 2022,LEE So Hee / SHIN Se.. (2),2.0,2142,Febby Valencia Dwijayanti GANI / Ribka SUGIARTO,81.0,1786
15/6/2022,Round 1,WD,Pearly TAN / THINAAH Muralitharan Rank 10 Elo 1978 (+12),21-12 / 21-16,Anna Cheong Ching Yik / TEOH Mei Xing Rank 44 Elo 1762 (-15),33.0,https://badmintonranks.com/tournament?id=12514,5,Indonesia Open 2022,Pearly TAN / THINAAH Muralitharan,10.0,1978,Anna Cheong Ching Yik / TEOH Mei Xing,44.0,1762
15/6/2022,Round 1,MS,Jonatan CHRISTIE (7) Rank 8 Elo 2230 (+7),22-20 / 21-8,Kantaphon WANGCHAROEN Rank 22 Elo 1917 (-8),42.0,https://badmintonranks.com/tournament?id=12514,5,Indonesia Open 2022,Jonatan CHRISTIE (7),8.0,2230,Kantaphon WANGCHAROEN,22.0,1917
15/6/2022,Round 1,WD,JEONG Na Eun / KIM Hye Jeong Rank 17 Elo 2038 (+4),21-9 / 21-8,Haritha M.. / Ashna ROY Rank 111 Elo 1596 (-8),25.0,https://badmintonranks.com/tournament?id=12514,5,Indonesia Open 2022,JEONG Na Eun / KIM Hye Jeong,17.0,2038,Haritha M.. / Ashna ROY,111.0,1596
15/6/2022,Round 1,WD,Febriana Dwipuji KUSUMA / Amallia Cahaya PRATIWI Rank 84 Elo 1695 (+38),21-19 / 17-21 / 21-15,Margot LAMBERT / Anne TRAN Rank 55 Elo 1672 (-41),80.0,https://badmintonranks.com/tournament?id=12514,5,Indonesia Open 2022,Febriana Dwipuji KUSUMA / Amallia Cahaya PRATIWI,84.0,1695,Margot LAMBERT / Anne TRAN,55.0,1672
15/6/2022,Round 1,WD,Apriyani RAHAYU / Siti Fadia Silva RAMADHANTI Rank 40 Elo 1986 (+42),21-7 / 17-21 / 21-17,Mayu MATSUMOTO / Wakana NAGAHARA (5) Rank 5 Elo 2203 (-39),68.0,https://badmintonranks.com/tournament?id=12514,5,Indonesia Open 2022,Apriyani RAHAYU / Siti Fadia Silva RAMADHANTI,40.0,1986,Mayu MATSUMOTO / Wakana NAGAHARA (5),5.0,2203
15/6/2022,Round 1,MD,Ruben JILLE / Ties VAN DER LECQ Rank 44 Elo 1801 (+24),18-21 / 21-17 / 21-15,Christo POPOV / Toma Junior POPOV Rank 28 Elo 1704 (-29),59.0,https://badmintonranks.com/tournament?id=12514,5,Indonesia Open 2022,Ruben JILLE / Ties VAN DER LECQ,44.0,1801,Christo POPOV / Toma Junior POPOV,28.0,1704
15/6/2022,Round 1,MS,NG Ka Long Angus Rank 12 Elo 2089 (+32),21-17 / 11-21 / 21-16,Shesar Hiren RHUSTAVITO Rank 24 Elo 2168 (-31),60.0,https://badmintonranks.com/tournament?id=12514,5,Indonesia Open 2022,NG Ka Long Angus,12.0,2089,Shesar Hiren RHUSTAVITO,24.0,2168
15/6/2022,Round 1,MD,Fajar ALFIAN / Muhammad Shohibul FIKRI (6) Rank 6 Elo 2175 (+17),21-19 / 21-14,GOH Sze Fei / Nur IZZUDDIN Rank 12 Elo 2053 (-17),39.0,https://badmintonranks.com/tournament?id=12514,5,Indonesia Open 2022,Fajar ALFIAN / Muhammad Shohibul FIKRI (6),6.0,2175,GOH Sze Fei / Nur IZZUDDIN,12.0,2053
15/6/2022,Round 1,WD,ZHANG .. / ZHENG Yu Rank 38 Elo 1975 (+8),21-9 / 21-10,Ashwini BHAT K / Shikha GAUTAM Rank 60 Elo 1684 (-13),28.0,https://badmintonranks.com/tournament?id=12514,5,Indonesia Open 2022,ZHANG .. / ZHENG Yu,38.0,1975,Ashwini BHAT K / Shikha GAUTAM,60.0,1684
15/6/2022,Round 1,XD,CHAN Peng Soon / CHEAH Yee See Rank Elo 1711 (+55),21-15 / 21-16,Marcus ELLIS / Lauren SMITH Rank 11 Elo 1866 (-42),40.0,https://badmintonranks.com/tournament?id=12514,5,Indonesia Open 2022,CHAN Peng Soon / CHEAH Yee See,,1711,Marcus ELLIS / Lauren SMITH,11.0,1866
15/6/2022,Round 1,MS,CHOU Tien Chen (4) Rank 4 Elo 2299 (+24),22-20 / 19-21 / 21-12,Kunlavut VITIDSARN Rank 18 Elo 2281 (-24),74.0,https://badmintonranks.com/tournament?id=12514,5,Indonesia Open 2022,CHOU Tien Chen (4),4.0,2299,Kunlavut VITIDSARN,18.0,2281
15/6/2022,Round 1,MD,M.R.ARJUN / DHRUV KAPILA Rank 40 Elo 1693 (+58),27-25 / 18-21 / 21-19,Keiichiro MATSUI / Yoshinori TAKEUTI Rank 30 Elo 1839 (-42),83.0,https://badmintonranks.com/tournament?id=12514,6,Indonesia Open 2022,M.R.ARJUN / DHRUV KAPILA,40.0,1693,Keiichiro MATSUI / Yoshinori TAKEUTI,30.0,1839
15/6/2022,Round 1,MD,Pramudya KUSUMAWARDANA / Yeremia Erich Yoche Yacob RAMBITAN Rank 16 Elo 2040 (+8),21-19 / 21-15,Ben LANE / Sean VENDY Rank 19 Elo 1743 (-11),37.0,https://badmintonranks.com/tournament?id=12514,6,Indonesia Open 2022,Pramudya KUSUMAWARDANA / Yeremia Erich Yoche Yacob RAMBITAN,16.0,2040,Ben LANE / Sean VENDY,19.0,1743
15/6/2022,Round 1,MD,LIU Yu Chen / OU Xuan Yi Rank 75 Elo 1913 (+37),21-17 / 24-22,Hendra SETIAWAN / Mohammad AHSAN (2) Rank 3 Elo 2028 (-34),43.0,https://badmintonranks.com/tournament?id=12514,6,Indonesia Open 2022,LIU Yu Chen / OU Xuan Yi,75.0,1913,Hendra SETIAWAN / Mohammad AHSAN (2),3.0,2028
15/6/2022,Round 1,XD,CHEN Tang Jie / Valeree SIETSEMA Rank Elo 1711 (+40),21-17 / 21-14,CHOONG Hon Jian / PECK Yen Wei Rank Elo 1715 (-39),36.0,https://badmintonranks.com/tournament?id=12514,6,Indonesia Open 2022,CHEN Tang Jie / Valeree SIETSEMA,,1711,CHOONG Hon Jian / PECK Yen Wei,,1715
15/6/2022,Round 1,MS,LEE Cheuk Yiu Rank 17 Elo 2039 (+27),21-19 / 21-18,LIEW Daren Rank 28 Elo 2043 (-26),45.0,https://badmintonranks.com/tournament?id=12514,6,Indonesia Open 2022,LEE Cheuk Yiu,17.0,2039,LIEW Daren,28.0,2043
15/6/2022,Round 1,WD,Gabriela STOEVA / Stefani STOEVA (8) Rank 9 Elo 2051 (+0),W.O.,Rin IWANAGA / Kie NAKANISHI Rank 19 Elo 1934 (-0),0.0,https://badmintonranks.com/tournament?id=12514,6,Indonesia Open 2022,Gabriela STOEVA / Stefani STOEVA (8),9.0,2051,Rin IWANAGA / Kie NAKANISHI,19.0,1934
15/6/2022,Round 1,WS,CHEN Yu Fei (4) Rank 4 Elo 2502 (+4),21-10 / 21-17,KIM Ga Eun Rank 19 Elo 2083 (-4),39.0,https://badmintonranks.com/tournament?id=12514,6,Indonesia Open 2022,CHEN Yu Fei (4),4.0,2502,KIM Ga Eun,19.0,2083
15/6/2022,Round 1,WS,Nozomi OKUHARA (6) Rank 6 Elo 2330 (+2),21-14 / 21-18,PAI Yu Po Rank 41 Elo 1826 (-3),40.0,https://badmintonranks.com/tournament?id=12514,6,Indonesia Open 2022,Nozomi OKUHARA (6),6.0,2330,PAI Yu Po,41.0,1826
15/6/2022,Round 1,XD,Praveen JORDAN / Melati Daeva OKTAVIANTI (5) Rank 5 Elo 1995 (+13),21-6 / 21-18,Adam HALL / Julie MACPHERSON Rank 41 Elo 1808 (-16),30.0,https://badmintonranks.com/tournament?id=12514,6,Indonesia Open 2022,Praveen JORDAN / Melati Daeva OKTAVIANTI (5),5.0,1995,Adam HALL / Julie MACPHERSON,41.0,1808
15/6/2022,Round 1,XD,WANG Yi Lyu / HUANG Dong Ping (4) Rank 4 Elo 2242 (+4),13-21 / 21-19 / 26-24,HEE Yong KWON / TAN Wei Qiang Rank 39 Elo 1836 (-6),73.0,https://badmintonranks.com/tournament?id=12514,6,Indonesia Open 2022,WANG Yi Lyu / HUANG Dong Ping (4),4.0,2242,HEE Yong KWON / TAN Wei Qiang,39.0,1836
15/6/2022,Round 1,MD,Aaron CHIA / SOH Wooi Yik (5) Rank 7 Elo 2081 (+8),21-18 / 11-21 / 21-11,KIM Gi Jung / KIM Sa Rang Rank 113 Elo 1792 (-11),48.0,https://badmintonranks.com/tournament?id=12514,6,Indonesia Open 2022,Aaron CHIA / SOH Wooi Yik (5),7.0,2081,KIM Gi Jung / KIM Sa Rang,113.0,1792
15/6/2022,Round 1,XD,ZHENG Si Wei / HUANG Ya Qiong (2) Rank 2 Elo 2342 (+1),21-17 / 21-19,GUO Xin Wa / ZHANG Shu Xian Rank 42 Elo 1673 (-2),36.0,https://badmintonranks.com/tournament?id=12514,6,Indonesia Open 2022,ZHENG Si Wei / HUANG Ya Qiong (2),2.0,2342,GUO Xin Wa / ZHANG Shu Xian,42.0,1673
15/6/2022,Round 1,WS,Lalinrat CHAIWAN Rank 21 Elo 2067 (+23),21-17 / 10-21 / 21-12,Gregoria Mariska TUNJUNG Rank 30 Elo 2027 (-23),52.0,https://badmintonranks.com/tournament?id=12514,6,Indonesia Open 2022,Lalinrat CHAIWAN,21.0,2067,Gregoria Mariska TUNJUNG,30.0,2027
15/6/2022,Round 1,WS,ZHANG Yi Man Rank 32 Elo 2023 (+5),13-6 Ret.,Supanida KATETHONG Rank 26 Elo 1996 (-5),10.0,https://badmintonranks.com/tournament?id=12514,6,Indonesia Open 2022,ZHANG Yi Man,32.0,2023,Supanida KATETHONG,26.0,1996
15/6/2022,Round 1,XD,Supak JOMKOH / Supissara PACHARAMONGKOL Rank 22 Elo 1941 (+11),21-17 / 13-21 / 21-15,KIM Won Ho / JEONG Na Eun Rank 119 Elo 1705 (-17),53.0,https://badmintonranks.com/tournament?id=12514,6,Indonesia Open 2022,Supak JOMKOH / Supissara PACHARAMONGKOL,22.0,1941,KIM Won Ho / JEONG Na Eun,119.0,1705
14/6/2022,Round 1,MD,KANG Min Hyuk / SEO Seung Jae Rank 56 Elo 2006 (+10),21-13 / 21-11,Sabar Karyaman GUTAMA / Moh Reza Pahlevi ISFAHANI Rank 77 Elo 1771 (-14),35.0,https://badmintonranks.com/tournament?id=12514,6,Indonesia Open 2022,KANG Min Hyuk / SEO Seung Jae,56.0,2006,Sabar Karyaman GUTAMA / Moh Reza Pahlevi ISFAHANI,77.0,1771
14/6/2022,Round 1,WD,Vivian HO / LIM Chiew Sien Rank 35 Elo 1757 (+20),21-10 / 21-5,Jaqueline.. / Samia LIMA Rank 58 Elo 1603 (-32),26.0,https://badmintonranks.com/tournament?id=12514,6,Indonesia Open 2022,Vivian HO / LIM Chiew Sien,35.0,1757,Jaqueline.. / Samia LIMA,58.0,1603
14/6/2022,Round 1,MD,ONG Yew Sin / TEO Ee Yi Rank 10 Elo 1973 (+14),21-14 / 21-14,Jeppe BAY / Lasse MØLHEDE Rank 32 Elo 1794 (-17),36.0,https://badmintonranks.com/tournament?id=12514,6,Indonesia Open 2022,ONG Yew Sin / TEO Ee Yi,10.0,1973,Jeppe BAY / Lasse MØLHEDE,32.0,1794
14/6/2022,Round 1,MD,Akira KOGA / Taichi SAITO Rank 22 Elo 1950 (+31),21-18 / 22-20,Mark LAMSFUSS / Marvin SEIDEL Rank 13 Elo 2000 (-31),47.0,https://badmintonranks.com/tournament?id=12514,6,Indonesia Open 2022,Akira KOGA / Taichi SAITO,22.0,1950,Mark LAMSFUSS / Marvin SEIDEL,13.0,2000
14/6/2022,Round 1,MS,Sameer VERMA Rank 30 Elo 2026 (+13),21-19 / 21-15,Thomas ROUXEL Rank 43 Elo 1829 (-15),45.0,https://badmintonranks.com/tournament?id=12514,6,Indonesia Open 2022,Sameer VERMA,30.0,2026,Thomas ROUXEL,43.0,1829
14/6/2022,Round 1,MD,Takuro HOKI / Yugo KOBAYASHI (3) Rank 2 Elo 2164 (+2),21-8 / 21-11,ATTRI Manu / REDDY Badri Narayana Rank 45 Elo 1562 (-4),26.0,https://badmintonranks.com/tournament?id=12514,7,Indonesia Open 2022,Takuro HOKI / Yugo KOBAYASHI (3),2.0,2164,ATTRI Manu / REDDY Badri Narayana,45.0,1562
14/6/2022,Round 1,MD,Marcus Fernaldi GIDEON / Kevin Sanjaya SUKAMULJO (1) Rank 1 Elo 2263 (+2),21-19 / 21-16,Wahyu Nayaka Arya PANKARYANIRA / Ade Yusuf SANTOSO Rank 36 Elo 1716 (-4),39.0,https://badmintonranks.com/tournament?id=12514,7,Indonesia Open 2022,Marcus Fernaldi GIDEON / Kevin Sanjaya SUKAMULJO (1),1.0,2263,Wahyu Nayaka Arya PANKARYANIRA / Ade Yusuf SANTOSO,36.0,1716
14/6/2022,Round 1,XD,Yuta WATANABE / Arisa IGAKI (3) Rank 3 Elo 2324 (+3),27-25 / 21-23 / 21-15,Robin TABELING / Selena PIEK Rank 21 Elo 1859 (-4),65.0,https://badmintonranks.com/tournament?id=12514,7,Indonesia Open 2022,Yuta WATANABE / Arisa IGAKI (3),3.0,2324,Robin TABELING / Selena PIEK,21.0,1859
14/6/2022,Round 1,WS,AN Se Young (3) Rank 3 Elo 2423 (+4),21-13 / 21-10,Neslihan ARIN Rank 27 Elo 2001 (-4),31.0,https://badmintonranks.com/tournament?id=12514,7,Indonesia Open 2022,AN Se Young (3),3.0,2423,Neslihan ARIN,27.0,2001
14/6/2022,Round 1,MS,Viktor AXELSEN (1) Rank 1 Elo 2618 (+3),21-8 / 21-4,Kanta TSUNEYAMA Rank 14 Elo 2139 (-3),32.0,https://badmintonranks.com/tournament?id=12514,7,Indonesia Open 2022,Viktor AXELSEN (1),1.0,2618,Kanta TSUNEYAMA,14.0,2139
14/6/2022,Round 1,MD,Leo Rolly CARNANDO / Daniel MARTHIN Rank 23 Elo 1955 (+9),21-16 / 21-17,Fabien DELRUE / William VILLEGER Rank 35 Elo 1669 (-14),40.0,https://badmintonranks.com/tournament?id=12514,7,Indonesia Open 2022,Leo Rolly CARNANDO / Daniel MARTHIN,23.0,1955,Fabien DELRUE / William VILLEGER,35.0,1669
14/6/2022,Round 1,WD,DU Yue / LI Wen Mei Rank 45 Elo 1938 (+7),21-10 / 21-14,LOW Yeen Yuan / Valeree SIETSEMA Rank 73 Elo 1601 (-14),38.0,https://badmintonranks.com/tournament?id=12514,7,Indonesia Open 2022,DU Yue / LI Wen Mei,45.0,1938,LOW Yeen Yuan / Valeree SIETSEMA,73.0,1601
14/6/2022,Round 1,WD,Ashwini PONNAPPA / REDDY Sikki Gupta Rank 23 Elo 1653 (+40),21-15 / 21-8,Srivedya GURAZADA / Ishika JAISWAL Rank 107 Elo 1605 (-47),27.0,https://badmintonranks.com/tournament?id=12514,7,Indonesia Open 2022,Ashwini PONNAPPA / REDDY Sikki Gupta,23.0,1653,Srivedya GURAZADA / Ishika JAISWAL,107.0,1605
14/6/2022,Round 1,XD,HOO Pang Ron / TOH Ee Wei Rank Elo 1726 (+61),21-14 / 21-19,Yuki KANEKO / Misaki MATSUTOMO Rank 16 Elo 1967 (-43),31.0,https://badmintonranks.com/tournament?id=12514,7,Indonesia Open 2022,HOO Pang Ron / TOH Ee Wei,,1726,Yuki KANEKO / Misaki MATSUTOMO,16.0,1967
14/6/2022,Round 1,XD,SOONG .. / GOH Liu Ying Rank Elo 1637 (+55),21-13 / 22-20,Hafiz FAIZAL / Serena KOTHLOW Rank Elo 1682 (-48),39.0,https://badmintonranks.com/tournament?id=12514,7,Indonesia Open 2022,SOONG .. / GOH Liu Ying,,1637,Hafiz FAIZAL / Serena KOTHLOW,,1682
14/6/2022,Round 1,WS,Kirsty GILMOUR Rank 17 Elo 2109 (+13),17-21 / 21-16 / 21-19,Line CHRISTOPHERSEN Rank 22 Elo 1924 (-14),59.0,https://badmintonranks.com/tournament?id=12514,7,Indonesia Open 2022,Kirsty GILMOUR,17.0,2109,Line CHRISTOPHERSEN,22.0,1924
14/6/2022,Round 1,MD,CHOI Sol Gyu / KIM Won Ho Rank 83 Elo 1764 (+28),21-18 / 21-19,Christoph WEGNER / Matthew NOTTINGHAM Rank 51 Elo 1692 (-33),44.0,https://badmintonranks.com/tournament?id=12514,7,Indonesia Open 2022,CHOI Sol Gyu / KIM Won Ho,83.0,1764,Christoph WEGNER / Matthew NOTTINGHAM,51.0,1692
14/6/2022,Round 1,MS,LU Guang Zu Rank 25 Elo 2141 (+25),21-18 / 21-13,Kenta NISHIMOTO Rank 20 Elo 2143 (-25),57.0,https://badmintonranks.com/tournament?id=12514,7,Indonesia Open 2022,LU Guang Zu,25.0,2141,Kenta NISHIMOTO,20.0,2143
14/6/2022,Round 1,MD,Kim ASTRUP / Anders Skaarup RASMUSSEN (8) Rank 9 Elo 2041 (+15),21-15 / 21-16,LU Ching Yao / YANG Po Hsuan Rank 24 Elo 1880 (-17),46.0,https://badmintonranks.com/tournament?id=12514,7,Indonesia Open 2022,Kim ASTRUP / Anders Skaarup RASMUSSEN (8),9.0,2041,LU Ching Yao / YANG Po Hsuan,24.0,1880
14/6/2022,Round 1,WS,WANG Zhi Yi Rank 14 Elo 2157 (+17),21-5 / 21-12,Michelle LI Rank 12 Elo 2035 (-18),31.0,https://badmintonranks.com/tournament?id=12514,7,Indonesia Open 2022,WANG Zhi Yi,14.0,2157,Michelle LI,12.0,2035
14/6/2022,Round 1,XD,Thom GICQUEL / Delphine DELRUE Rank 10 Elo 2056 (+7),21-13 / 21-8,Fabricio AUGUSTO / Jaqueline .. Rank 61 Elo 1710 (-10),29.0,https://badmintonranks.com/tournament?id=12514,7,Indonesia Open 2022,Thom GICQUEL / Delphine DELRUE,10.0,2056,Fabricio AUGUSTO / Jaqueline ..,61.0,1710
14/6/2022,Round 1,WD,Jongkolphan KITITHARAKUL / Rawinda PRAJONGJAI (7) Rank 8 Elo 1915 (+28),21-18 / 16-21 / 21-12,Rachel HU / Kristen TSAI Rank 20 Elo 1919 (-28),73.0,https://badmintonranks.com/tournament?id=12514,7,Indonesia Open 2022,Jongkolphan KITITHARAKUL / Rawinda PRAJONGJAI (7),8.0,1915,Rachel HU / Kristen TSAI,20.0,1919
14/6/2022,Round 1,WS,Carolina MARIN (5) Rank 5 Elo 2433 (+1),21-17 / 21-17,Julie Dawall JAKOBSEN Rank 39 Elo 1807 (-1),49.0,https://badmintonranks.com/tournament?id=12514,7,Indonesia Open 2022,Carolina MARIN (5),5.0,2433,Julie Dawall JAKOBSEN,39.0,1807
14/6/2022,Round 1,MS,Anthony Sinisuka GINTING (5) Rank 6 Elo 2232 (+8),21-17 / 22-20,Tommy SUGIARTO Rank 33 Elo 1947 (-9),47.0,https://badmintonranks.com/tournament?id=12514,7,Indonesia Open 2022,Anthony Sinisuka GINTING (5),6.0,2232,Tommy SUGIARTO,33.0,1947
14/6/2022,Round 1,WD,CHEN Qi Ming / JIA Yi Fan (1) Rank 1 Elo 2306 (+4),21-14 / 20-22 / 23-21,BAEK Ha Na / LEE Yu Lim Rank 42 Elo 1882 (-5),90.0,https://badmintonranks.com/tournament?id=12514,7,Indonesia Open 2022,CHEN Qi Ming / JIA Yi Fan (1),1.0,2306,BAEK Ha Na / LEE Yu Lim,42.0,1882
14/6/2022,Round 1,XD,SEO Seung Jae / CHAE Yu Jung (6) Rank 6 Elo 2053 (+16),21-19 / 21-11,Rinov RIVALDY / Pitha Haningtyas MENTARI Rank 19 Elo 1915 (-17),37.0,https://badmintonranks.com/tournament?id=12514,8,Indonesia Open 2022,SEO Seung Jae / CHAE Yu Jung (6),6.0,2053,Rinov RIVALDY / Pitha Haningtyas MENTARI,19.0,1915
14/6/2022,Round 1,MS,LEE Zii Jia (6) Rank 5 Elo 2428 (+3),21-15 / 21-14,Sitthikom THAMMASIN Rank 32 Elo 1949 (-3),41.0,https://badmintonranks.com/tournament?id=12514,8,Indonesia Open 2022,LEE Zii Jia (6),5.0,2428,Sitthikom THAMMASIN,32.0,1949
14/6/2022,Round 1,WS,Sayaka TAKAHASHI Rank 13 Elo 2201 (+15),21-16 / 21-14,ZHANG Beiwen Rank 16 Elo 2042 (-15),32.0,https://badmintonranks.com/tournament?id=12514,8,Indonesia Open 2022,Sayaka TAKAHASHI,13.0,2201,ZHANG Beiwen,16.0,2042
14/6/2022,Round 1,XD,GOH Soon Huat / LAI Shevon Jemie Rank 14 Elo 1870 (+55),21-18 / 7-21 / 22-20,Dechapol PUAVARANUKROH / Sapsiree TAERATTANACHAI (1) Rank 1 Elo 2360 (-48),69.0,https://badmintonranks.com/tournament?id=12514,8,Indonesia Open 2022,GOH Soon Huat / LAI Shevon Jemie,14.0,1870,Dechapol PUAVARANUKROH / Sapsiree TAERATTANACHAI (1),1.0,2360
14/6/2022,Round 1,XD,Mark LAMSFUSS / Isabel LOHAU Rank 12 Elo 2025 (+11),21-13 / 16-21 / 21-17,Rehan Naufal KUSHARJANTO / Lisa Ayu KUSUMAWATI Rank 46 Elo 1792 (-14),60.0,https://badmintonranks.com/tournament?id=12514,8,Indonesia Open 2022,Mark LAMSFUSS / Isabel LOHAU,12.0,2025,Rehan Naufal KUSHARJANTO / Lisa Ayu KUSUMAWATI,46.0,1792
14/6/2022,Round 1,WS,Busanan ONGBAMRUNGPHAN Rank 11 Elo 2176 (+12),21-15 / 12-21 / 22-20,HAN Yue Rank 23 Elo 1981 (-13),60.0,https://badmintonranks.com/tournament?id=12514,8,Indonesia Open 2022,Busanan ONGBAMRUNGPHAN,11.0,2176,HAN Yue,23.0,1981
14/6/2022,Round 1,MS,LOH Kean Yew Rank 9 Elo 2290 (+10),21-12 / 23-21,HEO Kwang Hee Rank 31 Elo 2032 (-10),42.0,https://badmintonranks.com/tournament?id=12514,8,Indonesia Open 2022,LOH Kean Yew,9.0,2290,HEO Kwang Hee,31.0,2032
14/6/2022,Round 1,WD,Debora JILLE / Cheryl SEINEN Rank 41 Elo 1787 (+9),21-16 / 21-10,Mariia STOLIARENKO / Yelyzaveta ZHARKA Rank 68 Elo 1473 (-23),37.0,https://badmintonranks.com/tournament?id=12514,8,Indonesia Open 2022,Debora JILLE / Cheryl SEINEN,41.0,1787,Mariia STOLIARENKO / Yelyzaveta ZHARKA,68.0,1473
14/6/2022,Round 1,MS,Toma Junior POPOV Rank 26 Elo 2039 (+17),21-15 / 21-15,Nhat NGUYEN Rank 39 Elo 1913 (-18),57.0,https://badmintonranks.com/tournament?id=12514,8,Indonesia Open 2022,Toma Junior POPOV,26.0,2039,Nhat NGUYEN,39.0,1913
14/6/2022,Round 1,WS,Akane YAMAGUCHI (1) Rank 1 Elo 2457 (+5),21-15 / 21-18,Mia BLICHFELDT Rank 15 Elo 2067 (-5),41.0,https://badmintonranks.com/tournament?id=12514,8,Indonesia Open 2022,Akane YAMAGUCHI (1),1.0,2457,Mia BLICHFELDT,15.0,2067
14/6/2022,Round 1,WD,Nami MATSUYAMA / Chiharu SHIDA (6) Rank 7 Elo 2260 (+1),21-14 / 24-22,Julie FINNE-IPSEN / Mai SURROW Rank 54 Elo 1509 (-2),48.0,https://badmintonranks.com/tournament?id=12514,8,Indonesia Open 2022,Nami MATSUYAMA / Chiharu SHIDA (6),7.0,2260,Julie FINNE-IPSEN / Mai SURROW,54.0,1509
14/6/2022,Round 1,XD,CHANG Tak Ching / NG Wing Yung Rank 27 Elo 1749 (+26),21-14 / 21-11,Ishaan BHATNAGAR / Tanisha CRASTO Rank 47 Elo 1653 (-34),32.0,https://badmintonranks.com/tournament?id=12514,8,Indonesia Open 2022,CHANG Tak Ching / NG Wing Yung,27.0,1749,Ishaan BHATNAGAR / Tanisha CRASTO,47.0,1653
14/6/2022,Round 1,WS,HE Bing Jiao Rank 9 Elo 2412 (+18),21-14 / 21-18,PUSARLA V. Sindhu (7) Rank 7 Elo 2312 (-18),47.0,https://badmintonranks.com/tournament?id=12514,8,Indonesia Open 2022,HE Bing Jiao,9.0,2412,PUSARLA V. Sindhu (7),7.0,2312
14/6/2022,Round 1,WD,LIU Xuan Xuan / XIA Yu Ting Rank 22 Elo 1843 (+10),21-10 / 21-8,Julie MACPHERSON / Ciara TORRANCE Rank 46 Elo 1564 (-21),33.0,https://badmintonranks.com/tournament?id=12514,8,Indonesia Open 2022,LIU Xuan Xuan / XIA Yu Ting,22.0,1843,Julie MACPHERSON / Ciara TORRANCE,46.0,1564
14/6/2022,Round 1,MS,Hans-Kristian Solberg VITTINGHUS Rank 21 Elo 2081 (+15),21-16 / 21-19,SAI PRANEETH B. Rank 19 Elo 1933 (-17),45.0,https://badmintonranks.com/tournament?id=12514,8,Indonesia Open 2022,Hans-Kristian Solberg VITTINGHUS,21.0,2081,SAI PRANEETH B.,19.0,1933
28/11/2021,Final,MS,Viktor AXELSEN (2) Rank 2 Elo 2596 (+8),21-13 / 9-21 / 21-13,LOH Kean Yew Rank 26 Elo 2282 (-8),59.0,https://badmintonranks.com/tournament?id=12423,1,Indonesia Open 2021,Viktor AXELSEN (2),2.0,2596,LOH Kean Yew,26.0,2282
28/11/2021,Final,MD,Marcus Fernaldi GIDEON / Kevin Sanjaya SUKAMULJO (1) Rank 1 Elo 2296 (+25),21-14 / 21-18,Takuro HOKI / Yugo KOBAYASHI Rank 7 Elo 2262 (-25),38.0,https://badmintonranks.com/tournament?id=12423,1,Indonesia Open 2021,Marcus Fernaldi GIDEON / Kevin Sanjaya SUKAMULJO (1),1.0,2296,Takuro HOKI / Yugo KOBAYASHI,7.0,2262
28/11/2021,Final,XD,Dechapol PUAVARANUKROH / Sapsiree TAERATTANACHAI (1) Rank 2 Elo 2316 (+33),21-12 / 21-13,Yuta WATANABE / Arisa IGAKI (3) Rank 4 Elo 2386 (-33),41.0,https://badmintonranks.com/tournament?id=12423,1,Indonesia Open 2021,Dechapol PUAVARANUKROH / Sapsiree TAERATTANACHAI (1),2.0,2316,Yuta WATANABE / Arisa IGAKI (3),4.0,2386
28/11/2021,Final,WD,Nami MATSUYAMA / Chiharu SHIDA (4) Rank 9 Elo 2188 (+31),21-19 / 21-19,Greysia POLII / Apriyani RAHAYU (2) Rank 6 Elo 2227 (-31),65.0,https://badmintonranks.com/tournament?id=12423,1,Indonesia Open 2021,Nami MATSUYAMA / Chiharu SHIDA (4),9.0,2188,Greysia POLII / Apriyani RAHAYU (2),6.0,2227
28/11/2021,Final,WS,AN Se Young (4) Rank 6 Elo 2465 (+14),21-17 / 22-20,Ratchanok INTANON (2) Rank 8 Elo 2285 (-14),46.0,https://badmintonranks.com/tournament?id=12423,1,Indonesia Open 2021,AN Se Young (4),6.0,2465,Ratchanok INTANON (2),8.0,2285
27/11/2021,Semi final,MS,LOH Kean Yew Rank 26 Elo 2262 (+20),21-14 / 21-7,Rasmus GEMKE Rank 13 Elo 2173 (-21),42.0,https://badmintonranks.com/tournament?id=12423,1,Indonesia Open 2021,LOH Kean Yew,26.0,2262,Rasmus GEMKE,13.0,2173
27/11/2021,Semi final,MD,Takuro HOKI / Yugo KOBAYASHI Rank 7 Elo 2253 (+9),22-20 / 21-14,Akira KOGA / Taichi SAITO Rank 24 Elo 1973 (-9),48.0,https://badmintonranks.com/tournament?id=12423,1,Indonesia Open 2021,Takuro HOKI / Yugo KOBAYASHI,7.0,2253,Akira KOGA / Taichi SAITO,24.0,1973
27/11/2021,Semi final,MS,Viktor AXELSEN (2) Rank 2 Elo 2590 (+6),21-19 / 21-15,Jonatan CHRISTIE (6) Rank 8 Elo 2248 (-6),54.0,https://badmintonranks.com/tournament?id=12423,1,Indonesia Open 2021,Viktor AXELSEN (2),2.0,2590,Jonatan CHRISTIE (6),8.0,2248
27/11/2021,Semi final,MD,Marcus Fernaldi GIDEON / Kevin Sanjaya SUKAMULJO (1) Rank 1 Elo 2283 (+13),21-16 / 21-18,Satwiksairaj RANKIREDDY / Chirag SHETTY (6) Rank 11 Elo 2092 (-13),44.0,https://badmintonranks.com/tournament?id=12423,1,Indonesia Open 2021,Marcus Fernaldi GIDEON / Kevin Sanjaya SUKAMULJO (1),1.0,2283,Satwiksairaj RANKIREDDY / Chirag SHETTY (6),11.0,2092
27/11/2021,Semi final,WD,Nami MATSUYAMA / Chiharu SHIDA (4) Rank 9 Elo 2181 (+7),21-19 / 21-18,BAEK Ha Na / LEE Yu Lim Rank 82 Elo 1867 (-9),58.0,https://badmintonranks.com/tournament?id=12423,1,Indonesia Open 2021,Nami MATSUYAMA / Chiharu SHIDA (4),9.0,2181,BAEK Ha Na / LEE Yu Lim,82.0,1867
27/11/2021,Semi final,WD,Greysia POLII / Apriyani RAHAYU (2) Rank 6 Elo 2217 (+10),21-18 / 21-14,Jongkolphan KITITHARAKUL / Rawinda PRAJONGJAI (3) Rank 8 Elo 1955 (-10),58.0,https://badmintonranks.com/tournament?id=12423,1,Indonesia Open 2021,Greysia POLII / Apriyani RAHAYU (2),6.0,2217,Jongkolphan KITITHARAKUL / Rawinda PRAJONGJAI (3),8.0,1955
27/11/2021,Semi final,XD,Yuta WATANABE / Arisa IGAKI (3) Rank 4 Elo 2380 (+6),21-16 / 21-12,Mathias THYRRI / Alexandra BOE Rank 15 Elo 2027 (-6),39.0,https://badmintonranks.com/tournament?id=12423,1,Indonesia Open 2021,Yuta WATANABE / Arisa IGAKI (3),4.0,2380,Mathias THYRRI / Alexandra BOE,15.0,2027
27/11/2021,Semi final,WS,Ratchanok INTANON (2) Rank 8 Elo 2251 (+34),15-21 / 21-9 / 21-14,PUSARLA V. Sindhu (3) Rank 7 Elo 2356 (-34),54.0,https://badmintonranks.com/tournament?id=12423,1,Indonesia Open 2021,Ratchanok INTANON (2),8.0,2251,PUSARLA V. Sindhu (3),7.0,2356
27/11/2021,Semi final,XD,Dechapol PUAVARANUKROH / Sapsiree TAERATTANACHAI (1) Rank 2 Elo 2308 (+8),21-17 / 18-21 / 21-14,KO Sung Hyun / EOM Hye Won Rank 21 Elo 2008 (-8),80.0,https://badmintonranks.com/tournament?id=12423,1,Indonesia Open 2021,Dechapol PUAVARANUKROH / Sapsiree TAERATTANACHAI (1),2.0,2308,KO Sung Hyun / EOM Hye Won,21.0,2008
27/11/2021,Semi final,WS,AN Se Young (4) Rank 6 Elo 2450 (+15),21-19 / 21-19,Pornpawee CHOCHUWONG (5) Rank 10 Elo 2285 (-15),50.0,https://badmintonranks.com/tournament?id=12423,1,Indonesia Open 2021,AN Se Young (4),6.0,2450,Pornpawee CHOCHUWONG (5),10.0,2285
26/11/2021,Quarter final,MD,Takuro HOKI / Yugo KOBAYASHI Rank 7 Elo 2241 (+12),14-21 / 21-15 / 21-14,Kim ASTRUP / Anders Skaarup RASMUSSEN (7) Rank 9 Elo 2037 (-13),66.0,https://badmintonranks.com/tournament?id=12423,1,Indonesia Open 2021,Takuro HOKI / Yugo KOBAYASHI,7.0,2241,Kim ASTRUP / Anders Skaarup RASMUSSEN (7),9.0,2037
26/11/2021,Quarter final,MS,Viktor AXELSEN (2) Rank 2 Elo 2588 (+2),21-12 / 21-8,SAI PRANEETH B. Rank 16 Elo 2022 (-2),36.0,https://badmintonranks.com/tournament?id=12423,1,Indonesia Open 2021,Viktor AXELSEN (2),2.0,2588,SAI PRANEETH B.,16.0,2022
26/11/2021,Quarter final,MS,Jonatan CHRISTIE (6) Rank 8 Elo 2248 (+0),W.O.,Anders ANTONSEN (3) Rank 3 Elo 2374 (-3),0.0,https://badmintonranks.com/tournament?id=12423,1,Indonesia Open 2021,Jonatan CHRISTIE (6),8.0,2248,Anders ANTONSEN (3),3.0,2374
26/11/2021,Quarter final,MD,Akira KOGA / Taichi SAITO Rank 24 Elo 1934 (+39),21-10 / 13-21 / 21-14,Fajar ALFIAN / Muhammad Shohibul FIKRI (4) Rank 8 Elo 2071 (-37),70.0,https://badmintonranks.com/tournament?id=12423,1,Indonesia Open 2021,Akira KOGA / Taichi SAITO,24.0,1934,Fajar ALFIAN / Muhammad Shohibul FIKRI (4),8.0,2071
26/11/2021,Quarter final,WD,Nami MATSUYAMA / Chiharu SHIDA (4) Rank 9 Elo 2177 (+4),21-17 / 21-13,Febriana Dwipuji KUSUMA / Amallia Cahaya PRATIWI Rank 78 Elo 1707 (-5),43.0,https://badmintonranks.com/tournament?id=12423,1,Indonesia Open 2021,Nami MATSUYAMA / Chiharu SHIDA (4),9.0,2177,Febriana Dwipuji KUSUMA / Amallia Cahaya PRATIWI,78.0,1707
26/11/2021,Quarter final,MS,LOH Kean Yew Rank 26 Elo 2243 (+19),21-9 / 21-4,Hans-Kristian Solberg VITTINGHUS Rank 21 Elo 2139 (-19),25.0,https://badmintonranks.com/tournament?id=12423,2,Indonesia Open 2021,LOH Kean Yew,26.0,2243,Hans-Kristian Solberg VITTINGHUS,21.0,2139
26/11/2021,Quarter final,WD,BAEK Ha Na / LEE Yu Lim Rank 82 Elo 1810 (+57),18-21 / 21-19 / 21-15,KIM So Yeong / KONG Hee Yong (1) Rank 4 Elo 2143 (-47),100.0,https://badmintonranks.com/tournament?id=12423,2,Indonesia Open 2021,BAEK Ha Na / LEE Yu Lim,82.0,1810,KIM So Yeong / KONG Hee Yong (1),4.0,2143
26/11/2021,Quarter final,MD,Satwiksairaj RANKIREDDY / Chirag SHETTY (6) Rank 11 Elo 2072 (+20),21-19 / 21-19,GOH Sze Fei / Nur IZZUDDIN Rank 19 Elo 1983 (-21),43.0,https://badmintonranks.com/tournament?id=12423,2,Indonesia Open 2021,Satwiksairaj RANKIREDDY / Chirag SHETTY (6),11.0,2072,GOH Sze Fei / Nur IZZUDDIN,19.0,1983
26/11/2021,Quarter final,WD,Jongkolphan KITITHARAKUL / Rawinda PRAJONGJAI (3) Rank 8 Elo 1923 (+32),21-10 / 21-14,Gabriela STOEVA / Stefani STOEVA (5) Rank 11 Elo 1964 (-32),42.0,https://badmintonranks.com/tournament?id=12423,2,Indonesia Open 2021,Jongkolphan KITITHARAKUL / Rawinda PRAJONGJAI (3),8.0,1923,Gabriela STOEVA / Stefani STOEVA (5),11.0,1964
26/11/2021,Quarter final,MS,Rasmus GEMKE Rank 13 Elo 2146 (+27),21-18 / 21-17,Kenta NISHIMOTO Rank 17 Elo 2148 (-26),64.0,https://badmintonranks.com/tournament?id=12423,2,Indonesia Open 2021,Rasmus GEMKE,13.0,2146,Kenta NISHIMOTO,17.0,2148
26/11/2021,Quarter final,MD,Marcus Fernaldi GIDEON / Kevin Sanjaya SUKAMULJO (1) Rank 1 Elo 2270 (+13),14-21 / 21-14 / 21-16,ONG Yew Sin / TEO Ee Yi Rank 12 Elo 2081 (-13),52.0,https://badmintonranks.com/tournament?id=12423,2,Indonesia Open 2021,Marcus Fernaldi GIDEON / Kevin Sanjaya SUKAMULJO (1),1.0,2270,ONG Yew Sin / TEO Ee Yi,12.0,2081
26/11/2021,Quarter final,XD,KO Sung Hyun / EOM Hye Won Rank 21 Elo 1989 (+19),15-21 / 21-16 / 21-18,CHAN Peng Soon / GOH Liu Ying (5) Rank 9 Elo 1875 (-20),72.0,https://badmintonranks.com/tournament?id=12423,2,Indonesia Open 2021,KO Sung Hyun / EOM Hye Won,21.0,1989,CHAN Peng Soon / GOH Liu Ying (5),9.0,1875
26/11/2021,Quarter final,XD,Dechapol PUAVARANUKROH / Sapsiree TAERATTANACHAI (1) Rank 2 Elo 2301 (+7),21-10 / 21-11,TAN Kian Meng / LAI Pei Jing Rank 12 Elo 1971 (-7),33.0,https://badmintonranks.com/tournament?id=12423,2,Indonesia Open 2021,Dechapol PUAVARANUKROH / Sapsiree TAERATTANACHAI (1),2.0,2301,TAN Kian Meng / LAI Pei Jing,12.0,1971
26/11/2021,Quarter final,WD,Greysia POLII / Apriyani RAHAYU (2) Rank 6 Elo 2210 (+7),21-16 / 12-21 / 21-18,Mayu MATSUMOTO / Ayako SAKURAMOTO (7) Rank 82 Elo 1884 (-8),76.0,https://badmintonranks.com/tournament?id=12423,2,Indonesia Open 2021,Greysia POLII / Apriyani RAHAYU (2),6.0,2210,Mayu MATSUMOTO / Ayako SAKURAMOTO (7),82.0,1884
26/11/2021,Quarter final,XD,Mathias THYRRI / Alexandra BOE Rank 15 Elo 2001 (+26),14-21 / 21-11 / 21-18,Hafiz FAIZAL / Gloria Emanuelle WIDJAJA (6) Rank 10 Elo 1983 (-27),64.0,https://badmintonranks.com/tournament?id=12423,2,Indonesia Open 2021,Mathias THYRRI / Alexandra BOE,15.0,2001,Hafiz FAIZAL / Gloria Emanuelle WIDJAJA (6),10.0,1983
26/11/2021,Quarter final,WS,Ratchanok INTANON (2) Rank 8 Elo 2245 (+6),21-17 / 21-12,Asuka TAKAHASHI Rank 71 Elo 1863 (-6),39.0,https://badmintonranks.com/tournament?id=12423,2,Indonesia Open 2021,Ratchanok INTANON (2),8.0,2245,Asuka TAKAHASHI,71.0,1863
26/11/2021,Quarter final,WS,Pornpawee CHOCHUWONG (5) Rank 10 Elo 2242 (+43),21-6 / 21-23 / 21-11,Akane YAMAGUCHI (1) Rank 3 Elo 2506 (-43),72.0,https://badmintonranks.com/tournament?id=12423,2,Indonesia Open 2021,Pornpawee CHOCHUWONG (5),10.0,2242,Akane YAMAGUCHI (1),3.0,2506
26/11/2021,Quarter final,XD,Yuta WATANABE / Arisa IGAKI (3) Rank 4 Elo 2370 (+10),21-17 / 21-8,TANG Chun Man / TSE Ying Suet (8) Rank 7 Elo 2107 (-10),32.0,https://badmintonranks.com/tournament?id=12423,2,Indonesia Open 2021,Yuta WATANABE / Arisa IGAKI (3),4.0,2370,TANG Chun Man / TSE Ying Suet (8),7.0,2107
26/11/2021,Quarter final,WS,PUSARLA V. Sindhu (3) Rank 7 Elo 2353 (+3),14-21 / 21-19 / 21-14,SIM Yu Jin Rank 54 Elo 1875 (-4),66.0,https://badmintonranks.com/tournament?id=12423,2,Indonesia Open 2021,PUSARLA V. Sindhu (3),7.0,2353,SIM Yu Jin,54.0,1875
26/11/2021,Quarter final,WS,AN Se Young (4) Rank 6 Elo 2442 (+8),21-13 / 21-11,Lalinrat CHAIWAN Rank 21 Elo 2125 (-7),34.0,https://badmintonranks.com/tournament?id=12423,2,Indonesia Open 2021,AN Se Young (4),6.0,2442,Lalinrat CHAIWAN,21.0,2125
25/11/2021,Round 2,XD,Hafiz FAIZAL / Gloria Emanuelle WIDJAJA (6) Rank 10 Elo 1974 (+9),19-21 / 21-10 / 21-18,Takuro HOKI / Nami MATSUYAMA Rank Elo 1700 (-14),50.0,https://badmintonranks.com/tournament?id=12423,2,Indonesia Open 2021,Hafiz FAIZAL / Gloria Emanuelle WIDJAJA (6),10.0,1974,Takuro HOKI / Nami MATSUYAMA,,1700
25/11/2021,Round 2,XD,TAN Kian Meng / LAI Pei Jing Rank 12 Elo 1953 (+18),21-8 / 21-16,Adnan MAULANA / Mychelle Crhystine BANDASO Rank 35 Elo 1832 (-21),33.0,https://badmintonranks.com/tournament?id=12423,2,Indonesia Open 2021,TAN Kian Meng / LAI Pei Jing,12.0,1953,Adnan MAULANA / Mychelle Crhystine BANDASO,35.0,1832
25/11/2021,Round 2,MS,Viktor AXELSEN (2) Rank 2 Elo 2583 (+5),21-14 / 21-18,KIDAMBI Srikanth Rank 14 Elo 2180 (-4),37.0,https://badmintonranks.com/tournament?id=12423,2,Indonesia Open 2021,Viktor AXELSEN (2),2.0,2583,KIDAMBI Srikanth,14.0,2180
25/11/2021,Round 2,XD,Dechapol PUAVARANUKROH / Sapsiree TAERATTANACHAI (1) Rank 2 Elo 2298 (+3),21-15 / 21-14,CHEN Tang Jie / PECK Yen Wei Rank 42 Elo 1819 (-3),33.0,https://badmintonranks.com/tournament?id=12423,2,Indonesia Open 2021,Dechapol PUAVARANUKROH / Sapsiree TAERATTANACHAI (1),2.0,2298,CHEN Tang Jie / PECK Yen Wei,42.0,1819
25/11/2021,Round 2,MS,SAI PRANEETH B. Rank 16 Elo 2005 (+17),21-17 / 14-21 / 21-19,Christo POPOV Rank 70 Elo 1883 (-19),83.0,https://badmintonranks.com/tournament?id=12423,2,Indonesia Open 2021,SAI PRANEETH B.,16.0,2005,Christo POPOV,70.0,1883
25/11/2021,Round 2,MS,LOH Kean Yew Rank 26 Elo 2199 (+44),21-7 / 17-21 / 21-19,Kento MOMOTA (1) Rank 1 Elo 2521 (-44),69.0,https://badmintonranks.com/tournament?id=12423,3,Indonesia Open 2021,LOH Kean Yew,26.0,2199,Kento MOMOTA (1),1.0,2521
25/11/2021,Round 2,XD,CHAN Peng Soon / GOH Liu Ying (5) Rank 9 Elo 1858 (+17),21-9 / 21-13,Jones Ralfy JANSEN / Linda EFLER Rank 146 Elo 1708 (-23),34.0,https://badmintonranks.com/tournament?id=12423,3,Indonesia Open 2021,CHAN Peng Soon / GOH Liu Ying (5),9.0,1858,Jones Ralfy JANSEN / Linda EFLER,146.0,1708
25/11/2021,Round 2,MD,Satwiksairaj RANKIREDDY / Chirag SHETTY (6) Rank 11 Elo 2063 (+9),21-15 / 19-21 / 23-21,KANG Min Hyuk / SEO Seung Jae Rank Elo 1797 (-12),75.0,https://badmintonranks.com/tournament?id=12423,3,Indonesia Open 2021,Satwiksairaj RANKIREDDY / Chirag SHETTY (6),11.0,2063,KANG Min Hyuk / SEO Seung Jae,,1797
25/11/2021,Round 2,MD,GOH Sze Fei / Nur IZZUDDIN Rank 19 Elo 1935 (+48),21-15 / 23-21,LEE Yang / WANG Chang (3) Rank 3 Elo 2283 (-44),37.0,https://badmintonranks.com/tournament?id=12423,3,Indonesia Open 2021,GOH Sze Fei / Nur IZZUDDIN,19.0,1935,LEE Yang / WANG Chang (3),3.0,2283
25/11/2021,Round 2,MS,Hans-Kristian Solberg VITTINGHUS Rank 21 Elo 2104 (+35),10-21 / 21-18 / 21-13,Kanta TSUNEYAMA Rank 10 Elo 2238 (-34),54.0,https://badmintonranks.com/tournament?id=12423,3,Indonesia Open 2021,Hans-Kristian Solberg VITTINGHUS,21.0,2104,Kanta TSUNEYAMA,10.0,2238
25/11/2021,Round 2,MD,Akira KOGA / Taichi SAITO Rank 24 Elo 1902 (+32),26-24 / 21-7,LU Ching Yao / YANG Po Hsuan Rank 20 Elo 1941 (-31),46.0,https://badmintonranks.com/tournament?id=12423,3,Indonesia Open 2021,Akira KOGA / Taichi SAITO,24.0,1902,LU Ching Yao / YANG Po Hsuan,20.0,1941
25/11/2021,Round 2,XD,Mathias THYRRI / Alexandra BOE Rank 15 Elo 1966 (+35),23-21 / 21-14,Praveen JORDAN / Melati Daeva OKTAVIANTI (2) Rank 5 Elo 2078 (-34),44.0,https://badmintonranks.com/tournament?id=12423,3,Indonesia Open 2021,Mathias THYRRI / Alexandra BOE,15.0,1966,Praveen JORDAN / Melati Daeva OKTAVIANTI (2),5.0,2078
25/11/2021,Round 2,MS,Jonatan CHRISTIE (6) Rank 8 Elo 2240 (+8),21-11 / 21-12,Chico Aura DWI WARDOYO Rank 60 Elo 1948 (-9),35.0,https://badmintonranks.com/tournament?id=12423,3,Indonesia Open 2021,Jonatan CHRISTIE (6),8.0,2240,Chico Aura DWI WARDOYO,60.0,1948
25/11/2021,Round 2,MD,Fajar ALFIAN / Muhammad Shohibul FIKRI (4) Rank 8 Elo 2058 (+13),21-11 / 21-10,Muhammad Shohibul FIKRI / Bagas MAULANA Rank 30 Elo 1862 (-15),25.0,https://badmintonranks.com/tournament?id=12423,3,Indonesia Open 2021,Fajar ALFIAN / Muhammad Shohibul FIKRI (4),8.0,2058,Muhammad Shohibul FIKRI / Bagas MAULANA,30.0,1862
25/11/2021,Round 2,MD,Kim ASTRUP / Anders Skaarup RASMUSSEN (7) Rank 9 Elo 2030 (+7),21-11 / 21-14,Mahiro KANEKO / Yunosuke KUBOTA Rank 60 Elo 1704 (-11),35.0,https://badmintonranks.com/tournament?id=12423,3,Indonesia Open 2021,Kim ASTRUP / Anders Skaarup RASMUSSEN (7),9.0,2030,Mahiro KANEKO / Yunosuke KUBOTA,60.0,1704
25/11/2021,Round 2,XD,KO Sung Hyun / EOM Hye Won Rank 21 Elo 1964 (+25),12-21 / 21-17 / 21-15,Mark LAMSFUSS / Isabel LOHAU Rank 14 Elo 1944 (-26),56.0,https://badmintonranks.com/tournament?id=12423,3,Indonesia Open 2021,KO Sung Hyun / EOM Hye Won,21.0,1964,Mark LAMSFUSS / Isabel LOHAU,14.0,1944
25/11/2021,Round 2,MS,Anders ANTONSEN (3) Rank 3 Elo 2365 (+9),18-21 / 21-13 / 21-14,WANG Tzu Wei Rank 11 Elo 2100 (-9),82.0,https://badmintonranks.com/tournament?id=12423,3,Indonesia Open 2021,Anders ANTONSEN (3),3.0,2365,WANG Tzu Wei,11.0,2100
25/11/2021,Round 2,WS,Akane YAMAGUCHI (1) Rank 3 Elo 2503 (+3),21-15 / 19-21 / 21-14,YEO Jia Min Rank 18 Elo 2039 (-3),63.0,https://badmintonranks.com/tournament?id=12423,3,Indonesia Open 2021,Akane YAMAGUCHI (1),3.0,2503,YEO Jia Min,18.0,2039
25/11/2021,Round 2,WS,SIM Yu Jin Rank 54 Elo 1855 (+20),21-13 / 21-14,Beatriz CORRALES Rank 55 Elo 1740 (-25),36.0,https://badmintonranks.com/tournament?id=12423,3,Indonesia Open 2021,SIM Yu Jin,54.0,1855,Beatriz CORRALES,55.0,1740
25/11/2021,Round 2,XD,TANG Chun Man / TSE Ying Suet (8) Rank 7 Elo 2102 (+5),21-15 / 21-19,Kyohei YAMASHITA / Naru SHINOYA Rank 67 Elo 1703 (-7),41.0,https://badmintonranks.com/tournament?id=12423,3,Indonesia Open 2021,TANG Chun Man / TSE Ying Suet (8),7.0,2102,Kyohei YAMASHITA / Naru SHINOYA,67.0,1703
25/11/2021,Round 2,MD,Marcus Fernaldi GIDEON / Kevin Sanjaya SUKAMULJO (1) Rank 1 Elo 2267 (+3),12-21 / 21-19 / 21-18,CHOI Sol Gyu / KIM Won Ho Rank Elo 1728 (-3),60.0,https://badmintonranks.com/tournament?id=12423,3,Indonesia Open 2021,Marcus Fernaldi GIDEON / Kevin Sanjaya SUKAMULJO (1),1.0,2267,CHOI Sol Gyu / KIM Won Ho,,1728
25/11/2021,Round 2,MS,Kenta NISHIMOTO Rank 17 Elo 2111 (+37),18-21 / 21-15 / 21-11,CHOU Tien Chen (4) Rank 4 Elo 2283 (-37),76.0,https://badmintonranks.com/tournament?id=12423,3,Indonesia Open 2021,Kenta NISHIMOTO,17.0,2111,CHOU Tien Chen (4),4.0,2283
25/11/2021,Round 2,MS,Rasmus GEMKE Rank 13 Elo 2141 (+5),21-12 Ret.,Shesar Hiren RHUSTAVITO Rank 20 Elo 2127 (-5),23.0,https://badmintonranks.com/tournament?id=12423,3,Indonesia Open 2021,Rasmus GEMKE,13.0,2141,Shesar Hiren RHUSTAVITO,20.0,2127
25/11/2021,Round 2,WD,Nami MATSUYAMA / Chiharu SHIDA (4) Rank 9 Elo 2164 (+13),21-17 / 21-16,Puttita SUPAJIRAKUL / Sapsiree TAERATTANACHAI Rank 17 Elo 1982 (-14),43.0,https://badmintonranks.com/tournament?id=12423,3,Indonesia Open 2021,Nami MATSUYAMA / Chiharu SHIDA (4),9.0,2164,Puttita SUPAJIRAKUL / Sapsiree TAERATTANACHAI,17.0,1982
25/11/2021,Round 2,WS,PUSARLA V. Sindhu (3) Rank 7 Elo 2350 (+3),21-12 / 21-18,Yvonne LI Rank 26 Elo 1911 (-4),37.0,https://badmintonranks.com/tournament?id=12423,3,Indonesia Open 2021,PUSARLA V. Sindhu (3),7.0,2350,Yvonne LI,26.0,1911
25/11/2021,Round 2,WS,Pornpawee CHOCHUWONG (5) Rank 10 Elo 2227 (+15),11-21 / 21-9 / 22-20,Gregoria Mariska TUNJUNG Rank 25 Elo 2073 (-15),60.0,https://badmintonranks.com/tournament?id=12423,4,Indonesia Open 2021,Pornpawee CHOCHUWONG (5),10.0,2227,Gregoria Mariska TUNJUNG,25.0,2073
25/11/2021,Round 2,WS,Lalinrat CHAIWAN Rank 21 Elo 2089 (+36),21-19 / 14-21 / 21-14,Sayaka TAKAHASHI (8) Rank 13 Elo 2237 (-36),56.0,https://badmintonranks.com/tournament?id=12423,4,Indonesia Open 2021,Lalinrat CHAIWAN,21.0,2089,Sayaka TAKAHASHI (8),13.0,2237
25/11/2021,Round 2,MD,Takuro HOKI / Yugo KOBAYASHI Rank 7 Elo 2230 (+11),25-23 / 27-25,Pramudya KUSUMAWARDANA / Yeremia Erich Yoche Yacob RAMBITAN Rank 28 Elo 1998 (-11),53.0,https://badmintonranks.com/tournament?id=12423,4,Indonesia Open 2021,Takuro HOKI / Yugo KOBAYASHI,7.0,2230,Pramudya KUSUMAWARDANA / Yeremia Erich Yoche Yacob RAMBITAN,28.0,1998
25/11/2021,Round 2,WD,Mayu MATSUMOTO / Ayako SAKURAMOTO (7) Rank 82 Elo 1857 (+27),21-16 / 22-20,Rin IWANAGA / Kie NAKANISHI Rank 36 Elo 1835 (-29),44.0,https://badmintonranks.com/tournament?id=12423,4,Indonesia Open 2021,Mayu MATSUMOTO / Ayako SAKURAMOTO (7),82.0,1857,Rin IWANAGA / Kie NAKANISHI,36.0,1835
25/11/2021,Round 2,XD,Yuta WATANABE / Arisa IGAKI (3) Rank 4 Elo 2369 (+1),21-17 / 21-12,CHANG Tak Ching / NG Wing Yung Rank 29 Elo 1738 (-1),33.0,https://badmintonranks.com/tournament?id=12423,4,Indonesia Open 2021,Yuta WATANABE / Arisa IGAKI (3),4.0,2369,CHANG Tak Ching / NG Wing Yung,29.0,1738
25/11/2021,Round 2,MD,ONG Yew Sin / TEO Ee Yi Rank 12 Elo 2049 (+32),21-14 / 21-17,Aaron CHIA / SOH Wooi Yik (5) Rank 6 Elo 2137 (-32),29.0,https://badmintonranks.com/tournament?id=12423,4,Indonesia Open 2021,ONG Yew Sin / TEO Ee Yi,12.0,2049,Aaron CHIA / SOH Wooi Yik (5),6.0,2137
25/11/2021,Round 2,WD,Febriana Dwipuji KUSUMA / Amallia Cahaya PRATIWI Rank 78 Elo 1627 (+80),14-21 / 22-20 / 21-17,Pearly TAN / THINAAH Muralitharan (8) Rank 18 Elo 1861 (-47),81.0,https://badmintonranks.com/tournament?id=12423,4,Indonesia Open 2021,Febriana Dwipuji KUSUMA / Amallia Cahaya PRATIWI,78.0,1627,Pearly TAN / THINAAH Muralitharan (8),18.0,1861
25/11/2021,Round 2,WD,Greysia POLII / Apriyani RAHAYU (2) Rank 6 Elo 2209 (+1),21-10 / 21-15,Fitriani FITRIANI / Yulia Yosephine SUSANTO Rank 82 Elo 1540 (-2),37.0,https://badmintonranks.com/tournament?id=12423,4,Indonesia Open 2021,Greysia POLII / Apriyani RAHAYU (2),6.0,2209,Fitriani FITRIANI / Yulia Yosephine SUSANTO,82.0,1540
25/11/2021,Round 2,WD,KIM So Yeong / KONG Hee Yong (1) Rank 4 Elo 2133 (+10),21-19 / 18-21 / 21-16,JEONG Na Eun / KIM Hye Jeong Rank 87 Elo 1887 (-11),88.0,https://badmintonranks.com/tournament?id=12423,4,Indonesia Open 2021,KIM So Yeong / KONG Hee Yong (1),4.0,2133,JEONG Na Eun / KIM Hye Jeong,87.0,1887
25/11/2021,Round 2,WS,Ratchanok INTANON (2) Rank 8 Elo 2240 (+5),21-11 / 21-16,PAI Yu Po Rank 39 Elo 1854 (-5),36.0,https://badmintonranks.com/tournament?id=12423,4,Indonesia Open 2021,Ratchanok INTANON (2),8.0,2240,PAI Yu Po,39.0,1854
25/11/2021,Round 2,WD,Jongkolphan KITITHARAKUL / Rawinda PRAJONGJAI (3) Rank 8 Elo 1912 (+11),24-26 / 21-12 / 21-11,Vivian HO / LIM Chiew Sien Rank 110 Elo 1671 (-18),78.0,https://badmintonranks.com/tournament?id=12423,4,Indonesia Open 2021,Jongkolphan KITITHARAKUL / Rawinda PRAJONGJAI (3),8.0,1912,Vivian HO / LIM Chiew Sien,110.0,1671
25/11/2021,Round 2,WS,AN Se Young (4) Rank 6 Elo 2442 (+0),21-8 / 21-10,LéOnice HUET Rank 60 Elo 1693 (-1),25.0,https://badmintonranks.com/tournament?id=12423,4,Indonesia Open 2021,AN Se Young (4),6.0,2442,LéOnice HUET,60.0,1693
25/11/2021,Round 2,WD,BAEK Ha Na / LEE Yu Lim Rank 82 Elo 1771 (+39),21-19 / 21-9,Chloe COBB / Lauren SMITH (6) Rank 13 Elo 1821 (-36),48.0,https://badmintonranks.com/tournament?id=12423,4,Indonesia Open 2021,BAEK Ha Na / LEE Yu Lim,82.0,1771,Chloe COBB / Lauren SMITH (6),13.0,1821
25/11/2021,Round 2,WD,Gabriela STOEVA / Stefani STOEVA (5) Rank 11 Elo 1955 (+9),21-14 / 21-15,LEE Meng Yean / YAP Cheng Wen Rank 134 Elo 1666 (-14),35.0,https://badmintonranks.com/tournament?id=12423,4,Indonesia Open 2021,Gabriela STOEVA / Stefani STOEVA (5),11.0,1955,LEE Meng Yean / YAP Cheng Wen,134.0,1666
25/11/2021,Round 2,WS,Asuka TAKAHASHI Rank 71 Elo 1805 (+58),21-7 / 22-20,Busanan ONGBAMRUNGPHAN (7) Rank 12 Elo 2193 (-46),36.0,https://badmintonranks.com/tournament?id=12423,4,Indonesia Open 2021,Asuka TAKAHASHI,71.0,1805,Busanan ONGBAMRUNGPHAN (7),12.0,2193
24/11/2021,Round 1,MS,Viktor AXELSEN (2) Rank 2 Elo 2582 (+1),21-14 / 21-14,Koki WATANABE Rank 40 Elo 1951 (-1),43.0,https://badmintonranks.com/tournament?id=12423,4,Indonesia Open 2021,Viktor AXELSEN (2),2.0,2582,Koki WATANABE,40.0,1951
24/11/2021,Round 1,XD,Mathias THYRRI / Alexandra BOE Rank 15 Elo 1938 (+28),21-14 / 13-21 / 21-16,Rinov RIVALDY / Pitha Haningtyas MENTARI Rank 20 Elo 1940 (-27),59.0,https://badmintonranks.com/tournament?id=12423,4,Indonesia Open 2021,Mathias THYRRI / Alexandra BOE,15.0,1938,Rinov RIVALDY / Pitha Haningtyas MENTARI,20.0,1940
24/11/2021,Round 1,MD,LU Ching Yao / YANG Po Hsuan Rank 20 Elo 1914 (+27),21-17 / 15-21 / 21-19,Vladimir IVANOV / Ivan SOZONOV (8) Rank 15 Elo 1903 (-28),67.0,https://badmintonranks.com/tournament?id=12423,4,Indonesia Open 2021,LU Ching Yao / YANG Po Hsuan,20.0,1914,Vladimir IVANOV / Ivan SOZONOV (8),15.0,1903
24/11/2021,Round 1,XD,Takuro HOKI / Nami MATSUYAMA Rank Elo 1655 (+45),22-24 / 21-12 / 21-19,REDDY .. / Ashwini PONNAPPA Rank 99 Elo 1645 (-46),58.0,https://badmintonranks.com/tournament?id=12423,4,Indonesia Open 2021,Takuro HOKI / Nami MATSUYAMA,,1655,REDDY .. / Ashwini PONNAPPA,99.0,1645
24/11/2021,Round 1,MD,Pramudya KUSUMAWARDANA / Yeremia Erich Yoche Yacob RAMBITAN Rank 28 Elo 1984 (+14),18-21 / 21-17 / 21-9,Ben LANE / Sean VENDY Rank 17 Elo 1807 (-17),55.0,https://badmintonranks.com/tournament?id=12423,4,Indonesia Open 2021,Pramudya KUSUMAWARDANA / Yeremia Erich Yoche Yacob RAMBITAN,28.0,1984,Ben LANE / Sean VENDY,17.0,1807
24/11/2021,Round 1,XD,CHANG Tak Ching / NG Wing Yung Rank 29 Elo 1711 (+27),22-20 / 16-21 / 21-16,Rehan Naufal KUSHARJANTO / Lisa Ayu KUSUMAWATI Rank 52 Elo 1605 (-38),57.0,https://badmintonranks.com/tournament?id=12423,5,Indonesia Open 2021,CHANG Tak Ching / NG Wing Yung,29.0,1711,Rehan Naufal KUSHARJANTO / Lisa Ayu KUSUMAWATI,52.0,1605
24/11/2021,Round 1,XD,Hafiz FAIZAL / Gloria Emanuelle WIDJAJA (6) Rank 10 Elo 1968 (+6),21-17 / 21-16,Oliver LEIRUD / Anona PAK Rank 60 Elo 1579 (-11),39.0,https://badmintonranks.com/tournament?id=12423,5,Indonesia Open 2021,Hafiz FAIZAL / Gloria Emanuelle WIDJAJA (6),10.0,1968,Oliver LEIRUD / Anona PAK,60.0,1579
24/11/2021,Round 1,MS,Christo POPOV Rank 70 Elo 1825 (+58),21-17 / 21-18,Anthony Sinisuka GINTING (5) Rank 5 Elo 2302 (-47),49.0,https://badmintonranks.com/tournament?id=12423,5,Indonesia Open 2021,Christo POPOV,70.0,1825,Anthony Sinisuka GINTING (5),5.0,2302
24/11/2021,Round 1,MS,WANG Tzu Wei Rank 11 Elo 2080 (+20),21-17 / 21-17,Tommy SUGIARTO Rank 24 Elo 2005 (-21),40.0,https://badmintonranks.com/tournament?id=12423,5,Indonesia Open 2021,WANG Tzu Wei,11.0,2080,Tommy SUGIARTO,24.0,2005
24/11/2021,Round 1,XD,Praveen JORDAN / Melati Daeva OKTAVIANTI (2) Rank 5 Elo 2077 (+1),1-0 Ret.,Yujiro NISHIKAWA / Saori OZAKI Rank 104 Elo 1627 (-1),,https://badmintonranks.com/tournament?id=12423,5,Indonesia Open 2021,Praveen JORDAN / Melati Daeva OKTAVIANTI (2),5.0,2077,Yujiro NISHIKAWA / Saori OZAKI,104.0,1627
24/11/2021,Round 1,MS,KIDAMBI Srikanth Rank 14 Elo 2165 (+15),21-15 / 19-21 / 21-12,PRANNOY H. S. Rank 31 Elo 2023 (-16),56.0,https://badmintonranks.com/tournament?id=12423,5,Indonesia Open 2021,KIDAMBI Srikanth,14.0,2165,PRANNOY H. S.,31.0,2023
24/11/2021,Round 1,MS,Anders ANTONSEN (3) Rank 3 Elo 2353 (+12),21-15 / 17-21 / 21-17,Kunlavut VITIDSARN Rank 22 Elo 2145 (-12),79.0,https://badmintonranks.com/tournament?id=12423,5,Indonesia Open 2021,Anders ANTONSEN (3),3.0,2353,Kunlavut VITIDSARN,22.0,2145
24/11/2021,Round 1,MS,Jonatan CHRISTIE (6) Rank 8 Elo 2230 (+10),21-14 / 21-15,LIEW Daren Rank 36 Elo 1999 (-11),35.0,https://badmintonranks.com/tournament?id=12423,5,Indonesia Open 2021,Jonatan CHRISTIE (6),8.0,2230,LIEW Daren,36.0,1999
24/11/2021,Round 1,MD,Takuro HOKI / Yugo KOBAYASHI Rank 7 Elo 2211 (+19),23-21 / 15-21 / 21-15,Hendra SETIAWAN / Mohammad AHSAN (2) Rank 2 Elo 2121 (-19),60.0,https://badmintonranks.com/tournament?id=12423,5,Indonesia Open 2021,Takuro HOKI / Yugo KOBAYASHI,7.0,2211,Hendra SETIAWAN / Mohammad AHSAN (2),2.0,2121
24/11/2021,Round 1,XD,Yuta WATANABE / Arisa IGAKI (3) Rank 4 Elo 2366 (+3),21-18 / 21-12,HOO Pang Ron / CHEAH Yee See Rank 23 Elo 1868 (-3),37.0,https://badmintonranks.com/tournament?id=12423,5,Indonesia Open 2021,Yuta WATANABE / Arisa IGAKI (3),4.0,2366,HOO Pang Ron / CHEAH Yee See,23.0,1868
24/11/2021,Round 1,WS,Ratchanok INTANON (2) Rank 8 Elo 2226 (+14),21-19 / 21-12,KIM Ga Eun Rank 19 Elo 2064 (-15),36.0,https://badmintonranks.com/tournament?id=12423,5,Indonesia Open 2021,Ratchanok INTANON (2),8.0,2226,KIM Ga Eun,19.0,2064
24/11/2021,Round 1,WD,Gabriela STOEVA / Stefani STOEVA (5) Rank 11 Elo 1943 (+12),29-27 / 21-18,Ashwini PONNAPPA / REDDY Sikki Gupta Rank 24 Elo 1712 (-16),54.0,https://badmintonranks.com/tournament?id=12423,5,Indonesia Open 2021,Gabriela STOEVA / Stefani STOEVA (5),11.0,1943,Ashwini PONNAPPA / REDDY Sikki Gupta,24.0,1712
24/11/2021,Round 1,MS,SAI PRANEETH B. Rank 16 Elo 1979 (+26),21-19 / 21-18,Toma Junior POPOV Rank 33 Elo 1962 (-26),46.0,https://badmintonranks.com/tournament?id=12423,5,Indonesia Open 2021,SAI PRANEETH B.,16.0,1979,Toma Junior POPOV,33.0,1962
24/11/2021,Round 1,MD,Mahiro KANEKO / Yunosuke KUBOTA Rank 60 Elo 1667 (+37),21-14 / 21-11,Panjer Aji.. / Bryan Sid.. Rank 79 Elo 1603 (-44),30.0,https://badmintonranks.com/tournament?id=12423,5,Indonesia Open 2021,Mahiro KANEKO / Yunosuke KUBOTA,60.0,1667,Panjer Aji.. / Bryan Sid..,79.0,1603
24/11/2021,Round 1,WD,Vivian HO / LIM Chiew Sien Rank 110 Elo 1636 (+35),15-21 / 21-8 / 21-10,Melani M.. / Tryola NA.. Rank Elo 1533 (-49),54.0,https://badmintonranks.com/tournament?id=12423,5,Indonesia Open 2021,Vivian HO / LIM Chiew Sien,110.0,1636,Melani M.. / Tryola NA..,,1533
24/11/2021,Round 1,MD,Akira KOGA / Taichi SAITO Rank 24 Elo 1875 (+27),21-19 / 21-11,Supak JOMKOH / Kittinupong KEDREN Rank 48 Elo 1855 (-28),36.0,https://badmintonranks.com/tournament?id=12423,5,Indonesia Open 2021,Akira KOGA / Taichi SAITO,24.0,1875,Supak JOMKOH / Kittinupong KEDREN,48.0,1855
24/11/2021,Round 1,MD,Fajar ALFIAN / Muhammad Shohibul FIKRI (4) Rank 8 Elo 2042 (+16),21-17 / 22-20,Leo Rolly CARNANDO / Daniel MARTHIN Rank 27 Elo 1909 (-18),40.0,https://badmintonranks.com/tournament?id=12423,5,Indonesia Open 2021,Fajar ALFIAN / Muhammad Shohibul FIKRI (4),8.0,2042,Leo Rolly CARNANDO / Daniel MARTHIN,27.0,1909
24/11/2021,Round 1,MS,Chico Aura DWI WARDOYO Rank 60 Elo 1944 (+4),21-11 / 21-18,Henrikho Wibowo KHO Rank Elo 1500 (-11),31.0,https://badmintonranks.com/tournament?id=12423,5,Indonesia Open 2021,Chico Aura DWI WARDOYO,60.0,1944,Henrikho Wibowo KHO,,1500
24/11/2021,Round 1,WS,PUSARLA V. Sindhu (3) Rank 7 Elo 2341 (+9),17-21 / 21-17 / 21-17,Aya OHORI Rank 22 Elo 2073 (-9),70.0,https://badmintonranks.com/tournament?id=12423,5,Indonesia Open 2021,PUSARLA V. Sindhu (3),7.0,2341,Aya OHORI,22.0,2073
24/11/2021,Round 1,MD,Kim ASTRUP / Anders Skaarup RASMUSSEN (7) Rank 9 Elo 2024 (+6),22-20 / 21-11,Lucas CORVEE / Ronan LABAR Rank 56 Elo 1671 (-11),39.0,https://badmintonranks.com/tournament?id=12423,5,Indonesia Open 2021,Kim ASTRUP / Anders Skaarup RASMUSSEN (7),9.0,2024,Lucas CORVEE / Ronan LABAR,56.0,1671
24/11/2021,Round 1,WS,Asuka TAKAHASHI Rank 71 Elo 1783 (+22),21-14 / 14-21 / 21-11,Fitriani FITRIANI Rank 41 Elo 1669 (-31),56.0,https://badmintonranks.com/tournament?id=12423,6,Indonesia Open 2021,Asuka TAKAHASHI,71.0,1783,Fitriani FITRIANI,41.0,1669
24/11/2021,Round 1,WS,PAI Yu Po Rank 39 Elo 1812 (+42),14-21 / 21-18 / 21-11,Line CHRISTOPHERSEN Rank 27 Elo 1934 (-37),49.0,https://badmintonranks.com/tournament?id=12423,6,Indonesia Open 2021,PAI Yu Po,39.0,1812,Line CHRISTOPHERSEN,27.0,1934
24/11/2021,Round 1,XD,TANG Chun Man / TSE Ying Suet (8) Rank 7 Elo 2101 (+1),21-12 / 19-21 / 21-19,SEO Seung Jae / KIM Hye Jeong Rank Elo 1473 (-4),63.0,https://badmintonranks.com/tournament?id=12423,6,Indonesia Open 2021,TANG Chun Man / TSE Ying Suet (8),7.0,2101,SEO Seung Jae / KIM Hye Jeong,,1473
24/11/2021,Round 1,MD,Muhammad Shohibul FIKRI / Bagas MAULANA Rank 30 Elo 1835 (+27),21-18 / 22-20,Sabar Karyaman GUTAMA / Moh Reza Pahlevi ISFAHANI Rank 101 Elo 1795 (-29),36.0,https://badmintonranks.com/tournament?id=12423,6,Indonesia Open 2021,Muhammad Shohibul FIKRI / Bagas MAULANA,30.0,1835,Sabar Karyaman GUTAMA / Moh Reza Pahlevi ISFAHANI,101.0,1795
24/11/2021,Round 1,WS,Busanan ONGBAMRUNGPHAN (7) Rank 12 Elo 2180 (+13),21-10 / 21-13,Evgeniya KOSETSKAYA Rank 24 Elo 1985 (-13),33.0,https://badmintonranks.com/tournament?id=12423,6,Indonesia Open 2021,Busanan ONGBAMRUNGPHAN (7),12.0,2180,Evgeniya KOSETSKAYA,24.0,1985
24/11/2021,Round 1,WS,Yvonne LI Rank 26 Elo 1870 (+41),19-21 / 23-21 / 21-13,Neslihan ARIN Rank 28 Elo 2015 (-37),68.0,https://badmintonranks.com/tournament?id=12423,6,Indonesia Open 2021,Yvonne LI,26.0,1870,Neslihan ARIN,28.0,2015
24/11/2021,Round 1,WD,LEE Meng Yean / YAP Cheng Wen Rank 134 Elo 1592 (+74),21-12 / 19-21 / 26-24,Alexandra BOE / Mette POULSEN Rank 31 Elo 1707 (-52),79.0,https://badmintonranks.com/tournament?id=12423,6,Indonesia Open 2021,LEE Meng Yean / YAP Cheng Wen,134.0,1592,Alexandra BOE / Mette POULSEN,31.0,1707
24/11/2021,Round 1,WD,Mayu MATSUMOTO / Ayako SAKURAMOTO (7) Rank 82 Elo 1849 (+8),21-13 / 21-4,Mariia STOLIARENKO / Yelyzaveta ZHARKA Rank 101 Elo 1523 (-19),28.0,https://badmintonranks.com/tournament?id=12423,6,Indonesia Open 2021,Mayu MATSUMOTO / Ayako SAKURAMOTO (7),82.0,1849,Mariia STOLIARENKO / Yelyzaveta ZHARKA,101.0,1523
24/11/2021,Round 1,WS,SIM Yu Jin Rank 54 Elo 1798 (+57),21-11 / 21-9,Michelle LI (6) Rank 11 Elo 2137 (-45),31.0,https://badmintonranks.com/tournament?id=12423,6,Indonesia Open 2021,SIM Yu Jin,54.0,1798,Michelle LI (6),11.0,2137
24/11/2021,Round 1,WS,Beatriz CORRALES Rank 55 Elo 1702 (+38),21-23 / 21-14 / 21-17,Marie BATOMENE Rank 59 Elo 1686 (-41),61.0,https://badmintonranks.com/tournament?id=12423,6,Indonesia Open 2021,Beatriz CORRALES,55.0,1702,Marie BATOMENE,59.0,1686
24/11/2021,Round 1,XD,Kyohei YAMASHITA / Naru SHINOYA Rank 67 Elo 1641 (+62),21-7 / 21-12,Dhruv KAPILA / REDDY Sikki Gupta Rank 124 Elo 1748 (-47),28.0,https://badmintonranks.com/tournament?id=12423,6,Indonesia Open 2021,Kyohei YAMASHITA / Naru SHINOYA,67.0,1641,Dhruv KAPILA / REDDY Sikki Gupta,124.0,1748
24/11/2021,Round 1,WD,Rin IWANAGA / Kie NAKANISHI Rank 36 Elo 1793 (+42),21-13 / 14-21 / 21-9,Chisato HOSHI / Aoi MATSUSHIMA Rank 37 Elo 1899 (-37),62.0,https://badmintonranks.com/tournament?id=12423,6,Indonesia Open 2021,Rin IWANAGA / Kie NAKANISHI,36.0,1793,Chisato HOSHI / Aoi MATSUSHIMA,37.0,1899
23/11/2021,Round 1,XD,Dechapol PUAVARANUKROH / Sapsiree TAERATTANACHAI (1) Rank 2 Elo 2296 (+2),21-10 / 21-7,KIM Young Hyuk / CHAE Yu Jung Rank 88 Elo 1780 (-4),27.0,https://badmintonranks.com/tournament?id=12423,6,Indonesia Open 2021,Dechapol PUAVARANUKROH / Sapsiree TAERATTANACHAI (1),2.0,2296,KIM Young Hyuk / CHAE Yu Jung,88.0,1780
23/11/2021,Round 1,WS,YEO Jia Min Rank 18 Elo 2035 (+4),21-9 / 21-10,Jordan HART Rank 63 Elo 1616 (-9),31.0,https://badmintonranks.com/tournament?id=12423,6,Indonesia Open 2021,YEO Jia Min,18.0,2035,Jordan HART,63.0,1616
23/11/2021,Round 1,XD,CHAN Peng Soon / GOH Liu Ying (5) Rank 9 Elo 1840 (+18),21-12 / 21-17,Zachariah Josiahno SUMITRO / Hediana JULIMARBELA Rank 95 Elo 1683 (-24),33.0,https://badmintonranks.com/tournament?id=12423,6,Indonesia Open 2021,CHAN Peng Soon / GOH Liu Ying (5),9.0,1840,Zachariah Josiahno SUMITRO / Hediana JULIMARBELA,95.0,1683
23/11/2021,Round 1,MS,Kento MOMOTA (1) Rank 1 Elo 2516 (+5),23-21 / 21-15,Lakshya SEN Rank 19 Elo 2135 (-5),54.0,https://badmintonranks.com/tournament?id=12423,6,Indonesia Open 2021,Kento MOMOTA (1),1.0,2516,Lakshya SEN,19.0,2135
23/11/2021,Round 1,WS,Akane YAMAGUCHI (1) Rank 3 Elo 2502 (+1),21-13 / 21-10,Maria ULITINA Rank 65 Elo 1670 (-1),24.0,https://badmintonranks.com/tournament?id=12423,6,Indonesia Open 2021,Akane YAMAGUCHI (1),3.0,2502,Maria ULITINA,65.0,1670
23/11/2021,Round 1,MS,Kenta NISHIMOTO Rank 17 Elo 2100 (+11),21-13 / 21-13,Thomas ROUXEL Rank 38 Elo 1881 (-13),44.0,https://badmintonranks.com/tournament?id=12423,6,Indonesia Open 2021,Kenta NISHIMOTO,17.0,2100,Thomas ROUXEL,38.0,1881
23/11/2021,Round 1,WD,JEONG Na Eun / KIM Hye Jeong Rank 87 Elo 1876 (+11),20-22 / 21-6 / 21-11,Benyapa AIMSAARD / Nuntakarn AIMSAARD Rank 46 Elo 1635 (-20),64.0,https://badmintonranks.com/tournament?id=12423,6,Indonesia Open 2021,JEONG Na Eun / KIM Hye Jeong,87.0,1876,Benyapa AIMSAARD / Nuntakarn AIMSAARD,46.0,1635
23/11/2021,Round 1,WD,Chloe COBB / Lauren SMITH (6) Rank 13 Elo 1810 (+11),21-15 / 21-11,Julie FINNE-IPSEN / Mai SURROW Rank 43 Elo 1523 (-23),40.0,https://badmintonranks.com/tournament?id=12423,6,Indonesia Open 2021,Chloe COBB / Lauren SMITH (6),13.0,1810,Julie FINNE-IPSEN / Mai SURROW,43.0,1523
23/11/2021,Round 1,MD,Aaron CHIA / SOH Wooi Yik (5) Rank 6 Elo 2120 (+17),25-23 / 21-12,Mark LAMSFUSS / Marvin SEIDEL Rank 16 Elo 1991 (-17),41.0,https://badmintonranks.com/tournament?id=12423,7,Indonesia Open 2021,Aaron CHIA / SOH Wooi Yik (5),6.0,2120,Mark LAMSFUSS / Marvin SEIDEL,16.0,1991
23/11/2021,Round 1,XD,CHEN Tang Jie / PECK Yen Wei Rank 42 Elo 1772 (+47),19-21 / 21-18 / 21-15,Yuki KANEKO / Misaki MATSUTOMO Rank 17 Elo 1912 (-38),63.0,https://badmintonranks.com/tournament?id=12423,7,Indonesia Open 2021,CHEN Tang Jie / PECK Yen Wei,42.0,1772,Yuki KANEKO / Misaki MATSUTOMO,17.0,1912
23/11/2021,Round 1,WS,LéOnice HUET Rank 60 Elo 1610 (+83),22-20 / 21-10,Clara AZURMENDI Rank 46 Elo 1823 (-48),33.0,https://badmintonranks.com/tournament?id=12423,7,Indonesia Open 2021,LéOnice HUET,60.0,1610,Clara AZURMENDI,46.0,1823
23/11/2021,Round 1,XD,Jones Ralfy JANSEN / Linda EFLER Rank 146 Elo 1686 (+22),21-12 / 21-4,Venkat Gaurav PRASAD / Juhi DEWANGAN Rank 64 Elo 1508 (-39),23.0,https://badmintonranks.com/tournament?id=12423,7,Indonesia Open 2021,Jones Ralfy JANSEN / Linda EFLER,146.0,1686,Venkat Gaurav PRASAD / Juhi DEWANGAN,64.0,1508
23/11/2021,Round 1,MD,ONG Yew Sin / TEO Ee Yi Rank 12 Elo 2043 (+6),21-11 / 21-11,TAN Kian Meng / TAN Wee Kiong Rank 134 Elo 1692 (-10),27.0,https://badmintonranks.com/tournament?id=12423,7,Indonesia Open 2021,ONG Yew Sin / TEO Ee Yi,12.0,2043,TAN Kian Meng / TAN Wee Kiong,134.0,1692
23/11/2021,Round 1,WS,AN Se Young (4) Rank 6 Elo 2440 (+2),21-11 / 21-8,Ruselli HARTAWAN Rank 43 Elo 1866 (-3),26.0,https://badmintonranks.com/tournament?id=12423,7,Indonesia Open 2021,AN Se Young (4),6.0,2440,Ruselli HARTAWAN,43.0,1866
23/11/2021,Round 1,MS,LOH Kean Yew Rank 26 Elo 2188 (+11),21-11 / 21-14,PARUPALLI Kashyap Rank 34 Elo 1951 (-11),32.0,https://badmintonranks.com/tournament?id=12423,7,Indonesia Open 2021,LOH Kean Yew,26.0,2188,PARUPALLI Kashyap,34.0,1951
23/11/2021,Round 1,WS,Pornpawee CHOCHUWONG (5) Rank 10 Elo 2223 (+4),21-12 / 21-12,Lianne TAN Rank 36 Elo 1782 (-5),39.0,https://badmintonranks.com/tournament?id=12423,7,Indonesia Open 2021,Pornpawee CHOCHUWONG (5),10.0,2223,Lianne TAN,36.0,1782
23/11/2021,Round 1,MD,KANG Min Hyuk / SEO Seung Jae Rank Elo 1770 (+27),9-21 / 21-14 / 21-16,Hiroki OKAMURA / Masayuki MORIZONO Rank 59 Elo 1690 (-32),58.0,https://badmintonranks.com/tournament?id=12423,7,Indonesia Open 2021,KANG Min Hyuk / SEO Seung Jae,,1770,Hiroki OKAMURA / Masayuki MORIZONO,59.0,1690
23/11/2021,Round 1,WD,Febriana Dwipuji KUSUMA / Amallia Cahaya PRATIWI Rank 78 Elo 1523 (+104),21-11 / 21-15,Nita Violina MARWAH / Putri SYAIKAH Rank 35 Elo 1704 (-59),55.0,https://badmintonranks.com/tournament?id=12423,7,Indonesia Open 2021,Febriana Dwipuji KUSUMA / Amallia Cahaya PRATIWI,78.0,1523,Nita Violina MARWAH / Putri SYAIKAH,35.0,1704
23/11/2021,Round 1,MS,CHOU Tien Chen (4) Rank 4 Elo 2263 (+20),21-12 / 21-14,LEE Cheuk Yiu Rank 15 Elo 2195 (-21),35.0,https://badmintonranks.com/tournament?id=12423,7,Indonesia Open 2021,CHOU Tien Chen (4),4.0,2263,LEE Cheuk Yiu,15.0,2195
23/11/2021,Round 1,WD,BAEK Ha Na / LEE Yu Lim Rank 82 Elo 1738 (+33),21-17 / 21-13,Linda EFLER / Isabel LOHAU Rank 30 Elo 1702 (-36),47.0,https://badmintonranks.com/tournament?id=12423,7,Indonesia Open 2021,BAEK Ha Na / LEE Yu Lim,82.0,1738,Linda EFLER / Isabel LOHAU,30.0,1702
23/11/2021,Round 1,MD,Marcus Fernaldi GIDEON / Kevin Sanjaya SUKAMULJO (1) Rank 1 Elo 2265 (+2),12-21 / 21-18 / 21-15,Keiichiro MATSUI / Yoshinori TAKEUTI Rank 43 Elo 1742 (-3),65.0,https://badmintonranks.com/tournament?id=12423,7,Indonesia Open 2021,Marcus Fernaldi GIDEON / Kevin Sanjaya SUKAMULJO (1),1.0,2265,Keiichiro MATSUI / Yoshinori TAKEUTI,43.0,1742
23/11/2021,Round 1,WS,Lalinrat CHAIWAN Rank 21 Elo 2086 (+3),21-18 / 21-19,Yulia Yosephine SUSANTO Rank 90 Elo 1636 (-7),50.0,https://badmintonranks.com/tournament?id=12423,7,Indonesia Open 2021,Lalinrat CHAIWAN,21.0,2086,Yulia Yosephine SUSANTO,90.0,1636
23/11/2021,Round 1,MS,Kanta TSUNEYAMA Rank 10 Elo 2216 (+22),22-20 / 13-21 / 21-19,NG Ka Long Angus (8) Rank 9 Elo 2170 (-22),68.0,https://badmintonranks.com/tournament?id=12423,7,Indonesia Open 2021,Kanta TSUNEYAMA,10.0,2216,NG Ka Long Angus (8),9.0,2170
23/11/2021,Round 1,WS,Gregoria Mariska TUNJUNG Rank 25 Elo 2060 (+13),21-16 / 21-15,Supanida KATETHONG Rank 33 Elo 1868 (-15),34.0,https://badmintonranks.com/tournament?id=12423,7,Indonesia Open 2021,Gregoria Mariska TUNJUNG,25.0,2060,Supanida KATETHONG,33.0,1868
23/11/2021,Round 1,MD,CHOI Sol Gyu / KIM Won Ho Rank Elo 1683 (+45),22-20 / 21-13,M.R.ARJUN / DHRUV KAPILA Rank 41 Elo 1709 (-42),41.0,https://badmintonranks.com/tournament?id=12423,7,Indonesia Open 2021,CHOI Sol Gyu / KIM Won Ho,,1683,M.R.ARJUN / DHRUV KAPILA,41.0,1709
23/11/2021,Round 1,MD,GOH Sze Fei / Nur IZZUDDIN Rank 19 Elo 1923 (+12),22-20 / 21-10,Christo POPOV / Toma Junior POPOV Rank 31 Elo 1686 (-17),38.0,https://badmintonranks.com/tournament?id=12423,7,Indonesia Open 2021,GOH Sze Fei / Nur IZZUDDIN,19.0,1923,Christo POPOV / Toma Junior POPOV,31.0,1686
23/11/2021,Round 1,MS,Shesar Hiren RHUSTAVITO Rank 20 Elo 2111 (+16),21-12 / 15-21 / 21-16,Sitthikom THAMMASIN Rank 30 Elo 1976 (-17),50.0,https://badmintonranks.com/tournament?id=12423,7,Indonesia Open 2021,Shesar Hiren RHUSTAVITO,20.0,2111,Sitthikom THAMMASIN,30.0,1976
23/11/2021,Round 1,XD,KO Sung Hyun / EOM Hye Won Rank 21 Elo 1936 (+28),21-13 / 21-13,Marcus ELLIS / Lauren SMITH (4) Rank 8 Elo 1939 (-28),40.0,https://badmintonranks.com/tournament?id=12423,7,Indonesia Open 2021,KO Sung Hyun / EOM Hye Won,21.0,1936,Marcus ELLIS / Lauren SMITH (4),8.0,1939
23/11/2021,Round 1,MS,Rasmus GEMKE Rank 13 Elo 2100 (+41),13-21 / 25-23 / 21-16,LEE Zii Jia (7) Rank 7 Elo 2325 (-39),67.0,https://badmintonranks.com/tournament?id=12423,8,Indonesia Open 2021,Rasmus GEMKE,13.0,2100,LEE Zii Jia (7),7.0,2325
23/11/2021,Round 1,WD,Pearly TAN / THINAAH Muralitharan (8) Rank 18 Elo 1847 (+14),22-20 / 21-19,Clara AZURMENDI / Beatriz CORRALES Rank 68 Elo 1640 (-23),43.0,https://badmintonranks.com/tournament?id=12423,8,Indonesia Open 2021,Pearly TAN / THINAAH Muralitharan (8),18.0,1847,Clara AZURMENDI / Beatriz CORRALES,68.0,1640
23/11/2021,Round 1,WD,Fitriani FITRIANI / Yulia Yosephine SUSANTO Rank 82 Elo 1540 (+0),W.O.,Febby Valencia Dwijayanti GANI / Jesita Putri MIANTORO Rank Elo 1707 (-0),0.0,https://badmintonranks.com/tournament?id=12423,8,Indonesia Open 2021,Fitriani FITRIANI / Yulia Yosephine SUSANTO,82.0,1540,Febby Valencia Dwijayanti GANI / Jesita Putri MIANTORO,,1707
23/11/2021,Round 1,WD,Puttita SUPAJIRAKUL / Sapsiree TAERATTANACHAI Rank 17 Elo 1982 (+0),W.O.,Siti Fadia Silva RAMADHANTI / Ribka SUGIARTO Rank 27 Elo 1866 (-0),0.0,https://badmintonranks.com/tournament?id=12423,8,Indonesia Open 2021,Puttita SUPAJIRAKUL / Sapsiree TAERATTANACHAI,17.0,1982,Siti Fadia Silva RAMADHANTI / Ribka SUGIARTO,27.0,1866
23/11/2021,Round 1,XD,TAN Kian Meng / LAI Pei Jing Rank 12 Elo 1923 (+30),22-20 / 21-17,GOH Soon Huat / LAI Shevon Jemie Rank 13 Elo 1949 (-30),42.0,https://badmintonranks.com/tournament?id=12423,8,Indonesia Open 2021,TAN Kian Meng / LAI Pei Jing,12.0,1923,GOH Soon Huat / LAI Shevon Jemie,13.0,1949
23/11/2021,Round 1,MS,Hans-Kristian Solberg VITTINGHUS Rank 21 Elo 2085 (+19),21-18 / 21-12,Kantaphon WANGCHAROEN Rank 18 Elo 1986 (-19),39.0,https://badmintonranks.com/tournament?id=12423,8,Indonesia Open 2021,Hans-Kristian Solberg VITTINGHUS,21.0,2085,Kantaphon WANGCHAROEN,18.0,1986
23/11/2021,Round 1,WS,Sayaka TAKAHASHI (8) Rank 13 Elo 2230 (+7),21-14 / 21-14,Saena KAWAKAMI Rank 44 Elo 1893 (-7),37.0,https://badmintonranks.com/tournament?id=12423,8,Indonesia Open 2021,Sayaka TAKAHASHI (8),13.0,2230,Saena KAWAKAMI,44.0,1893
23/11/2021,Round 1,XD,Adnan MAULANA / Mychelle Crhystine BANDASO Rank 35 Elo 1781 (+51),21-17 / 21-17,Thom GICQUEL / Delphine DELRUE (7) Rank 11 Elo 1974 (-41),46.0,https://badmintonranks.com/tournament?id=12423,8,Indonesia Open 2021,Adnan MAULANA / Mychelle Crhystine BANDASO,35.0,1781,Thom GICQUEL / Delphine DELRUE (7),11.0,1974
23/11/2021,Round 1,MD,LEE Yang / WANG Chang (3) Rank 3 Elo 2282 (+1),21-14 / 21-16,GOH V Shem / LOW Juan Shen Rank 156 Elo 1677 (-2),30.0,https://badmintonranks.com/tournament?id=12423,8,Indonesia Open 2021,LEE Yang / WANG Chang (3),3.0,2282,GOH V Shem / LOW Juan Shen,156.0,1677
23/11/2021,Round 1,XD,Mark LAMSFUSS / Isabel LOHAU Rank 14 Elo 1918 (+26),23-21 / 15-21 / 21-15,Supak JOMKOH / Supissara PACHARAMONGKOL Rank 26 Elo 1886 (-26),52.0,https://badmintonranks.com/tournament?id=12423,8,Indonesia Open 2021,Mark LAMSFUSS / Isabel LOHAU,14.0,1918,Supak JOMKOH / Supissara PACHARAMONGKOL,26.0,1886
23/11/2021,Round 1,MD,Satwiksairaj RANKIREDDY / Chirag SHETTY Rank 11 Elo 2063 (+0),W.O.,KIM Jae Hwan / NA Sung Seung Rank Elo 1645 (-0),0.0,https://badmintonranks.com/tournament?id=12423,8,Indonesia Open 2021,Satwiksairaj RANKIREDDY / Chirag SHETTY,11.0,2063,KIM Jae Hwan / NA Sung Seung,,1645
