date,round,type,winner_raw,score,loser_raw,duration,tournament_url,page_number,tournament_name,winner_name,winner_rank,winner_elo,loser_name,loser_rank,loser_elo
11/1/2026,Final,MD,KIM Won Ho / SEO Seung Jae (1) Rank 1 Elo 2472 (+8),21-15 / 12-21 / 21-18,Aaron CHIA / SOH Wooi Yik (2) Rank 2 Elo 2152 (-8),66,https://badmintonranks.com/tournament?id=14659,1,Malaysia_Open_2026,KIM Won Ho / SEO Seung Jae (1),1.0,2472,Aaron CHIA / SOH Wooi Yik (2),2.0,2152
11/1/2026,Final,MS,Kunlavut VITIDSARN (2) Rank 2 Elo 2464 (+15),23-21 / 6-1 Ret.,SHI Yu Qi (1) Rank 1 Elo 2591 (-15),36,https://badmintonranks.com/tournament?id=14659,1,Malaysia_Open_2026,Kunlavut VITIDSARN (2),2.0,2464,SHI Yu Qi (1),1.0,2591
11/1/2026,Final,XD,FENG Yan Zhe / HUANG Dong Ping (1) Rank 1 Elo 2518 (+15),21-19 / 21-19,JIANG Zhen Bang / WEI Ya Xin (2) Rank 2 Elo 2340 (-14),45,https://badmintonranks.com/tournament?id=14659,1,Malaysia_Open_2026,FENG Yan Zhe / HUANG Dong Ping (1),1.0,2518,JIANG Zhen Bang / WEI Ya Xin (2),2.0,2340
11/1/2026,Final,WD,LIU Sheng Shu / TAN Ning (1) Rank 1 Elo 2378 (+25),21-18 / 21-12,BAEK Ha Na / LEE So Hee (6) Rank 6 Elo 2347 (-25),67,https://badmintonranks.com/tournament?id=14659,1,Malaysia_Open_2026,LIU Sheng Shu / TAN Ning (1),1.0,2378,BAEK Ha Na / LEE So Hee (6),6.0,2347
11/1/2026,Final,WS,AN Se Young (1) Rank 1 Elo 2819 (+11),21-15 / 24-22,WANG Zhi Yi (2) Rank 2 Elo 2580 (-11),56,https://badmintonranks.com/tournament?id=14659,1,Malaysia_Open_2026,AN Se Young (1),1.0,2819,WANG Zhi Yi (2),2.0,2580
10/1/2026,Semi final,MD,Aaron CHIA / SOH Wooi Yik (2) Rank 2 Elo 2121 (+31),23-21 / 21-18,Fajar ALFIAN / Muhammad Shohibul FIKRI (6) Rank 6 Elo 2166 (-31),51,https://badmintonranks.com/tournament?id=14659,1,Malaysia_Open_2026,Aaron CHIA / SOH Wooi Yik (2),2.0,2121,Fajar ALFIAN / Muhammad Shohibul FIKRI (6),6.0,2166
10/1/2026,Semi final,WS,AN Se Young (1) Rank 1 Elo 2819 (+0),W.O.,CHEN Yu Fei (4) Rank 4 Elo 2574 (-1),0,https://badmintonranks.com/tournament?id=14659,1,Malaysia_Open_2026,AN Se Young (1),1.0,2819,CHEN Yu Fei (4),4.0,2574
10/1/2026,Semi final,MS,SHI Yu Qi (1) Rank 1 Elo 2576 (+15),21-13 / 21-14,Anders ANTONSEN (3) Rank 3 Elo 2407 (-15),46,https://badmintonranks.com/tournament?id=14659,1,Malaysia_Open_2026,SHI Yu Qi (1),1.0,2576,Anders ANTONSEN (3),3.0,2407
10/1/2026,Semi final,MD,KIM Won Ho / SEO Seung Jae (1) Rank 1 Elo 2466 (+6),8-21 / 21-11 / 21-18,Ben LANE / Sean VENDY Rank 16 Elo 2113 (-6),58,https://badmintonranks.com/tournament?id=14659,1,Malaysia_Open_2026,KIM Won Ho / SEO Seung Jae (1),1.0,2466,Ben LANE / Sean VENDY,16.0,2113
10/1/2026,Semi final,MS,Kunlavut VITIDSARN (2) Rank 2 Elo 2443 (+21),21-16 / 21-16,Jonatan CHRISTIE (4) Rank 4 Elo 2370 (-21),63,https://badmintonranks.com/tournament?id=14659,1,Malaysia_Open_2026,Kunlavut VITIDSARN (2),2.0,2443,Jonatan CHRISTIE (4),4.0,2370
10/1/2026,Semi final,XD,JIANG Zhen Bang / WEI Ya Xin (2) Rank 2 Elo 2334 (+6),21-15 / 21-14,Jesper TOFT / Amalie MAGELUND Rank 11 Elo 1996 (-8),37,https://badmintonranks.com/tournament?id=14659,1,Malaysia_Open_2026,JIANG Zhen Bang / WEI Ya Xin (2),2.0,2334,Jesper TOFT / Amalie MAGELUND,11.0,1996
10/1/2026,Semi final,XD,FENG Yan Zhe / HUANG Dong Ping (1) Rank 1 Elo 2512 (+6),21-14 / 21-14,TANG Chun Man / TSE Ying Suet (7) Rank 8 Elo 2152 (-6),38,https://badmintonranks.com/tournament?id=14659,1,Malaysia_Open_2026,FENG Yan Zhe / HUANG Dong Ping (1),1.0,2512,TANG Chun Man / TSE Ying Suet (7),8.0,2152
10/1/2026,Semi final,WD,LIU Sheng Shu / TAN Ning (1) Rank 1 Elo 2372 (+6),21-8 / 21-17,JEONG Na Eun / LEE Yeon Woo Rank 19 Elo 1991 (-5),61,https://badmintonranks.com/tournament?id=14659,1,Malaysia_Open_2026,LIU Sheng Shu / TAN Ning (1),1.0,2372,JEONG Na Eun / LEE Yeon Woo,19.0,1991
10/1/2026,Semi final,WD,BAEK Ha Na / LEE So Hee (6) Rank 6 Elo 2326 (+21),21-16 / 21-12,Yuki FUKUSHIMA / Mayu MATSUMOTO (5) Rank 5 Elo 2250 (-21),64,https://badmintonranks.com/tournament?id=14659,1,Malaysia_Open_2026,BAEK Ha Na / LEE So Hee (6),6.0,2326,Yuki FUKUSHIMA / Mayu MATSUMOTO (5),5.0,2250
10/1/2026,Semi final,WS,WANG Zhi Yi (2) Rank 2 Elo 2576 (+4),21-16 / 21-15,PUSARLA V. Sindhu Rank 18 Elo 2151 (-5),52,https://badmintonranks.com/tournament?id=14659,1,Malaysia_Open_2026,WANG Zhi Yi (2),2.0,2576,PUSARLA V. Sindhu,18.0,2151
9/1/2026,Quarter final,MD,Aaron CHIA / SOH Wooi Yik (2) Rank 2 Elo 2086 (+35),21-19 / 21-10,Sabar Karyaman GUTAMA / Moh Reza Pahlevi ISFAHANI (8) Rank 8 Elo 2190 (-34),34,https://badmintonranks.com/tournament?id=14659,1,Malaysia_Open_2026,Aaron CHIA / SOH Wooi Yik (2),2.0,2086,Sabar Karyaman GUTAMA / Moh Reza Pahlevi ISFAHANI (8),8.0,2190
9/1/2026,Quarter final,MD,KIM Won Ho / SEO Seung Jae (1) Rank 1 Elo 2460 (+6),21-17 / 21-14,MAN Wei Chong / TEE Kai Wun (5) Rank 5 Elo 2102 (-6),41,https://badmintonranks.com/tournament?id=14659,1,Malaysia_Open_2026,KIM Won Ho / SEO Seung Jae (1),1.0,2460,MAN Wei Chong / TEE Kai Wun (5),5.0,2102
9/1/2026,Quarter final,MS,Kunlavut VITIDSARN (2) Rank 2 Elo 2423 (+20),15-21 / 21-10 / 21-13,Alex LANIER (7) Rank 8 Elo 2338 (-20),82,https://badmintonranks.com/tournament?id=14659,1,Malaysia_Open_2026,Kunlavut VITIDSARN (2),2.0,2423,Alex LANIER (7),8.0,2338
9/1/2026,Quarter final,MD,Fajar ALFIAN / Muhammad Shohibul FIKRI (6) Rank 6 Elo 2135 (+31),21-10 / 23-21,Satwiksairaj RANKIREDDY / Chirag SHETTY (3) Rank 3 Elo 2190 (-30),47,https://badmintonranks.com/tournament?id=14659,1,Malaysia_Open_2026,Fajar ALFIAN / Muhammad Shohibul FIKRI (6),6.0,2135,Satwiksairaj RANKIREDDY / Chirag SHETTY (3),3.0,2190
9/1/2026,Quarter final,XD,TANG Chun Man / TSE Ying Suet (7) Rank 8 Elo 2117 (+35),21-17 / 17-21 / 21-10,CHEN Tang Jie / TOH Ee Wei (4) Rank 4 Elo 2231 (-35),67,https://badmintonranks.com/tournament?id=14659,1,Malaysia_Open_2026,TANG Chun Man / TSE Ying Suet (7),8.0,2117,CHEN Tang Jie / TOH Ee Wei (4),4.0,2231
9/1/2026,Quarter final,XD,FENG Yan Zhe / HUANG Dong Ping (1) Rank 1 Elo 2507 (+5),21-16 / 21-9,GUO Xin Wa / CHEN Fang Hui (6) Rank 6 Elo 2137 (-6),33,https://badmintonranks.com/tournament?id=14659,2,Malaysia_Open_2026,FENG Yan Zhe / HUANG Dong Ping (1),1.0,2507,GUO Xin Wa / CHEN Fang Hui (6),6.0,2137
9/1/2026,Quarter final,MD,Ben LANE / Sean VENDY Rank 16 Elo 2077 (+36),22-20 / 21-19,Takuro HOKI / Yugo KOBAYASHI Rank 11 Elo 2210 (-36),45,https://badmintonranks.com/tournament?id=14659,2,Malaysia_Open_2026,Ben LANE / Sean VENDY,16.0,2077,Takuro HOKI / Yugo KOBAYASHI,11.0,2210
9/1/2026,Quarter final,WD,JEONG Na Eun / LEE Yeon Woo Rank 19 Elo 1971 (+20),21-10 / 21-15,Kaho OSAWA / Mai TANABE Rank 28 Elo 1879 (-23),52,https://badmintonranks.com/tournament?id=14659,2,Malaysia_Open_2026,JEONG Na Eun / LEE Yeon Woo,19.0,1971,Kaho OSAWA / Mai TANABE,28.0,1879
9/1/2026,Quarter final,WD,LIU Sheng Shu / TAN Ning (1) Rank 1 Elo 2369 (+3),21-15 / 21-12,Ririna HIRAMOTO / Kokona ISHIKAWA Rank 37 Elo 1884 (-4),48,https://badmintonranks.com/tournament?id=14659,2,Malaysia_Open_2026,LIU Sheng Shu / TAN Ning (1),1.0,2369,Ririna HIRAMOTO / Kokona ISHIKAWA,37.0,1884
9/1/2026,Quarter final,MS,Jonatan CHRISTIE (4) Rank 4 Elo 2349 (+21),21-17 / 21-13,Kodai NARAOKA (8) Rank 9 Elo 2276 (-20),47,https://badmintonranks.com/tournament?id=14659,2,Malaysia_Open_2026,Jonatan CHRISTIE (4),4.0,2349,Kodai NARAOKA (8),9.0,2276
9/1/2026,Quarter final,WD,Yuki FUKUSHIMA / Mayu MATSUMOTO (5) Rank 5 Elo 2245 (+5),21-11 / 21-17,HSU Yin-Hui / LIN Jhih Yong Rank 14 Elo 1836 (-6),38,https://badmintonranks.com/tournament?id=14659,2,Malaysia_Open_2026,Yuki FUKUSHIMA / Mayu MATSUMOTO (5),5.0,2245,HSU Yin-Hui / LIN Jhih Yong,14.0,1836
9/1/2026,Quarter final,XD,Jesper TOFT / Amalie MAGELUND Rank 11 Elo 1951 (+45),21-12 / 8-21 / 21-19,Dechapol PUAVARANUKROH / Supissara PACHARAMONGKOL (3) Rank 3 Elo 2174 (-41),57,https://badmintonranks.com/tournament?id=14659,2,Malaysia_Open_2026,Jesper TOFT / Amalie MAGELUND,11.0,1951,Dechapol PUAVARANUKROH / Supissara PACHARAMONGKOL (3),3.0,2174
9/1/2026,Quarter final,WS,WANG Zhi Yi (2) Rank 2 Elo 2568 (+8),21-17 / 21-18,Putri Kusuma WARDANI (6) Rank 6 Elo 2264 (-8),50,https://badmintonranks.com/tournament?id=14659,2,Malaysia_Open_2026,WANG Zhi Yi (2),2.0,2568,Putri Kusuma WARDANI (6),6.0,2264
9/1/2026,Quarter final,MS,Anders ANTONSEN (3) Rank 3 Elo 2396 (+11),21-9 / 21-12,Kenta NISHIMOTO Rank 14 Elo 2168 (-11),46,https://badmintonranks.com/tournament?id=14659,2,Malaysia_Open_2026,Anders ANTONSEN (3),3.0,2396,Kenta NISHIMOTO,14.0,2168
9/1/2026,Quarter final,XD,JIANG Zhen Bang / WEI Ya Xin (2) Rank 2 Elo 2331 (+3),21-16 / 21-13,Presley SHIN Jian Da / Jennie GAI Rank 32 Elo 1849 (-4),35,https://badmintonranks.com/tournament?id=14659,2,Malaysia_Open_2026,JIANG Zhen Bang / WEI Ya Xin (2),2.0,2331,Presley SHIN Jian Da / Jennie GAI,32.0,1849
9/1/2026,Quarter final,MS,SHI Yu Qi (1) Rank 1 Elo 2572 (+4),21-10 / 21-7,LEE Cheuk Yiu Rank 18 Elo 2137 (-4),31,https://badmintonranks.com/tournament?id=14659,2,Malaysia_Open_2026,SHI Yu Qi (1),1.0,2572,LEE Cheuk Yiu,18.0,2137
9/1/2026,Quarter final,WD,BAEK Ha Na / LEE So Hee (6) Rank 6 Elo 2320 (+6),13-21 / 21-19 / 21-13,Febriana Dwipuji KUSUMA / Meilysa Trias PUSPITASARI Rank 60 Elo 1969 (-6),86,https://badmintonranks.com/tournament?id=14659,2,Malaysia_Open_2026,BAEK Ha Na / LEE So Hee (6),6.0,2320,Febriana Dwipuji KUSUMA / Meilysa Trias PUSPITASARI,60.0,1969
9/1/2026,Quarter final,WS,PUSARLA V. Sindhu Rank 18 Elo 2141 (+10),21-11 Ret.,Akane YAMAGUCHI (3) Rank 3 Elo 2511 (-10),12,https://badmintonranks.com/tournament?id=14659,2,Malaysia_Open_2026,PUSARLA V. Sindhu,18.0,2141,Akane YAMAGUCHI (3),3.0,2511
9/1/2026,Quarter final,WS,CHEN Yu Fei (4) Rank 4 Elo 2567 (+7),21-13 / 21-14,Ratchanok INTANON (7) Rank 7 Elo 2252 (-7),39,https://badmintonranks.com/tournament?id=14659,2,Malaysia_Open_2026,CHEN Yu Fei (4),4.0,2567,Ratchanok INTANON (7),7.0,2252
9/1/2026,Quarter final,WS,AN Se Young (1) Rank 1 Elo 2819 (+0),21-8 / 21-9,Line Højmark KJAERSFELDT Rank 26 Elo 1895 (-0),34,https://badmintonranks.com/tournament?id=14659,2,Malaysia_Open_2026,AN Se Young (1),1.0,2819,Line Højmark KJAERSFELDT,26.0,1895
8/1/2026,Round 2,MD,KIM Won Ho / SEO Seung Jae (1) Rank 1 Elo 2458 (+2),21-15 / 21-16,Nur Mohd Azriyn Ayub / TAN Wee Kiong Rank 28 Elo 1870 (-2),41,https://badmintonranks.com/tournament?id=14659,2,Malaysia_Open_2026,KIM Won Ho / SEO Seung Jae (1),1.0,2458,Nur Mohd Azriyn Ayub / TAN Wee Kiong,28.0,1870
8/1/2026,Round 2,WD,Ririna HIRAMOTO / Kokona ISHIKAWA Rank 37 Elo 1852 (+32),21-14 / 15-21 / 21-18,HSIEH Pei Lan / HUNG En-Tzu (7) Rank 9 Elo 1875 (-31),74,https://badmintonranks.com/tournament?id=14659,2,Malaysia_Open_2026,Ririna HIRAMOTO / Kokona ISHIKAWA,37.0,1852,HSIEH Pei Lan / HUNG En-Tzu (7),9.0,1875
8/1/2026,Round 2,MD,Sabar Karyaman GUTAMA / Moh Reza Pahlevi ISFAHANI (8) Rank 8 Elo 2180 (+10),21-10 / 14-21 / 21-19,KANG Min Hyuk / KI Dong Ju Rank 22 Elo 1942 (-11),68,https://badmintonranks.com/tournament?id=14659,2,Malaysia_Open_2026,Sabar Karyaman GUTAMA / Moh Reza Pahlevi ISFAHANI (8),8.0,2180,KANG Min Hyuk / KI Dong Ju,22.0,1942
8/1/2026,Round 2,WS,WANG Zhi Yi (2) Rank 2 Elo 2566 (+2),21-15 / 21-8,LIN Hsiang Ti Rank 21 Elo 2025 (-2),43,https://badmintonranks.com/tournament?id=14659,2,Malaysia_Open_2026,WANG Zhi Yi (2),2.0,2566,LIN Hsiang Ti,21.0,2025
8/1/2026,Round 2,MS,Kunlavut VITIDSARN (2) Rank 2 Elo 2414 (+9),21-12 / 21-14,Koki WATANABE Rank 25 Elo 2151 (-10),47,https://badmintonranks.com/tournament?id=14659,2,Malaysia_Open_2026,Kunlavut VITIDSARN (2),2.0,2414,Koki WATANABE,25.0,2151
8/1/2026,Round 2,WS,Putri Kusuma WARDANI (6) Rank 6 Elo 2254 (+10),5-21 / 21-16 / 21-18,ZHANG Beiwen Rank 24 Elo 2004 (-10),49,https://badmintonranks.com/tournament?id=14659,3,Malaysia_Open_2026,Putri Kusuma WARDANI (6),6.0,2254,ZHANG Beiwen,24.0,2004
8/1/2026,Round 2,WD,LIU Sheng Shu / TAN Ning (1) Rank 1 Elo 2365 (+4),21-19 / 21-9,Rui HIROKAMI / Sayaka HIROTA Rank 16 Elo 1957 (-5),49,https://badmintonranks.com/tournament?id=14659,3,Malaysia_Open_2026,LIU Sheng Shu / TAN Ning (1),1.0,2365,Rui HIROKAMI / Sayaka HIROTA,16.0,1957
8/1/2026,Round 2,MS,Kenta NISHIMOTO Rank 14 Elo 2136 (+32),21-17 / 21-15,CHOU Tien Chen (5) Rank 6 Elo 2235 (-33),50,https://badmintonranks.com/tournament?id=14659,3,Malaysia_Open_2026,Kenta NISHIMOTO,14.0,2136,CHOU Tien Chen (5),6.0,2235
8/1/2026,Round 2,MD,Fajar ALFIAN / Muhammad Shohibul FIKRI (6) Rank 6 Elo 2127 (+8),21-19 / 21-19,CHEN Zhi Xian / LIN Yu Chieh Rank 38 Elo 1828 (-9),44,https://badmintonranks.com/tournament?id=14659,3,Malaysia_Open_2026,Fajar ALFIAN / Muhammad Shohibul FIKRI (6),6.0,2127,CHEN Zhi Xian / LIN Yu Chieh,38.0,1828
8/1/2026,Round 2,WD,Yuki FUKUSHIMA / Mayu MATSUMOTO (5) Rank 5 Elo 2244 (+1),21-6 / 21-14,Paulina CHALUPSKA / Kornelia MARCHEWKA Rank 45 Elo 1642 (-3),32,https://badmintonranks.com/tournament?id=14659,3,Malaysia_Open_2026,Yuki FUKUSHIMA / Mayu MATSUMOTO (5),5.0,2244,Paulina CHALUPSKA / Kornelia MARCHEWKA,45.0,1642
8/1/2026,Round 2,MD,MAN Wei Chong / TEE Kai Wun (5) Rank 5 Elo 2087 (+15),21-9 / 21-15,Hiroki MIDORIKAWA / Kyohei YAMASHITA Rank 26 Elo 1943 (-17),29,https://badmintonranks.com/tournament?id=14659,3,Malaysia_Open_2026,MAN Wei Chong / TEE Kai Wun (5),5.0,2087,Hiroki MIDORIKAWA / Kyohei YAMASHITA,26.0,1943
8/1/2026,Round 2,MS,Alex LANIER (7) Rank 8 Elo 2331 (+7),21-8 / 21-19,Nhat NGUYEN Rank 31 Elo 2035 (-8),44,https://badmintonranks.com/tournament?id=14659,3,Malaysia_Open_2026,Alex LANIER (7),8.0,2331,Nhat NGUYEN,31.0,2035
8/1/2026,Round 2,WD,HSU Yin-Hui / LIN Jhih Yong Rank 14 Elo 1836 (+0),W.O.,JIA Yi Fan / ZHANG .. (4) Rank 4 Elo 2345 (-4),0,https://badmintonranks.com/tournament?id=14659,3,Malaysia_Open_2026,HSU Yin-Hui / LIN Jhih Yong,14.0,1836,JIA Yi Fan / ZHANG .. (4),4.0,2345
8/1/2026,Round 2,MD,Aaron CHIA / SOH Wooi Yik (2) Rank 2 Elo 2079 (+7),21-14 / 14-21 / 21-14,CHEN Xu Jun / LIU Yang Rank Elo 1761 (-9),62,https://badmintonranks.com/tournament?id=14659,3,Malaysia_Open_2026,Aaron CHIA / SOH Wooi Yik (2),2.0,2079,CHEN Xu Jun / LIU Yang,,1761
8/1/2026,Round 2,WS,Akane YAMAGUCHI (3) Rank 3 Elo 2502 (+9),21-11 / 4-21 / 21-17,GAO Fang jie Rank 11 Elo 2214 (-8),52,https://badmintonranks.com/tournament?id=14659,3,Malaysia_Open_2026,Akane YAMAGUCHI (3),3.0,2502,GAO Fang jie,11.0,2214
8/1/2026,Round 2,XD,FENG Yan Zhe / HUANG Dong Ping (1) Rank 1 Elo 2505 (+2),22-20 / 21-16,CHENG Chi Ya / ZHANG Chi Rank 14 Elo 1955 (-2),50,https://badmintonranks.com/tournament?id=14659,3,Malaysia_Open_2026,FENG Yan Zhe / HUANG Dong Ping (1),1.0,2505,CHENG Chi Ya / ZHANG Chi,14.0,1955
8/1/2026,Round 2,WD,BAEK Ha Na / LEE So Hee (6) Rank 6 Elo 2317 (+3),21-12 / 21-9,HU Ling Fang / JHENG Yu Chieh Rank 27 Elo 1827 (-3),38,https://badmintonranks.com/tournament?id=14659,3,Malaysia_Open_2026,BAEK Ha Na / LEE So Hee (6),6.0,2317,HU Ling Fang / JHENG Yu Chieh,27.0,1827
8/1/2026,Round 2,XD,GUO Xin Wa / CHEN Fang Hui (6) Rank 6 Elo 2129 (+8),13-21 / 21-16 / 21-10,Marvin SEIDEL / Thuc Phuong NGUYEN Rank 40 Elo 1843 (-10),56,https://badmintonranks.com/tournament?id=14659,3,Malaysia_Open_2026,GUO Xin Wa / CHEN Fang Hui (6),6.0,2129,Marvin SEIDEL / Thuc Phuong NGUYEN,40.0,1843
8/1/2026,Round 2,MS,Anders ANTONSEN (3) Rank 3 Elo 2390 (+6),21-16 / 21-15,Victor LAI Rank 22 Elo 2027 (-6),59,https://badmintonranks.com/tournament?id=14659,3,Malaysia_Open_2026,Anders ANTONSEN (3),3.0,2390,Victor LAI,22.0,2027
8/1/2026,Round 2,XD,Jesper TOFT / Amalie MAGELUND Rank 11 Elo 1938 (+13),17-21 / 21-14 / 21-13,Julien MAIO / Lea PALERMO Rank 44 Elo 1731 (-18),62,https://badmintonranks.com/tournament?id=14659,3,Malaysia_Open_2026,Jesper TOFT / Amalie MAGELUND,11.0,1938,Julien MAIO / Lea PALERMO,44.0,1731
8/1/2026,Round 2,MD,Satwiksairaj RANKIREDDY / Chirag SHETTY (3) Rank 3 Elo 2181 (+9),21-18 / 21-11,Junaidi ARIFFIN / YAP Roy King Rank 17 Elo 1926 (-10),39,https://badmintonranks.com/tournament?id=14659,3,Malaysia_Open_2026,Satwiksairaj RANKIREDDY / Chirag SHETTY (3),3.0,2181,Junaidi ARIFFIN / YAP Roy King,17.0,1926
8/1/2026,Round 2,WS,PUSARLA V. Sindhu Rank 18 Elo 2113 (+28),21-8 / 21-13,Tomoka MIYAZAKI (8) Rank 9 Elo 2144 (-28),33,https://badmintonranks.com/tournament?id=14659,3,Malaysia_Open_2026,PUSARLA V. Sindhu,18.0,2113,Tomoka MIYAZAKI (8),9.0,2144
8/1/2026,Round 2,WS,Ratchanok INTANON (7) Rank 7 Elo 2227 (+25),21-8 / 21-7,Mia BLICHFELDT Rank 20 Elo 2225 (-25),30,https://badmintonranks.com/tournament?id=14659,3,Malaysia_Open_2026,Ratchanok INTANON (7),7.0,2227,Mia BLICHFELDT,20.0,2225
8/1/2026,Round 2,MS,Kodai NARAOKA (8) Rank 9 Elo 2259 (+17),21-18 / 16-21 / 21-16,LU Guang Zu Rank 16 Elo 2145 (-17),90,https://badmintonranks.com/tournament?id=14659,3,Malaysia_Open_2026,Kodai NARAOKA (8),9.0,2259,LU Guang Zu,16.0,2145
8/1/2026,Round 2,WD,Febriana Dwipuji KUSUMA / Meilysa Trias PUSPITASARI Rank 60 Elo 1921 (+48),26-24 / 21-17,Pearly TAN / THINAAH Muralitharan (2) Rank 2 Elo 2261 (-45),54,https://badmintonranks.com/tournament?id=14659,3,Malaysia_Open_2026,Febriana Dwipuji KUSUMA / Meilysa Trias PUSPITASARI,60.0,1921,Pearly TAN / THINAAH Muralitharan (2),2.0,2261
8/1/2026,Round 2,MD,Takuro HOKI / Yugo KOBAYASHI Rank 11 Elo 2202 (+8),24-22 / 21-10,Kakeru KUMAGAI / Hiroki NISHI Rank 34 Elo 1917 (-9),39,https://badmintonranks.com/tournament?id=14659,4,Malaysia_Open_2026,Takuro HOKI / Yugo KOBAYASHI,11.0,2202,Kakeru KUMAGAI / Hiroki NISHI,34.0,1917
8/1/2026,Round 2,MS,Jonatan CHRISTIE (4) Rank 4 Elo 2341 (+8),21-18 / 21-11,LEONG Jun Hao Rank 28 Elo 2058 (-8),55,https://badmintonranks.com/tournament?id=14659,4,Malaysia_Open_2026,Jonatan CHRISTIE (4),4.0,2341,LEONG Jun Hao,28.0,2058
8/1/2026,Round 2,XD,Dechapol PUAVARANUKROH / Supissara PACHARAMONGKOL (3) Rank 3 Elo 2168 (+6),16-21 / 21-8 / 21-19,Akira KOGA / Natsu SAITO Rank Elo 1830 (-7),67,https://badmintonranks.com/tournament?id=14659,4,Malaysia_Open_2026,Dechapol PUAVARANUKROH / Supissara PACHARAMONGKOL (3),3.0,2168,Akira KOGA / Natsu SAITO,,1830
8/1/2026,Round 2,MD,Ben LANE / Sean VENDY Rank 16 Elo 2050 (+27),21-13 / 21-17,GOH Sze Fei / Nur IZZUDDIN (7) Rank 7 Elo 2051 (-26),42,https://badmintonranks.com/tournament?id=14659,4,Malaysia_Open_2026,Ben LANE / Sean VENDY,16.0,2050,GOH Sze Fei / Nur IZZUDDIN (7),7.0,2051
8/1/2026,Round 2,WD,Kaho OSAWA / Mai TANABE Rank 28 Elo 1823 (+56),23-21 / 17-21 / 21-19,KIM Hye Rin / KONG Hee Yong (3) Rank 3 Elo 2205 (-46),93,https://badmintonranks.com/tournament?id=14659,4,Malaysia_Open_2026,Kaho OSAWA / Mai TANABE,28.0,1823,KIM Hye Rin / KONG Hee Yong (3),3.0,2205
8/1/2026,Round 2,MS,LEE Cheuk Yiu Rank 18 Elo 2100 (+37),22-20 / 21-15,Lakshya SEN Rank 13 Elo 2268 (-37),53,https://badmintonranks.com/tournament?id=14659,4,Malaysia_Open_2026,LEE Cheuk Yiu,18.0,2100,Lakshya SEN,13.0,2268
8/1/2026,Round 2,XD,JIANG Zhen Bang / WEI Ya Xin (2) Rank 2 Elo 2329 (+2),21-12 / 21-12,Phuwana.. / Benyapa AIMSAARD Rank 64 Elo 1775 (-2),31,https://badmintonranks.com/tournament?id=14659,4,Malaysia_Open_2026,JIANG Zhen Bang / WEI Ya Xin (2),2.0,2329,Phuwana.. / Benyapa AIMSAARD,64.0,1775
8/1/2026,Round 2,WS,CHEN Yu Fei (4) Rank 4 Elo 2565 (+2),19-21 / 21-12 / 21-9,Busanan ONGBAMRUNGPHAN Rank 19 Elo 2032 (-3),69,https://badmintonranks.com/tournament?id=14659,4,Malaysia_Open_2026,CHEN Yu Fei (4),4.0,2565,Busanan ONGBAMRUNGPHAN,19.0,2032
8/1/2026,Round 2,XD,CHEN Tang Jie / TOH Ee Wei (4) Rank 4 Elo 2222 (+9),21-13 / 23-21,HOO Pang Ron / CHENG Su Yin Rank 21 Elo 1938 (-9),41,https://badmintonranks.com/tournament?id=14659,4,Malaysia_Open_2026,CHEN Tang Jie / TOH Ee Wei (4),4.0,2222,HOO Pang Ron / CHENG Su Yin,21.0,1938
8/1/2026,Round 2,WD,JEONG Na Eun / LEE Yeon Woo Rank 19 Elo 1964 (+7),21-14 / 21-13,Ornnicha JONGSATHAPORNPARN / Sukitta SUWACHAI Rank 47 Elo 1619 (-12),44,https://badmintonranks.com/tournament?id=14659,4,Malaysia_Open_2026,JEONG Na Eun / LEE Yeon Woo,19.0,1964,Ornnicha JONGSATHAPORNPARN / Sukitta SUWACHAI,47.0,1619
8/1/2026,Round 2,WS,Line Højmark KJAERSFELDT Rank 26 Elo 1895 (+0),W.O.,HAN Yue (5) Rank 5 Elo 2399 (-4),0,https://badmintonranks.com/tournament?id=14659,4,Malaysia_Open_2026,Line Højmark KJAERSFELDT,26.0,1895,HAN Yue (5),5.0,2399
8/1/2026,Round 2,MS,SHI Yu Qi (1) Rank 1 Elo 2570 (+2),21-18 / 18-21 / 21-12,Ayush SHETTY Rank 32 Elo 2036 (-2),70,https://badmintonranks.com/tournament?id=14659,4,Malaysia_Open_2026,SHI Yu Qi (1),1.0,2570,Ayush SHETTY,32.0,2036
8/1/2026,Round 2,XD,Presley SHIN Jian Da / Jennie GAI Rank 32 Elo 1801 (+48),21-9 / 21-17,GOH Soon Huat / LAI Shevon Jemie (8) Rank 9 Elo 1979 (-40),35,https://badmintonranks.com/tournament?id=14659,4,Malaysia_Open_2026,Presley SHIN Jian Da / Jennie GAI,32.0,1801,GOH Soon Huat / LAI Shevon Jemie (8),9.0,1979
8/1/2026,Round 2,WS,AN Se Young (1) Rank 1 Elo 2818 (+1),21-17 / 21-7,Nozomi OKUHARA Rank 30 Elo 2092 (-1),37,https://badmintonranks.com/tournament?id=14659,4,Malaysia_Open_2026,AN Se Young (1),1.0,2818,Nozomi OKUHARA,30.0,2092
8/1/2026,Round 2,XD,TANG Chun Man / TSE Ying Suet (7) Rank 8 Elo 2108 (+9),21-14 / 21-19,CHEN Ching Chen / HSU Yin-Hui Rank 28 Elo 1827 (-11),45,https://badmintonranks.com/tournament?id=14659,4,Malaysia_Open_2026,TANG Chun Man / TSE Ying Suet (7),8.0,2108,CHEN Ching Chen / HSU Yin-Hui,28.0,1827
7/1/2026,Round 1,WD,Paulina CHALUPSKA / Kornelia MARCHEWKA Rank 45 Elo 1564 (+78),21-19 / 19-21 / 21-14,Polina BUHROVA / Yevheniia KANTEMYR Rank 32 Elo 1653 (-58),56,https://badmintonranks.com/tournament?id=14659,4,Malaysia_Open_2026,Paulina CHALUPSKA / Kornelia MARCHEWKA,45.0,1564,Polina BUHROVA / Yevheniia KANTEMYR,32.0,1653
7/1/2026,Round 1,WS,LIN Hsiang Ti Rank 21 Elo 1997 (+28),21-11 / 21-11,CHIU Pin-Chian Rank 13 Elo 2024 (-28),35,https://badmintonranks.com/tournament?id=14659,4,Malaysia_Open_2026,LIN Hsiang Ti,21.0,1997,CHIU Pin-Chian,13.0,2024
7/1/2026,Round 1,WD,BAEK Ha Na / LEE So Hee (6) Rank 6 Elo 2316 (+1),21-13 / 21-9,Nanako HARA / Riko KIYOSE Rank 50 Elo 1668 (-3),41,https://badmintonranks.com/tournament?id=14659,4,Malaysia_Open_2026,BAEK Ha Na / LEE So Hee (6),6.0,2316,Nanako HARA / Riko KIYOSE,50.0,1668
7/1/2026,Round 1,WD,Yuki FUKUSHIMA / Mayu MATSUMOTO (5) Rank 5 Elo 2243 (+1),21-12 / 21-11,Kavipriya .. / Simran SINGHI Rank 49 Elo 1589 (-2),29,https://badmintonranks.com/tournament?id=14659,4,Malaysia_Open_2026,Yuki FUKUSHIMA / Mayu MATSUMOTO (5),5.0,2243,Kavipriya .. / Simran SINGHI,49.0,1589
7/1/2026,Round 1,MD,CHEN Xu Jun / LIU Yang Rank Elo 1706 (+55),24-22 / 21-13,LIU Kuan Han / YANG Po Hsuan Rank 21 Elo 1853 (-42),43,https://badmintonranks.com/tournament?id=14659,4,Malaysia_Open_2026,CHEN Xu Jun / LIU Yang,,1706,LIU Kuan Han / YANG Po Hsuan,21.0,1853
7/1/2026,Round 1,WS,WANG Zhi Yi (2) Rank 2 Elo 2565 (+1),21-17 / 21-9,Kirsty GILMOUR Rank 29 Elo 1936 (-2),38,https://badmintonranks.com/tournament?id=14659,5,Malaysia_Open_2026,WANG Zhi Yi (2),2.0,2565,Kirsty GILMOUR,29.0,1936
7/1/2026,Round 1,WS,Akane YAMAGUCHI (3) Rank 3 Elo 2501 (+1),21-9 / 21-12,HSU Wen Chi Rank 32 Elo 1916 (-2),31,https://badmintonranks.com/tournament?id=14659,5,Malaysia_Open_2026,Akane YAMAGUCHI (3),3.0,2501,HSU Wen Chi,32.0,1916
7/1/2026,Round 1,WD,HU Ling Fang / JHENG Yu Chieh Rank 27 Elo 1785 (+42),21-17 / 21-13,Margot LAMBERT / Camille PION Rank 25 Elo 1885 (-37),33,https://badmintonranks.com/tournament?id=14659,5,Malaysia_Open_2026,HU Ling Fang / JHENG Yu Chieh,27.0,1785,Margot LAMBERT / Camille PION,25.0,1885
7/1/2026,Round 1,MS,Nhat NGUYEN Rank 31 Elo 2017 (+18),21-8 / 21-19,Brian YANG Rank 33 Elo 1906 (-19),43,https://badmintonranks.com/tournament?id=14659,5,Malaysia_Open_2026,Nhat NGUYEN,31.0,2017,Brian YANG,33.0,1906
7/1/2026,Round 1,XD,Phuwana.. / Benyapa AIMSAARD Rank 64 Elo 1755 (+20),21-11 / 21-9,Ashith SURYA / Amrutha PRAMUTHESH Rank 46 Elo 1603 (-32),24,https://badmintonranks.com/tournament?id=14659,5,Malaysia_Open_2026,Phuwana.. / Benyapa AIMSAARD,64.0,1755,Ashith SURYA / Amrutha PRAMUTHESH,46.0,1603
7/1/2026,Round 1,XD,JIANG Zhen Bang / WEI Ya Xin (2) Rank 2 Elo 2327 (+2),21-10 / 21-17,Rohan KAPOOR / GADDE Ruthvika Shivani Rank 36 Elo 1658 (-2),32,https://badmintonranks.com/tournament?id=14659,5,Malaysia_Open_2026,JIANG Zhen Bang / WEI Ya Xin (2),2.0,2327,Rohan KAPOOR / GADDE Ruthvika Shivani,36.0,1658
7/1/2026,Round 1,WS,Putri Kusuma WARDANI (6) Rank 6 Elo 2247 (+7),21-8 / 21-16,Manami SUIZU Rank 35 Elo 1925 (-8),39,https://badmintonranks.com/tournament?id=14659,5,Malaysia_Open_2026,Putri Kusuma WARDANI (6),6.0,2247,Manami SUIZU,35.0,1925
7/1/2026,Round 1,MS,Alex LANIER (7) Rank 8 Elo 2313 (+18),21-13 / 19-21 / 21-13,Alwi FARHAN Rank 17 Elo 2204 (-18),62,https://badmintonranks.com/tournament?id=14659,5,Malaysia_Open_2026,Alex LANIER (7),8.0,2313,Alwi FARHAN,17.0,2204
7/1/2026,Round 1,MS,Jonatan CHRISTIE (4) Rank 4 Elo 2334 (+7),21-18 / 21-14,LEE Chia Hao Rank 20 Elo 2025 (-7),40,https://badmintonranks.com/tournament?id=14659,5,Malaysia_Open_2026,Jonatan CHRISTIE (4),4.0,2334,LEE Chia Hao,20.0,2025
7/1/2026,Round 1,WS,GAO Fang jie Rank 11 Elo 2198 (+16),13-21 / 21-17 / 21-19,Riko GUNJI Rank 27 Elo 2076 (-17),69,https://badmintonranks.com/tournament?id=14659,5,Malaysia_Open_2026,GAO Fang jie,11.0,2198,Riko GUNJI,27.0,2076
7/1/2026,Round 1,MD,Aaron CHIA / SOH Wooi Yik (2) Rank 2 Elo 2070 (+9),21-11 / 21-19,CHEN Zhi Xian / Presley SHIN Jian Da Rank 32 Elo 1795 (-11),35,https://badmintonranks.com/tournament?id=14659,5,Malaysia_Open_2026,Aaron CHIA / SOH Wooi Yik (2),2.0,2070,CHEN Zhi Xian / Presley SHIN Jian Da,32.0,1795
7/1/2026,Round 1,XD,Julien MAIO / Lea PALERMO Rank 44 Elo 1660 (+71),9-21 / 21-16 / 21-16,Marwan FAZA / Aisyah Salsabila Putri PRANATA Rank 22 Elo 1875 (-45),54,https://badmintonranks.com/tournament?id=14659,5,Malaysia_Open_2026,Julien MAIO / Lea PALERMO,44.0,1660,Marwan FAZA / Aisyah Salsabila Putri PRANATA,22.0,1875
7/1/2026,Round 1,WS,ZHANG Beiwen Rank 24 Elo 1975 (+29),21-14 / 14-21 / 21-9,Line CHRISTOPHERSEN Rank 25 Elo 2006 (-29),47,https://badmintonranks.com/tournament?id=14659,5,Malaysia_Open_2026,ZHANG Beiwen,24.0,1975,Line CHRISTOPHERSEN,25.0,2006
7/1/2026,Round 1,WD,Pearly TAN / THINAAH Muralitharan (2) Rank 2 Elo 2260 (+1),21-11 / 21-9,Rutaparn.. / Swetaparn DEESOM Rank 53 Elo 1366 (-1),30,https://badmintonranks.com/tournament?id=14659,5,Malaysia_Open_2026,Pearly TAN / THINAAH Muralitharan (2),2.0,2260,Rutaparn.. / Swetaparn DEESOM,53.0,1366
7/1/2026,Round 1,MD,Satwiksairaj RANKIREDDY / Chirag SHETTY (3) Rank 3 Elo 2169 (+12),21-13 / 21-15,LEE Jhe-Huei / YANG Po Hsuan Rank 14 Elo 1962 (-13),35,https://badmintonranks.com/tournament?id=14659,5,Malaysia_Open_2026,Satwiksairaj RANKIREDDY / Chirag SHETTY (3),3.0,2169,LEE Jhe-Huei / YANG Po Hsuan,14.0,1962
7/1/2026,Round 1,MD,CHEN Zhi Xian / LIN Yu Chieh Rank 38 Elo 1793 (+35),19-21 / 21-17 / 21-13,Christo POPOV / Toma Junior POPOV Rank 20 Elo 1821 (-34),56,https://badmintonranks.com/tournament?id=14659,5,Malaysia_Open_2026,CHEN Zhi Xian / LIN Yu Chieh,38.0,1793,Christo POPOV / Toma Junior POPOV,20.0,1821
7/1/2026,Round 1,MD,Junaidi ARIFFIN / YAP Roy King Rank 17 Elo 1905 (+21),22-20 / 21-12,CHOI Sol Gyu / GOH V Shem Rank 44 Elo 1813 (-23),38,https://badmintonranks.com/tournament?id=14659,5,Malaysia_Open_2026,Junaidi ARIFFIN / YAP Roy King,17.0,1905,CHOI Sol Gyu / GOH V Shem,44.0,1813
7/1/2026,Round 1,MS,LEONG Jun Hao Rank 28 Elo 2031 (+27),21-17 / 21-17,WANG Zheng Xing Rank 29 Elo 2046 (-27),48,https://badmintonranks.com/tournament?id=14659,5,Malaysia_Open_2026,LEONG Jun Hao,28.0,2031,WANG Zheng Xing,29.0,2046
7/1/2026,Round 1,MS,Koki WATANABE Rank 25 Elo 2114 (+37),16-21 / 21-7 / 21-13,WENG Hong Yang Rank 11 Elo 2275 (-36),56,https://badmintonranks.com/tournament?id=14659,5,Malaysia_Open_2026,Koki WATANABE,25.0,2114,WENG Hong Yang,11.0,2275
7/1/2026,Round 1,XD,Jesper TOFT / Amalie MAGELUND Rank 11 Elo 1897 (+41),21-13 / 17-21 / 21-9,Thom GICQUEL / Delphine DELRUE (5) Rank 5 Elo 2071 (-38),59,https://badmintonranks.com/tournament?id=14659,5,Malaysia_Open_2026,Jesper TOFT / Amalie MAGELUND,11.0,1897,Thom GICQUEL / Delphine DELRUE (5),5.0,2071
7/1/2026,Round 1,WD,HSU Yin-Hui / LIN Jhih Yong Rank 14 Elo 1820 (+16),23-21 / 23-21,Jackie D.. / Crystal LAI Rank 39 Elo 1634 (-25),45,https://badmintonranks.com/tournament?id=14659,6,Malaysia_Open_2026,HSU Yin-Hui / LIN Jhih Yong,14.0,1820,Jackie D.. / Crystal LAI,39.0,1634
7/1/2026,Round 1,MD,Fajar ALFIAN / Muhammad Shohibul FIKRI (6) Rank 6 Elo 2116 (+11),24-26 / 21-4 / 21-8,LEE Fang Jen / LEE Fang Chih Rank 18 Elo 1891 (-12),73,https://badmintonranks.com/tournament?id=14659,6,Malaysia_Open_2026,Fajar ALFIAN / Muhammad Shohibul FIKRI (6),6.0,2116,LEE Fang Jen / LEE Fang Chih,18.0,1891
7/1/2026,Round 1,WD,Febriana Dwipuji KUSUMA / Meilysa Trias PUSPITASARI Rank 60 Elo 1890 (+31),21-9 / 21-23 / 21-19,Treesa JOLLY / GAYATRI GOPICHAND Rank 20 Elo 1915 (-30),66,https://badmintonranks.com/tournament?id=14659,6,Malaysia_Open_2026,Febriana Dwipuji KUSUMA / Meilysa Trias PUSPITASARI,60.0,1890,Treesa JOLLY / GAYATRI GOPICHAND,20.0,1915
7/1/2026,Round 1,MD,Sabar Karyaman GUTAMA / Moh Reza Pahlevi ISFAHANI (8) Rank 8 Elo 2164 (+16),21-18 / 21-9,Raymond INDRA / Nikolaus JOAQUIN Rank 23 Elo 2036 (-17),33,https://badmintonranks.com/tournament?id=14659,6,Malaysia_Open_2026,Sabar Karyaman GUTAMA / Moh Reza Pahlevi ISFAHANI (8),8.0,2164,Raymond INDRA / Nikolaus JOAQUIN,23.0,2036
7/1/2026,Round 1,WD,JIA Yi Fan / ZHANG .. (4) Rank 4 Elo 2342 (+3),21-19 / 21-10,HSU Ya Ching / SUNG Yu Hsuan Rank 18 Elo 1830 (-3),37,https://badmintonranks.com/tournament?id=14659,6,Malaysia_Open_2026,JIA Yi Fan / ZHANG .. (4),4.0,2342,HSU Ya Ching / SUNG Yu Hsuan,18.0,1830
7/1/2026,Round 1,WS,Tomoka MIYAZAKI (8) Rank 9 Elo 2131 (+13),21-19 / 1-2 Ret.,SIM Yu Jin Rank 10 Elo 2227 (-13),24,https://badmintonranks.com/tournament?id=14659,6,Malaysia_Open_2026,Tomoka MIYAZAKI (8),9.0,2131,SIM Yu Jin,10.0,2227
7/1/2026,Round 1,XD,Akira KOGA / Natsu SAITO Rank Elo 1788 (+42),22-20 / 21-23 / 22-20,Yuichi SHIMABUKURO / Sayaka HIROTA Rank 20 Elo 1891 (-37),73,https://badmintonranks.com/tournament?id=14659,6,Malaysia_Open_2026,Akira KOGA / Natsu SAITO,,1788,Yuichi SHIMABUKURO / Sayaka HIROTA,20.0,1891
7/1/2026,Round 1,MS,Kunlavut VITIDSARN (2) Rank 2 Elo 2408 (+6),21-10 / 21-13,WANG Tzu Wei Rank 24 Elo 2048 (-6),48,https://badmintonranks.com/tournament?id=14659,6,Malaysia_Open_2026,Kunlavut VITIDSARN (2),2.0,2408,WANG Tzu Wei,24.0,2048
7/1/2026,Round 1,MD,KANG Min Hyuk / KI Dong Ju Rank 22 Elo 1927 (+15),23-21 / 18-21 / 21-14,HUANG Di / REN Xiang Yu Rank Elo 1760 (-20),81,https://badmintonranks.com/tournament?id=14659,6,Malaysia_Open_2026,KANG Min Hyuk / KI Dong Ju,22.0,1927,HUANG Di / REN Xiang Yu,,1760
7/1/2026,Round 1,MS,Kodai NARAOKA (8) Rank 9 Elo 2248 (+11),21-18 / 21-18,CHI Yu Jen Rank 26 Elo 2030 (-12),70,https://badmintonranks.com/tournament?id=14659,6,Malaysia_Open_2026,Kodai NARAOKA (8),9.0,2248,CHI Yu Jen,26.0,2030
7/1/2026,Round 1,WS,PUSARLA V. Sindhu Rank 18 Elo 2104 (+9),21-13 / 22-20,SUNG Shuo Yun Rank 31 Elo 1832 (-11),51,https://badmintonranks.com/tournament?id=14659,6,Malaysia_Open_2026,PUSARLA V. Sindhu,18.0,2104,SUNG Shuo Yun,31.0,1832
7/1/2026,Round 1,XD,Dechapol PUAVARANUKROH / Supissara PACHARAMONGKOL (3) Rank 3 Elo 2157 (+11),21-16 / 21-18,YE Hong / Nicole Gonzales CHAN Rank 16 Elo 1927 (-12),38,https://badmintonranks.com/tournament?id=14659,6,Malaysia_Open_2026,Dechapol PUAVARANUKROH / Supissara PACHARAMONGKOL (3),3.0,2157,YE Hong / Nicole Gonzales CHAN,16.0,1927
7/1/2026,Round 1,XD,Presley SHIN Jian Da / Jennie GAI Rank 32 Elo 1755 (+46),21-15 / 18-21 / 21-15,Dhruv KAPILA / Tanisha CRASTO Rank 17 Elo 1872 (-38),56,https://badmintonranks.com/tournament?id=14659,6,Malaysia_Open_2026,Presley SHIN Jian Da / Jennie GAI,32.0,1755,Dhruv KAPILA / Tanisha CRASTO,17.0,1872
7/1/2026,Round 1,XD,GOH Soon Huat / LAI Shevon Jemie (8) Rank 9 Elo 1965 (+14),15-21 / 21-19 / 21-14,WU Guan Xun / LEE Chia Hsin Rank 38 Elo 1771 (-17),56,https://badmintonranks.com/tournament?id=14659,6,Malaysia_Open_2026,GOH Soon Huat / LAI Shevon Jemie (8),9.0,1965,WU Guan Xun / LEE Chia Hsin,38.0,1771
7/1/2026,Round 1,MS,LU Guang Zu Rank 16 Elo 2125 (+20),21-17 / 21-15,NG Ka Long Angus Rank 23 Elo 2056 (-21),46,https://badmintonranks.com/tournament?id=14659,6,Malaysia_Open_2026,LU Guang Zu,16.0,2125,NG Ka Long Angus,23.0,2056
6/1/2026,Round 1,WS,CHEN Yu Fei (4) Rank 4 Elo 2563 (+2),10-21 / 21-13 / 21-16,Pitchamon OPATNIPUTH Rank 37 Elo 1926 (-2),64,https://badmintonranks.com/tournament?id=14659,6,Malaysia_Open_2026,CHEN Yu Fei (4),4.0,2563,Pitchamon OPATNIPUTH,37.0,1926
6/1/2026,Round 1,MS,Victor LAI Rank 22 Elo 1992 (+35),16-21 / 23-21 / 21-7,Yushi TANAKA Rank 19 Elo 2100 (-34),73,https://badmintonranks.com/tournament?id=14659,6,Malaysia_Open_2026,Victor LAI,22.0,1992,Yushi TANAKA,19.0,2100
6/1/2026,Round 1,MD,KIM Won Ho / SEO Seung Jae (1) Rank 1 Elo 2455 (+3),21-18 / 21-17,CHEN Bo Yang / LIU Yi Rank 9 Elo 1960 (-3),45,https://badmintonranks.com/tournament?id=14659,6,Malaysia_Open_2026,KIM Won Ho / SEO Seung Jae (1),1.0,2455,CHEN Bo Yang / LIU Yi,9.0,1960
6/1/2026,Round 1,WD,Kaho OSAWA / Mai TANABE Rank 28 Elo 1797 (+26),21-12 / 20-22 / 21-11,CHANG Tak Ching / YANG Ching Tun Rank 15 Elo 1723 (-30),68,https://badmintonranks.com/tournament?id=14659,6,Malaysia_Open_2026,Kaho OSAWA / Mai TANABE,28.0,1797,CHANG Tak Ching / YANG Ching Tun,15.0,1723
6/1/2026,Round 1,WS,Busanan ONGBAMRUNGPHAN Rank 19 Elo 1998 (+34),21-16 / 21-18,Supanida KATETHONG Rank 15 Elo 2100 (-33),38,https://badmintonranks.com/tournament?id=14659,6,Malaysia_Open_2026,Busanan ONGBAMRUNGPHAN,19.0,1998,Supanida KATETHONG,15.0,2100
6/1/2026,Round 1,MD,Ben LANE / Sean VENDY Rank 16 Elo 2032 (+18),16-21 / 21-16 / 21-15,CHOONG Hon Jian / Muhammad Shohibul FIKRI Rank 33 Elo 1923 (-19),69,https://badmintonranks.com/tournament?id=14659,7,Malaysia_Open_2026,Ben LANE / Sean VENDY,16.0,2032,CHOONG Hon Jian / Muhammad Shohibul FIKRI,33.0,1923
6/1/2026,Round 1,MD,Nur Mohd Azriyn Ayub / TAN Wee Kiong Rank 28 Elo 1840 (+30),11-21 / 24-22 / 21-11,ONG Yew Sin / TEO Ee Yi Rank 29 Elo 1841 (-30),52,https://badmintonranks.com/tournament?id=14659,7,Malaysia_Open_2026,Nur Mohd Azriyn Ayub / TAN Wee Kiong,28.0,1840,ONG Yew Sin / TEO Ee Yi,29.0,1841
6/1/2026,Round 1,WD,KIM Hye Rin / KONG Hee Yong (3) Rank 3 Elo 2202 (+3),21-12 / 22-20,Julie MACPHERSON / Ciara TORRANCE Rank 40 Elo 1691 (-4),40,https://badmintonranks.com/tournament?id=14659,7,Malaysia_Open_2026,KIM Hye Rin / KONG Hee Yong (3),3.0,2202,Julie MACPHERSON / Ciara TORRANCE,40.0,1691
6/1/2026,Round 1,WS,Line Højmark KJAERSFELDT Rank 26 Elo 1867 (+28),21-13 / 21-16,HUANG Yu-Hsun Rank 40 Elo 1849 (-28),32,https://badmintonranks.com/tournament?id=14659,7,Malaysia_Open_2026,Line Højmark KJAERSFELDT,26.0,1867,HUANG Yu-Hsun,40.0,1849
6/1/2026,Round 1,MS,Anders ANTONSEN (3) Rank 3 Elo 2381 (+9),21-13 / 14-21 / 21-18,LOH Kean Yew Rank 10 Elo 2113 (-9),67,https://badmintonranks.com/tournament?id=14659,7,Malaysia_Open_2026,Anders ANTONSEN (3),3.0,2381,LOH Kean Yew,10.0,2113
6/1/2026,Round 1,WS,HAN Yue (5) Rank 5 Elo 2383 (+16),21-16 / 21-10,KIM Ga Eun Rank 16 Elo 2239 (-15),34,https://badmintonranks.com/tournament?id=14659,7,Malaysia_Open_2026,HAN Yue (5),5.0,2383,KIM Ga Eun,16.0,2239
6/1/2026,Round 1,WD,HSIEH Pei Lan / HUNG En-Tzu (7) Rank 9 Elo 1849 (+26),21-15 / 21-17,LIN Xiao Min / WANG Yu Qiao Rank 35 Elo 1803 (-27),34,https://badmintonranks.com/tournament?id=14659,7,Malaysia_Open_2026,HSIEH Pei Lan / HUNG En-Tzu (7),9.0,1849,LIN Xiao Min / WANG Yu Qiao,35.0,1803
6/1/2026,Round 1,WD,Ririna HIRAMOTO / Kokona ISHIKAWA Rank 37 Elo 1828 (+24),21-18 / 21-15,LUI Lok Lok / TSANG Hiu Yan Rank 31 Elo 1748 (-28),49,https://badmintonranks.com/tournament?id=14659,7,Malaysia_Open_2026,Ririna HIRAMOTO / Kokona ISHIKAWA,37.0,1828,LUI Lok Lok / TSANG Hiu Yan,31.0,1748
6/1/2026,Round 1,MD,MAN Wei Chong / TEE Kai Wun (5) Rank 5 Elo 2065 (+22),21-17 / 21-18,Kim ASTRUP / Anders Skaarup RASMUSSEN Rank 10 Elo 2010 (-22),42,https://badmintonranks.com/tournament?id=14659,7,Malaysia_Open_2026,MAN Wei Chong / TEE Kai Wun (5),5.0,2065,Kim ASTRUP / Anders Skaarup RASMUSSEN,10.0,2010
6/1/2026,Round 1,MD,Hiroki MIDORIKAWA / Kyohei YAMASHITA Rank 26 Elo 1925 (+18),21-10 / 22-20,Hariharan AMSAKARUNAN / M.R.ARJUN Rank 68 Elo 1792 (-21),38,https://badmintonranks.com/tournament?id=14659,7,Malaysia_Open_2026,Hiroki MIDORIKAWA / Kyohei YAMASHITA,26.0,1925,Hariharan AMSAKARUNAN / M.R.ARJUN,68.0,1792
6/1/2026,Round 1,MS,CHOU Tien Chen (5) Rank 6 Elo 2213 (+22),21-14 / 21-12,LIN Chun-Yi Rank 12 Elo 2165 (-22),40,https://badmintonranks.com/tournament?id=14659,7,Malaysia_Open_2026,CHOU Tien Chen (5),6.0,2213,LIN Chun-Yi,12.0,2165
6/1/2026,Round 1,MS,Ayush SHETTY Rank 32 Elo 2000 (+36),21-12 / 21-17,LEE Zii Jia Rank 144 Elo 2129 (-35),39,https://badmintonranks.com/tournament?id=14659,7,Malaysia_Open_2026,Ayush SHETTY,32.0,2000,LEE Zii Jia,144.0,2129
6/1/2026,Round 1,XD,CHEN Tang Jie / TOH Ee Wei (4) Rank 4 Elo 2207 (+15),21-12 / 21-17,Jafar HIDAYATULLAH / Felisha Alberta SI Rank 10 Elo 2058 (-16),39,https://badmintonranks.com/tournament?id=14659,7,Malaysia_Open_2026,CHEN Tang Jie / TOH Ee Wei (4),4.0,2207,Jafar HIDAYATULLAH / Felisha Alberta SI,10.0,2058
6/1/2026,Round 1,MS,SHI Yu Qi (1) Rank 1 Elo 2566 (+4),23-21 / 21-15,Rasmus GEMKE Rank 27 Elo 2115 (-4),52,https://badmintonranks.com/tournament?id=14659,7,Malaysia_Open_2026,SHI Yu Qi (1),1.0,2566,Rasmus GEMKE,27.0,2115
6/1/2026,Round 1,XD,Marvin SEIDEL / Thuc Phuong NGUYEN Rank 40 Elo 1821 (+22),18-21 / 21-19 / 21-12,YANG Po Hsuan / HU Ling Fang Rank 18 Elo 1710 (-27),52,https://badmintonranks.com/tournament?id=14659,7,Malaysia_Open_2026,Marvin SEIDEL / Thuc Phuong NGUYEN,40.0,1821,YANG Po Hsuan / HU Ling Fang,18.0,1710
6/1/2026,Round 1,MD,GOH Sze Fei / Nur IZZUDDIN (7) Rank 7 Elo 2033 (+18),21-15 / 21-13,Daniel LUNDGAARD / Mads VESTERGAARD Rank 27 Elo 1919 (-19),38,https://badmintonranks.com/tournament?id=14659,7,Malaysia_Open_2026,GOH Sze Fei / Nur IZZUDDIN (7),7.0,2033,Daniel LUNDGAARD / Mads VESTERGAARD,27.0,1919
6/1/2026,Round 1,MS,LEE Cheuk Yiu Rank 18 Elo 2053 (+47),13-21 / 21-19 / 23-21,Christo POPOV (6) Rank 7 Elo 2447 (-46),74,https://badmintonranks.com/tournament?id=14659,7,Malaysia_Open_2026,LEE Cheuk Yiu,18.0,2053,Christo POPOV (6),7.0,2447
6/1/2026,Round 1,WS,Mia BLICHFELDT Rank 20 Elo 2212 (+13),21-15 / 21-23 / 22-20,Natsuki NIDAIRA Rank 28 Elo 2027 (-14),84,https://badmintonranks.com/tournament?id=14659,7,Malaysia_Open_2026,Mia BLICHFELDT,20.0,2212,Natsuki NIDAIRA,28.0,2027
6/1/2026,Round 1,MS,Kenta NISHIMOTO Rank 14 Elo 2113 (+23),21-14 / 14-21 / 21-5,Toma Junior POPOV Rank 15 Elo 2065 (-22),60,https://badmintonranks.com/tournament?id=14659,7,Malaysia_Open_2026,Kenta NISHIMOTO,14.0,2113,Toma Junior POPOV,15.0,2065
6/1/2026,Round 1,XD,GUO Xin Wa / CHEN Fang Hui (6) Rank 6 Elo 2120 (+9),21-16 / 21-10,Alexander DUNN / Julie MACPHERSON Rank 27 Elo 1836 (-10),29,https://badmintonranks.com/tournament?id=14659,7,Malaysia_Open_2026,GUO Xin Wa / CHEN Fang Hui (6),6.0,2120,Alexander DUNN / Julie MACPHERSON,27.0,1836
6/1/2026,Round 1,XD,FENG Yan Zhe / HUANG Dong Ping (1) Rank 1 Elo 2505 (+0),14-2 Ret.,WONG Tien Ci / LIM Chiew Sien Rank 37 Elo 1699 (-0),7,https://badmintonranks.com/tournament?id=14659,8,Malaysia_Open_2026,FENG Yan Zhe / HUANG Dong Ping (1),1.0,2505,WONG Tien Ci / LIM Chiew Sien,37.0,1699
6/1/2026,Round 1,XD,HOO Pang Ron / CHENG Su Yin Rank 21 Elo 1895 (+43),20-22 / 21-18 / 21-17,Mathias THYRRI / Alexandra BOE Rank 12 Elo 2098 (-39),72,https://badmintonranks.com/tournament?id=14659,8,Malaysia_Open_2026,HOO Pang Ron / CHENG Su Yin,21.0,1895,Mathias THYRRI / Alexandra BOE,12.0,2098
6/1/2026,Round 1,MD,Kakeru KUMAGAI / Hiroki NISHI Rank 34 Elo 1897 (+20),21-16 / 21-11,Takumi NOMURA / Yuichi SHIMABUKURO Rank 35 Elo 1791 (-23),32,https://badmintonranks.com/tournament?id=14659,8,Malaysia_Open_2026,Kakeru KUMAGAI / Hiroki NISHI,34.0,1897,Takumi NOMURA / Yuichi SHIMABUKURO,35.0,1791
6/1/2026,Round 1,WS,Ratchanok INTANON (7) Rank 7 Elo 2222 (+5),21-11 / 21-11,Malvika BANSOD Rank 50 Elo 1857 (-6),35,https://badmintonranks.com/tournament?id=14659,8,Malaysia_Open_2026,Ratchanok INTANON (7),7.0,2222,Malvika BANSOD,50.0,1857
6/1/2026,Round 1,MS,Lakshya SEN Rank 13 Elo 2260 (+8),21-16 / 15-21 / 21-14,Jia Heng Jason TEH Rank 21 Elo 1951 (-7),70,https://badmintonranks.com/tournament?id=14659,8,Malaysia_Open_2026,Lakshya SEN,13.0,2260,Jia Heng Jason TEH,21.0,1951
6/1/2026,Round 1,MD,Takuro HOKI / Yugo KOBAYASHI Rank 11 Elo 2179 (+23),18-21 / 21-7 / 21-17,LIANG Wei Keng / WANG Chang (4) Rank 4 Elo 2138 (-22),59,https://badmintonranks.com/tournament?id=14659,8,Malaysia_Open_2026,Takuro HOKI / Yugo KOBAYASHI,11.0,2179,LIANG Wei Keng / WANG Chang (4),4.0,2138
6/1/2026,Round 1,WD,Ornnicha JONGSATHAPORNPARN / Sukitta SUWACHAI Rank 47 Elo 1476 (+143),21-19 / 11-21 / 21-16,YEUNG .. / YEUNG .. (8) Rank 13 Elo 1834 (-54),70,https://badmintonranks.com/tournament?id=14659,8,Malaysia_Open_2026,Ornnicha JONGSATHAPORNPARN / Sukitta SUWACHAI,47.0,1476,YEUNG .. / YEUNG .. (8),13.0,1834
6/1/2026,Round 1,XD,CHENG Chi Ya / ZHANG Chi Rank 14 Elo 1943 (+12),18-21 / 22-20 / 21-15,Hiroki MIDORIKAWA / Nami MATSUYAMA Rank Elo 1713 (-16),64,https://badmintonranks.com/tournament?id=14659,8,Malaysia_Open_2026,CHENG Chi Ya / ZHANG Chi,14.0,1943,Hiroki MIDORIKAWA / Nami MATSUYAMA,,1713
6/1/2026,Round 1,XD,TANG Chun Man / TSE Ying Suet (7) Rank 8 Elo 2100 (+8),21-10 / 21-9,Jimmy WONG / LAI Pei Jing Rank 26 Elo 1812 (-10),34,https://badmintonranks.com/tournament?id=14659,8,Malaysia_Open_2026,TANG Chun Man / TSE Ying Suet (7),8.0,2100,Jimmy WONG / LAI Pei Jing,26.0,1812
6/1/2026,Round 1,WD,LIU Sheng Shu / TAN Ning (1) Rank 1 Elo 2363 (+2),21-8 / 21-16,Francesca CORBETT / Jennie GAI Rank 36 Elo 1788 (-2),36,https://badmintonranks.com/tournament?id=14659,8,Malaysia_Open_2026,LIU Sheng Shu / TAN Ning (1),1.0,2363,Francesca CORBETT / Jennie GAI,36.0,1788
6/1/2026,Round 1,WS,AN Se Young (1) Rank 1 Elo 2817 (+1),19-21 / 21-16 / 21-18,Michelle LI Rank 12 Elo 2192 (-2),75,https://badmintonranks.com/tournament?id=14659,8,Malaysia_Open_2026,AN Se Young (1),1.0,2817,Michelle LI,12.0,2192
6/1/2026,Round 1,WD,Rui HIROKAMI / Sayaka HIROTA Rank 16 Elo 1941 (+16),21-16 / 21-11,ONG Xin Yee / Carmen TING Rank 26 Elo 1776 (-19),44,https://badmintonranks.com/tournament?id=14659,8,Malaysia_Open_2026,Rui HIROKAMI / Sayaka HIROTA,16.0,1941,ONG Xin Yee / Carmen TING,26.0,1776
6/1/2026,Round 1,XD,CHEN Ching Chen / HSU Yin-Hui Rank 28 Elo 1796 (+31),21-19 / 19-21 / 21-17,Mads VESTERGAARD / Christine BUSCH Rank 24 Elo 1773 (-31),63,https://badmintonranks.com/tournament?id=14659,8,Malaysia_Open_2026,CHEN Ching Chen / HSU Yin-Hui,28.0,1796,Mads VESTERGAARD / Christine BUSCH,24.0,1773
6/1/2026,Round 1,WS,Nozomi OKUHARA Rank 30 Elo 2085 (+7),21-12 / 21-14,PAI Yu Po Rank 67 Elo 1750 (-9),33,https://badmintonranks.com/tournament?id=14659,8,Malaysia_Open_2026,Nozomi OKUHARA,30.0,2085,PAI Yu Po,67.0,1750
6/1/2026,Round 1,WD,JEONG Na Eun / LEE Yeon Woo Rank 19 Elo 1927 (+37),21-11 / 21-16,Arisa IGAKI / Chiharu SHIDA Rank 23 Elo 2049 (-35),44,https://badmintonranks.com/tournament?id=14659,8,Malaysia_Open_2026,JEONG Na Eun / LEE Yeon Woo,19.0,1927,Arisa IGAKI / Chiharu SHIDA,23.0,2049
12/1/2025,Final,MD,KIM Won Ho / SEO Seung Jae Rank Elo 1851 (+50),19-21 / 21-12 / 21-12,CHEN Bo Yang / LIU Yi Rank 18 Elo 2061 (-44),64,https://badmintonranks.com/tournament?id=14377,1,Malaysia_Open_2025,KIM Won Ho / SEO Seung Jae,,1851,CHEN Bo Yang / LIU Yi,18.0,2061
12/1/2025,Final,MS,SHI Yu Qi (1) Rank 1 Elo 2507 (+22),21-8 / 21-15,Anders ANTONSEN (2) Rank 2 Elo 2442 (-23),39,https://badmintonranks.com/tournament?id=14377,1,Malaysia_Open_2025,SHI Yu Qi (1),1.0,2507,Anders ANTONSEN (2),2.0,2442
12/1/2025,Final,XD,Dechapol PUAVARANUKROH / Supissara PACHARAMONGKOL Rank 57 Elo 2117 (+49),21-13 / 19-21 / 21-18,FENG Yan Zhe / HUANG Dong Ping (1) Rank 1 Elo 2458 (-48),80,https://badmintonranks.com/tournament?id=14377,1,Malaysia_Open_2025,Dechapol PUAVARANUKROH / Supissara PACHARAMONGKOL,57.0,2117,FENG Yan Zhe / HUANG Dong Ping (1),1.0,2458
12/1/2025,Final,WS,AN Se Young (1) Rank 1 Elo 2614 (+18),21-17 / 21-7,WANG Zhi Yi (2) Rank 2 Elo 2492 (-18),45,https://badmintonranks.com/tournament?id=14377,1,Malaysia_Open_2025,AN Se Young (1),1.0,2614,WANG Zhi Yi (2),2.0,2492
12/1/2025,Final,WD,Yuki FUKUSHIMA / Mayu MATSUMOTO Rank 93 Elo 2081 (+29),17-21 / 21-15 / 21-15,JIA Yi Fan / ZHANG Shu Xian Rank 129 Elo 2089 (-29),95,https://badmintonranks.com/tournament?id=14377,1,Malaysia_Open_2025,Yuki FUKUSHIMA / Mayu MATSUMOTO,93.0,2081,JIA Yi Fan / ZHANG Shu Xian,129.0,2089
11/1/2025,Semi final,MS,Anders ANTONSEN (2) Rank 2 Elo 2424 (+18),21-14 / 21-14,Kodai NARAOKA (8) Rank 8 Elo 2300 (-18),57,https://badmintonranks.com/tournament?id=14377,1,Malaysia_Open_2025,Anders ANTONSEN (2),2.0,2424,Kodai NARAOKA (8),8.0,2300
11/1/2025,Semi final,MD,CHEN Bo Yang / LIU Yi Rank 18 Elo 2031 (+30),24-26 / 21-16 / 21-15,MAN Wei Chong / TEE Kai Wun Rank 14 Elo 2051 (-30),77,https://badmintonranks.com/tournament?id=14377,1,Malaysia_Open_2025,CHEN Bo Yang / LIU Yi,18.0,2031,MAN Wei Chong / TEE Kai Wun,14.0,2051
11/1/2025,Semi final,XD,FENG Yan Zhe / HUANG Dong Ping (1) Rank 1 Elo 2447 (+11),21-19 / 21-14,CHEN Tang Jie / TOH Ee Wei (3) Rank 5 Elo 2223 (-12),50,https://badmintonranks.com/tournament?id=14377,1,Malaysia_Open_2025,FENG Yan Zhe / HUANG Dong Ping (1),1.0,2447,CHEN Tang Jie / TOH Ee Wei (3),5.0,2223
11/1/2025,Semi final,MS,SHI Yu Qi (1) Rank 1 Elo 2492 (+15),16-21 / 21-5 / 21-12,LI Shi Feng (7) Rank 7 Elo 2329 (-15),65,https://badmintonranks.com/tournament?id=14377,1,Malaysia_Open_2025,SHI Yu Qi (1),1.0,2492,LI Shi Feng (7),7.0,2329
11/1/2025,Semi final,MD,KIM Won Ho / SEO Seung Jae Rank Elo 1787 (+64),21-10 / 21-15,Satwiksairaj RANKIREDDY / Chirag SHETTY (7) Rank 9 Elo 2213 (-49),40,https://badmintonranks.com/tournament?id=14377,1,Malaysia_Open_2025,KIM Won Ho / SEO Seung Jae,,1787,Satwiksairaj RANKIREDDY / Chirag SHETTY (7),9.0,2213
11/1/2025,Semi final,XD,Dechapol PUAVARANUKROH / Supissara PACHARAMONGKOL Rank 57 Elo 2089 (+28),17-21 / 21-12 / 21-16,GOH Soon Huat / LAI Shevon Jemie (4) Rank 6 Elo 2094 (-28),63,https://badmintonranks.com/tournament?id=14377,1,Malaysia_Open_2025,Dechapol PUAVARANUKROH / Supissara PACHARAMONGKOL,57.0,2089,GOH Soon Huat / LAI Shevon Jemie (4),6.0,2094
11/1/2025,Semi final,WD,JIA Yi Fan / ZHANG Shu Xian Rank 129 Elo 2040 (+49),19-21 / 21-16 / 21-17,LIU Sheng Shu / TAN Ning (1) Rank 1 Elo 2385 (-47),91,https://badmintonranks.com/tournament?id=14377,1,Malaysia_Open_2025,JIA Yi Fan / ZHANG Shu Xian,129.0,2040,LIU Sheng Shu / TAN Ning (1),1.0,2385
11/1/2025,Semi final,WS,WANG Zhi Yi (2) Rank 2 Elo 2490 (+2),21-16 / 21-12,Pornpicha CHOEIKEEWONG Rank 44 Elo 1940 (-2),39,https://badmintonranks.com/tournament?id=14377,1,Malaysia_Open_2025,WANG Zhi Yi (2),2.0,2490,Pornpicha CHOEIKEEWONG,44.0,1940
11/1/2025,Semi final,WD,Yuki FUKUSHIMA / Mayu MATSUMOTO Rank 93 Elo 2046 (+35),21-13 / 23-21,LI Yi jing / LUO Xu Min (4) Rank 7 Elo 2140 (-34),61,https://badmintonranks.com/tournament?id=14377,1,Malaysia_Open_2025,Yuki FUKUSHIMA / Mayu MATSUMOTO,93.0,2046,LI Yi jing / LUO Xu Min (4),7.0,2140
11/1/2025,Semi final,WS,AN Se Young (1) Rank 1 Elo 2608 (+6),21-14 / 21-18,Ratchanok INTANON Rank 16 Elo 2227 (-6),50,https://badmintonranks.com/tournament?id=14377,1,Malaysia_Open_2025,AN Se Young (1),1.0,2608,Ratchanok INTANON,16.0,2227
10/1/2025,Quarter final,MS,Anders ANTONSEN (2) Rank 2 Elo 2401 (+23),21-15 / 21-13,Kunlavut VITIDSARN (5) Rank 5 Elo 2357 (-23),49,https://badmintonranks.com/tournament?id=14377,1,Malaysia_Open_2025,Anders ANTONSEN (2),2.0,2401,Kunlavut VITIDSARN (5),5.0,2357
10/1/2025,Quarter final,MD,Satwiksairaj RANKIREDDY / Chirag SHETTY (7) Rank 9 Elo 2203 (+10),26-24 / 21-15,ONG Yew Sin / TEO Ee Yi Rank 24 Elo 1957 (-11),50,https://badmintonranks.com/tournament?id=14377,1,Malaysia_Open_2025,Satwiksairaj RANKIREDDY / Chirag SHETTY (7),9.0,2203,ONG Yew Sin / TEO Ee Yi,24.0,1957
10/1/2025,Quarter final,MS,Kodai NARAOKA (8) Rank 8 Elo 2279 (+21),21-18 / 21-15,NG Ka Long Angus Rank 17 Elo 2211 (-21),61,https://badmintonranks.com/tournament?id=14377,1,Malaysia_Open_2025,Kodai NARAOKA (8),8.0,2279,NG Ka Long Angus,17.0,2211
10/1/2025,Quarter final,MD,MAN Wei Chong / TEE Kai Wun Rank 14 Elo 2038 (+13),21-15 / 21-11,Christo POPOV / Toma Junior POPOV Rank 29 Elo 1831 (-15),31,https://badmintonranks.com/tournament?id=14377,1,Malaysia_Open_2025,MAN Wei Chong / TEE Kai Wun,14.0,2038,Christo POPOV / Toma Junior POPOV,29.0,1831
10/1/2025,Quarter final,MD,KIM Won Ho / SEO Seung Jae Rank Elo 1731 (+56),21-11 / 21-7,LEE Fang Jen / LEE Fang Chih Rank 27 Elo 1891 (-42),30,https://badmintonranks.com/tournament?id=14377,1,Malaysia_Open_2025,KIM Won Ho / SEO Seung Jae,,1731,LEE Fang Jen / LEE Fang Chih,27.0,1891
10/1/2025,Quarter final,XD,CHEN Tang Jie / TOH Ee Wei (3) Rank 5 Elo 2211 (+12),21-11 / 21-18,Hiroki MIDORIKAWA / Natsu SAITO Rank 14 Elo 1987 (-12),36,https://badmintonranks.com/tournament?id=14377,2,Malaysia_Open_2025,CHEN Tang Jie / TOH Ee Wei (3),5.0,2211,Hiroki MIDORIKAWA / Natsu SAITO,14.0,1987
10/1/2025,Quarter final,WD,JIA Yi Fan / ZHANG Shu Xian Rank 129 Elo 2021 (+19),21-12 / 21-11,Lanny Tria MAYASARI / Siti Fadia Silva RAMADHANTI Rank 80 Elo 1910 (-20),36,https://badmintonranks.com/tournament?id=14377,2,Malaysia_Open_2025,JIA Yi Fan / ZHANG Shu Xian,129.0,2021,Lanny Tria MAYASARI / Siti Fadia Silva RAMADHANTI,80.0,1910
10/1/2025,Quarter final,WD,LIU Sheng Shu / TAN Ning (1) Rank 1 Elo 2381 (+4),21-11 / 21-8,HSIEH Pei Lan / HUNG En-Tzu Rank 25 Elo 1925 (-4),30,https://badmintonranks.com/tournament?id=14377,2,Malaysia_Open_2025,LIU Sheng Shu / TAN Ning (1),1.0,2381,HSIEH Pei Lan / HUNG En-Tzu,25.0,1925
10/1/2025,Quarter final,MS,SHI Yu Qi (1) Rank 1 Elo 2481 (+11),21-16 / 19-21 / 21-17,CHOU Tien Chen Rank 9 Elo 2248 (-11),76,https://badmintonranks.com/tournament?id=14377,2,Malaysia_Open_2025,SHI Yu Qi (1),1.0,2481,CHOU Tien Chen,9.0,2248
10/1/2025,Quarter final,MS,LI Shi Feng (7) Rank 7 Elo 2317 (+12),14-21 / 21-13 / 21-7,CHI Yu Jen Rank 32 Elo 2104 (-12),65,https://badmintonranks.com/tournament?id=14377,2,Malaysia_Open_2025,LI Shi Feng (7),7.0,2317,CHI Yu Jen,32.0,2104
10/1/2025,Quarter final,MD,CHEN Bo Yang / LIU Yi Rank 18 Elo 1999 (+32),21-17 / 21-17,Ben LANE / Sean VENDY Rank 13 Elo 2057 (-31),43,https://badmintonranks.com/tournament?id=14377,2,Malaysia_Open_2025,CHEN Bo Yang / LIU Yi,18.0,1999,Ben LANE / Sean VENDY,13.0,2057
10/1/2025,Quarter final,WS,Pornpicha CHOEIKEEWONG Rank 44 Elo 1885 (+55),18-21 / 21-13 / 21-19,HAN Yue (3) Rank 5 Elo 2325 (-49),52,https://badmintonranks.com/tournament?id=14377,2,Malaysia_Open_2025,Pornpicha CHOEIKEEWONG,44.0,1885,HAN Yue (3),5.0,2325
10/1/2025,Quarter final,XD,FENG Yan Zhe / HUANG Dong Ping (1) Rank 1 Elo 2444 (+3),21-19 / 21-14,YANG Po Hsuan / HU Ling Fang (6) Rank 10 Elo 1942 (-3),36,https://badmintonranks.com/tournament?id=14377,2,Malaysia_Open_2025,FENG Yan Zhe / HUANG Dong Ping (1),1.0,2444,YANG Po Hsuan / HU Ling Fang (6),10.0,1942
10/1/2025,Quarter final,XD,GOH Soon Huat / LAI Shevon Jemie (4) Rank 6 Elo 2070 (+24),21-15 / 22-20,CHENG Chi Ya / ZHANG .. (7) Rank 11 Elo 2020 (-23),47,https://badmintonranks.com/tournament?id=14377,2,Malaysia_Open_2025,GOH Soon Huat / LAI Shevon Jemie (4),6.0,2070,CHENG Chi Ya / ZHANG .. (7),11.0,2020
10/1/2025,Quarter final,WD,LI Yi jing / LUO Xu Min (4) Rank 7 Elo 2131 (+9),21-16 / 21-16,Misaki MATSUTOMO / Chiharu SHIDA Rank Elo 1861 (-10),52,https://badmintonranks.com/tournament?id=14377,2,Malaysia_Open_2025,LI Yi jing / LUO Xu Min (4),7.0,2131,Misaki MATSUTOMO / Chiharu SHIDA,,1861
10/1/2025,Quarter final,XD,Dechapol PUAVARANUKROH / Supissara PACHARAMONGKOL Rank 57 Elo 2059 (+30),21-12 / 14-21 / 21-7,Thom GICQUEL / Delphine DELRUE Rank 15 Elo 2096 (-30),54,https://badmintonranks.com/tournament?id=14377,2,Malaysia_Open_2025,Dechapol PUAVARANUKROH / Supissara PACHARAMONGKOL,57.0,2059,Thom GICQUEL / Delphine DELRUE,15.0,2096
10/1/2025,Quarter final,WS,Ratchanok INTANON Rank 16 Elo 2203 (+24),21-13 / 15-21 / 21-16,Putri Kusuma WARDANI Rank 17 Elo 2167 (-24),68,https://badmintonranks.com/tournament?id=14377,2,Malaysia_Open_2025,Ratchanok INTANON,16.0,2203,Putri Kusuma WARDANI,17.0,2167
10/1/2025,Quarter final,WS,WANG Zhi Yi (2) Rank 2 Elo 2482 (+8),22-20 / 21-16,YEO Jia Min (7) Rank 12 Elo 2182 (-8),46,https://badmintonranks.com/tournament?id=14377,2,Malaysia_Open_2025,WANG Zhi Yi (2),2.0,2482,YEO Jia Min (7),12.0,2182
10/1/2025,Quarter final,WD,Yuki FUKUSHIMA / Mayu MATSUMOTO Rank 93 Elo 1998 (+48),21-14 / 21-18,BAEK Ha Na / LEE So Hee (2) Rank 2 Elo 2316 (-45),61,https://badmintonranks.com/tournament?id=14377,2,Malaysia_Open_2025,Yuki FUKUSHIMA / Mayu MATSUMOTO,93.0,1998,BAEK Ha Na / LEE So Hee (2),2.0,2316
10/1/2025,Quarter final,WS,AN Se Young (1) Rank 1 Elo 2608 (+0),21-11 Ret.,ZHANG Beiwen Rank 15 Elo 2125 (-0),16,https://badmintonranks.com/tournament?id=14377,2,Malaysia_Open_2025,AN Se Young (1),1.0,2608,ZHANG Beiwen,15.0,2125
9/1/2025,Round 2,WS,HAN Yue (3) Rank 5 Elo 2320 (+5),21-18 / 21-11,Malvika BANSOD Rank 31 Elo 1938 (-6),37,https://badmintonranks.com/tournament?id=14377,2,Malaysia_Open_2025,HAN Yue (3),5.0,2320,Malvika BANSOD,31.0,1938
9/1/2025,Round 2,MS,CHOU Tien Chen Rank 9 Elo 2236 (+12),21-9 / 22-24 / 21-18,Yushi TANAKA Rank 27 Elo 2046 (-13),66,https://badmintonranks.com/tournament?id=14377,2,Malaysia_Open_2025,CHOU Tien Chen,9.0,2236,Yushi TANAKA,27.0,2046
9/1/2025,Round 2,MD,Satwiksairaj RANKIREDDY / Chirag SHETTY (7) Rank 9 Elo 2194 (+9),21-15 / 21-15,Nur Mohd Azriyn Ayub / TAN Wee Kiong Rank 32 Elo 1919 (-9),43,https://badmintonranks.com/tournament?id=14377,2,Malaysia_Open_2025,Satwiksairaj RANKIREDDY / Chirag SHETTY (7),9.0,2194,Nur Mohd Azriyn Ayub / TAN Wee Kiong,32.0,1919
9/1/2025,Round 2,WD,HSIEH Pei Lan / HUNG En-Tzu Rank 25 Elo 1907 (+18),20-22 / 21-14 / 21-17,CHANG Tak Ching / YANG Ching Tun Rank 23 Elo 1771 (-21),67,https://badmintonranks.com/tournament?id=14377,2,Malaysia_Open_2025,HSIEH Pei Lan / HUNG En-Tzu,25.0,1907,CHANG Tak Ching / YANG Ching Tun,23.0,1771
9/1/2025,Round 2,MD,Christo POPOV / Toma Junior POPOV Rank 29 Elo 1789 (+42),7-21 / 26-24 / 21-13,Daniel LUNDGAARD / Mads VESTERGAARD Rank 26 Elo 1885 (-36),62,https://badmintonranks.com/tournament?id=14377,2,Malaysia_Open_2025,Christo POPOV / Toma Junior POPOV,29.0,1789,Daniel LUNDGAARD / Mads VESTERGAARD,26.0,1885
9/1/2025,Round 2,WD,LIU Sheng Shu / TAN Ning (1) Rank 1 Elo 2381 (+0),21-6 / 21-5,Vivian HO / LIM Chiew Sien Rank 43 Elo 1582 (-1),30,https://badmintonranks.com/tournament?id=14377,3,Malaysia_Open_2025,LIU Sheng Shu / TAN Ning (1),1.0,2381,Vivian HO / LIM Chiew Sien,43.0,1582
9/1/2025,Round 2,MD,LEE Fang Jen / LEE Fang Chih Rank 27 Elo 1839 (+52),21-14 / 21-18,Aaron CHIA / SOH Wooi Yik (5) Rank 6 Elo 2152 (-44),47,https://badmintonranks.com/tournament?id=14377,3,Malaysia_Open_2025,LEE Fang Jen / LEE Fang Chih,27.0,1839,Aaron CHIA / SOH Wooi Yik (5),6.0,2152
9/1/2025,Round 2,WD,Misaki MATSUTOMO / Chiharu SHIDA Rank Elo 1834 (+27),21-16 / 21-13,SUNG Shuo Yun / YU Chien Hui Rank 22 Elo 1795 (-29),41,https://badmintonranks.com/tournament?id=14377,3,Malaysia_Open_2025,Misaki MATSUTOMO / Chiharu SHIDA,,1834,SUNG Shuo Yun / YU Chien Hui,22.0,1795
9/1/2025,Round 2,WD,Lanny Tria MAYASARI / Siti Fadia Silva RAMADHANTI Rank 80 Elo 1886 (+24),17-21 / 22-20 / 21-18,HSU Yin-Hui / LIN Jhih Yong Rank 26 Elo 1831 (-26),66,https://badmintonranks.com/tournament?id=14377,3,Malaysia_Open_2025,Lanny Tria MAYASARI / Siti Fadia Silva RAMADHANTI,80.0,1886,HSU Yin-Hui / LIN Jhih Yong,26.0,1831
9/1/2025,Round 2,MD,MAN Wei Chong / TEE Kai Wun Rank 14 Elo 2015 (+23),21-15 / 21-13,LEE Jhe-Huei / YANG Po Hsuan (8) Rank 10 Elo 1966 (-23),31,https://badmintonranks.com/tournament?id=14377,3,Malaysia_Open_2025,MAN Wei Chong / TEE Kai Wun,14.0,2015,LEE Jhe-Huei / YANG Po Hsuan (8),10.0,1966
9/1/2025,Round 2,XD,GOH Soon Huat / LAI Shevon Jemie (4) Rank 6 Elo 2064 (+6),21-10 / 21-17,Sathish Kumar KARUNAKARAN / Aadya VARIYATH Rank 34 Elo 1727 (-10),32,https://badmintonranks.com/tournament?id=14377,3,Malaysia_Open_2025,GOH Soon Huat / LAI Shevon Jemie (4),6.0,2064,Sathish Kumar KARUNAKARAN / Aadya VARIYATH,34.0,1727
9/1/2025,Round 2,WS,Pornpicha CHOEIKEEWONG Rank 44 Elo 1847 (+38),19-21 / 21-16 / 21-17,LIN Hsiang Ti Rank 37 Elo 1939 (-34),68,https://badmintonranks.com/tournament?id=14377,3,Malaysia_Open_2025,Pornpicha CHOEIKEEWONG,44.0,1847,LIN Hsiang Ti,37.0,1939
9/1/2025,Round 2,MD,Ben LANE / Sean VENDY Rank 13 Elo 2026 (+31),21-16 / 21-14,Sabar Karyaman GUTAMA / Moh Reza Pahlevi ISFAHANI Rank 11 Elo 2094 (-31),40,https://badmintonranks.com/tournament?id=14377,3,Malaysia_Open_2025,Ben LANE / Sean VENDY,13.0,2026,Sabar Karyaman GUTAMA / Moh Reza Pahlevi ISFAHANI,11.0,2094
9/1/2025,Round 2,WD,BAEK Ha Na / LEE So Hee (2) Rank 2 Elo 2314 (+2),21-14 / 21-10,HU Ling Fang / JHENG Yu Chieh Rank 57 Elo 1760 (-3),32,https://badmintonranks.com/tournament?id=14377,3,Malaysia_Open_2025,BAEK Ha Na / LEE So Hee (2),2.0,2314,HU Ling Fang / JHENG Yu Chieh,57.0,1760
9/1/2025,Round 2,MS,Anders ANTONSEN (2) Rank 2 Elo 2385 (+16),21-23 / 21-18 / 21-14,Koki WATANABE Rank 11 Elo 2258 (-16),81,https://badmintonranks.com/tournament?id=14377,3,Malaysia_Open_2025,Anders ANTONSEN (2),2.0,2385,Koki WATANABE,11.0,2258
9/1/2025,Round 2,WS,ZHANG Beiwen Rank 15 Elo 2099 (+26),21-14 / 21-18,Mia BLICHFELDT Rank 27 Elo 2102 (-26),36,https://badmintonranks.com/tournament?id=14377,3,Malaysia_Open_2025,ZHANG Beiwen,15.0,2099,Mia BLICHFELDT,27.0,2102
9/1/2025,Round 2,MS,SHI Yu Qi (1) Rank 1 Elo 2470 (+11),21-18 / 21-16,LU Guang Zu Rank 16 Elo 2242 (-10),45,https://badmintonranks.com/tournament?id=14377,3,Malaysia_Open_2025,SHI Yu Qi (1),1.0,2470,LU Guang Zu,16.0,2242
9/1/2025,Round 2,MD,ONG Yew Sin / TEO Ee Yi Rank 24 Elo 1934 (+23),23-21 / 16-21 / 21-18,JIN Yong / KANG Min Hyuk Rank Elo 1885 (-25),69,https://badmintonranks.com/tournament?id=14377,3,Malaysia_Open_2025,ONG Yew Sin / TEO Ee Yi,24.0,1934,JIN Yong / KANG Min Hyuk,,1885
9/1/2025,Round 2,WS,Putri Kusuma WARDANI Rank 17 Elo 2157 (+10),21-16 / 21-12,Julie Dawall JAKOBSEN Rank 36 Elo 1917 (-11),30,https://badmintonranks.com/tournament?id=14377,3,Malaysia_Open_2025,Putri Kusuma WARDANI,17.0,2157,Julie Dawall JAKOBSEN,36.0,1917
9/1/2025,Round 2,MS,LI Shi Feng (7) Rank 7 Elo 2307 (+10),21-8 / 15-21 / 23-21,PRANNOY H. S. Rank 26 Elo 2077 (-11),82,https://badmintonranks.com/tournament?id=14377,3,Malaysia_Open_2025,LI Shi Feng (7),7.0,2307,PRANNOY H. S.,26.0,2077
9/1/2025,Round 2,WS,Ratchanok INTANON Rank 16 Elo 2172 (+31),21-17 / 21-14,Pornpawee CHOCHUWONG (8) Rank 13 Elo 2251 (-31),37,https://badmintonranks.com/tournament?id=14377,3,Malaysia_Open_2025,Ratchanok INTANON,16.0,2172,Pornpawee CHOCHUWONG (8),13.0,2251
9/1/2025,Round 2,WD,Yuki FUKUSHIMA / Mayu MATSUMOTO Rank 93 Elo 1978 (+20),21-19 / 21-17,KIM Hye Rin / KONG Hee Yong Rank 65 Elo 1888 (-22),59,https://badmintonranks.com/tournament?id=14377,3,Malaysia_Open_2025,Yuki FUKUSHIMA / Mayu MATSUMOTO,93.0,1978,KIM Hye Rin / KONG Hee Yong,65.0,1888
9/1/2025,Round 2,WS,AN Se Young (1) Rank 1 Elo 2606 (+2),21-15 / 21-15,NGUYEN Thuy Linh Rank 34 Elo 1987 (-2),38,https://badmintonranks.com/tournament?id=14377,3,Malaysia_Open_2025,AN Se Young (1),1.0,2606,NGUYEN Thuy Linh,34.0,1987
9/1/2025,Round 2,XD,CHEN Tang Jie / TOH Ee Wei (3) Rank 5 Elo 2207 (+4),21-8 / 21-14,LU Ming Yang / HUNG En-Tzu Rank 51 Elo 1764 (-5),30,https://badmintonranks.com/tournament?id=14377,3,Malaysia_Open_2025,CHEN Tang Jie / TOH Ee Wei (3),5.0,2207,LU Ming Yang / HUNG En-Tzu,51.0,1764
9/1/2025,Round 2,WD,JIA Yi Fan / ZHANG Shu Xian Rank 129 Elo 1997 (+24),15-21 / 21-18 / 21-19,Treesa JOLLY / GAYATRI GOPICHAND (6) Rank 11 Elo 1959 (-24),82,https://badmintonranks.com/tournament?id=14377,3,Malaysia_Open_2025,JIA Yi Fan / ZHANG Shu Xian,129.0,1997,Treesa JOLLY / GAYATRI GOPICHAND (6),11.0,1959
9/1/2025,Round 2,WS,WANG Zhi Yi (2) Rank 2 Elo 2480 (+2),21-17 / 21-13,CHIU Pin-Chian Rank 32 Elo 1907 (-2),40,https://badmintonranks.com/tournament?id=14377,4,Malaysia_Open_2025,WANG Zhi Yi (2),2.0,2480,CHIU Pin-Chian,32.0,1907
9/1/2025,Round 2,MS,Kunlavut VITIDSARN (5) Rank 5 Elo 2341 (+16),21-7 / 21-10,Anthony Sinisuka GINTING Rank 10 Elo 2201 (-16),42,https://badmintonranks.com/tournament?id=14377,4,Malaysia_Open_2025,Kunlavut VITIDSARN (5),5.0,2341,Anthony Sinisuka GINTING,10.0,2201
9/1/2025,Round 2,MS,Kodai NARAOKA (8) Rank 8 Elo 2256 (+23),21-14 / 21-14,LIN Chun-Yi Rank 14 Elo 2213 (-22),43,https://badmintonranks.com/tournament?id=14377,4,Malaysia_Open_2025,Kodai NARAOKA (8),8.0,2256,LIN Chun-Yi,14.0,2213
9/1/2025,Round 2,MS,CHI Yu Jen Rank 32 Elo 2073 (+31),15-21 / 21-14 / 21-12,LEE Cheuk Yiu Rank 21 Elo 2139 (-31),57,https://badmintonranks.com/tournament?id=14377,4,Malaysia_Open_2025,CHI Yu Jen,32.0,2073,LEE Cheuk Yiu,21.0,2139
9/1/2025,Round 2,WD,LI Yi jing / LUO Xu Min (4) Rank 7 Elo 2116 (+15),11-21 / 21-16 / 21-7,Benyapa AIMSAARD / Nuntakarn AIMSAARD Rank 18 Elo 1960 (-15),60,https://badmintonranks.com/tournament?id=14377,4,Malaysia_Open_2025,LI Yi jing / LUO Xu Min (4),7.0,2116,Benyapa AIMSAARD / Nuntakarn AIMSAARD,18.0,1960
9/1/2025,Round 2,XD,YANG Po Hsuan / HU Ling Fang (6) Rank 10 Elo 1928 (+14),16-21 / 21-9 / 24-22,Callum HEMMING / Estelle VAN ZANDT Rank 35 Elo 1753 (-19),57,https://badmintonranks.com/tournament?id=14377,4,Malaysia_Open_2025,YANG Po Hsuan / HU Ling Fang (6),10.0,1928,Callum HEMMING / Estelle VAN ZANDT,35.0,1753
9/1/2025,Round 2,XD,Thom GICQUEL / Delphine DELRUE Rank 15 Elo 2071 (+25),18-21 / 21-12 / 22-20,GUO Xin Wa / CHEN Fang Hui (8) Rank 12 Elo 2061 (-25),77,https://badmintonranks.com/tournament?id=14377,4,Malaysia_Open_2025,Thom GICQUEL / Delphine DELRUE,15.0,2071,GUO Xin Wa / CHEN Fang Hui (8),12.0,2061
9/1/2025,Round 2,MD,KIM Won Ho / SEO Seung Jae Rank Elo 1635 (+96),21-17 / 21-16,LIANG Wei Keng / WANG Chang (2) Rank 2 Elo 2270 (-50),39,https://badmintonranks.com/tournament?id=14377,4,Malaysia_Open_2025,KIM Won Ho / SEO Seung Jae,,1635,LIANG Wei Keng / WANG Chang (2),2.0,2270
9/1/2025,Round 2,XD,Dechapol PUAVARANUKROH / Supissara PACHARAMONGKOL Rank 57 Elo 2013 (+46),21-14 / 21-19,JIANG Zhen Bang / WEI Ya Xin (2) Rank 2 Elo 2346 (-44),32,https://badmintonranks.com/tournament?id=14377,4,Malaysia_Open_2025,Dechapol PUAVARANUKROH / Supissara PACHARAMONGKOL,57.0,2013,JIANG Zhen Bang / WEI Ya Xin (2),2.0,2346
9/1/2025,Round 2,WS,YEO Jia Min (7) Rank 12 Elo 2148 (+34),21-14 / 21-10,GAO Fang jie Rank 18 Elo 2271 (-33),33,https://badmintonranks.com/tournament?id=14377,4,Malaysia_Open_2025,YEO Jia Min (7),12.0,2148,GAO Fang jie,18.0,2271
9/1/2025,Round 2,XD,FENG Yan Zhe / HUANG Dong Ping (1) Rank 1 Elo 2443 (+1),21-11 / 21-10,Alexander DUNN / Julie MACPHERSON Rank 50 Elo 1752 (-1),34,https://badmintonranks.com/tournament?id=14377,4,Malaysia_Open_2025,FENG Yan Zhe / HUANG Dong Ping (1),1.0,2443,Alexander DUNN / Julie MACPHERSON,50.0,1752
9/1/2025,Round 2,MS,NG Ka Long Angus Rank 17 Elo 2190 (+21),23-21 / 10-21 / 21-17,Toma Junior POPOV Rank 19 Elo 2136 (-22),84,https://badmintonranks.com/tournament?id=14377,4,Malaysia_Open_2025,NG Ka Long Angus,17.0,2190,Toma Junior POPOV,19.0,2136
9/1/2025,Round 2,XD,CHENG Chi Ya / ZHANG .. (7) Rank 11 Elo 2006 (+14),21-13 / 22-20,Dhruv KAPILA / Tanisha CRASTO Rank 69 Elo 1833 (-16),44,https://badmintonranks.com/tournament?id=14377,4,Malaysia_Open_2025,CHENG Chi Ya / ZHANG .. (7),11.0,2006,Dhruv KAPILA / Tanisha CRASTO,69.0,1833
9/1/2025,Round 2,MD,CHEN Bo Yang / LIU Yi Rank 18 Elo 1969 (+30),21-17 / 16-21 / 21-15,CHIU Hsiang Chieh / WANG Chang Rank 35 Elo 2008 (-30),59,https://badmintonranks.com/tournament?id=14377,4,Malaysia_Open_2025,CHEN Bo Yang / LIU Yi,18.0,1969,CHIU Hsiang Chieh / WANG Chang,35.0,2008
9/1/2025,Round 2,XD,Hiroki MIDORIKAWA / Natsu SAITO Rank 14 Elo 1958 (+29),21-17 / 21-17,Dejan FERDINANSYAH / Gloria Emanuelle WIDJAJA (5) Rank 8 Elo 1991 (-29),42,https://badmintonranks.com/tournament?id=14377,4,Malaysia_Open_2025,Hiroki MIDORIKAWA / Natsu SAITO,14.0,1958,Dejan FERDINANSYAH / Gloria Emanuelle WIDJAJA (5),8.0,1991
8/1/2025,Round 1,WD,HU Ling Fang / JHENG Yu Chieh Rank 57 Elo 1744 (+16),14-21 / 17-18 Ret.,Setyana MAPASA / Sara THYGESEN Rank Elo 1781 (-15),40,https://badmintonranks.com/tournament?id=14377,4,Malaysia_Open_2025,HU Ling Fang / JHENG Yu Chieh,57.0,1744,Setyana MAPASA / Sara THYGESEN,,1781
8/1/2025,Round 1,MD,Nur Mohd Azriyn Ayub / TAN Wee Kiong Rank 32 Elo 1904 (+15),21-15 / 12-21 / 21-18,XIE Hao Nan / ZENG Wei Han Rank 40 Elo 1734 (-20),60,https://badmintonranks.com/tournament?id=14377,4,Malaysia_Open_2025,Nur Mohd Azriyn Ayub / TAN Wee Kiong,32.0,1904,XIE Hao Nan / ZENG Wei Han,40.0,1734
8/1/2025,Round 1,WS,Julie Dawall JAKOBSEN Rank 36 Elo 1904 (+13),21-14 / 21-12,AAKARSHI KASHYAP Rank 46 Elo 1691 (-19),36,https://badmintonranks.com/tournament?id=14377,4,Malaysia_Open_2025,Julie Dawall JAKOBSEN,36.0,1904,AAKARSHI KASHYAP,46.0,1691
8/1/2025,Round 1,MD,Satwiksairaj RANKIREDDY / Chirag SHETTY (7) Rank 9 Elo 2191 (+3),21-10 / 16-21 / 21-5,LU Ming Yang / TANG Kai .. Rank 43 Elo 1705 (-5),56,https://badmintonranks.com/tournament?id=14377,4,Malaysia_Open_2025,Satwiksairaj RANKIREDDY / Chirag SHETTY (7),9.0,2191,LU Ming Yang / TANG Kai ..,43.0,1705
8/1/2025,Round 1,MD,LEE Fang Jen / LEE Fang Chih Rank 27 Elo 1811 (+28),21-16 / 21-12,LIU Kuan Han / YANG Po Hsuan Rank 33 Elo 1771 (-30),37,https://badmintonranks.com/tournament?id=14377,4,Malaysia_Open_2025,LEE Fang Jen / LEE Fang Chih,27.0,1811,LIU Kuan Han / YANG Po Hsuan,33.0,1771
8/1/2025,Round 1,WD,SUNG Shuo Yun / YU Chien Hui Rank 22 Elo 1778 (+17),21-15 / 21-15,ONG Xin Yee / Carmen TING Rank 125 Elo 1597 (-29),39,https://badmintonranks.com/tournament?id=14377,5,Malaysia_Open_2025,SUNG Shuo Yun / YU Chien Hui,22.0,1778,ONG Xin Yee / Carmen TING,125.0,1597
8/1/2025,Round 1,WD,BAEK Ha Na / LEE So Hee (2) Rank 2 Elo 2313 (+1),21-9 / 21-6,Paulina CHALUPSKA / Kornelia MARCHEWKA Rank 69 Elo 1663 (-2),25,https://badmintonranks.com/tournament?id=14377,5,Malaysia_Open_2025,BAEK Ha Na / LEE So Hee (2),2.0,2313,Paulina CHALUPSKA / Kornelia MARCHEWKA,69.0,1663
8/1/2025,Round 1,WS,Pornpawee CHOCHUWONG (8) Rank 13 Elo 2247 (+4),21-17 / 18-21 / 21-8,Anupama UPADHYAYA Rank 45 Elo 1796 (-4),58,https://badmintonranks.com/tournament?id=14377,5,Malaysia_Open_2025,Pornpawee CHOCHUWONG (8),13.0,2247,Anupama UPADHYAYA,45.0,1796
8/1/2025,Round 1,MD,Sabar Karyaman GUTAMA / Moh Reza Pahlevi ISFAHANI Rank 11 Elo 2092 (+2),7-12 Ret.,Rasmus KJÆR / Frederik SØGAARD Rank 15 Elo 1887 (-3),12,https://badmintonranks.com/tournament?id=14377,5,Malaysia_Open_2025,Sabar Karyaman GUTAMA / Moh Reza Pahlevi ISFAHANI,11.0,2092,Rasmus KJÆR / Frederik SØGAARD,15.0,1887
8/1/2025,Round 1,XD,Dechapol PUAVARANUKROH / Supissara PACHARAMONGKOL Rank 57 Elo 1995 (+18),21-12 / 21-14,YE Hong / Nicole Gonzales CHAN Rank 64 Elo 1875 (-19),29,https://badmintonranks.com/tournament?id=14377,5,Malaysia_Open_2025,Dechapol PUAVARANUKROH / Supissara PACHARAMONGKOL,57.0,1995,YE Hong / Nicole Gonzales CHAN,64.0,1875
8/1/2025,Round 1,MD,Aaron CHIA / SOH Wooi Yik (5) Rank 6 Elo 2148 (+4),21-15 / 16-21 / 21-10,CHEN Zhi Xian / Presley SHIN Jian Da Rank 37 Elo 1740 (-6),58,https://badmintonranks.com/tournament?id=14377,5,Malaysia_Open_2025,Aaron CHIA / SOH Wooi Yik (5),6.0,2148,CHEN Zhi Xian / Presley SHIN Jian Da,37.0,1740
8/1/2025,Round 1,XD,GUO Xin Wa / CHEN Fang Hui (8) Rank 12 Elo 2049 (+12),21-13 / 21-16,CHEN Ching Chen / HSU Yin-Hui Rank 30 Elo 1840 (-14),34,https://badmintonranks.com/tournament?id=14377,5,Malaysia_Open_2025,GUO Xin Wa / CHEN Fang Hui (8),12.0,2049,CHEN Ching Chen / HSU Yin-Hui,30.0,1840
8/1/2025,Round 1,MS,LIN Chun-Yi Rank 14 Elo 2193 (+20),9-21 / 21-18 / 21-7,Rasmus GEMKE Rank 30 Elo 2127 (-21),58,https://badmintonranks.com/tournament?id=14377,5,Malaysia_Open_2025,LIN Chun-Yi,14.0,2193,Rasmus GEMKE,30.0,2127
8/1/2025,Round 1,WD,Misaki MATSUTOMO / Chiharu SHIDA Rank Elo 1800 (+34),23-21 / 21-12,Tanisha CRASTO / Ashwini PONNAPPA (8) Rank 16 Elo 1823 (-33),49,https://badmintonranks.com/tournament?id=14377,5,Malaysia_Open_2025,Misaki MATSUTOMO / Chiharu SHIDA,,1800,Tanisha CRASTO / Ashwini PONNAPPA (8),16.0,1823
8/1/2025,Round 1,MD,JIN Yong / KANG Min Hyuk Rank Elo 1868 (+17),21-18 / 21-14,CHEN Zhi Xian / LIN Yu Chieh Rank 39 Elo 1716 (-23),39,https://badmintonranks.com/tournament?id=14377,5,Malaysia_Open_2025,JIN Yong / KANG Min Hyuk,,1868,CHEN Zhi Xian / LIN Yu Chieh,39.0,1716
8/1/2025,Round 1,XD,JIANG Zhen Bang / WEI Ya Xin (2) Rank 2 Elo 2343 (+3),18-21 / 21-8 / 23-21,Ruttanapon KETSAOPAR / Jhenicha SUDJAIPRAPARAT Rank 26 Elo 1869 (-4),55,https://badmintonranks.com/tournament?id=14377,5,Malaysia_Open_2025,JIANG Zhen Bang / WEI Ya Xin (2),2.0,2343,Ruttanapon KETSAOPAR / Jhenicha SUDJAIPRAPARAT,26.0,1869
8/1/2025,Round 1,MD,ONG Yew Sin / TEO Ee Yi Rank 24 Elo 1889 (+45),15-21 / 21-17 / 21-13,Fajar ALFIAN / Muhammad Shohibul FIKRI (4) Rank 4 Elo 2117 (-40),62,https://badmintonranks.com/tournament?id=14377,5,Malaysia_Open_2025,ONG Yew Sin / TEO Ee Yi,24.0,1889,Fajar ALFIAN / Muhammad Shohibul FIKRI (4),4.0,2117
8/1/2025,Round 1,WS,HAN Yue (3) Rank 5 Elo 2315 (+5),22-20 / 21-7,PAI Yu Po Rank 30 Elo 1900 (-5),38,https://badmintonranks.com/tournament?id=14377,5,Malaysia_Open_2025,HAN Yue (3),5.0,2315,PAI Yu Po,30.0,1900
8/1/2025,Round 1,WS,CHIU Pin-Chian Rank 32 Elo 1889 (+18),21-11 / 19-21 / 21-17,Lauren LAM Rank 41 Elo 1759 (-22),56,https://badmintonranks.com/tournament?id=14377,5,Malaysia_Open_2025,CHIU Pin-Chian,32.0,1889,Lauren LAM,41.0,1759
8/1/2025,Round 1,MS,Anders ANTONSEN (2) Rank 2 Elo 2379 (+6),21-17 / 21-10,WANG Tzu Wei Rank 24 Elo 2009 (-5),46,https://badmintonranks.com/tournament?id=14377,5,Malaysia_Open_2025,Anders ANTONSEN (2),2.0,2379,WANG Tzu Wei,24.0,2009
8/1/2025,Round 1,MS,Kodai NARAOKA (8) Rank 8 Elo 2244 (+12),23-21 / 21-9,Christo POPOV Rank 25 Elo 2042 (-12),41,https://badmintonranks.com/tournament?id=14377,5,Malaysia_Open_2025,Kodai NARAOKA (8),8.0,2244,Christo POPOV,25.0,2042
8/1/2025,Round 1,WD,Yuki FUKUSHIMA / Mayu MATSUMOTO Rank 93 Elo 1969 (+9),21-16 / 21-17,Julie MACPHERSON / Ciara TORRANCE Rank 41 Elo 1701 (-14),43,https://badmintonranks.com/tournament?id=14377,5,Malaysia_Open_2025,Yuki FUKUSHIMA / Mayu MATSUMOTO,93.0,1969,Julie MACPHERSON / Ciara TORRANCE,41.0,1701
8/1/2025,Round 1,WS,Malvika BANSOD Rank 31 Elo 1913 (+25),21-15 / 21-16,GOH Jin Wei Rank 42 Elo 1876 (-26),45,https://badmintonranks.com/tournament?id=14377,5,Malaysia_Open_2025,Malvika BANSOD,31.0,1913,GOH Jin Wei,42.0,1876
8/1/2025,Round 1,XD,Thom GICQUEL / Delphine DELRUE Rank 15 Elo 2063 (+8),21-9 / 21-12,Mads VESTERGAARD / Christine BUSCH Rank 28 Elo 1758 (-11),34,https://badmintonranks.com/tournament?id=14377,5,Malaysia_Open_2025,Thom GICQUEL / Delphine DELRUE,15.0,2063,Mads VESTERGAARD / Christine BUSCH,28.0,1758
8/1/2025,Round 1,WD,LI Yi jing / LUO Xu Min (4) Rank 7 Elo 2112 (+4),21-14 / 21-14,FAN Ka Yan / YAU Mau Ying Rank 63 Elo 1697 (-7),35,https://badmintonranks.com/tournament?id=14377,5,Malaysia_Open_2025,LI Yi jing / LUO Xu Min (4),7.0,2112,FAN Ka Yan / YAU Mau Ying,63.0,1697
8/1/2025,Round 1,WS,Pornpicha CHOEIKEEWONG Rank 44 Elo 1809 (+38),21-7 / 15-21 / 21-17,Kaoru SUGIYAMA Rank 39 Elo 1876 (-34),56,https://badmintonranks.com/tournament?id=14377,6,Malaysia_Open_2025,Pornpicha CHOEIKEEWONG,44.0,1809,Kaoru SUGIYAMA,39.0,1876
8/1/2025,Round 1,WS,WANG Zhi Yi (2) Rank 2 Elo 2478 (+2),21-9 / 21-13,HSU Wen Chi Rank 29 Elo 1942 (-2),33,https://badmintonranks.com/tournament?id=14377,6,Malaysia_Open_2025,WANG Zhi Yi (2),2.0,2478,HSU Wen Chi,29.0,1942
8/1/2025,Round 1,MD,KIM Won Ho / SEO Seung Jae Rank Elo 1500 (+135),21-17 / 21-11,Junaidi ARIFFIN / YAP Roy King Rank 23 Elo 1873 (-53),45,https://badmintonranks.com/tournament?id=14377,6,Malaysia_Open_2025,KIM Won Ho / SEO Seung Jae,,1500,Junaidi ARIFFIN / YAP Roy King,23.0,1873
8/1/2025,Round 1,MS,Anthony Sinisuka GINTING Rank 10 Elo 2182 (+19),21-12 / 21-18,LEE Chia Hao Rank 23 Elo 2095 (-19),41,https://badmintonranks.com/tournament?id=14377,6,Malaysia_Open_2025,Anthony Sinisuka GINTING,10.0,2182,LEE Chia Hao,23.0,2095
8/1/2025,Round 1,MS,LI Shi Feng (7) Rank 7 Elo 2300 (+7),21-11 / 21-16,Priyanshu RAJAWAT Rank 34 Elo 1970 (-7),39,https://badmintonranks.com/tournament?id=14377,6,Malaysia_Open_2025,LI Shi Feng (7),7.0,2300,Priyanshu RAJAWAT,34.0,1970
8/1/2025,Round 1,WD,KIM Hye Rin / KONG Hee Yong Rank 65 Elo 1871 (+17),21-12 / 21-9,YEUNG .. / YEUNG .. (7) Rank 15 Elo 1714 (-23),41,https://badmintonranks.com/tournament?id=14377,6,Malaysia_Open_2025,KIM Hye Rin / KONG Hee Yong,65.0,1871,YEUNG .. / YEUNG .. (7),15.0,1714
8/1/2025,Round 1,MS,Koki WATANABE Rank 11 Elo 2242 (+16),21-13 / 21-18,LOH Kean Yew Rank 13 Elo 2108 (-17),46,https://badmintonranks.com/tournament?id=14377,6,Malaysia_Open_2025,Koki WATANABE,11.0,2242,LOH Kean Yew,13.0,2108
8/1/2025,Round 1,XD,Sathish Kumar KARUNAKARAN / Aadya VARIYATH Rank 34 Elo 1699 (+28),21-13 / 21-15,Ashith SURYA / Amrutha PRAMUTHESH Rank 54 Elo 1583 (-40),27,https://badmintonranks.com/tournament?id=14377,6,Malaysia_Open_2025,Sathish Kumar KARUNAKARAN / Aadya VARIYATH,34.0,1699,Ashith SURYA / Amrutha PRAMUTHESH,54.0,1583
8/1/2025,Round 1,MD,LIANG Wei Keng / WANG Chang (2) Rank 2 Elo 2265 (+5),21-18 / 21-18,KIM Gi Jung / KIM Sa Rang Rank 74 Elo 1860 (-5),34,https://badmintonranks.com/tournament?id=14377,6,Malaysia_Open_2025,LIANG Wei Keng / WANG Chang (2),2.0,2265,KIM Gi Jung / KIM Sa Rang,74.0,1860
8/1/2025,Round 1,WD,Benyapa AIMSAARD / Nuntakarn AIMSAARD Rank 18 Elo 1957 (+3),21-17 / 21-10,Rutaparn.. / Swetaparn DEESOM Rank 38 Elo 1489 (-10),36,https://badmintonranks.com/tournament?id=14377,6,Malaysia_Open_2025,Benyapa AIMSAARD / Nuntakarn AIMSAARD,18.0,1957,Rutaparn.. / Swetaparn DEESOM,38.0,1489
8/1/2025,Round 1,WS,GAO Fang jie Rank 18 Elo 2265 (+6),19-21 / 21-19 / 21-13,Kirsty GILMOUR Rank 28 Elo 1940 (-7),67,https://badmintonranks.com/tournament?id=14377,6,Malaysia_Open_2025,GAO Fang jie,18.0,2265,Kirsty GILMOUR,28.0,1940
8/1/2025,Round 1,MS,NG Ka Long Angus Rank 17 Elo 2157 (+33),16-21 / 21-19 / 21-11,WENG Hong Yang Rank 20 Elo 2265 (-33),76,https://badmintonranks.com/tournament?id=14377,6,Malaysia_Open_2025,NG Ka Long Angus,17.0,2157,WENG Hong Yang,20.0,2265
8/1/2025,Round 1,MS,Kunlavut VITIDSARN (5) Rank 5 Elo 2323 (+18),21-11 / 12-21 / 23-21,Alex LANIER Rank 18 Elo 2227 (-19),80,https://badmintonranks.com/tournament?id=14377,6,Malaysia_Open_2025,Kunlavut VITIDSARN (5),5.0,2323,Alex LANIER,18.0,2227
8/1/2025,Round 1,XD,CHENG Chi Ya / ZHANG .. (7) Rank 11 Elo 1991 (+15),21-8 / 21-12,Robin TABELING / Alexandra BOE Rank 124 Elo 1823 (-17),29,https://badmintonranks.com/tournament?id=14377,6,Malaysia_Open_2025,CHENG Chi Ya / ZHANG .. (7),11.0,1991,Robin TABELING / Alexandra BOE,124.0,1823
8/1/2025,Round 1,XD,GOH Soon Huat / LAI Shevon Jemie (4) Rank 6 Elo 2058 (+6),21-15 / 21-19,Presley SHIN Jian Da / Jennie GAI Rank 106 Elo 1687 (-9),36,https://badmintonranks.com/tournament?id=14377,6,Malaysia_Open_2025,GOH Soon Huat / LAI Shevon Jemie (4),6.0,2058,Presley SHIN Jian Da / Jennie GAI,106.0,1687
8/1/2025,Round 1,MS,PRANNOY H. S. Rank 26 Elo 2059 (+18),21-12 / 17-21 / 21-15,Brian YANG Rank 28 Elo 1944 (-19),89,https://badmintonranks.com/tournament?id=14377,6,Malaysia_Open_2025,PRANNOY H. S.,26.0,2059,Brian YANG,28.0,1944
8/1/2025,Round 1,XD,Dhruv KAPILA / Tanisha CRASTO Rank 69 Elo 1799 (+34),21-13 / 21-14,KO Sung Hyun / EOM Hye Won Rank 102 Elo 1819 (-33),30,https://badmintonranks.com/tournament?id=14377,6,Malaysia_Open_2025,Dhruv KAPILA / Tanisha CRASTO,69.0,1799,KO Sung Hyun / EOM Hye Won,102.0,1819
8/1/2025,Round 1,MS,Toma Junior POPOV Rank 19 Elo 2093 (+43),21-8 / 14-21 / 26-24,Jonatan CHRISTIE (3) Rank 3 Elo 2358 (-41),81,https://badmintonranks.com/tournament?id=14377,6,Malaysia_Open_2025,Toma Junior POPOV,19.0,2093,Jonatan CHRISTIE (3),3.0,2358
8/1/2025,Round 1,WS,YEO Jia Min (7) Rank 12 Elo 2137 (+11),21-16 / 21-13,SUNG Shuo Yun Rank 24 Elo 1907 (-12),45,https://badmintonranks.com/tournament?id=14377,6,Malaysia_Open_2025,YEO Jia Min (7),12.0,2137,SUNG Shuo Yun,24.0,1907
7/1/2025,Round 1,MS,CHI Yu Jen Rank 32 Elo 2032 (+41),21-14 / 21-7,Lakshya SEN Rank 12 Elo 2251 (-39),35,https://badmintonranks.com/tournament?id=14377,6,Malaysia_Open_2025,CHI Yu Jen,32.0,2032,Lakshya SEN,12.0,2251
7/1/2025,Round 1,WS,Putri Kusuma WARDANI Rank 17 Elo 2121 (+36),21-8 / 21-14,Gregoria Mariska TUNJUNG (4) Rank 6 Elo 2276 (-36),31,https://badmintonranks.com/tournament?id=14377,7,Malaysia_Open_2025,Putri Kusuma WARDANI,17.0,2121,Gregoria Mariska TUNJUNG (4),6.0,2276
7/1/2025,Round 1,MD,MAN Wei Chong / TEE Kai Wun Rank 14 Elo 1996 (+19),21-12 / 21-17,Kenya MITSUI / Hiroki OKAMURA Rank 19 Elo 1903 (-21),38,https://badmintonranks.com/tournament?id=14377,7,Malaysia_Open_2025,MAN Wei Chong / TEE Kai Wun,14.0,1996,Kenya MITSUI / Hiroki OKAMURA,19.0,1903
7/1/2025,Round 1,WD,Vivian HO / LIM Chiew Sien Rank 43 Elo 1538 (+44),21-11 / 21-17,CHENG Chi Ya / SUN Yu H.. Rank 62 Elo 1414 (-61),34,https://badmintonranks.com/tournament?id=14377,7,Malaysia_Open_2025,Vivian HO / LIM Chiew Sien,43.0,1538,CHENG Chi Ya / SUN Yu H..,62.0,1414
7/1/2025,Round 1,XD,CHEN Tang Jie / TOH Ee Wei (3) Rank 5 Elo 2206 (+1),21-8 / 21-9,WU Hsuan Yi / YANG Ching Tun Rank 40 Elo 1639 (-4),27,https://badmintonranks.com/tournament?id=14377,7,Malaysia_Open_2025,CHEN Tang Jie / TOH Ee Wei (3),5.0,2206,WU Hsuan Yi / YANG Ching Tun,40.0,1639
7/1/2025,Round 1,WD,Lanny Tria MAYASARI / Siti Fadia Silva RAMADHANTI Rank 80 Elo 1838 (+48),19-21 / 21-14 / 21-13,Pearly TAN / THINAAH Muralitharan (3) Rank 6 Elo 2072 (-41),63,https://badmintonranks.com/tournament?id=14377,7,Malaysia_Open_2025,Lanny Tria MAYASARI / Siti Fadia Silva RAMADHANTI,80.0,1838,Pearly TAN / THINAAH Muralitharan (3),6.0,2072
7/1/2025,Round 1,MS,LEE Cheuk Yiu Rank 21 Elo 2093 (+46),21-17 / 21-13,Viktor AXELSEN (4) Rank 4 Elo 2462 (-45),38,https://badmintonranks.com/tournament?id=14377,7,Malaysia_Open_2025,LEE Cheuk Yiu,21.0,2093,Viktor AXELSEN (4),4.0,2462
7/1/2025,Round 1,WS,Ratchanok INTANON Rank 16 Elo 2167 (+5),21-11 / 21-6,LO Sin Yan Happy Rank 50 Elo 1762 (-6),32,https://badmintonranks.com/tournament?id=14377,7,Malaysia_Open_2025,Ratchanok INTANON,16.0,2167,LO Sin Yan Happy,50.0,1762
7/1/2025,Round 1,XD,YANG Po Hsuan / HU Ling Fang (6) Rank 10 Elo 1923 (+5),21-18 / 22-24 / 21-17,TANG Chun Man / NG Tsz Yau Rank Elo 1500 (-12),61,https://badmintonranks.com/tournament?id=14377,7,Malaysia_Open_2025,YANG Po Hsuan / HU Ling Fang (6),10.0,1923,TANG Chun Man / NG Tsz Yau,,1500
7/1/2025,Round 1,WD,HSIEH Pei Lan / HUNG En-Tzu Rank 25 Elo 1867 (+40),21-14 / 21-14,Febriana Dwipuji KUSUMA / Amallia Cahaya PRATIWI (5) Rank 9 Elo 1999 (-36),36,https://badmintonranks.com/tournament?id=14377,7,Malaysia_Open_2025,HSIEH Pei Lan / HUNG En-Tzu,25.0,1867,Febriana Dwipuji KUSUMA / Amallia Cahaya PRATIWI (5),9.0,1999
7/1/2025,Round 1,MD,Daniel LUNDGAARD / Mads VESTERGAARD Rank 26 Elo 1831 (+54),21-15 / 9-21 / 21-18,GOH Sze Fei / Nur IZZUDDIN (3) Rank 3 Elo 2182 (-45),52,https://badmintonranks.com/tournament?id=14377,7,Malaysia_Open_2025,Daniel LUNDGAARD / Mads VESTERGAARD,26.0,1831,GOH Sze Fei / Nur IZZUDDIN (3),3.0,2182
7/1/2025,Round 1,MD,CHEN Bo Yang / LIU Yi Rank 18 Elo 1950 (+19),21-11 / 17-21 / 21-18,Peeratchai ROAJANAWONG / Pakkapon TEERARATSAKUL Rank 30 Elo 1835 (-21),58,https://badmintonranks.com/tournament?id=14377,7,Malaysia_Open_2025,CHEN Bo Yang / LIU Yi,18.0,1950,Peeratchai ROAJANAWONG / Pakkapon TEERARATSAKUL,30.0,1835
7/1/2025,Round 1,MD,CHIU Hsiang Chieh / WANG Chang Rank 35 Elo 1963 (+45),21-16 / 18-21 / 22-20,Kim ASTRUP / Anders Skaarup RASMUSSEN (1) Rank 1 Elo 2234 (-42),63,https://badmintonranks.com/tournament?id=14377,7,Malaysia_Open_2025,CHIU Hsiang Chieh / WANG Chang,35.0,1963,Kim ASTRUP / Anders Skaarup RASMUSSEN (1),1.0,2234
7/1/2025,Round 1,WD,CHANG Tak Ching / YANG Ching Tun Rank 23 Elo 1738 (+33),21-19 / 17-21 / 21-11,Polina BUHROVA / Yevheniia KANTEMYR Rank 24 Elo 1706 (-36),50,https://badmintonranks.com/tournament?id=14377,7,Malaysia_Open_2025,CHANG Tak Ching / YANG Ching Tun,23.0,1738,Polina BUHROVA / Yevheniia KANTEMYR,24.0,1706
7/1/2025,Round 1,WD,JIA Yi Fan / ZHANG Shu Xian Rank 129 Elo 1987 (+10),21-17 / 21-10,GO Pei Kee / TEOH Mei Xing Rank 73 Elo 1735 (-14),38,https://badmintonranks.com/tournament?id=14377,7,Malaysia_Open_2025,JIA Yi Fan / ZHANG Shu Xian,129.0,1987,GO Pei Kee / TEOH Mei Xing,73.0,1735
7/1/2025,Round 1,MD,Christo POPOV / Toma Junior POPOV Rank 29 Elo 1753 (+36),21-17 / 21-12,Christoph WEGNER / Matthew NOTTINGHAM Rank 42 Elo 1757 (-35),39,https://badmintonranks.com/tournament?id=14377,7,Malaysia_Open_2025,Christo POPOV / Toma Junior POPOV,29.0,1753,Christoph WEGNER / Matthew NOTTINGHAM,42.0,1757
7/1/2025,Round 1,WS,AN Se Young (1) Rank 1 Elo 2605 (+1),21-12 / 21-13,Line CHRISTOPHERSEN Rank 35 Elo 1877 (-1),36,https://badmintonranks.com/tournament?id=14377,7,Malaysia_Open_2025,AN Se Young (1),1.0,2605,Line CHRISTOPHERSEN,35.0,1877
7/1/2025,Round 1,MS,LU Guang Zu Rank 16 Elo 2223 (+19),21-17 / 16-21 / 21-13,LEONG Jun Hao Rank 29 Elo 2137 (-19),80,https://badmintonranks.com/tournament?id=14377,7,Malaysia_Open_2025,LU Guang Zu,16.0,2223,LEONG Jun Hao,29.0,2137
7/1/2025,Round 1,XD,FENG Yan Zhe / HUANG Dong Ping (1) Rank 1 Elo 2442 (+1),21-17 / 21-12,Gregory MAIRS / Jenny MAINZER Rank 41 Elo 1687 (-1),40,https://badmintonranks.com/tournament?id=14377,7,Malaysia_Open_2025,FENG Yan Zhe / HUANG Dong Ping (1),1.0,2442,Gregory MAIRS / Jenny MAINZER,41.0,1687
7/1/2025,Round 1,WD,LIU Sheng Shu / TAN Ning (1) Rank 1 Elo 2380 (+1),21-10 / 21-10,Julie FINNE-IPSEN / Mai SURROW Rank 48 Elo 1702 (-2),37,https://badmintonranks.com/tournament?id=14377,7,Malaysia_Open_2025,LIU Sheng Shu / TAN Ning (1),1.0,2380,Julie FINNE-IPSEN / Mai SURROW,48.0,1702
7/1/2025,Round 1,XD,Hiroki MIDORIKAWA / Natsu SAITO Rank 14 Elo 1930 (+28),22-20 / 21-10,TAN Kian Meng / LAI Pei Jing Rank 19 Elo 1930 (-27),37,https://badmintonranks.com/tournament?id=14377,7,Malaysia_Open_2025,Hiroki MIDORIKAWA / Natsu SAITO,14.0,1930,TAN Kian Meng / LAI Pei Jing,19.0,1930
7/1/2025,Round 1,XD,Alexander DUNN / Julie MACPHERSON Rank 50 Elo 1712 (+40),21-17 / 21-15,HEE Yong KWON / JIN Yu Jia Rank 126 Elo 1722 (-39),35,https://badmintonranks.com/tournament?id=14377,8,Malaysia_Open_2025,Alexander DUNN / Julie MACPHERSON,50.0,1712,HEE Yong KWON / JIN Yu Jia,126.0,1722
7/1/2025,Round 1,WS,Mia BLICHFELDT Rank 27 Elo 2071 (+31),15-21 / 21-14 / 21-16,Tomoka MIYAZAKI (6) Rank 11 Elo 2140 (-31),56,https://badmintonranks.com/tournament?id=14377,8,Malaysia_Open_2025,Mia BLICHFELDT,27.0,2071,Tomoka MIYAZAKI (6),11.0,2140
7/1/2025,Round 1,WS,NGUYEN Thuy Linh Rank 34 Elo 1955 (+32),21-16 / 21-19,Natsuki NIDAIRA Rank 22 Elo 2009 (-31),48,https://badmintonranks.com/tournament?id=14377,8,Malaysia_Open_2025,NGUYEN Thuy Linh,34.0,1955,Natsuki NIDAIRA,22.0,2009
7/1/2025,Round 1,MS,Yushi TANAKA Rank 27 Elo 2008 (+38),19-21 / 21-16 / 21-13,LEI Lan Xi Rank 22 Elo 2166 (-37),70,https://badmintonranks.com/tournament?id=14377,8,Malaysia_Open_2025,Yushi TANAKA,27.0,2008,LEI Lan Xi,22.0,2166
7/1/2025,Round 1,WD,Treesa JOLLY / GAYATRI GOPICHAND (6) Rank 11 Elo 1951 (+8),21-10 / 21-10,Ornnicha JONGSATHAPORNPARN / Sukitta SUWACHAI Rank 42 Elo 1647 (-14),30,https://badmintonranks.com/tournament?id=14377,8,Malaysia_Open_2025,Treesa JOLLY / GAYATRI GOPICHAND (6),11.0,1951,Ornnicha JONGSATHAPORNPARN / Sukitta SUWACHAI,42.0,1647
7/1/2025,Round 1,MD,Ben LANE / Sean VENDY Rank 13 Elo 1994 (+32),23-21 / 19-21 / 21-11,HE Ji Ting / REN Xiang Yu (6) Rank 7 Elo 2071 (-32),71,https://badmintonranks.com/tournament?id=14377,8,Malaysia_Open_2025,Ben LANE / Sean VENDY,13.0,1994,HE Ji Ting / REN Xiang Yu (6),7.0,2071
7/1/2025,Round 1,XD,LU Ming Yang / HUNG En-Tzu Rank 51 Elo 1690 (+74),28-26 / 14-21 / 24-22,HOO Pang Ron / CHENG Su Yin Rank 20 Elo 2048 (-46),66,https://badmintonranks.com/tournament?id=14377,8,Malaysia_Open_2025,LU Ming Yang / HUNG En-Tzu,51.0,1690,HOO Pang Ron / CHENG Su Yin,20.0,2048
7/1/2025,Round 1,WD,HSU Yin-Hui / LIN Jhih Yong Rank 26 Elo 1795 (+36),21-17 / 21-10,TENG Chun Hsun / YANG Ching Tun Rank 67 Elo 1834 (-34),26,https://badmintonranks.com/tournament?id=14377,8,Malaysia_Open_2025,HSU Yin-Hui / LIN Jhih Yong,26.0,1795,TENG Chun Hsun / YANG Ching Tun,67.0,1834
7/1/2025,Round 1,XD,Callum HEMMING / Estelle VAN ZANDT Rank 35 Elo 1744 (+9),15-21 / 21-11 / 21-6,Oleksii TIUNOV / Yevheniia KANTEMYR Rank 56 Elo 1399 (-23),35,https://badmintonranks.com/tournament?id=14377,8,Malaysia_Open_2025,Callum HEMMING / Estelle VAN ZANDT,35.0,1744,Oleksii TIUNOV / Yevheniia KANTEMYR,56.0,1399
7/1/2025,Round 1,MS,SHI Yu Qi (1) Rank 1 Elo 2464 (+6),21-16 / 20-22 / 21-16,Kenta NISHIMOTO Rank 15 Elo 2120 (-6),77,https://badmintonranks.com/tournament?id=14377,8,Malaysia_Open_2025,SHI Yu Qi (1),1.0,2464,Kenta NISHIMOTO,15.0,2120
7/1/2025,Round 1,MS,CHOU Tien Chen Rank 9 Elo 2224 (+12),21-14 / 21-17,SU Li Yang Rank 33 Elo 2013 (-12),50,https://badmintonranks.com/tournament?id=14377,8,Malaysia_Open_2025,CHOU Tien Chen,9.0,2224,SU Li Yang,33.0,2013
7/1/2025,Round 1,XD,Dejan FERDINANSYAH / Gloria Emanuelle WIDJAJA (5) Rank 8 Elo 1981 (+10),21-12 / 21-13,WONG Tien Ci / LIM Chiew Sien Rank 33 Elo 1732 (-14),34,https://badmintonranks.com/tournament?id=14377,8,Malaysia_Open_2025,Dejan FERDINANSYAH / Gloria Emanuelle WIDJAJA (5),8.0,1981,WONG Tien Ci / LIM Chiew Sien,33.0,1732
7/1/2025,Round 1,MD,LEE Jhe-Huei / YANG Po Hsuan (8) Rank 10 Elo 1952 (+14),21-18 / 16-21 / 21-16,CHIANG Chien Wei / WU Hsuan Yi Rank 52 Elo 1772 (-18),49,https://badmintonranks.com/tournament?id=14377,8,Malaysia_Open_2025,LEE Jhe-Huei / YANG Po Hsuan (8),10.0,1952,CHIANG Chien Wei / WU Hsuan Yi,52.0,1772
7/1/2025,Round 1,WS,ZHANG Beiwen Rank 15 Elo 2068 (+31),21-14 / 20-22 / 21-14,Nozomi OKUHARA Rank 19 Elo 2138 (-31),48,https://badmintonranks.com/tournament?id=14377,8,Malaysia_Open_2025,ZHANG Beiwen,15.0,2068,Nozomi OKUHARA,19.0,2138
7/1/2025,Round 1,WS,LIN Hsiang Ti Rank 37 Elo 1939 (+0),W.O.,Busanan ONGBAMRUNGPHAN (5) Rank 10 Elo 2088 (-0),0,https://badmintonranks.com/tournament?id=14377,8,Malaysia_Open_2025,LIN Hsiang Ti,37.0,1939,Busanan ONGBAMRUNGPHAN (5),10.0,2088
14/1/2024,Final,MD,LIANG Wei Keng / WANG Chang (1) Rank 1 Elo 2265 (+29),9-21 / 21-18 / 21-17,Satwiksairaj RANKIREDDY / Chirag SHETTY (2) Rank 2 Elo 2278 (-29),58,https://badmintonranks.com/tournament?id=10911,1,Malaysia_Open_2024,LIANG Wei Keng / WANG Chang (1),1.0,2265,Satwiksairaj RANKIREDDY / Chirag SHETTY (2),2.0,2278
14/1/2024,Final,MS,Anders ANTONSEN Rank 9 Elo 2369 (+32),21-14 / 21-13,SHI Yu Qi (7) Rank 6 Elo 2425 (-32),55,https://badmintonranks.com/tournament?id=10911,1,Malaysia_Open_2024,Anders ANTONSEN,9.0,2369,SHI Yu Qi (7),6.0,2425
14/1/2024,Final,WD,LIU Sheng Shu / TAN Ning (8) Rank 8 Elo 2283 (+20),21-18 / 21-18,ZHANG .. / ZHENG Yu (5) Rank 7 Elo 2193 (-21),52,https://badmintonranks.com/tournament?id=10911,1,Malaysia_Open_2024,LIU Sheng Shu / TAN Ning (8),8.0,2283,ZHANG .. / ZHENG Yu (5),7.0,2193
14/1/2024,Final,WS,AN Se Young (1) Rank 1 Elo 2668 (+19),10-21 / 21-10 / 21-18,TAI Tzu Ying (4) Rank 4 Elo 2561 (-19),58,https://badmintonranks.com/tournament?id=10911,1,Malaysia_Open_2024,AN Se Young (1),1.0,2668,TAI Tzu Ying (4),4.0,2561
14/1/2024,Final,XD,Yuta WATANABE / Arisa IGAKI (2) Rank 2 Elo 2236 (+23),21-18 / 21-15,KIM Won Ho / JEONG Na Eun (7) Rank 7 Elo 2176 (-23),37,https://badmintonranks.com/tournament?id=10911,1,Malaysia_Open_2024,Yuta WATANABE / Arisa IGAKI (2),2.0,2236,KIM Won Ho / JEONG Na Eun (7),7.0,2176
13/1/2024,Semi final,MD,LIANG Wei Keng / WANG Chang (1) Rank 1 Elo 2247 (+18),21-12 / 19-21 / 21-13,Takuro HOKI / Yugo KOBAYASHI (7) Rank 7 Elo 2136 (-19),50,https://badmintonranks.com/tournament?id=10911,1,Malaysia_Open_2024,LIANG Wei Keng / WANG Chang (1),1.0,2247,Takuro HOKI / Yugo KOBAYASHI (7),7.0,2136
13/1/2024,Semi final,MS,SHI Yu Qi (7) Rank 6 Elo 2383 (+42),21-12 / 19-21 / 21-17,Viktor AXELSEN (1) Rank 1 Elo 2590 (-41),70,https://badmintonranks.com/tournament?id=10911,1,Malaysia_Open_2024,SHI Yu Qi (7),6.0,2383,Viktor AXELSEN (1),1.0,2590
13/1/2024,Semi final,MD,Satwiksairaj RANKIREDDY / Chirag SHETTY (2) Rank 2 Elo 2251 (+27),21-18 / 22-20,KANG Min Hyuk / SEO Seung Jae (6) Rank 3 Elo 2248 (-27),47,https://badmintonranks.com/tournament?id=10911,1,Malaysia_Open_2024,Satwiksairaj RANKIREDDY / Chirag SHETTY (2),2.0,2251,KANG Min Hyuk / SEO Seung Jae (6),3.0,2248
13/1/2024,Semi final,MS,Anders ANTONSEN Rank 9 Elo 2356 (+13),21-16 / 21-7,LIN Chun-Yi Rank 21 Elo 2164 (-13),41,https://badmintonranks.com/tournament?id=10911,1,Malaysia_Open_2024,Anders ANTONSEN,9.0,2356,LIN Chun-Yi,21.0,2164
13/1/2024,Semi final,WD,LIU Sheng Shu / TAN Ning (8) Rank 8 Elo 2268 (+15),21-11 / 21-16,Rin IWANAGA / Kie NAKANISHI Rank 15 Elo 2091 (-14),47,https://badmintonranks.com/tournament?id=10911,1,Malaysia_Open_2024,LIU Sheng Shu / TAN Ning (8),8.0,2268,Rin IWANAGA / Kie NAKANISHI,15.0,2091
13/1/2024,Semi final,WS,AN Se Young (1) Rank 1 Elo 2663 (+5),21-17 / 21-11,ZHANG Yi Man Rank 17 Elo 2239 (-4),36,https://badmintonranks.com/tournament?id=10911,1,Malaysia_Open_2024,AN Se Young (1),1.0,2663,ZHANG Yi Man,17.0,2239
13/1/2024,Semi final,WD,ZHANG .. / ZHENG Yu (5) Rank 7 Elo 2151 (+42),21-17 / 21-17,BAEK Ha Na / LEE So Hee (2) Rank 2 Elo 2361 (-41),45,https://badmintonranks.com/tournament?id=10911,1,Malaysia_Open_2024,ZHANG .. / ZHENG Yu (5),7.0,2151,BAEK Ha Na / LEE So Hee (2),2.0,2361
13/1/2024,Semi final,XD,Yuta WATANABE / Arisa IGAKI (2) Rank 2 Elo 2206 (+30),21-15 / 12-21 / 21-15,JIANG Zhen Bang / WEI Ya Xin (5) Rank 5 Elo 2253 (-31),50,https://badmintonranks.com/tournament?id=10911,1,Malaysia_Open_2024,Yuta WATANABE / Arisa IGAKI (2),2.0,2206,JIANG Zhen Bang / WEI Ya Xin (5),5.0,2253
13/1/2024,Semi final,WS,TAI Tzu Ying (4) Rank 4 Elo 2529 (+32),17-21 / 21-15 / 21-18,CHEN Yu Fei (2) Rank 2 Elo 2599 (-32),72,https://badmintonranks.com/tournament?id=10911,1,Malaysia_Open_2024,TAI Tzu Ying (4),4.0,2529,CHEN Yu Fei (2),2.0,2599
13/1/2024,Semi final,XD,KIM Won Ho / JEONG Na Eun (7) Rank 7 Elo 2159 (+17),21-16 / 21-16,HEE Yong KWON / TAN Wei Qiang Rank 22 Elo 2016 (-18),41,https://badmintonranks.com/tournament?id=10911,1,Malaysia_Open_2024,KIM Won Ho / JEONG Na Eun (7),7.0,2159,HEE Yong KWON / TAN Wei Qiang,22.0,2016
12/1/2024,Quarter final,MD,KANG Min Hyuk / SEO Seung Jae (6) Rank 3 Elo 2227 (+21),16-21 / 21-18 / 21-13,Aaron CHIA / SOH Wooi Yik (3) Rank 4 Elo 2156 (-21),64,https://badmintonranks.com/tournament?id=10911,1,Malaysia_Open_2024,KANG Min Hyuk / SEO Seung Jae (6),3.0,2227,Aaron CHIA / SOH Wooi Yik (3),4.0,2156
12/1/2024,Quarter final,MS,SHI Yu Qi (7) Rank 6 Elo 2367 (+16),8-21 / 21-11 / 21-10,LU Guang Zu Rank 19 Elo 2230 (-16),61,https://badmintonranks.com/tournament?id=10911,1,Malaysia_Open_2024,SHI Yu Qi (7),6.0,2367,LU Guang Zu,19.0,2230
12/1/2024,Quarter final,MS,Viktor AXELSEN (1) Rank 1 Elo 2588 (+2),16-21 / 21-18 / 21-9,NG Ka Long Angus Rank 20 Elo 2084 (-3),61,https://badmintonranks.com/tournament?id=10911,1,Malaysia_Open_2024,Viktor AXELSEN (1),1.0,2588,NG Ka Long Angus,20.0,2084
12/1/2024,Quarter final,WD,LIU Sheng Shu / TAN Ning (8) Rank 8 Elo 2227 (+41),21-12 / 17-21 / 21-10,CHEN Qi Ming / JIA Yi Fan (1) Rank 1 Elo 2445 (-41),68,https://badmintonranks.com/tournament?id=10911,1,Malaysia_Open_2024,LIU Sheng Shu / TAN Ning (8),8.0,2227,CHEN Qi Ming / JIA Yi Fan (1),1.0,2445
12/1/2024,Quarter final,MD,Takuro HOKI / Yugo KOBAYASHI (7) Rank 7 Elo 2117 (+19),21-15 / 21-9,ONG Yew Sin / TEO Ee Yi Rank 12 Elo 2012 (-19),34,https://badmintonranks.com/tournament?id=10911,1,Malaysia_Open_2024,Takuro HOKI / Yugo KOBAYASHI (7),7.0,2117,ONG Yew Sin / TEO Ee Yi,12.0,2012
12/1/2024,Quarter final,MD,Satwiksairaj RANKIREDDY / Chirag SHETTY (2) Rank 2 Elo 2231 (+20),21-11 / 21-8,HE Ji Ting / REN Xiang Yu Rank 32 Elo 2154 (-21),35,https://badmintonranks.com/tournament?id=10911,2,Malaysia_Open_2024,Satwiksairaj RANKIREDDY / Chirag SHETTY (2),2.0,2231,HE Ji Ting / REN Xiang Yu,32.0,2154
12/1/2024,Quarter final,WD,Rin IWANAGA / Kie NAKANISHI Rank 15 Elo 2076 (+15),21-15 / 21-13,Tanisha CRASTO / Ashwini PONNAPPA Rank 24 Elo 1905 (-16),39,https://badmintonranks.com/tournament?id=10911,2,Malaysia_Open_2024,Rin IWANAGA / Kie NAKANISHI,15.0,2076,Tanisha CRASTO / Ashwini PONNAPPA,24.0,1905
12/1/2024,Quarter final,MD,LIANG Wei Keng / WANG Chang (1) Rank 1 Elo 2231 (+16),16-21 / 21-17 / 21-18,Fajar ALFIAN / Muhammad Shohibul FIKRI (5) Rank 6 Elo 2080 (-16),54,https://badmintonranks.com/tournament?id=10911,2,Malaysia_Open_2024,LIANG Wei Keng / WANG Chang (1),1.0,2231,Fajar ALFIAN / Muhammad Shohibul FIKRI (5),6.0,2080
12/1/2024,Quarter final,MS,Anders ANTONSEN Rank 9 Elo 2332 (+24),16-21 / 21-12 / 21-7,Kodai NARAOKA (2) Rank 2 Elo 2301 (-24),77,https://badmintonranks.com/tournament?id=10911,2,Malaysia_Open_2024,Anders ANTONSEN,9.0,2332,Kodai NARAOKA (2),2.0,2301
12/1/2024,Quarter final,WS,ZHANG Yi Man Rank 17 Elo 2193 (+46),12-21 / 21-17 / 21-17,Akane YAMAGUCHI (3) Rank 3 Elo 2533 (-46),55,https://badmintonranks.com/tournament?id=10911,2,Malaysia_Open_2024,ZHANG Yi Man,17.0,2193,Akane YAMAGUCHI (3),3.0,2533
12/1/2024,Quarter final,WD,BAEK Ha Na / LEE So Hee (2) Rank 2 Elo 2356 (+5),21-13 / 21-14,LI Wen Mei / LIU Xuan Xuan Rank 16 Elo 1980 (-6),40,https://badmintonranks.com/tournament?id=10911,2,Malaysia_Open_2024,BAEK Ha Na / LEE So Hee (2),2.0,2356,LI Wen Mei / LIU Xuan Xuan,16.0,1980
12/1/2024,Quarter final,WD,ZHANG .. / ZHENG Yu (5) Rank 7 Elo 2127 (+24),21-17 / 21-15,Rena MIYAURA / Ayako SAKURAMOTO Rank 14 Elo 2097 (-24),42,https://badmintonranks.com/tournament?id=10911,2,Malaysia_Open_2024,ZHANG .. / ZHENG Yu (5),7.0,2127,Rena MIYAURA / Ayako SAKURAMOTO,14.0,2097
12/1/2024,Quarter final,MS,LIN Chun-Yi Rank 21 Elo 2120 (+44),21-12 / 21-18,LI Shi Feng (3) Rank 3 Elo 2387 (-44),49,https://badmintonranks.com/tournament?id=10911,2,Malaysia_Open_2024,LIN Chun-Yi,21.0,2120,LI Shi Feng (3),3.0,2387
12/1/2024,Quarter final,WS,AN Se Young (1) Rank 1 Elo 2661 (+2),16-21 / 21-12 / 21-19,YEO Jia Min Rank 22 Elo 2112 (-2),62,https://badmintonranks.com/tournament?id=10911,2,Malaysia_Open_2024,AN Se Young (1),1.0,2661,YEO Jia Min,22.0,2112
12/1/2024,Quarter final,XD,Yuta WATANABE / Arisa IGAKI (2) Rank 2 Elo 2192 (+14),21-14 / 21-8,Hiroki MIDORIKAWA / Natsu SAITO Rank 13 Elo 2012 (-14),32,https://badmintonranks.com/tournament?id=10911,2,Malaysia_Open_2024,Yuta WATANABE / Arisa IGAKI (2),2.0,2192,Hiroki MIDORIKAWA / Natsu SAITO,13.0,2012
12/1/2024,Quarter final,XD,JIANG Zhen Bang / WEI Ya Xin (5) Rank 5 Elo 2218 (+35),21-19 / 21-14,SEO Seung Jae / CHAE Yu Jung (3) Rank 4 Elo 2331 (-35),37,https://badmintonranks.com/tournament?id=10911,2,Malaysia_Open_2024,JIANG Zhen Bang / WEI Ya Xin (5),5.0,2218,SEO Seung Jae / CHAE Yu Jung (3),4.0,2331
12/1/2024,Quarter final,WS,TAI Tzu Ying (4) Rank 4 Elo 2511 (+18),21-16 / 21-15,HE Bing Jiao (6) Rank 6 Elo 2398 (-18),37,https://badmintonranks.com/tournament?id=10911,2,Malaysia_Open_2024,TAI Tzu Ying (4),4.0,2511,HE Bing Jiao (6),6.0,2398
12/1/2024,Quarter final,XD,KIM Won Ho / JEONG Na Eun (7) Rank 7 Elo 2110 (+49),21-11 / 18-21 / 21-17,ZHENG Si Wei / HUANG Ya Qiong (1) Rank 1 Elo 2542 (-48),58,https://badmintonranks.com/tournament?id=10911,2,Malaysia_Open_2024,KIM Won Ho / JEONG Na Eun (7),7.0,2110,ZHENG Si Wei / HUANG Ya Qiong (1),1.0,2542
12/1/2024,Quarter final,XD,HEE Yong KWON / TAN Wei Qiang Rank 22 Elo 1973 (+43),21-16 / 21-19,Dechapol PUAVARANUKROH / Sapsiree TAERATTANACHAI (6) Rank 6 Elo 2170 (-40),48,https://badmintonranks.com/tournament?id=10911,2,Malaysia_Open_2024,HEE Yong KWON / TAN Wei Qiang,22.0,1973,Dechapol PUAVARANUKROH / Sapsiree TAERATTANACHAI (6),6.0,2170
12/1/2024,Quarter final,WS,CHEN Yu Fei (2) Rank 2 Elo 2591 (+8),21-13 / 21-17,Gregoria Mariska TUNJUNG (7) Rank 7 Elo 2302 (-8),40,https://badmintonranks.com/tournament?id=10911,2,Malaysia_Open_2024,CHEN Yu Fei (2),2.0,2591,Gregoria Mariska TUNJUNG (7),7.0,2302
11/1/2024,Round 2,WD,Rena MIYAURA / Ayako SAKURAMOTO Rank 14 Elo 2057 (+40),21-11 / 13-21 / 21-18,Nami MATSUYAMA / Chiharu SHIDA (4) Rank 4 Elo 2280 (-40),63,https://badmintonranks.com/tournament?id=10911,2,Malaysia_Open_2024,Rena MIYAURA / Ayako SAKURAMOTO,14.0,2057,Nami MATSUYAMA / Chiharu SHIDA (4),4.0,2280
11/1/2024,Round 2,MD,Fajar ALFIAN / Muhammad Shohibul FIKRI (5) Rank 6 Elo 2065 (+15),21-13 / 21-12,LEE Fang Jen / LEE Fang Chih Rank 25 Elo 1908 (-16),38,https://badmintonranks.com/tournament?id=10911,2,Malaysia_Open_2024,Fajar ALFIAN / Muhammad Shohibul FIKRI (5),6.0,2065,LEE Fang Jen / LEE Fang Chih,25.0,1908
11/1/2024,Round 2,MD,LIANG Wei Keng / WANG Chang (1) Rank 1 Elo 2225 (+6),21-14 / 21-14,Keiichiro MATSUI / Yoshinori TAKEUTI Rank 28 Elo 1885 (-7),32,https://badmintonranks.com/tournament?id=10911,2,Malaysia_Open_2024,LIANG Wei Keng / WANG Chang (1),1.0,2225,Keiichiro MATSUI / Yoshinori TAKEUTI,28.0,1885
11/1/2024,Round 2,MS,LI Shi Feng (3) Rank 3 Elo 2370 (+17),13-21 / 21-16 / 21-18,WENG Hong Yang Rank 18 Elo 2247 (-17),82,https://badmintonranks.com/tournament?id=10911,2,Malaysia_Open_2024,LI Shi Feng (3),3.0,2370,WENG Hong Yang,18.0,2247
11/1/2024,Round 2,WD,BAEK Ha Na / LEE So Hee (2) Rank 2 Elo 2353 (+3),21-13 / 22-20,YEUNG .. / YEUNG Pak Hon Rank 21 Elo 1828 (-3),47,https://badmintonranks.com/tournament?id=10911,2,Malaysia_Open_2024,BAEK Ha Na / LEE So Hee (2),2.0,2353,YEUNG .. / YEUNG Pak Hon,21.0,1828
11/1/2024,Round 2,WD,ZHANG .. / ZHENG Yu (5) Rank 7 Elo 2120 (+7),21-14 / 21-8,Annie XU / Kerry XU Rank 31 Elo 1783 (-9),32,https://badmintonranks.com/tournament?id=10911,3,Malaysia_Open_2024,ZHANG .. / ZHENG Yu (5),7.0,2120,Annie XU / Kerry XU,31.0,1783
11/1/2024,Round 2,WS,ZHANG Yi Man Rank 17 Elo 2184 (+9),21-8 / 21-10,HSU Wen Chi Rank 23 Elo 1909 (-10),28,https://badmintonranks.com/tournament?id=10911,3,Malaysia_Open_2024,ZHANG Yi Man,17.0,2184,HSU Wen Chi,23.0,1909
11/1/2024,Round 2,MD,Aaron CHIA / SOH Wooi Yik (3) Rank 4 Elo 2144 (+12),21-15 / 21-16,GOH Sze Fei / Nur IZZUDDIN Rank 26 Elo 1954 (-14),37,https://badmintonranks.com/tournament?id=10911,3,Malaysia_Open_2024,Aaron CHIA / SOH Wooi Yik (3),4.0,2144,GOH Sze Fei / Nur IZZUDDIN,26.0,1954
11/1/2024,Round 2,WS,Akane YAMAGUCHI (3) Rank 3 Elo 2531 (+2),21-9 / 21-14,Kirsty GILMOUR Rank 25 Elo 1995 (-3),30,https://badmintonranks.com/tournament?id=10911,3,Malaysia_Open_2024,Akane YAMAGUCHI (3),3.0,2531,Kirsty GILMOUR,25.0,1995
11/1/2024,Round 2,WD,LI Wen Mei / LIU Xuan Xuan Rank 16 Elo 1945 (+35),19-21 / 22-20 / 21-14,Jongkolphan KITITHARAKUL / Rawinda PRAJONGJAI Rank 10 Elo 2049 (-34),75,https://badmintonranks.com/tournament?id=10911,3,Malaysia_Open_2024,LI Wen Mei / LIU Xuan Xuan,16.0,1945,Jongkolphan KITITHARAKUL / Rawinda PRAJONGJAI,10.0,2049
11/1/2024,Round 2,MD,KANG Min Hyuk / SEO Seung Jae (6) Rank 3 Elo 2217 (+10),21-13 / 21-14,LEE Jhe-Huei / YANG Po Hsuan Rank 17 Elo 1973 (-11),34,https://badmintonranks.com/tournament?id=10911,3,Malaysia_Open_2024,KANG Min Hyuk / SEO Seung Jae (6),3.0,2217,LEE Jhe-Huei / YANG Po Hsuan,17.0,1973
11/1/2024,Round 2,MS,LIN Chun-Yi Rank 21 Elo 2082 (+38),21-18 / 21-16,Kunlavut VITIDSARN (5) Rank 7 Elo 2271 (-38),50,https://badmintonranks.com/tournament?id=10911,3,Malaysia_Open_2024,LIN Chun-Yi,21.0,2082,Kunlavut VITIDSARN (5),7.0,2271
11/1/2024,Round 2,MD,Takuro HOKI / Yugo KOBAYASHI (7) Rank 7 Elo 2110 (+7),21-11 / 21-13,Alexander DUNN / Adam HALL Rank 31 Elo 1776 (-8),30,https://badmintonranks.com/tournament?id=10911,3,Malaysia_Open_2024,Takuro HOKI / Yugo KOBAYASHI (7),7.0,2110,Alexander DUNN / Adam HALL,31.0,1776
11/1/2024,Round 2,MS,Viktor AXELSEN (1) Rank 1 Elo 2584 (+4),21-17 / 20-22 / 21-17,LEE Cheuk Yiu Rank 17 Elo 2155 (-4),74,https://badmintonranks.com/tournament?id=10911,3,Malaysia_Open_2024,Viktor AXELSEN (1),1.0,2584,LEE Cheuk Yiu,17.0,2155
11/1/2024,Round 2,WS,HE Bing Jiao (6) Rank 6 Elo 2378 (+20),16-21 / 21-19 / 21-11,WANG Zhi Yi Rank 10 Elo 2295 (-19),77,https://badmintonranks.com/tournament?id=10911,3,Malaysia_Open_2024,HE Bing Jiao (6),6.0,2378,WANG Zhi Yi,10.0,2295
11/1/2024,Round 2,MS,Kodai NARAOKA (2) Rank 2 Elo 2293 (+8),22-20 / 20-22 / 21-16,Brian YANG Rank 26 Elo 2025 (-9),94,https://badmintonranks.com/tournament?id=10911,3,Malaysia_Open_2024,Kodai NARAOKA (2),2.0,2293,Brian YANG,26.0,2025
11/1/2024,Round 2,MD,ONG Yew Sin / TEO Ee Yi Rank 12 Elo 1967 (+45),21-10 / 11-21 / 24-22,Kim ASTRUP / Anders Skaarup RASMUSSEN (4) Rank 5 Elo 2255 (-42),61,https://badmintonranks.com/tournament?id=10911,3,Malaysia_Open_2024,ONG Yew Sin / TEO Ee Yi,12.0,1967,Kim ASTRUP / Anders Skaarup RASMUSSEN (4),5.0,2255
11/1/2024,Round 2,XD,HEE Yong KWON / TAN Wei Qiang Rank 22 Elo 1948 (+25),21-14 / 23-21,Supak JOMKOH / Supissara PACHARAMONGKOL Rank 20 Elo 1925 (-26),41,https://badmintonranks.com/tournament?id=10911,3,Malaysia_Open_2024,HEE Yong KWON / TAN Wei Qiang,22.0,1948,Supak JOMKOH / Supissara PACHARAMONGKOL,20.0,1925
11/1/2024,Round 2,MD,Satwiksairaj RANKIREDDY / Chirag SHETTY (2) Rank 2 Elo 2228 (+3),21-11 / 21-18,Lucas CORVEE / Ronan LABAR Rank 37 Elo 1733 (-4),39,https://badmintonranks.com/tournament?id=10911,3,Malaysia_Open_2024,Satwiksairaj RANKIREDDY / Chirag SHETTY (2),2.0,2228,Lucas CORVEE / Ronan LABAR,37.0,1733
11/1/2024,Round 2,XD,JIANG Zhen Bang / WEI Ya Xin (5) Rank 5 Elo 2214 (+4),21-14 / 21-14,CHAN Peng Soon / CHEAH Yee See Rank 41 Elo 1761 (-5),33,https://badmintonranks.com/tournament?id=10911,3,Malaysia_Open_2024,JIANG Zhen Bang / WEI Ya Xin (5),5.0,2214,CHAN Peng Soon / CHEAH Yee See,41.0,1761
11/1/2024,Round 2,MS,Anders ANTONSEN Rank 9 Elo 2320 (+12),21-14 / 21-17,Koki WATANABE Rank 23 Elo 2107 (-12),54,https://badmintonranks.com/tournament?id=10911,3,Malaysia_Open_2024,Anders ANTONSEN,9.0,2320,Koki WATANABE,23.0,2107
11/1/2024,Round 2,MS,NG Ka Long Angus Rank 20 Elo 2059 (+25),21-13 / 21-17,KIDAMBI Srikanth Rank 24 Elo 2044 (-25),38,https://badmintonranks.com/tournament?id=10911,3,Malaysia_Open_2024,NG Ka Long Angus,20.0,2059,KIDAMBI Srikanth,24.0,2044
11/1/2024,Round 2,WD,LIU Sheng Shu / TAN Ning (8) Rank 8 Elo 2220 (+7),21-19 / 21-10,LI Yi jing / LUO Xu Min Rank 26 Elo 1892 (-8),43,https://badmintonranks.com/tournament?id=10911,3,Malaysia_Open_2024,LIU Sheng Shu / TAN Ning (8),8.0,2220,LI Yi jing / LUO Xu Min,26.0,1892
11/1/2024,Round 2,MD,HE Ji Ting / REN Xiang Yu Rank 32 Elo 2147 (+7),21-17 / 15-7 Ret.,Hendra SETIAWAN / Mohammad AHSAN Rank 13 Elo 2063 (-8),30,https://badmintonranks.com/tournament?id=10911,3,Malaysia_Open_2024,HE Ji Ting / REN Xiang Yu,32.0,2147,Hendra SETIAWAN / Mohammad AHSAN,13.0,2063
11/1/2024,Round 2,XD,Hiroki MIDORIKAWA / Natsu SAITO Rank 13 Elo 1978 (+34),24-22 / 21-14,CHEN Tang Jie / TOH Ee Wei (8) Rank 9 Elo 2072 (-32),42,https://badmintonranks.com/tournament?id=10911,3,Malaysia_Open_2024,Hiroki MIDORIKAWA / Natsu SAITO,13.0,1978,CHEN Tang Jie / TOH Ee Wei (8),9.0,2072
11/1/2024,Round 2,WS,AN Se Young (1) Rank 1 Elo 2661 (+0),21-13 / 21-8,Yvonne LI Rank 27 Elo 1849 (-0),35,https://badmintonranks.com/tournament?id=10911,4,Malaysia_Open_2024,AN Se Young (1),1.0,2661,Yvonne LI,27.0,1849
11/1/2024,Round 2,WS,Gregoria Mariska TUNJUNG (7) Rank 7 Elo 2297 (+5),21-15 / 24-22,GOH Jin Wei Rank 31 Elo 1945 (-6),39,https://badmintonranks.com/tournament?id=10911,4,Malaysia_Open_2024,Gregoria Mariska TUNJUNG (7),7.0,2297,GOH Jin Wei,31.0,1945
11/1/2024,Round 2,MS,LU Guang Zu Rank 19 Elo 2198 (+32),23-21 / 25-23,Anthony Sinisuka GINTING (4) Rank 4 Elo 2301 (-33),67,https://badmintonranks.com/tournament?id=10911,4,Malaysia_Open_2024,LU Guang Zu,19.0,2198,Anthony Sinisuka GINTING (4),4.0,2301
11/1/2024,Round 2,MS,SHI Yu Qi (7) Rank 6 Elo 2359 (+8),21-13 / 21-5,Toma Junior POPOV Rank 25 Elo 2058 (-8),38,https://badmintonranks.com/tournament?id=10911,4,Malaysia_Open_2024,SHI Yu Qi (7),6.0,2359,Toma Junior POPOV,25.0,2058
11/1/2024,Round 2,XD,KIM Won Ho / JEONG Na Eun (7) Rank 7 Elo 2094 (+16),11-21 / 21-17 / 21-18,Kyohei YAMASHITA / Naru SHINOYA Rank 17 Elo 1951 (-16),60,https://badmintonranks.com/tournament?id=10911,4,Malaysia_Open_2024,KIM Won Ho / JEONG Na Eun (7),7.0,2094,Kyohei YAMASHITA / Naru SHINOYA,17.0,1951
11/1/2024,Round 2,WS,TAI Tzu Ying (4) Rank 4 Elo 2505 (+6),21-7 / 21-11,Busanan ONGBAMRUNGPHAN Rank 19 Elo 2139 (-6),34,https://badmintonranks.com/tournament?id=10911,4,Malaysia_Open_2024,TAI Tzu Ying (4),4.0,2505,Busanan ONGBAMRUNGPHAN,19.0,2139
11/1/2024,Round 2,XD,SEO Seung Jae / CHAE Yu Jung (3) Rank 4 Elo 2323 (+8),21-12 / 21-16,Dejan FERDINANSYAH / Gloria Emanuelle WIDJAJA Rank 14 Elo 2027 (-8),34,https://badmintonranks.com/tournament?id=10911,4,Malaysia_Open_2024,SEO Seung Jae / CHAE Yu Jung (3),4.0,2323,Dejan FERDINANSYAH / Gloria Emanuelle WIDJAJA,14.0,2027
11/1/2024,Round 2,XD,Dechapol PUAVARANUKROH / Sapsiree TAERATTANACHAI (6) Rank 6 Elo 2160 (+10),21-15 / 21-12,GOH Soon Huat / LAI Shevon Jemie Rank 15 Elo 1908 (-10),39,https://badmintonranks.com/tournament?id=10911,4,Malaysia_Open_2024,Dechapol PUAVARANUKROH / Sapsiree TAERATTANACHAI (6),6.0,2160,GOH Soon Huat / LAI Shevon Jemie,15.0,1908
11/1/2024,Round 2,XD,Yuta WATANABE / Arisa IGAKI (2) Rank 2 Elo 2182 (+10),21-15 / 21-11,Mathias THYRRI / Amalie MAGELUND Rank 23 Elo 1931 (-11),38,https://badmintonranks.com/tournament?id=10911,4,Malaysia_Open_2024,Yuta WATANABE / Arisa IGAKI (2),2.0,2182,Mathias THYRRI / Amalie MAGELUND,23.0,1931
11/1/2024,Round 2,WD,CHEN Qi Ming / JIA Yi Fan (1) Rank 1 Elo 2443 (+2),21-13 / 22-20,Maiken FRUERGAARD / Sara THYGESEN Rank 20 Elo 1940 (-3),46,https://badmintonranks.com/tournament?id=10911,4,Malaysia_Open_2024,CHEN Qi Ming / JIA Yi Fan (1),1.0,2443,Maiken FRUERGAARD / Sara THYGESEN,20.0,1940
11/1/2024,Round 2,WD,Tanisha CRASTO / Ashwini PONNAPPA Rank 24 Elo 1857 (+48),21-19 / 13-21 / 21-15,Mayu MATSUMOTO / Wakana NAGAHARA (7) Rank 9 Elo 2099 (-42),62,https://badmintonranks.com/tournament?id=10911,4,Malaysia_Open_2024,Tanisha CRASTO / Ashwini PONNAPPA,24.0,1857,Mayu MATSUMOTO / Wakana NAGAHARA (7),9.0,2099
11/1/2024,Round 2,WS,CHEN Yu Fei (2) Rank 2 Elo 2584 (+7),21-15 / 21-18,Ratchanok INTANON Rank 13 Elo 2248 (-6),43,https://badmintonranks.com/tournament?id=10911,4,Malaysia_Open_2024,CHEN Yu Fei (2),2.0,2584,Ratchanok INTANON,13.0,2248
11/1/2024,Round 2,XD,ZHENG Si Wei / HUANG Ya Qiong (1) Rank 1 Elo 2540 (+2),21-18 / 21-17,Rehan Naufal KUSHARJANTO / Lisa Ayu KUSUMAWATI Rank 18 Elo 1946 (-2),42,https://badmintonranks.com/tournament?id=10911,4,Malaysia_Open_2024,ZHENG Si Wei / HUANG Ya Qiong (1),1.0,2540,Rehan Naufal KUSHARJANTO / Lisa Ayu KUSUMAWATI,18.0,1946
11/1/2024,Round 2,WS,YEO Jia Min Rank 22 Elo 2068 (+44),16-21 / 21-19 / 22-20,HAN Yue (8) Rank 8 Elo 2369 (-43),64,https://badmintonranks.com/tournament?id=10911,4,Malaysia_Open_2024,YEO Jia Min,22.0,2068,HAN Yue (8),8.0,2369
11/1/2024,Round 2,WD,Rin IWANAGA / Kie NAKANISHI Rank 15 Elo 2038 (+38),21-16 / 21-16,KIM So Yeong / KONG Hee Yong (3) Rank 3 Elo 2222 (-38),49,https://badmintonranks.com/tournament?id=10911,4,Malaysia_Open_2024,Rin IWANAGA / Kie NAKANISHI,15.0,2038,KIM So Yeong / KONG Hee Yong (3),3.0,2222
10/1/2024,Round 1,WD,Jongkolphan KITITHARAKUL / Rawinda PRAJONGJAI Rank 10 Elo 2040 (+9),21-12 / 21-17,Setyana MAPASA / Angela YU Rank 41 Elo 1777 (-12),34,https://badmintonranks.com/tournament?id=10911,4,Malaysia_Open_2024,Jongkolphan KITITHARAKUL / Rawinda PRAJONGJAI,10.0,2040,Setyana MAPASA / Angela YU,41.0,1777
10/1/2024,Round 1,XD,Hiroki MIDORIKAWA / Natsu SAITO Rank 13 Elo 1965 (+13),21-13 / 21-13,Vinson CHIU / Jennie GAI Rank 31 Elo 1772 (-17),35,https://badmintonranks.com/tournament?id=10911,4,Malaysia_Open_2024,Hiroki MIDORIKAWA / Natsu SAITO,13.0,1965,Vinson CHIU / Jennie GAI,31.0,1772
10/1/2024,Round 1,MS,WENG Hong Yang Rank 18 Elo 2228 (+19),21-15 / 21-16,Lakshya SEN Rank 16 Elo 2134 (-18),49,https://badmintonranks.com/tournament?id=10911,4,Malaysia_Open_2024,WENG Hong Yang,18.0,2228,Lakshya SEN,16.0,2134
10/1/2024,Round 1,WD,LI Wen Mei / LIU Xuan Xuan Rank 16 Elo 1933 (+12),21-15 / 21-16,Vivian HO / LIM Chiew Sien Rank 37 Elo 1705 (-17),43,https://badmintonranks.com/tournament?id=10911,4,Malaysia_Open_2024,LI Wen Mei / LIU Xuan Xuan,16.0,1933,Vivian HO / LIM Chiew Sien,37.0,1705
10/1/2024,Round 1,WD,Annie XU / Kerry XU Rank 31 Elo 1729 (+54),19-21 / 21-16 / 21-16,Margot LAMBERT / Anne TRAN Rank 22 Elo 1887 (-41),75,https://badmintonranks.com/tournament?id=10911,4,Malaysia_Open_2024,Annie XU / Kerry XU,31.0,1729,Margot LAMBERT / Anne TRAN,22.0,1887
10/1/2024,Round 1,MS,LI Shi Feng (3) Rank 3 Elo 2365 (+5),23-21 / 15-21 / 21-18,LEE Chia Hao Rank 33 Elo 1996 (-6),79,https://badmintonranks.com/tournament?id=10911,5,Malaysia_Open_2024,LI Shi Feng (3),3.0,2365,LEE Chia Hao,33.0,1996
10/1/2024,Round 1,WD,ZHANG .. / ZHENG Yu (5) Rank 7 Elo 2117 (+3),21-13 / 21-13,GO Pei Kee / LOW Yeen Yuan Rank 103 Elo 1639 (-5),46,https://badmintonranks.com/tournament?id=10911,5,Malaysia_Open_2024,ZHANG .. / ZHENG Yu (5),7.0,2117,GO Pei Kee / LOW Yeen Yuan,103.0,1639
10/1/2024,Round 1,WD,Rena MIYAURA / Ayako SAKURAMOTO Rank 14 Elo 2046 (+11),21-17 / 21-9,Rui HIROKAMI / Yuna KATO Rank 29 Elo 1811 (-13),42,https://badmintonranks.com/tournament?id=10911,5,Malaysia_Open_2024,Rena MIYAURA / Ayako SAKURAMOTO,14.0,2046,Rui HIROKAMI / Yuna KATO,29.0,1811
10/1/2024,Round 1,WD,Nami MATSUYAMA / Chiharu SHIDA (4) Rank 4 Elo 2279 (+1),21-11 / 21-9,Paula Lynn OBANANA / Lauren LAM Rank 44 Elo 1599 (-3),38,https://badmintonranks.com/tournament?id=10911,5,Malaysia_Open_2024,Nami MATSUYAMA / Chiharu SHIDA (4),4.0,2279,Paula Lynn OBANANA / Lauren LAM,44.0,1599
10/1/2024,Round 1,MD,HE Ji Ting / REN Xiang Yu Rank 32 Elo 2116 (+31),21-19 / 21-15,LIU Yu Chen / OU Xuan Yi (8) Rank 8 Elo 2188 (-30),37,https://badmintonranks.com/tournament?id=10911,5,Malaysia_Open_2024,HE Ji Ting / REN Xiang Yu,32.0,2116,LIU Yu Chen / OU Xuan Yi (8),8.0,2188
10/1/2024,Round 1,XD,CHAN Peng Soon / CHEAH Yee See Rank 41 Elo 1727 (+34),11-21 / 26-24 / 21-8,CHANG Tak Ching / LEE Chih Chen Rank 35 Elo 1686 (-37),63,https://badmintonranks.com/tournament?id=10911,5,Malaysia_Open_2024,CHAN Peng Soon / CHEAH Yee See,41.0,1727,CHANG Tak Ching / LEE Chih Chen,35.0,1686
10/1/2024,Round 1,WS,GOH Jin Wei Rank 31 Elo 1918 (+27),21-18 / 21-11,SUNG Shuo Yun Rank 30 Elo 1909 (-27),40,https://badmintonranks.com/tournament?id=10911,5,Malaysia_Open_2024,GOH Jin Wei,31.0,1918,SUNG Shuo Yun,30.0,1909
10/1/2024,Round 1,MD,Lucas CORVEE / Ronan LABAR Rank 37 Elo 1649 (+84),21-16 / 9-21 / 21-19,KIM Won Ho / NA Sung Seung Rank Elo 2020 (-47),58,https://badmintonranks.com/tournament?id=10911,5,Malaysia_Open_2024,Lucas CORVEE / Ronan LABAR,37.0,1649,KIM Won Ho / NA Sung Seung,,2020
10/1/2024,Round 1,MD,Aaron CHIA / SOH Wooi Yik (3) Rank 4 Elo 2130 (+14),20-22 / 21-13 / 21-13,Rasmus KJÆR / Frederik SØGAARD Rank 22 Elo 1959 (-15),62,https://badmintonranks.com/tournament?id=10911,5,Malaysia_Open_2024,Aaron CHIA / SOH Wooi Yik (3),4.0,2130,Rasmus KJÆR / Frederik SØGAARD,22.0,1959
10/1/2024,Round 1,WS,Gregoria Mariska TUNJUNG (7) Rank 7 Elo 2292 (+5),20-22 / 21-18 / 21-14,Natsuki NIDAIRA Rank 34 Elo 1891 (-5),74,https://badmintonranks.com/tournament?id=10911,5,Malaysia_Open_2024,Gregoria Mariska TUNJUNG (7),7.0,2292,Natsuki NIDAIRA,34.0,1891
10/1/2024,Round 1,XD,JIANG Zhen Bang / WEI Ya Xin (5) Rank 5 Elo 2212 (+2),21-18 / 21-16,CHENG Chi Ya / ZHANG Chi Rank Elo 1712 (-4),37,https://badmintonranks.com/tournament?id=10911,5,Malaysia_Open_2024,JIANG Zhen Bang / WEI Ya Xin (5),5.0,2212,CHENG Chi Ya / ZHANG Chi,,1712
10/1/2024,Round 1,XD,CHEN Tang Jie / TOH Ee Wei (8) Rank 9 Elo 2049 (+23),21-17 / 21-18,Thom GICQUEL / Delphine DELRUE Rank 11 Elo 2018 (-24),47,https://badmintonranks.com/tournament?id=10911,5,Malaysia_Open_2024,CHEN Tang Jie / TOH Ee Wei (8),9.0,2049,Thom GICQUEL / Delphine DELRUE,11.0,2018
10/1/2024,Round 1,MD,Hendra SETIAWAN / Mohammad AHSAN Rank 13 Elo 2039 (+24),21-18 / 21-15,Akira KOGA / Taichi SAITO Rank 14 Elo 2018 (-25),38,https://badmintonranks.com/tournament?id=10911,5,Malaysia_Open_2024,Hendra SETIAWAN / Mohammad AHSAN,13.0,2039,Akira KOGA / Taichi SAITO,14.0,2018
10/1/2024,Round 1,MD,KANG Min Hyuk / SEO Seung Jae (6) Rank 3 Elo 2210 (+7),21-14 / 21-14,Ben LANE / Sean VENDY Rank 20 Elo 1888 (-8),38,https://badmintonranks.com/tournament?id=10911,5,Malaysia_Open_2024,KANG Min Hyuk / SEO Seung Jae (6),3.0,2210,Ben LANE / Sean VENDY,20.0,1888
10/1/2024,Round 1,MS,Anders ANTONSEN Rank 9 Elo 2295 (+25),21-14 / 21-11,PRANNOY H. S. (8) Rank 8 Elo 2293 (-25),43,https://badmintonranks.com/tournament?id=10911,5,Malaysia_Open_2024,Anders ANTONSEN,9.0,2295,PRANNOY H. S. (8),8.0,2293
10/1/2024,Round 1,MD,Satwiksairaj RANKIREDDY / Chirag SHETTY (2) Rank 2 Elo 2215 (+13),21-18 / 21-19,Muhammad Shohibul FIKRI / Bagas MAULANA Rank 9 Elo 2031 (-14),44,https://badmintonranks.com/tournament?id=10911,5,Malaysia_Open_2024,Satwiksairaj RANKIREDDY / Chirag SHETTY (2),2.0,2215,Muhammad Shohibul FIKRI / Bagas MAULANA,9.0,2031
10/1/2024,Round 1,MS,LIN Chun-Yi Rank 21 Elo 2073 (+9),21-17 / 21-13,Kantaphon WANGCHAROEN Rank 36 Elo 1803 (-12),38,https://badmintonranks.com/tournament?id=10911,5,Malaysia_Open_2024,LIN Chun-Yi,21.0,2073,Kantaphon WANGCHAROEN,36.0,1803
10/1/2024,Round 1,MD,GOH Sze Fei / Nur IZZUDDIN Rank 26 Elo 1942 (+12),21-17 / 22-20,Supak JOMKOH / Kittinupong KEDREN Rank 33 Elo 1709 (-17),39,https://badmintonranks.com/tournament?id=10911,5,Malaysia_Open_2024,GOH Sze Fei / Nur IZZUDDIN,26.0,1942,Supak JOMKOH / Kittinupong KEDREN,33.0,1709
10/1/2024,Round 1,WS,WANG Zhi Yi Rank 10 Elo 2292 (+3),21-14 / 21-14,Pornpicha CHOEIKEEWONG Rank 43 Elo 1805 (-3),36,https://badmintonranks.com/tournament?id=10911,5,Malaysia_Open_2024,WANG Zhi Yi,10.0,2292,Pornpicha CHOEIKEEWONG,43.0,1805
10/1/2024,Round 1,MS,Koki WATANABE Rank 23 Elo 2101 (+6),12-8 Ret.,NG Tze Yong Rank 15 Elo 2160 (-6),13,https://badmintonranks.com/tournament?id=10911,5,Malaysia_Open_2024,Koki WATANABE,23.0,2101,NG Tze Yong,15.0,2160
10/1/2024,Round 1,WS,Ratchanok INTANON Rank 13 Elo 2246 (+2),21-19 / 21-10,THET Htar Thuzar Rank 42 Elo 1736 (-4),36,https://badmintonranks.com/tournament?id=10911,6,Malaysia_Open_2024,Ratchanok INTANON,13.0,2246,THET Htar Thuzar,42.0,1736
10/1/2024,Round 1,MS,Kunlavut VITIDSARN (5) Rank 7 Elo 2244 (+27),21-14 / 21-23 / 21-15,Kenta NISHIMOTO Rank 12 Elo 2261 (-26),102,https://badmintonranks.com/tournament?id=10911,6,Malaysia_Open_2024,Kunlavut VITIDSARN (5),7.0,2244,Kenta NISHIMOTO,12.0,2261
10/1/2024,Round 1,MD,LEE Jhe-Huei / YANG Po Hsuan Rank 17 Elo 1951 (+22),20-22 / 22-20 / 21-12,CHEN Bo Yang / LIU Yi Rank 27 Elo 1883 (-23),59,https://badmintonranks.com/tournament?id=10911,6,Malaysia_Open_2024,LEE Jhe-Huei / YANG Po Hsuan,17.0,1951,CHEN Bo Yang / LIU Yi,27.0,1883
10/1/2024,Round 1,WS,HE Bing Jiao (6) Rank 6 Elo 2371 (+7),21-15 / 21-15,Mia BLICHFELDT Rank 18 Elo 2066 (-8),42,https://badmintonranks.com/tournament?id=10911,6,Malaysia_Open_2024,HE Bing Jiao (6),6.0,2371,Mia BLICHFELDT,18.0,2066
10/1/2024,Round 1,MS,Brian YANG Rank 26 Elo 1996 (+29),11-21 / 21-17 / 21-16,WANG Tzu Wei Rank 28 Elo 2026 (-28),63,https://badmintonranks.com/tournament?id=10911,6,Malaysia_Open_2024,Brian YANG,26.0,1996,WANG Tzu Wei,28.0,2026
10/1/2024,Round 1,WS,CHEN Yu Fei (2) Rank 2 Elo 2581 (+3),21-18 / 21-12,Aya OHORI Rank 15 Elo 2119 (-4),48,https://badmintonranks.com/tournament?id=10911,6,Malaysia_Open_2024,CHEN Yu Fei (2),2.0,2581,Aya OHORI,15.0,2119
10/1/2024,Round 1,MS,Kodai NARAOKA (2) Rank 2 Elo 2280 (+13),21-15 / 21-7,Christo POPOV Rank 27 Elo 2079 (-12),49,https://badmintonranks.com/tournament?id=10911,6,Malaysia_Open_2024,Kodai NARAOKA (2),2.0,2280,Christo POPOV,27.0,2079
10/1/2024,Round 1,XD,Mathias THYRRI / Amalie MAGELUND Rank 23 Elo 1891 (+40),21-17 / 21-14,Rinov RIVALDY / Pitha Haningtyas MENTARI Rank 19 Elo 2038 (-37),34,https://badmintonranks.com/tournament?id=10911,6,Malaysia_Open_2024,Mathias THYRRI / Amalie MAGELUND,23.0,1891,Rinov RIVALDY / Pitha Haningtyas MENTARI,19.0,2038
10/1/2024,Round 1,WD,BAEK Ha Na / LEE So Hee (2) Rank 2 Elo 2352 (+1),21-14 / 21-13,Anna Cheong Ching Yik / TEOH Mei Xing Rank 65 Elo 1731 (-2),43,https://badmintonranks.com/tournament?id=10911,6,Malaysia_Open_2024,BAEK Ha Na / LEE So Hee (2),2.0,2352,Anna Cheong Ching Yik / TEOH Mei Xing,65.0,1731
10/1/2024,Round 1,XD,Dejan FERDINANSYAH / Gloria Emanuelle WIDJAJA Rank 14 Elo 2016 (+11),21-11 / 19-21 / 21-19,Marcus ELLIS / Lauren SMITH Rank 28 Elo 1793 (-14),70,https://badmintonranks.com/tournament?id=10911,6,Malaysia_Open_2024,Dejan FERDINANSYAH / Gloria Emanuelle WIDJAJA,14.0,2016,Marcus ELLIS / Lauren SMITH,28.0,1793
10/1/2024,Round 1,XD,Yuta WATANABE / Arisa IGAKI (2) Rank 2 Elo 2155 (+27),21-13 / 21-14,TANG Chun Man / TSE Ying Suet Rank 8 Elo 2178 (-27),39,https://badmintonranks.com/tournament?id=10911,6,Malaysia_Open_2024,Yuta WATANABE / Arisa IGAKI (2),2.0,2155,TANG Chun Man / TSE Ying Suet,8.0,2178
10/1/2024,Round 1,WS,Busanan ONGBAMRUNGPHAN Rank 19 Elo 2114 (+25),17-21 / 22-20 / 21-10,GAO Fang jie Rank 33 Elo 2100 (-24),75,https://badmintonranks.com/tournament?id=10911,6,Malaysia_Open_2024,Busanan ONGBAMRUNGPHAN,19.0,2114,GAO Fang jie,33.0,2100
10/1/2024,Round 1,XD,SEO Seung Jae / CHAE Yu Jung (3) Rank 4 Elo 2319 (+4),21-12 / 21-11,Ty Alexander LEONG / Josephine WU Rank 29 Elo 1882 (-5),28,https://badmintonranks.com/tournament?id=10911,6,Malaysia_Open_2024,SEO Seung Jae / CHAE Yu Jung (3),4.0,2319,Ty Alexander LEONG / Josephine WU,29.0,1882
10/1/2024,Round 1,WS,TAI Tzu Ying (4) Rank 4 Elo 2499 (+6),23-21 / 21-19,ZHANG Beiwen Rank 9 Elo 2174 (-6),40,https://badmintonranks.com/tournament?id=10911,6,Malaysia_Open_2024,TAI Tzu Ying (4),4.0,2499,ZHANG Beiwen,9.0,2174
10/1/2024,Round 1,WD,YEUNG .. / YEUNG Pak Hon Rank 21 Elo 1811 (+17),21-17 / 21-16,Linda EFLER / Isabel LOHAU Rank 32 Elo 1646 (-26),46,https://badmintonranks.com/tournament?id=10911,6,Malaysia_Open_2024,YEUNG .. / YEUNG Pak Hon,21.0,1811,Linda EFLER / Isabel LOHAU,32.0,1646
9/1/2024,Round 1,MS,Toma Junior POPOV Rank 25 Elo 2020 (+38),21-11 / 19-21 / 21-15,CHOU Tien Chen Rank 14 Elo 2185 (-37),78,https://badmintonranks.com/tournament?id=10911,6,Malaysia_Open_2024,Toma Junior POPOV,25.0,2020,CHOU Tien Chen,14.0,2185
9/1/2024,Round 1,WD,Mayu MATSUMOTO / Wakana NAGAHARA (7) Rank 9 Elo 2095 (+4),21-12 / 21-11,Rutaparn.. / Swetaparn DEESOM Rank 52 Elo 1644 (-6),37,https://badmintonranks.com/tournament?id=10911,6,Malaysia_Open_2024,Mayu MATSUMOTO / Wakana NAGAHARA (7),9.0,2095,Rutaparn.. / Swetaparn DEESOM,52.0,1644
9/1/2024,Round 1,MD,Keiichiro MATSUI / Yoshinori TAKEUTI Rank 28 Elo 1854 (+31),22-20 / 21-16,Mark LAMSFUSS / Marvin SEIDEL Rank 24 Elo 1874 (-31),47,https://badmintonranks.com/tournament?id=10911,6,Malaysia_Open_2024,Keiichiro MATSUI / Yoshinori TAKEUTI,28.0,1854,Mark LAMSFUSS / Marvin SEIDEL,24.0,1874
9/1/2024,Round 1,WD,Maiken FRUERGAARD / Sara THYGESEN Rank 20 Elo 1921 (+19),21-13 / 21-11,Catherine CHOI / Josephine WU Rank 28 Elo 1806 (-22),32,https://badmintonranks.com/tournament?id=10911,6,Malaysia_Open_2024,Maiken FRUERGAARD / Sara THYGESEN,20.0,1921,Catherine CHOI / Josephine WU,28.0,1806
9/1/2024,Round 1,MS,Anthony Sinisuka GINTING (4) Rank 4 Elo 2295 (+6),21-18 / 21-12,SU Li Yang Rank 35 Elo 1929 (-6),49,https://badmintonranks.com/tournament?id=10911,6,Malaysia_Open_2024,Anthony Sinisuka GINTING (4),4.0,2295,SU Li Yang,35.0,1929
9/1/2024,Round 1,MS,LU Guang Zu Rank 19 Elo 2166 (+32),16-21 / 21-19 / 21-15,LEE Zii Jia Rank 11 Elo 2255 (-32),77,https://badmintonranks.com/tournament?id=10911,7,Malaysia_Open_2024,LU Guang Zu,19.0,2166,LEE Zii Jia,11.0,2255
9/1/2024,Round 1,XD,Dechapol PUAVARANUKROH / Sapsiree TAERATTANACHAI (6) Rank 6 Elo 2150 (+10),21-15 / 21-10,Robin TABELING / Selena PIEK Rank 16 Elo 1906 (-11),33,https://badmintonranks.com/tournament?id=10911,7,Malaysia_Open_2024,Dechapol PUAVARANUKROH / Sapsiree TAERATTANACHAI (6),6.0,2150,Robin TABELING / Selena PIEK,16.0,1906
9/1/2024,Round 1,WD,KIM So Yeong / KONG Hee Yong (3) Rank 3 Elo 2217 (+5),21-11 / 21-11,LEE Chia.. / TENG Chun Hsun Rank 23 Elo 1830 (-6),35,https://badmintonranks.com/tournament?id=10911,7,Malaysia_Open_2024,KIM So Yeong / KONG Hee Yong (3),3.0,2217,LEE Chia.. / TENG Chun Hsun,23.0,1830
9/1/2024,Round 1,WD,Tanisha CRASTO / Ashwini PONNAPPA Rank 24 Elo 1840 (+17),21-13 / 21-16,Francesca CORBETT / Allison Qu.. Rank 36 Elo 1676 (-24),38,https://badmintonranks.com/tournament?id=10911,7,Malaysia_Open_2024,Tanisha CRASTO / Ashwini PONNAPPA,24.0,1840,Francesca CORBETT / Allison Qu..,36.0,1676
9/1/2024,Round 1,MD,ONG Yew Sin / TEO Ee Yi Rank 12 Elo 1948 (+19),21-14 / 21-15,LU Ching Yao / YANG Po Hsuan Rank 23 Elo 1836 (-21),41,https://badmintonranks.com/tournament?id=10911,7,Malaysia_Open_2024,ONG Yew Sin / TEO Ee Yi,12.0,1948,LU Ching Yao / YANG Po Hsuan,23.0,1836
9/1/2024,Round 1,WD,CHEN Qi Ming / JIA Yi Fan (1) Rank 1 Elo 2441 (+2),21-14 / 21-14,LEE Yu Lim / SHIN Seung Chan Rank 25 Elo 1807 (-2),46,https://badmintonranks.com/tournament?id=10911,7,Malaysia_Open_2024,CHEN Qi Ming / JIA Yi Fan (1),1.0,2441,LEE Yu Lim / SHIN Seung Chan,25.0,1807
9/1/2024,Round 1,MS,SHI Yu Qi (7) Rank 6 Elo 2347 (+12),20-22 / 21-12 / 21-10,Rasmus GEMKE Rank 29 Elo 2148 (-12),75,https://badmintonranks.com/tournament?id=10911,7,Malaysia_Open_2024,SHI Yu Qi (7),6.0,2347,Rasmus GEMKE,29.0,2148
9/1/2024,Round 1,WD,LIU Sheng Shu / TAN Ning (8) Rank 8 Elo 2205 (+15),22-20 / 21-15,Pearly TAN / THINAAH Muralitharan Rank 12 Elo 2064 (-16),58,https://badmintonranks.com/tournament?id=10911,7,Malaysia_Open_2024,LIU Sheng Shu / TAN Ning (8),8.0,2205,Pearly TAN / THINAAH Muralitharan,12.0,2064
9/1/2024,Round 1,MD,Fajar ALFIAN / Muhammad Shohibul FIKRI (5) Rank 6 Elo 2056 (+9),21-16 / 21-13,DONG A Ran / Nyl YAKURA Rank 34 Elo 1790 (-12),29,https://badmintonranks.com/tournament?id=10911,7,Malaysia_Open_2024,Fajar ALFIAN / Muhammad Shohibul FIKRI (5),6.0,2056,DONG A Ran / Nyl YAKURA,34.0,1790
9/1/2024,Round 1,MD,LIANG Wei Keng / WANG Chang (1) Rank 1 Elo 2217 (+8),21-12 / 21-19,MAN Wei Chong / TEE Kai Wun Rank 19 Elo 1920 (-9),30,https://badmintonranks.com/tournament?id=10911,7,Malaysia_Open_2024,LIANG Wei Keng / WANG Chang (1),1.0,2217,MAN Wei Chong / TEE Kai Wun,19.0,1920
9/1/2024,Round 1,XD,GOH Soon Huat / LAI Shevon Jemie Rank 15 Elo 1890 (+18),21-16 / 15-21 / 21-17,Gregory MAIRS / Jenny MAINZER Rank 37 Elo 1762 (-23),60,https://badmintonranks.com/tournament?id=10911,7,Malaysia_Open_2024,GOH Soon Huat / LAI Shevon Jemie,15.0,1890,Gregory MAIRS / Jenny MAINZER,37.0,1762
9/1/2024,Round 1,MS,Viktor AXELSEN (1) Rank 1 Elo 2579 (+5),21-13 / 21-15,LOH Kean Yew Rank 10 Elo 2167 (-4),43,https://badmintonranks.com/tournament?id=10911,7,Malaysia_Open_2024,Viktor AXELSEN (1),1.0,2579,LOH Kean Yew,10.0,2167
9/1/2024,Round 1,MS,LEE Cheuk Yiu Rank 17 Elo 2141 (+14),21-13 / 18-21 / 21-19,Magnus JOHANNESEN Rank 32 Elo 1973 (-15),63,https://badmintonranks.com/tournament?id=10911,7,Malaysia_Open_2024,LEE Cheuk Yiu,17.0,2141,Magnus JOHANNESEN,32.0,1973
9/1/2024,Round 1,WD,Rin IWANAGA / Kie NAKANISHI Rank 15 Elo 2032 (+6),14-8 Ret.,JEONG Na Eun / KIM Hye Jeong Rank 11 Elo 2080 (-6),13,https://badmintonranks.com/tournament?id=10911,7,Malaysia_Open_2024,Rin IWANAGA / Kie NAKANISHI,15.0,2032,JEONG Na Eun / KIM Hye Jeong,11.0,2080
9/1/2024,Round 1,MD,LEE Fang Jen / LEE Fang Chih Rank 25 Elo 1889 (+19),21-16 / 21-19,M.R.ARJUN / DHRUV KAPILA Rank 43 Elo 1762 (-22),44,https://badmintonranks.com/tournament?id=10911,7,Malaysia_Open_2024,LEE Fang Jen / LEE Fang Chih,25.0,1889,M.R.ARJUN / DHRUV KAPILA,43.0,1762
9/1/2024,Round 1,WS,HAN Yue (8) Rank 8 Elo 2365 (+4),21-11 / 21-13,Putri Kusuma WARDANI Rank 32 Elo 1931 (-4),30,https://badmintonranks.com/tournament?id=10911,7,Malaysia_Open_2024,HAN Yue (8),8.0,2365,Putri Kusuma WARDANI,32.0,1931
9/1/2024,Round 1,MD,Kim ASTRUP / Anders Skaarup RASMUSSEN (4) Rank 5 Elo 2246 (+9),21-16 / 21-10,Leo Rolly CARNANDO / Daniel MARTHIN Rank 11 Elo 1976 (-9),35,https://badmintonranks.com/tournament?id=10911,7,Malaysia_Open_2024,Kim ASTRUP / Anders Skaarup RASMUSSEN (4),5.0,2246,Leo Rolly CARNANDO / Daniel MARTHIN,11.0,1976
9/1/2024,Round 1,WD,LI Yi jing / LUO Xu Min Rank 26 Elo 1874 (+18),21-18 / 21-16,Debora JILLE / Cheryl SEINEN Rank 33 Elo 1730 (-23),40,https://badmintonranks.com/tournament?id=10911,7,Malaysia_Open_2024,LI Yi jing / LUO Xu Min,26.0,1874,Debora JILLE / Cheryl SEINEN,33.0,1730
9/1/2024,Round 1,WS,Kirsty GILMOUR Rank 25 Elo 1968 (+27),21-23 / 21-14 / 21-13,Neslihan ARIN Rank 37 Elo 1963 (-26),67,https://badmintonranks.com/tournament?id=10911,7,Malaysia_Open_2024,Kirsty GILMOUR,25.0,1968,Neslihan ARIN,37.0,1963
9/1/2024,Round 1,MS,KIDAMBI Srikanth Rank 24 Elo 1997 (+47),12-21 / 21-18 / 21-16,Jonatan CHRISTIE (6) Rank 5 Elo 2338 (-45),65,https://badmintonranks.com/tournament?id=10911,7,Malaysia_Open_2024,KIDAMBI Srikanth,24.0,1997,Jonatan CHRISTIE (6),5.0,2338
9/1/2024,Round 1,WS,HSU Wen Chi Rank 23 Elo 1877 (+32),21-14 / 21-16,PAI Yu Po Rank 29 Elo 1911 (-30),37,https://badmintonranks.com/tournament?id=10911,8,Malaysia_Open_2024,HSU Wen Chi,23.0,1877,PAI Yu Po,29.0,1911
9/1/2024,Round 1,MS,NG Ka Long Angus Rank 20 Elo 2025 (+34),21-15 / 21-9,Kanta TSUNEYAMA Rank 13 Elo 2143 (-34),38,https://badmintonranks.com/tournament?id=10911,8,Malaysia_Open_2024,NG Ka Long Angus,20.0,2025,Kanta TSUNEYAMA,13.0,2143
9/1/2024,Round 1,MD,Takuro HOKI / Yugo KOBAYASHI (7) Rank 7 Elo 2086 (+24),21-16 / 21-15,LEE Yang / WANG Chang Rank 10 Elo 2069 (-25),41,https://badmintonranks.com/tournament?id=10911,8,Malaysia_Open_2024,Takuro HOKI / Yugo KOBAYASHI (7),7.0,2086,LEE Yang / WANG Chang,10.0,2069
9/1/2024,Round 1,WS,Yvonne LI Rank 27 Elo 1834 (+15),22-20 / 22-20,Lianne TAN Rank 48 Elo 1646 (-24),47,https://badmintonranks.com/tournament?id=10911,8,Malaysia_Open_2024,Yvonne LI,27.0,1834,Lianne TAN,48.0,1646
9/1/2024,Round 1,XD,Supak JOMKOH / Supissara PACHARAMONGKOL Rank 20 Elo 1870 (+55),22-20 / 21-19,FENG Yan Zhe / HUANG Dong Ping (4) Rank 3 Elo 2347 (-48),43,https://badmintonranks.com/tournament?id=10911,8,Malaysia_Open_2024,Supak JOMKOH / Supissara PACHARAMONGKOL,20.0,1870,FENG Yan Zhe / HUANG Dong Ping (4),3.0,2347
9/1/2024,Round 1,WS,YEO Jia Min Rank 22 Elo 2036 (+32),21-9 / 21-14,Michelle LI Rank 24 Elo 2112 (-31),31,https://badmintonranks.com/tournament?id=10911,8,Malaysia_Open_2024,YEO Jia Min,22.0,2036,Michelle LI,24.0,2112
9/1/2024,Round 1,XD,Kyohei YAMASHITA / Naru SHINOYA Rank 17 Elo 1930 (+21),21-15 / 18-21 / 21-11,Yuki KANEKO / Misaki MATSUTOMO Rank 21 Elo 1848 (-23),50,https://badmintonranks.com/tournament?id=10911,8,Malaysia_Open_2024,Kyohei YAMASHITA / Naru SHINOYA,17.0,1930,Yuki KANEKO / Misaki MATSUTOMO,21.0,1848
9/1/2024,Round 1,XD,Rehan Naufal KUSHARJANTO / Lisa Ayu KUSUMAWATI Rank 18 Elo 1923 (+23),21-15 / 12-21 / 21-17,Mark LAMSFUSS / Isabel LOHAU Rank 30 Elo 1863 (-24),58,https://badmintonranks.com/tournament?id=10911,8,Malaysia_Open_2024,Rehan Naufal KUSHARJANTO / Lisa Ayu KUSUMAWATI,18.0,1923,Mark LAMSFUSS / Isabel LOHAU,30.0,1863
9/1/2024,Round 1,XD,ZHENG Si Wei / HUANG Ya Qiong (1) Rank 1 Elo 2539 (+1),21-14 / 21-17,LEE Chun Hei / NG Tsz Yau Rank 24 Elo 1970 (-2),33,https://badmintonranks.com/tournament?id=10911,8,Malaysia_Open_2024,ZHENG Si Wei / HUANG Ya Qiong (1),1.0,2539,LEE Chun Hei / NG Tsz Yau,24.0,1970
9/1/2024,Round 1,WS,ZHANG Yi Man Rank 17 Elo 2181 (+3),21-15 / 21-15,AAKARSHI KASHYAP Rank 40 Elo 1720 (-5),37,https://badmintonranks.com/tournament?id=10911,8,Malaysia_Open_2024,ZHANG Yi Man,17.0,2181,AAKARSHI KASHYAP,40.0,1720
9/1/2024,Round 1,MD,Alexander DUNN / Adam HALL Rank 31 Elo 1744 (+32),24-22 / 17-21 / 21-17,Christo POPOV / Toma Junior POPOV Rank 42 Elo 1709 (-36),61,https://badmintonranks.com/tournament?id=10911,8,Malaysia_Open_2024,Alexander DUNN / Adam HALL,31.0,1744,Christo POPOV / Toma Junior POPOV,42.0,1709
9/1/2024,Round 1,WS,Akane YAMAGUCHI (3) Rank 3 Elo 2527 (+4),21-15 / 22-20,Supanida KATETHONG Rank 16 Elo 2091 (-4),43,https://badmintonranks.com/tournament?id=10911,8,Malaysia_Open_2024,Akane YAMAGUCHI (3),3.0,2527,Supanida KATETHONG,16.0,2091
9/1/2024,Round 1,WS,AN Se Young (1) Rank 1 Elo 2660 (+1),21-16 / 21-10,Line Højmark KJAERSFELDT Rank 20 Elo 2004 (-1),31,https://badmintonranks.com/tournament?id=10911,8,Malaysia_Open_2024,AN Se Young (1),1.0,2660,Line Højmark KJAERSFELDT,20.0,2004
9/1/2024,Round 1,XD,KIM Won Ho / JEONG Na Eun (7) Rank 7 Elo 2081 (+13),21-11 / 21-16,TAN Kian Meng / LAI Pei Jing Rank 25 Elo 1888 (-15),38,https://badmintonranks.com/tournament?id=10911,8,Malaysia_Open_2024,KIM Won Ho / JEONG Na Eun (7),7.0,2081,TAN Kian Meng / LAI Pei Jing,25.0,1888
9/1/2024,Round 1,XD,HEE Yong KWON / TAN Wei Qiang Rank 22 Elo 1907 (+41),15-21 / 21-19 / 21-12,YE Hong / LEE Chia Hsin Rank 12 Elo 2072 (-38),51,https://badmintonranks.com/tournament?id=10911,8,Malaysia_Open_2024,HEE Yong KWON / TAN Wei Qiang,22.0,1907,YE Hong / LEE Chia Hsin,12.0,2072
15/1/2023,Final,MD,Fajar ALFIAN / Muhammad Shohibul FIKRI (3) Rank 1 Elo 2214 (+23),21-18 / 18-21 / 21-13,LIANG Wei Keng / WANG Chang Rank 17 Elo 2161 (-23),68,https://badmintonranks.com/tournament?id=13621,1,Malaysia_Open_2023,Fajar ALFIAN / Muhammad Shohibul FIKRI (3),1.0,2214,LIANG Wei Keng / WANG Chang,17.0,2161
15/1/2023,Final,MS,Viktor AXELSEN (1) Rank 1 Elo 2656 (+8),21-6 / 21-15,Kodai NARAOKA Rank 7 Elo 2345 (-7),40,https://badmintonranks.com/tournament?id=13621,1,Malaysia_Open_2023,Viktor AXELSEN (1),1.0,2656,Kodai NARAOKA,7.0,2345
15/1/2023,Final,WS,Akane YAMAGUCHI (1) Rank 1 Elo 2581 (+20),12-21 / 21-19 / 21-11,AN Se Young (2) Rank 4 Elo 2485 (-20),69,https://badmintonranks.com/tournament?id=13621,1,Malaysia_Open_2023,Akane YAMAGUCHI (1),1.0,2581,AN Se Young (2),4.0,2485
15/1/2023,Final,WD,CHEN Qi Ming / JIA Yi Fan (1) Rank 1 Elo 2375 (+8),21-16 / 21-10,BAEK Ha Na / LEE Yu Lim Rank 20 Elo 2076 (-9),52,https://badmintonranks.com/tournament?id=13621,1,Malaysia_Open_2023,CHEN Qi Ming / JIA Yi Fan (1),1.0,2375,BAEK Ha Na / LEE Yu Lim,20.0,2076
15/1/2023,Final,XD,ZHENG Si Wei / HUANG Ya Qiong (1) Rank 1 Elo 2507 (+14),21-19 / 21-11,Yuta WATANABE / Arisa IGAKI (3) Rank 4 Elo 2316 (-14),44,https://badmintonranks.com/tournament?id=13621,1,Malaysia_Open_2023,ZHENG Si Wei / HUANG Ya Qiong (1),1.0,2507,Yuta WATANABE / Arisa IGAKI (3),4.0,2316
14/1/2023,Semi final,MD,Fajar ALFIAN / Muhammad Shohibul FIKRI (3) Rank 1 Elo 2200 (+14),21-18 / 21-17,KANG Min Hyuk / SEO Seung Jae Rank 18 Elo 2016 (-14),42,https://badmintonranks.com/tournament?id=13621,1,Malaysia_Open_2023,Fajar ALFIAN / Muhammad Shohibul FIKRI (3),1.0,2200,KANG Min Hyuk / SEO Seung Jae,18.0,2016
14/1/2023,Semi final,MS,Viktor AXELSEN (1) Rank 1 Elo 2652 (+4),21-7 / 21-15,Kanta TSUNEYAMA Rank 26 Elo 2239 (-5),46,https://badmintonranks.com/tournament?id=13621,1,Malaysia_Open_2023,Viktor AXELSEN (1),1.0,2652,Kanta TSUNEYAMA,26.0,2239
14/1/2023,Semi final,MD,LIANG Wei Keng / WANG Chang Rank 17 Elo 2126 (+35),21-16 / 11-21 / 21-15,Satwiksairaj RANKIREDDY / Chirag SHETTY (7) Rank 5 Elo 2232 (-35),64,https://badmintonranks.com/tournament?id=13621,1,Malaysia_Open_2023,LIANG Wei Keng / WANG Chang,17.0,2126,Satwiksairaj RANKIREDDY / Chirag SHETTY (7),5.0,2232
14/1/2023,Semi final,WS,Akane YAMAGUCHI (1) Rank 1 Elo 2560 (+21),21-18 / 21-16,TAI Tzu Ying (3) Rank 3 Elo 2488 (-22),41,https://badmintonranks.com/tournament?id=13621,1,Malaysia_Open_2023,Akane YAMAGUCHI (1),1.0,2560,TAI Tzu Ying (3),3.0,2488
14/1/2023,Semi final,MS,Kodai NARAOKA Rank 7 Elo 2319 (+26),21-17 / 19-21 / 21-17,Kunlavut VITIDSARN (8) Rank 9 Elo 2316 (-27),113,https://badmintonranks.com/tournament?id=13621,1,Malaysia_Open_2023,Kodai NARAOKA,7.0,2319,Kunlavut VITIDSARN (8),9.0,2316
14/1/2023,Semi final,WD,BAEK Ha Na / LEE Yu Lim Rank 20 Elo 2040 (+36),21-17 / 23-21,ZHANG .. / ZHENG Yu (7) Rank 4 Elo 2151 (-35),72,https://badmintonranks.com/tournament?id=13621,1,Malaysia_Open_2023,BAEK Ha Na / LEE Yu Lim,20.0,2040,ZHANG .. / ZHENG Yu (7),4.0,2151
14/1/2023,Semi final,WS,AN Se Young (2) Rank 4 Elo 2455 (+30),21-12 / 19-21 / 21-9,CHEN Yu Fei (4) Rank 2 Elo 2486 (-29),71,https://badmintonranks.com/tournament?id=13621,1,Malaysia_Open_2023,AN Se Young (2),4.0,2455,CHEN Yu Fei (4),2.0,2486
14/1/2023,Semi final,XD,ZHENG Si Wei / HUANG Ya Qiong (1) Rank 1 Elo 2505 (+2),21-16 / 21-18,Dejan FERDINANSYAH / Gloria Emanuelle WIDJAJA Rank 19 Elo 1990 (-3),43,https://badmintonranks.com/tournament?id=13621,1,Malaysia_Open_2023,ZHENG Si Wei / HUANG Ya Qiong (1),1.0,2505,Dejan FERDINANSYAH / Gloria Emanuelle WIDJAJA,19.0,1990
14/1/2023,Semi final,WD,CHEN Qi Ming / JIA Yi Fan (1) Rank 1 Elo 2369 (+6),21-9 / 2-0 Ret.,Apriyani RAHAYU / Siti Fadia Silva RAMADHANTI Rank 11 Elo 2171 (-5),33,https://badmintonranks.com/tournament?id=13621,1,Malaysia_Open_2023,CHEN Qi Ming / JIA Yi Fan (1),1.0,2369,Apriyani RAHAYU / Siti Fadia Silva RAMADHANTI,11.0,2171
14/1/2023,Semi final,XD,Yuta WATANABE / Arisa IGAKI (3) Rank 4 Elo 2287 (+29),21-18 / 21-15,Dechapol PUAVARANUKROH / Sapsiree TAERATTANACHAI (2) Rank 3 Elo 2311 (-28),43,https://badmintonranks.com/tournament?id=13621,1,Malaysia_Open_2023,Yuta WATANABE / Arisa IGAKI (3),4.0,2287,Dechapol PUAVARANUKROH / Sapsiree TAERATTANACHAI (2),3.0,2311
13/1/2023,Quarter final,WS,TAI Tzu Ying (3) Rank 3 Elo 2485 (+3),21-6 / 21-8,HSU Wen Chi Rank 23 Elo 1981 (-2),25,https://badmintonranks.com/tournament?id=13621,1,Malaysia_Open_2023,TAI Tzu Ying (3),3.0,2485,HSU Wen Chi,23.0,1981
13/1/2023,Quarter final,MD,Fajar ALFIAN / Muhammad Shohibul FIKRI (3) Rank 1 Elo 2180 (+20),14-21 / 21-16 / 21-17,ONG Yew Sin / TEO Ee Yi (8) Rank 7 Elo 2089 (-20),68,https://badmintonranks.com/tournament?id=13621,1,Malaysia_Open_2023,Fajar ALFIAN / Muhammad Shohibul FIKRI (3),1.0,2180,ONG Yew Sin / TEO Ee Yi (8),7.0,2089
13/1/2023,Quarter final,WD,ZHANG .. / ZHENG Yu (7) Rank 4 Elo 2143 (+8),21-19 / 21-19,LI Wen Mei / LIU Xuan Xuan Rank Elo 1841 (-9),49,https://badmintonranks.com/tournament?id=13621,1,Malaysia_Open_2023,ZHANG .. / ZHENG Yu (7),4.0,2143,LI Wen Mei / LIU Xuan Xuan,,1841
13/1/2023,Quarter final,MD,LIANG Wei Keng / WANG Chang Rank 17 Elo 2105 (+21),22-20 / 23-21,Kim ASTRUP / Anders Skaarup RASMUSSEN (6) Rank 8 Elo 2025 (-22),45,https://badmintonranks.com/tournament?id=13621,1,Malaysia_Open_2023,LIANG Wei Keng / WANG Chang,17.0,2105,Kim ASTRUP / Anders Skaarup RASMUSSEN (6),8.0,2025
13/1/2023,Quarter final,MD,Satwiksairaj RANKIREDDY / Chirag SHETTY (7) Rank 5 Elo 2204 (+28),17-21 / 22-20 / 21-9,LIU Yu Chen / OU Xuan Yi Rank 6 Elo 2229 (-28),66,https://badmintonranks.com/tournament?id=13621,1,Malaysia_Open_2023,Satwiksairaj RANKIREDDY / Chirag SHETTY (7),5.0,2204,LIU Yu Chen / OU Xuan Yi,6.0,2229
13/1/2023,Quarter final,MS,Viktor AXELSEN (1) Rank 1 Elo 2647 (+5),21-6 / 21-12,Kenta NISHIMOTO Rank 17 Elo 2254 (-5),38,https://badmintonranks.com/tournament?id=13621,2,Malaysia_Open_2023,Viktor AXELSEN (1),1.0,2647,Kenta NISHIMOTO,17.0,2254
13/1/2023,Quarter final,WS,Akane YAMAGUCHI (1) Rank 1 Elo 2557 (+3),21-12 / 21-11,Mia BLICHFELDT Rank 31 Elo 2048 (-2),34,https://badmintonranks.com/tournament?id=13621,2,Malaysia_Open_2023,Akane YAMAGUCHI (1),1.0,2557,Mia BLICHFELDT,31.0,2048
13/1/2023,Quarter final,MD,KANG Min Hyuk / SEO Seung Jae Rank 18 Elo 1979 (+37),21-13 / 19-21 / 21-11,Hendra SETIAWAN / Mohammad AHSAN (5) Rank 2 Elo 2101 (-36),54,https://badmintonranks.com/tournament?id=13621,2,Malaysia_Open_2023,KANG Min Hyuk / SEO Seung Jae,18.0,1979,Hendra SETIAWAN / Mohammad AHSAN (5),2.0,2101
13/1/2023,Quarter final,WD,BAEK Ha Na / LEE Yu Lim Rank 20 Elo 2027 (+13),21-10 / 21-6,JIN Yu Jia / WONG Jia Lin Rank 29 Elo 1816 (-15),41,https://badmintonranks.com/tournament?id=13621,2,Malaysia_Open_2023,BAEK Ha Na / LEE Yu Lim,20.0,2027,JIN Yu Jia / WONG Jia Lin,29.0,1816
13/1/2023,Quarter final,XD,ZHENG Si Wei / HUANG Ya Qiong (1) Rank 1 Elo 2501 (+4),21-15 / 21-6,Thom GICQUEL / Delphine DELRUE (8) Rank 5 Elo 2040 (-3),37,https://badmintonranks.com/tournament?id=13621,2,Malaysia_Open_2023,ZHENG Si Wei / HUANG Ya Qiong (1),1.0,2501,Thom GICQUEL / Delphine DELRUE (8),5.0,2040
13/1/2023,Quarter final,XD,Dejan FERDINANSYAH / Gloria Emanuelle WIDJAJA Rank 19 Elo 1965 (+25),21-16 / 21-19,KIM Won Ho / JEONG Na Eun Rank 23 Elo 1929 (-26),46,https://badmintonranks.com/tournament?id=13621,2,Malaysia_Open_2023,Dejan FERDINANSYAH / Gloria Emanuelle WIDJAJA,19.0,1965,KIM Won Ho / JEONG Na Eun,23.0,1929
13/1/2023,Quarter final,MS,Kanta TSUNEYAMA Rank 26 Elo 2199 (+40),21-14 / 21-16,Anthony Sinisuka GINTING (6) Rank 4 Elo 2391 (-39),50,https://badmintonranks.com/tournament?id=13621,2,Malaysia_Open_2023,Kanta TSUNEYAMA,26.0,2199,Anthony Sinisuka GINTING (6),4.0,2391
13/1/2023,Quarter final,MS,Kodai NARAOKA Rank 7 Elo 2296 (+23),21-16 / 19-21 / 21-10,PRANNOY H. S. Rank 8 Elo 2251 (-23),84,https://badmintonranks.com/tournament?id=13621,2,Malaysia_Open_2023,Kodai NARAOKA,7.0,2296,PRANNOY H. S.,8.0,2251
13/1/2023,Quarter final,XD,Dechapol PUAVARANUKROH / Sapsiree TAERATTANACHAI (2) Rank 3 Elo 2307 (+4),21-19 / 21-9,CHEN Tang Jie / TOH Ee Wei Rank 147 Elo 1876 (-4),36,https://badmintonranks.com/tournament?id=13621,2,Malaysia_Open_2023,Dechapol PUAVARANUKROH / Sapsiree TAERATTANACHAI (2),3.0,2307,CHEN Tang Jie / TOH Ee Wei,147.0,1876
13/1/2023,Quarter final,WD,Apriyani RAHAYU / Siti Fadia Silva RAMADHANTI Rank 11 Elo 2145 (+26),22-20 / 21-15,KIM So Yeong / KONG Hee Yong (3) Rank 7 Elo 2131 (-25),62,https://badmintonranks.com/tournament?id=13621,2,Malaysia_Open_2023,Apriyani RAHAYU / Siti Fadia Silva RAMADHANTI,11.0,2145,KIM So Yeong / KONG Hee Yong (3),7.0,2131
13/1/2023,Quarter final,MS,Kunlavut VITIDSARN (8) Rank 9 Elo 2290 (+26),21-11 / 20-22 / 21-14,LOH Kean Yew (3) Rank 6 Elo 2287 (-26),80,https://badmintonranks.com/tournament?id=13621,2,Malaysia_Open_2023,Kunlavut VITIDSARN (8),9.0,2290,LOH Kean Yew (3),6.0,2287
13/1/2023,Quarter final,WS,CHEN Yu Fei (4) Rank 2 Elo 2467 (+19),21-18 / 21-19,Carolina MARIN Rank 9 Elo 2367 (-19),57,https://badmintonranks.com/tournament?id=13621,2,Malaysia_Open_2023,CHEN Yu Fei (4),2.0,2467,Carolina MARIN,9.0,2367
13/1/2023,Quarter final,XD,Yuta WATANABE / Arisa IGAKI (3) Rank 4 Elo 2271 (+16),21-17 / 21-17,SEO Seung Jae / CHAE Yu Jung (7) Rank 17 Elo 2124 (-16),42,https://badmintonranks.com/tournament?id=13621,2,Malaysia_Open_2023,Yuta WATANABE / Arisa IGAKI (3),4.0,2271,SEO Seung Jae / CHAE Yu Jung (7),17.0,2124
13/1/2023,Quarter final,WD,CHEN Qi Ming / JIA Yi Fan (1) Rank 1 Elo 2365 (+4),21-17 / 21-17,Gabriela STOEVA / Stefani STOEVA Rank 14 Elo 1945 (-5),50,https://badmintonranks.com/tournament?id=13621,2,Malaysia_Open_2023,CHEN Qi Ming / JIA Yi Fan (1),1.0,2365,Gabriela STOEVA / Stefani STOEVA,14.0,1945
13/1/2023,Quarter final,WS,AN Se Young (2) Rank 4 Elo 2442 (+13),21-17 / 16-21 / 21-19,WANG Zhi Yi (8) Rank 8 Elo 2257 (-14),77,https://badmintonranks.com/tournament?id=13621,2,Malaysia_Open_2023,AN Se Young (2),4.0,2442,WANG Zhi Yi (8),8.0,2257
12/1/2023,Round 2,MD,Kim ASTRUP / Anders Skaarup RASMUSSEN (6) Rank 8 Elo 1992 (+33),21-13 / 21-9,Leo Rolly CARNANDO / Daniel MARTHIN Rank 14 Elo 2066 (-32),37,https://badmintonranks.com/tournament?id=13621,2,Malaysia_Open_2023,Kim ASTRUP / Anders Skaarup RASMUSSEN (6),8.0,1992,Leo Rolly CARNANDO / Daniel MARTHIN,14.0,2066
12/1/2023,Round 2,MD,LIANG Wei Keng / WANG Chang Rank 17 Elo 2073 (+32),20-22 / 21-12 / 21-19,Marcus Fernaldi GIDEON / Kevin Sanjaya SUKAMULJO (2) Rank 23 Elo 2152 (-31),56,https://badmintonranks.com/tournament?id=13621,2,Malaysia_Open_2023,LIANG Wei Keng / WANG Chang,17.0,2073,Marcus Fernaldi GIDEON / Kevin Sanjaya SUKAMULJO (2),23.0,2152
12/1/2023,Round 2,WD,JIN Yu Jia / WONG Jia Lin Rank 29 Elo 1777 (+39),21-18 / 25-23,Supissara PACHARAMONGKOL / Puttita SUPAJIRAKUL Rank 30 Elo 1838 (-36),53,https://badmintonranks.com/tournament?id=13621,2,Malaysia_Open_2023,JIN Yu Jia / WONG Jia Lin,29.0,1777,Supissara PACHARAMONGKOL / Puttita SUPAJIRAKUL,30.0,1838
12/1/2023,Round 2,MD,LIU Yu Chen / OU Xuan Yi Rank 6 Elo 2212 (+17),21-10 / 23-21,Aaron CHIA / SOH Wooi Yik (4) Rank 3 Elo 2093 (-17),41,https://badmintonranks.com/tournament?id=13621,2,Malaysia_Open_2023,LIU Yu Chen / OU Xuan Yi,6.0,2212,Aaron CHIA / SOH Wooi Yik (4),3.0,2093
12/1/2023,Round 2,MD,Hendra SETIAWAN / Mohammad AHSAN (5) Rank 2 Elo 2078 (+23),21-19 / 21-17,Pramudya KUSUMAWARDANA / Yeremia Erich Yoche Yacob RAMBITAN Rank 24 Elo 2032 (-23),29,https://badmintonranks.com/tournament?id=13621,2,Malaysia_Open_2023,Hendra SETIAWAN / Mohammad AHSAN (5),2.0,2078,Pramudya KUSUMAWARDANA / Yeremia Erich Yoche Yacob RAMBITAN,24.0,2032
12/1/2023,Round 2,MD,Satwiksairaj RANKIREDDY / Chirag SHETTY (7) Rank 5 Elo 2195 (+9),21-19 / 22-20,Muhammad Shohibul FIKRI / Bagas MAULANA Rank 11 Elo 1923 (-9),49,https://badmintonranks.com/tournament?id=13621,3,Malaysia_Open_2023,Satwiksairaj RANKIREDDY / Chirag SHETTY (7),5.0,2195,Muhammad Shohibul FIKRI / Bagas MAULANA,11.0,1923
12/1/2023,Round 2,XD,Dechapol PUAVARANUKROH / Sapsiree TAERATTANACHAI (2) Rank 3 Elo 2302 (+5),21-12 / 21-13,HEE Yong KWON / TAN Wei Qiang Rank 13 Elo 1929 (-6),31,https://badmintonranks.com/tournament?id=13621,3,Malaysia_Open_2023,Dechapol PUAVARANUKROH / Sapsiree TAERATTANACHAI (2),3.0,2302,HEE Yong KWON / TAN Wei Qiang,13.0,1929
12/1/2023,Round 2,XD,ZHENG Si Wei / HUANG Ya Qiong (1) Rank 1 Elo 2499 (+2),21-16 / 21-10,GOH Soon Huat / LAI Shevon Jemie Rank 7 Elo 1975 (-3),30,https://badmintonranks.com/tournament?id=13621,3,Malaysia_Open_2023,ZHENG Si Wei / HUANG Ya Qiong (1),1.0,2499,GOH Soon Huat / LAI Shevon Jemie,7.0,1975
12/1/2023,Round 2,WD,KIM So Yeong / KONG Hee Yong (3) Rank 7 Elo 2112 (+19),21-17 / 23-21,Benyapa AIMSAARD / Nuntakarn AIMSAARD Rank 9 Elo 2026 (-19),48,https://badmintonranks.com/tournament?id=13621,3,Malaysia_Open_2023,KIM So Yeong / KONG Hee Yong (3),7.0,2112,Benyapa AIMSAARD / Nuntakarn AIMSAARD,9.0,2026
12/1/2023,Round 2,XD,CHEN Tang Jie / TOH Ee Wei Rank 147 Elo 1833 (+43),21-19 / 21-16,Rehan Naufal KUSHARJANTO / Lisa Ayu KUSUMAWATI Rank 12 Elo 1989 (-37),46,https://badmintonranks.com/tournament?id=13621,3,Malaysia_Open_2023,CHEN Tang Jie / TOH Ee Wei,147.0,1833,Rehan Naufal KUSHARJANTO / Lisa Ayu KUSUMAWATI,12.0,1989
12/1/2023,Round 2,MD,KANG Min Hyuk / SEO Seung Jae Rank 18 Elo 1944 (+35),21-18 / 21-17,LEE Yang / WANG Chang Rank 12 Elo 2047 (-34),47,https://badmintonranks.com/tournament?id=13621,3,Malaysia_Open_2023,KANG Min Hyuk / SEO Seung Jae,18.0,1944,LEE Yang / WANG Chang,12.0,2047
12/1/2023,Round 2,MS,Kodai NARAOKA Rank 7 Elo 2281 (+15),15-21 / 21-19 / 21-15,NG Tze Yong Rank 25 Elo 2122 (-15),92,https://badmintonranks.com/tournament?id=13621,3,Malaysia_Open_2023,Kodai NARAOKA,7.0,2281,NG Tze Yong,25.0,2122
12/1/2023,Round 2,MS,Viktor AXELSEN (1) Rank 1 Elo 2647 (+0),W.O.,LIEW Daren Rank 31 Elo 1977 (-0),0,https://badmintonranks.com/tournament?id=13621,3,Malaysia_Open_2023,Viktor AXELSEN (1),1.0,2647,LIEW Daren,31.0,1977
12/1/2023,Round 2,WS,Mia BLICHFELDT Rank 31 Elo 2025 (+23),21-17 / 19-21 / 21-14,Aya OHORI Rank 36 Elo 1985 (-24),67,https://badmintonranks.com/tournament?id=13621,3,Malaysia_Open_2023,Mia BLICHFELDT,31.0,2025,Aya OHORI,36.0,1985
12/1/2023,Round 2,WS,CHEN Yu Fei (4) Rank 2 Elo 2460 (+7),21-13 / 10-21 / 21-13,Michelle LI Rank 14 Elo 2123 (-7),56,https://badmintonranks.com/tournament?id=13621,3,Malaysia_Open_2023,CHEN Yu Fei (4),2.0,2460,Michelle LI,14.0,2123
12/1/2023,Round 2,WD,Apriyani RAHAYU / Siti Fadia Silva RAMADHANTI Rank 11 Elo 2125 (+20),21-16 / 13-21 / 21-15,JEONG Na Eun / KIM Hye Rin (5) Rank 3 Elo 2050 (-20),79,https://badmintonranks.com/tournament?id=13621,3,Malaysia_Open_2023,Apriyani RAHAYU / Siti Fadia Silva RAMADHANTI,11.0,2125,JEONG Na Eun / KIM Hye Rin (5),3.0,2050
12/1/2023,Round 2,WD,BAEK Ha Na / LEE Yu Lim Rank 20 Elo 2023 (+4),21-2 / 21-6,Srivedya GURAZADA / Ishika JAISWAL Rank 38 Elo 1608 (-9),27,https://badmintonranks.com/tournament?id=13621,3,Malaysia_Open_2023,BAEK Ha Na / LEE Yu Lim,20.0,2023,Srivedya GURAZADA / Ishika JAISWAL,38.0,1608
12/1/2023,Round 2,XD,Thom GICQUEL / Delphine DELRUE (8) Rank 5 Elo 2033 (+7),21-18 / 13-21 / 21-12,HOO Pang Ron / TEOH Mei Xing Rank 157 Elo 1703 (-11),62,https://badmintonranks.com/tournament?id=13621,3,Malaysia_Open_2023,Thom GICQUEL / Delphine DELRUE (8),5.0,2033,HOO Pang Ron / TEOH Mei Xing,157.0,1703
12/1/2023,Round 2,WS,HSU Wen Chi Rank 23 Elo 1935 (+46),21-18 / 16-21 / 21-18,Gregoria Mariska TUNJUNG Rank 15 Elo 2230 (-42),71,https://badmintonranks.com/tournament?id=13621,3,Malaysia_Open_2023,HSU Wen Chi,23.0,1935,Gregoria Mariska TUNJUNG,15.0,2230
12/1/2023,Round 2,MS,Kanta TSUNEYAMA Rank 26 Elo 2168 (+31),23-21 / 21-19,CHOU Tien Chen (4) Rank 5 Elo 2239 (-30),59,https://badmintonranks.com/tournament?id=13621,3,Malaysia_Open_2023,Kanta TSUNEYAMA,26.0,2168,CHOU Tien Chen (4),5.0,2239
12/1/2023,Round 2,MS,PRANNOY H. S. Rank 8 Elo 2237 (+14),21-9 / 15-21 / 21-16,Chico Aura DWI WARDOYO Rank 19 Elo 2084 (-15),64,https://badmintonranks.com/tournament?id=13621,3,Malaysia_Open_2023,PRANNOY H. S.,8.0,2237,Chico Aura DWI WARDOYO,19.0,2084
12/1/2023,Round 2,MS,Anthony Sinisuka GINTING (6) Rank 4 Elo 2377 (+14),21-14 / 17-21 / 21-17,Anders ANTONSEN Rank 30 Elo 2208 (-14),72,https://badmintonranks.com/tournament?id=13621,3,Malaysia_Open_2023,Anthony Sinisuka GINTING (6),4.0,2377,Anders ANTONSEN,30.0,2208
12/1/2023,Round 2,MS,Kunlavut VITIDSARN (8) Rank 9 Elo 2284 (+6),21-14 / 21-17,Kantaphon WANGCHAROEN Rank 32 Elo 1945 (-7),57,https://badmintonranks.com/tournament?id=13621,3,Malaysia_Open_2023,Kunlavut VITIDSARN (8),9.0,2284,Kantaphon WANGCHAROEN,32.0,1945
12/1/2023,Round 2,WS,Akane YAMAGUCHI (1) Rank 1 Elo 2553 (+4),21-15 / 21-15,Busanan ONGBAMRUNGPHAN Rank 10 Elo 2157 (-5),41,https://badmintonranks.com/tournament?id=13621,3,Malaysia_Open_2023,Akane YAMAGUCHI (1),1.0,2553,Busanan ONGBAMRUNGPHAN,10.0,2157
12/1/2023,Round 2,MD,Fajar ALFIAN / Muhammad Shohibul FIKRI (3) Rank 1 Elo 2170 (+10),8-21 / 21-19 / 21-16,Mark LAMSFUSS / Marvin SEIDEL Rank 16 Elo 1935 (-11),70,https://badmintonranks.com/tournament?id=13621,3,Malaysia_Open_2023,Fajar ALFIAN / Muhammad Shohibul FIKRI (3),1.0,2170,Mark LAMSFUSS / Marvin SEIDEL,16.0,1935
12/1/2023,Round 2,XD,SEO Seung Jae / CHAE Yu Jung (7) Rank 17 Elo 2116 (+8),21-13 / 21-15,YE Hong / LEE Chia Hsin Rank 27 Elo 1798 (-9),29,https://badmintonranks.com/tournament?id=13621,4,Malaysia_Open_2023,SEO Seung Jae / CHAE Yu Jung (7),17.0,2116,YE Hong / LEE Chia Hsin,27.0,1798
12/1/2023,Round 2,MD,ONG Yew Sin / TEO Ee Yi (8) Rank 7 Elo 2064 (+25),17-21 / 21-13 / 21-14,LU Ching Yao / YANG Po Hsuan Rank 15 Elo 2050 (-25),85,https://badmintonranks.com/tournament?id=13621,4,Malaysia_Open_2023,ONG Yew Sin / TEO Ee Yi (8),7.0,2064,LU Ching Yao / YANG Po Hsuan,15.0,2050
12/1/2023,Round 2,MS,Kenta NISHIMOTO Rank 17 Elo 2227 (+27),21-15 / 21-17,Jonatan CHRISTIE (5) Rank 3 Elo 2249 (-27),52,https://badmintonranks.com/tournament?id=13621,4,Malaysia_Open_2023,Kenta NISHIMOTO,17.0,2227,Jonatan CHRISTIE (5),3.0,2249
12/1/2023,Round 2,WS,WANG Zhi Yi (8) Rank 8 Elo 2249 (+8),21-13 / 21-10,PAI Yu Po Rank 37 Elo 1966 (-9),37,https://badmintonranks.com/tournament?id=13621,4,Malaysia_Open_2023,WANG Zhi Yi (8),8.0,2249,PAI Yu Po,37.0,1966
12/1/2023,Round 2,WS,TAI Tzu Ying (3) Rank 3 Elo 2475 (+10),21-10 / 21-13,HAN Yue Rank 11 Elo 2233 (-10),32,https://badmintonranks.com/tournament?id=13621,4,Malaysia_Open_2023,TAI Tzu Ying (3),3.0,2475,HAN Yue,11.0,2233
12/1/2023,Round 2,WS,Carolina MARIN Rank 9 Elo 2352 (+15),21-14 / 21-17,Pornpawee CHOCHUWONG Rank 12 Elo 2209 (-16),50,https://badmintonranks.com/tournament?id=13621,4,Malaysia_Open_2023,Carolina MARIN,9.0,2352,Pornpawee CHOCHUWONG,12.0,2209
12/1/2023,Round 2,XD,Yuta WATANABE / Arisa IGAKI (3) Rank 4 Elo 2264 (+7),21-17 / 21-13,Yuki KANEKO / Misaki MATSUTOMO Rank 15 Elo 1949 (-8),46,https://badmintonranks.com/tournament?id=13621,4,Malaysia_Open_2023,Yuta WATANABE / Arisa IGAKI (3),4.0,2264,Yuki KANEKO / Misaki MATSUTOMO,15.0,1949
12/1/2023,Round 2,WD,LI Wen Mei / LIU Xuan Xuan Rank Elo 1807 (+34),21-12 / 17-21 / 21-14,DU Yue / XIA Yu Ting Rank Elo 1831 (-32),89,https://badmintonranks.com/tournament?id=13621,4,Malaysia_Open_2023,LI Wen Mei / LIU Xuan Xuan,,1807,DU Yue / XIA Yu Ting,,1831
12/1/2023,Round 2,WD,CHEN Qi Ming / JIA Yi Fan (1) Rank 1 Elo 2363 (+2),21-7 / 21-9,Febriana Dwipuji KUSUMA / Amallia Cahaya PRATIWI Rank 19 Elo 1819 (-2),31,https://badmintonranks.com/tournament?id=13621,4,Malaysia_Open_2023,CHEN Qi Ming / JIA Yi Fan (1),1.0,2363,Febriana Dwipuji KUSUMA / Amallia Cahaya PRATIWI,19.0,1819
12/1/2023,Round 2,MS,LOH Kean Yew (3) Rank 6 Elo 2270 (+17),21-15 / 21-8,ZHAO Jun Peng Rank 12 Elo 2160 (-18),39,https://badmintonranks.com/tournament?id=13621,4,Malaysia_Open_2023,LOH Kean Yew (3),6.0,2270,ZHAO Jun Peng,12.0,2160
12/1/2023,Round 2,WD,Gabriela STOEVA / Stefani STOEVA Rank 14 Elo 1923 (+22),21-13 / 15-21 / 21-17,Treesa JOLLY / GAYATRI GOPICHAND Rank 16 Elo 1853 (-24),69,https://badmintonranks.com/tournament?id=13621,4,Malaysia_Open_2023,Gabriela STOEVA / Stefani STOEVA,14.0,1923,Treesa JOLLY / GAYATRI GOPICHAND,16.0,1853
12/1/2023,Round 2,WD,ZHANG .. / ZHENG Yu (7) Rank 4 Elo 2141 (+2),21-10 / 21-7,GO Pei Kee / TEOH Mei Xing Rank 193 Elo 1640 (-5),33,https://badmintonranks.com/tournament?id=13621,4,Malaysia_Open_2023,ZHANG .. / ZHENG Yu (7),4.0,2141,GO Pei Kee / TEOH Mei Xing,193.0,1640
12/1/2023,Round 2,XD,KIM Won Ho / JEONG Na Eun Rank 23 Elo 1880 (+49),12-21 / 22-20 / 23-21,WANG Yi Lyu / HUANG Dong Ping (4) Rank 2 Elo 2201 (-44),74,https://badmintonranks.com/tournament?id=13621,4,Malaysia_Open_2023,KIM Won Ho / JEONG Na Eun,23.0,1880,WANG Yi Lyu / HUANG Dong Ping (4),2.0,2201
12/1/2023,Round 2,XD,Dejan FERDINANSYAH / Gloria Emanuelle WIDJAJA Rank 19 Elo 1928 (+37),21-17 / 21-16,TANG Chun Man / TSE Ying Suet (5) Rank 26 Elo 2038 (-34),40,https://badmintonranks.com/tournament?id=13621,4,Malaysia_Open_2023,Dejan FERDINANSYAH / Gloria Emanuelle WIDJAJA,19.0,1928,TANG Chun Man / TSE Ying Suet (5),26.0,2038
12/1/2023,Round 2,WS,AN Se Young (2) Rank 4 Elo 2439 (+3),21-10 / 21-12,GOH Jin Wei Rank 33 Elo 1979 (-4),33,https://badmintonranks.com/tournament?id=13621,4,Malaysia_Open_2023,AN Se Young (2),4.0,2439,GOH Jin Wei,33.0,1979
11/1/2023,Round 1,MS,Kodai NARAOKA Rank 7 Elo 2255 (+26),13-21 / 21-17 / 21-19,LEE Zii Jia (2) Rank 2 Elo 2276 (-27),73,https://badmintonranks.com/tournament?id=13621,4,Malaysia_Open_2023,Kodai NARAOKA,7.0,2255,LEE Zii Jia (2),2.0,2276
11/1/2023,Round 1,MD,Marcus Fernaldi GIDEON / Kevin Sanjaya SUKAMULJO (2) Rank 23 Elo 2145 (+7),21-18 / 23-21,MAN Wei Chong / TEE Kai Wun Rank 19 Elo 1836 (-9),33,https://badmintonranks.com/tournament?id=13621,4,Malaysia_Open_2023,Marcus Fernaldi GIDEON / Kevin Sanjaya SUKAMULJO (2),23.0,2145,MAN Wei Chong / TEE Kai Wun,19.0,1836
11/1/2023,Round 1,MD,LIANG Wei Keng / WANG Chang Rank 17 Elo 2057 (+16),16-21 / 21-11 / 21-17,GOH Sze Fei / Nur IZZUDDIN Rank 10 Elo 1918 (-17),54,https://badmintonranks.com/tournament?id=13621,4,Malaysia_Open_2023,LIANG Wei Keng / WANG Chang,17.0,2057,GOH Sze Fei / Nur IZZUDDIN,10.0,1918
11/1/2023,Round 1,MD,Leo Rolly CARNANDO / Daniel MARTHIN Rank 14 Elo 2053 (+13),21-14 / 21-18,Akira KOGA / Taichi SAITO Rank 26 Elo 1865 (-15),35,https://badmintonranks.com/tournament?id=13621,4,Malaysia_Open_2023,Leo Rolly CARNANDO / Daniel MARTHIN,14.0,2053,Akira KOGA / Taichi SAITO,26.0,1865
11/1/2023,Round 1,MS,NG Tze Yong Rank 25 Elo 2111 (+11),21-4 / 21-10,Nhat NGUYEN Rank 28 Elo 1873 (-12),35,https://badmintonranks.com/tournament?id=13621,4,Malaysia_Open_2023,NG Tze Yong,25.0,2111,Nhat NGUYEN,28.0,1873
11/1/2023,Round 1,WS,WANG Zhi Yi (8) Rank 8 Elo 2237 (+12),21-16 / 21-10,ZHANG Yi Man Rank 18 Elo 2034 (-13),38,https://badmintonranks.com/tournament?id=13621,5,Malaysia_Open_2023,WANG Zhi Yi (8),8.0,2237,ZHANG Yi Man,18.0,2034
11/1/2023,Round 1,MD,Aaron CHIA / SOH Wooi Yik (4) Rank 3 Elo 2078 (+15),16-21 / 21-15 / 21-16,LEE Jhe-Huei / YANG Po Hsuan Rank 38 Elo 1923 (-17),56,https://badmintonranks.com/tournament?id=13621,5,Malaysia_Open_2023,Aaron CHIA / SOH Wooi Yik (4),3.0,2078,LEE Jhe-Huei / YANG Po Hsuan,38.0,1923
11/1/2023,Round 1,MD,Kim ASTRUP / Anders Skaarup RASMUSSEN (6) Rank 8 Elo 1984 (+8),21-13 / 21-10,Keiichiro MATSUI / Yoshinori TAKEUTI Rank 31 Elo 1703 (-14),34,https://badmintonranks.com/tournament?id=13621,5,Malaysia_Open_2023,Kim ASTRUP / Anders Skaarup RASMUSSEN (6),8.0,1984,Keiichiro MATSUI / Yoshinori TAKEUTI,31.0,1703
11/1/2023,Round 1,WD,JIN Yu Jia / WONG Jia Lin Rank 29 Elo 1744 (+33),20-22 / 21-14 / 21-19,Julie MACPHERSON / Ciara TORRANCE Rank 31 Elo 1709 (-35),57,https://badmintonranks.com/tournament?id=13621,5,Malaysia_Open_2023,JIN Yu Jia / WONG Jia Lin,29.0,1744,Julie MACPHERSON / Ciara TORRANCE,31.0,1709
11/1/2023,Round 1,WS,PAI Yu Po Rank 37 Elo 1931 (+35),21-18 / 24-22,ZHANG Beiwen Rank 24 Elo 2026 (-33),39,https://badmintonranks.com/tournament?id=13621,5,Malaysia_Open_2023,PAI Yu Po,37.0,1931,ZHANG Beiwen,24.0,2026
11/1/2023,Round 1,MD,LIU Yu Chen / OU Xuan Yi Rank 6 Elo 2201 (+11),21-19 / 24-22,Ben LANE / Sean VENDY Rank 13 Elo 1991 (-12),38,https://badmintonranks.com/tournament?id=13621,5,Malaysia_Open_2023,LIU Yu Chen / OU Xuan Yi,6.0,2201,Ben LANE / Sean VENDY,13.0,1991
11/1/2023,Round 1,WD,Supissara PACHARAMONGKOL / Puttita SUPAJIRAKUL Rank 30 Elo 1818 (+20),21-10 / 21-12,Ashwini BHAT K / Shikha GAUTAM Rank 36 Elo 1687 (-26),28,https://badmintonranks.com/tournament?id=13621,5,Malaysia_Open_2023,Supissara PACHARAMONGKOL / Puttita SUPAJIRAKUL,30.0,1818,Ashwini BHAT K / Shikha GAUTAM,36.0,1687
11/1/2023,Round 1,WS,Carolina MARIN Rank 9 Elo 2323 (+29),21-12 / 10-21 / 21-15,PUSARLA V. Sindhu (6) Rank 7 Elo 2377 (-29),59,https://badmintonranks.com/tournament?id=13621,5,Malaysia_Open_2023,Carolina MARIN,9.0,2323,PUSARLA V. Sindhu (6),7.0,2377
11/1/2023,Round 1,MD,Muhammad Shohibul FIKRI / Bagas MAULANA Rank 11 Elo 1908 (+15),16-21 / 21-16 / 21-19,Supak JOMKOH / Kittinupong KEDREN Rank 35 Elo 1742 (-20),56,https://badmintonranks.com/tournament?id=13621,5,Malaysia_Open_2023,Muhammad Shohibul FIKRI / Bagas MAULANA,11.0,1908,Supak JOMKOH / Kittinupong KEDREN,35.0,1742
11/1/2023,Round 1,WS,Pornpawee CHOCHUWONG Rank 12 Elo 2199 (+10),21-15 / 21-16,YEO Jia Min Rank 34 Elo 1948 (-10),39,https://badmintonranks.com/tournament?id=13621,5,Malaysia_Open_2023,Pornpawee CHOCHUWONG,12.0,2199,YEO Jia Min,34.0,1948
11/1/2023,Round 1,WD,LI Wen Mei / LIU Xuan Xuan Rank Elo 1776 (+31),21-7 / 21-11,NG Tsz Yau / TSANG Hiu Yan Rank 55 Elo 1744 (-32),27,https://badmintonranks.com/tournament?id=13621,5,Malaysia_Open_2023,LI Wen Mei / LIU Xuan Xuan,,1776,NG Tsz Yau / TSANG Hiu Yan,55.0,1744
11/1/2023,Round 1,MS,Chico Aura DWI WARDOYO Rank 19 Elo 2064 (+20),21-11 / 16-21 / 25-23,Hans-Kristian Solberg VITTINGHUS Rank 39 Elo 1982 (-21),65,https://badmintonranks.com/tournament?id=13621,5,Malaysia_Open_2023,Chico Aura DWI WARDOYO,19.0,2064,Hans-Kristian Solberg VITTINGHUS,39.0,1982
11/1/2023,Round 1,XD,Rehan Naufal KUSHARJANTO / Lisa Ayu KUSUMAWATI Rank 12 Elo 1978 (+11),18-21 / 21-15 / 21-7,CHAN Peng Soon / GOH Liu Ying Rank Elo 1752 (-15),58,https://badmintonranks.com/tournament?id=13621,5,Malaysia_Open_2023,Rehan Naufal KUSHARJANTO / Lisa Ayu KUSUMAWATI,12.0,1978,CHAN Peng Soon / GOH Liu Ying,,1752
11/1/2023,Round 1,XD,CHEN Tang Jie / TOH Ee Wei Rank 147 Elo 1781 (+52),21-15 / 21-10,TAN Kian Meng / LAI Pei Jing (6) Rank 6 Elo 2002 (-41),31,https://badmintonranks.com/tournament?id=13621,5,Malaysia_Open_2023,CHEN Tang Jie / TOH Ee Wei,147.0,1781,TAN Kian Meng / LAI Pei Jing (6),6.0,2002
11/1/2023,Round 1,MD,Satwiksairaj RANKIREDDY / Chirag SHETTY (7) Rank 5 Elo 2181 (+14),21-16 / 21-13,CHOI Sol Gyu / KIM Won Ho Rank 9 Elo 2014 (-14),44,https://badmintonranks.com/tournament?id=13621,5,Malaysia_Open_2023,Satwiksairaj RANKIREDDY / Chirag SHETTY (7),5.0,2181,CHOI Sol Gyu / KIM Won Ho,9.0,2014
11/1/2023,Round 1,MS,LOH Kean Yew (3) Rank 6 Elo 2257 (+13),21-19 / 23-21,LI Shi Feng Rank 20 Elo 2068 (-13),51,https://badmintonranks.com/tournament?id=13621,5,Malaysia_Open_2023,LOH Kean Yew (3),6.0,2257,LI Shi Feng,20.0,2068
11/1/2023,Round 1,MS,PRANNOY H. S. Rank 8 Elo 2212 (+25),22-24 / 21-12 / 21-18,Lakshya SEN (7) Rank 10 Elo 2195 (-24),61,https://badmintonranks.com/tournament?id=13621,5,Malaysia_Open_2023,PRANNOY H. S.,8.0,2212,Lakshya SEN (7),10.0,2195
11/1/2023,Round 1,WD,Srivedya GURAZADA / Ishika JAISWAL Rank 38 Elo 1543 (+65),21-17 / 18-21 / 21-16,Clara AZURMENDI / Beatriz CORRALES Rank 43 Elo 1536 (-67),51,https://badmintonranks.com/tournament?id=13621,5,Malaysia_Open_2023,Srivedya GURAZADA / Ishika JAISWAL,38.0,1543,Clara AZURMENDI / Beatriz CORRALES,43.0,1536
11/1/2023,Round 1,WS,Michelle LI Rank 14 Elo 2113 (+10),21-13 / 21-15,Line CHRISTOPHERSEN Rank 29 Elo 1862 (-11),32,https://badmintonranks.com/tournament?id=13621,5,Malaysia_Open_2023,Michelle LI,14.0,2113,Line CHRISTOPHERSEN,29.0,1862
11/1/2023,Round 1,WD,GO Pei Kee / TEOH Mei Xing Rank 193 Elo 1558 (+82),21-13 / 21-13,Vivian HO / LIM Chiew Sien Rank 15 Elo 1668 (-57),35,https://badmintonranks.com/tournament?id=13621,5,Malaysia_Open_2023,GO Pei Kee / TEOH Mei Xing,193.0,1558,Vivian HO / LIM Chiew Sien,15.0,1668
11/1/2023,Round 1,WD,DU Yue / XIA Yu Ting Rank Elo 1776 (+55),21-19 / 22-20,LEE So Hee / SHIN Se.. (4) Rank 10 Elo 2036 (-43),55,https://badmintonranks.com/tournament?id=13621,6,Malaysia_Open_2023,DU Yue / XIA Yu Ting,,1776,LEE So Hee / SHIN Se.. (4),10.0,2036
11/1/2023,Round 1,MS,Kantaphon WANGCHAROEN Rank 32 Elo 1910 (+35),21-16 / 17-21 / 21-13,Brian YANG Rank 22 Elo 1988 (-33),59,https://badmintonranks.com/tournament?id=13621,6,Malaysia_Open_2023,Kantaphon WANGCHAROEN,32.0,1910,Brian YANG,22.0,1988
11/1/2023,Round 1,WD,BAEK Ha Na / LEE Yu Lim Rank 20 Elo 1992 (+31),21-15 / 17-21 / 21-16,Jongkolphan KITITHARAKUL / Rawinda PRAJONGJAI (6) Rank 5 Elo 2049 (-30),57,https://badmintonranks.com/tournament?id=13621,6,Malaysia_Open_2023,BAEK Ha Na / LEE Yu Lim,20.0,1992,Jongkolphan KITITHARAKUL / Rawinda PRAJONGJAI (6),5.0,2049
11/1/2023,Round 1,MS,ZHAO Jun Peng Rank 12 Elo 2130 (+30),21-17 / 21-16,LU Guang Zu Rank 11 Elo 2186 (-29),46,https://badmintonranks.com/tournament?id=13621,6,Malaysia_Open_2023,ZHAO Jun Peng,12.0,2130,LU Guang Zu,11.0,2186
11/1/2023,Round 1,XD,HEE Yong KWON / TAN Wei Qiang Rank 13 Elo 1917 (+12),21-16 / 21-10,Jones Ralfy JANSEN / Linda EFLER Rank 24 Elo 1681 (-18),30,https://badmintonranks.com/tournament?id=13621,6,Malaysia_Open_2023,HEE Yong KWON / TAN Wei Qiang,13.0,1917,Jones Ralfy JANSEN / Linda EFLER,24.0,1681
11/1/2023,Round 1,WS,AN Se Young (2) Rank 4 Elo 2438 (+1),21-9 / 21-13,Malvika BANSOD Rank 28 Elo 1749 (-1),31,https://badmintonranks.com/tournament?id=13621,6,Malaysia_Open_2023,AN Se Young (2),4.0,2438,Malvika BANSOD,28.0,1749
11/1/2023,Round 1,XD,Yuta WATANABE / Arisa IGAKI (3) Rank 4 Elo 2261 (+3),21-9 / 21-16,Gregory MAIRS / Jenny MAINZER Rank 29 Elo 1787 (-4),26,https://badmintonranks.com/tournament?id=13621,6,Malaysia_Open_2023,Yuta WATANABE / Arisa IGAKI (3),4.0,2261,Gregory MAIRS / Jenny MAINZER,29.0,1787
11/1/2023,Round 1,XD,Yuki KANEKO / Misaki MATSUTOMO Rank 15 Elo 1932 (+17),21-17 / 21-18,Zachariah Josiahno SUMITRO / Hediana JULIMARBELA Rank 32 Elo 1778 (-20),35,https://badmintonranks.com/tournament?id=13621,6,Malaysia_Open_2023,Yuki KANEKO / Misaki MATSUTOMO,15.0,1932,Zachariah Josiahno SUMITRO / Hediana JULIMARBELA,32.0,1778
11/1/2023,Round 1,MS,Kunlavut VITIDSARN (8) Rank 9 Elo 2268 (+16),21-23 / 21-19 / 24-22,Shesar Hiren RHUSTAVITO Rank 24 Elo 2128 (-16),76,https://badmintonranks.com/tournament?id=13621,6,Malaysia_Open_2023,Kunlavut VITIDSARN (8),9.0,2268,Shesar Hiren RHUSTAVITO,24.0,2128
11/1/2023,Round 1,XD,Dechapol PUAVARANUKROH / Sapsiree TAERATTANACHAI (2) Rank 3 Elo 2296 (+6),21-14 / 21-14,Supak JOMKOH / Supissara PACHARAMONGKOL Rank 10 Elo 1935 (-6),32,https://badmintonranks.com/tournament?id=13621,6,Malaysia_Open_2023,Dechapol PUAVARANUKROH / Sapsiree TAERATTANACHAI (2),3.0,2296,Supak JOMKOH / Supissara PACHARAMONGKOL,10.0,1935
11/1/2023,Round 1,WD,ZHANG .. / ZHENG Yu (7) Rank 4 Elo 2119 (+22),21-15 / 19-21 / 21-16,Yuki FUKUSHIMA / Sayaka HIROTA Rank 12 Elo 2069 (-23),70,https://badmintonranks.com/tournament?id=13621,6,Malaysia_Open_2023,ZHANG .. / ZHENG Yu (7),4.0,2119,Yuki FUKUSHIMA / Sayaka HIROTA,12.0,2069
11/1/2023,Round 1,WS,GOH Jin Wei Rank 33 Elo 1957 (+22),21-11 / 21-18,Yvonne LI Rank 26 Elo 1884 (-22),39,https://badmintonranks.com/tournament?id=13621,6,Malaysia_Open_2023,GOH Jin Wei,33.0,1957,Yvonne LI,26.0,1884
11/1/2023,Round 1,XD,YE Hong / LEE Chia Hsin Rank 27 Elo 1772 (+26),21-19 / 23-21,LEE Jhe-Huei / HSU Ya Ching Rank 50 Elo 1692 (-32),25,https://badmintonranks.com/tournament?id=13621,6,Malaysia_Open_2023,YE Hong / LEE Chia Hsin,27.0,1772,LEE Jhe-Huei / HSU Ya Ching,50.0,1692
11/1/2023,Round 1,WS,CHEN Yu Fei (4) Rank 2 Elo 2450 (+10),21-9 / 21-17,Nozomi OKUHARA Rank 13 Elo 2210 (-10),34,https://badmintonranks.com/tournament?id=13621,6,Malaysia_Open_2023,CHEN Yu Fei (4),2.0,2450,Nozomi OKUHARA,13.0,2210
11/1/2023,Round 1,XD,SEO Seung Jae / CHAE Yu Jung (7) Rank 17 Elo 2108 (+8),21-17 / 26-24,LEE Chun Hei / NG Tsz Yau Rank 22 Elo 1828 (-11),38,https://badmintonranks.com/tournament?id=13621,6,Malaysia_Open_2023,SEO Seung Jae / CHAE Yu Jung (7),17.0,2108,LEE Chun Hei / NG Tsz Yau,22.0,1828
10/1/2023,Round 1,MD,LEE Yang / WANG Chang Rank 12 Elo 2017 (+30),21-13 / 21-15,Takuro HOKI / Yugo KOBAYASHI (1) Rank 4 Elo 2061 (-30),32,https://badmintonranks.com/tournament?id=13621,6,Malaysia_Open_2023,LEE Yang / WANG Chang,12.0,2017,Takuro HOKI / Yugo KOBAYASHI (1),4.0,2061
10/1/2023,Round 1,MD,Fajar ALFIAN / Muhammad Shohibul FIKRI (3) Rank 1 Elo 2168 (+2),19-21 / 21-16 / 21-15,Christo POPOV / Toma Junior POPOV Rank 33 Elo 1622 (-4),58,https://badmintonranks.com/tournament?id=13621,6,Malaysia_Open_2023,Fajar ALFIAN / Muhammad Shohibul FIKRI (3),1.0,2168,Christo POPOV / Toma Junior POPOV,33.0,1622
10/1/2023,Round 1,MD,Hendra SETIAWAN / Mohammad AHSAN (5) Rank 2 Elo 2061 (+17),19-21 / 21-8 / 21-13,HE Ji Ting / ZHOU Hao Dong Rank 20 Elo 1941 (-18),40,https://badmintonranks.com/tournament?id=13621,6,Malaysia_Open_2023,Hendra SETIAWAN / Mohammad AHSAN (5),2.0,2061,HE Ji Ting / ZHOU Hao Dong,20.0,1941
10/1/2023,Round 1,MS,Viktor AXELSEN (1) Rank 1 Elo 2643 (+4),17-21 / 21-14 / 21-12,Rasmus GEMKE Rank 21 Elo 2208 (-4),65,https://badmintonranks.com/tournament?id=13621,6,Malaysia_Open_2023,Viktor AXELSEN (1),1.0,2643,Rasmus GEMKE,21.0,2208
10/1/2023,Round 1,MS,CHOU Tien Chen (4) Rank 5 Elo 2206 (+33),21-23 / 24-22 / 21-18,SHI Yu Qi Rank 34 Elo 2309 (-32),79,https://badmintonranks.com/tournament?id=13621,6,Malaysia_Open_2023,CHOU Tien Chen (4),5.0,2206,SHI Yu Qi,34.0,2309
10/1/2023,Round 1,WD,JEONG Na Eun / KIM Hye Rin (5) Rank 3 Elo 2040 (+10),21-16 / 21-11,Chloe COBB / Lauren SMITH Rank 95 Elo 1794 (-13),36,https://badmintonranks.com/tournament?id=13621,7,Malaysia_Open_2023,JEONG Na Eun / KIM Hye Rin (5),3.0,2040,Chloe COBB / Lauren SMITH,95.0,1794
10/1/2023,Round 1,WD,Benyapa AIMSAARD / Nuntakarn AIMSAARD Rank 9 Elo 2022 (+4),21-16 / 21-15,Linda EFLER / Isabel LOHAU Rank 26 Elo 1626 (-10),30,https://badmintonranks.com/tournament?id=13621,7,Malaysia_Open_2023,Benyapa AIMSAARD / Nuntakarn AIMSAARD,9.0,2022,Linda EFLER / Isabel LOHAU,26.0,1626
10/1/2023,Round 1,MS,Kanta TSUNEYAMA Rank 26 Elo 2144 (+24),3-21 / 21-5 / 23-21,LEE Cheuk Yiu Rank 14 Elo 2128 (-25),52,https://badmintonranks.com/tournament?id=13621,7,Malaysia_Open_2023,Kanta TSUNEYAMA,26.0,2144,LEE Cheuk Yiu,14.0,2128
10/1/2023,Round 1,WS,Mia BLICHFELDT Rank 31 Elo 1995 (+30),21-19 / 21-7,KIM Ga Eun Rank 20 Elo 2047 (-30),35,https://badmintonranks.com/tournament?id=13621,7,Malaysia_Open_2023,Mia BLICHFELDT,31.0,1995,KIM Ga Eun,20.0,2047
10/1/2023,Round 1,MD,Mark LAMSFUSS / Marvin SEIDEL Rank 16 Elo 1921 (+14),21-19 / 21-7,Ruben JILLE / Ties VAN DER LECQ Rank 28 Elo 1735 (-19),32,https://badmintonranks.com/tournament?id=13621,7,Malaysia_Open_2023,Mark LAMSFUSS / Marvin SEIDEL,16.0,1921,Ruben JILLE / Ties VAN DER LECQ,28.0,1735
10/1/2023,Round 1,MD,LU Ching Yao / YANG Po Hsuan Rank 15 Elo 2037 (+13),21-14 / 21-11,Alexander DUNN / Adam HALL Rank 25 Elo 1839 (-15),29,https://badmintonranks.com/tournament?id=13621,7,Malaysia_Open_2023,LU Ching Yao / YANG Po Hsuan,15.0,2037,Alexander DUNN / Adam HALL,25.0,1839
10/1/2023,Round 1,XD,GOH Soon Huat / LAI Shevon Jemie Rank 7 Elo 1963 (+12),21-15 / 21-13,CHANG Tak Ching / LEE Chih Chen Rank 54 Elo 1746 (-16),27,https://badmintonranks.com/tournament?id=13621,7,Malaysia_Open_2023,GOH Soon Huat / LAI Shevon Jemie,7.0,1963,CHANG Tak Ching / LEE Chih Chen,54.0,1746
10/1/2023,Round 1,XD,Thom GICQUEL / Delphine DELRUE (8) Rank 5 Elo 2010 (+23),21-18 / 21-18,Rinov RIVALDY / Pitha Haningtyas MENTARI Rank 9 Elo 1969 (-23),45,https://badmintonranks.com/tournament?id=13621,7,Malaysia_Open_2023,Thom GICQUEL / Delphine DELRUE (8),5.0,2010,Rinov RIVALDY / Pitha Haningtyas MENTARI,9.0,1969
10/1/2023,Round 1,MD,ONG Yew Sin / TEO Ee Yi (8) Rank 7 Elo 2054 (+10),21-13 / 20-22 / 21-15,REN Xiang Yu / TAN Qiang Rank 27 Elo 1801 (-13),63,https://badmintonranks.com/tournament?id=13621,7,Malaysia_Open_2023,ONG Yew Sin / TEO Ee Yi (8),7.0,2054,REN Xiang Yu / TAN Qiang,27.0,1801
10/1/2023,Round 1,MD,Pramudya KUSUMAWARDANA / Yeremia Erich Yoche Yacob RAMBITAN Rank 24 Elo 2010 (+22),21-12 / 21-17,KO Sung Hyun / SHIN Baek Cheol Rank Elo 1949 (-23),28,https://badmintonranks.com/tournament?id=13621,7,Malaysia_Open_2023,Pramudya KUSUMAWARDANA / Yeremia Erich Yoche Yacob RAMBITAN,24.0,2010,KO Sung Hyun / SHIN Baek Cheol,,1949
10/1/2023,Round 1,WD,Treesa JOLLY / GAYATRI GOPICHAND Rank 16 Elo 1832 (+21),21-19 / 21-14,YEUNG .. / YEUNG Pak Hon Rank 28 Elo 1720 (-27),34,https://badmintonranks.com/tournament?id=13621,7,Malaysia_Open_2023,Treesa JOLLY / GAYATRI GOPICHAND,16.0,1832,YEUNG .. / YEUNG Pak Hon,28.0,1720
10/1/2023,Round 1,MS,Anders ANTONSEN Rank 30 Elo 2195 (+13),8-21 / 22-20 / 21-19,WENG Hong Yang Rank 27 Elo 2009 (-14),75,https://badmintonranks.com/tournament?id=13621,7,Malaysia_Open_2023,Anders ANTONSEN,30.0,2195,WENG Hong Yang,27.0,2009
10/1/2023,Round 1,WD,Apriyani RAHAYU / Siti Fadia Silva RAMADHANTI Rank 11 Elo 2117 (+8),21-16 / 21-15,LEE Chia.. / TENG Chun Hsun Rank 32 Elo 1835 (-10),33,https://badmintonranks.com/tournament?id=13621,7,Malaysia_Open_2023,Apriyani RAHAYU / Siti Fadia Silva RAMADHANTI,11.0,2117,LEE Chia.. / TENG Chun Hsun,32.0,1835
10/1/2023,Round 1,WD,Gabriela STOEVA / Stefani STOEVA Rank 14 Elo 1876 (+47),21-19 / 21-14,Pearly TAN / THINAAH Muralitharan (8) Rank 6 Elo 2119 (-41),31,https://badmintonranks.com/tournament?id=13621,7,Malaysia_Open_2023,Gabriela STOEVA / Stefani STOEVA,14.0,1876,Pearly TAN / THINAAH Muralitharan (8),6.0,2119
10/1/2023,Round 1,MD,KANG Min Hyuk / SEO Seung Jae Rank 18 Elo 1935 (+9),21-10 / 21-18,Krishna Prasad GARAGA / Vishnuvardhan Goud PANJALA Rank 32 Elo 1649 (-16),34,https://badmintonranks.com/tournament?id=13621,7,Malaysia_Open_2023,KANG Min Hyuk / SEO Seung Jae,18.0,1935,Krishna Prasad GARAGA / Vishnuvardhan Goud PANJALA,32.0,1649
10/1/2023,Round 1,WD,KIM So Yeong / KONG Hee Yong (3) Rank 7 Elo 2103 (+9),21-15 / 16-21 / 21-15,Rin IWANAGA / Kie NAKANISHI Rank 22 Elo 1834 (-10),59,https://badmintonranks.com/tournament?id=13621,7,Malaysia_Open_2023,KIM So Yeong / KONG Hee Yong (3),7.0,2103,Rin IWANAGA / Kie NAKANISHI,22.0,1834
10/1/2023,Round 1,XD,HOO Pang Ron / TEOH Mei Xing Rank 157 Elo 1617 (+86),21-11 / 15-21 / 21-19,Kyohei YAMASHITA / Naru SHINOYA Rank 16 Elo 1881 (-47),54,https://badmintonranks.com/tournament?id=13621,7,Malaysia_Open_2023,HOO Pang Ron / TEOH Mei Xing,157.0,1617,Kyohei YAMASHITA / Naru SHINOYA,16.0,1881
10/1/2023,Round 1,MS,Anthony Sinisuka GINTING (6) Rank 4 Elo 2368 (+9),17-21 / 21-18 / 21-12,NG Ka Long Angus Rank 15 Elo 2120 (-10),65,https://badmintonranks.com/tournament?id=13621,7,Malaysia_Open_2023,Anthony Sinisuka GINTING (6),4.0,2368,NG Ka Long Angus,15.0,2120
10/1/2023,Round 1,WS,HAN Yue Rank 11 Elo 2227 (+6),21-12 / 17-21 / 21-12,Saina NEHWAL Rank 30 Elo 1868 (-6),43,https://badmintonranks.com/tournament?id=13621,7,Malaysia_Open_2023,HAN Yue,11.0,2227,Saina NEHWAL,30.0,1868
10/1/2023,Round 1,WS,Aya OHORI Rank 36 Elo 1961 (+24),21-9 / 14-21 / 21-14,SIM Yu Jin Rank 49 Elo 1913 (-24),58,https://badmintonranks.com/tournament?id=13621,7,Malaysia_Open_2023,Aya OHORI,36.0,1961,SIM Yu Jin,49.0,1913
10/1/2023,Round 1,MS,Jonatan CHRISTIE (5) Rank 3 Elo 2234 (+15),21-19 / 21-13,WANG Tzu Wei Rank 18 Elo 2078 (-15),36,https://badmintonranks.com/tournament?id=13621,8,Malaysia_Open_2023,Jonatan CHRISTIE (5),3.0,2234,WANG Tzu Wei,18.0,2078
10/1/2023,Round 1,WS,Akane YAMAGUCHI (1) Rank 1 Elo 2550 (+3),17-21 / 21-13 / 21-15,Line Højmark KJAERSFELDT Rank 16 Elo 2029 (-2),51,https://badmintonranks.com/tournament?id=13621,8,Malaysia_Open_2023,Akane YAMAGUCHI (1),1.0,2550,Line Højmark KJAERSFELDT,16.0,2029
10/1/2023,Round 1,WS,HSU Wen Chi Rank 23 Elo 1914 (+21),21-10 / 21-8,AAKARSHI KASHYAP Rank 32 Elo 1824 (-23),26,https://badmintonranks.com/tournament?id=13621,8,Malaysia_Open_2023,HSU Wen Chi,23.0,1914,AAKARSHI KASHYAP,32.0,1824
10/1/2023,Round 1,XD,Dejan FERDINANSYAH / Gloria Emanuelle WIDJAJA Rank 19 Elo 1892 (+36),21-16 / 21-14,Robin TABELING / Selena PIEK Rank 11 Elo 1991 (-34),32,https://badmintonranks.com/tournament?id=13621,8,Malaysia_Open_2023,Dejan FERDINANSYAH / Gloria Emanuelle WIDJAJA,19.0,1892,Robin TABELING / Selena PIEK,11.0,1991
10/1/2023,Round 1,XD,ZHENG Si Wei / HUANG Ya Qiong (1) Rank 1 Elo 2498 (+1),21-8 / 21-14,YANG Po Hsuan / HU Ling Fang Rank 43 Elo 1744 (-1),27,https://badmintonranks.com/tournament?id=13621,8,Malaysia_Open_2023,ZHENG Si Wei / HUANG Ya Qiong (1),1.0,2498,YANG Po Hsuan / HU Ling Fang,43.0,1744
10/1/2023,Round 1,MS,LIEW Daren Rank 31 Elo 1945 (+32),21-15 / 14-21 / 21-17,Toma Junior POPOV Rank 23 Elo 2012 (-31),59,https://badmintonranks.com/tournament?id=13621,8,Malaysia_Open_2023,LIEW Daren,31.0,1945,Toma Junior POPOV,23.0,2012
10/1/2023,Round 1,WS,TAI Tzu Ying (3) Rank 3 Elo 2474 (+1),21-10 / 21-10,Clara AZURMENDI Rank 53 Elo 1749 (-1),24,https://badmintonranks.com/tournament?id=13621,8,Malaysia_Open_2023,TAI Tzu Ying (3),3.0,2474,Clara AZURMENDI,53.0,1749
10/1/2023,Round 1,XD,KIM Won Ho / JEONG Na Eun Rank 23 Elo 1841 (+39),22-20 / 21-19,Mathias THYRRI / Alexandra BOE Rank 14 Elo 1940 (-35),41,https://badmintonranks.com/tournament?id=13621,8,Malaysia_Open_2023,KIM Won Ho / JEONG Na Eun,23.0,1841,Mathias THYRRI / Alexandra BOE,14.0,1940
10/1/2023,Round 1,WS,Busanan ONGBAMRUNGPHAN Rank 10 Elo 2143 (+14),21-17 / 21-8,Kirsty GILMOUR Rank 17 Elo 1969 (-14),31,https://badmintonranks.com/tournament?id=13621,8,Malaysia_Open_2023,Busanan ONGBAMRUNGPHAN,10.0,2143,Kirsty GILMOUR,17.0,1969
10/1/2023,Round 1,MS,Kenta NISHIMOTO Rank 17 Elo 2203 (+24),21-19 / 21-14,KIDAMBI Srikanth Rank 13 Elo 2187 (-25),42,https://badmintonranks.com/tournament?id=13621,8,Malaysia_Open_2023,Kenta NISHIMOTO,17.0,2203,KIDAMBI Srikanth,13.0,2187
10/1/2023,Round 1,WD,Febriana Dwipuji KUSUMA / Amallia Cahaya PRATIWI Rank 19 Elo 1792 (+27),21-16 / 21-15,Margot LAMBERT / Anne TRAN Rank 27 Elo 1738 (-31),32,https://badmintonranks.com/tournament?id=13621,8,Malaysia_Open_2023,Febriana Dwipuji KUSUMA / Amallia Cahaya PRATIWI,19.0,1792,Margot LAMBERT / Anne TRAN,27.0,1738
10/1/2023,Round 1,XD,TANG Chun Man / TSE Ying Suet (5) Rank 26 Elo 2030 (+8),21-18 / 19-21 / 21-19,Adam HALL / Julie MACPHERSON Rank 21 Elo 1738 (-11),50,https://badmintonranks.com/tournament?id=13621,8,Malaysia_Open_2023,TANG Chun Man / TSE Ying Suet (5),26.0,2030,Adam HALL / Julie MACPHERSON,21.0,1738
10/1/2023,Round 1,WD,CHEN Qi Ming / JIA Yi Fan (1) Rank 1 Elo 2362 (+1),21-11 / 21-14,Debora JILLE / Cheryl SEINEN Rank 23 Elo 1715 (-2),26,https://badmintonranks.com/tournament?id=13621,8,Malaysia_Open_2023,CHEN Qi Ming / JIA Yi Fan (1),1.0,2362,Debora JILLE / Cheryl SEINEN,23.0,1715
10/1/2023,Round 1,WS,Gregoria Mariska TUNJUNG Rank 15 Elo 2187 (+43),21-11 / 21-17,HE Bing Jiao (5) Rank 5 Elo 2502 (-43),37,https://badmintonranks.com/tournament?id=13621,8,Malaysia_Open_2023,Gregoria Mariska TUNJUNG,15.0,2187,HE Bing Jiao (5),5.0,2502
10/1/2023,Round 1,XD,WANG Yi Lyu / HUANG Dong Ping (4) Rank 2 Elo 2187 (+14),21-17 / 23-21,Mark LAMSFUSS / Isabel LOHAU Rank 8 Elo 2008 (-14),40,https://badmintonranks.com/tournament?id=13621,8,Malaysia_Open_2023,WANG Yi Lyu / HUANG Dong Ping (4),2.0,2187,Mark LAMSFUSS / Isabel LOHAU,8.0,2008
3/7/2022,Final,MD,Takuro HOKI / Yugo KOBAYASHI (2) Rank 2 Elo 2204 (+28),24-22 / 16-21 / 21-9,Fajar ALFIAN / Muhammad Shohibul FIKRI (6) Rank 7 Elo 2211 (-28),65,https://badmintonranks.com/tournament?id=12437,1,Malaysia_Open_2022,Takuro HOKI / Yugo KOBAYASHI (2),2.0,2204,Fajar ALFIAN / Muhammad Shohibul FIKRI (6),7.0,2211
3/7/2022,Final,MS,Viktor AXELSEN (1) Rank 1 Elo 2661 (+6),21-4 / 21-7,Kento MOMOTA (2) Rank 2 Elo 2294 (-6),34,https://badmintonranks.com/tournament?id=12437,1,Malaysia_Open_2022,Viktor AXELSEN (1),1.0,2661,Kento MOMOTA (2),2.0,2294
3/7/2022,Final,WS,Ratchanok INTANON (8) Rank 8 Elo 2347 (+42),21-15 / 13-21 / 21-16,CHEN Yu Fei (4) Rank 4 Elo 2552 (-41),65,https://badmintonranks.com/tournament?id=12437,1,Malaysia_Open_2022,Ratchanok INTANON (8),8.0,2347,CHEN Yu Fei (4),4.0,2552
3/7/2022,Final,WD,Apriyani RAHAYU / Siti Fadia Silva RAMADHANTI Rank 133 Elo 2149 (+21),21-18 / 12-21 / 21-19,ZHANG .. / ZHENG Yu Rank 33 Elo 2069 (-22),71,https://badmintonranks.com/tournament?id=12437,1,Malaysia_Open_2022,Apriyani RAHAYU / Siti Fadia Silva RAMADHANTI,133.0,2149,ZHANG .. / ZHENG Yu,33.0,2069
3/7/2022,Final,XD,ZHENG Si Wei / HUANG Ya Qiong (2) Rank 1 Elo 2413 (+23),21-13 / 21-18,Dechapol PUAVARANUKROH / Sapsiree TAERATTANACHAI (1) Rank 2 Elo 2356 (-23),35,https://badmintonranks.com/tournament?id=12437,1,Malaysia_Open_2022,ZHENG Si Wei / HUANG Ya Qiong (2),1.0,2413,Dechapol PUAVARANUKROH / Sapsiree TAERATTANACHAI (1),2.0,2356
2/7/2022,Semi final,MD,Takuro HOKI / Yugo KOBAYASHI (2) Rank 2 Elo 2180 (+24),23-21 / 21-9,Aaron CHIA / SOH Wooi Yik (5) Rank 6 Elo 2134 (-24),41,https://badmintonranks.com/tournament?id=12437,1,Malaysia_Open_2022,Takuro HOKI / Yugo KOBAYASHI (2),2.0,2180,Aaron CHIA / SOH Wooi Yik (5),6.0,2134
2/7/2022,Semi final,MS,Viktor AXELSEN (1) Rank 1 Elo 2656 (+5),21-15 / 20-22 / 21-11,Jonatan CHRISTIE (7) Rank 8 Elo 2259 (-5),71,https://badmintonranks.com/tournament?id=12437,1,Malaysia_Open_2022,Viktor AXELSEN (1),1.0,2656,Jonatan CHRISTIE (7),8.0,2259
2/7/2022,Semi final,MD,Fajar ALFIAN / Muhammad Shohibul FIKRI (6) Rank 7 Elo 2192 (+19),21-14 / 21-12,GOH Sze Fei / Nur IZZUDDIN Rank 12 Elo 2076 (-18),37,https://badmintonranks.com/tournament?id=12437,1,Malaysia_Open_2022,Fajar ALFIAN / Muhammad Shohibul FIKRI (6),7.0,2192,GOH Sze Fei / Nur IZZUDDIN,12.0,2076
2/7/2022,Semi final,MS,Kento MOMOTA (2) Rank 2 Elo 2264 (+30),21-11 / 21-12,Kunlavut VITIDSARN Rank 18 Elo 2302 (-30),42,https://badmintonranks.com/tournament?id=12437,1,Malaysia_Open_2022,Kento MOMOTA (2),2.0,2264,Kunlavut VITIDSARN,18.0,2302
2/7/2022,Semi final,WS,CHEN Yu Fei (4) Rank 4 Elo 2522 (+30),19-21 / 21-13 / 21-15,TAI Tzu Ying (2) Rank 2 Elo 2572 (-30),68,https://badmintonranks.com/tournament?id=12437,1,Malaysia_Open_2022,CHEN Yu Fei (4),4.0,2522,TAI Tzu Ying (2),2.0,2572
2/7/2022,Semi final,WD,Apriyani RAHAYU / Siti Fadia Silva RAMADHANTI Rank 133 Elo 2124 (+25),21-14 / 22-20,JEONG Na Eun / KIM Hye Jeong Rank 12 Elo 2092 (-25),44,https://badmintonranks.com/tournament?id=12437,1,Malaysia_Open_2022,Apriyani RAHAYU / Siti Fadia Silva RAMADHANTI,133.0,2124,JEONG Na Eun / KIM Hye Jeong,12.0,2092
2/7/2022,Semi final,WD,ZHANG .. / ZHENG Yu Rank 33 Elo 2030 (+39),11-21 / 21-19 / 21-17,Mayu MATSUMOTO / Wakana NAGAHARA (5) Rank 6 Elo 2175 (-38),68,https://badmintonranks.com/tournament?id=12437,1,Malaysia_Open_2022,ZHANG .. / ZHENG Yu,33.0,2030,Mayu MATSUMOTO / Wakana NAGAHARA (5),6.0,2175
2/7/2022,Semi final,WS,Ratchanok INTANON (8) Rank 8 Elo 2318 (+29),21-8 / 21-18,WANG Zhi Yi Rank 13 Elo 2342 (-28),38,https://badmintonranks.com/tournament?id=12437,1,Malaysia_Open_2022,Ratchanok INTANON (8),8.0,2318,WANG Zhi Yi,13.0,2342
2/7/2022,Semi final,XD,ZHENG Si Wei / HUANG Ya Qiong (2) Rank 1 Elo 2408 (+5),21-18 / 21-8,Mathias THYRRI / Alexandra BOE Rank 15 Elo 2024 (-5),31,https://badmintonranks.com/tournament?id=12437,1,Malaysia_Open_2022,ZHENG Si Wei / HUANG Ya Qiong (2),1.0,2408,Mathias THYRRI / Alexandra BOE,15.0,2024
2/7/2022,Semi final,XD,Dechapol PUAVARANUKROH / Sapsiree TAERATTANACHAI (1) Rank 2 Elo 2337 (+19),23-21 / 19-21 / 21-14,WANG Yi Lyu / HUANG Dong Ping (4) Rank 4 Elo 2242 (-19),74,https://badmintonranks.com/tournament?id=12437,1,Malaysia_Open_2022,Dechapol PUAVARANUKROH / Sapsiree TAERATTANACHAI (1),2.0,2337,WANG Yi Lyu / HUANG Dong Ping (4),4.0,2242
1/7/2022,Quarter final,MD,Aaron CHIA / SOH Wooi Yik (5) Rank 6 Elo 2113 (+21),21-13 / 20-22 / 21-19,Hendra SETIAWAN / Mohammad AHSAN (3) Rank 3 Elo 2027 (-21),52,https://badmintonranks.com/tournament?id=12437,1,Malaysia_Open_2022,Aaron CHIA / SOH Wooi Yik (5),6.0,2113,Hendra SETIAWAN / Mohammad AHSAN (3),3.0,2027
1/7/2022,Quarter final,MD,Fajar ALFIAN / Muhammad Shohibul FIKRI (6) Rank 7 Elo 2177 (+15),21-13 / 21-9,ONG Yew Sin / TEO Ee Yi Rank 10 Elo 2022 (-16),33,https://badmintonranks.com/tournament?id=12437,1,Malaysia_Open_2022,Fajar ALFIAN / Muhammad Shohibul FIKRI (6),7.0,2177,ONG Yew Sin / TEO Ee Yi,10.0,2022
1/7/2022,Quarter final,MS,Kento MOMOTA (2) Rank 2 Elo 2260 (+4),13-6 Ret.,Shesar Hiren RHUSTAVITO Rank 26 Elo 2189 (-4),13,https://badmintonranks.com/tournament?id=12437,1,Malaysia_Open_2022,Kento MOMOTA (2),2.0,2260,Shesar Hiren RHUSTAVITO,26.0,2189
1/7/2022,Quarter final,WD,JEONG Na Eun / KIM Hye Jeong Rank 12 Elo 2073 (+19),21-13 / 21-15,DU Yue / LI Wen Mei Rank 35 Elo 1970 (-20),37,https://badmintonranks.com/tournament?id=12437,1,Malaysia_Open_2022,JEONG Na Eun / KIM Hye Jeong,12.0,2073,DU Yue / LI Wen Mei,35.0,1970
1/7/2022,Quarter final,MD,Takuro HOKI / Yugo KOBAYASHI (2) Rank 2 Elo 2167 (+13),21-14 / 21-23 / 21-14,CHOI Sol Gyu / KIM Won Ho Rank 54 Elo 1973 (-14),67,https://badmintonranks.com/tournament?id=12437,1,Malaysia_Open_2022,Takuro HOKI / Yugo KOBAYASHI (2),2.0,2167,CHOI Sol Gyu / KIM Won Ho,54.0,1973
1/7/2022,Quarter final,WD,Apriyani RAHAYU / Siti Fadia Silva RAMADHANTI Rank 133 Elo 2084 (+40),14-21 / 21-13 / 21-16,CHEN Qi Ming / JIA Yi Fan (1) Rank 1 Elo 2271 (-39),56,https://badmintonranks.com/tournament?id=12437,2,Malaysia_Open_2022,Apriyani RAHAYU / Siti Fadia Silva RAMADHANTI,133.0,2084,CHEN Qi Ming / JIA Yi Fan (1),1.0,2271
1/7/2022,Quarter final,MS,Jonatan CHRISTIE (7) Rank 8 Elo 2234 (+25),21-18 / 21-16,PRANNOY H. S. Rank 21 Elo 2220 (-25),44,https://badmintonranks.com/tournament?id=12437,2,Malaysia_Open_2022,Jonatan CHRISTIE (7),8.0,2234,PRANNOY H. S.,21.0,2220
1/7/2022,Quarter final,MS,Kunlavut VITIDSARN Rank 18 Elo 2282 (+20),15-21 / 21-10 / 21-17,LU Guang Zu Rank 27 Elo 2195 (-20),69,https://badmintonranks.com/tournament?id=12437,2,Malaysia_Open_2022,Kunlavut VITIDSARN,18.0,2282,LU Guang Zu,27.0,2195
1/7/2022,Quarter final,MS,Viktor AXELSEN (1) Rank 1 Elo 2651 (+5),18-21 / 21-17 / 21-12,Anthony Sinisuka GINTING (6) Rank 6 Elo 2265 (-5),65,https://badmintonranks.com/tournament?id=12437,2,Malaysia_Open_2022,Viktor AXELSEN (1),1.0,2651,Anthony Sinisuka GINTING (6),6.0,2265
1/7/2022,Quarter final,WD,Mayu MATSUMOTO / Wakana NAGAHARA (5) Rank 6 Elo 2169 (+6),21-15 / 23-21,Anna Cheong Ching Yik / TEOH Mei Xing Rank 44 Elo 1819 (-7),44,https://badmintonranks.com/tournament?id=12437,2,Malaysia_Open_2022,Mayu MATSUMOTO / Wakana NAGAHARA (5),6.0,2169,Anna Cheong Ching Yik / TEOH Mei Xing,44.0,1819
1/7/2022,Quarter final,MD,GOH Sze Fei / Nur IZZUDDIN Rank 12 Elo 2047 (+29),21-11 / 22-20,LIU Yu Chen / OU Xuan Yi Rank 45 Elo 2077 (-29),36,https://badmintonranks.com/tournament?id=12437,2,Malaysia_Open_2022,GOH Sze Fei / Nur IZZUDDIN,12.0,2047,LIU Yu Chen / OU Xuan Yi,45.0,2077
1/7/2022,Quarter final,WD,ZHANG .. / ZHENG Yu Rank 33 Elo 2017 (+13),21-13 / 21-14,Febby Valencia Dwijayanti GANI / Ribka SUGIARTO Rank 70 Elo 1823 (-16),32,https://badmintonranks.com/tournament?id=12437,2,Malaysia_Open_2022,ZHANG .. / ZHENG Yu,33.0,2017,Febby Valencia Dwijayanti GANI / Ribka SUGIARTO,70.0,1823
1/7/2022,Quarter final,XD,Mathias THYRRI / Alexandra BOE Rank 15 Elo 2005 (+19),21-19 / 21-12,Robin TABELING / Selena PIEK Rank 21 Elo 1893 (-21),38,https://badmintonranks.com/tournament?id=12437,2,Malaysia_Open_2022,Mathias THYRRI / Alexandra BOE,15.0,2005,Robin TABELING / Selena PIEK,21.0,1893
1/7/2022,Quarter final,WS,CHEN Yu Fei (4) Rank 4 Elo 2508 (+14),14-21 / 21-18 / 21-18,Nozomi OKUHARA (6) Rank 6 Elo 2337 (-15),66,https://badmintonranks.com/tournament?id=12437,2,Malaysia_Open_2022,CHEN Yu Fei (4),4.0,2508,Nozomi OKUHARA (6),6.0,2337
1/7/2022,Quarter final,XD,Dechapol PUAVARANUKROH / Sapsiree TAERATTANACHAI (1) Rank 2 Elo 2326 (+11),21-13 / 21-14,TANG Chun Man / TSE Ying Suet (6) Rank 7 Elo 2093 (-11),38,https://badmintonranks.com/tournament?id=12437,2,Malaysia_Open_2022,Dechapol PUAVARANUKROH / Sapsiree TAERATTANACHAI (1),2.0,2326,TANG Chun Man / TSE Ying Suet (6),7.0,2093
1/7/2022,Quarter final,XD,ZHENG Si Wei / HUANG Ya Qiong (2) Rank 1 Elo 2401 (+7),25-23 / 22-20,Thom GICQUEL / Delphine DELRUE (8) Rank 10 Elo 2091 (-8),51,https://badmintonranks.com/tournament?id=12437,2,Malaysia_Open_2022,ZHENG Si Wei / HUANG Ya Qiong (2),1.0,2401,Thom GICQUEL / Delphine DELRUE (8),10.0,2091
1/7/2022,Quarter final,WS,WANG Zhi Yi Rank 13 Elo 2332 (+10),9-21 / 21-10 / 21-17,Line Højmark KJAERSFELDT Rank 29 Elo 2081 (-11),56,https://badmintonranks.com/tournament?id=12437,2,Malaysia_Open_2022,WANG Zhi Yi,13.0,2332,Line Højmark KJAERSFELDT,29.0,2081
1/7/2022,Quarter final,WS,Ratchanok INTANON (8) Rank 8 Elo 2309 (+9),22-20 / 21-12,HAN Yue Rank 23 Elo 2039 (-9),39,https://badmintonranks.com/tournament?id=12437,2,Malaysia_Open_2022,Ratchanok INTANON (8),8.0,2309,HAN Yue,23.0,2039
1/7/2022,Quarter final,XD,WANG Yi Lyu / HUANG Dong Ping (4) Rank 4 Elo 2239 (+3),21-8 / 21-16,KIM Won Ho / JEONG Na Eun Rank 99 Elo 1773 (-5),29,https://badmintonranks.com/tournament?id=12437,2,Malaysia_Open_2022,WANG Yi Lyu / HUANG Dong Ping (4),4.0,2239,KIM Won Ho / JEONG Na Eun,99.0,1773
1/7/2022,Quarter final,WS,TAI Tzu Ying (2) Rank 2 Elo 2561 (+11),13-21 / 21-15 / 21-13,PUSARLA V. Sindhu (7) Rank 7 Elo 2326 (-11),53,https://badmintonranks.com/tournament?id=12437,2,Malaysia_Open_2022,TAI Tzu Ying (2),2.0,2561,PUSARLA V. Sindhu (7),7.0,2326
30/6/2022,Round 2,MD,LIU Yu Chen / OU Xuan Yi Rank 45 Elo 2070 (+7),21-18 / 17-21 / 21-14,TAN Kian Meng / TAN Wee Kiong Rank 64 Elo 1749 (-10),56,https://badmintonranks.com/tournament?id=12437,2,Malaysia_Open_2022,LIU Yu Chen / OU Xuan Yi,45.0,2070,TAN Kian Meng / TAN Wee Kiong,64.0,1749
30/6/2022,Round 2,MD,Aaron CHIA / SOH Wooi Yik (5) Rank 6 Elo 2104 (+9),21-16 / 21-13,HEE Yong KWON / LOH Kean Yew Rank 50 Elo 1852 (-11),31,https://badmintonranks.com/tournament?id=12437,2,Malaysia_Open_2022,Aaron CHIA / SOH Wooi Yik (5),6.0,2104,HEE Yong KWON / LOH Kean Yew,50.0,1852
30/6/2022,Round 2,WD,Mayu MATSUMOTO / Wakana NAGAHARA (5) Rank 6 Elo 2167 (+2),21-8 / 21-13,Supissara PACHARAMONGKOL / Puttita SUPAJIRAKUL Rank 195 Elo 1633 (-4),31,https://badmintonranks.com/tournament?id=12437,2,Malaysia_Open_2022,Mayu MATSUMOTO / Wakana NAGAHARA (5),6.0,2167,Supissara PACHARAMONGKOL / Puttita SUPAJIRAKUL,195.0,1633
30/6/2022,Round 2,MD,Takuro HOKI / Yugo KOBAYASHI (2) Rank 2 Elo 2153 (+14),18-21 / 21-13 / 21-19,Muhammad Shohibul FIKRI / Bagas MAULANA Rank 20 Elo 1980 (-15),60,https://badmintonranks.com/tournament?id=12437,2,Malaysia_Open_2022,Takuro HOKI / Yugo KOBAYASHI (2),2.0,2153,Muhammad Shohibul FIKRI / Bagas MAULANA,20.0,1980
30/6/2022,Round 2,MD,CHOI Sol Gyu / KIM Won Ho Rank 54 Elo 1956 (+17),18-21 / 21-11 / 25-23,Supak JOMKOH / Kittinupong KEDREN Rank 33 Elo 1816 (-19),74,https://badmintonranks.com/tournament?id=12437,2,Malaysia_Open_2022,CHOI Sol Gyu / KIM Won Ho,54.0,1956,Supak JOMKOH / Kittinupong KEDREN,33.0,1816
30/6/2022,Round 2,MD,GOH Sze Fei / Nur IZZUDDIN Rank 12 Elo 2047 (+0),W.O.,Satwiksairaj RANKIREDDY / Chirag SHETTY (7) Rank 8 Elo 2097 (-2),0,https://badmintonranks.com/tournament?id=12437,3,Malaysia_Open_2022,GOH Sze Fei / Nur IZZUDDIN,12.0,2047,Satwiksairaj RANKIREDDY / Chirag SHETTY (7),8.0,2097
30/6/2022,Round 2,WD,Anna Cheong Ching Yik / TEOH Mei Xing Rank 44 Elo 1756 (+63),18-21 / 21-12 / 21-15,LEE So Hee / SHIN Se.. (2) Rank 3 Elo 2144 (-46),54,https://badmintonranks.com/tournament?id=12437,3,Malaysia_Open_2022,Anna Cheong Ching Yik / TEOH Mei Xing,44.0,1756,LEE So Hee / SHIN Se.. (2),3.0,2144
30/6/2022,Round 2,MS,LU Guang Zu Rank 27 Elo 2175 (+20),21-18 / 21-11,WANG Tzu Wei Rank 16 Elo 2110 (-21),43,https://badmintonranks.com/tournament?id=12437,3,Malaysia_Open_2022,LU Guang Zu,27.0,2175,WANG Tzu Wei,16.0,2110
30/6/2022,Round 2,MS,Shesar Hiren RHUSTAVITO Rank 26 Elo 2146 (+43),21-19 / 19-21 / 21-16,LEE Zii Jia (5) Rank 5 Elo 2441 (-42),66,https://badmintonranks.com/tournament?id=12437,3,Malaysia_Open_2022,Shesar Hiren RHUSTAVITO,26.0,2146,LEE Zii Jia (5),5.0,2441
30/6/2022,Round 2,WD,JEONG Na Eun / KIM Hye Jeong Rank 12 Elo 2048 (+25),21-14 / 21-13,Gabriela STOEVA / Stefani STOEVA (8) Rank 9 Elo 2026 (-25),28,https://badmintonranks.com/tournament?id=12437,3,Malaysia_Open_2022,JEONG Na Eun / KIM Hye Jeong,12.0,2048,Gabriela STOEVA / Stefani STOEVA (8),9.0,2026
30/6/2022,Round 2,MD,Hendra SETIAWAN / Mohammad AHSAN (3) Rank 3 Elo 2004 (+23),21-13 / 21-10,HE Ji Ting / ZHOU Hao Dong Rank 103 Elo 1955 (-23),26,https://badmintonranks.com/tournament?id=12437,3,Malaysia_Open_2022,Hendra SETIAWAN / Mohammad AHSAN (3),3.0,2004,HE Ji Ting / ZHOU Hao Dong,103.0,1955
30/6/2022,Round 2,WD,CHEN Qi Ming / JIA Yi Fan (1) Rank 1 Elo 2270 (+1),21-12 / 21-9,LOW Yeen Yuan / Valeree SIETSEMA Rank 71 Elo 1678 (-3),29,https://badmintonranks.com/tournament?id=12437,3,Malaysia_Open_2022,CHEN Qi Ming / JIA Yi Fan (1),1.0,2270,LOW Yeen Yuan / Valeree SIETSEMA,71.0,1678
30/6/2022,Round 2,MS,Kento MOMOTA (2) Rank 2 Elo 2243 (+17),11-21 / 21-8 / 21-18,NG Ka Long Angus Rank 13 Elo 2117 (-17),55,https://badmintonranks.com/tournament?id=12437,3,Malaysia_Open_2022,Kento MOMOTA (2),2.0,2243,NG Ka Long Angus,13.0,2117
30/6/2022,Round 2,MS,Viktor AXELSEN (1) Rank 1 Elo 2649 (+2),15-21 / 21-6 / 21-13,LEE Cheuk Yiu Rank 15 Elo 2121 (-3),57,https://badmintonranks.com/tournament?id=12437,3,Malaysia_Open_2022,Viktor AXELSEN (1),1.0,2649,LEE Cheuk Yiu,15.0,2121
30/6/2022,Round 2,WD,DU Yue / LI Wen Mei Rank 35 Elo 1957 (+13),19-21 / 21-16 / 23-21,Febriana Dwipuji KUSUMA / Amallia Cahaya PRATIWI Rank 68 Elo 1756 (-17),91,https://badmintonranks.com/tournament?id=12437,3,Malaysia_Open_2022,DU Yue / LI Wen Mei,35.0,1957,Febriana Dwipuji KUSUMA / Amallia Cahaya PRATIWI,68.0,1756
30/6/2022,Round 2,MS,Kunlavut VITIDSARN Rank 18 Elo 2275 (+7),21-19 / 21-10,PARUPALLI Kashyap Rank 39 Elo 1948 (-7),44,https://badmintonranks.com/tournament?id=12437,3,Malaysia_Open_2022,Kunlavut VITIDSARN,18.0,2275,PARUPALLI Kashyap,39.0,1948
30/6/2022,Round 2,WD,Apriyani RAHAYU / Siti Fadia Silva RAMADHANTI Rank 133 Elo 2041 (+43),21-16 / 21-15,Nami MATSUYAMA / Chiharu SHIDA (6) Rank 5 Elo 2303 (-42),35,https://badmintonranks.com/tournament?id=12437,3,Malaysia_Open_2022,Apriyani RAHAYU / Siti Fadia Silva RAMADHANTI,133.0,2041,Nami MATSUYAMA / Chiharu SHIDA (6),5.0,2303
30/6/2022,Round 2,MD,ONG Yew Sin / TEO Ee Yi Rank 10 Elo 1983 (+39),21-17 / 21-18,LEE Yang / WANG Chang (4) Rank 4 Elo 2157 (-38),41,https://badmintonranks.com/tournament?id=12437,3,Malaysia_Open_2022,ONG Yew Sin / TEO Ee Yi,10.0,1983,LEE Yang / WANG Chang (4),4.0,2157
30/6/2022,Round 2,XD,Robin TABELING / Selena PIEK Rank 21 Elo 1874 (+19),21-14 / 21-12,William VILLEGER / Anne TRAN Rank 64 Elo 1743 (-23),37,https://badmintonranks.com/tournament?id=12437,3,Malaysia_Open_2022,Robin TABELING / Selena PIEK,21.0,1874,William VILLEGER / Anne TRAN,64.0,1743
30/6/2022,Round 2,WS,CHEN Yu Fei (4) Rank 4 Elo 2500 (+8),21-12 / 21-19,Busanan ONGBAMRUNGPHAN Rank 11 Elo 2196 (-7),47,https://badmintonranks.com/tournament?id=12437,3,Malaysia_Open_2022,CHEN Yu Fei (4),4.0,2500,Busanan ONGBAMRUNGPHAN,11.0,2196
30/6/2022,Round 2,MD,Fajar ALFIAN / Muhammad Shohibul FIKRI (6) Rank 7 Elo 2164 (+13),21-23 / 21-14 / 21-14,Mark LAMSFUSS / Marvin SEIDEL Rank 13 Elo 1973 (-13),60,https://badmintonranks.com/tournament?id=12437,3,Malaysia_Open_2022,Fajar ALFIAN / Muhammad Shohibul FIKRI (6),7.0,2164,Mark LAMSFUSS / Marvin SEIDEL,13.0,1973
30/6/2022,Round 2,WS,Nozomi OKUHARA (6) Rank 6 Elo 2331 (+6),23-21 / 21-18,Iris WANG Rank 33 Elo 1986 (-6),44,https://badmintonranks.com/tournament?id=12437,3,Malaysia_Open_2022,Nozomi OKUHARA (6),6.0,2331,Iris WANG,33.0,1986
30/6/2022,Round 2,MS,Anthony Sinisuka GINTING (6) Rank 6 Elo 2256 (+9),21-18 / 21-18,Sitthikom THAMMASIN Rank 33 Elo 1982 (-9),43,https://badmintonranks.com/tournament?id=12437,3,Malaysia_Open_2022,Anthony Sinisuka GINTING (6),6.0,2256,Sitthikom THAMMASIN,33.0,1982
30/6/2022,Round 2,WD,ZHANG .. / ZHENG Yu Rank 33 Elo 1990 (+27),21-19 / 21-15,Pearly TAN / THINAAH Muralitharan Rank 10 Elo 1989 (-27),48,https://badmintonranks.com/tournament?id=12437,3,Malaysia_Open_2022,ZHANG .. / ZHENG Yu,33.0,1990,Pearly TAN / THINAAH Muralitharan,10.0,1989
30/6/2022,Round 2,WD,Febby Valencia Dwijayanti GANI / Ribka SUGIARTO Rank 70 Elo 1811 (+12),21-12 / 21-8,Srivedya GURAZADA / Ishika JAISWAL Rank 92 Elo 1558 (-24),24,https://badmintonranks.com/tournament?id=12437,3,Malaysia_Open_2022,Febby Valencia Dwijayanti GANI / Ribka SUGIARTO,70.0,1811,Srivedya GURAZADA / Ishika JAISWAL,92.0,1558
30/6/2022,Round 2,WS,Ratchanok INTANON (8) Rank 8 Elo 2299 (+10),15-21 / 21-12 / 21-18,ZHANG Beiwen Rank 16 Elo 2039 (-10),47,https://badmintonranks.com/tournament?id=12437,4,Malaysia_Open_2022,Ratchanok INTANON (8),8.0,2299,ZHANG Beiwen,16.0,2039
30/6/2022,Round 2,XD,Thom GICQUEL / Delphine DELRUE (8) Rank 10 Elo 2080 (+11),23-21 / 21-18,Jones Ralfy JANSEN / Linda EFLER Rank 45 Elo 1836 (-12),52,https://badmintonranks.com/tournament?id=12437,4,Malaysia_Open_2022,Thom GICQUEL / Delphine DELRUE (8),10.0,2080,Jones Ralfy JANSEN / Linda EFLER,45.0,1836
30/6/2022,Round 2,XD,WANG Yi Lyu / HUANG Dong Ping (4) Rank 4 Elo 2235 (+4),21-19 / 21-11,Rehan Naufal KUSHARJANTO / Lisa Ayu KUSUMAWATI Rank 46 Elo 1810 (-5),37,https://badmintonranks.com/tournament?id=12437,4,Malaysia_Open_2022,WANG Yi Lyu / HUANG Dong Ping (4),4.0,2235,Rehan Naufal KUSHARJANTO / Lisa Ayu KUSUMAWATI,46.0,1810
30/6/2022,Round 2,WS,HAN Yue Rank 23 Elo 1990 (+49),21-23 / 21-18 / 21-16,AN Se Young (3) Rank 3 Elo 2412 (-46),74,https://badmintonranks.com/tournament?id=12437,4,Malaysia_Open_2022,HAN Yue,23.0,1990,AN Se Young (3),3.0,2412
30/6/2022,Round 2,XD,Mathias THYRRI / Alexandra BOE Rank 15 Elo 1989 (+16),21-14 / 21-16,HEE Yong KWON / TAN Wei Qiang Rank 39 Elo 1845 (-18),32,https://badmintonranks.com/tournament?id=12437,4,Malaysia_Open_2022,Mathias THYRRI / Alexandra BOE,15.0,1989,HEE Yong KWON / TAN Wei Qiang,39.0,1845
30/6/2022,Round 2,XD,Dechapol PUAVARANUKROH / Sapsiree TAERATTANACHAI (1) Rank 2 Elo 2320 (+6),21-18 / 21-14,Supak JOMKOH / Supissara PACHARAMONGKOL Rank 22 Elo 1966 (-7),36,https://badmintonranks.com/tournament?id=12437,4,Malaysia_Open_2022,Dechapol PUAVARANUKROH / Sapsiree TAERATTANACHAI (1),2.0,2320,Supak JOMKOH / Supissara PACHARAMONGKOL,22.0,1966
30/6/2022,Round 2,MS,PRANNOY H. S. Rank 21 Elo 2188 (+32),21-15 / 21-7,CHOU Tien Chen (4) Rank 4 Elo 2292 (-33),35,https://badmintonranks.com/tournament?id=12437,4,Malaysia_Open_2022,PRANNOY H. S.,21.0,2188,CHOU Tien Chen (4),4.0,2292
30/6/2022,Round 2,WS,WANG Zhi Yi Rank 13 Elo 2324 (+8),21-19 / 21-13,Gregoria Mariska TUNJUNG Rank 31 Elo 2052 (-9),32,https://badmintonranks.com/tournament?id=12437,4,Malaysia_Open_2022,WANG Zhi Yi,13.0,2324,Gregoria Mariska TUNJUNG,31.0,2052
30/6/2022,Round 2,XD,KIM Won Ho / JEONG Na Eun Rank 99 Elo 1713 (+60),10-21 / 21-18 / 21-17,GOH Soon Huat / LAI Shevon Jemie Rank 14 Elo 1920 (-43),53,https://badmintonranks.com/tournament?id=12437,4,Malaysia_Open_2022,KIM Won Ho / JEONG Na Eun,99.0,1713,GOH Soon Huat / LAI Shevon Jemie,14.0,1920
30/6/2022,Round 2,XD,ZHENG Si Wei / HUANG Ya Qiong (2) Rank 1 Elo 2399 (+2),21-16 / 21-10,CHEN Tang Jie / Valeree SIETSEMA Rank 49 Elo 1800 (-2),27,https://badmintonranks.com/tournament?id=12437,4,Malaysia_Open_2022,ZHENG Si Wei / HUANG Ya Qiong (2),1.0,2399,CHEN Tang Jie / Valeree SIETSEMA,49.0,1800
30/6/2022,Round 2,WS,Line Højmark KJAERSFELDT Rank 29 Elo 2034 (+47),21-19 / 19-21 / 21-13,Carolina MARIN (5) Rank 5 Elo 2395 (-45),74,https://badmintonranks.com/tournament?id=12437,4,Malaysia_Open_2022,Line Højmark KJAERSFELDT,29.0,2034,Carolina MARIN (5),5.0,2395
30/6/2022,Round 2,XD,TANG Chun Man / TSE Ying Suet (6) Rank 7 Elo 2078 (+15),21-13 / 21-10,Rinov RIVALDY / Pitha Haningtyas MENTARI Rank 19 Elo 1915 (-15),26,https://badmintonranks.com/tournament?id=12437,4,Malaysia_Open_2022,TANG Chun Man / TSE Ying Suet (6),7.0,2078,Rinov RIVALDY / Pitha Haningtyas MENTARI,19.0,1915
30/6/2022,Round 2,WS,TAI Tzu Ying (2) Rank 2 Elo 2561 (+0),21-11 / 21-9,Kristin KUUBA Rank 51 Elo 1835 (-1),30,https://badmintonranks.com/tournament?id=12437,4,Malaysia_Open_2022,TAI Tzu Ying (2),2.0,2561,Kristin KUUBA,51.0,1835
30/6/2022,Round 2,MS,Jonatan CHRISTIE (7) Rank 8 Elo 2214 (+20),21-18 / 21-17,Kenta NISHIMOTO Rank 20 Elo 2131 (-20),52,https://badmintonranks.com/tournament?id=12437,4,Malaysia_Open_2022,Jonatan CHRISTIE (7),8.0,2214,Kenta NISHIMOTO,20.0,2131
30/6/2022,Round 2,WS,PUSARLA V. Sindhu (7) Rank 7 Elo 2315 (+11),19-21 / 21-9 / 21-14,Lalinrat CHAIWAN Rank 20 Elo 2084 (-11),57,https://badmintonranks.com/tournament?id=12437,4,Malaysia_Open_2022,PUSARLA V. Sindhu (7),7.0,2315,Lalinrat CHAIWAN,20.0,2084
29/6/2022,Round 1,MD,Supak JOMKOH / Kittinupong KEDREN Rank 33 Elo 1801 (+15),15-21 / 21-14 / 21-13,Nur Mohd Azriyn Ayub / LIM Khim Wah Rank 111 Elo 1589 (-26),49,https://badmintonranks.com/tournament?id=12437,4,Malaysia_Open_2022,Supak JOMKOH / Kittinupong KEDREN,33.0,1801,Nur Mohd Azriyn Ayub / LIM Khim Wah,111.0,1589
29/6/2022,Round 1,WD,Anna Cheong Ching Yik / TEOH Mei Xing Rank 44 Elo 1747 (+9),21-12 / 21-5,Kate FROST / Moya RYAN Rank 85 Elo 1409 (-24),24,https://badmintonranks.com/tournament?id=12437,4,Malaysia_Open_2022,Anna Cheong Ching Yik / TEOH Mei Xing,44.0,1747,Kate FROST / Moya RYAN,85.0,1409
29/6/2022,Round 1,MS,LEE Zii Jia (5) Rank 5 Elo 2439 (+2),21-15 / 21-11,Nhat NGUYEN Rank 40 Elo 1895 (-2),47,https://badmintonranks.com/tournament?id=12437,4,Malaysia_Open_2022,LEE Zii Jia (5),5.0,2439,Nhat NGUYEN,40.0,1895
29/6/2022,Round 1,MS,Shesar Hiren RHUSTAVITO Rank 26 Elo 2137 (+9),15-21 / 11-9 Ret.,Rasmus GEMKE Rank 12 Elo 2104 (-9),41,https://badmintonranks.com/tournament?id=12437,4,Malaysia_Open_2022,Shesar Hiren RHUSTAVITO,26.0,2137,Rasmus GEMKE,12.0,2104
29/6/2022,Round 1,WD,LEE So Hee / SHIN Se.. (2) Rank 3 Elo 2141 (+3),21-16 / 21-8,Margot LAMBERT / Anne TRAN Rank 52 Elo 1631 (-5),33,https://badmintonranks.com/tournament?id=12437,4,Malaysia_Open_2022,LEE So Hee / SHIN Se.. (2),3.0,2141,Margot LAMBERT / Anne TRAN,52.0,1631
29/6/2022,Round 1,MD,Aaron CHIA / SOH Wooi Yik (5) Rank 6 Elo 2088 (+16),21-18 / 21-19,Akira KOGA / Taichi SAITO Rank 22 Elo 1941 (-16),42,https://badmintonranks.com/tournament?id=12437,5,Malaysia_Open_2022,Aaron CHIA / SOH Wooi Yik (5),6.0,2088,Akira KOGA / Taichi SAITO,22.0,1941
29/6/2022,Round 1,MS,Kento MOMOTA (2) Rank 2 Elo 2243 (+0),W.O.,Kantaphon WANGCHAROEN Rank 23 Elo 1909 (-0),0,https://badmintonranks.com/tournament?id=12437,5,Malaysia_Open_2022,Kento MOMOTA (2),2.0,2243,Kantaphon WANGCHAROEN,23.0,1909
29/6/2022,Round 1,WD,Febby Valencia Dwijayanti GANI / Ribka SUGIARTO Rank 70 Elo 1779 (+32),21-18 / 21-17,Vivian HO / LIM Chiew Sien Rank 36 Elo 1759 (-33),36,https://badmintonranks.com/tournament?id=12437,5,Malaysia_Open_2022,Febby Valencia Dwijayanti GANI / Ribka SUGIARTO,70.0,1779,Vivian HO / LIM Chiew Sien,36.0,1759
29/6/2022,Round 1,MD,Muhammad Shohibul FIKRI / Bagas MAULANA Rank 20 Elo 1972 (+8),21-19 / 21-6,Jones Ralfy JANSEN / Jan Colin STICHLING Rank 158 Elo 1658 (-13),28,https://badmintonranks.com/tournament?id=12437,5,Malaysia_Open_2022,Muhammad Shohibul FIKRI / Bagas MAULANA,20.0,1972,Jones Ralfy JANSEN / Jan Colin STICHLING,158.0,1658
29/6/2022,Round 1,MD,Takuro HOKI / Yugo KOBAYASHI (2) Rank 2 Elo 2145 (+8),14-21 / 21-16 / 21-13,LU Ching Yao / YANG Po Hsuan Rank 24 Elo 1863 (-9),60,https://badmintonranks.com/tournament?id=12437,5,Malaysia_Open_2022,Takuro HOKI / Yugo KOBAYASHI (2),2.0,2145,LU Ching Yao / YANG Po Hsuan,24.0,1863
29/6/2022,Round 1,WD,ZHANG .. / ZHENG Yu Rank 33 Elo 1960 (+30),21-10 / 21-8,Jongkolphan KITITHARAKUL / Rawinda PRAJONGJAI (7) Rank 8 Elo 1999 (-29),32,https://badmintonranks.com/tournament?id=12437,5,Malaysia_Open_2022,ZHANG .. / ZHENG Yu,33.0,1960,Jongkolphan KITITHARAKUL / Rawinda PRAJONGJAI (7),8.0,1999
29/6/2022,Round 1,WD,Mayu MATSUMOTO / Wakana NAGAHARA (5) Rank 6 Elo 2164 (+3),21-11 / 21-14,Ashwini BHAT K / Shikha GAUTAM Rank 56 Elo 1671 (-5),29,https://badmintonranks.com/tournament?id=12437,5,Malaysia_Open_2022,Mayu MATSUMOTO / Wakana NAGAHARA (5),6.0,2164,Ashwini BHAT K / Shikha GAUTAM,56.0,1671
29/6/2022,Round 1,MD,CHOI Sol Gyu / KIM Won Ho Rank 54 Elo 1917 (+39),24-22 / 14-21 / 21-17,Kim ASTRUP / Anders Skaarup RASMUSSEN (8) Rank 9 Elo 2067 (-36),73,https://badmintonranks.com/tournament?id=12437,5,Malaysia_Open_2022,CHOI Sol Gyu / KIM Won Ho,54.0,1917,Kim ASTRUP / Anders Skaarup RASMUSSEN (8),9.0,2067
29/6/2022,Round 1,XD,ZHENG Si Wei / HUANG Ya Qiong (2) Rank 1 Elo 2397 (+2),21-17 / 21-18,HOO Pang Ron / TOH Ee Wei Rank 183 Elo 1820 (-3),34,https://badmintonranks.com/tournament?id=12437,5,Malaysia_Open_2022,ZHENG Si Wei / HUANG Ya Qiong (2),1.0,2397,HOO Pang Ron / TOH Ee Wei,183.0,1820
29/6/2022,Round 1,MD,HEE Yong KWON / LOH Kean Yew Rank 50 Elo 1802 (+50),21-14 / 21-19,KANG Min Hyuk / SEO Seung Jae Rank 46 Elo 2017 (-41),36,https://badmintonranks.com/tournament?id=12437,5,Malaysia_Open_2022,HEE Yong KWON / LOH Kean Yew,50.0,1802,KANG Min Hyuk / SEO Seung Jae,46.0,2017
29/6/2022,Round 1,MD,HE Ji Ting / ZHOU Hao Dong Rank 103 Elo 1944 (+11),21-10 / 21-12,BOON Xin Yuan / WONG Tien Ci Rank 171 Elo 1694 (-16),26,https://badmintonranks.com/tournament?id=12437,5,Malaysia_Open_2022,HE Ji Ting / ZHOU Hao Dong,103.0,1944,BOON Xin Yuan / WONG Tien Ci,171.0,1694
29/6/2022,Round 1,WD,Pearly TAN / THINAAH Muralitharan Rank 10 Elo 1971 (+18),22-20 / 21-14,LIU Xuan Xuan / XIA Yu Ting Rank 21 Elo 1848 (-20),42,https://badmintonranks.com/tournament?id=12437,5,Malaysia_Open_2022,Pearly TAN / THINAAH Muralitharan,10.0,1971,LIU Xuan Xuan / XIA Yu Ting,21.0,1848
29/6/2022,Round 1,MD,Hendra SETIAWAN / Mohammad AHSAN (3) Rank 3 Elo 1994 (+10),17-21 / 21-15 / 21-14,REN Xiang Yu / TAN Qiang Rank 137 Elo 1750 (-14),50,https://badmintonranks.com/tournament?id=12437,5,Malaysia_Open_2022,Hendra SETIAWAN / Mohammad AHSAN (3),3.0,1994,REN Xiang Yu / TAN Qiang,137.0,1750
29/6/2022,Round 1,MS,LU Guang Zu Rank 27 Elo 2163 (+12),21-16 / 21-23 / 21-18,NG Tze Yong Rank 48 Elo 1953 (-12),87,https://badmintonranks.com/tournament?id=12437,5,Malaysia_Open_2022,LU Guang Zu,27.0,2163,NG Tze Yong,48.0,1953
29/6/2022,Round 1,MS,NG Ka Long Angus Rank 13 Elo 2098 (+19),21-18 / 21-16,Mark CALJOUW Rank 28 Elo 2004 (-20),39,https://badmintonranks.com/tournament?id=12437,5,Malaysia_Open_2022,NG Ka Long Angus,13.0,2098,Mark CALJOUW,28.0,2004
29/6/2022,Round 1,MS,PARUPALLI Kashyap Rank 39 Elo 1911 (+37),21-12 / 21-17,HEO Kwang Hee Rank 32 Elo 2022 (-34),39,https://badmintonranks.com/tournament?id=12437,5,Malaysia_Open_2022,PARUPALLI Kashyap,39.0,1911,HEO Kwang Hee,32.0,2022
29/6/2022,Round 1,WS,TAI Tzu Ying (2) Rank 2 Elo 2560 (+1),21-13 / 21-9,Lianne TAN Rank 36 Elo 1805 (-1),29,https://badmintonranks.com/tournament?id=12437,5,Malaysia_Open_2022,TAI Tzu Ying (2),2.0,2560,Lianne TAN,36.0,1805
29/6/2022,Round 1,WS,Kristin KUUBA Rank 51 Elo 1782 (+53),21-12 / 21-18,Michelle LI Rank 12 Elo 2017 (-41),41,https://badmintonranks.com/tournament?id=12437,5,Malaysia_Open_2022,Kristin KUUBA,51.0,1782,Michelle LI,12.0,2017
29/6/2022,Round 1,WS,Busanan ONGBAMRUNGPHAN Rank 11 Elo 2178 (+18),22-20 / 21-14,KIM Ga Eun Rank 19 Elo 2079 (-19),49,https://badmintonranks.com/tournament?id=12437,5,Malaysia_Open_2022,Busanan ONGBAMRUNGPHAN,11.0,2178,KIM Ga Eun,19.0,2079
29/6/2022,Round 1,MS,WANG Tzu Wei Rank 16 Elo 2084 (+26),21-17 / 21-7,Kevin CORDON Rank 36 Elo 2089 (-26),29,https://badmintonranks.com/tournament?id=12437,5,Malaysia_Open_2022,WANG Tzu Wei,16.0,2084,Kevin CORDON,36.0,2089
29/6/2022,Round 1,MS,Kunlavut VITIDSARN Rank 18 Elo 2257 (+18),21-19 / 14-21 / 21-15,ZHAO Jun Peng Rank 24 Elo 2161 (-18),78,https://badmintonranks.com/tournament?id=12437,6,Malaysia_Open_2022,Kunlavut VITIDSARN,18.0,2257,ZHAO Jun Peng,24.0,2161
29/6/2022,Round 1,WS,PUSARLA V. Sindhu (7) Rank 7 Elo 2294 (+21),21-13 / 21-17,Pornpawee CHOCHUWONG Rank 10 Elo 2239 (-21),40,https://badmintonranks.com/tournament?id=12437,6,Malaysia_Open_2022,PUSARLA V. Sindhu (7),7.0,2294,Pornpawee CHOCHUWONG,10.0,2239
29/6/2022,Round 1,XD,William VILLEGER / Anne TRAN Rank 64 Elo 1686 (+57),21-16 / 22-20,Mikkel MIKKELSEN / Rikke SØBY Rank 38 Elo 1820 (-43),35,https://badmintonranks.com/tournament?id=12437,6,Malaysia_Open_2022,William VILLEGER / Anne TRAN,64.0,1686,Mikkel MIKKELSEN / Rikke SØBY,38.0,1820
29/6/2022,Round 1,XD,CHEN Tang Jie / Valeree SIETSEMA Rank 49 Elo 1747 (+53),21-16 / 14-21 / 21-10,Yuki KANEKO / Misaki MATSUTOMO Rank 16 Elo 1924 (-40),54,https://badmintonranks.com/tournament?id=12437,6,Malaysia_Open_2022,CHEN Tang Jie / Valeree SIETSEMA,49.0,1747,Yuki KANEKO / Misaki MATSUTOMO,16.0,1924
29/6/2022,Round 1,WS,Lalinrat CHAIWAN Rank 20 Elo 2080 (+4),21-18 / 21-15,Fitriani FITRIANI Rank 47 Elo 1673 (-8),31,https://badmintonranks.com/tournament?id=12437,6,Malaysia_Open_2022,Lalinrat CHAIWAN,20.0,2080,Fitriani FITRIANI,47.0,1673
29/6/2022,Round 1,XD,Jones Ralfy JANSEN / Linda EFLER Rank 45 Elo 1815 (+21),21-17 / 21-18,SOONG .. / GOH Liu Ying Rank 79 Elo 1690 (-27),40,https://badmintonranks.com/tournament?id=12437,6,Malaysia_Open_2022,Jones Ralfy JANSEN / Linda EFLER,45.0,1815,SOONG .. / GOH Liu Ying,79.0,1690
29/6/2022,Round 1,XD,Thom GICQUEL / Delphine DELRUE (8) Rank 10 Elo 2076 (+4),21-15 / 19-21 / 21-16,GUO Xin Wa / ZHANG Shu Xian Rank 40 Elo 1671 (-8),54,https://badmintonranks.com/tournament?id=12437,6,Malaysia_Open_2022,Thom GICQUEL / Delphine DELRUE (8),10.0,2076,GUO Xin Wa / ZHANG Shu Xian,40.0,1671
29/6/2022,Round 1,WS,CHEN Yu Fei (4) Rank 4 Elo 2497 (+3),21-18 / 21-8,ZHANG Yi Man Rank 32 Elo 2024 (-3),33,https://badmintonranks.com/tournament?id=12437,6,Malaysia_Open_2022,CHEN Yu Fei (4),4.0,2497,ZHANG Yi Man,32.0,2024
29/6/2022,Round 1,XD,HEE Yong KWON / TAN Wei Qiang Rank 39 Elo 1830 (+15),21-14 / 21-18,Hafiz FAIZAL / Serena KOTHLOW Rank Elo 1634 (-24),26,https://badmintonranks.com/tournament?id=12437,6,Malaysia_Open_2022,HEE Yong KWON / TAN Wei Qiang,39.0,1830,Hafiz FAIZAL / Serena KOTHLOW,,1634
29/6/2022,Round 1,XD,Mathias THYRRI / Alexandra BOE Rank 15 Elo 1939 (+50),15-21 / 21-17 / 22-20,Yuta WATANABE / Arisa IGAKI (3) Rank 3 Elo 2324 (-46),62,https://badmintonranks.com/tournament?id=12437,6,Malaysia_Open_2022,Mathias THYRRI / Alexandra BOE,15.0,1939,Yuta WATANABE / Arisa IGAKI (3),3.0,2324
29/6/2022,Round 1,WS,Nozomi OKUHARA (6) Rank 6 Elo 2328 (+3),21-13 / 21-9,Yvonne LI Rank 25 Elo 1837 (-3),29,https://badmintonranks.com/tournament?id=12437,6,Malaysia_Open_2022,Nozomi OKUHARA (6),6.0,2328,Yvonne LI,25.0,1837
29/6/2022,Round 1,XD,Robin TABELING / Selena PIEK Rank 21 Elo 1855 (+19),21-15 / 19-21 / 21-17,REDDY .. / Ashwini PONNAPPA Rank 103 Elo 1732 (-24),52,https://badmintonranks.com/tournament?id=12437,6,Malaysia_Open_2022,Robin TABELING / Selena PIEK,21.0,1855,REDDY .. / Ashwini PONNAPPA,103.0,1732
29/6/2022,Round 1,WS,Iris WANG Rank 33 Elo 1964 (+22),21-11 / 21-17,Saina NEHWAL Rank 24 Elo 1905 (-23),37,https://badmintonranks.com/tournament?id=12437,6,Malaysia_Open_2022,Iris WANG,33.0,1964,Saina NEHWAL,24.0,1905
28/6/2022,Round 1,MD,GOH Sze Fei / Nur IZZUDDIN Rank 12 Elo 2036 (+11),21-12 / 21-12,Keiichiro MATSUI / Yoshinori TAKEUTI Rank 31 Elo 1797 (-13),36,https://badmintonranks.com/tournament?id=12437,6,Malaysia_Open_2022,GOH Sze Fei / Nur IZZUDDIN,12.0,2036,Keiichiro MATSUI / Yoshinori TAKEUTI,31.0,1797
28/6/2022,Round 1,MD,Satwiksairaj RANKIREDDY / Chirag SHETTY (7) Rank 8 Elo 2089 (+8),21-18 / 21-11,MAN Wei Chong / TEE Kai Wun Rank 38 Elo 1803 (-10),32,https://badmintonranks.com/tournament?id=12437,6,Malaysia_Open_2022,Satwiksairaj RANKIREDDY / Chirag SHETTY (7),8.0,2089,MAN Wei Chong / TEE Kai Wun,38.0,1803
28/6/2022,Round 1,MS,PRANNOY H. S. Rank 21 Elo 2173 (+15),21-14 / 17-21 / 21-18,LIEW Daren Rank 30 Elo 2017 (-16),62,https://badmintonranks.com/tournament?id=12437,6,Malaysia_Open_2022,PRANNOY H. S.,21.0,2173,LIEW Daren,30.0,2017
28/6/2022,Round 1,WD,LOW Yeen Yuan / Valeree SIETSEMA Rank 71 Elo 1587 (+91),17-21 / 21-16 / 21-19,Linda EFLER / Isabel LOHAU Rank 24 Elo 1815 (-49),73,https://badmintonranks.com/tournament?id=12437,6,Malaysia_Open_2022,LOW Yeen Yuan / Valeree SIETSEMA,71.0,1587,Linda EFLER / Isabel LOHAU,24.0,1815
28/6/2022,Round 1,MD,Fajar ALFIAN / Muhammad Shohibul FIKRI (6) Rank 7 Elo 2162 (+2),21-18 / 21-9,GOH V Shem / LOW Juan Shen Rank 79 Elo 1650 (-5),29,https://badmintonranks.com/tournament?id=12437,6,Malaysia_Open_2022,Fajar ALFIAN / Muhammad Shohibul FIKRI (6),7.0,2162,GOH V Shem / LOW Juan Shen,79.0,1650
28/6/2022,Round 1,MS,Sitthikom THAMMASIN Rank 33 Elo 1946 (+36),21-16 / 16-21 / 21-19,Chico Aura DWI WARDOYO Rank 45 Elo 2057 (-34),70,https://badmintonranks.com/tournament?id=12437,6,Malaysia_Open_2022,Sitthikom THAMMASIN,33.0,1946,Chico Aura DWI WARDOYO,45.0,2057
28/6/2022,Round 1,WD,Febriana Dwipuji KUSUMA / Amallia Cahaya PRATIWI Rank 68 Elo 1727 (+29),18-21 / 21-16 / 21-11,Francesca CORBETT / Allison Qu.. Rank 90 Elo 1646 (-36),52,https://badmintonranks.com/tournament?id=12437,6,Malaysia_Open_2022,Febriana Dwipuji KUSUMA / Amallia Cahaya PRATIWI,68.0,1727,Francesca CORBETT / Allison Qu..,90.0,1646
28/6/2022,Round 1,MD,LEE Yang / WANG Chang (4) Rank 4 Elo 2150 (+7),21-9 / 21-15,Ruben JILLE / Ties VAN DER LECQ Rank 41 Elo 1814 (-8),26,https://badmintonranks.com/tournament?id=12437,7,Malaysia_Open_2022,LEE Yang / WANG Chang (4),4.0,2150,Ruben JILLE / Ties VAN DER LECQ,41.0,1814
28/6/2022,Round 1,MD,TAN Kian Meng / TAN Wee Kiong Rank 64 Elo 1700 (+49),18-21 / 21-15 / 21-17,Jeppe BAY / Lasse MØLHEDE Rank 30 Elo 1777 (-41),50,https://badmintonranks.com/tournament?id=12437,7,Malaysia_Open_2022,TAN Kian Meng / TAN Wee Kiong,64.0,1700,Jeppe BAY / Lasse MØLHEDE,30.0,1777
28/6/2022,Round 1,MS,Kenta NISHIMOTO Rank 20 Elo 2118 (+13),15-21 / 21-18 / 22-20,Tommy SUGIARTO Rank 34 Elo 1938 (-15),66,https://badmintonranks.com/tournament?id=12437,7,Malaysia_Open_2022,Kenta NISHIMOTO,20.0,2118,Tommy SUGIARTO,34.0,1938
28/6/2022,Round 1,MD,ONG Yew Sin / TEO Ee Yi Rank 10 Elo 1973 (+10),21-19 / 21-13,Junaidi ARIFFIN / Muhammad Shohibul FIKRI Rank 85 Elo 1714 (-14),30,https://badmintonranks.com/tournament?id=12437,7,Malaysia_Open_2022,ONG Yew Sin / TEO Ee Yi,10.0,1973,Junaidi ARIFFIN / Muhammad Shohibul FIKRI,85.0,1714
28/6/2022,Round 1,MS,Jonatan CHRISTIE (7) Rank 8 Elo 2200 (+14),21-14 / 13-21 / 21-7,Sameer VERMA Rank 29 Elo 2034 (-15),49,https://badmintonranks.com/tournament?id=12437,7,Malaysia_Open_2022,Jonatan CHRISTIE (7),8.0,2200,Sameer VERMA,29.0,2034
28/6/2022,Round 1,WD,JEONG Na Eun / KIM Hye Jeong Rank 12 Elo 2045 (+3),21-7 / 21-12,Haritha M.. / Ashna ROY Rank 98 Elo 1588 (-8),24,https://badmintonranks.com/tournament?id=12437,7,Malaysia_Open_2022,JEONG Na Eun / KIM Hye Jeong,12.0,2045,Haritha M.. / Ashna ROY,98.0,1588
28/6/2022,Round 1,MS,CHOU Tien Chen (4) Rank 4 Elo 2282 (+10),21-16 / 21-9,Brian YANG Rank 31 Elo 2041 (-10),31,https://badmintonranks.com/tournament?id=12437,7,Malaysia_Open_2022,CHOU Tien Chen (4),4.0,2282,Brian YANG,31.0,2041
28/6/2022,Round 1,XD,Rinov RIVALDY / Pitha Haningtyas MENTARI Rank 19 Elo 1898 (+17),9-21 / 21-12 / 22-20,CHAN Peng Soon / CHEAH Yee See Rank 71 Elo 1762 (-22),53,https://badmintonranks.com/tournament?id=12437,7,Malaysia_Open_2022,Rinov RIVALDY / Pitha Haningtyas MENTARI,19.0,1898,CHAN Peng Soon / CHEAH Yee See,71.0,1762
28/6/2022,Round 1,MD,Mark LAMSFUSS / Marvin SEIDEL Rank 13 Elo 1969 (+4),19-21 / 21-10 / 21-15,Joshua MAYO / Paul REYNAUD Rank 65 Elo 1521 (-10),49,https://badmintonranks.com/tournament?id=12437,7,Malaysia_Open_2022,Mark LAMSFUSS / Marvin SEIDEL,13.0,1969,Joshua MAYO / Paul REYNAUD,65.0,1521
28/6/2022,Round 1,MS,Anthony Sinisuka GINTING (6) Rank 6 Elo 2250 (+6),21-15 / 19-21 / 21-9,SAI PRANEETH B. Rank 19 Elo 1916 (-7),50,https://badmintonranks.com/tournament?id=12437,7,Malaysia_Open_2022,Anthony Sinisuka GINTING (6),6.0,2250,SAI PRANEETH B.,19.0,1916
28/6/2022,Round 1,WD,Gabriela STOEVA / Stefani STOEVA (8) Rank 9 Elo 2024 (+2),21-14 / 21-18,Mariia STOLIARENKO / Yelyzaveta ZHARKA Rank 69 Elo 1450 (-6),35,https://badmintonranks.com/tournament?id=12437,7,Malaysia_Open_2022,Gabriela STOEVA / Stefani STOEVA (8),9.0,2024,Mariia STOLIARENKO / Yelyzaveta ZHARKA,69.0,1450
28/6/2022,Round 1,XD,TANG Chun Man / TSE Ying Suet (6) Rank 7 Elo 2073 (+5),21-18 / 21-18,CHOONG Hon Jian / PECK Yen Wei Rank Elo 1676 (-8),37,https://badmintonranks.com/tournament?id=12437,7,Malaysia_Open_2022,TANG Chun Man / TSE Ying Suet (6),7.0,2073,CHOONG Hon Jian / PECK Yen Wei,,1676
28/6/2022,Round 1,WS,ZHANG Beiwen Rank 16 Elo 2027 (+12),21-13 / 21-18,Julie Dawall JAKOBSEN Rank 39 Elo 1806 (-14),35,https://badmintonranks.com/tournament?id=12437,7,Malaysia_Open_2022,ZHANG Beiwen,16.0,2027,Julie Dawall JAKOBSEN,39.0,1806
28/6/2022,Round 1,WD,CHEN Qi Ming / JIA Yi Fan (1) Rank 1 Elo 2265 (+5),21-17 / 21-8,Benyapa AIMSAARD / Nuntakarn AIMSAARD Rank 28 Elo 1868 (-5),26,https://badmintonranks.com/tournament?id=12437,7,Malaysia_Open_2022,CHEN Qi Ming / JIA Yi Fan (1),1.0,2265,Benyapa AIMSAARD / Nuntakarn AIMSAARD,28.0,1868
28/6/2022,Round 1,WD,DU Yue / LI Wen Mei Rank 35 Elo 1952 (+5),21-4 / 21-7,Jaqueline.. / Samia LIMA Rank 57 Elo 1571 (-12),24,https://badmintonranks.com/tournament?id=12437,7,Malaysia_Open_2022,DU Yue / LI Wen Mei,35.0,1952,Jaqueline.. / Samia LIMA,57.0,1571
28/6/2022,Round 1,MS,LEE Cheuk Yiu Rank 15 Elo 2081 (+40),21-19 / 21-12,LOH Kean Yew Rank 9 Elo 2292 (-39),39,https://badmintonranks.com/tournament?id=12437,7,Malaysia_Open_2022,LEE Cheuk Yiu,15.0,2081,LOH Kean Yew,9.0,2292
28/6/2022,Round 1,WS,HAN Yue Rank 23 Elo 1968 (+22),12-21 / 21-14 / 21-8,Line CHRISTOPHERSEN Rank 22 Elo 1910 (-23),40,https://badmintonranks.com/tournament?id=12437,7,Malaysia_Open_2022,HAN Yue,23.0,1968,Line CHRISTOPHERSEN,22.0,1910
28/6/2022,Round 1,WS,Ratchanok INTANON (8) Rank 8 Elo 2293 (+6),24-26 / 21-4 / 22-20,SIM Yu Jin Rank 46 Elo 1963 (-7),58,https://badmintonranks.com/tournament?id=12437,7,Malaysia_Open_2022,Ratchanok INTANON (8),8.0,2293,SIM Yu Jin,46.0,1963
28/6/2022,Round 1,MS,Viktor AXELSEN (1) Rank 1 Elo 2648 (+1),22-20 / 21-7,Brice LEVERDEZ Rank 38 Elo 1945 (-1),30,https://badmintonranks.com/tournament?id=12437,7,Malaysia_Open_2022,Viktor AXELSEN (1),1.0,2648,Brice LEVERDEZ,38.0,1945
28/6/2022,Round 1,WS,Carolina MARIN (5) Rank 5 Elo 2393 (+2),21-7 / 21-16,QI Xuefei Rank 45 Elo 1790 (-2),42,https://badmintonranks.com/tournament?id=12437,7,Malaysia_Open_2022,Carolina MARIN (5),5.0,2393,QI Xuefei,45.0,1790
28/6/2022,Round 1,XD,KIM Won Ho / JEONG Na Eun Rank 99 Elo 1688 (+25),21-15 / 21-9,Venkat Gaurav PRASAD / Juhi DEWANGAN Rank 56 Elo 1534 (-39),22,https://badmintonranks.com/tournament?id=12437,8,Malaysia_Open_2022,KIM Won Ho / JEONG Na Eun,99.0,1688,Venkat Gaurav PRASAD / Juhi DEWANGAN,56.0,1534
28/6/2022,Round 1,MD,LIU Yu Chen / OU Xuan Yi Rank 45 Elo 2065 (+5),21-14 / 21-18,CHANG Tak Ching / YAP Roy King Rank 133 Elo 1674 (-8),32,https://badmintonranks.com/tournament?id=12437,8,Malaysia_Open_2022,LIU Yu Chen / OU Xuan Yi,45.0,2065,CHANG Tak Ching / YAP Roy King,133.0,1674
28/6/2022,Round 1,WS,Line Højmark KJAERSFELDT Rank 29 Elo 2010 (+24),21-14 / 10-21 / 21-16,Putri Kusuma WARDANI Rank 49 Elo 1977 (-24),56,https://badmintonranks.com/tournament?id=12437,8,Malaysia_Open_2022,Line Højmark KJAERSFELDT,29.0,2010,Putri Kusuma WARDANI,49.0,1977
28/6/2022,Round 1,XD,GOH Soon Huat / LAI Shevon Jemie Rank 14 Elo 1887 (+33),21-18 / 19-21 / 21-18,TAN Kian Meng / LAI Pei Jing (7) Rank 9 Elo 1937 (-31),60,https://badmintonranks.com/tournament?id=12437,8,Malaysia_Open_2022,GOH Soon Huat / LAI Shevon Jemie,14.0,1887,TAN Kian Meng / LAI Pei Jing (7),9.0,1937
28/6/2022,Round 1,WS,AN Se Young (3) Rank 3 Elo 2409 (+3),21-12 / 21-15,YEO Jia Min Rank 18 Elo 1963 (-4),32,https://badmintonranks.com/tournament?id=12437,8,Malaysia_Open_2022,AN Se Young (3),3.0,2409,YEO Jia Min,18.0,1963
28/6/2022,Round 1,WD,Apriyani RAHAYU / Siti Fadia Silva RAMADHANTI Rank 133 Elo 2031 (+10),22-20 / 21-9,Stine KUUSISTO / Emma MOSZCZYNSKI Rank 77 Elo 1782 (-12),31,https://badmintonranks.com/tournament?id=12437,8,Malaysia_Open_2022,Apriyani RAHAYU / Siti Fadia Silva RAMADHANTI,133.0,2031,Stine KUUSISTO / Emma MOSZCZYNSKI,77.0,1782
28/6/2022,Round 1,XD,Supak JOMKOH / Supissara PACHARAMONGKOL Rank 22 Elo 1947 (+19),21-8 / 11-21 / 24-22,Kyohei YAMASHITA / Naru SHINOYA Rank 30 Elo 1836 (-21),49,https://badmintonranks.com/tournament?id=12437,8,Malaysia_Open_2022,Supak JOMKOH / Supissara PACHARAMONGKOL,22.0,1947,Kyohei YAMASHITA / Naru SHINOYA,30.0,1836
28/6/2022,Round 1,XD,Rehan Naufal KUSHARJANTO / Lisa Ayu KUSUMAWATI Rank 46 Elo 1778 (+32),23-21 / 8-21 / 21-18,CHANG Tak Ching / NG Wing Yung Rank 25 Elo 1765 (-33),45,https://badmintonranks.com/tournament?id=12437,8,Malaysia_Open_2022,Rehan Naufal KUSHARJANTO / Lisa Ayu KUSUMAWATI,46.0,1778,CHANG Tak Ching / NG Wing Yung,25.0,1765
28/6/2022,Round 1,WS,WANG Zhi Yi Rank 13 Elo 2289 (+35),23-21 / 9-21 / 21-11,HE Bing Jiao Rank 9 Elo 2424 (-34),67,https://badmintonranks.com/tournament?id=12437,8,Malaysia_Open_2022,WANG Zhi Yi,13.0,2289,HE Bing Jiao,9.0,2424
28/6/2022,Round 1,XD,Dechapol PUAVARANUKROH / Sapsiree TAERATTANACHAI (1) Rank 2 Elo 2312 (+8),21-17 / 21-7,Mark LAMSFUSS / Isabel LOHAU Rank 12 Elo 2012 (-8),29,https://badmintonranks.com/tournament?id=12437,8,Malaysia_Open_2022,Dechapol PUAVARANUKROH / Sapsiree TAERATTANACHAI (1),2.0,2312,Mark LAMSFUSS / Isabel LOHAU,12.0,2012
28/6/2022,Round 1,WS,Gregoria Mariska TUNJUNG Rank 31 Elo 2004 (+48),21-14 / 21-14,Akane YAMAGUCHI (1) Rank 1 Elo 2423 (-46),26,https://badmintonranks.com/tournament?id=12437,8,Malaysia_Open_2022,Gregoria Mariska TUNJUNG,31.0,2004,Akane YAMAGUCHI (1),1.0,2423
28/6/2022,Round 1,WD,Nami MATSUYAMA / Chiharu SHIDA (6) Rank 5 Elo 2301 (+2),21-15 / 21-11,Ashwini PONNAPPA / REDDY Sikki Gupta Rank 23 Elo 1691 (-2),34,https://badmintonranks.com/tournament?id=12437,8,Malaysia_Open_2022,Nami MATSUYAMA / Chiharu SHIDA (6),5.0,2301,Ashwini PONNAPPA / REDDY Sikki Gupta,23.0,1691
28/6/2022,Round 1,XD,WANG Yi Lyu / HUANG Dong Ping (4) Rank 4 Elo 2233 (+2),21-11 / 21-14,Fabricio AUGUSTO / Jaqueline .. Rank 57 Elo 1700 (-3),24,https://badmintonranks.com/tournament?id=12437,8,Malaysia_Open_2022,WANG Yi Lyu / HUANG Dong Ping (4),4.0,2233,Fabricio AUGUSTO / Jaqueline ..,57.0,1700
28/6/2022,Round 1,WD,Srivedya GURAZADA / Ishika JAISWAL Rank 92 Elo 1558 (+0),W.O.,Yuki FUKUSHIMA / Sayaka HIROTA Rank 2 Elo 2145 (-0),0,https://badmintonranks.com/tournament?id=12437,8,Malaysia_Open_2022,Srivedya GURAZADA / Ishika JAISWAL,92.0,1558,Yuki FUKUSHIMA / Sayaka HIROTA,2.0,2145
28/6/2022,Round 1,WD,Supissara PACHARAMONGKOL / Puttita SUPAJIRAKUL Rank 195 Elo 1633 (+0),W.O.,Ornnicha JONGSATHAPORNPARN / Atitaya PO.. Rank Elo 1601 (-0),0,https://badmintonranks.com/tournament?id=12437,8,Malaysia_Open_2022,Supissara PACHARAMONGKOL / Puttita SUPAJIRAKUL,195.0,1633,Ornnicha JONGSATHAPORNPARN / Atitaya PO..,,1601
