date,round,type,winner_raw,score,loser_raw,duration,tournament_url,page_number,tournament_name
2026-01-11,Final,MD,KIM Won .. / SEO Seu.. (1) Rank 1 Elo 2472 (+8),21-15 / 12-21 / 21-18,Aaron CH.. / SOH Wo.. (2) Rank 2 Elo 2152 (-8),66,https://badmintonranks.com/tournament?id=14659,1,Malaysia_Open_2026
2026-01-11,Final,MS,Kunlavut VITIDSARN (2) Rank 2 Elo 2464 (+15),23-21 / 6-1 Ret.,SHI Yu Qi (1) Rank 1 Elo 2591 (-15),36,https://badmintonranks.com/tournament?id=14659,1,Malaysia_Open_2026
2026-01-11,Final,XD,FENG Ya.. / HUANG .. (1) Rank 1 Elo 2518 (+15),21-19 / 21-19,JIANG Zh.. / WEI Ya X.. (2) Rank 2 Elo 2340 (-14),45,https://badmintonranks.com/tournament?id=14659,1,Malaysia_Open_2026
2026-01-11,Final,WD,LIU Shen.. / TAN Ning (1) Rank 1 Elo 2378 (+25),21-18 / 21-12,BAEK Ha.. / LEE So H.. (6) Rank 6 Elo 2347 (-25),67,https://badmintonranks.com/tournament?id=14659,1,Malaysia_Open_2026
2026-01-11,Final,WS,AN Se Young (1) Rank 1 Elo 2819 (+11),21-15 / 24-22,WANG Zhi Yi (2) Rank 2 Elo 2580 (-11),56,https://badmintonranks.com/tournament?id=14659,1,Malaysia_Open_2026
2026-01-10,Semi final,MD,Aaron CH.. / SOH Wo.. (2) Rank 2 Elo 2121 (+31),23-21 / 21-18,Fajar ALF.. / Muhamm.. (6) Rank 6 Elo 2166 (-31),51,https://badmintonranks.com/tournament?id=14659,1,Malaysia_Open_2026
2026-01-10,Semi final,WS,AN Se Young (1) Rank 1 Elo 2819 (+0),W.O.,CHEN Yu Fei (4) Rank 4 Elo 2574 (-1),0,https://badmintonranks.com/tournament?id=14659,1,Malaysia_Open_2026
2026-01-10,Semi final,MS,SHI Yu Qi (1) Rank 1 Elo 2576 (+15),21-13 / 21-14,Anders ANTONSEN (3) Rank 3 Elo 2407 (-15),46,https://badmintonranks.com/tournament?id=14659,1,Malaysia_Open_2026
2026-01-10,Semi final,MD,KIM Won .. / SEO Seu.. (1) Rank 1 Elo 2466 (+6),8-21 / 21-11 / 21-18,Ben LANE / Sean VEN.. Rank 16 Elo 2113 (-6),58,https://badmintonranks.com/tournament?id=14659,1,Malaysia_Open_2026
2026-01-10,Semi final,MS,Kunlavut VITIDSARN (2) Rank 2 Elo 2443 (+21),21-16 / 21-16,Jonatan CHRISTIE (4) Rank 4 Elo 2370 (-21),63,https://badmintonranks.com/tournament?id=14659,1,Malaysia_Open_2026
2026-01-10,Semi final,XD,JIANG Zh.. / WEI Ya X.. (2) Rank 2 Elo 2334 (+6),21-15 / 21-14,Jesper T.. / Amalie M.. Rank 11 Elo 1996 (-8),37,https://badmintonranks.com/tournament?id=14659,1,Malaysia_Open_2026
2026-01-10,Semi final,XD,FENG Ya.. / HUANG .. (1) Rank 1 Elo 2512 (+6),21-14 / 21-14,TANG Ch.. / TSE Ying.. (7) Rank 8 Elo 2152 (-6),38,https://badmintonranks.com/tournament?id=14659,1,Malaysia_Open_2026
2026-01-10,Semi final,WD,LIU Shen.. / TAN Ning (1) Rank 1 Elo 2372 (+6),21-8 / 21-17,JEONG .. / LEE Yeon .. Rank 19 Elo 1991 (-5),61,https://badmintonranks.com/tournament?id=14659,1,Malaysia_Open_2026
2026-01-10,Semi final,WD,BAEK Ha.. / LEE So H.. (6) Rank 6 Elo 2326 (+21),21-16 / 21-12,Yuki FUK.. / Mayu MA.. (5) Rank 5 Elo 2250 (-21),64,https://badmintonranks.com/tournament?id=14659,1,Malaysia_Open_2026
2026-01-10,Semi final,WS,WANG Zhi Yi (2) Rank 2 Elo 2576 (+4),21-16 / 21-15,PUSARLA V. Sindhu Rank 18 Elo 2151 (-5),52,https://badmintonranks.com/tournament?id=14659,1,Malaysia_Open_2026
2026-01-09,Quarter final,MD,Aaron CH.. / SOH Wo.. (2) Rank 2 Elo 2086 (+35),21-19 / 21-10,Sabar Ka.. / Moh Rez.. (8) Rank 8 Elo 2190 (-34),34,https://badmintonranks.com/tournament?id=14659,1,Malaysia_Open_2026
2026-01-09,Quarter final,MD,KIM Won .. / SEO Seu.. (1) Rank 1 Elo 2460 (+6),21-17 / 21-14,MAN Wei.. / TEE Kai .. (5) Rank 5 Elo 2102 (-6),41,https://badmintonranks.com/tournament?id=14659,1,Malaysia_Open_2026
2026-01-09,Quarter final,MS,Kunlavut VITIDSARN (2) Rank 2 Elo 2423 (+20),15-21 / 21-10 / 21-13,Alex LANIER (7) Rank 8 Elo 2338 (-20),82,https://badmintonranks.com/tournament?id=14659,1,Malaysia_Open_2026
2026-01-09,Quarter final,MD,Fajar ALF.. / Muhamm.. (6) Rank 6 Elo 2135 (+31),21-10 / 23-21,Satwiksai.. / Chirag S.. (3) Rank 3 Elo 2190 (-30),47,https://badmintonranks.com/tournament?id=14659,1,Malaysia_Open_2026
2026-01-09,Quarter final,XD,TANG Ch.. / TSE Ying.. (7) Rank 8 Elo 2117 (+35),21-17 / 17-21 / 21-10,CHEN Ta.. / TOH Ee .. (4) Rank 4 Elo 2231 (-35),67,https://badmintonranks.com/tournament?id=14659,1,Malaysia_Open_2026
2026-01-09,Quarter final,XD,FENG Ya.. / HUANG .. (1) Rank 1 Elo 2507 (+5),21-16 / 21-9,GUO Xin .. / CHEN Fa.. (6) Rank 6 Elo 2137 (-6),33,https://badmintonranks.com/tournament?id=14659,2,Malaysia_Open_2026
2026-01-09,Quarter final,MD,Ben LANE / Sean VEN.. Rank 16 Elo 2077 (+36),22-20 / 21-19,Takuro H.. / Yugo KOB.. Rank 11 Elo 2210 (-36),45,https://badmintonranks.com/tournament?id=14659,2,Malaysia_Open_2026
2026-01-09,Quarter final,WD,JEONG .. / LEE Yeon .. Rank 19 Elo 1971 (+20),21-10 / 21-15,Kaho OS.. / Mai TANA.. Rank 28 Elo 1879 (-23),52,https://badmintonranks.com/tournament?id=14659,2,Malaysia_Open_2026
2026-01-09,Quarter final,WD,LIU Shen.. / TAN Ning (1) Rank 1 Elo 2369 (+3),21-15 / 21-12,Ririna HI.. / Kokona IS.. Rank 37 Elo 1884 (-4),48,https://badmintonranks.com/tournament?id=14659,2,Malaysia_Open_2026
2026-01-09,Quarter final,MS,Jonatan CHRISTIE (4) Rank 4 Elo 2349 (+21),21-17 / 21-13,Kodai NARAOKA (8) Rank 9 Elo 2276 (-20),47,https://badmintonranks.com/tournament?id=14659,2,Malaysia_Open_2026
2026-01-09,Quarter final,WD,Yuki FUK.. / Mayu MA.. (5) Rank 5 Elo 2245 (+5),21-11 / 21-17,HSU Yin-.. / LIN Jhih Y.. Rank 14 Elo 1836 (-6),38,https://badmintonranks.com/tournament?id=14659,2,Malaysia_Open_2026
2026-01-09,Quarter final,XD,Jesper T.. / Amalie M.. Rank 11 Elo 1951 (+45),21-12 / 8-21 / 21-19,Dechapol.. / Supissar.. (3) Rank 3 Elo 2174 (-41),57,https://badmintonranks.com/tournament?id=14659,2,Malaysia_Open_2026
2026-01-09,Quarter final,WS,WANG Zhi Yi (2) Rank 2 Elo 2568 (+8),21-17 / 21-18,Putri Kusuma WARDA.. (6) Rank 6 Elo 2264 (-8),50,https://badmintonranks.com/tournament?id=14659,2,Malaysia_Open_2026
2026-01-09,Quarter final,MS,Anders ANTONSEN (3) Rank 3 Elo 2396 (+11),21-9 / 21-12,Kenta NISHIMOTO Rank 14 Elo 2168 (-11),46,https://badmintonranks.com/tournament?id=14659,2,Malaysia_Open_2026
2026-01-09,Quarter final,XD,JIANG Zh.. / WEI Ya X.. (2) Rank 2 Elo 2331 (+3),21-16 / 21-13,Presley S.. / Jennie GA.. Rank 32 Elo 1849 (-4),35,https://badmintonranks.com/tournament?id=14659,2,Malaysia_Open_2026
2026-01-09,Quarter final,MS,SHI Yu Qi (1) Rank 1 Elo 2572 (+4),21-10 / 21-7,LEE Cheuk Yiu Rank 18 Elo 2137 (-4),31,https://badmintonranks.com/tournament?id=14659,2,Malaysia_Open_2026
2026-01-09,Quarter final,WD,BAEK Ha.. / LEE So H.. (6) Rank 6 Elo 2320 (+6),13-21 / 21-19 / 21-13,Febriana .. / Meilysa Tri.. Rank 60 Elo 1969 (-6),86,https://badmintonranks.com/tournament?id=14659,2,Malaysia_Open_2026
2026-01-09,Quarter final,WS,PUSARLA V. Sindhu Rank 18 Elo 2141 (+10),21-11 Ret.,Akane YAMAGUCHI (3) Rank 3 Elo 2511 (-10),12,https://badmintonranks.com/tournament?id=14659,2,Malaysia_Open_2026
2026-01-09,Quarter final,WS,CHEN Yu Fei (4) Rank 4 Elo 2567 (+7),21-13 / 21-14,Ratchanok INTANON (7) Rank 7 Elo 2252 (-7),39,https://badmintonranks.com/tournament?id=14659,2,Malaysia_Open_2026
2026-01-09,Quarter final,WS,AN Se Young (1) Rank 1 Elo 2819 (+0),21-8 / 21-9,Line Højmark KJAERSF.. Rank 26 Elo 1895 (-0),34,https://badmintonranks.com/tournament?id=14659,2,Malaysia_Open_2026
2026-01-08,Round 2,MD,KIM Won .. / SEO Seu.. (1) Rank 1 Elo 2458 (+2),21-15 / 21-16,Nur Mohd.. / TAN Wee .. Rank 28 Elo 1870 (-2),41,https://badmintonranks.com/tournament?id=14659,2,Malaysia_Open_2026
2026-01-08,Round 2,WD,Ririna HI.. / Kokona IS.. Rank 37 Elo 1852 (+32),21-14 / 15-21 / 21-18,HSIEH P.. / HUNG E.. (7) Rank 9 Elo 1875 (-31),74,https://badmintonranks.com/tournament?id=14659,2,Malaysia_Open_2026
2026-01-08,Round 2,MD,Sabar Ka.. / Moh Rez.. (8) Rank 8 Elo 2180 (+10),21-10 / 14-21 / 21-19,KANG Mi.. / KI Dong Ju Rank 22 Elo 1942 (-11),68,https://badmintonranks.com/tournament?id=14659,2,Malaysia_Open_2026
2026-01-08,Round 2,WS,WANG Zhi Yi (2) Rank 2 Elo 2566 (+2),21-15 / 21-8,LIN Hsiang Ti Rank 21 Elo 2025 (-2),43,https://badmintonranks.com/tournament?id=14659,2,Malaysia_Open_2026
2026-01-08,Round 2,MS,Kunlavut VITIDSARN (2) Rank 2 Elo 2414 (+9),21-12 / 21-14,Koki WATANABE Rank 25 Elo 2151 (-10),47,https://badmintonranks.com/tournament?id=14659,2,Malaysia_Open_2026
2026-01-08,Round 2,WS,Putri Kusuma WARDA.. (6) Rank 6 Elo 2254 (+10),5-21 / 21-16 / 21-18,ZHANG Beiwen Rank 24 Elo 2004 (-10),49,https://badmintonranks.com/tournament?id=14659,3,Malaysia_Open_2026
2026-01-08,Round 2,WD,LIU Shen.. / TAN Ning (1) Rank 1 Elo 2365 (+4),21-19 / 21-9,Rui HIRO.. / Sayaka H.. Rank 16 Elo 1957 (-5),49,https://badmintonranks.com/tournament?id=14659,3,Malaysia_Open_2026
2026-01-08,Round 2,MS,Kenta NISHIMOTO Rank 14 Elo 2136 (+32),21-17 / 21-15,CHOU Tien Chen (5) Rank 6 Elo 2235 (-33),50,https://badmintonranks.com/tournament?id=14659,3,Malaysia_Open_2026
2026-01-08,Round 2,MD,Fajar ALF.. / Muhamm.. (6) Rank 6 Elo 2127 (+8),21-19 / 21-19,CHEN Zh.. / LIN Yu Chi.. Rank 38 Elo 1828 (-9),44,https://badmintonranks.com/tournament?id=14659,3,Malaysia_Open_2026
2026-01-08,Round 2,WD,Yuki FUK.. / Mayu MA.. (5) Rank 5 Elo 2244 (+1),21-6 / 21-14,Paulina C.. / Kornelia M.. Rank 45 Elo 1642 (-3),32,https://badmintonranks.com/tournament?id=14659,3,Malaysia_Open_2026
2026-01-08,Round 2,MD,MAN Wei.. / TEE Kai .. (5) Rank 5 Elo 2087 (+15),21-9 / 21-15,Hiroki MI.. / Kyohei YA.. Rank 26 Elo 1943 (-17),29,https://badmintonranks.com/tournament?id=14659,3,Malaysia_Open_2026
2026-01-08,Round 2,MS,Alex LANIER (7) Rank 8 Elo 2331 (+7),21-8 / 21-19,Nhat NGUYEN Rank 31 Elo 2035 (-8),44,https://badmintonranks.com/tournament?id=14659,3,Malaysia_Open_2026
2026-01-08,Round 2,WD,HSU Yin-.. / LIN Jhih Y.. Rank 14 Elo 1836 (+0),W.O.,JIA Yi Fan / ZHANG .. (4) Rank 4 Elo 2345 (-4),0,https://badmintonranks.com/tournament?id=14659,3,Malaysia_Open_2026
2026-01-08,Round 2,MD,Aaron CH.. / SOH Wo.. (2) Rank 2 Elo 2079 (+7),21-14 / 14-21 / 21-14,CHEN Xu.. / LIU Yang Rank Elo 1761 (-9),62,https://badmintonranks.com/tournament?id=14659,3,Malaysia_Open_2026
2026-01-08,Round 2,WS,Akane YAMAGUCHI (3) Rank 3 Elo 2502 (+9),21-11 / 4-21 / 21-17,GAO Fang jie Rank 11 Elo 2214 (-8),52,https://badmintonranks.com/tournament?id=14659,3,Malaysia_Open_2026
2026-01-08,Round 2,XD,FENG Ya.. / HUANG .. (1) Rank 1 Elo 2505 (+2),22-20 / 21-16,CHENG .. / ZHANG C.. Rank 14 Elo 1955 (-2),50,https://badmintonranks.com/tournament?id=14659,3,Malaysia_Open_2026
2026-01-08,Round 2,WD,BAEK Ha.. / LEE So H.. (6) Rank 6 Elo 2317 (+3),21-12 / 21-9,HU Ling .. / JHENG Y.. Rank 27 Elo 1827 (-3),38,https://badmintonranks.com/tournament?id=14659,3,Malaysia_Open_2026
2026-01-08,Round 2,XD,GUO Xin .. / CHEN Fa.. (6) Rank 6 Elo 2129 (+8),13-21 / 21-16 / 21-10,Marvin S.. / Thuc Phu.. Rank 40 Elo 1843 (-10),56,https://badmintonranks.com/tournament?id=14659,3,Malaysia_Open_2026
2026-01-08,Round 2,MS,Anders ANTONSEN (3) Rank 3 Elo 2390 (+6),21-16 / 21-15,Victor LAI Rank 22 Elo 2027 (-6),59,https://badmintonranks.com/tournament?id=14659,3,Malaysia_Open_2026
2026-01-08,Round 2,XD,Jesper T.. / Amalie M.. Rank 11 Elo 1938 (+13),17-21 / 21-14 / 21-13,Julien MA.. / Lea PALE.. Rank 44 Elo 1731 (-18),62,https://badmintonranks.com/tournament?id=14659,3,Malaysia_Open_2026
2026-01-08,Round 2,MD,Satwiksai.. / Chirag S.. (3) Rank 3 Elo 2181 (+9),21-18 / 21-11,Junaidi A.. / YAP Roy .. Rank 17 Elo 1926 (-10),39,https://badmintonranks.com/tournament?id=14659,3,Malaysia_Open_2026
2026-01-08,Round 2,WS,PUSARLA V. Sindhu Rank 18 Elo 2113 (+28),21-8 / 21-13,Tomoka MIYAZAKI (8) Rank 9 Elo 2144 (-28),33,https://badmintonranks.com/tournament?id=14659,3,Malaysia_Open_2026
2026-01-08,Round 2,WS,Ratchanok INTANON (7) Rank 7 Elo 2227 (+25),21-8 / 21-7,Mia BLICHFELDT Rank 20 Elo 2225 (-25),30,https://badmintonranks.com/tournament?id=14659,3,Malaysia_Open_2026
2026-01-08,Round 2,MS,Kodai NARAOKA (8) Rank 9 Elo 2259 (+17),21-18 / 16-21 / 21-16,LU Guang Zu Rank 16 Elo 2145 (-17),90,https://badmintonranks.com/tournament?id=14659,3,Malaysia_Open_2026
2026-01-08,Round 2,WD,Febriana .. / Meilysa Tri.. Rank 60 Elo 1921 (+48),26-24 / 21-17,Pearly TA.. / THINAAH.. (2) Rank 2 Elo 2261 (-45),54,https://badmintonranks.com/tournament?id=14659,3,Malaysia_Open_2026
2026-01-08,Round 2,MD,Takuro H.. / Yugo KOB.. Rank 11 Elo 2202 (+8),24-22 / 21-10,Kakeru K.. / Hiroki NIS.. Rank 34 Elo 1917 (-9),39,https://badmintonranks.com/tournament?id=14659,4,Malaysia_Open_2026
2026-01-08,Round 2,MS,Jonatan CHRISTIE (4) Rank 4 Elo 2341 (+8),21-18 / 21-11,LEONG Jun Hao Rank 28 Elo 2058 (-8),55,https://badmintonranks.com/tournament?id=14659,4,Malaysia_Open_2026
2026-01-08,Round 2,XD,Dechapol.. / Supissar.. (3) Rank 3 Elo 2168 (+6),16-21 / 21-8 / 21-19,Akira KO.. / Natsu SAI.. Rank Elo 1830 (-7),67,https://badmintonranks.com/tournament?id=14659,4,Malaysia_Open_2026
2026-01-08,Round 2,MD,Ben LANE / Sean VEN.. Rank 16 Elo 2050 (+27),21-13 / 21-17,GOH Sze.. / Nur IZZU.. (7) Rank 7 Elo 2051 (-26),42,https://badmintonranks.com/tournament?id=14659,4,Malaysia_Open_2026
2026-01-08,Round 2,WD,Kaho OS.. / Mai TANA.. Rank 28 Elo 1823 (+56),23-21 / 17-21 / 21-19,KIM Hye .. / KONG H.. (3) Rank 3 Elo 2205 (-46),93,https://badmintonranks.com/tournament?id=14659,4,Malaysia_Open_2026
2026-01-08,Round 2,MS,LEE Cheuk Yiu Rank 18 Elo 2100 (+37),22-20 / 21-15,Lakshya SEN Rank 13 Elo 2268 (-37),53,https://badmintonranks.com/tournament?id=14659,4,Malaysia_Open_2026
2026-01-08,Round 2,XD,JIANG Zh.. / WEI Ya X.. (2) Rank 2 Elo 2329 (+2),21-12 / 21-12,Phuwana.. / Benyapa .. Rank 64 Elo 1775 (-2),31,https://badmintonranks.com/tournament?id=14659,4,Malaysia_Open_2026
2026-01-08,Round 2,WS,CHEN Yu Fei (4) Rank 4 Elo 2565 (+2),19-21 / 21-12 / 21-9,Busanan ONGBAMRUN.. Rank 19 Elo 2032 (-3),69,https://badmintonranks.com/tournament?id=14659,4,Malaysia_Open_2026
2026-01-08,Round 2,XD,CHEN Ta.. / TOH Ee .. (4) Rank 4 Elo 2222 (+9),21-13 / 23-21,HOO Pan.. / CHENG S.. Rank 21 Elo 1938 (-9),41,https://badmintonranks.com/tournament?id=14659,4,Malaysia_Open_2026
2026-01-08,Round 2,WD,JEONG .. / LEE Yeon .. Rank 19 Elo 1964 (+7),21-14 / 21-13,Ornnicha .. / Sukitta SU.. Rank 47 Elo 1619 (-12),44,https://badmintonranks.com/tournament?id=14659,4,Malaysia_Open_2026
2026-01-08,Round 2,WS,Line Højmark KJAERSF.. Rank 26 Elo 1895 (+0),W.O.,HAN Yue (5) Rank 5 Elo 2399 (-4),0,https://badmintonranks.com/tournament?id=14659,4,Malaysia_Open_2026
2026-01-08,Round 2,MS,SHI Yu Qi (1) Rank 1 Elo 2570 (+2),21-18 / 18-21 / 21-12,Ayush SHETTY Rank 32 Elo 2036 (-2),70,https://badmintonranks.com/tournament?id=14659,4,Malaysia_Open_2026
2026-01-08,Round 2,XD,Presley S.. / Jennie GA.. Rank 32 Elo 1801 (+48),21-9 / 21-17,GOH Soo.. / LAI Shev.. (8) Rank 9 Elo 1979 (-40),35,https://badmintonranks.com/tournament?id=14659,4,Malaysia_Open_2026
2026-01-08,Round 2,WS,AN Se Young (1) Rank 1 Elo 2818 (+1),21-17 / 21-7,Nozomi OKUHARA Rank 30 Elo 2092 (-1),37,https://badmintonranks.com/tournament?id=14659,4,Malaysia_Open_2026
2026-01-08,Round 2,XD,TANG Ch.. / TSE Ying.. (7) Rank 8 Elo 2108 (+9),21-14 / 21-19,CHEN Ch.. / HSU Yin-.. Rank 28 Elo 1827 (-11),45,https://badmintonranks.com/tournament?id=14659,4,Malaysia_Open_2026
2026-01-07,Round 1,WD,Paulina C.. / Kornelia M.. Rank 45 Elo 1564 (+78),21-19 / 19-21 / 21-14,Polina B.. / Yevheniia .. Rank 32 Elo 1653 (-58),56,https://badmintonranks.com/tournament?id=14659,4,Malaysia_Open_2026
2026-01-07,Round 1,WS,LIN Hsiang Ti Rank 21 Elo 1997 (+28),21-11 / 21-11,CHIU Pin-Chian Rank 13 Elo 2024 (-28),35,https://badmintonranks.com/tournament?id=14659,4,Malaysia_Open_2026
2026-01-07,Round 1,WD,BAEK Ha.. / LEE So H.. (6) Rank 6 Elo 2316 (+1),21-13 / 21-9,Nanako .. / Riko KIYO.. Rank 50 Elo 1668 (-3),41,https://badmintonranks.com/tournament?id=14659,4,Malaysia_Open_2026
2026-01-07,Round 1,WD,Yuki FUK.. / Mayu MA.. (5) Rank 5 Elo 2243 (+1),21-12 / 21-11,Kavipriya .. / Simran SI.. Rank 49 Elo 1589 (-2),29,https://badmintonranks.com/tournament?id=14659,4,Malaysia_Open_2026
2026-01-07,Round 1,MD,CHEN Xu.. / LIU Yang Rank Elo 1706 (+55),24-22 / 21-13,LIU Kuan.. / YANG Po .. Rank 21 Elo 1853 (-42),43,https://badmintonranks.com/tournament?id=14659,4,Malaysia_Open_2026
2026-01-07,Round 1,WS,WANG Zhi Yi (2) Rank 2 Elo 2565 (+1),21-17 / 21-9,Kirsty GILMOUR Rank 29 Elo 1936 (-2),38,https://badmintonranks.com/tournament?id=14659,5,Malaysia_Open_2026
2026-01-07,Round 1,WS,Akane YAMAGUCHI (3) Rank 3 Elo 2501 (+1),21-9 / 21-12,HSU Wen Chi Rank 32 Elo 1916 (-2),31,https://badmintonranks.com/tournament?id=14659,5,Malaysia_Open_2026
2026-01-07,Round 1,WD,HU Ling .. / JHENG Y.. Rank 27 Elo 1785 (+42),21-17 / 21-13,Margot L.. / Camille P.. Rank 25 Elo 1885 (-37),33,https://badmintonranks.com/tournament?id=14659,5,Malaysia_Open_2026
2026-01-07,Round 1,MS,Nhat NGUYEN Rank 31 Elo 2017 (+18),21-8 / 21-19,Brian YANG Rank 33 Elo 1906 (-19),43,https://badmintonranks.com/tournament?id=14659,5,Malaysia_Open_2026
2026-01-07,Round 1,XD,Phuwana.. / Benyapa .. Rank 64 Elo 1755 (+20),21-11 / 21-9,Ashith S.. / Amrutha P.. Rank 46 Elo 1603 (-32),24,https://badmintonranks.com/tournament?id=14659,5,Malaysia_Open_2026
2026-01-07,Round 1,XD,JIANG Zh.. / WEI Ya X.. (2) Rank 2 Elo 2327 (+2),21-10 / 21-17,Rohan K.. / GADDE R.. Rank 36 Elo 1658 (-2),32,https://badmintonranks.com/tournament?id=14659,5,Malaysia_Open_2026
2026-01-07,Round 1,WS,Putri Kusuma WARDA.. (6) Rank 6 Elo 2247 (+7),21-8 / 21-16,Manami SUIZU Rank 35 Elo 1925 (-8),39,https://badmintonranks.com/tournament?id=14659,5,Malaysia_Open_2026
2026-01-07,Round 1,MS,Alex LANIER (7) Rank 8 Elo 2313 (+18),21-13 / 19-21 / 21-13,Alwi FARHAN Rank 17 Elo 2204 (-18),62,https://badmintonranks.com/tournament?id=14659,5,Malaysia_Open_2026
2026-01-07,Round 1,MS,Jonatan CHRISTIE (4) Rank 4 Elo 2334 (+7),21-18 / 21-14,LEE Chia Hao Rank 20 Elo 2025 (-7),40,https://badmintonranks.com/tournament?id=14659,5,Malaysia_Open_2026
2026-01-07,Round 1,WS,GAO Fang jie Rank 11 Elo 2198 (+16),13-21 / 21-17 / 21-19,Riko GUNJI Rank 27 Elo 2076 (-17),69,https://badmintonranks.com/tournament?id=14659,5,Malaysia_Open_2026
2026-01-07,Round 1,MD,Aaron CH.. / SOH Wo.. (2) Rank 2 Elo 2070 (+9),21-11 / 21-19,CHEN Z.. / Presley S.. Rank 32 Elo 1795 (-11),35,https://badmintonranks.com/tournament?id=14659,5,Malaysia_Open_2026
2026-01-07,Round 1,XD,Julien MA.. / Lea PALE.. Rank 44 Elo 1660 (+71),9-21 / 21-16 / 21-16,Marwan .. / Aisyah Sal.. Rank 22 Elo 1875 (-45),54,https://badmintonranks.com/tournament?id=14659,5,Malaysia_Open_2026
2026-01-07,Round 1,WS,ZHANG Beiwen Rank 24 Elo 1975 (+29),21-14 / 14-21 / 21-9,Line CHRISTOPHERSEN Rank 25 Elo 2006 (-29),47,https://badmintonranks.com/tournament?id=14659,5,Malaysia_Open_2026
2026-01-07,Round 1,WD,Pearly TA.. / THINAAH.. (2) Rank 2 Elo 2260 (+1),21-11 / 21-9,Rutaparn.. / Swetaparn.. Rank 53 Elo 1366 (-1),30,https://badmintonranks.com/tournament?id=14659,5,Malaysia_Open_2026
2026-01-07,Round 1,MD,Satwiksai.. / Chirag S.. (3) Rank 3 Elo 2169 (+12),21-13 / 21-15,LEE Jhe-.. / YANG Po-.. Rank 14 Elo 1962 (-13),35,https://badmintonranks.com/tournament?id=14659,5,Malaysia_Open_2026
2026-01-07,Round 1,MD,CHEN Zh.. / LIN Yu Chi.. Rank 38 Elo 1793 (+35),19-21 / 21-17 / 21-13,Christo P.. / Toma Juni.. Rank 20 Elo 1821 (-34),56,https://badmintonranks.com/tournament?id=14659,5,Malaysia_Open_2026
2026-01-07,Round 1,MD,Junaidi A.. / YAP Roy .. Rank 17 Elo 1905 (+21),22-20 / 21-12,CHOI Sol.. / GOH V Sh.. Rank 44 Elo 1813 (-23),38,https://badmintonranks.com/tournament?id=14659,5,Malaysia_Open_2026
2026-01-07,Round 1,MS,LEONG Jun Hao Rank 28 Elo 2031 (+27),21-17 / 21-17,WANG Zheng Xing Rank 29 Elo 2046 (-27),48,https://badmintonranks.com/tournament?id=14659,5,Malaysia_Open_2026
2026-01-07,Round 1,MS,Koki WATANABE Rank 25 Elo 2114 (+37),16-21 / 21-7 / 21-13,WENG Hong Yang Rank 11 Elo 2275 (-36),56,https://badmintonranks.com/tournament?id=14659,5,Malaysia_Open_2026
2026-01-07,Round 1,XD,Jesper T.. / Amalie M.. Rank 11 Elo 1897 (+41),21-13 / 17-21 / 21-9,Thom GI.. / Delphine .. (5) Rank 5 Elo 2071 (-38),59,https://badmintonranks.com/tournament?id=14659,5,Malaysia_Open_2026
2026-01-07,Round 1,WD,HSU Yin-.. / LIN Jhih Y.. Rank 14 Elo 1820 (+16),23-21 / 23-21,Jackie D.. / Crystal LAI Rank 39 Elo 1634 (-25),45,https://badmintonranks.com/tournament?id=14659,6,Malaysia_Open_2026
2026-01-07,Round 1,MD,Fajar ALF.. / Muhamm.. (6) Rank 6 Elo 2116 (+11),24-26 / 21-4 / 21-8,LEE Fan.. / LEE Fang-.. Rank 18 Elo 1891 (-12),73,https://badmintonranks.com/tournament?id=14659,6,Malaysia_Open_2026
2026-01-07,Round 1,WD,Febriana .. / Meilysa Tri.. Rank 60 Elo 1890 (+31),21-9 / 21-23 / 21-19,Treesa J.. / GAYATRI .. Rank 20 Elo 1915 (-30),66,https://badmintonranks.com/tournament?id=14659,6,Malaysia_Open_2026
2026-01-07,Round 1,MD,Sabar Ka.. / Moh Rez.. (8) Rank 8 Elo 2164 (+16),21-18 / 21-9,Raymond.. / Nikolaus J.. Rank 23 Elo 2036 (-17),33,https://badmintonranks.com/tournament?id=14659,6,Malaysia_Open_2026
2026-01-07,Round 1,WD,JIA Yi Fan / ZHANG .. (4) Rank 4 Elo 2342 (+3),21-19 / 21-10,HSU Ya .. / SUNG Yu-.. Rank 18 Elo 1830 (-3),37,https://badmintonranks.com/tournament?id=14659,6,Malaysia_Open_2026
2026-01-07,Round 1,WS,Tomoka MIYAZAKI (8) Rank 9 Elo 2131 (+13),21-19 / 1-2 Ret.,SIM Yu Jin Rank 10 Elo 2227 (-13),24,https://badmintonranks.com/tournament?id=14659,6,Malaysia_Open_2026
2026-01-07,Round 1,XD,Akira KO.. / Natsu SAI.. Rank Elo 1788 (+42),22-20 / 21-23 / 22-20,Yuichi SH.. / Sayaka H.. Rank 20 Elo 1891 (-37),73,https://badmintonranks.com/tournament?id=14659,6,Malaysia_Open_2026
2026-01-07,Round 1,MS,Kunlavut VITIDSARN (2) Rank 2 Elo 2408 (+6),21-10 / 21-13,WANG Tzu Wei Rank 24 Elo 2048 (-6),48,https://badmintonranks.com/tournament?id=14659,6,Malaysia_Open_2026
2026-01-07,Round 1,MD,KANG Mi.. / KI Dong Ju Rank 22 Elo 1927 (+15),23-21 / 18-21 / 21-14,HUANG .. / REN Xian.. Rank Elo 1760 (-20),81,https://badmintonranks.com/tournament?id=14659,6,Malaysia_Open_2026
2026-01-07,Round 1,MS,Kodai NARAOKA (8) Rank 9 Elo 2248 (+11),21-18 / 21-18,CHI Yu Jen Rank 26 Elo 2030 (-12),70,https://badmintonranks.com/tournament?id=14659,6,Malaysia_Open_2026
2026-01-07,Round 1,WS,PUSARLA V. Sindhu Rank 18 Elo 2104 (+9),21-13 / 22-20,SUNG Shuo Yun Rank 31 Elo 1832 (-11),51,https://badmintonranks.com/tournament?id=14659,6,Malaysia_Open_2026
2026-01-07,Round 1,XD,Dechapol.. / Supissar.. (3) Rank 3 Elo 2157 (+11),21-16 / 21-18,YE Hong .. / Nicole Go.. Rank 16 Elo 1927 (-12),38,https://badmintonranks.com/tournament?id=14659,6,Malaysia_Open_2026
2026-01-07,Round 1,XD,Presley S.. / Jennie GA.. Rank 32 Elo 1755 (+46),21-15 / 18-21 / 21-15,DHRUV .. / Tanisha C.. Rank 17 Elo 1872 (-38),56,https://badmintonranks.com/tournament?id=14659,6,Malaysia_Open_2026
2026-01-07,Round 1,XD,GOH Soo.. / LAI Shev.. (8) Rank 9 Elo 1965 (+14),15-21 / 21-19 / 21-14,WU Guan.. / LEE Chia .. Rank 38 Elo 1771 (-17),56,https://badmintonranks.com/tournament?id=14659,6,Malaysia_Open_2026
2026-01-07,Round 1,MS,LU Guang Zu Rank 16 Elo 2125 (+20),21-17 / 21-15,NG Ka Long Angus Rank 23 Elo 2056 (-21),46,https://badmintonranks.com/tournament?id=14659,6,Malaysia_Open_2026
2026-01-06,Round 1,WS,CHEN Yu Fei (4) Rank 4 Elo 2563 (+2),10-21 / 21-13 / 21-16,Pitchamon OPATNIPUTH Rank 37 Elo 1926 (-2),64,https://badmintonranks.com/tournament?id=14659,6,Malaysia_Open_2026
2026-01-06,Round 1,MS,Victor LAI Rank 22 Elo 1992 (+35),16-21 / 23-21 / 21-7,Yushi TANAKA Rank 19 Elo 2100 (-34),73,https://badmintonranks.com/tournament?id=14659,6,Malaysia_Open_2026
2026-01-06,Round 1,MD,KIM Won .. / SEO Seu.. (1) Rank 1 Elo 2455 (+3),21-18 / 21-17,CHEN Bo.. / LIU Yi Rank 9 Elo 1960 (-3),45,https://badmintonranks.com/tournament?id=14659,6,Malaysia_Open_2026
2026-01-06,Round 1,WD,Kaho OS.. / Mai TANA.. Rank 28 Elo 1797 (+26),21-12 / 20-22 / 21-11,CHANG .. / YANG Chi.. Rank 15 Elo 1723 (-30),68,https://badmintonranks.com/tournament?id=14659,6,Malaysia_Open_2026
2026-01-06,Round 1,WS,Busanan ONGBAMRUN.. Rank 19 Elo 1998 (+34),21-16 / 21-18,Supanida KATETHONG Rank 15 Elo 2100 (-33),38,https://badmintonranks.com/tournament?id=14659,6,Malaysia_Open_2026
2026-01-06,Round 1,MD,Ben LANE / Sean VEN.. Rank 16 Elo 2032 (+18),16-21 / 21-16 / 21-15,CHOON.. / Muhamma.. Rank 33 Elo 1923 (-19),69,https://badmintonranks.com/tournament?id=14659,7,Malaysia_Open_2026
2026-01-06,Round 1,MD,Nur Mohd.. / TAN Wee .. Rank 28 Elo 1840 (+30),11-21 / 24-22 / 21-11,ONG Yew.. / TEO Ee Yi Rank 29 Elo 1841 (-30),52,https://badmintonranks.com/tournament?id=14659,7,Malaysia_Open_2026
2026-01-06,Round 1,WD,KIM Hye .. / KONG H.. (3) Rank 3 Elo 2202 (+3),21-12 / 22-20,Julie MA.. / Ciara TOR.. Rank 40 Elo 1691 (-4),40,https://badmintonranks.com/tournament?id=14659,7,Malaysia_Open_2026
2026-01-06,Round 1,WS,Line Højmark KJAERSF.. Rank 26 Elo 1867 (+28),21-13 / 21-16,HUANG Yu-Hsun Rank 40 Elo 1849 (-28),32,https://badmintonranks.com/tournament?id=14659,7,Malaysia_Open_2026
2026-01-06,Round 1,MS,Anders ANTONSEN (3) Rank 3 Elo 2381 (+9),21-13 / 14-21 / 21-18,LOH Kean Yew Rank 10 Elo 2113 (-9),67,https://badmintonranks.com/tournament?id=14659,7,Malaysia_Open_2026
2026-01-06,Round 1,WS,HAN Yue (5) Rank 5 Elo 2383 (+16),21-16 / 21-10,KIM Ga Eun Rank 16 Elo 2239 (-15),34,https://badmintonranks.com/tournament?id=14659,7,Malaysia_Open_2026
2026-01-06,Round 1,WD,HSIEH P.. / HUNG E.. (7) Rank 9 Elo 1849 (+26),21-15 / 21-17,LIN Xiao .. / WANG Yu .. Rank 35 Elo 1803 (-27),34,https://badmintonranks.com/tournament?id=14659,7,Malaysia_Open_2026
2026-01-06,Round 1,WD,Ririna HI.. / Kokona IS.. Rank 37 Elo 1828 (+24),21-18 / 21-15,LUI Lok L.. / TSANG Hi.. Rank 31 Elo 1748 (-28),49,https://badmintonranks.com/tournament?id=14659,7,Malaysia_Open_2026
2026-01-06,Round 1,MD,MAN Wei.. / TEE Kai .. (5) Rank 5 Elo 2065 (+22),21-17 / 21-18,Kim AST.. / Anders Sk.. Rank 10 Elo 2010 (-22),42,https://badmintonranks.com/tournament?id=14659,7,Malaysia_Open_2026
2026-01-06,Round 1,MD,Hiroki MI.. / Kyohei YA.. Rank 26 Elo 1925 (+18),21-10 / 22-20,Hariharan.. / M.R.ARJU.. Rank 68 Elo 1792 (-21),38,https://badmintonranks.com/tournament?id=14659,7,Malaysia_Open_2026
2026-01-06,Round 1,MS,CHOU Tien Chen (5) Rank 6 Elo 2213 (+22),21-14 / 21-12,LIN Chun-Yi Rank 12 Elo 2165 (-22),40,https://badmintonranks.com/tournament?id=14659,7,Malaysia_Open_2026
2026-01-06,Round 1,MS,Ayush SHETTY Rank 32 Elo 2000 (+36),21-12 / 21-17,LEE Zii Jia Rank 144 Elo 2129 (-35),39,https://badmintonranks.com/tournament?id=14659,7,Malaysia_Open_2026
2026-01-06,Round 1,XD,CHEN Ta.. / TOH Ee .. (4) Rank 4 Elo 2207 (+15),21-12 / 21-17,Jafar HID.. / Felisha Al.. Rank 10 Elo 2058 (-16),39,https://badmintonranks.com/tournament?id=14659,7,Malaysia_Open_2026
2026-01-06,Round 1,MS,SHI Yu Qi (1) Rank 1 Elo 2566 (+4),23-21 / 21-15,Rasmus GEMKE Rank 27 Elo 2115 (-4),52,https://badmintonranks.com/tournament?id=14659,7,Malaysia_Open_2026
2026-01-06,Round 1,XD,Marvin S.. / Thuc Phu.. Rank 40 Elo 1821 (+22),18-21 / 21-19 / 21-12,YANG Po.. / HU Ling F.. Rank 18 Elo 1710 (-27),52,https://badmintonranks.com/tournament?id=14659,7,Malaysia_Open_2026
2026-01-06,Round 1,MD,GOH Sze.. / Nur IZZU.. (7) Rank 7 Elo 2033 (+18),21-15 / 21-13,Daniel LU.. / Mads VES.. Rank 27 Elo 1919 (-19),38,https://badmintonranks.com/tournament?id=14659,7,Malaysia_Open_2026
2026-01-06,Round 1,MS,LEE Cheuk Yiu Rank 18 Elo 2053 (+47),13-21 / 21-19 / 23-21,Christo POPOV (6) Rank 7 Elo 2447 (-46),74,https://badmintonranks.com/tournament?id=14659,7,Malaysia_Open_2026
2026-01-06,Round 1,WS,Mia BLICHFELDT Rank 20 Elo 2212 (+13),21-15 / 21-23 / 22-20,Natsuki NIDAIRA Rank 28 Elo 2027 (-14),84,https://badmintonranks.com/tournament?id=14659,7,Malaysia_Open_2026
2026-01-06,Round 1,MS,Kenta NISHIMOTO Rank 14 Elo 2113 (+23),21-14 / 14-21 / 21-5,Toma Junior POPOV Rank 15 Elo 2065 (-22),60,https://badmintonranks.com/tournament?id=14659,7,Malaysia_Open_2026
2026-01-06,Round 1,XD,GUO Xin .. / CHEN Fa.. (6) Rank 6 Elo 2120 (+9),21-16 / 21-10,Alexande.. / Julie MAC.. Rank 27 Elo 1836 (-10),29,https://badmintonranks.com/tournament?id=14659,7,Malaysia_Open_2026
2026-01-06,Round 1,XD,FENG Ya.. / HUANG .. (1) Rank 1 Elo 2505 (+0),14-2 Ret.,WONG Ti.. / LIM Chiew.. Rank 37 Elo 1699 (-0),7,https://badmintonranks.com/tournament?id=14659,8,Malaysia_Open_2026
2026-01-06,Round 1,XD,HOO Pan.. / CHENG S.. Rank 21 Elo 1895 (+43),20-22 / 21-18 / 21-17,Mathias .. / Alexandra .. Rank 12 Elo 2098 (-39),72,https://badmintonranks.com/tournament?id=14659,8,Malaysia_Open_2026
2026-01-06,Round 1,MD,Kakeru K.. / Hiroki NIS.. Rank 34 Elo 1897 (+20),21-16 / 21-11,Takumi N.. / Yuichi SHI.. Rank 35 Elo 1791 (-23),32,https://badmintonranks.com/tournament?id=14659,8,Malaysia_Open_2026
2026-01-06,Round 1,WS,Ratchanok INTANON (7) Rank 7 Elo 2222 (+5),21-11 / 21-11,Malvika BANSOD Rank 50 Elo 1857 (-6),35,https://badmintonranks.com/tournament?id=14659,8,Malaysia_Open_2026
2026-01-06,Round 1,MS,Lakshya SEN Rank 13 Elo 2260 (+8),21-16 / 15-21 / 21-14,Jia Heng Jason TEH Rank 21 Elo 1951 (-7),70,https://badmintonranks.com/tournament?id=14659,8,Malaysia_Open_2026
2026-01-06,Round 1,MD,Takuro H.. / Yugo KOB.. Rank 11 Elo 2179 (+23),18-21 / 21-7 / 21-17,LIANG W.. / WANG C.. (4) Rank 4 Elo 2138 (-22),59,https://badmintonranks.com/tournament?id=14659,8,Malaysia_Open_2026
2026-01-06,Round 1,WD,Ornnicha .. / Sukitta SU.. Rank 47 Elo 1476 (+143),21-19 / 11-21 / 21-16,YEUNG .. / YEUNG .. (8) Rank 13 Elo 1834 (-54),70,https://badmintonranks.com/tournament?id=14659,8,Malaysia_Open_2026
2026-01-06,Round 1,XD,CHENG .. / ZHANG C.. Rank 14 Elo 1943 (+12),18-21 / 22-20 / 21-15,Hiroki MI.. / Nami MAT.. Rank Elo 1713 (-16),64,https://badmintonranks.com/tournament?id=14659,8,Malaysia_Open_2026
2026-01-06,Round 1,XD,TANG Ch.. / TSE Ying.. (7) Rank 8 Elo 2100 (+8),21-10 / 21-9,Jimmy W.. / LAI Pei Jin.. Rank 26 Elo 1812 (-10),34,https://badmintonranks.com/tournament?id=14659,8,Malaysia_Open_2026
2026-01-06,Round 1,WD,LIU Shen.. / TAN Ning (1) Rank 1 Elo 2363 (+2),21-8 / 21-16,Francesc.. / Jennie GA.. Rank 36 Elo 1788 (-2),36,https://badmintonranks.com/tournament?id=14659,8,Malaysia_Open_2026
2026-01-06,Round 1,WS,AN Se Young (1) Rank 1 Elo 2817 (+1),19-21 / 21-16 / 21-18,Michelle LI Rank 12 Elo 2192 (-2),75,https://badmintonranks.com/tournament?id=14659,8,Malaysia_Open_2026
2026-01-06,Round 1,WD,Rui HIRO.. / Sayaka H.. Rank 16 Elo 1941 (+16),21-16 / 21-11,ONG Xin .. / Carmen TI.. Rank 26 Elo 1776 (-19),44,https://badmintonranks.com/tournament?id=14659,8,Malaysia_Open_2026
2026-01-06,Round 1,XD,CHEN Ch.. / HSU Yin-.. Rank 28 Elo 1796 (+31),21-19 / 19-21 / 21-17,Mads VE.. / Christine .. Rank 24 Elo 1773 (-31),63,https://badmintonranks.com/tournament?id=14659,8,Malaysia_Open_2026
2026-01-06,Round 1,WS,Nozomi OKUHARA Rank 30 Elo 2085 (+7),21-12 / 21-14,PAI Yu Po Rank 67 Elo 1750 (-9),33,https://badmintonranks.com/tournament?id=14659,8,Malaysia_Open_2026
2026-01-06,Round 1,WD,JEONG .. / LEE Yeon .. Rank 19 Elo 1927 (+37),21-11 / 21-16,Arisa IGA.. / Chiharu S.. Rank 23 Elo 2049 (-35),44,https://badmintonranks.com/tournament?id=14659,8,Malaysia_Open_2026
2025-01-12,Final,MD,KIM Won .. / SEO Seun.. Rank Elo 1851 (+50),19-21 / 21-12 / 21-12,CHEN Bo.. / LIU Yi Rank 18 Elo 2061 (-44),64,https://badmintonranks.com/tournament?id=14377,1,Malaysia_Open_2025
2025-01-12,Final,MS,SHI Yu Qi (1) Rank 1 Elo 2507 (+22),21-8 / 21-15,Anders ANTONSEN (2) Rank 2 Elo 2442 (-23),39,https://badmintonranks.com/tournament?id=14377,1,Malaysia_Open_2025
2025-01-12,Final,XD,Dechapol.. / Supissara .. Rank 57 Elo 2117 (+49),21-13 / 19-21 / 21-18,FENG Ya.. / HUANG .. (1) Rank 1 Elo 2458 (-48),80,https://badmintonranks.com/tournament?id=14377,1,Malaysia_Open_2025
2025-01-12,Final,WS,AN Se Young (1) Rank 1 Elo 2614 (+18),21-17 / 21-7,WANG Zhi Yi (2) Rank 2 Elo 2492 (-18),45,https://badmintonranks.com/tournament?id=14377,1,Malaysia_Open_2025
2025-01-12,Final,WD,Yuki FUK.. / Mayu MAT.. Rank 93 Elo 2081 (+29),17-21 / 21-15 / 21-15,JIA Yi Fan / ZHANG S.. Rank 129 Elo 2089 (-29),95,https://badmintonranks.com/tournament?id=14377,1,Malaysia_Open_2025
2025-01-11,Semi final,MS,Anders ANTONSEN (2) Rank 2 Elo 2424 (+18),21-14 / 21-14,Kodai NARAOKA (8) Rank 8 Elo 2300 (-18),57,https://badmintonranks.com/tournament?id=14377,1,Malaysia_Open_2025
2025-01-11,Semi final,MD,CHEN Bo.. / LIU Yi Rank 18 Elo 2031 (+30),24-26 / 21-16 / 21-15,MAN Wei.. / TEE Kai .. Rank 14 Elo 2051 (-30),77,https://badmintonranks.com/tournament?id=14377,1,Malaysia_Open_2025
2025-01-11,Semi final,XD,FENG Ya.. / HUANG .. (1) Rank 1 Elo 2447 (+11),21-19 / 21-14,CHEN Ta.. / TOH Ee .. (3) Rank 5 Elo 2223 (-12),50,https://badmintonranks.com/tournament?id=14377,1,Malaysia_Open_2025
2025-01-11,Semi final,MS,SHI Yu Qi (1) Rank 1 Elo 2492 (+15),16-21 / 21-5 / 21-12,LI Shi Feng (7) Rank 7 Elo 2329 (-15),65,https://badmintonranks.com/tournament?id=14377,1,Malaysia_Open_2025
2025-01-11,Semi final,MD,KIM Won .. / SEO Seun.. Rank Elo 1787 (+64),21-10 / 21-15,Satwiksai.. / Chirag S.. (7) Rank 9 Elo 2213 (-49),40,https://badmintonranks.com/tournament?id=14377,1,Malaysia_Open_2025
2025-01-11,Semi final,XD,Dechapol.. / Supissara .. Rank 57 Elo 2089 (+28),17-21 / 21-12 / 21-16,GOH Soo.. / LAI Shev.. (4) Rank 6 Elo 2094 (-28),63,https://badmintonranks.com/tournament?id=14377,1,Malaysia_Open_2025
2025-01-11,Semi final,WD,JIA Yi Fan / ZHANG S.. Rank 129 Elo 2040 (+49),19-21 / 21-16 / 21-17,LIU Shen.. / TAN Ning (1) Rank 1 Elo 2385 (-47),91,https://badmintonranks.com/tournament?id=14377,1,Malaysia_Open_2025
2025-01-11,Semi final,WS,WANG Zhi Yi (2) Rank 2 Elo 2490 (+2),21-16 / 21-12,Pornpicha CHOEIKEEW.. Rank 44 Elo 1940 (-2),39,https://badmintonranks.com/tournament?id=14377,1,Malaysia_Open_2025
2025-01-11,Semi final,WD,Yuki FUK.. / Mayu MAT.. Rank 93 Elo 2046 (+35),21-13 / 23-21,LI Yi jing / LUO Xu .. (4) Rank 7 Elo 2140 (-34),61,https://badmintonranks.com/tournament?id=14377,1,Malaysia_Open_2025
2025-01-11,Semi final,WS,AN Se Young (1) Rank 1 Elo 2608 (+6),21-14 / 21-18,Ratchanok INTANON Rank 16 Elo 2227 (-6),50,https://badmintonranks.com/tournament?id=14377,1,Malaysia_Open_2025
2025-01-10,Quarter final,MS,Anders ANTONSEN (2) Rank 2 Elo 2401 (+23),21-15 / 21-13,Kunlavut VITIDSARN (5) Rank 5 Elo 2357 (-23),49,https://badmintonranks.com/tournament?id=14377,1,Malaysia_Open_2025
2025-01-10,Quarter final,MD,Satwiksai.. / Chirag S.. (7) Rank 9 Elo 2203 (+10),26-24 / 21-15,ONG Yew.. / TEO Ee Yi Rank 24 Elo 1957 (-11),50,https://badmintonranks.com/tournament?id=14377,1,Malaysia_Open_2025
2025-01-10,Quarter final,MS,Kodai NARAOKA (8) Rank 8 Elo 2279 (+21),21-18 / 21-15,NG Ka Long Angus Rank 17 Elo 2211 (-21),61,https://badmintonranks.com/tournament?id=14377,1,Malaysia_Open_2025
2025-01-10,Quarter final,MD,MAN Wei.. / TEE Kai .. Rank 14 Elo 2038 (+13),21-15 / 21-11,Christo P.. / Toma Juni.. Rank 29 Elo 1831 (-15),31,https://badmintonranks.com/tournament?id=14377,1,Malaysia_Open_2025
2025-01-10,Quarter final,MD,KIM Won .. / SEO Seun.. Rank Elo 1731 (+56),21-11 / 21-7,LEE Fan.. / LEE Fang-.. Rank 27 Elo 1891 (-42),30,https://badmintonranks.com/tournament?id=14377,1,Malaysia_Open_2025
2025-01-10,Quarter final,XD,CHEN Ta.. / TOH Ee .. (3) Rank 5 Elo 2211 (+12),21-11 / 21-18,Hiroki MI.. / Natsu SAI.. Rank 14 Elo 1987 (-12),36,https://badmintonranks.com/tournament?id=14377,2,Malaysia_Open_2025
2025-01-10,Quarter final,WD,JIA Yi Fan / ZHANG S.. Rank 129 Elo 2021 (+19),21-12 / 21-11,Lanny Tri.. / Siti Fadia .. Rank 80 Elo 1910 (-20),36,https://badmintonranks.com/tournament?id=14377,2,Malaysia_Open_2025
2025-01-10,Quarter final,WD,LIU Shen.. / TAN Ning (1) Rank 1 Elo 2381 (+4),21-11 / 21-8,HSIEH P.. / HUNG En-.. Rank 25 Elo 1925 (-4),30,https://badmintonranks.com/tournament?id=14377,2,Malaysia_Open_2025
2025-01-10,Quarter final,MS,SHI Yu Qi (1) Rank 1 Elo 2481 (+11),21-16 / 19-21 / 21-17,CHOU Tien Chen Rank 9 Elo 2248 (-11),76,https://badmintonranks.com/tournament?id=14377,2,Malaysia_Open_2025
2025-01-10,Quarter final,MS,LI Shi Feng (7) Rank 7 Elo 2317 (+12),14-21 / 21-13 / 21-7,CHI Yu Jen Rank 32 Elo 2104 (-12),65,https://badmintonranks.com/tournament?id=14377,2,Malaysia_Open_2025
2025-01-10,Quarter final,MD,CHEN Bo.. / LIU Yi Rank 18 Elo 1999 (+32),21-17 / 21-17,Ben LANE / Sean VEN.. Rank 13 Elo 2057 (-31),43,https://badmintonranks.com/tournament?id=14377,2,Malaysia_Open_2025
2025-01-10,Quarter final,WS,Pornpicha CHOEIKEEW.. Rank 44 Elo 1885 (+55),18-21 / 21-13 / 21-19,HAN Yue (3) Rank 5 Elo 2325 (-49),52,https://badmintonranks.com/tournament?id=14377,2,Malaysia_Open_2025
2025-01-10,Quarter final,XD,FENG Ya.. / HUANG .. (1) Rank 1 Elo 2444 (+3),21-19 / 21-14,YANG Po.. / HU Ling .. (6) Rank 10 Elo 1942 (-3),36,https://badmintonranks.com/tournament?id=14377,2,Malaysia_Open_2025
2025-01-10,Quarter final,XD,GOH Soo.. / LAI Shev.. (4) Rank 6 Elo 2070 (+24),21-15 / 22-20,CHENG .. / ZHANG .. (7) Rank 11 Elo 2020 (-23),47,https://badmintonranks.com/tournament?id=14377,2,Malaysia_Open_2025
2025-01-10,Quarter final,WD,LI Yi jing / LUO Xu .. (4) Rank 7 Elo 2131 (+9),21-16 / 21-16,Misaki M.. / Chiharu S.. Rank Elo 1861 (-10),52,https://badmintonranks.com/tournament?id=14377,2,Malaysia_Open_2025
2025-01-10,Quarter final,XD,Dechapol.. / Supissara .. Rank 57 Elo 2059 (+30),21-12 / 14-21 / 21-7,Thom GI.. / Delphine .. Rank 15 Elo 2096 (-30),54,https://badmintonranks.com/tournament?id=14377,2,Malaysia_Open_2025
2025-01-10,Quarter final,WS,Ratchanok INTANON Rank 16 Elo 2203 (+24),21-13 / 15-21 / 21-16,Putri Kusuma WARDANI Rank 17 Elo 2167 (-24),68,https://badmintonranks.com/tournament?id=14377,2,Malaysia_Open_2025
2025-01-10,Quarter final,WS,WANG Zhi Yi (2) Rank 2 Elo 2482 (+8),22-20 / 21-16,YEO Jia Min (7) Rank 12 Elo 2182 (-8),46,https://badmintonranks.com/tournament?id=14377,2,Malaysia_Open_2025
2025-01-10,Quarter final,WD,Yuki FUK.. / Mayu MAT.. Rank 93 Elo 1998 (+48),21-14 / 21-18,BAEK Ha.. / LEE So H.. (2) Rank 2 Elo 2316 (-45),61,https://badmintonranks.com/tournament?id=14377,2,Malaysia_Open_2025
2025-01-10,Quarter final,WS,AN Se Young (1) Rank 1 Elo 2608 (+0),21-11 Ret.,ZHANG Beiwen Rank 15 Elo 2125 (-0),16,https://badmintonranks.com/tournament?id=14377,2,Malaysia_Open_2025
2025-01-09,Round 2,WS,HAN Yue (3) Rank 5 Elo 2320 (+5),21-18 / 21-11,Malvika BANSOD Rank 31 Elo 1938 (-6),37,https://badmintonranks.com/tournament?id=14377,2,Malaysia_Open_2025
2025-01-09,Round 2,MS,CHOU Tien Chen Rank 9 Elo 2236 (+12),21-9 / 22-24 / 21-18,Yushi TANAKA Rank 27 Elo 2046 (-13),66,https://badmintonranks.com/tournament?id=14377,2,Malaysia_Open_2025
2025-01-09,Round 2,MD,Satwiksai.. / Chirag S.. (7) Rank 9 Elo 2194 (+9),21-15 / 21-15,Nur Mohd.. / TAN Wee .. Rank 32 Elo 1919 (-9),43,https://badmintonranks.com/tournament?id=14377,2,Malaysia_Open_2025
2025-01-09,Round 2,WD,HSIEH P.. / HUNG En-.. Rank 25 Elo 1907 (+18),20-22 / 21-14 / 21-17,CHANG .. / YANG Chi.. Rank 23 Elo 1771 (-21),67,https://badmintonranks.com/tournament?id=14377,2,Malaysia_Open_2025
2025-01-09,Round 2,MD,Christo P.. / Toma Juni.. Rank 29 Elo 1789 (+42),7-21 / 26-24 / 21-13,Daniel LU.. / Mads VES.. Rank 26 Elo 1885 (-36),62,https://badmintonranks.com/tournament?id=14377,2,Malaysia_Open_2025
2025-01-09,Round 2,WD,LIU Shen.. / TAN Ning (1) Rank 1 Elo 2381 (+0),21-6 / 21-5,Vivian H.. / LIM Chiew.. Rank 43 Elo 1582 (-1),30,https://badmintonranks.com/tournament?id=14377,3,Malaysia_Open_2025
2025-01-09,Round 2,MD,LEE Fan.. / LEE Fang-.. Rank 27 Elo 1839 (+52),21-14 / 21-18,Aaron CH.. / SOH Wo.. (5) Rank 6 Elo 2152 (-44),47,https://badmintonranks.com/tournament?id=14377,3,Malaysia_Open_2025
2025-01-09,Round 2,WD,Misaki M.. / Chiharu S.. Rank Elo 1834 (+27),21-16 / 21-13,SUNG Sh.. / YU Chien .. Rank 22 Elo 1795 (-29),41,https://badmintonranks.com/tournament?id=14377,3,Malaysia_Open_2025
2025-01-09,Round 2,WD,Lanny Tri.. / Siti Fadia .. Rank 80 Elo 1886 (+24),17-21 / 22-20 / 21-18,HSU Yin-.. / LIN Jhih Y.. Rank 26 Elo 1831 (-26),66,https://badmintonranks.com/tournament?id=14377,3,Malaysia_Open_2025
2025-01-09,Round 2,MD,MAN Wei.. / TEE Kai .. Rank 14 Elo 2015 (+23),21-15 / 21-13,LEE Jhe-.. / YANG Po.. (8) Rank 10 Elo 1966 (-23),31,https://badmintonranks.com/tournament?id=14377,3,Malaysia_Open_2025
2025-01-09,Round 2,XD,GOH Soo.. / LAI Shev.. (4) Rank 6 Elo 2064 (+6),21-10 / 21-17,Sathish K.. / Aadya VA.. Rank 34 Elo 1727 (-10),32,https://badmintonranks.com/tournament?id=14377,3,Malaysia_Open_2025
2025-01-09,Round 2,WS,Pornpicha CHOEIKEEW.. Rank 44 Elo 1847 (+38),19-21 / 21-16 / 21-17,LIN Hsiang Ti Rank 37 Elo 1939 (-34),68,https://badmintonranks.com/tournament?id=14377,3,Malaysia_Open_2025
2025-01-09,Round 2,MD,Ben LANE / Sean VEN.. Rank 13 Elo 2026 (+31),21-16 / 21-14,Sabar Ka.. / Moh Reza.. Rank 11 Elo 2094 (-31),40,https://badmintonranks.com/tournament?id=14377,3,Malaysia_Open_2025
2025-01-09,Round 2,WD,BAEK Ha.. / LEE So H.. (2) Rank 2 Elo 2314 (+2),21-14 / 21-10,HU Ling .. / JHENG Y.. Rank 57 Elo 1760 (-3),32,https://badmintonranks.com/tournament?id=14377,3,Malaysia_Open_2025
2025-01-09,Round 2,MS,Anders ANTONSEN (2) Rank 2 Elo 2385 (+16),21-23 / 21-18 / 21-14,Koki WATANABE Rank 11 Elo 2258 (-16),81,https://badmintonranks.com/tournament?id=14377,3,Malaysia_Open_2025
2025-01-09,Round 2,WS,ZHANG Beiwen Rank 15 Elo 2099 (+26),21-14 / 21-18,Mia BLICHFELDT Rank 27 Elo 2102 (-26),36,https://badmintonranks.com/tournament?id=14377,3,Malaysia_Open_2025
2025-01-09,Round 2,MS,SHI Yu Qi (1) Rank 1 Elo 2470 (+11),21-18 / 21-16,LU Guang Zu Rank 16 Elo 2242 (-10),45,https://badmintonranks.com/tournament?id=14377,3,Malaysia_Open_2025
2025-01-09,Round 2,MD,ONG Yew.. / TEO Ee Yi Rank 24 Elo 1934 (+23),23-21 / 16-21 / 21-18,JIN Yong / KANG Min.. Rank Elo 1885 (-25),69,https://badmintonranks.com/tournament?id=14377,3,Malaysia_Open_2025
2025-01-09,Round 2,WS,Putri Kusuma WARDANI Rank 17 Elo 2157 (+10),21-16 / 21-12,Julie Dawall JAKOBSEN Rank 36 Elo 1917 (-11),30,https://badmintonranks.com/tournament?id=14377,3,Malaysia_Open_2025
2025-01-09,Round 2,MS,LI Shi Feng (7) Rank 7 Elo 2307 (+10),21-8 / 15-21 / 23-21,PRANNOY H. S. Rank 26 Elo 2077 (-11),82,https://badmintonranks.com/tournament?id=14377,3,Malaysia_Open_2025
2025-01-09,Round 2,WS,Ratchanok INTANON Rank 16 Elo 2172 (+31),21-17 / 21-14,Pornpawee CHOCHU.. (8) Rank 13 Elo 2251 (-31),37,https://badmintonranks.com/tournament?id=14377,3,Malaysia_Open_2025
2025-01-09,Round 2,WD,Yuki FUK.. / Mayu MAT.. Rank 93 Elo 1978 (+20),21-19 / 21-17,KIM Hye .. / KONG He.. Rank 65 Elo 1888 (-22),59,https://badmintonranks.com/tournament?id=14377,3,Malaysia_Open_2025
2025-01-09,Round 2,WS,AN Se Young (1) Rank 1 Elo 2606 (+2),21-15 / 21-15,NGUYEN Thuy Linh Rank 34 Elo 1987 (-2),38,https://badmintonranks.com/tournament?id=14377,3,Malaysia_Open_2025
2025-01-09,Round 2,XD,CHEN Ta.. / TOH Ee .. (3) Rank 5 Elo 2207 (+4),21-8 / 21-14,LU Ming .. / HUNG En-.. Rank 51 Elo 1764 (-5),30,https://badmintonranks.com/tournament?id=14377,3,Malaysia_Open_2025
2025-01-09,Round 2,WD,JIA Yi Fan / ZHANG S.. Rank 129 Elo 1997 (+24),15-21 / 21-18 / 21-19,Treesa J.. / GAYATRI.. (6) Rank 11 Elo 1959 (-24),82,https://badmintonranks.com/tournament?id=14377,3,Malaysia_Open_2025
2025-01-09,Round 2,WS,WANG Zhi Yi (2) Rank 2 Elo 2480 (+2),21-17 / 21-13,CHIU Pin-Chian Rank 32 Elo 1907 (-2),40,https://badmintonranks.com/tournament?id=14377,4,Malaysia_Open_2025
2025-01-09,Round 2,MS,Kunlavut VITIDSARN (5) Rank 5 Elo 2341 (+16),21-7 / 21-10,Anthony Sinisuka GINTI.. Rank 10 Elo 2201 (-16),42,https://badmintonranks.com/tournament?id=14377,4,Malaysia_Open_2025
2025-01-09,Round 2,MS,Kodai NARAOKA (8) Rank 8 Elo 2256 (+23),21-14 / 21-14,LIN Chun-Yi Rank 14 Elo 2213 (-22),43,https://badmintonranks.com/tournament?id=14377,4,Malaysia_Open_2025
2025-01-09,Round 2,MS,CHI Yu Jen Rank 32 Elo 2073 (+31),15-21 / 21-14 / 21-12,LEE Cheuk Yiu Rank 21 Elo 2139 (-31),57,https://badmintonranks.com/tournament?id=14377,4,Malaysia_Open_2025
2025-01-09,Round 2,WD,LI Yi jing / LUO Xu .. (4) Rank 7 Elo 2116 (+15),11-21 / 21-16 / 21-7,Benyapa .. / Nuntakarn.. Rank 18 Elo 1960 (-15),60,https://badmintonranks.com/tournament?id=14377,4,Malaysia_Open_2025
2025-01-09,Round 2,XD,YANG Po.. / HU Ling .. (6) Rank 10 Elo 1928 (+14),16-21 / 21-9 / 24-22,Callum H.. / Estelle VA.. Rank 35 Elo 1753 (-19),57,https://badmintonranks.com/tournament?id=14377,4,Malaysia_Open_2025
2025-01-09,Round 2,XD,Thom GI.. / Delphine .. Rank 15 Elo 2071 (+25),18-21 / 21-12 / 22-20,GUO Xin .. / CHEN Fa.. (8) Rank 12 Elo 2061 (-25),77,https://badmintonranks.com/tournament?id=14377,4,Malaysia_Open_2025
2025-01-09,Round 2,MD,KIM Won .. / SEO Seun.. Rank Elo 1635 (+96),21-17 / 21-16,LIANG W.. / WANG C.. (2) Rank 2 Elo 2270 (-50),39,https://badmintonranks.com/tournament?id=14377,4,Malaysia_Open_2025
2025-01-09,Round 2,XD,Dechapol.. / Supissara .. Rank 57 Elo 2013 (+46),21-14 / 21-19,JIANG Zh.. / WEI Ya X.. (2) Rank 2 Elo 2346 (-44),32,https://badmintonranks.com/tournament?id=14377,4,Malaysia_Open_2025
2025-01-09,Round 2,WS,YEO Jia Min (7) Rank 12 Elo 2148 (+34),21-14 / 21-10,GAO Fang jie Rank 18 Elo 2271 (-33),33,https://badmintonranks.com/tournament?id=14377,4,Malaysia_Open_2025
2025-01-09,Round 2,XD,FENG Ya.. / HUANG .. (1) Rank 1 Elo 2443 (+1),21-11 / 21-10,Alexande.. / Julie MAC.. Rank 50 Elo 1752 (-1),34,https://badmintonranks.com/tournament?id=14377,4,Malaysia_Open_2025
2025-01-09,Round 2,MS,NG Ka Long Angus Rank 17 Elo 2190 (+21),23-21 / 10-21 / 21-17,Toma Junior POPOV Rank 19 Elo 2136 (-22),84,https://badmintonranks.com/tournament?id=14377,4,Malaysia_Open_2025
2025-01-09,Round 2,XD,CHENG .. / ZHANG .. (7) Rank 11 Elo 2006 (+14),21-13 / 22-20,DHRUV .. / Tanisha C.. Rank 69 Elo 1833 (-16),44,https://badmintonranks.com/tournament?id=14377,4,Malaysia_Open_2025
2025-01-09,Round 2,MD,CHEN Bo.. / LIU Yi Rank 18 Elo 1969 (+30),21-17 / 16-21 / 21-15,CHIU Hsi.. / WANG Ch.. Rank 35 Elo 2008 (-30),59,https://badmintonranks.com/tournament?id=14377,4,Malaysia_Open_2025
2025-01-09,Round 2,XD,Hiroki MI.. / Natsu SAI.. Rank 14 Elo 1958 (+29),21-17 / 21-17,Dejan FE.. / Gloria E.. (5) Rank 8 Elo 1991 (-29),42,https://badmintonranks.com/tournament?id=14377,4,Malaysia_Open_2025
2025-01-08,Round 1,WD,HU Ling .. / JHENG Y.. Rank 57 Elo 1744 (+16),14-21 / 17-18 Ret.,Setyana .. / Sara THY.. Rank Elo 1781 (-15),40,https://badmintonranks.com/tournament?id=14377,4,Malaysia_Open_2025
2025-01-08,Round 1,MD,Nur Mohd.. / TAN Wee .. Rank 32 Elo 1904 (+15),21-15 / 12-21 / 21-18,XIE Hao .. / ZENG Wei.. Rank 40 Elo 1734 (-20),60,https://badmintonranks.com/tournament?id=14377,4,Malaysia_Open_2025
2025-01-08,Round 1,WS,Julie Dawall JAKOBSEN Rank 36 Elo 1904 (+13),21-14 / 21-12,AAKARSHI KASHYAP Rank 46 Elo 1691 (-19),36,https://badmintonranks.com/tournament?id=14377,4,Malaysia_Open_2025
2025-01-08,Round 1,MD,Satwiksai.. / Chirag S.. (7) Rank 9 Elo 2191 (+3),21-10 / 16-21 / 21-5,LU Ming .. / TANG Kai .. Rank 43 Elo 1705 (-5),56,https://badmintonranks.com/tournament?id=14377,4,Malaysia_Open_2025
2025-01-08,Round 1,MD,LEE Fan.. / LEE Fang-.. Rank 27 Elo 1811 (+28),21-16 / 21-12,LIU Kuan.. / YANG Po .. Rank 33 Elo 1771 (-30),37,https://badmintonranks.com/tournament?id=14377,4,Malaysia_Open_2025
2025-01-08,Round 1,WD,SUNG Sh.. / YU Chien .. Rank 22 Elo 1778 (+17),21-15 / 21-15,ONG Xin .. / Carmen TI.. Rank 125 Elo 1597 (-29),39,https://badmintonranks.com/tournament?id=14377,5,Malaysia_Open_2025
2025-01-08,Round 1,WD,BAEK Ha.. / LEE So H.. (2) Rank 2 Elo 2313 (+1),21-9 / 21-6,Paulina C.. / Kornelia M.. Rank 69 Elo 1663 (-2),25,https://badmintonranks.com/tournament?id=14377,5,Malaysia_Open_2025
2025-01-08,Round 1,WS,Pornpawee CHOCHU.. (8) Rank 13 Elo 2247 (+4),21-17 / 18-21 / 21-8,Anupama UPADHYAYA Rank 45 Elo 1796 (-4),58,https://badmintonranks.com/tournament?id=14377,5,Malaysia_Open_2025
2025-01-08,Round 1,MD,Sabar Ka.. / Moh Reza.. Rank 11 Elo 2092 (+2),7-12 Ret.,Rasmus .. / Frederik S.. Rank 15 Elo 1887 (-3),12,https://badmintonranks.com/tournament?id=14377,5,Malaysia_Open_2025
2025-01-08,Round 1,XD,Dechapol.. / Supissara .. Rank 57 Elo 1995 (+18),21-12 / 21-14,YE Hong .. / Nicole Go.. Rank 64 Elo 1875 (-19),29,https://badmintonranks.com/tournament?id=14377,5,Malaysia_Open_2025
2025-01-08,Round 1,MD,Aaron CH.. / SOH Wo.. (5) Rank 6 Elo 2148 (+4),21-15 / 16-21 / 21-10,CHEN Z.. / Presley S.. Rank 37 Elo 1740 (-6),58,https://badmintonranks.com/tournament?id=14377,5,Malaysia_Open_2025
2025-01-08,Round 1,XD,GUO Xin .. / CHEN Fa.. (8) Rank 12 Elo 2049 (+12),21-13 / 21-16,CHEN Ch.. / HSU Yin-.. Rank 30 Elo 1840 (-14),34,https://badmintonranks.com/tournament?id=14377,5,Malaysia_Open_2025
2025-01-08,Round 1,MS,LIN Chun-Yi Rank 14 Elo 2193 (+20),9-21 / 21-18 / 21-7,Rasmus GEMKE Rank 30 Elo 2127 (-21),58,https://badmintonranks.com/tournament?id=14377,5,Malaysia_Open_2025
2025-01-08,Round 1,WD,Misaki M.. / Chiharu S.. Rank Elo 1800 (+34),23-21 / 21-12,Tanisha .. / Ashwini P.. (8) Rank 16 Elo 1823 (-33),49,https://badmintonranks.com/tournament?id=14377,5,Malaysia_Open_2025
2025-01-08,Round 1,MD,JIN Yong / KANG Min.. Rank Elo 1868 (+17),21-18 / 21-14,CHEN Zh.. / LIN Yu Chi.. Rank 39 Elo 1716 (-23),39,https://badmintonranks.com/tournament?id=14377,5,Malaysia_Open_2025
2025-01-08,Round 1,XD,JIANG Zh.. / WEI Ya X.. (2) Rank 2 Elo 2343 (+3),18-21 / 21-8 / 23-21,Ruttanap.. / Jhenicha .. Rank 26 Elo 1869 (-4),55,https://badmintonranks.com/tournament?id=14377,5,Malaysia_Open_2025
2025-01-08,Round 1,MD,ONG Yew.. / TEO Ee Yi Rank 24 Elo 1889 (+45),15-21 / 21-17 / 21-13,Fajar ALF.. / Muhamm.. (4) Rank 4 Elo 2117 (-40),62,https://badmintonranks.com/tournament?id=14377,5,Malaysia_Open_2025
2025-01-08,Round 1,WS,HAN Yue (3) Rank 5 Elo 2315 (+5),22-20 / 21-7,PAI Yu Po Rank 30 Elo 1900 (-5),38,https://badmintonranks.com/tournament?id=14377,5,Malaysia_Open_2025
2025-01-08,Round 1,WS,CHIU Pin-Chian Rank 32 Elo 1889 (+18),21-11 / 19-21 / 21-17,Lauren LAM Rank 41 Elo 1759 (-22),56,https://badmintonranks.com/tournament?id=14377,5,Malaysia_Open_2025
2025-01-08,Round 1,MS,Anders ANTONSEN (2) Rank 2 Elo 2379 (+6),21-17 / 21-10,WANG Tzu Wei Rank 24 Elo 2009 (-5),46,https://badmintonranks.com/tournament?id=14377,5,Malaysia_Open_2025
2025-01-08,Round 1,MS,Kodai NARAOKA (8) Rank 8 Elo 2244 (+12),23-21 / 21-9,Christo POPOV Rank 25 Elo 2042 (-12),41,https://badmintonranks.com/tournament?id=14377,5,Malaysia_Open_2025
2025-01-08,Round 1,WD,Yuki FUK.. / Mayu MAT.. Rank 93 Elo 1969 (+9),21-16 / 21-17,Julie MA.. / Ciara TOR.. Rank 41 Elo 1701 (-14),43,https://badmintonranks.com/tournament?id=14377,5,Malaysia_Open_2025
2025-01-08,Round 1,WS,Malvika BANSOD Rank 31 Elo 1913 (+25),21-15 / 21-16,GOH Jin Wei Rank 42 Elo 1876 (-26),45,https://badmintonranks.com/tournament?id=14377,5,Malaysia_Open_2025
2025-01-08,Round 1,XD,Thom GI.. / Delphine .. Rank 15 Elo 2063 (+8),21-9 / 21-12,Mads VE.. / Christine .. Rank 28 Elo 1758 (-11),34,https://badmintonranks.com/tournament?id=14377,5,Malaysia_Open_2025
2025-01-08,Round 1,WD,LI Yi jing / LUO Xu .. (4) Rank 7 Elo 2112 (+4),21-14 / 21-14,FAN Ka Y.. / YAU Mau .. Rank 63 Elo 1697 (-7),35,https://badmintonranks.com/tournament?id=14377,5,Malaysia_Open_2025
2025-01-08,Round 1,WS,Pornpicha CHOEIKEEW.. Rank 44 Elo 1809 (+38),21-7 / 15-21 / 21-17,Kaoru SUGIYAMA Rank 39 Elo 1876 (-34),56,https://badmintonranks.com/tournament?id=14377,6,Malaysia_Open_2025
2025-01-08,Round 1,WS,WANG Zhi Yi (2) Rank 2 Elo 2478 (+2),21-9 / 21-13,HSU Wen Chi Rank 29 Elo 1942 (-2),33,https://badmintonranks.com/tournament?id=14377,6,Malaysia_Open_2025
2025-01-08,Round 1,MD,KIM Won .. / SEO Seun.. Rank Elo 1500 (+135),21-17 / 21-11,Junaidi A.. / YAP Roy .. Rank 23 Elo 1873 (-53),45,https://badmintonranks.com/tournament?id=14377,6,Malaysia_Open_2025
2025-01-08,Round 1,MS,Anthony Sinisuka GINTI.. Rank 10 Elo 2182 (+19),21-12 / 21-18,LEE Chia Hao Rank 23 Elo 2095 (-19),41,https://badmintonranks.com/tournament?id=14377,6,Malaysia_Open_2025
2025-01-08,Round 1,MS,LI Shi Feng (7) Rank 7 Elo 2300 (+7),21-11 / 21-16,Priyanshu RAJAWAT Rank 34 Elo 1970 (-7),39,https://badmintonranks.com/tournament?id=14377,6,Malaysia_Open_2025
2025-01-08,Round 1,WD,KIM Hye .. / KONG He.. Rank 65 Elo 1871 (+17),21-12 / 21-9,YEUNG .. / YEUNG .. (7) Rank 15 Elo 1714 (-23),41,https://badmintonranks.com/tournament?id=14377,6,Malaysia_Open_2025
2025-01-08,Round 1,MS,Koki WATANABE Rank 11 Elo 2242 (+16),21-13 / 21-18,LOH Kean Yew Rank 13 Elo 2108 (-17),46,https://badmintonranks.com/tournament?id=14377,6,Malaysia_Open_2025
2025-01-08,Round 1,XD,Sathish K.. / Aadya VA.. Rank 34 Elo 1699 (+28),21-13 / 21-15,Ashith S.. / Amrutha P.. Rank 54 Elo 1583 (-40),27,https://badmintonranks.com/tournament?id=14377,6,Malaysia_Open_2025
2025-01-08,Round 1,MD,LIANG W.. / WANG C.. (2) Rank 2 Elo 2265 (+5),21-18 / 21-18,KIM Gi Ju.. / KIM Sa R.. Rank 74 Elo 1860 (-5),34,https://badmintonranks.com/tournament?id=14377,6,Malaysia_Open_2025
2025-01-08,Round 1,WD,Benyapa .. / Nuntakarn.. Rank 18 Elo 1957 (+3),21-17 / 21-10,Rutaparn.. / Swetaparn.. Rank 38 Elo 1489 (-10),36,https://badmintonranks.com/tournament?id=14377,6,Malaysia_Open_2025
2025-01-08,Round 1,WS,GAO Fang jie Rank 18 Elo 2265 (+6),19-21 / 21-19 / 21-13,Kirsty GILMOUR Rank 28 Elo 1940 (-7),67,https://badmintonranks.com/tournament?id=14377,6,Malaysia_Open_2025
2025-01-08,Round 1,MS,NG Ka Long Angus Rank 17 Elo 2157 (+33),16-21 / 21-19 / 21-11,WENG Hong Yang Rank 20 Elo 2265 (-33),76,https://badmintonranks.com/tournament?id=14377,6,Malaysia_Open_2025
2025-01-08,Round 1,MS,Kunlavut VITIDSARN (5) Rank 5 Elo 2323 (+18),21-11 / 12-21 / 23-21,Alex LANIER Rank 18 Elo 2227 (-19),80,https://badmintonranks.com/tournament?id=14377,6,Malaysia_Open_2025
2025-01-08,Round 1,XD,CHENG .. / ZHANG .. (7) Rank 11 Elo 1991 (+15),21-8 / 21-12,Robin TA.. / Alexandra .. Rank 124 Elo 1823 (-17),29,https://badmintonranks.com/tournament?id=14377,6,Malaysia_Open_2025
2025-01-08,Round 1,XD,GOH Soo.. / LAI Shev.. (4) Rank 6 Elo 2058 (+6),21-15 / 21-19,Presley S.. / Jennie GA.. Rank 106 Elo 1687 (-9),36,https://badmintonranks.com/tournament?id=14377,6,Malaysia_Open_2025
2025-01-08,Round 1,MS,PRANNOY H. S. Rank 26 Elo 2059 (+18),21-12 / 17-21 / 21-15,Brian YANG Rank 28 Elo 1944 (-19),89,https://badmintonranks.com/tournament?id=14377,6,Malaysia_Open_2025
2025-01-08,Round 1,XD,DHRUV .. / Tanisha C.. Rank 69 Elo 1799 (+34),21-13 / 21-14,KO Sung .. / EOM Hye .. Rank 102 Elo 1819 (-33),30,https://badmintonranks.com/tournament?id=14377,6,Malaysia_Open_2025
2025-01-08,Round 1,MS,Toma Junior POPOV Rank 19 Elo 2093 (+43),21-8 / 14-21 / 26-24,Jonatan CHRISTIE (3) Rank 3 Elo 2358 (-41),81,https://badmintonranks.com/tournament?id=14377,6,Malaysia_Open_2025
2025-01-08,Round 1,WS,YEO Jia Min (7) Rank 12 Elo 2137 (+11),21-16 / 21-13,SUNG Shuo Yun Rank 24 Elo 1907 (-12),45,https://badmintonranks.com/tournament?id=14377,6,Malaysia_Open_2025
2025-01-07,Round 1,MS,CHI Yu Jen Rank 32 Elo 2032 (+41),21-14 / 21-7,Lakshya SEN Rank 12 Elo 2251 (-39),35,https://badmintonranks.com/tournament?id=14377,6,Malaysia_Open_2025
2025-01-07,Round 1,WS,Putri Kusuma WARDANI Rank 17 Elo 2121 (+36),21-8 / 21-14,Gregoria Mariska TUN.. (4) Rank 6 Elo 2276 (-36),31,https://badmintonranks.com/tournament?id=14377,7,Malaysia_Open_2025
2025-01-07,Round 1,MD,MAN Wei.. / TEE Kai .. Rank 14 Elo 1996 (+19),21-12 / 21-17,Kenya MI.. / Hiroki OK.. Rank 19 Elo 1903 (-21),38,https://badmintonranks.com/tournament?id=14377,7,Malaysia_Open_2025
2025-01-07,Round 1,WD,Vivian H.. / LIM Chiew.. Rank 43 Elo 1538 (+44),21-11 / 21-17,CHENG .. / SUN Yu H.. Rank 62 Elo 1414 (-61),34,https://badmintonranks.com/tournament?id=14377,7,Malaysia_Open_2025
2025-01-07,Round 1,XD,CHEN Ta.. / TOH Ee .. (3) Rank 5 Elo 2206 (+1),21-8 / 21-9,WU Hsua.. / YANG Ch.. Rank 40 Elo 1639 (-4),27,https://badmintonranks.com/tournament?id=14377,7,Malaysia_Open_2025
2025-01-07,Round 1,WD,Lanny Tri.. / Siti Fadia .. Rank 80 Elo 1838 (+48),19-21 / 21-14 / 21-13,Pearly TA.. / THINAAH.. (3) Rank 6 Elo 2072 (-41),63,https://badmintonranks.com/tournament?id=14377,7,Malaysia_Open_2025
2025-01-07,Round 1,MS,LEE Cheuk Yiu Rank 21 Elo 2093 (+46),21-17 / 21-13,Viktor AXELSEN (4) Rank 4 Elo 2462 (-45),38,https://badmintonranks.com/tournament?id=14377,7,Malaysia_Open_2025
2025-01-07,Round 1,WS,Ratchanok INTANON Rank 16 Elo 2167 (+5),21-11 / 21-6,LO Sin Yan Happy Rank 50 Elo 1762 (-6),32,https://badmintonranks.com/tournament?id=14377,7,Malaysia_Open_2025
2025-01-07,Round 1,XD,YANG Po.. / HU Ling .. (6) Rank 10 Elo 1923 (+5),21-18 / 22-24 / 21-17,TANG Ch.. / NG Tsz Ya.. Rank Elo 1500 (-12),61,https://badmintonranks.com/tournament?id=14377,7,Malaysia_Open_2025
2025-01-07,Round 1,WD,HSIEH P.. / HUNG En-.. Rank 25 Elo 1867 (+40),21-14 / 21-14,Febriana .. / Amallia C.. (5) Rank 9 Elo 1999 (-36),36,https://badmintonranks.com/tournament?id=14377,7,Malaysia_Open_2025
2025-01-07,Round 1,MD,Daniel LU.. / Mads VES.. Rank 26 Elo 1831 (+54),21-15 / 9-21 / 21-18,GOH Sze.. / Nur IZZU.. (3) Rank 3 Elo 2182 (-45),52,https://badmintonranks.com/tournament?id=14377,7,Malaysia_Open_2025
2025-01-07,Round 1,MD,CHEN Bo.. / LIU Yi Rank 18 Elo 1950 (+19),21-11 / 17-21 / 21-18,Peeratch.. / Pakkapon .. Rank 30 Elo 1835 (-21),58,https://badmintonranks.com/tournament?id=14377,7,Malaysia_Open_2025
2025-01-07,Round 1,MD,CHIU Hsi.. / WANG Ch.. Rank 35 Elo 1963 (+45),21-16 / 18-21 / 22-20,Kim AST.. / Anders S.. (1) Rank 1 Elo 2234 (-42),63,https://badmintonranks.com/tournament?id=14377,7,Malaysia_Open_2025
2025-01-07,Round 1,WD,CHANG .. / YANG Chi.. Rank 23 Elo 1738 (+33),21-19 / 17-21 / 21-11,Polina B.. / Yevheniia .. Rank 24 Elo 1706 (-36),50,https://badmintonranks.com/tournament?id=14377,7,Malaysia_Open_2025
2025-01-07,Round 1,WD,JIA Yi Fan / ZHANG S.. Rank 129 Elo 1987 (+10),21-17 / 21-10,GO Pei K.. / TEOH Mei.. Rank 73 Elo 1735 (-14),38,https://badmintonranks.com/tournament?id=14377,7,Malaysia_Open_2025
2025-01-07,Round 1,MD,Christo P.. / Toma Juni.. Rank 29 Elo 1753 (+36),21-17 / 21-12,Christoph.. / Matthew .. Rank 42 Elo 1757 (-35),39,https://badmintonranks.com/tournament?id=14377,7,Malaysia_Open_2025
2025-01-07,Round 1,WS,AN Se Young (1) Rank 1 Elo 2605 (+1),21-12 / 21-13,Line CHRISTOPHERSEN Rank 35 Elo 1877 (-1),36,https://badmintonranks.com/tournament?id=14377,7,Malaysia_Open_2025
2025-01-07,Round 1,MS,LU Guang Zu Rank 16 Elo 2223 (+19),21-17 / 16-21 / 21-13,LEONG Jun Hao Rank 29 Elo 2137 (-19),80,https://badmintonranks.com/tournament?id=14377,7,Malaysia_Open_2025
2025-01-07,Round 1,XD,FENG Ya.. / HUANG .. (1) Rank 1 Elo 2442 (+1),21-17 / 21-12,Gregory .. / Jenny MAI.. Rank 41 Elo 1687 (-1),40,https://badmintonranks.com/tournament?id=14377,7,Malaysia_Open_2025
2025-01-07,Round 1,WD,LIU Shen.. / TAN Ning (1) Rank 1 Elo 2380 (+1),21-10 / 21-10,Julie FIN.. / Mai SURR.. Rank 48 Elo 1702 (-2),37,https://badmintonranks.com/tournament?id=14377,7,Malaysia_Open_2025
2025-01-07,Round 1,XD,Hiroki MI.. / Natsu SAI.. Rank 14 Elo 1930 (+28),22-20 / 21-10,TAN Kian.. / LAI Pei Jin.. Rank 19 Elo 1930 (-27),37,https://badmintonranks.com/tournament?id=14377,7,Malaysia_Open_2025
2025-01-07,Round 1,XD,Alexande.. / Julie MAC.. Rank 50 Elo 1712 (+40),21-17 / 21-15,HEE Yon.. / JIN Yu Jia Rank 126 Elo 1722 (-39),35,https://badmintonranks.com/tournament?id=14377,8,Malaysia_Open_2025
2025-01-07,Round 1,WS,Mia BLICHFELDT Rank 27 Elo 2071 (+31),15-21 / 21-14 / 21-16,Tomoka MIYAZAKI (6) Rank 11 Elo 2140 (-31),56,https://badmintonranks.com/tournament?id=14377,8,Malaysia_Open_2025
2025-01-07,Round 1,WS,NGUYEN Thuy Linh Rank 34 Elo 1955 (+32),21-16 / 21-19,Natsuki NIDAIRA Rank 22 Elo 2009 (-31),48,https://badmintonranks.com/tournament?id=14377,8,Malaysia_Open_2025
2025-01-07,Round 1,MS,Yushi TANAKA Rank 27 Elo 2008 (+38),19-21 / 21-16 / 21-13,LEI Lan Xi Rank 22 Elo 2166 (-37),70,https://badmintonranks.com/tournament?id=14377,8,Malaysia_Open_2025
2025-01-07,Round 1,WD,Treesa J.. / GAYATRI.. (6) Rank 11 Elo 1951 (+8),21-10 / 21-10,Ornnicha .. / Sukitta SU.. Rank 42 Elo 1647 (-14),30,https://badmintonranks.com/tournament?id=14377,8,Malaysia_Open_2025
2025-01-07,Round 1,MD,Ben LANE / Sean VEN.. Rank 13 Elo 1994 (+32),23-21 / 19-21 / 21-11,HE Ji Ting / REN Xian.. (6) Rank 7 Elo 2071 (-32),71,https://badmintonranks.com/tournament?id=14377,8,Malaysia_Open_2025
2025-01-07,Round 1,XD,LU Ming .. / HUNG En-.. Rank 51 Elo 1690 (+74),28-26 / 14-21 / 24-22,HOO Pan.. / CHENG S.. Rank 20 Elo 2048 (-46),66,https://badmintonranks.com/tournament?id=14377,8,Malaysia_Open_2025
2025-01-07,Round 1,WD,HSU Yin-.. / LIN Jhih Y.. Rank 26 Elo 1795 (+36),21-17 / 21-10,TENG Ch.. / YANG Ch.. Rank 67 Elo 1834 (-34),26,https://badmintonranks.com/tournament?id=14377,8,Malaysia_Open_2025
2025-01-07,Round 1,XD,Callum H.. / Estelle VA.. Rank 35 Elo 1744 (+9),15-21 / 21-11 / 21-6,Oleksii TI.. / Yevheniia .. Rank 56 Elo 1399 (-23),35,https://badmintonranks.com/tournament?id=14377,8,Malaysia_Open_2025
2025-01-07,Round 1,MS,SHI Yu Qi (1) Rank 1 Elo 2464 (+6),21-16 / 20-22 / 21-16,Kenta NISHIMOTO Rank 15 Elo 2120 (-6),77,https://badmintonranks.com/tournament?id=14377,8,Malaysia_Open_2025
2025-01-07,Round 1,MS,CHOU Tien Chen Rank 9 Elo 2224 (+12),21-14 / 21-17,SU Li Yang Rank 33 Elo 2013 (-12),50,https://badmintonranks.com/tournament?id=14377,8,Malaysia_Open_2025
2025-01-07,Round 1,XD,Dejan FE.. / Gloria E.. (5) Rank 8 Elo 1981 (+10),21-12 / 21-13,WONG Ti.. / LIM Chiew.. Rank 33 Elo 1732 (-14),34,https://badmintonranks.com/tournament?id=14377,8,Malaysia_Open_2025
2025-01-07,Round 1,MD,LEE Jhe-.. / YANG Po.. (8) Rank 10 Elo 1952 (+14),21-18 / 16-21 / 21-16,CHIANG .. / WU Hsua.. Rank 52 Elo 1772 (-18),49,https://badmintonranks.com/tournament?id=14377,8,Malaysia_Open_2025
2025-01-07,Round 1,WS,ZHANG Beiwen Rank 15 Elo 2068 (+31),21-14 / 20-22 / 21-14,Nozomi OKUHARA Rank 19 Elo 2138 (-31),48,https://badmintonranks.com/tournament?id=14377,8,Malaysia_Open_2025
2025-01-07,Round 1,WS,LIN Hsiang Ti Rank 37 Elo 1939 (+0),W.O.,Busanan ONGBAMRU.. (5) Rank 10 Elo 2088 (-0),0,https://badmintonranks.com/tournament?id=14377,8,Malaysia_Open_2025
2024-01-14,Final,MD,LIANG W.. / WANG C.. (1) Rank 1 Elo 2265 (+29),9-21 / 21-18 / 21-17,Satwiksai.. / Chirag S.. (2) Rank 2 Elo 2278 (-29),58,https://badmintonranks.com/tournament?id=10911,1,Malaysia_Open_2024
2024-01-14,Final,MS,Anders ANTONSEN Rank 9 Elo 2369 (+32),21-14 / 21-13,SHI Yu Qi (7) Rank 6 Elo 2425 (-32),55,https://badmintonranks.com/tournament?id=10911,1,Malaysia_Open_2024
2024-01-14,Final,WD,LIU Shen.. / TAN Ning (8) Rank 8 Elo 2283 (+20),21-18 / 21-18,ZHANG .. / ZHENG .. (5) Rank 7 Elo 2193 (-21),52,https://badmintonranks.com/tournament?id=10911,1,Malaysia_Open_2024
2024-01-14,Final,WS,AN Se Young (1) Rank 1 Elo 2668 (+19),10-21 / 21-10 / 21-18,TAI Tzu Ying (4) Rank 4 Elo 2561 (-19),58,https://badmintonranks.com/tournament?id=10911,1,Malaysia_Open_2024
2024-01-14,Final,XD,Yuta WAT.. / Arisa IGA.. (2) Rank 2 Elo 2236 (+23),21-18 / 21-15,KIM Won .. / JEONG .. (7) Rank 7 Elo 2176 (-23),37,https://badmintonranks.com/tournament?id=10911,1,Malaysia_Open_2024
2024-01-13,Semi final,MD,LIANG W.. / WANG C.. (1) Rank 1 Elo 2247 (+18),21-12 / 19-21 / 21-13,Takuro H.. / Yugo KO.. (7) Rank 7 Elo 2136 (-19),50,https://badmintonranks.com/tournament?id=10911,1,Malaysia_Open_2024
2024-01-13,Semi final,MS,SHI Yu Qi (7) Rank 6 Elo 2383 (+42),21-12 / 19-21 / 21-17,Viktor AXELSEN (1) Rank 1 Elo 2590 (-41),70,https://badmintonranks.com/tournament?id=10911,1,Malaysia_Open_2024
2024-01-13,Semi final,MD,Satwiksai.. / Chirag S.. (2) Rank 2 Elo 2251 (+27),21-18 / 22-20,KANG Mi.. / SEO Seu.. (6) Rank 3 Elo 2248 (-27),47,https://badmintonranks.com/tournament?id=10911,1,Malaysia_Open_2024
2024-01-13,Semi final,MS,Anders ANTONSEN Rank 9 Elo 2356 (+13),21-16 / 21-7,LIN Chun-Yi Rank 21 Elo 2164 (-13),41,https://badmintonranks.com/tournament?id=10911,1,Malaysia_Open_2024
2024-01-13,Semi final,WD,LIU Shen.. / TAN Ning (8) Rank 8 Elo 2268 (+15),21-11 / 21-16,Rin IWAN.. / Kie NAKA.. Rank 15 Elo 2091 (-14),47,https://badmintonranks.com/tournament?id=10911,1,Malaysia_Open_2024
2024-01-13,Semi final,WS,AN Se Young (1) Rank 1 Elo 2663 (+5),21-17 / 21-11,ZHANG Yi Man Rank 17 Elo 2239 (-4),36,https://badmintonranks.com/tournament?id=10911,1,Malaysia_Open_2024
2024-01-13,Semi final,WD,ZHANG .. / ZHENG .. (5) Rank 7 Elo 2151 (+42),21-17 / 21-17,BAEK Ha.. / LEE So H.. (2) Rank 2 Elo 2361 (-41),45,https://badmintonranks.com/tournament?id=10911,1,Malaysia_Open_2024
2024-01-13,Semi final,XD,Yuta WAT.. / Arisa IGA.. (2) Rank 2 Elo 2206 (+30),21-15 / 12-21 / 21-15,JIANG Zh.. / WEI Ya X.. (5) Rank 5 Elo 2253 (-31),50,https://badmintonranks.com/tournament?id=10911,1,Malaysia_Open_2024
2024-01-13,Semi final,WS,TAI Tzu Ying (4) Rank 4 Elo 2529 (+32),17-21 / 21-15 / 21-18,CHEN Yu Fei (2) Rank 2 Elo 2599 (-32),72,https://badmintonranks.com/tournament?id=10911,1,Malaysia_Open_2024
2024-01-13,Semi final,XD,KIM Won .. / JEONG .. (7) Rank 7 Elo 2159 (+17),21-16 / 21-16,HEE Yon.. / TAN Wei .. Rank 22 Elo 2016 (-18),41,https://badmintonranks.com/tournament?id=10911,1,Malaysia_Open_2024
2024-01-12,Quarter final,MD,KANG Mi.. / SEO Seu.. (6) Rank 3 Elo 2227 (+21),16-21 / 21-18 / 21-13,Aaron CH.. / SOH Wo.. (3) Rank 4 Elo 2156 (-21),64,https://badmintonranks.com/tournament?id=10911,1,Malaysia_Open_2024
2024-01-12,Quarter final,MS,SHI Yu Qi (7) Rank 6 Elo 2367 (+16),8-21 / 21-11 / 21-10,LU Guang Zu Rank 19 Elo 2230 (-16),61,https://badmintonranks.com/tournament?id=10911,1,Malaysia_Open_2024
2024-01-12,Quarter final,MS,Viktor AXELSEN (1) Rank 1 Elo 2588 (+2),16-21 / 21-18 / 21-9,NG Ka Long Angus Rank 20 Elo 2084 (-3),61,https://badmintonranks.com/tournament?id=10911,1,Malaysia_Open_2024
2024-01-12,Quarter final,WD,LIU Shen.. / TAN Ning (8) Rank 8 Elo 2227 (+41),21-12 / 17-21 / 21-10,CHEN Qi.. / JIA Yi Fan (1) Rank 1 Elo 2445 (-41),68,https://badmintonranks.com/tournament?id=10911,1,Malaysia_Open_2024
2024-01-12,Quarter final,MD,Takuro H.. / Yugo KO.. (7) Rank 7 Elo 2117 (+19),21-15 / 21-9,ONG Yew.. / TEO Ee Yi Rank 12 Elo 2012 (-19),34,https://badmintonranks.com/tournament?id=10911,1,Malaysia_Open_2024
2024-01-12,Quarter final,MD,Satwiksai.. / Chirag S.. (2) Rank 2 Elo 2231 (+20),21-11 / 21-8,HE Ji Ting / REN Xian.. Rank 32 Elo 2154 (-21),35,https://badmintonranks.com/tournament?id=10911,2,Malaysia_Open_2024
2024-01-12,Quarter final,WD,Rin IWAN.. / Kie NAKA.. Rank 15 Elo 2076 (+15),21-15 / 21-13,Tanisha .. / Ashwini P.. Rank 24 Elo 1905 (-16),39,https://badmintonranks.com/tournament?id=10911,2,Malaysia_Open_2024
2024-01-12,Quarter final,MD,LIANG W.. / WANG C.. (1) Rank 1 Elo 2231 (+16),16-21 / 21-17 / 21-18,Fajar ALF.. / Muhamm.. (5) Rank 6 Elo 2080 (-16),54,https://badmintonranks.com/tournament?id=10911,2,Malaysia_Open_2024
2024-01-12,Quarter final,MS,Anders ANTONSEN Rank 9 Elo 2332 (+24),16-21 / 21-12 / 21-7,Kodai NARAOKA (2) Rank 2 Elo 2301 (-24),77,https://badmintonranks.com/tournament?id=10911,2,Malaysia_Open_2024
2024-01-12,Quarter final,WS,ZHANG Yi Man Rank 17 Elo 2193 (+46),12-21 / 21-17 / 21-17,Akane YAMAGUCHI (3) Rank 3 Elo 2533 (-46),55,https://badmintonranks.com/tournament?id=10911,2,Malaysia_Open_2024
2024-01-12,Quarter final,WD,BAEK Ha.. / LEE So H.. (2) Rank 2 Elo 2356 (+5),21-13 / 21-14,LI Wen M.. / LIU Xuan .. Rank 16 Elo 1980 (-6),40,https://badmintonranks.com/tournament?id=10911,2,Malaysia_Open_2024
2024-01-12,Quarter final,WD,ZHANG .. / ZHENG .. (5) Rank 7 Elo 2127 (+24),21-17 / 21-15,Rena MI.. / Ayako SA.. Rank 14 Elo 2097 (-24),42,https://badmintonranks.com/tournament?id=10911,2,Malaysia_Open_2024
2024-01-12,Quarter final,MS,LIN Chun-Yi Rank 21 Elo 2120 (+44),21-12 / 21-18,LI Shi Feng (3) Rank 3 Elo 2387 (-44),49,https://badmintonranks.com/tournament?id=10911,2,Malaysia_Open_2024
2024-01-12,Quarter final,WS,AN Se Young (1) Rank 1 Elo 2661 (+2),16-21 / 21-12 / 21-19,YEO Jia Min Rank 22 Elo 2112 (-2),62,https://badmintonranks.com/tournament?id=10911,2,Malaysia_Open_2024
2024-01-12,Quarter final,XD,Yuta WAT.. / Arisa IGA.. (2) Rank 2 Elo 2192 (+14),21-14 / 21-8,Hiroki MI.. / Natsu SAI.. Rank 13 Elo 2012 (-14),32,https://badmintonranks.com/tournament?id=10911,2,Malaysia_Open_2024
2024-01-12,Quarter final,XD,JIANG Zh.. / WEI Ya X.. (5) Rank 5 Elo 2218 (+35),21-19 / 21-14,SEO Seu.. / CHAE Yu.. (3) Rank 4 Elo 2331 (-35),37,https://badmintonranks.com/tournament?id=10911,2,Malaysia_Open_2024
2024-01-12,Quarter final,WS,TAI Tzu Ying (4) Rank 4 Elo 2511 (+18),21-16 / 21-15,HE Bing Jiao (6) Rank 6 Elo 2398 (-18),37,https://badmintonranks.com/tournament?id=10911,2,Malaysia_Open_2024
2024-01-12,Quarter final,XD,KIM Won .. / JEONG .. (7) Rank 7 Elo 2110 (+49),21-11 / 18-21 / 21-17,ZHENG .. / HUANG .. (1) Rank 1 Elo 2542 (-48),58,https://badmintonranks.com/tournament?id=10911,2,Malaysia_Open_2024
2024-01-12,Quarter final,XD,HEE Yon.. / TAN Wei .. Rank 22 Elo 1973 (+43),21-16 / 21-19,Dechapol.. / Sapsiree .. (6) Rank 6 Elo 2170 (-40),48,https://badmintonranks.com/tournament?id=10911,2,Malaysia_Open_2024
2024-01-12,Quarter final,WS,CHEN Yu Fei (2) Rank 2 Elo 2591 (+8),21-13 / 21-17,Gregoria Mariska TUN.. (7) Rank 7 Elo 2302 (-8),40,https://badmintonranks.com/tournament?id=10911,2,Malaysia_Open_2024
2024-01-11,Round 2,WD,Rena MI.. / Ayako SA.. Rank 14 Elo 2057 (+40),21-11 / 13-21 / 21-18,Nami MA.. / Chiharu .. (4) Rank 4 Elo 2280 (-40),63,https://badmintonranks.com/tournament?id=10911,2,Malaysia_Open_2024
2024-01-11,Round 2,MD,Fajar ALF.. / Muhamm.. (5) Rank 6 Elo 2065 (+15),21-13 / 21-12,LEE Fan.. / LEE Fang-.. Rank 25 Elo 1908 (-16),38,https://badmintonranks.com/tournament?id=10911,2,Malaysia_Open_2024
2024-01-11,Round 2,MD,LIANG W.. / WANG C.. (1) Rank 1 Elo 2225 (+6),21-14 / 21-14,Keiichiro .. / Yoshinori .. Rank 28 Elo 1885 (-7),32,https://badmintonranks.com/tournament?id=10911,2,Malaysia_Open_2024
2024-01-11,Round 2,MS,LI Shi Feng (3) Rank 3 Elo 2370 (+17),13-21 / 21-16 / 21-18,WENG Hong Yang Rank 18 Elo 2247 (-17),82,https://badmintonranks.com/tournament?id=10911,2,Malaysia_Open_2024
2024-01-11,Round 2,WD,BAEK Ha.. / LEE So H.. (2) Rank 2 Elo 2353 (+3),21-13 / 22-20,YEUNG .. / YEUNG P.. Rank 21 Elo 1828 (-3),47,https://badmintonranks.com/tournament?id=10911,2,Malaysia_Open_2024
2024-01-11,Round 2,WD,ZHANG .. / ZHENG .. (5) Rank 7 Elo 2120 (+7),21-14 / 21-8,Annie XU / Kerry XU Rank 31 Elo 1783 (-9),32,https://badmintonranks.com/tournament?id=10911,3,Malaysia_Open_2024
2024-01-11,Round 2,WS,ZHANG Yi Man Rank 17 Elo 2184 (+9),21-8 / 21-10,HSU Wen Chi Rank 23 Elo 1909 (-10),28,https://badmintonranks.com/tournament?id=10911,3,Malaysia_Open_2024
2024-01-11,Round 2,MD,Aaron CH.. / SOH Wo.. (3) Rank 4 Elo 2144 (+12),21-15 / 21-16,GOH Sze.. / Nur IZZUD.. Rank 26 Elo 1954 (-14),37,https://badmintonranks.com/tournament?id=10911,3,Malaysia_Open_2024
2024-01-11,Round 2,WS,Akane YAMAGUCHI (3) Rank 3 Elo 2531 (+2),21-9 / 21-14,Kirsty GILMOUR Rank 25 Elo 1995 (-3),30,https://badmintonranks.com/tournament?id=10911,3,Malaysia_Open_2024
2024-01-11,Round 2,WD,LI Wen M.. / LIU Xuan .. Rank 16 Elo 1945 (+35),19-21 / 22-20 / 21-14,Jongkolp.. / Rawinda .. Rank 10 Elo 2049 (-34),75,https://badmintonranks.com/tournament?id=10911,3,Malaysia_Open_2024
2024-01-11,Round 2,MD,KANG Mi.. / SEO Seu.. (6) Rank 3 Elo 2217 (+10),21-13 / 21-14,LEE Jhe-.. / YANG Po-.. Rank 17 Elo 1973 (-11),34,https://badmintonranks.com/tournament?id=10911,3,Malaysia_Open_2024
2024-01-11,Round 2,MS,LIN Chun-Yi Rank 21 Elo 2082 (+38),21-18 / 21-16,Kunlavut VITIDSARN (5) Rank 7 Elo 2271 (-38),50,https://badmintonranks.com/tournament?id=10911,3,Malaysia_Open_2024
2024-01-11,Round 2,MD,Takuro H.. / Yugo KO.. (7) Rank 7 Elo 2110 (+7),21-11 / 21-13,Alexande.. / Adam HA.. Rank 31 Elo 1776 (-8),30,https://badmintonranks.com/tournament?id=10911,3,Malaysia_Open_2024
2024-01-11,Round 2,MS,Viktor AXELSEN (1) Rank 1 Elo 2584 (+4),21-17 / 20-22 / 21-17,LEE Cheuk Yiu Rank 17 Elo 2155 (-4),74,https://badmintonranks.com/tournament?id=10911,3,Malaysia_Open_2024
2024-01-11,Round 2,WS,HE Bing Jiao (6) Rank 6 Elo 2378 (+20),16-21 / 21-19 / 21-11,WANG Zhi Yi Rank 10 Elo 2295 (-19),77,https://badmintonranks.com/tournament?id=10911,3,Malaysia_Open_2024
2024-01-11,Round 2,MS,Kodai NARAOKA (2) Rank 2 Elo 2293 (+8),22-20 / 20-22 / 21-16,Brian YANG Rank 26 Elo 2025 (-9),94,https://badmintonranks.com/tournament?id=10911,3,Malaysia_Open_2024
2024-01-11,Round 2,MD,ONG Yew.. / TEO Ee Yi Rank 12 Elo 1967 (+45),21-10 / 11-21 / 24-22,Kim AST.. / Anders S.. (4) Rank 5 Elo 2255 (-42),61,https://badmintonranks.com/tournament?id=10911,3,Malaysia_Open_2024
2024-01-11,Round 2,XD,HEE Yon.. / TAN Wei .. Rank 22 Elo 1948 (+25),21-14 / 23-21,Supak JO.. / Supissara .. Rank 20 Elo 1925 (-26),41,https://badmintonranks.com/tournament?id=10911,3,Malaysia_Open_2024
2024-01-11,Round 2,MD,Satwiksai.. / Chirag S.. (2) Rank 2 Elo 2228 (+3),21-11 / 21-18,Lucas C.. / Ronan LA.. Rank 37 Elo 1733 (-4),39,https://badmintonranks.com/tournament?id=10911,3,Malaysia_Open_2024
2024-01-11,Round 2,XD,JIANG Zh.. / WEI Ya X.. (5) Rank 5 Elo 2214 (+4),21-14 / 21-14,CHAN Pe.. / CHEAH Y.. Rank 41 Elo 1761 (-5),33,https://badmintonranks.com/tournament?id=10911,3,Malaysia_Open_2024
2024-01-11,Round 2,MS,Anders ANTONSEN Rank 9 Elo 2320 (+12),21-14 / 21-17,Koki WATANABE Rank 23 Elo 2107 (-12),54,https://badmintonranks.com/tournament?id=10911,3,Malaysia_Open_2024
2024-01-11,Round 2,MS,NG Ka Long Angus Rank 20 Elo 2059 (+25),21-13 / 21-17,KIDAMBI Srikanth Rank 24 Elo 2044 (-25),38,https://badmintonranks.com/tournament?id=10911,3,Malaysia_Open_2024
2024-01-11,Round 2,WD,LIU Shen.. / TAN Ning (8) Rank 8 Elo 2220 (+7),21-19 / 21-10,LI Yi jing / LUO Xu m.. Rank 26 Elo 1892 (-8),43,https://badmintonranks.com/tournament?id=10911,3,Malaysia_Open_2024
2024-01-11,Round 2,MD,HE Ji Ting / REN Xian.. Rank 32 Elo 2147 (+7),21-17 / 15-7 Ret.,Hendra S.. / Mohamma.. Rank 13 Elo 2063 (-8),30,https://badmintonranks.com/tournament?id=10911,3,Malaysia_Open_2024
2024-01-11,Round 2,XD,Hiroki MI.. / Natsu SAI.. Rank 13 Elo 1978 (+34),24-22 / 21-14,CHEN Ta.. / TOH Ee .. (8) Rank 9 Elo 2072 (-32),42,https://badmintonranks.com/tournament?id=10911,3,Malaysia_Open_2024
2024-01-11,Round 2,WS,AN Se Young (1) Rank 1 Elo 2661 (+0),21-13 / 21-8,Yvonne LI Rank 27 Elo 1849 (-0),35,https://badmintonranks.com/tournament?id=10911,4,Malaysia_Open_2024
2024-01-11,Round 2,WS,Gregoria Mariska TUN.. (7) Rank 7 Elo 2297 (+5),21-15 / 24-22,GOH Jin Wei Rank 31 Elo 1945 (-6),39,https://badmintonranks.com/tournament?id=10911,4,Malaysia_Open_2024
2024-01-11,Round 2,MS,LU Guang Zu Rank 19 Elo 2198 (+32),23-21 / 25-23,Anthony Sinisuka GIN.. (4) Rank 4 Elo 2301 (-33),67,https://badmintonranks.com/tournament?id=10911,4,Malaysia_Open_2024
2024-01-11,Round 2,MS,SHI Yu Qi (7) Rank 6 Elo 2359 (+8),21-13 / 21-5,Toma Junior POPOV Rank 25 Elo 2058 (-8),38,https://badmintonranks.com/tournament?id=10911,4,Malaysia_Open_2024
2024-01-11,Round 2,XD,KIM Won .. / JEONG .. (7) Rank 7 Elo 2094 (+16),11-21 / 21-17 / 21-18,Kyohei Y.. / Naru SHI.. Rank 17 Elo 1951 (-16),60,https://badmintonranks.com/tournament?id=10911,4,Malaysia_Open_2024
2024-01-11,Round 2,WS,TAI Tzu Ying (4) Rank 4 Elo 2505 (+6),21-7 / 21-11,Busanan ONGBAMRUN.. Rank 19 Elo 2139 (-6),34,https://badmintonranks.com/tournament?id=10911,4,Malaysia_Open_2024
2024-01-11,Round 2,XD,SEO Seu.. / CHAE Yu.. (3) Rank 4 Elo 2323 (+8),21-12 / 21-16,Dejan FE.. / Gloria Em.. Rank 14 Elo 2027 (-8),34,https://badmintonranks.com/tournament?id=10911,4,Malaysia_Open_2024
2024-01-11,Round 2,XD,Dechapol.. / Sapsiree .. (6) Rank 6 Elo 2160 (+10),21-15 / 21-12,GOH Soo.. / LAI Shevo.. Rank 15 Elo 1908 (-10),39,https://badmintonranks.com/tournament?id=10911,4,Malaysia_Open_2024
2024-01-11,Round 2,XD,Yuta WAT.. / Arisa IGA.. (2) Rank 2 Elo 2182 (+10),21-15 / 21-11,Mathias T.. / Amalie M.. Rank 23 Elo 1931 (-11),38,https://badmintonranks.com/tournament?id=10911,4,Malaysia_Open_2024
2024-01-11,Round 2,WD,CHEN Qi.. / JIA Yi Fan (1) Rank 1 Elo 2443 (+2),21-13 / 22-20,Maiken F.. / Sara THY.. Rank 20 Elo 1940 (-3),46,https://badmintonranks.com/tournament?id=10911,4,Malaysia_Open_2024
2024-01-11,Round 2,WD,Tanisha .. / Ashwini P.. Rank 24 Elo 1857 (+48),21-19 / 13-21 / 21-15,Mayu MA.. / Wakana .. (7) Rank 9 Elo 2099 (-42),62,https://badmintonranks.com/tournament?id=10911,4,Malaysia_Open_2024
2024-01-11,Round 2,WS,CHEN Yu Fei (2) Rank 2 Elo 2584 (+7),21-15 / 21-18,Ratchanok INTANON Rank 13 Elo 2248 (-6),43,https://badmintonranks.com/tournament?id=10911,4,Malaysia_Open_2024
2024-01-11,Round 2,XD,ZHENG .. / HUANG .. (1) Rank 1 Elo 2540 (+2),21-18 / 21-17,Rehan N.. / Lisa Ayu K.. Rank 18 Elo 1946 (-2),42,https://badmintonranks.com/tournament?id=10911,4,Malaysia_Open_2024
2024-01-11,Round 2,WS,YEO Jia Min Rank 22 Elo 2068 (+44),16-21 / 21-19 / 22-20,HAN Yue (8) Rank 8 Elo 2369 (-43),64,https://badmintonranks.com/tournament?id=10911,4,Malaysia_Open_2024
2024-01-11,Round 2,WD,Rin IWAN.. / Kie NAKA.. Rank 15 Elo 2038 (+38),21-16 / 21-16,KIM So Y.. / KONG H.. (3) Rank 3 Elo 2222 (-38),49,https://badmintonranks.com/tournament?id=10911,4,Malaysia_Open_2024
2024-01-10,Round 1,WD,Jongkolp.. / Rawinda .. Rank 10 Elo 2040 (+9),21-12 / 21-17,Setyana .. / Angela YU Rank 41 Elo 1777 (-12),34,https://badmintonranks.com/tournament?id=10911,4,Malaysia_Open_2024
2024-01-10,Round 1,XD,Hiroki MI.. / Natsu SAI.. Rank 13 Elo 1965 (+13),21-13 / 21-13,Vinson C.. / Jennie GA.. Rank 31 Elo 1772 (-17),35,https://badmintonranks.com/tournament?id=10911,4,Malaysia_Open_2024
2024-01-10,Round 1,MS,WENG Hong Yang Rank 18 Elo 2228 (+19),21-15 / 21-16,Lakshya SEN Rank 16 Elo 2134 (-18),49,https://badmintonranks.com/tournament?id=10911,4,Malaysia_Open_2024
2024-01-10,Round 1,WD,LI Wen M.. / LIU Xuan .. Rank 16 Elo 1933 (+12),21-15 / 21-16,Vivian H.. / LIM Chiew.. Rank 37 Elo 1705 (-17),43,https://badmintonranks.com/tournament?id=10911,4,Malaysia_Open_2024
2024-01-10,Round 1,WD,Annie XU / Kerry XU Rank 31 Elo 1729 (+54),19-21 / 21-16 / 21-16,Margot L.. / Anne TRAN Rank 22 Elo 1887 (-41),75,https://badmintonranks.com/tournament?id=10911,4,Malaysia_Open_2024
2024-01-10,Round 1,MS,LI Shi Feng (3) Rank 3 Elo 2365 (+5),23-21 / 15-21 / 21-18,LEE Chia Hao Rank 33 Elo 1996 (-6),79,https://badmintonranks.com/tournament?id=10911,5,Malaysia_Open_2024
2024-01-10,Round 1,WD,ZHANG .. / ZHENG .. (5) Rank 7 Elo 2117 (+3),21-13 / 21-13,GO Pei K.. / LOW Yeen.. Rank 103 Elo 1639 (-5),46,https://badmintonranks.com/tournament?id=10911,5,Malaysia_Open_2024
2024-01-10,Round 1,WD,Rena MI.. / Ayako SA.. Rank 14 Elo 2046 (+11),21-17 / 21-9,Rui HIRO.. / Yuna KATO Rank 29 Elo 1811 (-13),42,https://badmintonranks.com/tournament?id=10911,5,Malaysia_Open_2024
2024-01-10,Round 1,WD,Nami MA.. / Chiharu .. (4) Rank 4 Elo 2279 (+1),21-11 / 21-9,Paula Lyn.. / Lauren LAM Rank 44 Elo 1599 (-3),38,https://badmintonranks.com/tournament?id=10911,5,Malaysia_Open_2024
2024-01-10,Round 1,MD,HE Ji Ting / REN Xian.. Rank 32 Elo 2116 (+31),21-19 / 21-15,LIU Yu C.. / OU Xuan .. (8) Rank 8 Elo 2188 (-30),37,https://badmintonranks.com/tournament?id=10911,5,Malaysia_Open_2024
2024-01-10,Round 1,XD,CHAN Pe.. / CHEAH Y.. Rank 41 Elo 1727 (+34),11-21 / 26-24 / 21-8,CHANG .. / LEE Chih .. Rank 35 Elo 1686 (-37),63,https://badmintonranks.com/tournament?id=10911,5,Malaysia_Open_2024
2024-01-10,Round 1,WS,GOH Jin Wei Rank 31 Elo 1918 (+27),21-18 / 21-11,SUNG Shuo Yun Rank 30 Elo 1909 (-27),40,https://badmintonranks.com/tournament?id=10911,5,Malaysia_Open_2024
2024-01-10,Round 1,MD,Lucas C.. / Ronan LA.. Rank 37 Elo 1649 (+84),21-16 / 9-21 / 21-19,KIM Won .. / NA Sung .. Rank Elo 2020 (-47),58,https://badmintonranks.com/tournament?id=10911,5,Malaysia_Open_2024
2024-01-10,Round 1,MD,Aaron CH.. / SOH Wo.. (3) Rank 4 Elo 2130 (+14),20-22 / 21-13 / 21-13,Rasmus .. / Frederik S.. Rank 22 Elo 1959 (-15),62,https://badmintonranks.com/tournament?id=10911,5,Malaysia_Open_2024
2024-01-10,Round 1,WS,Gregoria Mariska TUN.. (7) Rank 7 Elo 2292 (+5),20-22 / 21-18 / 21-14,Natsuki NIDAIRA Rank 34 Elo 1891 (-5),74,https://badmintonranks.com/tournament?id=10911,5,Malaysia_Open_2024
2024-01-10,Round 1,XD,JIANG Zh.. / WEI Ya X.. (5) Rank 5 Elo 2212 (+2),21-18 / 21-16,CHENG .. / ZHANG C.. Rank Elo 1712 (-4),37,https://badmintonranks.com/tournament?id=10911,5,Malaysia_Open_2024
2024-01-10,Round 1,XD,CHEN Ta.. / TOH Ee .. (8) Rank 9 Elo 2049 (+23),21-17 / 21-18,Thom GI.. / Delphine .. Rank 11 Elo 2018 (-24),47,https://badmintonranks.com/tournament?id=10911,5,Malaysia_Open_2024
2024-01-10,Round 1,MD,Hendra S.. / Mohamma.. Rank 13 Elo 2039 (+24),21-18 / 21-15,Akira KO.. / Taichi SAI.. Rank 14 Elo 2018 (-25),38,https://badmintonranks.com/tournament?id=10911,5,Malaysia_Open_2024
2024-01-10,Round 1,MD,KANG Mi.. / SEO Seu.. (6) Rank 3 Elo 2210 (+7),21-14 / 21-14,Ben LANE / Sean VEN.. Rank 20 Elo 1888 (-8),38,https://badmintonranks.com/tournament?id=10911,5,Malaysia_Open_2024
2024-01-10,Round 1,MS,Anders ANTONSEN Rank 9 Elo 2295 (+25),21-14 / 21-11,PRANNOY H. S. (8) Rank 8 Elo 2293 (-25),43,https://badmintonranks.com/tournament?id=10911,5,Malaysia_Open_2024
2024-01-10,Round 1,MD,Satwiksai.. / Chirag S.. (2) Rank 2 Elo 2215 (+13),21-18 / 21-19,Muhamm.. / Bagas MA.. Rank 9 Elo 2031 (-14),44,https://badmintonranks.com/tournament?id=10911,5,Malaysia_Open_2024
2024-01-10,Round 1,MS,LIN Chun-Yi Rank 21 Elo 2073 (+9),21-17 / 21-13,Kantaphon WANGCHA.. Rank 36 Elo 1803 (-12),38,https://badmintonranks.com/tournament?id=10911,5,Malaysia_Open_2024
2024-01-10,Round 1,MD,GOH Sze.. / Nur IZZUD.. Rank 26 Elo 1942 (+12),21-17 / 22-20,Supak JO.. / Kittinupon.. Rank 33 Elo 1709 (-17),39,https://badmintonranks.com/tournament?id=10911,5,Malaysia_Open_2024
2024-01-10,Round 1,WS,WANG Zhi Yi Rank 10 Elo 2292 (+3),21-14 / 21-14,Pornpicha CHOEIKEEW.. Rank 43 Elo 1805 (-3),36,https://badmintonranks.com/tournament?id=10911,5,Malaysia_Open_2024
2024-01-10,Round 1,MS,Koki WATANABE Rank 23 Elo 2101 (+6),12-8 Ret.,NG Tze Yong Rank 15 Elo 2160 (-6),13,https://badmintonranks.com/tournament?id=10911,5,Malaysia_Open_2024
2024-01-10,Round 1,WS,Ratchanok INTANON Rank 13 Elo 2246 (+2),21-19 / 21-10,THET Htar Thuzar Rank 42 Elo 1736 (-4),36,https://badmintonranks.com/tournament?id=10911,6,Malaysia_Open_2024
2024-01-10,Round 1,MS,Kunlavut VITIDSARN (5) Rank 7 Elo 2244 (+27),21-14 / 21-23 / 21-15,Kenta NISHIMOTO Rank 12 Elo 2261 (-26),102,https://badmintonranks.com/tournament?id=10911,6,Malaysia_Open_2024
2024-01-10,Round 1,MD,LEE Jhe-.. / YANG Po-.. Rank 17 Elo 1951 (+22),20-22 / 22-20 / 21-12,CHEN Bo.. / LIU Yi Rank 27 Elo 1883 (-23),59,https://badmintonranks.com/tournament?id=10911,6,Malaysia_Open_2024
2024-01-10,Round 1,WS,HE Bing Jiao (6) Rank 6 Elo 2371 (+7),21-15 / 21-15,Mia BLICHFELDT Rank 18 Elo 2066 (-8),42,https://badmintonranks.com/tournament?id=10911,6,Malaysia_Open_2024
2024-01-10,Round 1,MS,Brian YANG Rank 26 Elo 1996 (+29),11-21 / 21-17 / 21-16,WANG Tzu Wei Rank 28 Elo 2026 (-28),63,https://badmintonranks.com/tournament?id=10911,6,Malaysia_Open_2024
2024-01-10,Round 1,WS,CHEN Yu Fei (2) Rank 2 Elo 2581 (+3),21-18 / 21-12,Aya OHORI Rank 15 Elo 2119 (-4),48,https://badmintonranks.com/tournament?id=10911,6,Malaysia_Open_2024
2024-01-10,Round 1,MS,Kodai NARAOKA (2) Rank 2 Elo 2280 (+13),21-15 / 21-7,Christo POPOV Rank 27 Elo 2079 (-12),49,https://badmintonranks.com/tournament?id=10911,6,Malaysia_Open_2024
2024-01-10,Round 1,XD,Mathias T.. / Amalie M.. Rank 23 Elo 1891 (+40),21-17 / 21-14,Rinov RI.. / Pitha Hani.. Rank 19 Elo 2038 (-37),34,https://badmintonranks.com/tournament?id=10911,6,Malaysia_Open_2024
2024-01-10,Round 1,WD,BAEK Ha.. / LEE So H.. (2) Rank 2 Elo 2352 (+1),21-14 / 21-13,Anna Chi.. / TEOH Mei.. Rank 65 Elo 1731 (-2),43,https://badmintonranks.com/tournament?id=10911,6,Malaysia_Open_2024
2024-01-10,Round 1,XD,Dejan FE.. / Gloria Em.. Rank 14 Elo 2016 (+11),21-11 / 19-21 / 21-19,Marcus E.. / Lauren S.. Rank 28 Elo 1793 (-14),70,https://badmintonranks.com/tournament?id=10911,6,Malaysia_Open_2024
2024-01-10,Round 1,XD,Yuta WAT.. / Arisa IGA.. (2) Rank 2 Elo 2155 (+27),21-13 / 21-14,TANG Ch.. / TSE Ying .. Rank 8 Elo 2178 (-27),39,https://badmintonranks.com/tournament?id=10911,6,Malaysia_Open_2024
2024-01-10,Round 1,WS,Busanan ONGBAMRUN.. Rank 19 Elo 2114 (+25),17-21 / 22-20 / 21-10,GAO Fang jie Rank 33 Elo 2100 (-24),75,https://badmintonranks.com/tournament?id=10911,6,Malaysia_Open_2024
2024-01-10,Round 1,XD,SEO Seu.. / CHAE Yu.. (3) Rank 4 Elo 2319 (+4),21-12 / 21-11,Ty Alexan.. / Josephine.. Rank 29 Elo 1882 (-5),28,https://badmintonranks.com/tournament?id=10911,6,Malaysia_Open_2024
2024-01-10,Round 1,WS,TAI Tzu Ying (4) Rank 4 Elo 2499 (+6),23-21 / 21-19,ZHANG Beiwen Rank 9 Elo 2174 (-6),40,https://badmintonranks.com/tournament?id=10911,6,Malaysia_Open_2024
2024-01-10,Round 1,WD,YEUNG .. / YEUNG P.. Rank 21 Elo 1811 (+17),21-17 / 21-16,Linda EF.. / Isabel LO.. Rank 32 Elo 1646 (-26),46,https://badmintonranks.com/tournament?id=10911,6,Malaysia_Open_2024
2024-01-09,Round 1,MS,Toma Junior POPOV Rank 25 Elo 2020 (+38),21-11 / 19-21 / 21-15,CHOU Tien Chen Rank 14 Elo 2185 (-37),78,https://badmintonranks.com/tournament?id=10911,6,Malaysia_Open_2024
2024-01-09,Round 1,WD,Mayu MA.. / Wakana .. (7) Rank 9 Elo 2095 (+4),21-12 / 21-11,Rutaparn.. / Swetaparn.. Rank 52 Elo 1644 (-6),37,https://badmintonranks.com/tournament?id=10911,6,Malaysia_Open_2024
2024-01-09,Round 1,MD,Keiichiro .. / Yoshinori .. Rank 28 Elo 1854 (+31),22-20 / 21-16,Mark LA.. / Marvin SE.. Rank 24 Elo 1874 (-31),47,https://badmintonranks.com/tournament?id=10911,6,Malaysia_Open_2024
2024-01-09,Round 1,WD,Maiken F.. / Sara THY.. Rank 20 Elo 1921 (+19),21-13 / 21-11,Catherine.. / Josephine.. Rank 28 Elo 1806 (-22),32,https://badmintonranks.com/tournament?id=10911,6,Malaysia_Open_2024
2024-01-09,Round 1,MS,Anthony Sinisuka GIN.. (4) Rank 4 Elo 2295 (+6),21-18 / 21-12,SU Li Yang Rank 35 Elo 1929 (-6),49,https://badmintonranks.com/tournament?id=10911,6,Malaysia_Open_2024
2024-01-09,Round 1,MS,LU Guang Zu Rank 19 Elo 2166 (+32),16-21 / 21-19 / 21-15,LEE Zii Jia Rank 11 Elo 2255 (-32),77,https://badmintonranks.com/tournament?id=10911,7,Malaysia_Open_2024
2024-01-09,Round 1,XD,Dechapol.. / Sapsiree .. (6) Rank 6 Elo 2150 (+10),21-15 / 21-10,Robin TA.. / Selena PI.. Rank 16 Elo 1906 (-11),33,https://badmintonranks.com/tournament?id=10911,7,Malaysia_Open_2024
2024-01-09,Round 1,WD,KIM So Y.. / KONG H.. (3) Rank 3 Elo 2217 (+5),21-11 / 21-11,LEE Chia.. / TENG Ch.. Rank 23 Elo 1830 (-6),35,https://badmintonranks.com/tournament?id=10911,7,Malaysia_Open_2024
2024-01-09,Round 1,WD,Tanisha .. / Ashwini P.. Rank 24 Elo 1840 (+17),21-13 / 21-16,Francesc.. / Allison Qu.. Rank 36 Elo 1676 (-24),38,https://badmintonranks.com/tournament?id=10911,7,Malaysia_Open_2024
2024-01-09,Round 1,MD,ONG Yew.. / TEO Ee Yi Rank 12 Elo 1948 (+19),21-14 / 21-15,LU Ching.. / YANG Po .. Rank 23 Elo 1836 (-21),41,https://badmintonranks.com/tournament?id=10911,7,Malaysia_Open_2024
2024-01-09,Round 1,WD,CHEN Qi.. / JIA Yi Fan (1) Rank 1 Elo 2441 (+2),21-14 / 21-14,LEE Yu Li.. / SHIN Seu.. Rank 25 Elo 1807 (-2),46,https://badmintonranks.com/tournament?id=10911,7,Malaysia_Open_2024
2024-01-09,Round 1,MS,SHI Yu Qi (7) Rank 6 Elo 2347 (+12),20-22 / 21-12 / 21-10,Rasmus GEMKE Rank 29 Elo 2148 (-12),75,https://badmintonranks.com/tournament?id=10911,7,Malaysia_Open_2024
2024-01-09,Round 1,WD,LIU Shen.. / TAN Ning (8) Rank 8 Elo 2205 (+15),22-20 / 21-15,Pearly TA.. / THINAAH .. Rank 12 Elo 2064 (-16),58,https://badmintonranks.com/tournament?id=10911,7,Malaysia_Open_2024
2024-01-09,Round 1,MD,Fajar ALF.. / Muhamm.. (5) Rank 6 Elo 2056 (+9),21-16 / 21-13,DONG A.. / Nyl YAKU.. Rank 34 Elo 1790 (-12),29,https://badmintonranks.com/tournament?id=10911,7,Malaysia_Open_2024
2024-01-09,Round 1,MD,LIANG W.. / WANG C.. (1) Rank 1 Elo 2217 (+8),21-12 / 21-19,MAN Wei.. / TEE Kai .. Rank 19 Elo 1920 (-9),30,https://badmintonranks.com/tournament?id=10911,7,Malaysia_Open_2024
2024-01-09,Round 1,XD,GOH Soo.. / LAI Shevo.. Rank 15 Elo 1890 (+18),21-16 / 15-21 / 21-17,Gregory .. / Jenny MAI.. Rank 37 Elo 1762 (-23),60,https://badmintonranks.com/tournament?id=10911,7,Malaysia_Open_2024
2024-01-09,Round 1,MS,Viktor AXELSEN (1) Rank 1 Elo 2579 (+5),21-13 / 21-15,LOH Kean Yew Rank 10 Elo 2167 (-4),43,https://badmintonranks.com/tournament?id=10911,7,Malaysia_Open_2024
2024-01-09,Round 1,MS,LEE Cheuk Yiu Rank 17 Elo 2141 (+14),21-13 / 18-21 / 21-19,Magnus JOHANNESEN Rank 32 Elo 1973 (-15),63,https://badmintonranks.com/tournament?id=10911,7,Malaysia_Open_2024
2024-01-09,Round 1,WD,Rin IWAN.. / Kie NAKA.. Rank 15 Elo 2032 (+6),14-8 Ret.,JEONG .. / KIM Hye J.. Rank 11 Elo 2080 (-6),13,https://badmintonranks.com/tournament?id=10911,7,Malaysia_Open_2024
2024-01-09,Round 1,MD,LEE Fan.. / LEE Fang-.. Rank 25 Elo 1889 (+19),21-16 / 21-19,M.R.ARJ.. / DHRUV K.. Rank 43 Elo 1762 (-22),44,https://badmintonranks.com/tournament?id=10911,7,Malaysia_Open_2024
2024-01-09,Round 1,WS,HAN Yue (8) Rank 8 Elo 2365 (+4),21-11 / 21-13,Putri Kusuma WARDANI Rank 32 Elo 1931 (-4),30,https://badmintonranks.com/tournament?id=10911,7,Malaysia_Open_2024
2024-01-09,Round 1,MD,Kim AST.. / Anders S.. (4) Rank 5 Elo 2246 (+9),21-16 / 21-10,Leo Rolly.. / Daniel MA.. Rank 11 Elo 1976 (-9),35,https://badmintonranks.com/tournament?id=10911,7,Malaysia_Open_2024
2024-01-09,Round 1,WD,LI Yi jing / LUO Xu m.. Rank 26 Elo 1874 (+18),21-18 / 21-16,Debora JI.. / Cheryl SEI.. Rank 33 Elo 1730 (-23),40,https://badmintonranks.com/tournament?id=10911,7,Malaysia_Open_2024
2024-01-09,Round 1,WS,Kirsty GILMOUR Rank 25 Elo 1968 (+27),21-23 / 21-14 / 21-13,Neslihan ARIN Rank 37 Elo 1963 (-26),67,https://badmintonranks.com/tournament?id=10911,7,Malaysia_Open_2024
2024-01-09,Round 1,MS,KIDAMBI Srikanth Rank 24 Elo 1997 (+47),12-21 / 21-18 / 21-16,Jonatan CHRISTIE (6) Rank 5 Elo 2338 (-45),65,https://badmintonranks.com/tournament?id=10911,7,Malaysia_Open_2024
2024-01-09,Round 1,WS,HSU Wen Chi Rank 23 Elo 1877 (+32),21-14 / 21-16,PAI Yu Po Rank 29 Elo 1911 (-30),37,https://badmintonranks.com/tournament?id=10911,8,Malaysia_Open_2024
2024-01-09,Round 1,MS,NG Ka Long Angus Rank 20 Elo 2025 (+34),21-15 / 21-9,Kanta TSUNEYAMA Rank 13 Elo 2143 (-34),38,https://badmintonranks.com/tournament?id=10911,8,Malaysia_Open_2024
2024-01-09,Round 1,MD,Takuro H.. / Yugo KO.. (7) Rank 7 Elo 2086 (+24),21-16 / 21-15,LEE Yang / WANG Ch.. Rank 10 Elo 2069 (-25),41,https://badmintonranks.com/tournament?id=10911,8,Malaysia_Open_2024
2024-01-09,Round 1,WS,Yvonne LI Rank 27 Elo 1834 (+15),22-20 / 22-20,Lianne TAN Rank 48 Elo 1646 (-24),47,https://badmintonranks.com/tournament?id=10911,8,Malaysia_Open_2024
2024-01-09,Round 1,XD,Supak JO.. / Supissara .. Rank 20 Elo 1870 (+55),22-20 / 21-19,FENG Ya.. / HUANG .. (4) Rank 3 Elo 2347 (-48),43,https://badmintonranks.com/tournament?id=10911,8,Malaysia_Open_2024
2024-01-09,Round 1,WS,YEO Jia Min Rank 22 Elo 2036 (+32),21-9 / 21-14,Michelle LI Rank 24 Elo 2112 (-31),31,https://badmintonranks.com/tournament?id=10911,8,Malaysia_Open_2024
2024-01-09,Round 1,XD,Kyohei Y.. / Naru SHI.. Rank 17 Elo 1930 (+21),21-15 / 18-21 / 21-11,Yuki KAN.. / Misaki MA.. Rank 21 Elo 1848 (-23),50,https://badmintonranks.com/tournament?id=10911,8,Malaysia_Open_2024
2024-01-09,Round 1,XD,Rehan N.. / Lisa Ayu K.. Rank 18 Elo 1923 (+23),21-15 / 12-21 / 21-17,Mark LA.. / Isabel LO.. Rank 30 Elo 1863 (-24),58,https://badmintonranks.com/tournament?id=10911,8,Malaysia_Open_2024
2024-01-09,Round 1,XD,ZHENG .. / HUANG .. (1) Rank 1 Elo 2539 (+1),21-14 / 21-17,LEE Chu.. / NG Tsz Ya.. Rank 24 Elo 1970 (-2),33,https://badmintonranks.com/tournament?id=10911,8,Malaysia_Open_2024
2024-01-09,Round 1,WS,ZHANG Yi Man Rank 17 Elo 2181 (+3),21-15 / 21-15,AAKARSHI KASHYAP Rank 40 Elo 1720 (-5),37,https://badmintonranks.com/tournament?id=10911,8,Malaysia_Open_2024
2024-01-09,Round 1,MD,Alexande.. / Adam HA.. Rank 31 Elo 1744 (+32),24-22 / 17-21 / 21-17,Christo P.. / Toma Juni.. Rank 42 Elo 1709 (-36),61,https://badmintonranks.com/tournament?id=10911,8,Malaysia_Open_2024
2024-01-09,Round 1,WS,Akane YAMAGUCHI (3) Rank 3 Elo 2527 (+4),21-15 / 22-20,Supanida KATETHONG Rank 16 Elo 2091 (-4),43,https://badmintonranks.com/tournament?id=10911,8,Malaysia_Open_2024
2024-01-09,Round 1,WS,AN Se Young (1) Rank 1 Elo 2660 (+1),21-16 / 21-10,Line Højmark KJAERSF.. Rank 20 Elo 2004 (-1),31,https://badmintonranks.com/tournament?id=10911,8,Malaysia_Open_2024
2024-01-09,Round 1,XD,KIM Won .. / JEONG .. (7) Rank 7 Elo 2081 (+13),21-11 / 21-16,TAN Kian.. / LAI Pei Jin.. Rank 25 Elo 1888 (-15),38,https://badmintonranks.com/tournament?id=10911,8,Malaysia_Open_2024
2024-01-09,Round 1,XD,HEE Yon.. / TAN Wei .. Rank 22 Elo 1907 (+41),15-21 / 21-19 / 21-12,YE Hong .. / LEE Chia .. Rank 12 Elo 2072 (-38),51,https://badmintonranks.com/tournament?id=10911,8,Malaysia_Open_2024
2023-01-15,Final,MD,Fajar ALF.. / Muhamm.. (3) Rank 1 Elo 2214 (+23),21-18 / 18-21 / 21-13,LIANG W.. / WANG Ch.. Rank 17 Elo 2161 (-23),68,https://badmintonranks.com/tournament?id=13621,1,Malaysia_Open_2023
2023-01-15,Final,MS,Viktor AXELSEN (1) Rank 1 Elo 2656 (+8),21-6 / 21-15,Kodai NARAOKA Rank 7 Elo 2345 (-7),40,https://badmintonranks.com/tournament?id=13621,1,Malaysia_Open_2023
2023-01-15,Final,WS,Akane YAMAGUCHI (1) Rank 1 Elo 2581 (+20),12-21 / 21-19 / 21-11,AN Se Young (2) Rank 4 Elo 2485 (-20),69,https://badmintonranks.com/tournament?id=13621,1,Malaysia_Open_2023
2023-01-15,Final,WD,CHEN Qi.. / JIA Yi Fan (1) Rank 1 Elo 2375 (+8),21-16 / 21-10,BAEK Ha.. / LEE Yu Lim Rank 20 Elo 2076 (-9),52,https://badmintonranks.com/tournament?id=13621,1,Malaysia_Open_2023
2023-01-15,Final,XD,ZHENG .. / HUANG .. (1) Rank 1 Elo 2507 (+14),21-19 / 21-11,Yuta WAT.. / Arisa IGA.. (3) Rank 4 Elo 2316 (-14),44,https://badmintonranks.com/tournament?id=13621,1,Malaysia_Open_2023
2023-01-14,Semi final,MD,Fajar ALF.. / Muhamm.. (3) Rank 1 Elo 2200 (+14),21-18 / 21-17,KANG Mi.. / SEO Seun.. Rank 18 Elo 2016 (-14),42,https://badmintonranks.com/tournament?id=13621,1,Malaysia_Open_2023
2023-01-14,Semi final,MS,Viktor AXELSEN (1) Rank 1 Elo 2652 (+4),21-7 / 21-15,Kanta TSUNEYAMA Rank 26 Elo 2239 (-5),46,https://badmintonranks.com/tournament?id=13621,1,Malaysia_Open_2023
2023-01-14,Semi final,MD,LIANG W.. / WANG Ch.. Rank 17 Elo 2126 (+35),21-16 / 11-21 / 21-15,Satwiksai.. / Chirag S.. (7) Rank 5 Elo 2232 (-35),64,https://badmintonranks.com/tournament?id=13621,1,Malaysia_Open_2023
2023-01-14,Semi final,WS,Akane YAMAGUCHI (1) Rank 1 Elo 2560 (+21),21-18 / 21-16,TAI Tzu Ying (3) Rank 3 Elo 2488 (-22),41,https://badmintonranks.com/tournament?id=13621,1,Malaysia_Open_2023
2023-01-14,Semi final,MS,Kodai NARAOKA Rank 7 Elo 2319 (+26),21-17 / 19-21 / 21-17,Kunlavut VITIDSARN (8) Rank 9 Elo 2316 (-27),113,https://badmintonranks.com/tournament?id=13621,1,Malaysia_Open_2023
2023-01-14,Semi final,WD,BAEK Ha.. / LEE Yu Lim Rank 20 Elo 2040 (+36),21-17 / 23-21,ZHANG .. / ZHENG .. (7) Rank 4 Elo 2151 (-35),72,https://badmintonranks.com/tournament?id=13621,1,Malaysia_Open_2023
2023-01-14,Semi final,WS,AN Se Young (2) Rank 4 Elo 2455 (+30),21-12 / 19-21 / 21-9,CHEN Yu Fei (4) Rank 2 Elo 2486 (-29),71,https://badmintonranks.com/tournament?id=13621,1,Malaysia_Open_2023
2023-01-14,Semi final,XD,ZHENG .. / HUANG .. (1) Rank 1 Elo 2505 (+2),21-16 / 21-18,Dejan FE.. / Gloria Em.. Rank 19 Elo 1990 (-3),43,https://badmintonranks.com/tournament?id=13621,1,Malaysia_Open_2023
2023-01-14,Semi final,WD,CHEN Qi.. / JIA Yi Fan (1) Rank 1 Elo 2369 (+6),21-9 / 2-0 Ret.,Apriyani .. / Siti Fadia .. Rank 11 Elo 2171 (-5),33,https://badmintonranks.com/tournament?id=13621,1,Malaysia_Open_2023
2023-01-14,Semi final,XD,Yuta WAT.. / Arisa IGA.. (3) Rank 4 Elo 2287 (+29),21-18 / 21-15,Dechapol.. / Sapsiree .. (2) Rank 3 Elo 2311 (-28),43,https://badmintonranks.com/tournament?id=13621,1,Malaysia_Open_2023
2023-01-13,Quarter final,WS,TAI Tzu Ying (3) Rank 3 Elo 2485 (+3),21-6 / 21-8,HSU Wen Chi Rank 23 Elo 1981 (-2),25,https://badmintonranks.com/tournament?id=13621,1,Malaysia_Open_2023
2023-01-13,Quarter final,MD,Fajar ALF.. / Muhamm.. (3) Rank 1 Elo 2180 (+20),14-21 / 21-16 / 21-17,ONG Yew.. / TEO Ee .. (8) Rank 7 Elo 2089 (-20),68,https://badmintonranks.com/tournament?id=13621,1,Malaysia_Open_2023
2023-01-13,Quarter final,WD,ZHANG .. / ZHENG .. (7) Rank 4 Elo 2143 (+8),21-19 / 21-19,LI Wen M.. / LIU Xuan .. Rank Elo 1841 (-9),49,https://badmintonranks.com/tournament?id=13621,1,Malaysia_Open_2023
2023-01-13,Quarter final,MD,LIANG W.. / WANG Ch.. Rank 17 Elo 2105 (+21),22-20 / 23-21,Kim AST.. / Anders S.. (6) Rank 8 Elo 2025 (-22),45,https://badmintonranks.com/tournament?id=13621,1,Malaysia_Open_2023
2023-01-13,Quarter final,MD,Satwiksai.. / Chirag S.. (7) Rank 5 Elo 2204 (+28),17-21 / 22-20 / 21-9,LIU Yu C.. / OU Xuan .. Rank 6 Elo 2229 (-28),66,https://badmintonranks.com/tournament?id=13621,1,Malaysia_Open_2023
2023-01-13,Quarter final,MS,Viktor AXELSEN (1) Rank 1 Elo 2647 (+5),21-6 / 21-12,Kenta NISHIMOTO Rank 17 Elo 2254 (-5),38,https://badmintonranks.com/tournament?id=13621,2,Malaysia_Open_2023
2023-01-13,Quarter final,WS,Akane YAMAGUCHI (1) Rank 1 Elo 2557 (+3),21-12 / 21-11,Mia BLICHFELDT Rank 31 Elo 2048 (-2),34,https://badmintonranks.com/tournament?id=13621,2,Malaysia_Open_2023
2023-01-13,Quarter final,MD,KANG Mi.. / SEO Seun.. Rank 18 Elo 1979 (+37),21-13 / 19-21 / 21-11,Hendra S.. / Mohamm.. (5) Rank 2 Elo 2101 (-36),54,https://badmintonranks.com/tournament?id=13621,2,Malaysia_Open_2023
2023-01-13,Quarter final,WD,BAEK Ha.. / LEE Yu Lim Rank 20 Elo 2027 (+13),21-10 / 21-6,JIN Yu Jia / WONG Jia.. Rank 29 Elo 1816 (-15),41,https://badmintonranks.com/tournament?id=13621,2,Malaysia_Open_2023
2023-01-13,Quarter final,XD,ZHENG .. / HUANG .. (1) Rank 1 Elo 2501 (+4),21-15 / 21-6,Thom GI.. / Delphine .. (8) Rank 5 Elo 2040 (-3),37,https://badmintonranks.com/tournament?id=13621,2,Malaysia_Open_2023
2023-01-13,Quarter final,XD,Dejan FE.. / Gloria Em.. Rank 19 Elo 1965 (+25),21-16 / 21-19,KIM Won .. / JEONG N.. Rank 23 Elo 1929 (-26),46,https://badmintonranks.com/tournament?id=13621,2,Malaysia_Open_2023
2023-01-13,Quarter final,MS,Kanta TSUNEYAMA Rank 26 Elo 2199 (+40),21-14 / 21-16,Anthony Sinisuka GIN.. (6) Rank 4 Elo 2391 (-39),50,https://badmintonranks.com/tournament?id=13621,2,Malaysia_Open_2023
2023-01-13,Quarter final,MS,Kodai NARAOKA Rank 7 Elo 2296 (+23),21-16 / 19-21 / 21-10,PRANNOY H. S. Rank 8 Elo 2251 (-23),84,https://badmintonranks.com/tournament?id=13621,2,Malaysia_Open_2023
2023-01-13,Quarter final,XD,Dechapol.. / Sapsiree .. (2) Rank 3 Elo 2307 (+4),21-19 / 21-9,CHEN Ta.. / TOH Ee W.. Rank 147 Elo 1876 (-4),36,https://badmintonranks.com/tournament?id=13621,2,Malaysia_Open_2023
2023-01-13,Quarter final,WD,Apriyani .. / Siti Fadia .. Rank 11 Elo 2145 (+26),22-20 / 21-15,KIM So Y.. / KONG H.. (3) Rank 7 Elo 2131 (-25),62,https://badmintonranks.com/tournament?id=13621,2,Malaysia_Open_2023
2023-01-13,Quarter final,MS,Kunlavut VITIDSARN (8) Rank 9 Elo 2290 (+26),21-11 / 20-22 / 21-14,LOH Kean Yew (3) Rank 6 Elo 2287 (-26),80,https://badmintonranks.com/tournament?id=13621,2,Malaysia_Open_2023
2023-01-13,Quarter final,WS,CHEN Yu Fei (4) Rank 2 Elo 2467 (+19),21-18 / 21-19,Carolina MARIN Rank 9 Elo 2367 (-19),57,https://badmintonranks.com/tournament?id=13621,2,Malaysia_Open_2023
2023-01-13,Quarter final,XD,Yuta WAT.. / Arisa IGA.. (3) Rank 4 Elo 2271 (+16),21-17 / 21-17,SEO Seu.. / CHAE Yu.. (7) Rank 17 Elo 2124 (-16),42,https://badmintonranks.com/tournament?id=13621,2,Malaysia_Open_2023
2023-01-13,Quarter final,WD,CHEN Qi.. / JIA Yi Fan (1) Rank 1 Elo 2365 (+4),21-17 / 21-17,Gabriela .. / Stefani ST.. Rank 14 Elo 1945 (-5),50,https://badmintonranks.com/tournament?id=13621,2,Malaysia_Open_2023
2023-01-13,Quarter final,WS,AN Se Young (2) Rank 4 Elo 2442 (+13),21-17 / 16-21 / 21-19,WANG Zhi Yi (8) Rank 8 Elo 2257 (-14),77,https://badmintonranks.com/tournament?id=13621,2,Malaysia_Open_2023
2023-01-12,Round 2,MD,Kim AST.. / Anders S.. (6) Rank 8 Elo 1992 (+33),21-13 / 21-9,Leo Rolly.. / Daniel MA.. Rank 14 Elo 2066 (-32),37,https://badmintonranks.com/tournament?id=13621,2,Malaysia_Open_2023
2023-01-12,Round 2,MD,LIANG W.. / WANG Ch.. Rank 17 Elo 2073 (+32),20-22 / 21-12 / 21-19,Marcus G.. / Kevin SU.. (2) Rank 23 Elo 2152 (-31),56,https://badmintonranks.com/tournament?id=13621,2,Malaysia_Open_2023
2023-01-12,Round 2,WD,JIN Yu Jia / WONG Jia.. Rank 29 Elo 1777 (+39),21-18 / 25-23,Supissar.. / Puttita SU.. Rank 30 Elo 1838 (-36),53,https://badmintonranks.com/tournament?id=13621,2,Malaysia_Open_2023
2023-01-12,Round 2,MD,LIU Yu C.. / OU Xuan .. Rank 6 Elo 2212 (+17),21-10 / 23-21,Aaron CH.. / SOH Wo.. (4) Rank 3 Elo 2093 (-17),41,https://badmintonranks.com/tournament?id=13621,2,Malaysia_Open_2023
2023-01-12,Round 2,MD,Hendra S.. / Mohamm.. (5) Rank 2 Elo 2078 (+23),21-19 / 21-17,Pramudy.. / Yeremia E.. Rank 24 Elo 2032 (-23),29,https://badmintonranks.com/tournament?id=13621,2,Malaysia_Open_2023
2023-01-12,Round 2,MD,Satwiksai.. / Chirag S.. (7) Rank 5 Elo 2195 (+9),21-19 / 22-20,Muhamm.. / Bagas MA.. Rank 11 Elo 1923 (-9),49,https://badmintonranks.com/tournament?id=13621,3,Malaysia_Open_2023
2023-01-12,Round 2,XD,Dechapol.. / Sapsiree .. (2) Rank 3 Elo 2302 (+5),21-12 / 21-13,HEE Yon.. / TAN Wei .. Rank 13 Elo 1929 (-6),31,https://badmintonranks.com/tournament?id=13621,3,Malaysia_Open_2023
2023-01-12,Round 2,XD,ZHENG .. / HUANG .. (1) Rank 1 Elo 2499 (+2),21-16 / 21-10,GOH Soo.. / LAI Shevo.. Rank 7 Elo 1975 (-3),30,https://badmintonranks.com/tournament?id=13621,3,Malaysia_Open_2023
2023-01-12,Round 2,WD,KIM So Y.. / KONG H.. (3) Rank 7 Elo 2112 (+19),21-17 / 23-21,Benyapa .. / Nuntakarn.. Rank 9 Elo 2026 (-19),48,https://badmintonranks.com/tournament?id=13621,3,Malaysia_Open_2023
2023-01-12,Round 2,XD,CHEN Ta.. / TOH Ee W.. Rank 147 Elo 1833 (+43),21-19 / 21-16,Rehan N.. / Lisa Ayu K.. Rank 12 Elo 1989 (-37),46,https://badmintonranks.com/tournament?id=13621,3,Malaysia_Open_2023
2023-01-12,Round 2,MD,KANG Mi.. / SEO Seun.. Rank 18 Elo 1944 (+35),21-18 / 21-17,LEE Yang / WANG Ch.. Rank 12 Elo 2047 (-34),47,https://badmintonranks.com/tournament?id=13621,3,Malaysia_Open_2023
2023-01-12,Round 2,MS,Kodai NARAOKA Rank 7 Elo 2281 (+15),15-21 / 21-19 / 21-15,NG Tze Yong Rank 25 Elo 2122 (-15),92,https://badmintonranks.com/tournament?id=13621,3,Malaysia_Open_2023
2023-01-12,Round 2,MS,Viktor AXELSEN (1) Rank 1 Elo 2647 (+0),W.O.,LIEW Daren Rank 31 Elo 1977 (-0),0,https://badmintonranks.com/tournament?id=13621,3,Malaysia_Open_2023
2023-01-12,Round 2,WS,Mia BLICHFELDT Rank 31 Elo 2025 (+23),21-17 / 19-21 / 21-14,Aya OHORI Rank 36 Elo 1985 (-24),67,https://badmintonranks.com/tournament?id=13621,3,Malaysia_Open_2023
2023-01-12,Round 2,WS,CHEN Yu Fei (4) Rank 2 Elo 2460 (+7),21-13 / 10-21 / 21-13,Michelle LI Rank 14 Elo 2123 (-7),56,https://badmintonranks.com/tournament?id=13621,3,Malaysia_Open_2023
2023-01-12,Round 2,WD,Apriyani .. / Siti Fadia .. Rank 11 Elo 2125 (+20),21-16 / 13-21 / 21-15,JEONG .. / KIM Hye .. (5) Rank 3 Elo 2050 (-20),79,https://badmintonranks.com/tournament?id=13621,3,Malaysia_Open_2023
2023-01-12,Round 2,WD,BAEK Ha.. / LEE Yu Lim Rank 20 Elo 2023 (+4),21-2 / 21-6,Srivedya .. / Ishika JAI.. Rank 38 Elo 1608 (-9),27,https://badmintonranks.com/tournament?id=13621,3,Malaysia_Open_2023
2023-01-12,Round 2,XD,Thom GI.. / Delphine .. (8) Rank 5 Elo 2033 (+7),21-18 / 13-21 / 21-12,HOO Pan.. / TEOH Mei.. Rank 157 Elo 1703 (-11),62,https://badmintonranks.com/tournament?id=13621,3,Malaysia_Open_2023
2023-01-12,Round 2,WS,HSU Wen Chi Rank 23 Elo 1935 (+46),21-18 / 16-21 / 21-18,Gregoria Mariska TUNJ.. Rank 15 Elo 2230 (-42),71,https://badmintonranks.com/tournament?id=13621,3,Malaysia_Open_2023
2023-01-12,Round 2,MS,Kanta TSUNEYAMA Rank 26 Elo 2168 (+31),23-21 / 21-19,CHOU Tien Chen (4) Rank 5 Elo 2239 (-30),59,https://badmintonranks.com/tournament?id=13621,3,Malaysia_Open_2023
2023-01-12,Round 2,MS,PRANNOY H. S. Rank 8 Elo 2237 (+14),21-9 / 15-21 / 21-16,Chico Aura DWI WARD.. Rank 19 Elo 2084 (-15),64,https://badmintonranks.com/tournament?id=13621,3,Malaysia_Open_2023
2023-01-12,Round 2,MS,Anthony Sinisuka GIN.. (6) Rank 4 Elo 2377 (+14),21-14 / 17-21 / 21-17,Anders ANTONSEN Rank 30 Elo 2208 (-14),72,https://badmintonranks.com/tournament?id=13621,3,Malaysia_Open_2023
2023-01-12,Round 2,MS,Kunlavut VITIDSARN (8) Rank 9 Elo 2284 (+6),21-14 / 21-17,Kantaphon WANGCHA.. Rank 32 Elo 1945 (-7),57,https://badmintonranks.com/tournament?id=13621,3,Malaysia_Open_2023
2023-01-12,Round 2,WS,Akane YAMAGUCHI (1) Rank 1 Elo 2553 (+4),21-15 / 21-15,Busanan ONGBAMRUN.. Rank 10 Elo 2157 (-5),41,https://badmintonranks.com/tournament?id=13621,3,Malaysia_Open_2023
2023-01-12,Round 2,MD,Fajar ALF.. / Muhamm.. (3) Rank 1 Elo 2170 (+10),8-21 / 21-19 / 21-16,Mark LA.. / Marvin SE.. Rank 16 Elo 1935 (-11),70,https://badmintonranks.com/tournament?id=13621,3,Malaysia_Open_2023
2023-01-12,Round 2,XD,SEO Seu.. / CHAE Yu.. (7) Rank 17 Elo 2116 (+8),21-13 / 21-15,YE Hong .. / LEE Chia .. Rank 27 Elo 1798 (-9),29,https://badmintonranks.com/tournament?id=13621,4,Malaysia_Open_2023
2023-01-12,Round 2,MD,ONG Yew.. / TEO Ee .. (8) Rank 7 Elo 2064 (+25),17-21 / 21-13 / 21-14,LU Ching.. / YANG Po .. Rank 15 Elo 2050 (-25),85,https://badmintonranks.com/tournament?id=13621,4,Malaysia_Open_2023
2023-01-12,Round 2,MS,Kenta NISHIMOTO Rank 17 Elo 2227 (+27),21-15 / 21-17,Jonatan CHRISTIE (5) Rank 3 Elo 2249 (-27),52,https://badmintonranks.com/tournament?id=13621,4,Malaysia_Open_2023
2023-01-12,Round 2,WS,WANG Zhi Yi (8) Rank 8 Elo 2249 (+8),21-13 / 21-10,PAI Yu Po Rank 37 Elo 1966 (-9),37,https://badmintonranks.com/tournament?id=13621,4,Malaysia_Open_2023
2023-01-12,Round 2,WS,TAI Tzu Ying (3) Rank 3 Elo 2475 (+10),21-10 / 21-13,HAN Yue Rank 11 Elo 2233 (-10),32,https://badmintonranks.com/tournament?id=13621,4,Malaysia_Open_2023
2023-01-12,Round 2,WS,Carolina MARIN Rank 9 Elo 2352 (+15),21-14 / 21-17,Pornpawee CHOCHUW.. Rank 12 Elo 2209 (-16),50,https://badmintonranks.com/tournament?id=13621,4,Malaysia_Open_2023
2023-01-12,Round 2,XD,Yuta WAT.. / Arisa IGA.. (3) Rank 4 Elo 2264 (+7),21-17 / 21-13,Yuki KAN.. / Misaki MA.. Rank 15 Elo 1949 (-8),46,https://badmintonranks.com/tournament?id=13621,4,Malaysia_Open_2023
2023-01-12,Round 2,WD,LI Wen M.. / LIU Xuan .. Rank Elo 1807 (+34),21-12 / 17-21 / 21-14,DU Yue / XIA Yu Tin.. Rank Elo 1831 (-32),89,https://badmintonranks.com/tournament?id=13621,4,Malaysia_Open_2023
2023-01-12,Round 2,WD,CHEN Qi.. / JIA Yi Fan (1) Rank 1 Elo 2363 (+2),21-7 / 21-9,Febriana .. / Amallia C.. Rank 19 Elo 1819 (-2),31,https://badmintonranks.com/tournament?id=13621,4,Malaysia_Open_2023
2023-01-12,Round 2,MS,LOH Kean Yew (3) Rank 6 Elo 2270 (+17),21-15 / 21-8,ZHAO Jun Peng Rank 12 Elo 2160 (-18),39,https://badmintonranks.com/tournament?id=13621,4,Malaysia_Open_2023
2023-01-12,Round 2,WD,Gabriela .. / Stefani ST.. Rank 14 Elo 1923 (+22),21-13 / 15-21 / 21-17,Treesa J.. / GAYATRI .. Rank 16 Elo 1853 (-24),69,https://badmintonranks.com/tournament?id=13621,4,Malaysia_Open_2023
2023-01-12,Round 2,WD,ZHANG .. / ZHENG .. (7) Rank 4 Elo 2141 (+2),21-10 / 21-7,GO Pei K.. / TEOH Mei.. Rank 193 Elo 1640 (-5),33,https://badmintonranks.com/tournament?id=13621,4,Malaysia_Open_2023
2023-01-12,Round 2,XD,KIM Won .. / JEONG N.. Rank 23 Elo 1880 (+49),12-21 / 22-20 / 23-21,WANG Yi.. / HUANG .. (4) Rank 2 Elo 2201 (-44),74,https://badmintonranks.com/tournament?id=13621,4,Malaysia_Open_2023
2023-01-12,Round 2,XD,Dejan FE.. / Gloria Em.. Rank 19 Elo 1928 (+37),21-17 / 21-16,TANG Ch.. / TSE Ying.. (5) Rank 26 Elo 2038 (-34),40,https://badmintonranks.com/tournament?id=13621,4,Malaysia_Open_2023
2023-01-12,Round 2,WS,AN Se Young (2) Rank 4 Elo 2439 (+3),21-10 / 21-12,GOH Jin Wei Rank 33 Elo 1979 (-4),33,https://badmintonranks.com/tournament?id=13621,4,Malaysia_Open_2023
2023-01-11,Round 1,MS,Kodai NARAOKA Rank 7 Elo 2255 (+26),13-21 / 21-17 / 21-19,LEE Zii Jia (2) Rank 2 Elo 2276 (-27),73,https://badmintonranks.com/tournament?id=13621,4,Malaysia_Open_2023
2023-01-11,Round 1,MD,Marcus G.. / Kevin SU.. (2) Rank 23 Elo 2145 (+7),21-18 / 23-21,MAN Wei.. / TEE Kai .. Rank 19 Elo 1836 (-9),33,https://badmintonranks.com/tournament?id=13621,4,Malaysia_Open_2023
2023-01-11,Round 1,MD,LIANG W.. / WANG Ch.. Rank 17 Elo 2057 (+16),16-21 / 21-11 / 21-17,GOH Sze.. / Nur IZZUD.. Rank 10 Elo 1918 (-17),54,https://badmintonranks.com/tournament?id=13621,4,Malaysia_Open_2023
2023-01-11,Round 1,MD,Leo Rolly.. / Daniel MA.. Rank 14 Elo 2053 (+13),21-14 / 21-18,Akira KO.. / Taichi SAI.. Rank 26 Elo 1865 (-15),35,https://badmintonranks.com/tournament?id=13621,4,Malaysia_Open_2023
2023-01-11,Round 1,MS,NG Tze Yong Rank 25 Elo 2111 (+11),21-4 / 21-10,Nhat NGUYEN Rank 28 Elo 1873 (-12),35,https://badmintonranks.com/tournament?id=13621,4,Malaysia_Open_2023
2023-01-11,Round 1,WS,WANG Zhi Yi (8) Rank 8 Elo 2237 (+12),21-16 / 21-10,ZHANG Yi Man Rank 18 Elo 2034 (-13),38,https://badmintonranks.com/tournament?id=13621,5,Malaysia_Open_2023
2023-01-11,Round 1,MD,Aaron CH.. / SOH Wo.. (4) Rank 3 Elo 2078 (+15),16-21 / 21-15 / 21-16,LEE Jhe-.. / YANG Po-.. Rank 38 Elo 1923 (-17),56,https://badmintonranks.com/tournament?id=13621,5,Malaysia_Open_2023
2023-01-11,Round 1,MD,Kim AST.. / Anders S.. (6) Rank 8 Elo 1984 (+8),21-13 / 21-10,Keiichiro .. / Yoshinori .. Rank 31 Elo 1703 (-14),34,https://badmintonranks.com/tournament?id=13621,5,Malaysia_Open_2023
2023-01-11,Round 1,WD,JIN Yu Jia / WONG Jia.. Rank 29 Elo 1744 (+33),20-22 / 21-14 / 21-19,Julie MA.. / Ciara TOR.. Rank 31 Elo 1709 (-35),57,https://badmintonranks.com/tournament?id=13621,5,Malaysia_Open_2023
2023-01-11,Round 1,WS,PAI Yu Po Rank 37 Elo 1931 (+35),21-18 / 24-22,ZHANG Beiwen Rank 24 Elo 2026 (-33),39,https://badmintonranks.com/tournament?id=13621,5,Malaysia_Open_2023
2023-01-11,Round 1,MD,LIU Yu C.. / OU Xuan .. Rank 6 Elo 2201 (+11),21-19 / 24-22,Ben LANE / Sean VEN.. Rank 13 Elo 1991 (-12),38,https://badmintonranks.com/tournament?id=13621,5,Malaysia_Open_2023
2023-01-11,Round 1,WD,Supissar.. / Puttita SU.. Rank 30 Elo 1818 (+20),21-10 / 21-12,Ashwini B.. / Shikha GA.. Rank 36 Elo 1687 (-26),28,https://badmintonranks.com/tournament?id=13621,5,Malaysia_Open_2023
2023-01-11,Round 1,WS,Carolina MARIN Rank 9 Elo 2323 (+29),21-12 / 10-21 / 21-15,PUSARLA V. Sindhu (6) Rank 7 Elo 2377 (-29),59,https://badmintonranks.com/tournament?id=13621,5,Malaysia_Open_2023
2023-01-11,Round 1,MD,Muhamm.. / Bagas MA.. Rank 11 Elo 1908 (+15),16-21 / 21-16 / 21-19,Supak JO.. / Kittinupon.. Rank 35 Elo 1742 (-20),56,https://badmintonranks.com/tournament?id=13621,5,Malaysia_Open_2023
2023-01-11,Round 1,WS,Pornpawee CHOCHUW.. Rank 12 Elo 2199 (+10),21-15 / 21-16,YEO Jia Min Rank 34 Elo 1948 (-10),39,https://badmintonranks.com/tournament?id=13621,5,Malaysia_Open_2023
2023-01-11,Round 1,WD,LI Wen M.. / LIU Xuan .. Rank Elo 1776 (+31),21-7 / 21-11,NG Tsz Y.. / TSANG Hi.. Rank 55 Elo 1744 (-32),27,https://badmintonranks.com/tournament?id=13621,5,Malaysia_Open_2023
2023-01-11,Round 1,MS,Chico Aura DWI WARD.. Rank 19 Elo 2064 (+20),21-11 / 16-21 / 25-23,Hans-Kristian Solberg VI.. Rank 39 Elo 1982 (-21),65,https://badmintonranks.com/tournament?id=13621,5,Malaysia_Open_2023
2023-01-11,Round 1,XD,Rehan N.. / Lisa Ayu K.. Rank 12 Elo 1978 (+11),18-21 / 21-15 / 21-7,CHAN Pe.. / GOH Liu .. Rank Elo 1752 (-15),58,https://badmintonranks.com/tournament?id=13621,5,Malaysia_Open_2023
2023-01-11,Round 1,XD,CHEN Ta.. / TOH Ee W.. Rank 147 Elo 1781 (+52),21-15 / 21-10,TAN Kian.. / LAI Pei Ji.. (6) Rank 6 Elo 2002 (-41),31,https://badmintonranks.com/tournament?id=13621,5,Malaysia_Open_2023
2023-01-11,Round 1,MD,Satwiksai.. / Chirag S.. (7) Rank 5 Elo 2181 (+14),21-16 / 21-13,CHOI Sol.. / KIM Won .. Rank 9 Elo 2014 (-14),44,https://badmintonranks.com/tournament?id=13621,5,Malaysia_Open_2023
2023-01-11,Round 1,MS,LOH Kean Yew (3) Rank 6 Elo 2257 (+13),21-19 / 23-21,LI Shi Feng Rank 20 Elo 2068 (-13),51,https://badmintonranks.com/tournament?id=13621,5,Malaysia_Open_2023
2023-01-11,Round 1,MS,PRANNOY H. S. Rank 8 Elo 2212 (+25),22-24 / 21-12 / 21-18,Lakshya SEN (7) Rank 10 Elo 2195 (-24),61,https://badmintonranks.com/tournament?id=13621,5,Malaysia_Open_2023
2023-01-11,Round 1,WD,Srivedya .. / Ishika JAI.. Rank 38 Elo 1543 (+65),21-17 / 18-21 / 21-16,Clara AZ.. / Beatriz C.. Rank 43 Elo 1536 (-67),51,https://badmintonranks.com/tournament?id=13621,5,Malaysia_Open_2023
2023-01-11,Round 1,WS,Michelle LI Rank 14 Elo 2113 (+10),21-13 / 21-15,Line CHRISTOPHERSEN Rank 29 Elo 1862 (-11),32,https://badmintonranks.com/tournament?id=13621,5,Malaysia_Open_2023
2023-01-11,Round 1,WD,GO Pei K.. / TEOH Mei.. Rank 193 Elo 1558 (+82),21-13 / 21-13,Vivian H.. / LIM Chiew.. Rank 15 Elo 1668 (-57),35,https://badmintonranks.com/tournament?id=13621,5,Malaysia_Open_2023
2023-01-11,Round 1,WD,DU Yue / XIA Yu Tin.. Rank Elo 1776 (+55),21-19 / 22-20,LEE So H.. / SHIN Se.. (4) Rank 10 Elo 2036 (-43),55,https://badmintonranks.com/tournament?id=13621,6,Malaysia_Open_2023
2023-01-11,Round 1,MS,Kantaphon WANGCHA.. Rank 32 Elo 1910 (+35),21-16 / 17-21 / 21-13,Brian YANG Rank 22 Elo 1988 (-33),59,https://badmintonranks.com/tournament?id=13621,6,Malaysia_Open_2023
2023-01-11,Round 1,WD,BAEK Ha.. / LEE Yu Lim Rank 20 Elo 1992 (+31),21-15 / 17-21 / 21-16,Jongkolp.. / Rawinda .. (6) Rank 5 Elo 2049 (-30),57,https://badmintonranks.com/tournament?id=13621,6,Malaysia_Open_2023
2023-01-11,Round 1,MS,ZHAO Jun Peng Rank 12 Elo 2130 (+30),21-17 / 21-16,LU Guang Zu Rank 11 Elo 2186 (-29),46,https://badmintonranks.com/tournament?id=13621,6,Malaysia_Open_2023
2023-01-11,Round 1,XD,HEE Yon.. / TAN Wei .. Rank 13 Elo 1917 (+12),21-16 / 21-10,Jones Ra.. / Linda EFL.. Rank 24 Elo 1681 (-18),30,https://badmintonranks.com/tournament?id=13621,6,Malaysia_Open_2023
2023-01-11,Round 1,WS,AN Se Young (2) Rank 4 Elo 2438 (+1),21-9 / 21-13,Malvika BANSOD Rank 28 Elo 1749 (-1),31,https://badmintonranks.com/tournament?id=13621,6,Malaysia_Open_2023
2023-01-11,Round 1,XD,Yuta WAT.. / Arisa IGA.. (3) Rank 4 Elo 2261 (+3),21-9 / 21-16,Gregory .. / Jenny MAI.. Rank 29 Elo 1787 (-4),26,https://badmintonranks.com/tournament?id=13621,6,Malaysia_Open_2023
2023-01-11,Round 1,XD,Yuki KAN.. / Misaki MA.. Rank 15 Elo 1932 (+17),21-17 / 21-18,Zacharia.. / Hediana J.. Rank 32 Elo 1778 (-20),35,https://badmintonranks.com/tournament?id=13621,6,Malaysia_Open_2023
2023-01-11,Round 1,MS,Kunlavut VITIDSARN (8) Rank 9 Elo 2268 (+16),21-23 / 21-19 / 24-22,Shesar Hiren RHUSTAV.. Rank 24 Elo 2128 (-16),76,https://badmintonranks.com/tournament?id=13621,6,Malaysia_Open_2023
2023-01-11,Round 1,XD,Dechapol.. / Sapsiree .. (2) Rank 3 Elo 2296 (+6),21-14 / 21-14,Supak JO.. / Supissara .. Rank 10 Elo 1935 (-6),32,https://badmintonranks.com/tournament?id=13621,6,Malaysia_Open_2023
2023-01-11,Round 1,WD,ZHANG .. / ZHENG .. (7) Rank 4 Elo 2119 (+22),21-15 / 19-21 / 21-16,Yuki FUK.. / Sayaka HI.. Rank 12 Elo 2069 (-23),70,https://badmintonranks.com/tournament?id=13621,6,Malaysia_Open_2023
2023-01-11,Round 1,WS,GOH Jin Wei Rank 33 Elo 1957 (+22),21-11 / 21-18,Yvonne LI Rank 26 Elo 1884 (-22),39,https://badmintonranks.com/tournament?id=13621,6,Malaysia_Open_2023
2023-01-11,Round 1,XD,YE Hong .. / LEE Chia .. Rank 27 Elo 1772 (+26),21-19 / 23-21,LEE Jhe-.. / HSU Ya C.. Rank 50 Elo 1692 (-32),25,https://badmintonranks.com/tournament?id=13621,6,Malaysia_Open_2023
2023-01-11,Round 1,WS,CHEN Yu Fei (4) Rank 2 Elo 2450 (+10),21-9 / 21-17,Nozomi OKUHARA Rank 13 Elo 2210 (-10),34,https://badmintonranks.com/tournament?id=13621,6,Malaysia_Open_2023
2023-01-11,Round 1,XD,SEO Seu.. / CHAE Yu.. (7) Rank 17 Elo 2108 (+8),21-17 / 26-24,LEE Chu.. / NG Tsz Ya.. Rank 22 Elo 1828 (-11),38,https://badmintonranks.com/tournament?id=13621,6,Malaysia_Open_2023
2023-01-10,Round 1,MD,LEE Yang / WANG Ch.. Rank 12 Elo 2017 (+30),21-13 / 21-15,Takuro H.. / Yugo KO.. (1) Rank 4 Elo 2061 (-30),32,https://badmintonranks.com/tournament?id=13621,6,Malaysia_Open_2023
2023-01-10,Round 1,MD,Fajar ALF.. / Muhamm.. (3) Rank 1 Elo 2168 (+2),19-21 / 21-16 / 21-15,Christo P.. / Toma Juni.. Rank 33 Elo 1622 (-4),58,https://badmintonranks.com/tournament?id=13621,6,Malaysia_Open_2023
2023-01-10,Round 1,MD,Hendra S.. / Mohamm.. (5) Rank 2 Elo 2061 (+17),19-21 / 21-8 / 21-13,HE Ji Ting / ZHOU Ha.. Rank 20 Elo 1941 (-18),40,https://badmintonranks.com/tournament?id=13621,6,Malaysia_Open_2023
2023-01-10,Round 1,MS,Viktor AXELSEN (1) Rank 1 Elo 2643 (+4),17-21 / 21-14 / 21-12,Rasmus GEMKE Rank 21 Elo 2208 (-4),65,https://badmintonranks.com/tournament?id=13621,6,Malaysia_Open_2023
2023-01-10,Round 1,MS,CHOU Tien Chen (4) Rank 5 Elo 2206 (+33),21-23 / 24-22 / 21-18,SHI Yu Qi Rank 34 Elo 2309 (-32),79,https://badmintonranks.com/tournament?id=13621,6,Malaysia_Open_2023
2023-01-10,Round 1,WD,JEONG .. / KIM Hye .. (5) Rank 3 Elo 2040 (+10),21-16 / 21-11,Chloe CO.. / Lauren S.. Rank 95 Elo 1794 (-13),36,https://badmintonranks.com/tournament?id=13621,7,Malaysia_Open_2023
2023-01-10,Round 1,WD,Benyapa .. / Nuntakarn.. Rank 9 Elo 2022 (+4),21-16 / 21-15,Linda EF.. / Isabel LO.. Rank 26 Elo 1626 (-10),30,https://badmintonranks.com/tournament?id=13621,7,Malaysia_Open_2023
2023-01-10,Round 1,MS,Kanta TSUNEYAMA Rank 26 Elo 2144 (+24),3-21 / 21-5 / 23-21,LEE Cheuk Yiu Rank 14 Elo 2128 (-25),52,https://badmintonranks.com/tournament?id=13621,7,Malaysia_Open_2023
2023-01-10,Round 1,WS,Mia BLICHFELDT Rank 31 Elo 1995 (+30),21-19 / 21-7,KIM Ga Eun Rank 20 Elo 2047 (-30),35,https://badmintonranks.com/tournament?id=13621,7,Malaysia_Open_2023
2023-01-10,Round 1,MD,Mark LA.. / Marvin SE.. Rank 16 Elo 1921 (+14),21-19 / 21-7,Ruben JI.. / Ties VAN .. Rank 28 Elo 1735 (-19),32,https://badmintonranks.com/tournament?id=13621,7,Malaysia_Open_2023
2023-01-10,Round 1,MD,LU Ching.. / YANG Po .. Rank 15 Elo 2037 (+13),21-14 / 21-11,Alexande.. / Adam HA.. Rank 25 Elo 1839 (-15),29,https://badmintonranks.com/tournament?id=13621,7,Malaysia_Open_2023
2023-01-10,Round 1,XD,GOH Soo.. / LAI Shevo.. Rank 7 Elo 1963 (+12),21-15 / 21-13,CHANG .. / LEE Chih .. Rank 54 Elo 1746 (-16),27,https://badmintonranks.com/tournament?id=13621,7,Malaysia_Open_2023
2023-01-10,Round 1,XD,Thom GI.. / Delphine .. (8) Rank 5 Elo 2010 (+23),21-18 / 21-18,Rinov RI.. / Pitha Hani.. Rank 9 Elo 1969 (-23),45,https://badmintonranks.com/tournament?id=13621,7,Malaysia_Open_2023
2023-01-10,Round 1,MD,ONG Yew.. / TEO Ee .. (8) Rank 7 Elo 2054 (+10),21-13 / 20-22 / 21-15,REN Xian.. / TAN Qiang Rank 27 Elo 1801 (-13),63,https://badmintonranks.com/tournament?id=13621,7,Malaysia_Open_2023
2023-01-10,Round 1,MD,Pramudy.. / Yeremia E.. Rank 24 Elo 2010 (+22),21-12 / 21-17,KO Sung .. / SHIN Bae.. Rank Elo 1949 (-23),28,https://badmintonranks.com/tournament?id=13621,7,Malaysia_Open_2023
2023-01-10,Round 1,WD,Treesa J.. / GAYATRI .. Rank 16 Elo 1832 (+21),21-19 / 21-14,YEUNG .. / YEUNG P.. Rank 28 Elo 1720 (-27),34,https://badmintonranks.com/tournament?id=13621,7,Malaysia_Open_2023
2023-01-10,Round 1,MS,Anders ANTONSEN Rank 30 Elo 2195 (+13),8-21 / 22-20 / 21-19,WENG Hong Yang Rank 27 Elo 2009 (-14),75,https://badmintonranks.com/tournament?id=13621,7,Malaysia_Open_2023
2023-01-10,Round 1,WD,Apriyani .. / Siti Fadia .. Rank 11 Elo 2117 (+8),21-16 / 21-15,LEE Chia.. / TENG Ch.. Rank 32 Elo 1835 (-10),33,https://badmintonranks.com/tournament?id=13621,7,Malaysia_Open_2023
2023-01-10,Round 1,WD,Gabriela .. / Stefani ST.. Rank 14 Elo 1876 (+47),21-19 / 21-14,Pearly TA.. / THINAAH.. (8) Rank 6 Elo 2119 (-41),31,https://badmintonranks.com/tournament?id=13621,7,Malaysia_Open_2023
2023-01-10,Round 1,MD,KANG Mi.. / SEO Seun.. Rank 18 Elo 1935 (+9),21-10 / 21-18,Krishna P.. / Vishnuvar.. Rank 32 Elo 1649 (-16),34,https://badmintonranks.com/tournament?id=13621,7,Malaysia_Open_2023
2023-01-10,Round 1,WD,KIM So Y.. / KONG H.. (3) Rank 7 Elo 2103 (+9),21-15 / 16-21 / 21-15,Rin IWAN.. / Kie NAKA.. Rank 22 Elo 1834 (-10),59,https://badmintonranks.com/tournament?id=13621,7,Malaysia_Open_2023
2023-01-10,Round 1,XD,HOO Pan.. / TEOH Mei.. Rank 157 Elo 1617 (+86),21-11 / 15-21 / 21-19,Kyohei Y.. / Naru SHI.. Rank 16 Elo 1881 (-47),54,https://badmintonranks.com/tournament?id=13621,7,Malaysia_Open_2023
2023-01-10,Round 1,MS,Anthony Sinisuka GIN.. (6) Rank 4 Elo 2368 (+9),17-21 / 21-18 / 21-12,NG Ka Long Angus Rank 15 Elo 2120 (-10),65,https://badmintonranks.com/tournament?id=13621,7,Malaysia_Open_2023
2023-01-10,Round 1,WS,HAN Yue Rank 11 Elo 2227 (+6),21-12 / 17-21 / 21-12,Saina NEHWAL Rank 30 Elo 1868 (-6),43,https://badmintonranks.com/tournament?id=13621,7,Malaysia_Open_2023
2023-01-10,Round 1,WS,Aya OHORI Rank 36 Elo 1961 (+24),21-9 / 14-21 / 21-14,SIM Yu Jin Rank 49 Elo 1913 (-24),58,https://badmintonranks.com/tournament?id=13621,7,Malaysia_Open_2023
2023-01-10,Round 1,MS,Jonatan CHRISTIE (5) Rank 3 Elo 2234 (+15),21-19 / 21-13,WANG Tzu Wei Rank 18 Elo 2078 (-15),36,https://badmintonranks.com/tournament?id=13621,8,Malaysia_Open_2023
2023-01-10,Round 1,WS,Akane YAMAGUCHI (1) Rank 1 Elo 2550 (+3),17-21 / 21-13 / 21-15,Line Højmark KJAERSF.. Rank 16 Elo 2029 (-2),51,https://badmintonranks.com/tournament?id=13621,8,Malaysia_Open_2023
2023-01-10,Round 1,WS,HSU Wen Chi Rank 23 Elo 1914 (+21),21-10 / 21-8,AAKARSHI KASHYAP Rank 32 Elo 1824 (-23),26,https://badmintonranks.com/tournament?id=13621,8,Malaysia_Open_2023
2023-01-10,Round 1,XD,Dejan FE.. / Gloria Em.. Rank 19 Elo 1892 (+36),21-16 / 21-14,Robin TA.. / Selena PI.. Rank 11 Elo 1991 (-34),32,https://badmintonranks.com/tournament?id=13621,8,Malaysia_Open_2023
2023-01-10,Round 1,XD,ZHENG .. / HUANG .. (1) Rank 1 Elo 2498 (+1),21-8 / 21-14,YANG Po.. / HU Ling F.. Rank 43 Elo 1744 (-1),27,https://badmintonranks.com/tournament?id=13621,8,Malaysia_Open_2023
2023-01-10,Round 1,MS,LIEW Daren Rank 31 Elo 1945 (+32),21-15 / 14-21 / 21-17,Toma Junior POPOV Rank 23 Elo 2012 (-31),59,https://badmintonranks.com/tournament?id=13621,8,Malaysia_Open_2023
2023-01-10,Round 1,WS,TAI Tzu Ying (3) Rank 3 Elo 2474 (+1),21-10 / 21-10,Clara AZURMENDI Rank 53 Elo 1749 (-1),24,https://badmintonranks.com/tournament?id=13621,8,Malaysia_Open_2023
2023-01-10,Round 1,XD,KIM Won .. / JEONG N.. Rank 23 Elo 1841 (+39),22-20 / 21-19,Mathias .. / Alexandra .. Rank 14 Elo 1940 (-35),41,https://badmintonranks.com/tournament?id=13621,8,Malaysia_Open_2023
2023-01-10,Round 1,WS,Busanan ONGBAMRUN.. Rank 10 Elo 2143 (+14),21-17 / 21-8,Kirsty GILMOUR Rank 17 Elo 1969 (-14),31,https://badmintonranks.com/tournament?id=13621,8,Malaysia_Open_2023
2023-01-10,Round 1,MS,Kenta NISHIMOTO Rank 17 Elo 2203 (+24),21-19 / 21-14,KIDAMBI Srikanth Rank 13 Elo 2187 (-25),42,https://badmintonranks.com/tournament?id=13621,8,Malaysia_Open_2023
2023-01-10,Round 1,WD,Febriana .. / Amallia C.. Rank 19 Elo 1792 (+27),21-16 / 21-15,Margot L.. / Anne TRAN Rank 27 Elo 1738 (-31),32,https://badmintonranks.com/tournament?id=13621,8,Malaysia_Open_2023
2023-01-10,Round 1,XD,TANG Ch.. / TSE Ying.. (5) Rank 26 Elo 2030 (+8),21-18 / 19-21 / 21-19,Adam HA.. / Julie MAC.. Rank 21 Elo 1738 (-11),50,https://badmintonranks.com/tournament?id=13621,8,Malaysia_Open_2023
2023-01-10,Round 1,WD,CHEN Qi.. / JIA Yi Fan (1) Rank 1 Elo 2362 (+1),21-11 / 21-14,Debora JI.. / Cheryl SEI.. Rank 23 Elo 1715 (-2),26,https://badmintonranks.com/tournament?id=13621,8,Malaysia_Open_2023
2023-01-10,Round 1,WS,Gregoria Mariska TUNJ.. Rank 15 Elo 2187 (+43),21-11 / 21-17,HE Bing Jiao (5) Rank 5 Elo 2502 (-43),37,https://badmintonranks.com/tournament?id=13621,8,Malaysia_Open_2023
2023-01-10,Round 1,XD,WANG Yi.. / HUANG .. (4) Rank 2 Elo 2187 (+14),21-17 / 23-21,Mark LA.. / Isabel LO.. Rank 8 Elo 2008 (-14),40,https://badmintonranks.com/tournament?id=13621,8,Malaysia_Open_2023
2022-07-03,Final,MD,Takuro H.. / Yugo KO.. (2) Rank 2 Elo 2204 (+28),24-22 / 16-21 / 21-9,Fajar ALF.. / Muhamm.. (6) Rank 7 Elo 2211 (-28),65,https://badmintonranks.com/tournament?id=12437,1,Malaysia_Open_2022
2022-07-03,Final,MS,Viktor AXELSEN (1) Rank 1 Elo 2661 (+6),21-4 / 21-7,Kento MOMOTA (2) Rank 2 Elo 2294 (-6),34,https://badmintonranks.com/tournament?id=12437,1,Malaysia_Open_2022
2022-07-03,Final,WS,Ratchanok INTANON (8) Rank 8 Elo 2347 (+42),21-15 / 13-21 / 21-16,CHEN Yu Fei (4) Rank 4 Elo 2552 (-41),65,https://badmintonranks.com/tournament?id=12437,1,Malaysia_Open_2022
2022-07-03,Final,WD,Apriyani .. / Siti Fadia .. Rank 133 Elo 2149 (+21),21-18 / 12-21 / 21-19,ZHANG .. / ZHENG Yu Rank 33 Elo 2069 (-22),71,https://badmintonranks.com/tournament?id=12437,1,Malaysia_Open_2022
2022-07-03,Final,XD,ZHENG .. / HUANG .. (2) Rank 1 Elo 2413 (+23),21-13 / 21-18,Dechapol.. / Sapsiree .. (1) Rank 2 Elo 2356 (-23),35,https://badmintonranks.com/tournament?id=12437,1,Malaysia_Open_2022
2022-07-02,Semi final,MD,Takuro H.. / Yugo KO.. (2) Rank 2 Elo 2180 (+24),23-21 / 21-9,Aaron CH.. / SOH Wo.. (5) Rank 6 Elo 2134 (-24),41,https://badmintonranks.com/tournament?id=12437,1,Malaysia_Open_2022
2022-07-02,Semi final,MS,Viktor AXELSEN (1) Rank 1 Elo 2656 (+5),21-15 / 20-22 / 21-11,Jonatan CHRISTIE (7) Rank 8 Elo 2259 (-5),71,https://badmintonranks.com/tournament?id=12437,1,Malaysia_Open_2022
2022-07-02,Semi final,MD,Fajar ALF.. / Muhamm.. (6) Rank 7 Elo 2192 (+19),21-14 / 21-12,GOH Sze.. / Nur IZZUD.. Rank 12 Elo 2076 (-18),37,https://badmintonranks.com/tournament?id=12437,1,Malaysia_Open_2022
2022-07-02,Semi final,MS,Kento MOMOTA (2) Rank 2 Elo 2264 (+30),21-11 / 21-12,Kunlavut VITIDSARN Rank 18 Elo 2302 (-30),42,https://badmintonranks.com/tournament?id=12437,1,Malaysia_Open_2022
2022-07-02,Semi final,WS,CHEN Yu Fei (4) Rank 4 Elo 2522 (+30),19-21 / 21-13 / 21-15,TAI Tzu Ying (2) Rank 2 Elo 2572 (-30),68,https://badmintonranks.com/tournament?id=12437,1,Malaysia_Open_2022
2022-07-02,Semi final,WD,Apriyani .. / Siti Fadia .. Rank 133 Elo 2124 (+25),21-14 / 22-20,JEONG .. / KIM Hye J.. Rank 12 Elo 2092 (-25),44,https://badmintonranks.com/tournament?id=12437,1,Malaysia_Open_2022
2022-07-02,Semi final,WD,ZHANG .. / ZHENG Yu Rank 33 Elo 2030 (+39),11-21 / 21-19 / 21-17,Mayu MA.. / Wakana .. (5) Rank 6 Elo 2175 (-38),68,https://badmintonranks.com/tournament?id=12437,1,Malaysia_Open_2022
2022-07-02,Semi final,WS,Ratchanok INTANON (8) Rank 8 Elo 2318 (+29),21-8 / 21-18,WANG Zhi Yi Rank 13 Elo 2342 (-28),38,https://badmintonranks.com/tournament?id=12437,1,Malaysia_Open_2022
2022-07-02,Semi final,XD,ZHENG .. / HUANG .. (2) Rank 1 Elo 2408 (+5),21-18 / 21-8,Mathias .. / Alexandra .. Rank 15 Elo 2024 (-5),31,https://badmintonranks.com/tournament?id=12437,1,Malaysia_Open_2022
2022-07-02,Semi final,XD,Dechapol.. / Sapsiree .. (1) Rank 2 Elo 2337 (+19),23-21 / 19-21 / 21-14,WANG Yi.. / HUANG .. (4) Rank 4 Elo 2242 (-19),74,https://badmintonranks.com/tournament?id=12437,1,Malaysia_Open_2022
2022-07-01,Quarter final,MD,Aaron CH.. / SOH Wo.. (5) Rank 6 Elo 2113 (+21),21-13 / 20-22 / 21-19,Hendra S.. / Mohamm.. (3) Rank 3 Elo 2027 (-21),52,https://badmintonranks.com/tournament?id=12437,1,Malaysia_Open_2022
2022-07-01,Quarter final,MD,Fajar ALF.. / Muhamm.. (6) Rank 7 Elo 2177 (+15),21-13 / 21-9,ONG Yew.. / TEO Ee Yi Rank 10 Elo 2022 (-16),33,https://badmintonranks.com/tournament?id=12437,1,Malaysia_Open_2022
2022-07-01,Quarter final,MS,Kento MOMOTA (2) Rank 2 Elo 2260 (+4),13-6 Ret.,Shesar Hiren RHUSTAV.. Rank 26 Elo 2189 (-4),13,https://badmintonranks.com/tournament?id=12437,1,Malaysia_Open_2022
2022-07-01,Quarter final,WD,JEONG .. / KIM Hye J.. Rank 12 Elo 2073 (+19),21-13 / 21-15,DU Yue / LI Wen Me.. Rank 35 Elo 1970 (-20),37,https://badmintonranks.com/tournament?id=12437,1,Malaysia_Open_2022
2022-07-01,Quarter final,MD,Takuro H.. / Yugo KO.. (2) Rank 2 Elo 2167 (+13),21-14 / 21-23 / 21-14,CHOI Sol.. / KIM Won .. Rank 54 Elo 1973 (-14),67,https://badmintonranks.com/tournament?id=12437,1,Malaysia_Open_2022
2022-07-01,Quarter final,WD,Apriyani .. / Siti Fadia .. Rank 133 Elo 2084 (+40),14-21 / 21-13 / 21-16,CHEN Qi.. / JIA Yi Fan (1) Rank 1 Elo 2271 (-39),56,https://badmintonranks.com/tournament?id=12437,2,Malaysia_Open_2022
2022-07-01,Quarter final,MS,Jonatan CHRISTIE (7) Rank 8 Elo 2234 (+25),21-18 / 21-16,PRANNOY H. S. Rank 21 Elo 2220 (-25),44,https://badmintonranks.com/tournament?id=12437,2,Malaysia_Open_2022
2022-07-01,Quarter final,MS,Kunlavut VITIDSARN Rank 18 Elo 2282 (+20),15-21 / 21-10 / 21-17,LU Guang Zu Rank 27 Elo 2195 (-20),69,https://badmintonranks.com/tournament?id=12437,2,Malaysia_Open_2022
2022-07-01,Quarter final,MS,Viktor AXELSEN (1) Rank 1 Elo 2651 (+5),18-21 / 21-17 / 21-12,Anthony Sinisuka GIN.. (6) Rank 6 Elo 2265 (-5),65,https://badmintonranks.com/tournament?id=12437,2,Malaysia_Open_2022
2022-07-01,Quarter final,WD,Mayu MA.. / Wakana .. (5) Rank 6 Elo 2169 (+6),21-15 / 23-21,Anna Chi.. / TEOH Mei.. Rank 44 Elo 1819 (-7),44,https://badmintonranks.com/tournament?id=12437,2,Malaysia_Open_2022
2022-07-01,Quarter final,MD,GOH Sze.. / Nur IZZUD.. Rank 12 Elo 2047 (+29),21-11 / 22-20,LIU Yu C.. / OU Xuan .. Rank 45 Elo 2077 (-29),36,https://badmintonranks.com/tournament?id=12437,2,Malaysia_Open_2022
2022-07-01,Quarter final,WD,ZHANG .. / ZHENG Yu Rank 33 Elo 2017 (+13),21-13 / 21-14,Febby Va.. / Ribka SU.. Rank 70 Elo 1823 (-16),32,https://badmintonranks.com/tournament?id=12437,2,Malaysia_Open_2022
2022-07-01,Quarter final,XD,Mathias .. / Alexandra .. Rank 15 Elo 2005 (+19),21-19 / 21-12,Robin TA.. / Selena PI.. Rank 21 Elo 1893 (-21),38,https://badmintonranks.com/tournament?id=12437,2,Malaysia_Open_2022
2022-07-01,Quarter final,WS,CHEN Yu Fei (4) Rank 4 Elo 2508 (+14),14-21 / 21-18 / 21-18,Nozomi OKUHARA (6) Rank 6 Elo 2337 (-15),66,https://badmintonranks.com/tournament?id=12437,2,Malaysia_Open_2022
2022-07-01,Quarter final,XD,Dechapol.. / Sapsiree .. (1) Rank 2 Elo 2326 (+11),21-13 / 21-14,TANG Ch.. / TSE Ying.. (6) Rank 7 Elo 2093 (-11),38,https://badmintonranks.com/tournament?id=12437,2,Malaysia_Open_2022
2022-07-01,Quarter final,XD,ZHENG .. / HUANG .. (2) Rank 1 Elo 2401 (+7),25-23 / 22-20,Thom GI.. / Delphine .. (8) Rank 10 Elo 2091 (-8),51,https://badmintonranks.com/tournament?id=12437,2,Malaysia_Open_2022
2022-07-01,Quarter final,WS,WANG Zhi Yi Rank 13 Elo 2332 (+10),9-21 / 21-10 / 21-17,Line Højmark KJAERSF.. Rank 29 Elo 2081 (-11),56,https://badmintonranks.com/tournament?id=12437,2,Malaysia_Open_2022
2022-07-01,Quarter final,WS,Ratchanok INTANON (8) Rank 8 Elo 2309 (+9),22-20 / 21-12,HAN Yue Rank 23 Elo 2039 (-9),39,https://badmintonranks.com/tournament?id=12437,2,Malaysia_Open_2022
2022-07-01,Quarter final,XD,WANG Yi.. / HUANG .. (4) Rank 4 Elo 2239 (+3),21-8 / 21-16,KIM Won .. / JEONG N.. Rank 99 Elo 1773 (-5),29,https://badmintonranks.com/tournament?id=12437,2,Malaysia_Open_2022
2022-07-01,Quarter final,WS,TAI Tzu Ying (2) Rank 2 Elo 2561 (+11),13-21 / 21-15 / 21-13,PUSARLA V. Sindhu (7) Rank 7 Elo 2326 (-11),53,https://badmintonranks.com/tournament?id=12437,2,Malaysia_Open_2022
2022-06-30,Round 2,MD,LIU Yu C.. / OU Xuan .. Rank 45 Elo 2070 (+7),21-18 / 17-21 / 21-14,TAN Kian.. / TAN Wee .. Rank 64 Elo 1749 (-10),56,https://badmintonranks.com/tournament?id=12437,2,Malaysia_Open_2022
2022-06-30,Round 2,MD,Aaron CH.. / SOH Wo.. (5) Rank 6 Elo 2104 (+9),21-16 / 21-13,HEE Yon.. / LOH Kean.. Rank 50 Elo 1852 (-11),31,https://badmintonranks.com/tournament?id=12437,2,Malaysia_Open_2022
2022-06-30,Round 2,WD,Mayu MA.. / Wakana .. (5) Rank 6 Elo 2167 (+2),21-8 / 21-13,Supissar.. / Puttita SU.. Rank 195 Elo 1633 (-4),31,https://badmintonranks.com/tournament?id=12437,2,Malaysia_Open_2022
2022-06-30,Round 2,MD,Takuro H.. / Yugo KO.. (2) Rank 2 Elo 2153 (+14),18-21 / 21-13 / 21-19,Muhamm.. / Bagas MA.. Rank 20 Elo 1980 (-15),60,https://badmintonranks.com/tournament?id=12437,2,Malaysia_Open_2022
2022-06-30,Round 2,MD,CHOI Sol.. / KIM Won .. Rank 54 Elo 1956 (+17),18-21 / 21-11 / 25-23,Supak JO.. / Kittinupon.. Rank 33 Elo 1816 (-19),74,https://badmintonranks.com/tournament?id=12437,2,Malaysia_Open_2022
2022-06-30,Round 2,MD,GOH Sze.. / Nur IZZUD.. Rank 12 Elo 2047 (+0),W.O.,Satwiksai.. / Chirag S.. (7) Rank 8 Elo 2097 (-2),0,https://badmintonranks.com/tournament?id=12437,3,Malaysia_Open_2022
2022-06-30,Round 2,WD,Anna Chi.. / TEOH Mei.. Rank 44 Elo 1756 (+63),18-21 / 21-12 / 21-15,LEE So H.. / SHIN Se.. (2) Rank 3 Elo 2144 (-46),54,https://badmintonranks.com/tournament?id=12437,3,Malaysia_Open_2022
2022-06-30,Round 2,MS,LU Guang Zu Rank 27 Elo 2175 (+20),21-18 / 21-11,WANG Tzu Wei Rank 16 Elo 2110 (-21),43,https://badmintonranks.com/tournament?id=12437,3,Malaysia_Open_2022
2022-06-30,Round 2,MS,Shesar Hiren RHUSTAV.. Rank 26 Elo 2146 (+43),21-19 / 19-21 / 21-16,LEE Zii Jia (5) Rank 5 Elo 2441 (-42),66,https://badmintonranks.com/tournament?id=12437,3,Malaysia_Open_2022
2022-06-30,Round 2,WD,JEONG .. / KIM Hye J.. Rank 12 Elo 2048 (+25),21-14 / 21-13,Gabriela .. / Stefani S.. (8) Rank 9 Elo 2026 (-25),28,https://badmintonranks.com/tournament?id=12437,3,Malaysia_Open_2022
2022-06-30,Round 2,MD,Hendra S.. / Mohamm.. (3) Rank 3 Elo 2004 (+23),21-13 / 21-10,HE Ji Ting / ZHOU Ha.. Rank 103 Elo 1955 (-23),26,https://badmintonranks.com/tournament?id=12437,3,Malaysia_Open_2022
2022-06-30,Round 2,WD,CHEN Qi.. / JIA Yi Fan (1) Rank 1 Elo 2270 (+1),21-12 / 21-9,LOW Yee.. / Valeree SI.. Rank 71 Elo 1678 (-3),29,https://badmintonranks.com/tournament?id=12437,3,Malaysia_Open_2022
2022-06-30,Round 2,MS,Kento MOMOTA (2) Rank 2 Elo 2243 (+17),11-21 / 21-8 / 21-18,NG Ka Long Angus Rank 13 Elo 2117 (-17),55,https://badmintonranks.com/tournament?id=12437,3,Malaysia_Open_2022
2022-06-30,Round 2,MS,Viktor AXELSEN (1) Rank 1 Elo 2649 (+2),15-21 / 21-6 / 21-13,LEE Cheuk Yiu Rank 15 Elo 2121 (-3),57,https://badmintonranks.com/tournament?id=12437,3,Malaysia_Open_2022
2022-06-30,Round 2,WD,DU Yue / LI Wen Me.. Rank 35 Elo 1957 (+13),19-21 / 21-16 / 23-21,Febriana .. / Amallia C.. Rank 68 Elo 1756 (-17),91,https://badmintonranks.com/tournament?id=12437,3,Malaysia_Open_2022
2022-06-30,Round 2,MS,Kunlavut VITIDSARN Rank 18 Elo 2275 (+7),21-19 / 21-10,PARUPALLI Kashyap Rank 39 Elo 1948 (-7),44,https://badmintonranks.com/tournament?id=12437,3,Malaysia_Open_2022
2022-06-30,Round 2,WD,Apriyani .. / Siti Fadia .. Rank 133 Elo 2041 (+43),21-16 / 21-15,Nami MA.. / Chiharu .. (6) Rank 5 Elo 2303 (-42),35,https://badmintonranks.com/tournament?id=12437,3,Malaysia_Open_2022
2022-06-30,Round 2,MD,ONG Yew.. / TEO Ee Yi Rank 10 Elo 1983 (+39),21-17 / 21-18,LEE Yang / WANG C.. (4) Rank 4 Elo 2157 (-38),41,https://badmintonranks.com/tournament?id=12437,3,Malaysia_Open_2022
2022-06-30,Round 2,XD,Robin TA.. / Selena PI.. Rank 21 Elo 1874 (+19),21-14 / 21-12,William V.. / Anne TRAN Rank 64 Elo 1743 (-23),37,https://badmintonranks.com/tournament?id=12437,3,Malaysia_Open_2022
2022-06-30,Round 2,WS,CHEN Yu Fei (4) Rank 4 Elo 2500 (+8),21-12 / 21-19,Busanan ONGBAMRUN.. Rank 11 Elo 2196 (-7),47,https://badmintonranks.com/tournament?id=12437,3,Malaysia_Open_2022
2022-06-30,Round 2,MD,Fajar ALF.. / Muhamm.. (6) Rank 7 Elo 2164 (+13),21-23 / 21-14 / 21-14,Mark LA.. / Marvin SE.. Rank 13 Elo 1973 (-13),60,https://badmintonranks.com/tournament?id=12437,3,Malaysia_Open_2022
2022-06-30,Round 2,WS,Nozomi OKUHARA (6) Rank 6 Elo 2331 (+6),23-21 / 21-18,Iris WANG Rank 33 Elo 1986 (-6),44,https://badmintonranks.com/tournament?id=12437,3,Malaysia_Open_2022
2022-06-30,Round 2,MS,Anthony Sinisuka GIN.. (6) Rank 6 Elo 2256 (+9),21-18 / 21-18,Sitthikom THAMMASIN Rank 33 Elo 1982 (-9),43,https://badmintonranks.com/tournament?id=12437,3,Malaysia_Open_2022
2022-06-30,Round 2,WD,ZHANG .. / ZHENG Yu Rank 33 Elo 1990 (+27),21-19 / 21-15,Pearly TA.. / THINAAH .. Rank 10 Elo 1989 (-27),48,https://badmintonranks.com/tournament?id=12437,3,Malaysia_Open_2022
2022-06-30,Round 2,WD,Febby Va.. / Ribka SU.. Rank 70 Elo 1811 (+12),21-12 / 21-8,Srivedya .. / Ishika JAI.. Rank 92 Elo 1558 (-24),24,https://badmintonranks.com/tournament?id=12437,3,Malaysia_Open_2022
2022-06-30,Round 2,WS,Ratchanok INTANON (8) Rank 8 Elo 2299 (+10),15-21 / 21-12 / 21-18,ZHANG Beiwen Rank 16 Elo 2039 (-10),47,https://badmintonranks.com/tournament?id=12437,4,Malaysia_Open_2022
2022-06-30,Round 2,XD,Thom GI.. / Delphine .. (8) Rank 10 Elo 2080 (+11),23-21 / 21-18,Jones Ra.. / Linda EFL.. Rank 45 Elo 1836 (-12),52,https://badmintonranks.com/tournament?id=12437,4,Malaysia_Open_2022
2022-06-30,Round 2,XD,WANG Yi.. / HUANG .. (4) Rank 4 Elo 2235 (+4),21-19 / 21-11,Rehan N.. / Lisa Ayu K.. Rank 46 Elo 1810 (-5),37,https://badmintonranks.com/tournament?id=12437,4,Malaysia_Open_2022
2022-06-30,Round 2,WS,HAN Yue Rank 23 Elo 1990 (+49),21-23 / 21-18 / 21-16,AN Se Young (3) Rank 3 Elo 2412 (-46),74,https://badmintonranks.com/tournament?id=12437,4,Malaysia_Open_2022
2022-06-30,Round 2,XD,Mathias .. / Alexandra .. Rank 15 Elo 1989 (+16),21-14 / 21-16,HEE Yon.. / TAN Wei .. Rank 39 Elo 1845 (-18),32,https://badmintonranks.com/tournament?id=12437,4,Malaysia_Open_2022
2022-06-30,Round 2,XD,Dechapol.. / Sapsiree .. (1) Rank 2 Elo 2320 (+6),21-18 / 21-14,Supak JO.. / Supissara .. Rank 22 Elo 1966 (-7),36,https://badmintonranks.com/tournament?id=12437,4,Malaysia_Open_2022
2022-06-30,Round 2,MS,PRANNOY H. S. Rank 21 Elo 2188 (+32),21-15 / 21-7,CHOU Tien Chen (4) Rank 4 Elo 2292 (-33),35,https://badmintonranks.com/tournament?id=12437,4,Malaysia_Open_2022
2022-06-30,Round 2,WS,WANG Zhi Yi Rank 13 Elo 2324 (+8),21-19 / 21-13,Gregoria Mariska TUNJ.. Rank 31 Elo 2052 (-9),32,https://badmintonranks.com/tournament?id=12437,4,Malaysia_Open_2022
2022-06-30,Round 2,XD,KIM Won .. / JEONG N.. Rank 99 Elo 1713 (+60),10-21 / 21-18 / 21-17,GOH Soo.. / LAI Shevo.. Rank 14 Elo 1920 (-43),53,https://badmintonranks.com/tournament?id=12437,4,Malaysia_Open_2022
2022-06-30,Round 2,XD,ZHENG .. / HUANG .. (2) Rank 1 Elo 2399 (+2),21-16 / 21-10,CHEN Ta.. / Valeree SI.. Rank 49 Elo 1800 (-2),27,https://badmintonranks.com/tournament?id=12437,4,Malaysia_Open_2022
2022-06-30,Round 2,WS,Line Højmark KJAERSF.. Rank 29 Elo 2034 (+47),21-19 / 19-21 / 21-13,Carolina MARIN (5) Rank 5 Elo 2395 (-45),74,https://badmintonranks.com/tournament?id=12437,4,Malaysia_Open_2022
2022-06-30,Round 2,XD,TANG Ch.. / TSE Ying.. (6) Rank 7 Elo 2078 (+15),21-13 / 21-10,Rinov RI.. / Pitha Hani.. Rank 19 Elo 1915 (-15),26,https://badmintonranks.com/tournament?id=12437,4,Malaysia_Open_2022
2022-06-30,Round 2,WS,TAI Tzu Ying (2) Rank 2 Elo 2561 (+0),21-11 / 21-9,Kristin KUUBA Rank 51 Elo 1835 (-1),30,https://badmintonranks.com/tournament?id=12437,4,Malaysia_Open_2022
2022-06-30,Round 2,MS,Jonatan CHRISTIE (7) Rank 8 Elo 2214 (+20),21-18 / 21-17,Kenta NISHIMOTO Rank 20 Elo 2131 (-20),52,https://badmintonranks.com/tournament?id=12437,4,Malaysia_Open_2022
2022-06-30,Round 2,WS,PUSARLA V. Sindhu (7) Rank 7 Elo 2315 (+11),19-21 / 21-9 / 21-14,Lalinrat CHAIWAN Rank 20 Elo 2084 (-11),57,https://badmintonranks.com/tournament?id=12437,4,Malaysia_Open_2022
2022-06-29,Round 1,MD,Supak JO.. / Kittinupon.. Rank 33 Elo 1801 (+15),15-21 / 21-14 / 21-13,Nur Mohd.. / LIM Khim .. Rank 111 Elo 1589 (-26),49,https://badmintonranks.com/tournament?id=12437,4,Malaysia_Open_2022
2022-06-29,Round 1,WD,Anna Chi.. / TEOH Mei.. Rank 44 Elo 1747 (+9),21-12 / 21-5,Kate FR.. / Moya RYA.. Rank 85 Elo 1409 (-24),24,https://badmintonranks.com/tournament?id=12437,4,Malaysia_Open_2022
2022-06-29,Round 1,MS,LEE Zii Jia (5) Rank 5 Elo 2439 (+2),21-15 / 21-11,Nhat NGUYEN Rank 40 Elo 1895 (-2),47,https://badmintonranks.com/tournament?id=12437,4,Malaysia_Open_2022
2022-06-29,Round 1,MS,Shesar Hiren RHUSTAV.. Rank 26 Elo 2137 (+9),15-21 / 11-9 Ret.,Rasmus GEMKE Rank 12 Elo 2104 (-9),41,https://badmintonranks.com/tournament?id=12437,4,Malaysia_Open_2022
2022-06-29,Round 1,WD,LEE So H.. / SHIN Se.. (2) Rank 3 Elo 2141 (+3),21-16 / 21-8,Margot L.. / Anne TRAN Rank 52 Elo 1631 (-5),33,https://badmintonranks.com/tournament?id=12437,4,Malaysia_Open_2022
2022-06-29,Round 1,MD,Aaron CH.. / SOH Wo.. (5) Rank 6 Elo 2088 (+16),21-18 / 21-19,Akira KO.. / Taichi SAI.. Rank 22 Elo 1941 (-16),42,https://badmintonranks.com/tournament?id=12437,5,Malaysia_Open_2022
2022-06-29,Round 1,MS,Kento MOMOTA (2) Rank 2 Elo 2243 (+0),W.O.,Kantaphon WANGCHA.. Rank 23 Elo 1909 (-0),0,https://badmintonranks.com/tournament?id=12437,5,Malaysia_Open_2022
2022-06-29,Round 1,WD,Febby Va.. / Ribka SU.. Rank 70 Elo 1779 (+32),21-18 / 21-17,Vivian H.. / LIM Chiew.. Rank 36 Elo 1759 (-33),36,https://badmintonranks.com/tournament?id=12437,5,Malaysia_Open_2022
2022-06-29,Round 1,MD,Muhamm.. / Bagas MA.. Rank 20 Elo 1972 (+8),21-19 / 21-6,Jones Ra.. / Jan Colin .. Rank 158 Elo 1658 (-13),28,https://badmintonranks.com/tournament?id=12437,5,Malaysia_Open_2022
2022-06-29,Round 1,MD,Takuro H.. / Yugo KO.. (2) Rank 2 Elo 2145 (+8),14-21 / 21-16 / 21-13,LU Ching.. / YANG Po .. Rank 24 Elo 1863 (-9),60,https://badmintonranks.com/tournament?id=12437,5,Malaysia_Open_2022
2022-06-29,Round 1,WD,ZHANG .. / ZHENG Yu Rank 33 Elo 1960 (+30),21-10 / 21-8,Jongkolp.. / Rawinda .. (7) Rank 8 Elo 1999 (-29),32,https://badmintonranks.com/tournament?id=12437,5,Malaysia_Open_2022
2022-06-29,Round 1,WD,Mayu MA.. / Wakana .. (5) Rank 6 Elo 2164 (+3),21-11 / 21-14,Ashwini B.. / Shikha GA.. Rank 56 Elo 1671 (-5),29,https://badmintonranks.com/tournament?id=12437,5,Malaysia_Open_2022
2022-06-29,Round 1,MD,CHOI Sol.. / KIM Won .. Rank 54 Elo 1917 (+39),24-22 / 14-21 / 21-17,Kim AST.. / Anders S.. (8) Rank 9 Elo 2067 (-36),73,https://badmintonranks.com/tournament?id=12437,5,Malaysia_Open_2022
2022-06-29,Round 1,XD,ZHENG .. / HUANG .. (2) Rank 1 Elo 2397 (+2),21-17 / 21-18,HOO Pan.. / TOH Ee W.. Rank 183 Elo 1820 (-3),34,https://badmintonranks.com/tournament?id=12437,5,Malaysia_Open_2022
2022-06-29,Round 1,MD,HEE Yon.. / LOH Kean.. Rank 50 Elo 1802 (+50),21-14 / 21-19,KANG Mi.. / SEO Seun.. Rank 46 Elo 2017 (-41),36,https://badmintonranks.com/tournament?id=12437,5,Malaysia_Open_2022
2022-06-29,Round 1,MD,HE Ji Ting / ZHOU Ha.. Rank 103 Elo 1944 (+11),21-10 / 21-12,BOON Xi.. / WONG Ti.. Rank 171 Elo 1694 (-16),26,https://badmintonranks.com/tournament?id=12437,5,Malaysia_Open_2022
2022-06-29,Round 1,WD,Pearly TA.. / THINAAH .. Rank 10 Elo 1971 (+18),22-20 / 21-14,LIU Xuan.. / XIA Yu Tin.. Rank 21 Elo 1848 (-20),42,https://badmintonranks.com/tournament?id=12437,5,Malaysia_Open_2022
2022-06-29,Round 1,MD,Hendra S.. / Mohamm.. (3) Rank 3 Elo 1994 (+10),17-21 / 21-15 / 21-14,REN Xian.. / TAN Qiang Rank 137 Elo 1750 (-14),50,https://badmintonranks.com/tournament?id=12437,5,Malaysia_Open_2022
2022-06-29,Round 1,MS,LU Guang Zu Rank 27 Elo 2163 (+12),21-16 / 21-23 / 21-18,NG Tze Yong Rank 48 Elo 1953 (-12),87,https://badmintonranks.com/tournament?id=12437,5,Malaysia_Open_2022
2022-06-29,Round 1,MS,NG Ka Long Angus Rank 13 Elo 2098 (+19),21-18 / 21-16,Mark CALJOUW Rank 28 Elo 2004 (-20),39,https://badmintonranks.com/tournament?id=12437,5,Malaysia_Open_2022
2022-06-29,Round 1,MS,PARUPALLI Kashyap Rank 39 Elo 1911 (+37),21-12 / 21-17,HEO Kwang Hee Rank 32 Elo 2022 (-34),39,https://badmintonranks.com/tournament?id=12437,5,Malaysia_Open_2022
2022-06-29,Round 1,WS,TAI Tzu Ying (2) Rank 2 Elo 2560 (+1),21-13 / 21-9,Lianne TAN Rank 36 Elo 1805 (-1),29,https://badmintonranks.com/tournament?id=12437,5,Malaysia_Open_2022
2022-06-29,Round 1,WS,Kristin KUUBA Rank 51 Elo 1782 (+53),21-12 / 21-18,Michelle LI Rank 12 Elo 2017 (-41),41,https://badmintonranks.com/tournament?id=12437,5,Malaysia_Open_2022
2022-06-29,Round 1,WS,Busanan ONGBAMRUN.. Rank 11 Elo 2178 (+18),22-20 / 21-14,KIM Ga Eun Rank 19 Elo 2079 (-19),49,https://badmintonranks.com/tournament?id=12437,5,Malaysia_Open_2022
2022-06-29,Round 1,MS,WANG Tzu Wei Rank 16 Elo 2084 (+26),21-17 / 21-7,Kevin CORDON Rank 36 Elo 2089 (-26),29,https://badmintonranks.com/tournament?id=12437,5,Malaysia_Open_2022
2022-06-29,Round 1,MS,Kunlavut VITIDSARN Rank 18 Elo 2257 (+18),21-19 / 14-21 / 21-15,ZHAO Jun Peng Rank 24 Elo 2161 (-18),78,https://badmintonranks.com/tournament?id=12437,6,Malaysia_Open_2022
2022-06-29,Round 1,WS,PUSARLA V. Sindhu (7) Rank 7 Elo 2294 (+21),21-13 / 21-17,Pornpawee CHOCHUW.. Rank 10 Elo 2239 (-21),40,https://badmintonranks.com/tournament?id=12437,6,Malaysia_Open_2022
2022-06-29,Round 1,XD,William V.. / Anne TRAN Rank 64 Elo 1686 (+57),21-16 / 22-20,Mikkel MI.. / Rikke SØ.. Rank 38 Elo 1820 (-43),35,https://badmintonranks.com/tournament?id=12437,6,Malaysia_Open_2022
2022-06-29,Round 1,XD,CHEN Ta.. / Valeree SI.. Rank 49 Elo 1747 (+53),21-16 / 14-21 / 21-10,Yuki KAN.. / Misaki MA.. Rank 16 Elo 1924 (-40),54,https://badmintonranks.com/tournament?id=12437,6,Malaysia_Open_2022
2022-06-29,Round 1,WS,Lalinrat CHAIWAN Rank 20 Elo 2080 (+4),21-18 / 21-15,Fitriani FITRIANI Rank 47 Elo 1673 (-8),31,https://badmintonranks.com/tournament?id=12437,6,Malaysia_Open_2022
2022-06-29,Round 1,XD,Jones Ra.. / Linda EFL.. Rank 45 Elo 1815 (+21),21-17 / 21-18,SOONG .. / GOH Liu .. Rank 79 Elo 1690 (-27),40,https://badmintonranks.com/tournament?id=12437,6,Malaysia_Open_2022
2022-06-29,Round 1,XD,Thom GI.. / Delphine .. (8) Rank 10 Elo 2076 (+4),21-15 / 19-21 / 21-16,GUO Xin .. / ZHANG S.. Rank 40 Elo 1671 (-8),54,https://badmintonranks.com/tournament?id=12437,6,Malaysia_Open_2022
2022-06-29,Round 1,WS,CHEN Yu Fei (4) Rank 4 Elo 2497 (+3),21-18 / 21-8,ZHANG Yi Man Rank 32 Elo 2024 (-3),33,https://badmintonranks.com/tournament?id=12437,6,Malaysia_Open_2022
2022-06-29,Round 1,XD,HEE Yon.. / TAN Wei .. Rank 39 Elo 1830 (+15),21-14 / 21-18,Hafiz FAI.. / Serena K.. Rank Elo 1634 (-24),26,https://badmintonranks.com/tournament?id=12437,6,Malaysia_Open_2022
2022-06-29,Round 1,XD,Mathias .. / Alexandra .. Rank 15 Elo 1939 (+50),15-21 / 21-17 / 22-20,Yuta WAT.. / Arisa IGA.. (3) Rank 3 Elo 2324 (-46),62,https://badmintonranks.com/tournament?id=12437,6,Malaysia_Open_2022
2022-06-29,Round 1,WS,Nozomi OKUHARA (6) Rank 6 Elo 2328 (+3),21-13 / 21-9,Yvonne LI Rank 25 Elo 1837 (-3),29,https://badmintonranks.com/tournament?id=12437,6,Malaysia_Open_2022
2022-06-29,Round 1,XD,Robin TA.. / Selena PI.. Rank 21 Elo 1855 (+19),21-15 / 19-21 / 21-17,REDDY .. / Ashwini P.. Rank 103 Elo 1732 (-24),52,https://badmintonranks.com/tournament?id=12437,6,Malaysia_Open_2022
2022-06-29,Round 1,WS,Iris WANG Rank 33 Elo 1964 (+22),21-11 / 21-17,Saina NEHWAL Rank 24 Elo 1905 (-23),37,https://badmintonranks.com/tournament?id=12437,6,Malaysia_Open_2022
2022-06-28,Round 1,MD,GOH Sze.. / Nur IZZUD.. Rank 12 Elo 2036 (+11),21-12 / 21-12,Keiichiro .. / Yoshinori .. Rank 31 Elo 1797 (-13),36,https://badmintonranks.com/tournament?id=12437,6,Malaysia_Open_2022
2022-06-28,Round 1,MD,Satwiksai.. / Chirag S.. (7) Rank 8 Elo 2089 (+8),21-18 / 21-11,MAN Wei.. / TEE Kai .. Rank 38 Elo 1803 (-10),32,https://badmintonranks.com/tournament?id=12437,6,Malaysia_Open_2022
2022-06-28,Round 1,MS,PRANNOY H. S. Rank 21 Elo 2173 (+15),21-14 / 17-21 / 21-18,LIEW Daren Rank 30 Elo 2017 (-16),62,https://badmintonranks.com/tournament?id=12437,6,Malaysia_Open_2022
2022-06-28,Round 1,WD,LOW Yee.. / Valeree SI.. Rank 71 Elo 1587 (+91),17-21 / 21-16 / 21-19,Linda EF.. / Isabel LO.. Rank 24 Elo 1815 (-49),73,https://badmintonranks.com/tournament?id=12437,6,Malaysia_Open_2022
2022-06-28,Round 1,MD,Fajar ALF.. / Muhamm.. (6) Rank 7 Elo 2162 (+2),21-18 / 21-9,GOH V S.. / LOW Juan.. Rank 79 Elo 1650 (-5),29,https://badmintonranks.com/tournament?id=12437,6,Malaysia_Open_2022
2022-06-28,Round 1,MS,Sitthikom THAMMASIN Rank 33 Elo 1946 (+36),21-16 / 16-21 / 21-19,Chico Aura DWI WARD.. Rank 45 Elo 2057 (-34),70,https://badmintonranks.com/tournament?id=12437,6,Malaysia_Open_2022
2022-06-28,Round 1,WD,Febriana .. / Amallia C.. Rank 68 Elo 1727 (+29),18-21 / 21-16 / 21-11,Francesc.. / Allison Qu.. Rank 90 Elo 1646 (-36),52,https://badmintonranks.com/tournament?id=12437,6,Malaysia_Open_2022
2022-06-28,Round 1,MD,LEE Yang / WANG C.. (4) Rank 4 Elo 2150 (+7),21-9 / 21-15,Ruben JI.. / Ties VAN .. Rank 41 Elo 1814 (-8),26,https://badmintonranks.com/tournament?id=12437,7,Malaysia_Open_2022
2022-06-28,Round 1,MD,TAN Kian.. / TAN Wee .. Rank 64 Elo 1700 (+49),18-21 / 21-15 / 21-17,Jeppe BA.. / Lasse MØ.. Rank 30 Elo 1777 (-41),50,https://badmintonranks.com/tournament?id=12437,7,Malaysia_Open_2022
2022-06-28,Round 1,MS,Kenta NISHIMOTO Rank 20 Elo 2118 (+13),15-21 / 21-18 / 22-20,Tommy SUGIARTO Rank 34 Elo 1938 (-15),66,https://badmintonranks.com/tournament?id=12437,7,Malaysia_Open_2022
2022-06-28,Round 1,MD,ONG Yew.. / TEO Ee Yi Rank 10 Elo 1973 (+10),21-19 / 21-13,Junaidi A.. / Muhamma.. Rank 85 Elo 1714 (-14),30,https://badmintonranks.com/tournament?id=12437,7,Malaysia_Open_2022
2022-06-28,Round 1,MS,Jonatan CHRISTIE (7) Rank 8 Elo 2200 (+14),21-14 / 13-21 / 21-7,Sameer VERMA Rank 29 Elo 2034 (-15),49,https://badmintonranks.com/tournament?id=12437,7,Malaysia_Open_2022
2022-06-28,Round 1,WD,JEONG .. / KIM Hye J.. Rank 12 Elo 2045 (+3),21-7 / 21-12,Haritha M.. / Ashna ROY Rank 98 Elo 1588 (-8),24,https://badmintonranks.com/tournament?id=12437,7,Malaysia_Open_2022
2022-06-28,Round 1,MS,CHOU Tien Chen (4) Rank 4 Elo 2282 (+10),21-16 / 21-9,Brian YANG Rank 31 Elo 2041 (-10),31,https://badmintonranks.com/tournament?id=12437,7,Malaysia_Open_2022
2022-06-28,Round 1,XD,Rinov RI.. / Pitha Hani.. Rank 19 Elo 1898 (+17),9-21 / 21-12 / 22-20,CHAN Pe.. / CHEAH Y.. Rank 71 Elo 1762 (-22),53,https://badmintonranks.com/tournament?id=12437,7,Malaysia_Open_2022
2022-06-28,Round 1,MD,Mark LA.. / Marvin SE.. Rank 13 Elo 1969 (+4),19-21 / 21-10 / 21-15,Joshua M.. / Paul REY.. Rank 65 Elo 1521 (-10),49,https://badmintonranks.com/tournament?id=12437,7,Malaysia_Open_2022
2022-06-28,Round 1,MS,Anthony Sinisuka GIN.. (6) Rank 6 Elo 2250 (+6),21-15 / 19-21 / 21-9,SAI PRANEETH B. Rank 19 Elo 1916 (-7),50,https://badmintonranks.com/tournament?id=12437,7,Malaysia_Open_2022
2022-06-28,Round 1,WD,Gabriela .. / Stefani S.. (8) Rank 9 Elo 2024 (+2),21-14 / 21-18,Mariia ST.. / Yelyzaveta.. Rank 69 Elo 1450 (-6),35,https://badmintonranks.com/tournament?id=12437,7,Malaysia_Open_2022
2022-06-28,Round 1,XD,TANG Ch.. / TSE Ying.. (6) Rank 7 Elo 2073 (+5),21-18 / 21-18,CHOON.. / PECK Yen.. Rank Elo 1676 (-8),37,https://badmintonranks.com/tournament?id=12437,7,Malaysia_Open_2022
2022-06-28,Round 1,WS,ZHANG Beiwen Rank 16 Elo 2027 (+12),21-13 / 21-18,Julie Dawall JAKOBSEN Rank 39 Elo 1806 (-14),35,https://badmintonranks.com/tournament?id=12437,7,Malaysia_Open_2022
2022-06-28,Round 1,WD,CHEN Qi.. / JIA Yi Fan (1) Rank 1 Elo 2265 (+5),21-17 / 21-8,Benyapa .. / Nuntakarn.. Rank 28 Elo 1868 (-5),26,https://badmintonranks.com/tournament?id=12437,7,Malaysia_Open_2022
2022-06-28,Round 1,WD,DU Yue / LI Wen Me.. Rank 35 Elo 1952 (+5),21-4 / 21-7,Jaqueline.. / Samia LIM.. Rank 57 Elo 1571 (-12),24,https://badmintonranks.com/tournament?id=12437,7,Malaysia_Open_2022
2022-06-28,Round 1,MS,LEE Cheuk Yiu Rank 15 Elo 2081 (+40),21-19 / 21-12,LOH Kean Yew Rank 9 Elo 2292 (-39),39,https://badmintonranks.com/tournament?id=12437,7,Malaysia_Open_2022
2022-06-28,Round 1,WS,HAN Yue Rank 23 Elo 1968 (+22),12-21 / 21-14 / 21-8,Line CHRISTOPHERSEN Rank 22 Elo 1910 (-23),40,https://badmintonranks.com/tournament?id=12437,7,Malaysia_Open_2022
2022-06-28,Round 1,WS,Ratchanok INTANON (8) Rank 8 Elo 2293 (+6),24-26 / 21-4 / 22-20,SIM Yu Jin Rank 46 Elo 1963 (-7),58,https://badmintonranks.com/tournament?id=12437,7,Malaysia_Open_2022
2022-06-28,Round 1,MS,Viktor AXELSEN (1) Rank 1 Elo 2648 (+1),22-20 / 21-7,Brice LEVERDEZ Rank 38 Elo 1945 (-1),30,https://badmintonranks.com/tournament?id=12437,7,Malaysia_Open_2022
2022-06-28,Round 1,WS,Carolina MARIN (5) Rank 5 Elo 2393 (+2),21-7 / 21-16,QI Xuefei Rank 45 Elo 1790 (-2),42,https://badmintonranks.com/tournament?id=12437,7,Malaysia_Open_2022
2022-06-28,Round 1,XD,KIM Won .. / JEONG N.. Rank 99 Elo 1688 (+25),21-15 / 21-9,Venkat G.. / Juhi DEW.. Rank 56 Elo 1534 (-39),22,https://badmintonranks.com/tournament?id=12437,8,Malaysia_Open_2022
2022-06-28,Round 1,MD,LIU Yu C.. / OU Xuan .. Rank 45 Elo 2065 (+5),21-14 / 21-18,CHANG .. / YAP Roy .. Rank 133 Elo 1674 (-8),32,https://badmintonranks.com/tournament?id=12437,8,Malaysia_Open_2022
2022-06-28,Round 1,WS,Line Højmark KJAERSF.. Rank 29 Elo 2010 (+24),21-14 / 10-21 / 21-16,Putri Kusuma WARDANI Rank 49 Elo 1977 (-24),56,https://badmintonranks.com/tournament?id=12437,8,Malaysia_Open_2022
2022-06-28,Round 1,XD,GOH Soo.. / LAI Shevo.. Rank 14 Elo 1887 (+33),21-18 / 19-21 / 21-18,TAN Kian.. / LAI Pei Ji.. (7) Rank 9 Elo 1937 (-31),60,https://badmintonranks.com/tournament?id=12437,8,Malaysia_Open_2022
2022-06-28,Round 1,WS,AN Se Young (3) Rank 3 Elo 2409 (+3),21-12 / 21-15,YEO Jia Min Rank 18 Elo 1963 (-4),32,https://badmintonranks.com/tournament?id=12437,8,Malaysia_Open_2022
2022-06-28,Round 1,WD,Apriyani .. / Siti Fadia .. Rank 133 Elo 2031 (+10),22-20 / 21-9,Stine KU.. / Emma MO.. Rank 77 Elo 1782 (-12),31,https://badmintonranks.com/tournament?id=12437,8,Malaysia_Open_2022
2022-06-28,Round 1,XD,Supak JO.. / Supissara .. Rank 22 Elo 1947 (+19),21-8 / 11-21 / 24-22,Kyohei Y.. / Naru SHI.. Rank 30 Elo 1836 (-21),49,https://badmintonranks.com/tournament?id=12437,8,Malaysia_Open_2022
2022-06-28,Round 1,XD,Rehan N.. / Lisa Ayu K.. Rank 46 Elo 1778 (+32),23-21 / 8-21 / 21-18,CHANG .. / NG Wing .. Rank 25 Elo 1765 (-33),45,https://badmintonranks.com/tournament?id=12437,8,Malaysia_Open_2022
2022-06-28,Round 1,WS,WANG Zhi Yi Rank 13 Elo 2289 (+35),23-21 / 9-21 / 21-11,HE Bing Jiao Rank 9 Elo 2424 (-34),67,https://badmintonranks.com/tournament?id=12437,8,Malaysia_Open_2022
2022-06-28,Round 1,XD,Dechapol.. / Sapsiree .. (1) Rank 2 Elo 2312 (+8),21-17 / 21-7,Mark LA.. / Isabel LO.. Rank 12 Elo 2012 (-8),29,https://badmintonranks.com/tournament?id=12437,8,Malaysia_Open_2022
2022-06-28,Round 1,WS,Gregoria Mariska TUNJ.. Rank 31 Elo 2004 (+48),21-14 / 21-14,Akane YAMAGUCHI (1) Rank 1 Elo 2423 (-46),26,https://badmintonranks.com/tournament?id=12437,8,Malaysia_Open_2022
2022-06-28,Round 1,WD,Nami MA.. / Chiharu .. (6) Rank 5 Elo 2301 (+2),21-15 / 21-11,Ashwini P.. / REDDY Si.. Rank 23 Elo 1691 (-2),34,https://badmintonranks.com/tournament?id=12437,8,Malaysia_Open_2022
2022-06-28,Round 1,XD,WANG Yi.. / HUANG .. (4) Rank 4 Elo 2233 (+2),21-11 / 21-14,Fabricio .. / Jaqueline .. Rank 57 Elo 1700 (-3),24,https://badmintonranks.com/tournament?id=12437,8,Malaysia_Open_2022
2022-06-28,Round 1,WD,Srivedya .. / Ishika JAI.. Rank 92 Elo 1558 (+0),W.O.,Yuki FUK.. / Sayaka HI.. Rank 2 Elo 2145 (-0),0,https://badmintonranks.com/tournament?id=12437,8,Malaysia_Open_2022
2022-06-28,Round 1,WD,Supissar.. / Puttita SU.. Rank 195 Elo 1633 (+0),W.O.,Ornnicha .. / Atitaya PO.. Rank Elo 1601 (-0),0,https://badmintonranks.com/tournament?id=12437,8,Malaysia_Open_2022
