date,round,type,winner_raw,score,loser_raw,duration,tournament_url,page_number,tournament_name,winner_name,winner_rank,winner_elo,loser_name,loser_rank,loser_elo
27/7/2025,Final,MD,Fajar ALF.. / Muhamma.. Rank 86 Elo 2070 (+40),21-15 / 21-14,Aaron CH.. / SOH Wo.. (2) Rank 2 Elo 2240 (-40),35,https://badmintonranks.com/tournament?id=14501,1,China Open 2025,Fajar ALF.. / Muhamma..,86,2070,Aaron CH.. / SOH Wo.. (2),2,2240
27/7/2025,Final,WS,WANG Zhi Yi (2) Rank 2 Elo 2541 (+16),21-8 / 21-13,HAN Yue (4) Rank 3 Elo 2378 (-15),39,https://badmintonranks.com/tournament?id=14501,1,China Open 2025,WANG Zhi Yi (2),2,2541,HAN Yue (4),3,2378
27/7/2025,Final,MS,SHI Yu Qi (3) Rank 2 Elo 2536 (+6),14-21 / 21-14 / 21-15,WANG Zheng Xing Rank 23 Elo 2173 (-6),64,https://badmintonranks.com/tournament?id=14501,1,China Open 2025,SHI Yu Qi (3),2,2536,WANG Zheng Xing,23,2173
27/7/2025,Final,WD,LIU Shen.. / TAN Ning (1) Rank 1 Elo 2439 (+15),24-22 / 17-21 / 21-14,JIA Yi Fan / ZHANG S.. Rank 7 Elo 2266 (-15),69,https://badmintonranks.com/tournament?id=14501,1,China Open 2025,LIU Shen.. / TAN Ning (1),1,2439,JIA Yi Fan / ZHANG S..,7,2266
27/7/2025,Final,XD,FENG Ya.. / HUANG .. (1) Rank 1 Elo 2410 (+23),23-21 / 21-17,JIANG Zh.. / WEI Ya X.. (2) Rank 2 Elo 2347 (-22),47,https://badmintonranks.com/tournament?id=14501,1,China Open 2025,FENG Ya.. / HUANG .. (1),1,2410,JIANG Zh.. / WEI Ya X.. (2),2,2347
26/7/2025,Semi final,MD,Aaron CH.. / SOH Wo.. (2) Rank 2 Elo 2216 (+24),21-13 / 21-17,Satwiksai.. / Chirag SH.. Rank 12 Elo 2173 (-24),42,https://badmintonranks.com/tournament?id=14501,1,China Open 2025,Aaron CH.. / SOH Wo.. (2),2,2216,Satwiksai.. / Chirag SH..,12,2173
26/7/2025,Semi final,WS,HAN Yue (4) Rank 3 Elo 2358 (+20),21-19 / 11-6 Ret.,AN Se Young (1) Rank 1 Elo 2786 (-20),33,https://badmintonranks.com/tournament?id=14501,1,China Open 2025,HAN Yue (4),3,2358,AN Se Young (1),1,2786
26/7/2025,Semi final,MD,Fajar ALF.. / Muhamma.. Rank 86 Elo 2033 (+37),21-19 / 21-17,LIANG W.. / WANG C.. (5) Rank 6 Elo 2147 (-35),37,https://badmintonranks.com/tournament?id=14501,1,China Open 2025,Fajar ALF.. / Muhamma..,86,2033,LIANG W.. / WANG C.. (5),6,2147
26/7/2025,Semi final,WS,WANG Zhi Yi (2) Rank 2 Elo 2522 (+19),22-20 / 21-11,Akane YAMAGUCHI (3) Rank 4 Elo 2419 (-19),47,https://badmintonranks.com/tournament?id=14501,1,China Open 2025,WANG Zhi Yi (2),2,2522,Akane YAMAGUCHI (3),4,2419
26/7/2025,Semi final,MS,WANG Zheng Xing Rank 23 Elo 2129 (+44),21-18 / 21-15,Anders ANTONSEN (2) Rank 3 Elo 2381 (-43),48,https://badmintonranks.com/tournament?id=14501,1,China Open 2025,WANG Zheng Xing,23,2129,Anders ANTONSEN (2),3,2381
26/7/2025,Semi final,MS,SHI Yu Qi (3) Rank 2 Elo 2526 (+10),21-13 / 22-20,CHOU Tien Chen (6) Rank 6 Elo 2268 (-10),45,https://badmintonranks.com/tournament?id=14501,1,China Open 2025,SHI Yu Qi (3),2,2526,CHOU Tien Chen (6),6,2268
26/7/2025,Semi final,WD,LIU Shen.. / TAN Ning (1) Rank 1 Elo 2426 (+13),21-10 / 21-12,KIM Hye .. / KONG H.. (7) Rank 6 Elo 2224 (-13),40,https://badmintonranks.com/tournament?id=14501,1,China Open 2025,LIU Shen.. / TAN Ning (1),1,2426,KIM Hye .. / KONG H.. (7),6,2224
26/7/2025,Semi final,XD,JIANG Zh.. / WEI Ya X.. (2) Rank 2 Elo 2338 (+9),16-21 / 21-15 / 21-16,Jafar HID.. / Felisha Al.. Rank 14 Elo 2059 (-9),64,https://badmintonranks.com/tournament?id=14501,1,China Open 2025,JIANG Zh.. / WEI Ya X.. (2),2,2338,Jafar HID.. / Felisha Al..,14,2059
26/7/2025,Semi final,WD,JIA Yi Fan / ZHANG S.. Rank 7 Elo 2238 (+28),21-14 / 21-17,Pearly TA.. / THINAAH.. (3) Rank 3 Elo 2249 (-28),38,https://badmintonranks.com/tournament?id=14501,1,China Open 2025,JIA Yi Fan / ZHANG S..,7,2238,Pearly TA.. / THINAAH.. (3),3,2249
26/7/2025,Semi final,XD,FENG Ya.. / HUANG .. (1) Rank 1 Elo 2402 (+8),21-17 / 21-11,GUO Xin .. / CHEN Fa.. Rank 9 Elo 2105 (-8),41,https://badmintonranks.com/tournament?id=14501,1,China Open 2025,FENG Ya.. / HUANG .. (1),1,2402,GUO Xin .. / CHEN Fa..,9,2105
25/7/2025,Quarter final,MD,Satwiksai.. / Chirag SH.. Rank 12 Elo 2158 (+15),21-18 / 21-14,ONG Yew.. / TEO Ee Yi Rank 28 Elo 1998 (-16),40,https://badmintonranks.com/tournament?id=14501,1,China Open 2025,Satwiksai.. / Chirag SH..,12,2158,ONG Yew.. / TEO Ee Yi,28,1998
25/7/2025,Quarter final,MD,Aaron CH.. / SOH Wo.. (2) Rank 2 Elo 2193 (+23),21-16 / 21-16,MAN Wei.. / TEE Kai .. (6) Rank 7 Elo 2148 (-23),33,https://badmintonranks.com/tournament?id=14501,1,China Open 2025,Aaron CH.. / SOH Wo.. (2),2,2193,MAN Wei.. / TEE Kai .. (6),7,2148
25/7/2025,Quarter final,MD,LIANG W.. / WANG C.. (5) Rank 6 Elo 2128 (+19),21-16 / 22-20,KANG Mi.. / KI Dong Ju Rank 40 Elo 2036 (-20),43,https://badmintonranks.com/tournament?id=14501,1,China Open 2025,LIANG W.. / WANG C.. (5),6,2128,KANG Mi.. / KI Dong Ju,40,2036
25/7/2025,Quarter final,MS,Anders ANTONSEN (2) Rank 3 Elo 2369 (+12),19-21 / 21-12 / 21-8,Toma Junior POPOV Rank 17 Elo 2167 (-12),72,https://badmintonranks.com/tournament?id=14501,1,China Open 2025,Anders ANTONSEN (2),3,2369,Toma Junior POPOV,17,2167
25/7/2025,Quarter final,WS,AN Se Young (1) Rank 1 Elo 2769 (+17),21-18 / 21-19,CHEN Yu Fei (5) Rank 5 Elo 2645 (-17),54,https://badmintonranks.com/tournament?id=14501,1,China Open 2025,AN Se Young (1),1,2769,CHEN Yu Fei (5),5,2645
25/7/2025,Quarter final,MD,Fajar ALF.. / Muhamma.. Rank 86 Elo 1984 (+49),21-19 / 21-14,KIM Won .. / SEO Seu.. (3) Rank 1 Elo 2320 (-46),43,https://badmintonranks.com/tournament?id=14501,2,China Open 2025,Fajar ALF.. / Muhamma..,86,1984,KIM Won .. / SEO Seu.. (3),1,2320
25/7/2025,Quarter final,MS,WANG Zheng Xing Rank 23 Elo 2090 (+39),21-6 / 22-20,Christo POPOV Rank 14 Elo 2252 (-37),36,https://badmintonranks.com/tournament?id=14501,2,China Open 2025,WANG Zheng Xing,23,2090,Christo POPOV,14,2252
25/7/2025,Quarter final,WD,KIM Hye .. / KONG H.. (7) Rank 6 Elo 2200 (+24),6-21 / 22-20 / 21-12,BAEK Ha.. / LEE So H.. (4) Rank 4 Elo 2160 (-24),64,https://badmintonranks.com/tournament?id=14501,2,China Open 2025,KIM Hye .. / KONG H.. (7),6,2200,BAEK Ha.. / LEE So H.. (4),4,2160
25/7/2025,Quarter final,WS,HAN Yue (4) Rank 3 Elo 2341 (+17),21-19 / 21-18,Gregoria Mariska TUN.. (8) Rank 8 Elo 2213 (-17),34,https://badmintonranks.com/tournament?id=14501,2,China Open 2025,HAN Yue (4),3,2341,Gregoria Mariska TUN.. (8),8,2213
25/7/2025,Quarter final,WD,Pearly TA.. / THINAAH.. (3) Rank 3 Elo 2232 (+17),21-16 / 21-12,Yuki FUK.. / Mayu MA.. (8) Rank 9 Elo 2099 (-17),39,https://badmintonranks.com/tournament?id=14501,2,China Open 2025,Pearly TA.. / THINAAH.. (3),3,2232,Yuki FUK.. / Mayu MA.. (8),9,2099
25/7/2025,Quarter final,WD,JIA Yi Fan / ZHANG S.. Rank 7 Elo 2232 (+6),21-7 / 21-15,GO Pei K.. / TEOH Mei.. Rank 22 Elo 1876 (-6),34,https://badmintonranks.com/tournament?id=14501,2,China Open 2025,JIA Yi Fan / ZHANG S..,7,2232,GO Pei K.. / TEOH Mei..,22,1876
25/7/2025,Quarter final,WD,LIU Shen.. / TAN Ning (1) Rank 1 Elo 2421 (+5),21-13 / 17-21 / 21-16,LI Yi jing / LUO Xu .. (5) Rank 5 Elo 2043 (-5),69,https://badmintonranks.com/tournament?id=14501,2,China Open 2025,LIU Shen.. / TAN Ning (1),1,2421,LI Yi jing / LUO Xu .. (5),5,2043
25/7/2025,Quarter final,WS,Akane YAMAGUCHI (3) Rank 4 Elo 2416 (+3),21-16 / 21-12,Unnati HOODA Rank 35 Elo 1942 (-4),33,https://badmintonranks.com/tournament?id=14501,2,China Open 2025,Akane YAMAGUCHI (3),4,2416,Unnati HOODA,35,1942
25/7/2025,Quarter final,MS,SHI Yu Qi (3) Rank 2 Elo 2513 (+13),15-21 / 21-15 / 21-11,LI Shi Feng (5) Rank 5 Elo 2326 (-13),61,https://badmintonranks.com/tournament?id=14501,2,China Open 2025,SHI Yu Qi (3),2,2513,LI Shi Feng (5),5,2326
25/7/2025,Quarter final,XD,Jafar HID.. / Felisha Al.. Rank 14 Elo 2023 (+36),21-13 / 18-21 / 21-17,TANG Ch.. / TSE Ying.. (3) Rank 5 Elo 2136 (-36),69,https://badmintonranks.com/tournament?id=14501,2,China Open 2025,Jafar HID.. / Felisha Al..,14,2023,TANG Ch.. / TSE Ying.. (3),5,2136
25/7/2025,Quarter final,XD,FENG Ya.. / HUANG .. (1) Rank 1 Elo 2398 (+4),21-14 / 21-11,Rehan N.. / Gloria Em.. Rank 16 Elo 1956 (-4),38,https://badmintonranks.com/tournament?id=14501,2,China Open 2025,FENG Ya.. / HUANG .. (1),1,2398,Rehan N.. / Gloria Em..,16,1956
25/7/2025,Quarter final,MS,CHOU Tien Chen (6) Rank 6 Elo 2227 (+41),21-17 / 21-11,Kunlavut VITIDSARN (1) Rank 1 Elo 2443 (-41),37,https://badmintonranks.com/tournament?id=14501,2,China Open 2025,CHOU Tien Chen (6),6,2227,Kunlavut VITIDSARN (1),1,2443
25/7/2025,Quarter final,WS,WANG Zhi Yi (2) Rank 2 Elo 2520 (+2),21-16 / 21-11,CHIU Pin-Chian Rank 21 Elo 1958 (-2),42,https://badmintonranks.com/tournament?id=14501,2,China Open 2025,WANG Zhi Yi (2),2,2520,CHIU Pin-Chian,21,1958
25/7/2025,Quarter final,XD,JIANG Zh.. / WEI Ya X.. (2) Rank 2 Elo 2336 (+2),21-17 / 21-14,WANG C.. / JEONG N.. Rank Elo 1777 (-3),37,https://badmintonranks.com/tournament?id=14501,2,China Open 2025,JIANG Zh.. / WEI Ya X.. (2),2,2336,WANG C.. / JEONG N..,,1777
25/7/2025,Quarter final,XD,GUO Xin .. / CHEN Fa.. Rank 9 Elo 2073 (+32),21-19 / 21-15,CHEN Ta.. / TOH Ee .. (4) Rank 4 Elo 2139 (-32),43,https://badmintonranks.com/tournament?id=14501,2,China Open 2025,GUO Xin .. / CHEN Fa..,9,2073,CHEN Ta.. / TOH Ee .. (4),4,2139
24/7/2025,Round 2,WS,AN Se Young (1) Rank 1 Elo 2766 (+3),21-13 / 21-15,SIM Yu Jin Rank 14 Elo 2229 (-2),40,https://badmintonranks.com/tournament?id=14501,2,China Open 2025,AN Se Young (1),1,2766,SIM Yu Jin,14,2229
24/7/2025,Round 2,MD,MAN Wei.. / TEE Kai .. (6) Rank 7 Elo 2138 (+10),17-21 / 21-17 / 21-19,Nur Mohd.. / TAN Wee .. Rank 25 Elo 1892 (-11),57,https://badmintonranks.com/tournament?id=14501,2,China Open 2025,MAN Wei.. / TEE Kai .. (6),7,2138,Nur Mohd.. / TAN Wee ..,25,1892
24/7/2025,Round 2,WD,KIM Hye .. / KONG H.. (7) Rank 6 Elo 2191 (+9),21-18 / 19-21 / 21-17,HSIEH P.. / HUNG En-.. Rank 12 Elo 1921 (-10),62,https://badmintonranks.com/tournament?id=14501,2,China Open 2025,KIM Hye .. / KONG H.. (7),6,2191,HSIEH P.. / HUNG En-..,12,1921
24/7/2025,Round 2,MD,Fajar ALF.. / Muhamma.. Rank 86 Elo 1947 (+37),21-8 / 21-13,Sabar Ka.. / Moh Rez.. (7) Rank 8 Elo 2071 (-34),25,https://badmintonranks.com/tournament?id=14501,2,China Open 2025,Fajar ALF.. / Muhamma..,86,1947,Sabar Ka.. / Moh Rez.. (7),8,2071
24/7/2025,Round 2,MD,LIANG W.. / WANG C.. (5) Rank 6 Elo 2113 (+15),21-15 / 21-12,HUANG .. / LIU Yang Rank 17 Elo 1954 (-16),30,https://badmintonranks.com/tournament?id=14501,2,China Open 2025,LIANG W.. / WANG C.. (5),6,2113,HUANG .. / LIU Yang,17,1954
24/7/2025,Round 2,MD,KANG Mi.. / KI Dong Ju Rank 40 Elo 2020 (+16),21-17 / 21-13,Daniel LU.. / Mads VES.. Rank 26 Elo 1871 (-18),39,https://badmintonranks.com/tournament?id=14501,3,China Open 2025,KANG Mi.. / KI Dong Ju,40,2020,Daniel LU.. / Mads VES..,26,1871
24/7/2025,Round 2,WD,Yuki FUK.. / Mayu MA.. (8) Rank 9 Elo 2081 (+18),21-14 / 21-9,Febriana .. / Amallia C.. Rank 10 Elo 1974 (-19),37,https://badmintonranks.com/tournament?id=14501,3,China Open 2025,Yuki FUK.. / Mayu MA.. (8),9,2081,Febriana .. / Amallia C..,10,1974
24/7/2025,Round 2,WD,BAEK Ha.. / LEE So H.. (4) Rank 4 Elo 2155 (+5),21-7 / 21-16,LUI Lok L.. / TSANG Hi.. Rank 27 Elo 1748 (-6),31,https://badmintonranks.com/tournament?id=14501,3,China Open 2025,BAEK Ha.. / LEE So H.. (4),4,2155,LUI Lok L.. / TSANG Hi..,27,1748
24/7/2025,Round 2,MS,SHI Yu Qi (3) Rank 2 Elo 2509 (+4),21-15 / 21-8,Nhat NGUYEN Rank 34 Elo 2053 (-3),43,https://badmintonranks.com/tournament?id=14501,3,China Open 2025,SHI Yu Qi (3),2,2509,Nhat NGUYEN,34,2053
24/7/2025,Round 2,WS,CHEN Yu Fei (5) Rank 5 Elo 2641 (+4),13-21 / 21-5 / 21-9,GAO Fang jie Rank 12 Elo 2239 (-5),53,https://badmintonranks.com/tournament?id=14501,3,China Open 2025,CHEN Yu Fei (5),5,2641,GAO Fang jie,12,2239
24/7/2025,Round 2,WD,GO Pei K.. / TEOH Mei.. Rank 22 Elo 1824 (+52),26-24 / 7-21 / 21-18,Rin IWAN.. / Kie NAK.. (6) Rank 8 Elo 2118 (-43),63,https://badmintonranks.com/tournament?id=14501,3,China Open 2025,GO Pei K.. / TEOH Mei..,22,1824,Rin IWAN.. / Kie NAK.. (6),8,2118
24/7/2025,Round 2,WD,LIU Shen.. / TAN Ning (1) Rank 1 Elo 2419 (+2),21-9 / 21-13,Lauren L.. / Allison Qu.. Rank 28 Elo 1840 (-2),31,https://badmintonranks.com/tournament?id=14501,3,China Open 2025,LIU Shen.. / TAN Ning (1),1,2419,Lauren L.. / Allison Qu..,28,1840
24/7/2025,Round 2,WS,HAN Yue (4) Rank 3 Elo 2336 (+5),19-21 / 21-15 / 21-11,HAN Qian Xi Rank 34 Elo 1967 (-6),54,https://badmintonranks.com/tournament?id=14501,3,China Open 2025,HAN Yue (4),3,2336,HAN Qian Xi,34,1967
24/7/2025,Round 2,WS,Unnati HOODA Rank 35 Elo 1900 (+42),21-16 / 19-21 / 21-13,PUSARLA V. Sindhu Rank 15 Elo 2078 (-38),73,https://badmintonranks.com/tournament?id=14501,3,China Open 2025,Unnati HOODA,35,1900,PUSARLA V. Sindhu,15,2078
24/7/2025,Round 2,MD,Aaron CH.. / SOH Wo.. (2) Rank 2 Elo 2184 (+9),21-17 / 21-18,Christo P.. / Toma Juni.. Rank 20 Elo 1915 (-10),35,https://badmintonranks.com/tournament?id=14501,3,China Open 2025,Aaron CH.. / SOH Wo.. (2),2,2184,Christo P.. / Toma Juni..,20,1915
24/7/2025,Round 2,MD,KIM Won .. / SEO Seu.. (3) Rank 1 Elo 2308 (+12),21-13 / 21-13,Takuro H.. / Yugo KOB.. Rank 16 Elo 2099 (-12),34,https://badmintonranks.com/tournament?id=14501,3,China Open 2025,KIM Won .. / SEO Seu.. (3),1,2308,Takuro H.. / Yugo KOB..,16,2099
24/7/2025,Round 2,XD,WANG C.. / JEONG N.. Rank Elo 1716 (+61),12-21 / 21-13 / 21-19,Amri SYA.. / Nita Violin.. Rank 20 Elo 1943 (-43),55,https://badmintonranks.com/tournament?id=14501,3,China Open 2025,WANG C.. / JEONG N..,,1716,Amri SYA.. / Nita Violin..,20,1943
24/7/2025,Round 2,WD,LI Yi jing / LUO Xu .. (5) Rank 5 Elo 2027 (+16),21-17 / 21-19,Mizuki O.. / Miyu TAK.. Rank 26 Elo 1885 (-17),43,https://badmintonranks.com/tournament?id=14501,3,China Open 2025,LI Yi jing / LUO Xu .. (5),5,2027,Mizuki O.. / Miyu TAK..,26,1885
24/7/2025,Round 2,MD,ONG Yew.. / TEO Ee Yi Rank 28 Elo 1968 (+30),21-16 / 21-16,Dechapol.. / Kittinupon.. Rank 13 Elo 2004 (-29),30,https://badmintonranks.com/tournament?id=14501,3,China Open 2025,ONG Yew.. / TEO Ee Yi,28,1968,Dechapol.. / Kittinupon..,13,2004
24/7/2025,Round 2,XD,FENG Ya.. / HUANG .. (1) Rank 1 Elo 2397 (+1),21-11 / 24-26 / 21-9,WONG Ti.. / LIM Chiew.. Rank 34 Elo 1679 (-1),59,https://badmintonranks.com/tournament?id=14501,3,China Open 2025,FENG Ya.. / HUANG .. (1),1,2397,WONG Ti.. / LIM Chiew..,34,1679
24/7/2025,Round 2,MS,Anders ANTONSEN (2) Rank 3 Elo 2350 (+19),21-19 / 20-22 / 22-20,LIN Chun-Yi Rank 16 Elo 2254 (-19),89,https://badmintonranks.com/tournament?id=14501,3,China Open 2025,Anders ANTONSEN (2),3,2350,LIN Chun-Yi,16,2254
24/7/2025,Round 2,MS,LI Shi Feng (5) Rank 5 Elo 2315 (+11),21-17 / 21-9,NG Ka Long Angus Rank 20 Elo 2095 (-11),44,https://badmintonranks.com/tournament?id=14501,3,China Open 2025,LI Shi Feng (5),5,2315,NG Ka Long Angus,20,2095
24/7/2025,Round 2,WD,Pearly TA.. / THINAAH.. (3) Rank 3 Elo 2225 (+7),21-17 / 21-13,Rui HIRO.. / Sayaka H.. Rank 99 Elo 1894 (-7),38,https://badmintonranks.com/tournament?id=14501,3,China Open 2025,Pearly TA.. / THINAAH.. (3),3,2225,Rui HIRO.. / Sayaka H..,99,1894
24/7/2025,Round 2,WD,JIA Yi Fan / ZHANG S.. Rank 7 Elo 2227 (+5),21-9 / 21-12,YEUNG .. / YEUNG P.. Rank 17 Elo 1831 (-5),29,https://badmintonranks.com/tournament?id=14501,3,China Open 2025,JIA Yi Fan / ZHANG S..,7,2227,YEUNG .. / YEUNG P..,17,1831
24/7/2025,Round 2,MS,WANG Zheng Xing Rank 23 Elo 2059 (+31),21-12 / 25-27 / 23-21,LEE Chia Hao Rank 21 Elo 2135 (-31),69,https://badmintonranks.com/tournament?id=14501,3,China Open 2025,WANG Zheng Xing,23,2059,LEE Chia Hao,21,2135
24/7/2025,Round 2,WS,Gregoria Mariska TUN.. (8) Rank 8 Elo 2202 (+11),21-13 / 21-14,LIN Hsiang Ti Rank 22 Elo 1980 (-12),33,https://badmintonranks.com/tournament?id=14501,4,China Open 2025,Gregoria Mariska TUN.. (8),8,2202,LIN Hsiang Ti,22,1980
24/7/2025,Round 2,WS,Akane YAMAGUCHI (3) Rank 4 Elo 2411 (+5),21-14 / 21-17,Busanan ONGBAMRUN.. Rank 20 Elo 1999 (-4),44,https://badmintonranks.com/tournament?id=14501,4,China Open 2025,Akane YAMAGUCHI (3),4,2411,Busanan ONGBAMRUN..,20,1999
24/7/2025,Round 2,XD,TANG Ch.. / TSE Ying.. (3) Rank 5 Elo 2124 (+12),21-18 / 21-16,Ruttanap.. / Jhenicha .. Rank 15 Elo 1908 (-13),42,https://badmintonranks.com/tournament?id=14501,4,China Open 2025,TANG Ch.. / TSE Ying.. (3),5,2124,Ruttanap.. / Jhenicha ..,15,1908
24/7/2025,Round 2,XD,JIANG Zh.. / WEI Ya X.. (2) Rank 2 Elo 2334 (+2),21-11 / 21-12,LU Ming .. / HUNG En-.. Rank 35 Elo 1764 (-3),27,https://badmintonranks.com/tournament?id=14501,4,China Open 2025,JIANG Zh.. / WEI Ya X.. (2),2,2334,LU Ming .. / HUNG En-..,35,1764
24/7/2025,Round 2,WS,WANG Zhi Yi (2) Rank 2 Elo 2516 (+4),21-15 / 21-13,Riko GUNJI Rank 28 Elo 2115 (-4),47,https://badmintonranks.com/tournament?id=14501,4,China Open 2025,WANG Zhi Yi (2),2,2516,Riko GUNJI,28,2115
24/7/2025,Round 2,MD,Satwiksai.. / Chirag SH.. Rank 12 Elo 2143 (+15),21-19 / 21-19,Leo Rolly.. / Bagas M.. (8) Rank 10 Elo 1997 (-16),43,https://badmintonranks.com/tournament?id=14501,4,China Open 2025,Satwiksai.. / Chirag SH..,12,2143,Leo Rolly.. / Bagas M.. (8),10,1997
24/7/2025,Round 2,XD,Rehan N.. / Gloria Em.. Rank 16 Elo 1917 (+39),21-14 / 21-15,Hiroki MI.. / Natsu SA.. (8) Rank 8 Elo 2065 (-37),34,https://badmintonranks.com/tournament?id=14501,4,China Open 2025,Rehan N.. / Gloria Em..,16,1917,Hiroki MI.. / Natsu SA.. (8),8,2065
24/7/2025,Round 2,MS,Christo POPOV Rank 14 Elo 2224 (+28),21-12 / 13-21 / 21-16,Jonatan CHRISTIE (4) Rank 4 Elo 2261 (-28),62,https://badmintonranks.com/tournament?id=14501,4,China Open 2025,Christo POPOV,14,2224,Jonatan CHRISTIE (4),4,2261
24/7/2025,Round 2,WS,CHIU Pin-Chian Rank 21 Elo 1932 (+26),17-21 / 21-15 / 21-18,SUNG Shuo Yun Rank 23 Elo 1912 (-26),69,https://badmintonranks.com/tournament?id=14501,4,China Open 2025,CHIU Pin-Chian,21,1932,SUNG Shuo Yun,23,1912
24/7/2025,Round 2,XD,CHEN Ta.. / TOH Ee .. (4) Rank 4 Elo 2127 (+12),22-20 / 21-17,GAO Jia .. / WU Meng .. Rank 39 Elo 1914 (-13),35,https://badmintonranks.com/tournament?id=14501,4,China Open 2025,CHEN Ta.. / TOH Ee .. (4),4,2127,GAO Jia .. / WU Meng ..,39,1914
24/7/2025,Round 2,MS,CHOU Tien Chen (6) Rank 6 Elo 2214 (+13),18-21 / 21-15 / 21-8,PRANNOY H. S. Rank 35 Elo 2026 (-13),65,https://badmintonranks.com/tournament?id=14501,4,China Open 2025,CHOU Tien Chen (6),6,2214,PRANNOY H. S.,35,2026
24/7/2025,Round 2,MS,Toma Junior POPOV Rank 17 Elo 2157 (+10),21-17 / 21-16,Brian YANG Rank 32 Elo 1914 (-11),45,https://badmintonranks.com/tournament?id=14501,4,China Open 2025,Toma Junior POPOV,17,2157,Brian YANG,32,1914
24/7/2025,Round 2,MS,Kunlavut VITIDSARN (1) Rank 1 Elo 2435 (+8),23-21 / 21-7,LEONG Jun Hao Rank 26 Elo 2155 (-9),48,https://badmintonranks.com/tournament?id=14501,4,China Open 2025,Kunlavut VITIDSARN (1),1,2435,LEONG Jun Hao,26,2155
24/7/2025,Round 2,XD,GUO Xin .. / CHEN Fa.. Rank 9 Elo 2032 (+41),22-20 / 21-15,Dechapol.. / Supissar.. (5) Rank 3 Elo 2263 (-40),44,https://badmintonranks.com/tournament?id=14501,4,China Open 2025,GUO Xin .. / CHEN Fa..,9,2032,Dechapol.. / Supissar.. (5),3,2263
24/7/2025,Round 2,XD,Jafar HID.. / Felisha Al.. Rank 14 Elo 2011 (+12),21-9 / 21-15,Mads VE.. / Christine .. Rank 24 Elo 1802 (-15),34,https://badmintonranks.com/tournament?id=14501,4,China Open 2025,Jafar HID.. / Felisha Al..,14,2011,Mads VE.. / Christine ..,24,1802
23/7/2025,Round 1,MD,MAN Wei.. / TEE Kai .. (6) Rank 7 Elo 2128 (+10),21-17 / 21-19,Junaidi A.. / YAP Roy .. Rank 24 Elo 1875 (-11),34,https://badmintonranks.com/tournament?id=14501,4,China Open 2025,MAN Wei.. / TEE Kai .. (6),7,2128,Junaidi A.. / YAP Roy ..,24,1875
23/7/2025,Round 1,MD,Nur Mohd.. / TAN Wee .. Rank 25 Elo 1862 (+30),21-16 / 18-21 / 21-14,LEE Fan.. / LEE Fang-.. Rank 22 Elo 1869 (-30),52,https://badmintonranks.com/tournament?id=14501,4,China Open 2025,Nur Mohd.. / TAN Wee ..,25,1862,LEE Fan.. / LEE Fang-..,22,1869
23/7/2025,Round 1,WD,Pearly TA.. / THINAAH.. (3) Rank 3 Elo 2223 (+2),21-8 / 21-12,ONG Xin .. / Carmen TI.. Rank 38 Elo 1648 (-3),24,https://badmintonranks.com/tournament?id=14501,4,China Open 2025,Pearly TA.. / THINAAH.. (3),3,2223,ONG Xin .. / Carmen TI..,38,1648
23/7/2025,Round 1,WD,Yuki FUK.. / Mayu MA.. (8) Rank 9 Elo 2074 (+7),21-15 / 21-10,CHANG .. / YANG Chi.. Rank 20 Elo 1735 (-9),38,https://badmintonranks.com/tournament?id=14501,4,China Open 2025,Yuki FUK.. / Mayu MA.. (8),9,2074,CHANG .. / YANG Chi..,20,1735
23/7/2025,Round 1,WD,Rui HIRO.. / Sayaka H.. Rank 99 Elo 1851 (+43),21-10 / 21-16,Gabriela .. / Stefani ST.. Rank 15 Elo 2015 (-38),28,https://badmintonranks.com/tournament?id=14501,4,China Open 2025,Rui HIRO.. / Sayaka H..,99,1851,Gabriela .. / Stefani ST..,15,2015
23/7/2025,Round 1,MD,Christo P.. / Toma Juni.. Rank 20 Elo 1904 (+11),21-17 / 21-14,Kevin LEE / Ty Alexan.. Rank 65 Elo 1662 (-18),36,https://badmintonranks.com/tournament?id=14501,5,China Open 2025,Christo P.. / Toma Juni..,20,1904,Kevin LEE / Ty Alexan..,65,1662
23/7/2025,Round 1,WD,Febriana .. / Amallia C.. Rank 10 Elo 1966 (+8),21-10 / 21-16,SUNG Sh.. / YU Chien .. Rank 18 Elo 1658 (-14),31,https://badmintonranks.com/tournament?id=14501,5,China Open 2025,Febriana .. / Amallia C..,10,1966,SUNG Sh.. / YU Chien ..,18,1658
23/7/2025,Round 1,MD,ONG Yew.. / TEO Ee Yi Rank 28 Elo 1955 (+13),21-17 / 21-14,REN Xian.. / SUN Wen .. Rank Elo 1763 (-17),35,https://badmintonranks.com/tournament?id=14501,5,China Open 2025,ONG Yew.. / TEO Ee Yi,28,1955,REN Xian.. / SUN Wen ..,,1763
23/7/2025,Round 1,MS,LIN Chun-Yi Rank 16 Elo 2240 (+14),21-13 / 16-21 / 21-8,CHI Yu Jen Rank 29 Elo 2069 (-14),53,https://badmintonranks.com/tournament?id=14501,5,China Open 2025,LIN Chun-Yi,16,2240,CHI Yu Jen,29,2069
23/7/2025,Round 1,WS,Riko GUNJI Rank 28 Elo 2087 (+28),19-21 / 21-10 / 21-13,ZHANG Beiwen Rank 27 Elo 2116 (-27),48,https://badmintonranks.com/tournament?id=14501,5,China Open 2025,Riko GUNJI,28,2087,ZHANG Beiwen,27,2116
23/7/2025,Round 1,WS,CHIU Pin-Chian Rank 21 Elo 1901 (+31),20-22 / 21-19 / 11-5 Ret.,Pornpawee CHOCHU.. (7) Rank 7 Elo 2289 (-28),64,https://badmintonranks.com/tournament?id=14501,5,China Open 2025,CHIU Pin-Chian,21,1901,Pornpawee CHOCHU.. (7),7,2289
23/7/2025,Round 1,WD,GO Pei K.. / TEOH Mei.. Rank 22 Elo 1809 (+15),21-5 / 21-6,Paulina C.. / Kornelia M.. Rank 40 Elo 1600 (-25),22,https://badmintonranks.com/tournament?id=14501,5,China Open 2025,GO Pei K.. / TEOH Mei..,22,1809,Paulina C.. / Kornelia M..,40,1600
23/7/2025,Round 1,XD,LU Ming .. / HUNG En-.. Rank 35 Elo 1733 (+31),21-16 / 19-21 / 21-12,Julien MA.. / Lea PALE.. Rank 40 Elo 1675 (-36),51,https://badmintonranks.com/tournament?id=14501,5,China Open 2025,LU Ming .. / HUNG En-..,35,1733,Julien MA.. / Lea PALE..,40,1675
23/7/2025,Round 1,WS,WANG Zhi Yi (2) Rank 2 Elo 2514 (+2),21-16 / 21-9,HSU Wen Chi Rank 37 Elo 1980 (-3),37,https://badmintonranks.com/tournament?id=14501,5,China Open 2025,WANG Zhi Yi (2),2,2514,HSU Wen Chi,37,1980
23/7/2025,Round 1,MS,SHI Yu Qi (3) Rank 2 Elo 2500 (+9),21-16 / 21-11,WENG Hong Yang Rank 11 Elo 2232 (-9),46,https://badmintonranks.com/tournament?id=14501,5,China Open 2025,SHI Yu Qi (3),2,2500,WENG Hong Yang,11,2232
23/7/2025,Round 1,MS,WANG Zheng Xing Rank 23 Elo 2021 (+38),15-21 / 21-16 / 21-17,Kodai NARAOKA (7) Rank 7 Elo 2187 (-37),69,https://badmintonranks.com/tournament?id=14501,5,China Open 2025,WANG Zheng Xing,23,2021,Kodai NARAOKA (7),7,2187
23/7/2025,Round 1,MD,Dechapol.. / Kittinupon.. Rank 13 Elo 1971 (+33),18-21 / 21-19 / 21-18,Kim AST.. / Anders S.. (4) Rank 4 Elo 2053 (-32),68,https://badmintonranks.com/tournament?id=14501,5,China Open 2025,Dechapol.. / Kittinupon..,13,1971,Kim AST.. / Anders S.. (4),4,2053
23/7/2025,Round 1,WS,Busanan ONGBAMRUN.. Rank 20 Elo 1990 (+9),21-16 / 21-19,Polina BUHROVA Rank 39 Elo 1721 (-13),42,https://badmintonranks.com/tournament?id=14501,5,China Open 2025,Busanan ONGBAMRUN..,20,1990,Polina BUHROVA,39,1721
23/7/2025,Round 1,MS,Brian YANG Rank 32 Elo 1866 (+48),9-21 / 21-16 / 21-14,Anthony Sinisuka GINTI.. Rank 46 Elo 2119 (-41),63,https://badmintonranks.com/tournament?id=14501,5,China Open 2025,Brian YANG,32,1866,Anthony Sinisuka GINTI..,46,2119
23/7/2025,Round 1,WD,Rin IWAN.. / Kie NAK.. (6) Rank 8 Elo 2104 (+14),21-19 / 21-14,JEONG .. / LEE Yeon .. Rank 48 Elo 1933 (-15),45,https://badmintonranks.com/tournament?id=14501,5,China Open 2025,Rin IWAN.. / Kie NAK.. (6),8,2104,JEONG .. / LEE Yeon ..,48,1933
23/7/2025,Round 1,WD,LIU Shen.. / TAN Ning (1) Rank 1 Elo 2418 (+1),21-10 / 21-14,Gronya S.. / Angela YU Rank 35 Elo 1749 (-1),33,https://badmintonranks.com/tournament?id=14501,5,China Open 2025,LIU Shen.. / TAN Ning (1),1,2418,Gronya S.. / Angela YU,35,1749
23/7/2025,Round 1,WS,SUNG Shuo Yun Rank 23 Elo 1873 (+39),22-20 / 21-16,Line Højmark KJAERSF.. Rank 19 Elo 1995 (-35),45,https://badmintonranks.com/tournament?id=14501,5,China Open 2025,SUNG Shuo Yun,23,1873,Line Højmark KJAERSF..,19,1995
23/7/2025,Round 1,MS,LEE Chia Hao Rank 21 Elo 2099 (+36),21-8 / 21-15,LU Guang Zu Rank 12 Elo 2250 (-35),38,https://badmintonranks.com/tournament?id=14501,5,China Open 2025,LEE Chia Hao,21,2099,LU Guang Zu,12,2250
23/7/2025,Round 1,WS,Unnati HOODA Rank 35 Elo 1865 (+35),21-11 / 21-16,Kirsty GILMOUR Rank 29 Elo 1937 (-33),36,https://badmintonranks.com/tournament?id=14501,5,China Open 2025,Unnati HOODA,35,1865,Kirsty GILMOUR,29,1937
23/7/2025,Round 1,MD,Leo Rolly.. / Bagas M.. (8) Rank 10 Elo 1981 (+16),21-17 / 21-17,Takumi N.. / Yuichi SHI.. Rank 31 Elo 1826 (-18),39,https://badmintonranks.com/tournament?id=14501,5,China Open 2025,Leo Rolly.. / Bagas M.. (8),10,1981,Takumi N.. / Yuichi SHI..,31,1826
23/7/2025,Round 1,XD,Mads VE.. / Christine .. Rank 24 Elo 1767 (+35),21-23 / 21-13 / 21-18,Callum H.. / Estelle VA.. Rank 30 Elo 1771 (-34),59,https://badmintonranks.com/tournament?id=14501,6,China Open 2025,Mads VE.. / Christine ..,24,1767,Callum H.. / Estelle VA..,30,1771
23/7/2025,Round 1,MD,Aaron CH.. / SOH Wo.. (2) Rank 2 Elo 2173 (+11),21-19 / 21-15,Rasmus .. / Frederik S.. Rank 19 Elo 1947 (-12),41,https://badmintonranks.com/tournament?id=14501,6,China Open 2025,Aaron CH.. / SOH Wo.. (2),2,2173,Rasmus .. / Frederik S..,19,1947
23/7/2025,Round 1,MS,Christo POPOV Rank 14 Elo 2210 (+14),21-13 / 21-8,LEI Lan Xi Rank 28 Elo 2055 (-15),35,https://badmintonranks.com/tournament?id=14501,6,China Open 2025,Christo POPOV,14,2210,LEI Lan Xi,28,2055
23/7/2025,Round 1,XD,JIANG Zh.. / WEI Ya X.. (2) Rank 2 Elo 2333 (+1),21-14 / 21-11,Kevin LEE / Josephine.. Rank 117 Elo 1690 (-2),28,https://badmintonranks.com/tournament?id=14501,6,China Open 2025,JIANG Zh.. / WEI Ya X.. (2),2,2333,Kevin LEE / Josephine..,117,1690
23/7/2025,Round 1,MS,Anders ANTONSEN (2) Rank 3 Elo 2343 (+7),21-19 / 21-15,Yushi TANAKA Rank 27 Elo 2022 (-7),46,https://badmintonranks.com/tournament?id=14501,6,China Open 2025,Anders ANTONSEN (2),3,2343,Yushi TANAKA,27,2022
23/7/2025,Round 1,WS,AN Se Young (1) Rank 1 Elo 2766 (+0),13-21 / 21-3 / 21-10,Michelle LI Rank 16 Elo 2081 (-1),52,https://badmintonranks.com/tournament?id=14501,6,China Open 2025,AN Se Young (1),1,2766,Michelle LI,16,2081
23/7/2025,Round 1,XD,Ruttanap.. / Jhenicha .. Rank 15 Elo 1890 (+18),18-21 / 21-19 / 24-22,YANG Po.. / HU Ling F.. Rank 12 Elo 1760 (-22),61,https://badmintonranks.com/tournament?id=14501,6,China Open 2025,Ruttanap.. / Jhenicha ..,15,1890,YANG Po.. / HU Ling F..,12,1760
23/7/2025,Round 1,WS,Akane YAMAGUCHI (3) Rank 4 Elo 2406 (+5),21-12 / 21-9,Mia BLICHFELDT Rank 26 Elo 2042 (-6),29,https://badmintonranks.com/tournament?id=14501,6,China Open 2025,Akane YAMAGUCHI (3),4,2406,Mia BLICHFELDT,26,2042
23/7/2025,Round 1,MD,Satwiksai.. / Chirag SH.. Rank 12 Elo 2137 (+6),21-13 / 21-9,Kenya MI.. / Hiroki OK.. Rank 33 Elo 1757 (-7),31,https://badmintonranks.com/tournament?id=14501,6,China Open 2025,Satwiksai.. / Chirag SH..,12,2137,Kenya MI.. / Hiroki OK..,33,1757
23/7/2025,Round 1,WS,PUSARLA V. Sindhu Rank 15 Elo 2045 (+33),21-15 / 8-21 / 21-17,Tomoka MIYAZAKI (6) Rank 6 Elo 2147 (-33),62,https://badmintonranks.com/tournament?id=14501,6,China Open 2025,PUSARLA V. Sindhu,15,2045,Tomoka MIYAZAKI (6),6,2147
23/7/2025,Round 1,MS,Toma Junior POPOV Rank 17 Elo 2117 (+40),22-20 / 13-21 / 21-17,Alex LANIER (8) Rank 9 Elo 2349 (-40),67,https://badmintonranks.com/tournament?id=14501,6,China Open 2025,Toma Junior POPOV,17,2117,Alex LANIER (8),9,2349
23/7/2025,Round 1,XD,TANG Ch.. / TSE Ying.. (3) Rank 5 Elo 2122 (+2),21-12 / 21-12,CHEN Z.. / Francesca.. Rank 91 Elo 1604 (-6),25,https://badmintonranks.com/tournament?id=14501,6,China Open 2025,TANG Ch.. / TSE Ying.. (3),5,2122,CHEN Z.. / Francesca..,91,1604
23/7/2025,Round 1,XD,Jafar HID.. / Felisha Al.. Rank 14 Elo 1978 (+33),18-21 / 24-22 / 21-15,GOH Soo.. / LAI Shev.. (6) Rank 6 Elo 2051 (-31),69,https://badmintonranks.com/tournament?id=14501,6,China Open 2025,Jafar HID.. / Felisha Al..,14,1978,GOH Soo.. / LAI Shev.. (6),6,2051
23/7/2025,Round 1,WD,JIA Yi Fan / ZHANG S.. Rank 7 Elo 2196 (+31),21-23 / 21-11 / 21-11,Nami MA.. / Chiharu .. (2) Rank 2 Elo 2280 (-32),59,https://badmintonranks.com/tournament?id=14501,6,China Open 2025,JIA Yi Fan / ZHANG S..,7,2196,Nami MA.. / Chiharu .. (2),2,2280
23/7/2025,Round 1,WD,YEUNG .. / YEUNG P.. Rank 17 Elo 1821 (+10),21-12 / 21-13,Rutaparn.. / Swetaparn.. Rank 36 Elo 1531 (-22),31,https://badmintonranks.com/tournament?id=14501,6,China Open 2025,YEUNG .. / YEUNG P..,17,1821,Rutaparn.. / Swetaparn..,36,1531
23/7/2025,Round 1,MD,KIM Won .. / SEO Seu.. (3) Rank 1 Elo 2305 (+3),21-14 / 21-14,XIE Hao .. / ZENG Wei.. Rank 29 Elo 1831 (-4),35,https://badmintonranks.com/tournament?id=14501,6,China Open 2025,KIM Won .. / SEO Seu.. (3),1,2305,XIE Hao .. / ZENG Wei..,29,1831
23/7/2025,Round 1,XD,WANG C.. / JEONG N.. Rank Elo 1619 (+97),21-17 / 16-21 / 21-15,Thom GI.. / Delphine .. (7) Rank 7 Elo 2082 (-48),61,https://badmintonranks.com/tournament?id=14501,6,China Open 2025,WANG C.. / JEONG N..,,1619,Thom GI.. / Delphine .. (7),7,2082
23/7/2025,Round 1,MS,Jonatan CHRISTIE (4) Rank 4 Elo 2251 (+10),21-17 / 21-12,Jia Heng Jason TEH Rank 22 Elo 2015 (-11),43,https://badmintonranks.com/tournament?id=14501,6,China Open 2025,Jonatan CHRISTIE (4),4,2251,Jia Heng Jason TEH,22,2015
23/7/2025,Round 1,XD,Dechapol.. / Supissar.. (5) Rank 3 Elo 2261 (+2),21-12 / 21-11,HEE Yon.. / JIN Yu Jia Rank 23 Elo 1722 (-3),25,https://badmintonranks.com/tournament?id=14501,6,China Open 2025,Dechapol.. / Supissar.. (5),3,2261,HEE Yon.. / JIN Yu Jia,23,1722
23/7/2025,Round 1,XD,Amri SYA.. / Nita Violin.. Rank 20 Elo 1907 (+36),21-18 / 17-21 / 21-19,CHENG .. / ZHANG C.. Rank 11 Elo 2003 (-33),67,https://badmintonranks.com/tournament?id=14501,6,China Open 2025,Amri SYA.. / Nita Violin..,20,1907,CHENG .. / ZHANG C..,11,2003
23/7/2025,Round 1,MD,KANG Mi.. / KI Dong Ju Rank 40 Elo 1983 (+37),15-21 / 21-15 / 21-17,GOH Sze.. / Nur IZZU.. (1) Rank 3 Elo 2137 (-36),56,https://badmintonranks.com/tournament?id=14501,7,China Open 2025,KANG Mi.. / KI Dong Ju,40,1983,GOH Sze.. / Nur IZZU.. (1),3,2137
22/7/2025,Round 1,WD,Mizuki O.. / Miyu TAK.. Rank 26 Elo 1879 (+6),24-22 / 21-10,Annie LA.. / Estelle VA.. Rank Elo 1508 (-16),40,https://badmintonranks.com/tournament?id=14501,7,China Open 2025,Mizuki O.. / Miyu TAK..,26,1879,Annie LA.. / Estelle VA..,,1508
22/7/2025,Round 1,MS,Nhat NGUYEN Rank 34 Elo 2028 (+25),20-22 / 21-16 / 21-11,Rasmus GEMKE Rank 30 Elo 2021 (-26),85,https://badmintonranks.com/tournament?id=14501,7,China Open 2025,Nhat NGUYEN,34,2028,Rasmus GEMKE,30,2021
22/7/2025,Round 1,MD,Sabar Ka.. / Moh Rez.. (7) Rank 8 Elo 2062 (+9),21-9 / 21-14,CHEN Z.. / Presley S.. Rank 30 Elo 1800 (-11),30,https://badmintonranks.com/tournament?id=14501,7,China Open 2025,Sabar Ka.. / Moh Rez.. (7),8,2062,CHEN Z.. / Presley S..,30,1800
22/7/2025,Round 1,MD,Fajar ALF.. / Muhamma.. Rank 86 Elo 1930 (+17),21-11 / 21-10,CHOON.. / Muhamma.. Rank 53 Elo 1797 (-21),23,https://badmintonranks.com/tournament?id=14501,7,China Open 2025,Fajar ALF.. / Muhamma..,86,1930,CHOON.. / Muhamma..,53,1797
22/7/2025,Round 1,MD,Daniel LU.. / Mads VES.. Rank 26 Elo 1836 (+35),12-21 / 21-12 / 21-14,CHIU Hsi.. / WANG Ch.. Rank 18 Elo 1885 (-33),44,https://badmintonranks.com/tournament?id=14501,7,China Open 2025,Daniel LU.. / Mads VES..,26,1836,CHIU Hsi.. / WANG Ch..,18,1885
22/7/2025,Round 1,WD,Lauren L.. / Allison Qu.. Rank 28 Elo 1832 (+8),21-16 / 21-14,Kavipriya .. / Simran SI.. Rank 58 Elo 1517 (-20),36,https://badmintonranks.com/tournament?id=14501,7,China Open 2025,Lauren L.. / Allison Qu..,28,1832,Kavipriya .. / Simran SI..,58,1517
22/7/2025,Round 1,MS,LEONG Jun Hao Rank 26 Elo 2128 (+27),21-15 / 21-18,Kenta NISHIMOTO Rank 13 Elo 2147 (-27),45,https://badmintonranks.com/tournament?id=14501,7,China Open 2025,LEONG Jun Hao,26,2128,Kenta NISHIMOTO,13,2147
22/7/2025,Round 1,MD,HUANG .. / LIU Yang Rank 17 Elo 1925 (+29),16-21 / 26-24 / 21-19,LIU Kuan.. / YANG Po .. Rank 23 Elo 1945 (-29),75,https://badmintonranks.com/tournament?id=14501,7,China Open 2025,HUANG .. / LIU Yang,17,1925,LIU Kuan.. / YANG Po ..,23,1945
22/7/2025,Round 1,WD,HSIEH P.. / HUNG En-.. Rank 12 Elo 1915 (+6),21-12 / 21-5,Amrutha .. / Sonali SIN.. Rank 102 Elo 1539 (-14),20,https://badmintonranks.com/tournament?id=14501,7,China Open 2025,HSIEH P.. / HUNG En-..,12,1915,Amrutha .. / Sonali SIN..,102,1539
22/7/2025,Round 1,WD,BAEK Ha.. / LEE So H.. (4) Rank 4 Elo 2152 (+3),21-6 / 21-15,FAN Ka Y.. / YAU Mau .. Rank 57 Elo 1706 (-6),25,https://badmintonranks.com/tournament?id=14501,7,China Open 2025,BAEK Ha.. / LEE So H.. (4),4,2152,FAN Ka Y.. / YAU Mau ..,57,1706
22/7/2025,Round 1,WD,LI Yi jing / LUO Xu .. (5) Rank 5 Elo 2020 (+7),21-10 / 21-9,Francesc.. / Jennie GA.. Rank 92 Elo 1684 (-11),28,https://badmintonranks.com/tournament?id=14501,7,China Open 2025,LI Yi jing / LUO Xu .. (5),5,2020,Francesc.. / Jennie GA..,92,1684
22/7/2025,Round 1,WS,Gregoria Mariska TUN.. (8) Rank 8 Elo 2197 (+5),23-21 / 21-9,Kaoru SUGIYAMA Rank 36 Elo 1800 (-6),37,https://badmintonranks.com/tournament?id=14501,7,China Open 2025,Gregoria Mariska TUN.. (8),8,2197,Kaoru SUGIYAMA,36,1800
22/7/2025,Round 1,MD,LIANG W.. / WANG C.. (5) Rank 6 Elo 2102 (+11),21-11 / 21-11,LEE Jhe-.. / YANG Po-.. Rank 21 Elo 1873 (-12),22,https://badmintonranks.com/tournament?id=14501,7,China Open 2025,LIANG W.. / WANG C.. (5),6,2102,LEE Jhe-.. / YANG Po-..,21,1873
22/7/2025,Round 1,WD,LUI Lok L.. / TSANG Hi.. Rank 27 Elo 1726 (+22),21-11 / 21-18,Polina B.. / Yevheniia .. Rank 21 Elo 1569 (-35),26,https://badmintonranks.com/tournament?id=14501,7,China Open 2025,LUI Lok L.. / TSANG Hi..,27,1726,Polina B.. / Yevheniia ..,21,1569
22/7/2025,Round 1,MS,NG Ka Long Angus Rank 20 Elo 2063 (+32),21-14 / 11-21 / 21-7,LEE Cheuk Yiu Rank 15 Elo 2149 (-32),52,https://badmintonranks.com/tournament?id=14501,7,China Open 2025,NG Ka Long Angus,20,2063,LEE Cheuk Yiu,15,2149
22/7/2025,Round 1,MS,LI Shi Feng (5) Rank 5 Elo 2302 (+13),14-21 / 24-22 / 21-11,Lakshya SEN Rank 19 Elo 2120 (-13),67,https://badmintonranks.com/tournament?id=14501,7,China Open 2025,LI Shi Feng (5),5,2302,Lakshya SEN,19,2120
22/7/2025,Round 1,MS,CHOU Tien Chen (6) Rank 6 Elo 2195 (+19),21-18 / 21-16,WANG Tzu Wei Rank 24 Elo 2108 (-20),42,https://badmintonranks.com/tournament?id=14501,7,China Open 2025,CHOU Tien Chen (6),6,2195,WANG Tzu Wei,24,2108
22/7/2025,Round 1,WS,HAN Qian Xi Rank 34 Elo 1922 (+45),20-22 / 21-16 / 21-19,Ratchanok INTANON Rank 9 Elo 2183 (-42),70,https://badmintonranks.com/tournament?id=14501,7,China Open 2025,HAN Qian Xi,34,1922,Ratchanok INTANON,9,2183
22/7/2025,Round 1,MD,Takuro H.. / Yugo KOB.. Rank 16 Elo 2080 (+19),21-14 / 21-17,CHEN Bo.. / LIU Yi Rank 11 Elo 1987 (-20),34,https://badmintonranks.com/tournament?id=14501,7,China Open 2025,Takuro H.. / Yugo KOB..,16,2080,CHEN Bo.. / LIU Yi,11,1987
22/7/2025,Round 1,XD,FENG Ya.. / HUANG .. (1) Rank 1 Elo 2395 (+2),21-18 / 21-16,Yuichi SH.. / Sayaka H.. Rank 21 Elo 1876 (-3),47,https://badmintonranks.com/tournament?id=14501,8,China Open 2025,FENG Ya.. / HUANG .. (1),1,2395,Yuichi SH.. / Sayaka H..,21,1876
22/7/2025,Round 1,WS,CHEN Yu Fei (5) Rank 5 Elo 2637 (+4),21-15 / 21-11,KIM Ga Eun Rank 17 Elo 2193 (-3),35,https://badmintonranks.com/tournament?id=14501,8,China Open 2025,CHEN Yu Fei (5),5,2637,KIM Ga Eun,17,2193
22/7/2025,Round 1,XD,WONG Ti.. / LIM Chiew.. Rank 34 Elo 1617 (+62),25-27 / 21-16 / 21-14,Rohan K.. / GADDE R.. Rank 33 Elo 1683 (-50),64,https://badmintonranks.com/tournament?id=14501,8,China Open 2025,WONG Ti.. / LIM Chiew..,34,1617,Rohan K.. / GADDE R..,33,1683
22/7/2025,Round 1,WS,GAO Fang jie Rank 12 Elo 2232 (+7),21-11 / 21-13,Julie Dawall JAKOBSEN Rank 30 Elo 1914 (-8),37,https://badmintonranks.com/tournament?id=14501,8,China Open 2025,GAO Fang jie,12,2232,Julie Dawall JAKOBSEN,30,1914
22/7/2025,Round 1,MS,PRANNOY H. S. Rank 35 Elo 1984 (+42),8-21 / 21-16 / 23-21,Koki WATANABE Rank 18 Elo 2225 (-40),57,https://badmintonranks.com/tournament?id=14501,8,China Open 2025,PRANNOY H. S.,35,1984,Koki WATANABE,18,2225
22/7/2025,Round 1,MS,Kunlavut VITIDSARN (1) Rank 1 Elo 2427 (+8),10-21 / 21-15 / 21-18,Alwi FARHAN Rank 25 Elo 2127 (-7),65,https://badmintonranks.com/tournament?id=14501,8,China Open 2025,Kunlavut VITIDSARN (1),1,2427,Alwi FARHAN,25,2127
22/7/2025,Round 1,XD,Hiroki MI.. / Natsu SA.. (8) Rank 8 Elo 2047 (+18),22-24 / 21-19 / 21-19,YE Hong .. / Nicole Go.. Rank 17 Elo 1933 (-19),56,https://badmintonranks.com/tournament?id=14501,8,China Open 2025,Hiroki MI.. / Natsu SA.. (8),8,2047,YE Hong .. / Nicole Go..,17,1933
22/7/2025,Round 1,XD,GAO Jia .. / WU Meng .. Rank 39 Elo 1888 (+26),21-15 / 21-16,HOO Pan.. / CHENG S.. Rank 13 Elo 1847 (-27),29,https://badmintonranks.com/tournament?id=14501,8,China Open 2025,GAO Jia .. / WU Meng ..,39,1888,HOO Pan.. / CHENG S..,13,1847
22/7/2025,Round 1,WS,HAN Yue (4) Rank 3 Elo 2326 (+10),21-9 / 12-21 / 21-17,Natsuki NIDAIRA Rank 24 Elo 2073 (-10),64,https://badmintonranks.com/tournament?id=14501,8,China Open 2025,HAN Yue (4),3,2326,Natsuki NIDAIRA,24,2073
22/7/2025,Round 1,XD,Rehan N.. / Gloria Em.. Rank 16 Elo 1910 (+7),21-12 / 21-17,Ashith S.. / Amrutha P.. Rank 41 Elo 1564 (-15),31,https://badmintonranks.com/tournament?id=14501,8,China Open 2025,Rehan N.. / Gloria Em..,16,1910,Ashith S.. / Amrutha P..,41,1564
22/7/2025,Round 1,WS,LIN Hsiang Ti Rank 22 Elo 1965 (+15),21-23 / 21-11 / 21-10,Anupama UPADHYAYA Rank 38 Elo 1798 (-18),55,https://badmintonranks.com/tournament?id=14501,8,China Open 2025,LIN Hsiang Ti,22,1965,Anupama UPADHYAYA,38,1798
22/7/2025,Round 1,XD,GUO Xin .. / CHEN Fa.. Rank 9 Elo 2007 (+25),17-21 / 21-19 / 21-14,Jesper T.. / Amalie M.. Rank 10 Elo 1985 (-25),56,https://badmintonranks.com/tournament?id=14501,8,China Open 2025,GUO Xin .. / CHEN Fa..,9,2007,Jesper T.. / Amalie M..,10,1985
22/7/2025,Round 1,WS,SIM Yu Jin Rank 14 Elo 2203 (+26),21-14 / 14-21 / 21-19,Putri Kusuma WARDANI Rank 10 Elo 2216 (-26),56,https://badmintonranks.com/tournament?id=14501,8,China Open 2025,SIM Yu Jin,14,2203,Putri Kusuma WARDANI,10,2216
22/7/2025,Round 1,XD,CHEN Ta.. / TOH Ee .. (4) Rank 4 Elo 2120 (+7),22-20 / 21-12,Presley S.. / Jennie GA.. Rank 29 Elo 1791 (-9),35,https://badmintonranks.com/tournament?id=14501,8,China Open 2025,CHEN Ta.. / TOH Ee .. (4),4,2120,Presley S.. / Jennie GA..,29,1791
22/9/2024,Final,MD,GOH Sze.. / Nur IZZU.. (7) Rank 12 Elo 2170 (+32),13-21 / 21-12 / 21-17,HE Ji Ting / REN Xian.. (5) Rank 7 Elo 2221 (-32),58,https://badmintonranks.com/tournament?id=14262,1,China Open 2024,GOH Sze.. / Nur IZZU.. (7),12,2170,HE Ji Ting / REN Xian.. (5),7,2221
22/9/2024,Final,MS,WENG Hong Yang Rank 25 Elo 2250 (+32),21-17 / 21-12,Kodai NARAOKA (6) Rank 6 Elo 2309 (-32),54,https://badmintonranks.com/tournament?id=14262,1,China Open 2024,WENG Hong Yang,25,2250,Kodai NARAOKA (6),6,2309
22/9/2024,Final,WS,WANG Zhi Yi (3) Rank 5 Elo 2476 (+6),21-17 / 21-15,Tomoka MIYAZAKI Rank 21 Elo 2120 (-6),52,https://badmintonranks.com/tournament?id=14262,1,China Open 2024,WANG Zhi Yi (3),5,2476,Tomoka MIYAZAKI,21,2120
22/9/2024,Final,XD,FENG Ya.. / HUANG .. (2) Rank 3 Elo 2313 (+14),16-21 / 21-14 / 21-17,GOH Soo.. / LAI Shevo.. Rank 12 Elo 2125 (-14),72,https://badmintonranks.com/tournament?id=14262,1,China Open 2024,FENG Ya.. / HUANG .. (2),3,2313,GOH Soo.. / LAI Shevo..,12,2125
22/9/2024,Final,WD,LI Yi jing / LUO Xu m.. Rank 18 Elo 2082 (+27),11-21 / 21-18 / 21-8,LI Wen M.. / ZHANG S.. Rank 80 Elo 2066 (-27),71,https://badmintonranks.com/tournament?id=14262,1,China Open 2024,LI Yi jing / LUO Xu m..,18,2082,LI Wen M.. / ZHANG S..,80,2066
21/9/2024,Semi final,MS,Kodai NARAOKA (6) Rank 6 Elo 2272 (+37),21-17 / 21-13,Kunlavut VITIDSARN (8) Rank 7 Elo 2416 (-37),54,https://badmintonranks.com/tournament?id=14262,1,China Open 2024,Kodai NARAOKA (6),6,2272,Kunlavut VITIDSARN (8),7,2416
21/9/2024,Semi final,MD,HE Ji Ting / REN Xian.. (5) Rank 7 Elo 2210 (+11),21-18 / 21-11,ONG Yew.. / TEO Ee Yi Rank 23 Elo 1972 (-12),43,https://badmintonranks.com/tournament?id=14262,1,China Open 2024,HE Ji Ting / REN Xian.. (5),7,2210,ONG Yew.. / TEO Ee Yi,23,1972
21/9/2024,Semi final,MS,WENG Hong Yang Rank 25 Elo 2212 (+38),21-17 / 21-18,Jonatan CHRISTIE (7) Rank 8 Elo 2365 (-38),59,https://badmintonranks.com/tournament?id=14262,1,China Open 2024,WENG Hong Yang,25,2212,Jonatan CHRISTIE (7),8,2365
21/9/2024,Semi final,MD,GOH Sze.. / Nur IZZU.. (7) Rank 12 Elo 2148 (+22),21-14 / 24-22,Muhamm.. / Daniel MA.. Rank 88 Elo 2082 (-22),43,https://badmintonranks.com/tournament?id=14262,1,China Open 2024,GOH Sze.. / Nur IZZU.. (7),12,2148,Muhamm.. / Daniel MA..,88,2082
21/9/2024,Semi final,WD,LI Wen M.. / ZHANG S.. Rank 80 Elo 2038 (+28),21-17 / 22-20,JIA Yi Fan / ZHENG .. (5) Rank Elo 2036 (-28),57,https://badmintonranks.com/tournament?id=14262,1,China Open 2024,LI Wen M.. / ZHANG S..,80,2038,JIA Yi Fan / ZHENG .. (5),,2036
21/9/2024,Semi final,WD,LI Yi jing / LUO Xu m.. Rank 18 Elo 2046 (+36),21-12 / 21-14,JEONG .. / KIM Hye .. (8) Rank 11 Elo 2152 (-35),47,https://badmintonranks.com/tournament?id=14262,1,China Open 2024,LI Yi jing / LUO Xu m..,18,2046,JEONG .. / KIM Hye .. (8),11,2152
21/9/2024,Semi final,WS,WANG Zhi Yi (3) Rank 5 Elo 2460 (+16),21-15 / 21-18,Aya OHORI (7) Rank 9 Elo 2306 (-15),51,https://badmintonranks.com/tournament?id=14262,1,China Open 2024,WANG Zhi Yi (3),5,2460,Aya OHORI (7),9,2306
21/9/2024,Semi final,XD,FENG Ya.. / HUANG .. (2) Rank 3 Elo 2305 (+8),21-16 / 21-15,Dejan FE.. / Gloria Em.. Rank 16 Elo 2009 (-8),59,https://badmintonranks.com/tournament?id=14262,1,China Open 2024,FENG Ya.. / HUANG .. (2),3,2305,Dejan FE.. / Gloria Em..,16,2009
21/9/2024,Semi final,WS,Tomoka MIYAZAKI Rank 21 Elo 2070 (+50),22-20 / 21-15,Akane YAMAGUCHI (4) Rank 8 Elo 2462 (-49),55,https://badmintonranks.com/tournament?id=14262,1,China Open 2024,Tomoka MIYAZAKI,21,2070,Akane YAMAGUCHI (4),8,2462
21/9/2024,Semi final,XD,GOH Soo.. / LAI Shevo.. Rank 12 Elo 2097 (+28),21-18 / 21-18,CHENG .. / ZHANG C.. Rank 22 Elo 2103 (-27),51,https://badmintonranks.com/tournament?id=14262,1,China Open 2024,GOH Soo.. / LAI Shevo..,12,2097,CHENG .. / ZHANG C..,22,2103
20/9/2024,Quarter final,MS,Kunlavut VITIDSARN (8) Rank 7 Elo 2400 (+16),10-21 / 21-11 / 21-19,Anthony Sinisuka GINTI.. Rank 10 Elo 2260 (-17),60,https://badmintonranks.com/tournament?id=14262,1,China Open 2024,Kunlavut VITIDSARN (8),7,2400,Anthony Sinisuka GINTI..,10,2260
20/9/2024,Quarter final,MD,HE Ji Ting / REN Xian.. (5) Rank 7 Elo 2184 (+26),21-12 / 11-21 / 21-19,Kim AST.. / Anders S.. (2) Rank 2 Elo 2172 (-26),65,https://badmintonranks.com/tournament?id=14262,1,China Open 2024,HE Ji Ting / REN Xian.. (5),7,2184,Kim AST.. / Anders S.. (2),2,2172
20/9/2024,Quarter final,MS,Kodai NARAOKA (6) Rank 6 Elo 2249 (+23),21-18 / 14-21 / 21-12,Koki WATANABE Rank 15 Elo 2194 (-22),78,https://badmintonranks.com/tournament?id=14262,1,China Open 2024,Kodai NARAOKA (6),6,2249,Koki WATANABE,15,2194
20/9/2024,Quarter final,WD,JIA Yi Fan / ZHENG .. (5) Rank Elo 2007 (+29),21-11 / 21-14,LEE Yu Li.. / SHIN Seu.. Rank 20 Elo 2024 (-29),41,https://badmintonranks.com/tournament?id=14262,1,China Open 2024,JIA Yi Fan / ZHENG .. (5),,2007,LEE Yu Li.. / SHIN Seu..,20,2024
20/9/2024,Quarter final,MS,WENG Hong Yang Rank 25 Elo 2176 (+36),19-21 / 21-19 / 23-21,Anders ANTONSEN (5) Rank 5 Elo 2310 (-36),91,https://badmintonranks.com/tournament?id=14262,1,China Open 2024,WENG Hong Yang,25,2176,Anders ANTONSEN (5),5,2310
20/9/2024,Quarter final,WD,LI Yi jing / LUO Xu m.. Rank 18 Elo 1996 (+50),14-21 / 21-15 / 21-18,LIU Shen.. / TAN Ning (2) Rank 3 Elo 2367 (-47),61,https://badmintonranks.com/tournament?id=14262,2,China Open 2024,LI Yi jing / LUO Xu m..,18,1996,LIU Shen.. / TAN Ning (2),3,2367
20/9/2024,Quarter final,WD,LI Wen M.. / ZHANG S.. Rank 80 Elo 1990 (+48),21-18 / 21-18,BAEK Ha.. / LEE So H.. (1) Rank 2 Elo 2297 (-45),49,https://badmintonranks.com/tournament?id=14262,2,China Open 2024,LI Wen M.. / ZHANG S..,80,1990,BAEK Ha.. / LEE So H.. (1),2,2297
20/9/2024,Quarter final,MD,ONG Yew.. / TEO Ee Yi Rank 23 Elo 1928 (+44),14-21 / 21-17 / 21-14,Fajar ALF.. / Muhamm.. (4) Rank 6 Elo 2129 (-41),58,https://badmintonranks.com/tournament?id=14262,2,China Open 2024,ONG Yew.. / TEO Ee Yi,23,1928,Fajar ALF.. / Muhamm.. (4),6,2129
20/9/2024,Quarter final,WS,WANG Zhi Yi (3) Rank 5 Elo 2453 (+7),13-21 / 21-11 / 21-14,GAO Fang jie Rank 34 Elo 2135 (-7),69,https://badmintonranks.com/tournament?id=14262,2,China Open 2024,WANG Zhi Yi (3),5,2453,GAO Fang jie,34,2135
20/9/2024,Quarter final,WD,JEONG .. / KIM Hye .. (8) Rank 11 Elo 2143 (+9),21-18 / 21-19,TENG Ch.. / YANG Ch.. Rank 110 Elo 1852 (-9),44,https://badmintonranks.com/tournament?id=14262,2,China Open 2024,JEONG .. / KIM Hye .. (8),11,2143,TENG Ch.. / YANG Ch..,110,1852
20/9/2024,Quarter final,MS,Jonatan CHRISTIE (7) Rank 8 Elo 2351 (+14),21-18 / 21-12,LEI Lan Xi Rank 28 Elo 2183 (-15),47,https://badmintonranks.com/tournament?id=14262,2,China Open 2024,Jonatan CHRISTIE (7),8,2351,LEI Lan Xi,28,2183
20/9/2024,Quarter final,WS,Aya OHORI (7) Rank 9 Elo 2280 (+26),21-15 / 21-16,Pornpawee CHOCHUW.. Rank 16 Elo 2284 (-26),43,https://badmintonranks.com/tournament?id=14262,2,China Open 2024,Aya OHORI (7),9,2280,Pornpawee CHOCHUW..,16,2284
20/9/2024,Quarter final,WS,Akane YAMAGUCHI (4) Rank 8 Elo 2460 (+2),21-10 / 21-16,Malvika BANSOD Rank 43 Elo 1876 (-2),35,https://badmintonranks.com/tournament?id=14262,2,China Open 2024,Akane YAMAGUCHI (4),8,2460,Malvika BANSOD,43,1876
20/9/2024,Quarter final,MD,Muhamm.. / Daniel MA.. Rank 88 Elo 2065 (+17),21-19 / 21-19,Rasmus .. / Frederik .. (8) Rank 14 Elo 1932 (-18),43,https://badmintonranks.com/tournament?id=14262,2,China Open 2024,Muhamm.. / Daniel MA..,88,2065,Rasmus .. / Frederik .. (8),14,1932
20/9/2024,Quarter final,XD,GOH Soo.. / LAI Shevo.. Rank 12 Elo 2049 (+48),23-21 / 21-16,JIANG Zh.. / WEI Ya X.. (3) Rank 2 Elo 2398 (-47),34,https://badmintonranks.com/tournament?id=14262,2,China Open 2024,GOH Soo.. / LAI Shevo..,12,2049,JIANG Zh.. / WEI Ya X.. (3),2,2398
20/9/2024,Quarter final,MD,GOH Sze.. / Nur IZZU.. (7) Rank 12 Elo 2126 (+22),21-19 / 21-18,MAN Wei.. / TEE Kai .. Rank 13 Elo 2070 (-23),44,https://badmintonranks.com/tournament?id=14262,2,China Open 2024,GOH Sze.. / Nur IZZU.. (7),12,2126,MAN Wei.. / TEE Kai ..,13,2070
20/9/2024,Quarter final,WS,Tomoka MIYAZAKI Rank 21 Elo 2035 (+35),21-18 / 21-6,YEO Jia Min Rank 17 Elo 2130 (-34),32,https://badmintonranks.com/tournament?id=14262,2,China Open 2024,Tomoka MIYAZAKI,21,2035,YEO Jia Min,17,2130
20/9/2024,Quarter final,XD,FENG Ya.. / HUANG .. (2) Rank 3 Elo 2299 (+6),21-10 / 21-10,Jesper T.. / Amalie M.. Rank 51 Elo 1950 (-7),33,https://badmintonranks.com/tournament?id=14262,2,China Open 2024,FENG Ya.. / HUANG .. (2),3,2299,Jesper T.. / Amalie M..,51,1950
20/9/2024,Quarter final,XD,CHENG .. / ZHANG C.. Rank 22 Elo 2084 (+19),21-15 / 21-19,Hiroki MI.. / Natsu SAI.. Rank 20 Elo 1985 (-20),42,https://badmintonranks.com/tournament?id=14262,2,China Open 2024,CHENG .. / ZHANG C..,22,2084,Hiroki MI.. / Natsu SAI..,20,1985
20/9/2024,Quarter final,XD,Dejan FE.. / Gloria Em.. Rank 16 Elo 1992 (+17),21-14 / 21-9,HOO Pan.. / CHENG S.. Rank 32 Elo 1851 (-19),35,https://badmintonranks.com/tournament?id=14262,2,China Open 2024,Dejan FE.. / Gloria Em..,16,1992,HOO Pan.. / CHENG S..,32,1851
19/9/2024,Round 2,WD,LI Wen M.. / ZHANG S.. Rank 80 Elo 1952 (+38),22-20 / 21-16,KIM So Y.. / KONG H.. (7) Rank 9 Elo 2112 (-37),46,https://badmintonranks.com/tournament?id=14262,2,China Open 2024,LI Wen M.. / ZHANG S..,80,1952,KIM So Y.. / KONG H.. (7),9,2112
19/9/2024,Round 2,MS,Kodai NARAOKA (6) Rank 6 Elo 2227 (+22),15-21 / 21-10 / 21-13,LEE Chia Hao Rank 22 Elo 2189 (-23),53,https://badmintonranks.com/tournament?id=14262,2,China Open 2024,Kodai NARAOKA (6),6,2227,LEE Chia Hao,22,2189
19/9/2024,Round 2,WD,BAEK Ha.. / LEE So H.. (1) Rank 2 Elo 2296 (+1),21-14 / 21-11,Polina B.. / Yevheniia .. Rank 43 Elo 1593 (-2),30,https://badmintonranks.com/tournament?id=14262,2,China Open 2024,BAEK Ha.. / LEE So H.. (1),2,2296,Polina B.. / Yevheniia ..,43,1593
19/9/2024,Round 2,MD,HE Ji Ting / REN Xian.. (5) Rank 7 Elo 2180 (+4),21-11 / 21-16,Daniel LU.. / Mads VES.. Rank 29 Elo 1763 (-6),33,https://badmintonranks.com/tournament?id=14262,2,China Open 2024,HE Ji Ting / REN Xian.. (5),7,2180,Daniel LU.. / Mads VES..,29,1763
19/9/2024,Round 2,WD,JEONG .. / KIM Hye .. (8) Rank 11 Elo 2137 (+6),21-8 / 21-12,HSIEH P.. / HUNG En-.. Rank 73 Elo 1811 (-8),29,https://badmintonranks.com/tournament?id=14262,2,China Open 2024,JEONG .. / KIM Hye .. (8),11,2137,HSIEH P.. / HUNG En-..,73,1811
19/9/2024,Round 2,MD,Fajar ALF.. / Muhamm.. (4) Rank 6 Elo 2116 (+13),21-15 / 21-8,Andreas .. / Jesper TO.. Rank 24 Elo 1921 (-14),29,https://badmintonranks.com/tournament?id=14262,3,China Open 2024,Fajar ALF.. / Muhamm.. (4),6,2116,Andreas .. / Jesper TO..,24,1921
19/9/2024,Round 2,WD,JIA Yi Fan / ZHENG .. (5) Rank Elo 1997 (+10),21-9 / 22-20,SUNG Sh.. / YU Chien .. Rank 37 Elo 1733 (-13),40,https://badmintonranks.com/tournament?id=14262,3,China Open 2024,JIA Yi Fan / ZHENG .. (5),,1997,SUNG Sh.. / YU Chien ..,37,1733
19/9/2024,Round 2,MS,Koki WATANABE Rank 15 Elo 2178 (+16),14-21 / 21-12 / 21-10,WANG Tzu Wei Rank 23 Elo 2046 (-16),60,https://badmintonranks.com/tournament?id=14262,3,China Open 2024,Koki WATANABE,15,2178,WANG Tzu Wei,23,2046
19/9/2024,Round 2,MS,Kunlavut VITIDSARN (8) Rank 7 Elo 2396 (+4),21-18 / 21-9,Brian YANG Rank 24 Elo 1992 (-4),39,https://badmintonranks.com/tournament?id=14262,3,China Open 2024,Kunlavut VITIDSARN (8),7,2396,Brian YANG,24,1992
19/9/2024,Round 2,WS,Pornpawee CHOCHUW.. Rank 16 Elo 2273 (+11),21-13 / 20-22 / 21-14,Line Højmark KJAERSF.. Rank 18 Elo 2066 (-12),66,https://badmintonranks.com/tournament?id=14262,3,China Open 2024,Pornpawee CHOCHUW..,16,2273,Line Højmark KJAERSF..,18,2066
19/9/2024,Round 2,WD,TENG Ch.. / YANG Ch.. Rank 110 Elo 1793 (+59),21-19 / 16-21 / 21-19,Nami MA.. / Chiharu .. (3) Rank 4 Elo 2180 (-46),56,https://badmintonranks.com/tournament?id=14262,3,China Open 2024,TENG Ch.. / YANG Ch..,110,1793,Nami MA.. / Chiharu .. (3),4,2180
19/9/2024,Round 2,MD,Kim AST.. / Anders S.. (2) Rank 2 Elo 2152 (+20),21-18 / 22-24 / 21-18,Leo Rolly.. / Bagas MA.. Rank 70 Elo 2071 (-20),57,https://badmintonranks.com/tournament?id=14262,3,China Open 2024,Kim AST.. / Anders S.. (2),2,2152,Leo Rolly.. / Bagas MA..,70,2071
19/9/2024,Round 2,MD,ONG Yew.. / TEO Ee Yi Rank 23 Elo 1902 (+26),21-19 / 21-14,LEE Fan.. / LEE Fang-.. Rank 28 Elo 1876 (-27),35,https://badmintonranks.com/tournament?id=14262,3,China Open 2024,ONG Yew.. / TEO Ee Yi,23,1902,LEE Fan.. / LEE Fang-..,28,1876
19/9/2024,Round 2,MS,Anders ANTONSEN (5) Rank 5 Elo 2297 (+13),21-12 / 9-21 / 21-18,LOH Kean Yew Rank 11 Elo 2111 (-13),78,https://badmintonranks.com/tournament?id=14262,3,China Open 2024,Anders ANTONSEN (5),5,2297,LOH Kean Yew,11,2111
19/9/2024,Round 2,WS,Aya OHORI (7) Rank 9 Elo 2271 (+9),21-17 / 21-11,NGUYEN Thuy Linh Rank 28 Elo 1987 (-8),37,https://badmintonranks.com/tournament?id=14262,3,China Open 2024,Aya OHORI (7),9,2271,NGUYEN Thuy Linh,28,1987
19/9/2024,Round 2,MD,Rasmus .. / Frederik .. (8) Rank 14 Elo 1898 (+34),21-16 / 21-18,Ben LANE / Sean VEN.. Rank 15 Elo 1967 (-32),45,https://badmintonranks.com/tournament?id=14262,3,China Open 2024,Rasmus .. / Frederik .. (8),14,1898,Ben LANE / Sean VEN..,15,1967
19/9/2024,Round 2,MS,Jonatan CHRISTIE (7) Rank 8 Elo 2338 (+13),16-21 / 21-18 / 22-20,Toma Junior POPOV Rank 19 Elo 2149 (-13),73,https://badmintonranks.com/tournament?id=14262,3,China Open 2024,Jonatan CHRISTIE (7),8,2338,Toma Junior POPOV,19,2149
19/9/2024,Round 2,MS,LEI Lan Xi Rank 28 Elo 2161 (+22),21-8 / 21-17,Kenta NISHIMOTO Rank 13 Elo 2119 (-22),40,https://badmintonranks.com/tournament?id=14262,3,China Open 2024,LEI Lan Xi,28,2161,Kenta NISHIMOTO,13,2119
19/9/2024,Round 2,XD,GOH Soo.. / LAI Shevo.. Rank 12 Elo 2029 (+20),21-16 / 21-12,Supak JO.. / Supissara .. Rank 23 Elo 1942 (-21),28,https://badmintonranks.com/tournament?id=14262,3,China Open 2024,GOH Soo.. / LAI Shevo..,12,2029,Supak JO.. / Supissara ..,23,1942
19/9/2024,Round 2,MD,GOH Sze.. / Nur IZZU.. (7) Rank 12 Elo 2114 (+12),21-14 / 25-23,Junaidi A.. / YAP Roy .. Rank 41 Elo 1902 (-13),41,https://badmintonranks.com/tournament?id=14262,3,China Open 2024,GOH Sze.. / Nur IZZU.. (7),12,2114,Junaidi A.. / YAP Roy ..,41,1902
19/9/2024,Round 2,MD,Muhamm.. / Daniel MA.. Rank 88 Elo 2021 (+44),21-19 / 18-21 / 21-17,LIANG W.. / WANG C.. (1) Rank 1 Elo 2308 (-42),54,https://badmintonranks.com/tournament?id=14262,3,China Open 2024,Muhamm.. / Daniel MA..,88,2021,LIANG W.. / WANG C.. (1),1,2308
19/9/2024,Round 2,WD,LEE Yu Li.. / SHIN Seu.. Rank 20 Elo 1984 (+40),21-17 / 22-20,Rin IWAN.. / Kie NAK.. (4) Rank 6 Elo 2173 (-39),58,https://badmintonranks.com/tournament?id=14262,3,China Open 2024,LEE Yu Li.. / SHIN Seu..,20,1984,Rin IWAN.. / Kie NAK.. (4),6,2173
19/9/2024,Round 2,MS,Anthony Sinisuka GINTI.. Rank 10 Elo 2218 (+42),21-11 / 21-8,SHI Yu Qi (1) Rank 1 Elo 2471 (-41),28,https://badmintonranks.com/tournament?id=14262,3,China Open 2024,Anthony Sinisuka GINTI..,10,2218,SHI Yu Qi (1),1,2471
19/9/2024,Round 2,XD,Hiroki MI.. / Natsu SAI.. Rank 20 Elo 1941 (+44),10-21 / 21-19 / 21-16,TANG Ch.. / TSE Ying.. (7) Rank 8 Elo 2174 (-40),56,https://badmintonranks.com/tournament?id=14262,3,China Open 2024,Hiroki MI.. / Natsu SAI..,20,1941,TANG Ch.. / TSE Ying.. (7),8,2174
19/9/2024,Round 2,MS,WENG Hong Yang Rank 25 Elo 2140 (+36),20-22 / 21-18 / 21-15,CHOU Tien Chen Rank 9 Elo 2283 (-35),83,https://badmintonranks.com/tournament?id=14262,3,China Open 2024,WENG Hong Yang,25,2140,CHOU Tien Chen,9,2283
19/9/2024,Round 2,WD,LIU Shen.. / TAN Ning (2) Rank 3 Elo 2365 (+2),21-18 / 21-12,YEUNG .. / YEUNG P.. Rank 16 Elo 1792 (-2),43,https://badmintonranks.com/tournament?id=14262,4,China Open 2024,LIU Shen.. / TAN Ning (2),3,2365,YEUNG .. / YEUNG P..,16,1792
19/9/2024,Round 2,WS,Tomoka MIYAZAKI Rank 21 Elo 2015 (+20),21-15 / 21-15,Julie Dawall JAKOBSEN Rank 38 Elo 1934 (-22),33,https://badmintonranks.com/tournament?id=14262,4,China Open 2024,Tomoka MIYAZAKI,21,2015,Julie Dawall JAKOBSEN,38,1934
19/9/2024,Round 2,XD,FENG Ya.. / HUANG .. (2) Rank 3 Elo 2297 (+2),21-12 / 21-10,WANG C.. / HSU Yin-.. Rank Elo 1663 (-3),27,https://badmintonranks.com/tournament?id=14262,4,China Open 2024,FENG Ya.. / HUANG .. (2),3,2297,WANG C.. / HSU Yin-..,,1663
19/9/2024,Round 2,MD,MAN Wei.. / TEE Kai .. Rank 13 Elo 2029 (+41),21-18 / 21-19,KANG Mi.. / SEO Seu.. (3) Rank 3 Elo 2240 (-39),39,https://badmintonranks.com/tournament?id=14262,4,China Open 2024,MAN Wei.. / TEE Kai ..,13,2029,KANG Mi.. / SEO Seu.. (3),3,2240
19/9/2024,Round 2,WS,Malvika BANSOD Rank 43 Elo 1829 (+47),21-17 / 19-21 / 21-16,Kirsty GILMOUR Rank 25 Elo 2041 (-40),65,https://badmintonranks.com/tournament?id=14262,4,China Open 2024,Malvika BANSOD,43,1829,Kirsty GILMOUR,25,2041
19/9/2024,Round 2,WD,LI Yi jing / LUO Xu m.. Rank 18 Elo 1951 (+45),21-16 / 21-18,Pearly TA.. / THINAAH.. (6) Rank 8 Elo 2226 (-42),40,https://badmintonranks.com/tournament?id=14262,4,China Open 2024,LI Yi jing / LUO Xu m..,18,1951,Pearly TA.. / THINAAH.. (6),8,2226
19/9/2024,Round 2,XD,CHENG .. / ZHANG C.. Rank 22 Elo 2073 (+11),22-20 / 19-21 / 21-9,Mads VE.. / Christine .. Rank 24 Elo 1851 (-13),61,https://badmintonranks.com/tournament?id=14262,4,China Open 2024,CHENG .. / ZHANG C..,22,2073,Mads VE.. / Christine ..,24,1851
19/9/2024,Round 2,WS,WANG Zhi Yi (3) Rank 5 Elo 2446 (+7),29-27 / 21-11,ZHANG Yi Man Rank 19 Elo 2129 (-7),54,https://badmintonranks.com/tournament?id=14262,4,China Open 2024,WANG Zhi Yi (3),5,2446,ZHANG Yi Man,19,2129
19/9/2024,Round 2,WS,GAO Fang jie Rank 34 Elo 2124 (+11),9-21 / 21-13 / 21-17,SUNG Shuo Yun Rank 26 Elo 1908 (-13),68,https://badmintonranks.com/tournament?id=14262,4,China Open 2024,GAO Fang jie,34,2124,SUNG Shuo Yun,26,1908
19/9/2024,Round 2,WS,YEO Jia Min Rank 17 Elo 2093 (+37),21-16 / 21-17,Busanan ONGBAMRUN.. Rank 12 Elo 2254 (-37),39,https://badmintonranks.com/tournament?id=14262,4,China Open 2024,YEO Jia Min,17,2093,Busanan ONGBAMRUN..,12,2254
19/9/2024,Round 2,XD,Jesper T.. / Amalie M.. Rank 51 Elo 1915 (+35),21-18 / 21-18,TAN Kian.. / LAI Pei Jin.. Rank 17 Elo 2005 (-33),36,https://badmintonranks.com/tournament?id=14262,4,China Open 2024,Jesper T.. / Amalie M..,51,1915,TAN Kian.. / LAI Pei Jin..,17,2005
19/9/2024,Round 2,XD,Dejan FE.. / Gloria Em.. Rank 16 Elo 1949 (+43),21-15 / 13-21 / 21-9,CHEN Ta.. / TOH Ee W.. Rank 9 Elo 2187 (-41),56,https://badmintonranks.com/tournament?id=14262,4,China Open 2024,Dejan FE.. / Gloria Em..,16,1949,CHEN Ta.. / TOH Ee W..,9,2187
19/9/2024,Round 2,WS,Akane YAMAGUCHI (4) Rank 8 Elo 2459 (+1),17-21 / 21-10 / 21-13,CHIU Pin-Chian Rank 41 Elo 1852 (-1),53,https://badmintonranks.com/tournament?id=14262,4,China Open 2024,Akane YAMAGUCHI (4),8,2459,CHIU Pin-Chian,41,1852
19/9/2024,Round 2,XD,HOO Pan.. / CHENG S.. Rank 32 Elo 1827 (+24),21-9 / 21-15,YAP Roy .. / Valeree SI.. Rank 54 Elo 1749 (-28),24,https://badmintonranks.com/tournament?id=14262,4,China Open 2024,HOO Pan.. / CHENG S..,32,1827,YAP Roy .. / Valeree SI..,54,1749
18/9/2024,Round 1,WS,Tomoka MIYAZAKI Rank 21 Elo 1996 (+19),16-21 / 21-12 / 21-12,Lalinrat CHAIWAN Rank 100 Elo 1899 (-21),59,https://badmintonranks.com/tournament?id=14262,4,China Open 2024,Tomoka MIYAZAKI,21,1996,Lalinrat CHAIWAN,100,1899
18/9/2024,Round 1,MS,Toma Junior POPOV Rank 19 Elo 2123 (+26),23-25 / 26-24 / 21-19,LEONG Jun Hao Rank 29 Elo 2116 (-25),95,https://badmintonranks.com/tournament?id=14262,4,China Open 2024,Toma Junior POPOV,19,2123,LEONG Jun Hao,29,2116
18/9/2024,Round 1,XD,JIANG Zh.. / WEI Ya X.. (3) Rank 2 Elo 2397 (+1),21-19 / 21-13,CHIU Hsi.. / LIN Jhih Y.. Rank 97 Elo 1654 (-1),27,https://badmintonranks.com/tournament?id=14262,4,China Open 2024,JIANG Zh.. / WEI Ya X.. (3),2,2397,CHIU Hsi.. / LIN Jhih Y..,97,1654
18/9/2024,Round 1,MS,Kenta NISHIMOTO Rank 13 Elo 2106 (+13),4-21 / 21-10 / 23-21,Kiran GEORGE Rank 40 Elo 1928 (-14),60,https://badmintonranks.com/tournament?id=14262,4,China Open 2024,Kenta NISHIMOTO,13,2106,Kiran GEORGE,40,1928
18/9/2024,Round 1,MD,Daniel LU.. / Mads VES.. Rank 29 Elo 1746 (+17),21-16 / 21-10,Pongsak.. / Wongsath.. Rank 79 Elo 1539 (-32),32,https://badmintonranks.com/tournament?id=14262,4,China Open 2024,Daniel LU.. / Mads VES..,29,1746,Pongsak.. / Wongsath..,79,1539
18/9/2024,Round 1,WS,Julie Dawall JAKOBSEN Rank 38 Elo 1878 (+56),21-14 / 7-21 / 21-19,TAI Tzu Ying (2) Rank 4 Elo 2455 (-48),43,https://badmintonranks.com/tournament?id=14262,4,China Open 2024,Julie Dawall JAKOBSEN,38,1878,TAI Tzu Ying (2),4,2455
18/9/2024,Round 1,MD,Leo Rolly.. / Bagas MA.. Rank 70 Elo 2054 (+17),21-13 / 21-14,Kenya MI.. / Hiroki OK.. Rank 19 Elo 1928 (-18),36,https://badmintonranks.com/tournament?id=14262,5,China Open 2024,Leo Rolly.. / Bagas MA..,70,2054,Kenya MI.. / Hiroki OK..,19,1928
18/9/2024,Round 1,WS,GAO Fang jie Rank 34 Elo 2082 (+42),21-15 / 21-18,HAN Yue (6) Rank 6 Elo 2338 (-41),48,https://badmintonranks.com/tournament?id=14262,5,China Open 2024,GAO Fang jie,34,2082,HAN Yue (6),6,2338
18/9/2024,Round 1,MD,LEE Fan.. / LEE Fang-.. Rank 28 Elo 1828 (+48),21-16 / 21-16,Sabar Ka.. / Moh Reza.. Rank 17 Elo 2040 (-40),35,https://badmintonranks.com/tournament?id=14262,5,China Open 2024,LEE Fan.. / LEE Fang-..,28,1828,Sabar Ka.. / Moh Reza..,17,2040
18/9/2024,Round 1,MD,Andreas .. / Jesper TO.. Rank 24 Elo 1887 (+34),21-16 / 21-11,Supak JO.. / Kittinupon.. Rank 16 Elo 1950 (-32),31,https://badmintonranks.com/tournament?id=14262,5,China Open 2024,Andreas .. / Jesper TO..,24,1887,Supak JO.. / Kittinupon..,16,1950
18/9/2024,Round 1,WD,TENG Ch.. / YANG Ch.. Rank 110 Elo 1787 (+6),21-11 / 16-21 / 21-11,Rutaparn.. / Swetaparn.. Rank 47 Elo 1396 (-18),46,https://badmintonranks.com/tournament?id=14262,5,China Open 2024,TENG Ch.. / YANG Ch..,110,1787,Rutaparn.. / Swetaparn..,47,1396
18/9/2024,Round 1,MD,Kim AST.. / Anders S.. (2) Rank 2 Elo 2140 (+12),21-18 / 21-19,Hendra S.. / Mohamma.. Rank 22 Elo 1930 (-12),32,https://badmintonranks.com/tournament?id=14262,5,China Open 2024,Kim AST.. / Anders S.. (2),2,2140,Hendra S.. / Mohamma..,22,1930
18/9/2024,Round 1,XD,CHEN Ta.. / TOH Ee W.. Rank 9 Elo 2184 (+3),21-14 / 21-11,Sathish K.. / Aadya VA.. Rank 36 Elo 1697 (-4),26,https://badmintonranks.com/tournament?id=14262,5,China Open 2024,CHEN Ta.. / TOH Ee W..,9,2184,Sathish K.. / Aadya VA..,36,1697
18/9/2024,Round 1,MD,ONG Yew.. / TEO Ee Yi Rank 23 Elo 1859 (+43),13-21 / 21-16 / 21-15,LEE Jhe-.. / YANG Po.. (6) Rank 10 Elo 2025 (-38),44,https://badmintonranks.com/tournament?id=14262,5,China Open 2024,ONG Yew.. / TEO Ee Yi,23,1859,LEE Jhe-.. / YANG Po.. (6),10,2025
18/9/2024,Round 1,MS,Jonatan CHRISTIE (7) Rank 8 Elo 2327 (+11),22-20 / 21-18,Rasmus GEMKE Rank 27 Elo 2104 (-11),55,https://badmintonranks.com/tournament?id=14262,5,China Open 2024,Jonatan CHRISTIE (7),8,2327,Rasmus GEMKE,27,2104
18/9/2024,Round 1,WS,Busanan ONGBAMRUN.. Rank 12 Elo 2251 (+3),21-23 / 21-6 / 21-9,Polina BUHROVA Rank 60 Elo 1712 (-3),55,https://badmintonranks.com/tournament?id=14262,5,China Open 2024,Busanan ONGBAMRUN..,12,2251,Polina BUHROVA,60,1712
18/9/2024,Round 1,MS,Anders ANTONSEN (5) Rank 5 Elo 2283 (+14),21-11 / 21-17,NG Ka Long Angus Rank 21 Elo 2115 (-14),46,https://badmintonranks.com/tournament?id=14262,5,China Open 2024,Anders ANTONSEN (5),5,2283,NG Ka Long Angus,21,2115
18/9/2024,Round 1,WS,Kirsty GILMOUR Rank 25 Elo 2035 (+6),21-9 / 21-7,SAMIYA IMAD FAROO.. Rank 72 Elo 1694 (-10),23,https://badmintonranks.com/tournament?id=14262,5,China Open 2024,Kirsty GILMOUR,25,2035,SAMIYA IMAD FAROO..,72,1694
18/9/2024,Round 1,MS,LEI Lan Xi Rank 28 Elo 2113 (+48),21-19 / 17-21 / 21-16,Viktor AXELSEN (2) Rank 2 Elo 2554 (-47),67,https://badmintonranks.com/tournament?id=14262,5,China Open 2024,LEI Lan Xi,28,2113,Viktor AXELSEN (2),2,2554
18/9/2024,Round 1,MS,WENG Hong Yang Rank 25 Elo 2114 (+26),21-13 / 21-19,LEE Cheuk Yiu Rank 14 Elo 2123 (-26),46,https://badmintonranks.com/tournament?id=14262,5,China Open 2024,WENG Hong Yang,25,2114,LEE Cheuk Yiu,14,2123
18/9/2024,Round 1,WS,ZHANG Yi Man Rank 19 Elo 2123 (+6),22-20 / 21-11,Lauren LAM Rank 51 Elo 1745 (-7),38,https://badmintonranks.com/tournament?id=14262,5,China Open 2024,ZHANG Yi Man,19,2123,Lauren LAM,51,1745
18/9/2024,Round 1,MD,HE Ji Ting / REN Xian.. (5) Rank 7 Elo 2172 (+8),21-11 / 21-12,Peeratch.. / Pakkapon .. Rank 27 Elo 1882 (-9),33,https://badmintonranks.com/tournament?id=14262,5,China Open 2024,HE Ji Ting / REN Xian.. (5),7,2172,Peeratch.. / Pakkapon ..,27,1882
18/9/2024,Round 1,MD,Fajar ALF.. / Muhamm.. (4) Rank 6 Elo 2113 (+3),21-11 / 21-14,CHOI Sol.. / HEO Kwa.. Rank 161 Elo 1607 (-6),26,https://badmintonranks.com/tournament?id=14262,5,China Open 2024,Fajar ALF.. / Muhamm.. (4),6,2113,CHOI Sol.. / HEO Kwa..,161,1607
18/9/2024,Round 1,MD,KANG Mi.. / SEO Seu.. (3) Rank 3 Elo 2234 (+6),21-10 / 21-18,CHOON.. / Muhamma.. Rank 18 Elo 1898 (-7),34,https://badmintonranks.com/tournament?id=14262,5,China Open 2024,KANG Mi.. / SEO Seu.. (3),3,2234,CHOON.. / Muhamma..,18,1898
18/9/2024,Round 1,MS,CHOU Tien Chen Rank 9 Elo 2259 (+24),21-17 / 21-18,LI Shi Feng (4) Rank 4 Elo 2246 (-25),45,https://badmintonranks.com/tournament?id=14262,5,China Open 2024,CHOU Tien Chen,9,2259,LI Shi Feng (4),4,2246
18/9/2024,Round 1,MS,LOH Kean Yew Rank 11 Elo 2090 (+21),21-17 / 17-21 / 21-12,Yushi TANAKA Rank 30 Elo 2026 (-21),62,https://badmintonranks.com/tournament?id=14262,5,China Open 2024,LOH Kean Yew,11,2090,Yushi TANAKA,30,2026
18/9/2024,Round 1,WS,CHIU Pin-Chian Rank 41 Elo 1834 (+18),21-15 / 21-19,AAKARSHI KASHYAP Rank 40 Elo 1687 (-25),38,https://badmintonranks.com/tournament?id=14262,6,China Open 2024,CHIU Pin-Chian,41,1834,AAKARSHI KASHYAP,40,1687
18/9/2024,Round 1,XD,Dejan FE.. / Gloria Em.. Rank 16 Elo 1937 (+12),21-7 / 11-3 Ret.,LEE Chu.. / NG Tsz Ya.. Rank 21 Elo 1975 (-12),19,https://badmintonranks.com/tournament?id=14262,6,China Open 2024,Dejan FE.. / Gloria Em..,16,1937,LEE Chu.. / NG Tsz Ya..,21,1975
18/9/2024,Round 1,WS,YEO Jia Min Rank 17 Elo 2086 (+7),21-12 / 21-9,ZHANG Wen Yu Rank 48 Elo 1761 (-9),23,https://badmintonranks.com/tournament?id=14262,6,China Open 2024,YEO Jia Min,17,2086,ZHANG Wen Yu,48,1761
18/9/2024,Round 1,WS,Malvika BANSOD Rank 43 Elo 1762 (+67),26-24 / 21-19,Gregoria Mariska TUN.. (5) Rank 7 Elo 2334 (-49),46,https://badmintonranks.com/tournament?id=14262,6,China Open 2024,Malvika BANSOD,43,1762,Gregoria Mariska TUN.. (5),7,2334
18/9/2024,Round 1,WS,NGUYEN Thuy Linh Rank 28 Elo 1981 (+6),21-10 / 18-21 / 24-22,THET Htar Thuzar Rank 54 Elo 1626 (-11),54,https://badmintonranks.com/tournament?id=14262,6,China Open 2024,NGUYEN Thuy Linh,28,1981,THET Htar Thuzar,54,1626
18/9/2024,Round 1,WD,YEUNG .. / YEUNG P.. Rank 16 Elo 1752 (+40),21-15 / 21-7,HSU Yin-.. / LIN Jhih Y.. Rank 34 Elo 1798 (-36),26,https://badmintonranks.com/tournament?id=14262,6,China Open 2024,YEUNG .. / YEUNG P..,16,1752,HSU Yin-.. / LIN Jhih Y..,34,1798
18/9/2024,Round 1,XD,TAN Kian.. / LAI Pei Jin.. Rank 17 Elo 1992 (+13),21-10 / 21-16,REDDY .. / REDDY Si.. Rank 30 Elo 1791 (-16),31,https://badmintonranks.com/tournament?id=14262,6,China Open 2024,TAN Kian.. / LAI Pei Jin..,17,1992,REDDY .. / REDDY Si..,30,1791
18/9/2024,Round 1,XD,FENG Ya.. / HUANG .. (2) Rank 3 Elo 2296 (+1),21-18 / 21-10,LIN Bing-.. / LIN Chih-.. Rank 56 Elo 1674 (-2),33,https://badmintonranks.com/tournament?id=14262,6,China Open 2024,FENG Ya.. / HUANG .. (2),3,2296,LIN Bing-.. / LIN Chih-..,56,1674
18/9/2024,Round 1,XD,Jesper T.. / Amalie M.. Rank 51 Elo 1901 (+14),14-21 / 22-20 / 21-16,WU Hsua.. / YANG Ch.. Rank 52 Elo 1706 (-19),49,https://badmintonranks.com/tournament?id=14262,6,China Open 2024,Jesper T.. / Amalie M..,51,1901,WU Hsua.. / YANG Ch..,52,1706
18/9/2024,Round 1,WS,Akane YAMAGUCHI (4) Rank 8 Elo 2456 (+3),21-16 / 21-6,PAI Yu Po Rank 27 Elo 1917 (-3),30,https://badmintonranks.com/tournament?id=14262,6,China Open 2024,Akane YAMAGUCHI (4),8,2456,PAI Yu Po,27,1917
18/9/2024,Round 1,WD,HSIEH P.. / HUNG En-.. Rank 73 Elo 1759 (+52),16-21 / 21-15 / 21-17,Treesa J.. / GAYATRI .. Rank 23 Elo 1955 (-41),59,https://badmintonranks.com/tournament?id=14262,6,China Open 2024,HSIEH P.. / HUNG En-..,73,1759,Treesa J.. / GAYATRI ..,23,1955
18/9/2024,Round 1,XD,HOO Pan.. / CHENG S.. Rank 32 Elo 1774 (+53),21-17 / 21-16,YANG Po.. / HU Ling F.. Rank 13 Elo 2000 (-42),28,https://badmintonranks.com/tournament?id=14262,6,China Open 2024,HOO Pan.. / CHENG S..,32,1774,YANG Po.. / HU Ling F..,13,2000
17/9/2024,Round 1,MD,Muhamm.. / Daniel MA.. Rank 88 Elo 1997 (+24),21-13 / 21-13,CHIU Hsi.. / WANG Ch.. Rank 92 Elo 1962 (-25),32,https://badmintonranks.com/tournament?id=14262,6,China Open 2024,Muhamm.. / Daniel MA..,88,1997,CHIU Hsi.. / WANG Ch..,92,1962
17/9/2024,Round 1,MS,LEE Chia Hao Rank 22 Elo 2158 (+31),24-22 / 11-21 / 21-18,LU Guang Zu Rank 16 Elo 2236 (-31),69,https://badmintonranks.com/tournament?id=14262,6,China Open 2024,LEE Chia Hao,22,2158,LU Guang Zu,16,2236
17/9/2024,Round 1,WS,Aya OHORI (7) Rank 9 Elo 2256 (+15),21-18 / 21-14,Ratchanok INTANON Rank 20 Elo 2111 (-15),40,https://badmintonranks.com/tournament?id=14262,6,China Open 2024,Aya OHORI (7),9,2256,Ratchanok INTANON,20,2111
17/9/2024,Round 1,MD,Rasmus .. / Frederik .. (8) Rank 14 Elo 1879 (+19),24-22 / 21-16,LIN Bing-.. / SU Ching .. Rank 31 Elo 1748 (-23),43,https://badmintonranks.com/tournament?id=14262,6,China Open 2024,Rasmus .. / Frederik .. (8),14,1879,LIN Bing-.. / SU Ching ..,31,1748
17/9/2024,Round 1,WS,WANG Zhi Yi (3) Rank 5 Elo 2442 (+4),21-14 / 21-12,Mia BLICHFELDT Rank 33 Elo 2029 (-4),38,https://badmintonranks.com/tournament?id=14262,6,China Open 2024,WANG Zhi Yi (3),5,2442,Mia BLICHFELDT,33,2029
17/9/2024,Round 1,WD,SUNG Sh.. / YU Chien .. Rank 37 Elo 1702 (+31),21-5 / 21-15,Julie FIN.. / Mai SURR.. Rank 48 Elo 1624 (-40),26,https://badmintonranks.com/tournament?id=14262,6,China Open 2024,SUNG Sh.. / YU Chien ..,37,1702,Julie FIN.. / Mai SURR..,48,1624
17/9/2024,Round 1,WD,Polina B.. / Yevheniia .. Rank 43 Elo 1499 (+94),21-11 / 21-13,Jacquelin.. / Catherine .. Rank 169 Elo 1581 (-72),24,https://badmintonranks.com/tournament?id=14262,6,China Open 2024,Polina B.. / Yevheniia ..,43,1499,Jacquelin.. / Catherine ..,169,1581
17/9/2024,Round 1,MD,LIANG W.. / WANG C.. (1) Rank 1 Elo 2306 (+2),22-20 / 21-16,Christo P.. / Toma Juni.. Rank 33 Elo 1727 (-2),34,https://badmintonranks.com/tournament?id=14262,6,China Open 2024,LIANG W.. / WANG C.. (1),1,2306,Christo P.. / Toma Juni..,33,1727
17/9/2024,Round 1,MS,Anthony Sinisuka GINTI.. Rank 10 Elo 2207 (+11),21-18 / 21-17,Chico Aura DWI WARD.. Rank 32 Elo 1987 (-12),40,https://badmintonranks.com/tournament?id=14262,7,China Open 2024,Anthony Sinisuka GINTI..,10,2207,Chico Aura DWI WARD..,32,1987
17/9/2024,Round 1,MS,SHI Yu Qi (1) Rank 1 Elo 2468 (+3),21-10 / 21-19,Kantaphon WANGCHA.. Rank 37 Elo 1938 (-3),37,https://badmintonranks.com/tournament?id=14262,7,China Open 2024,SHI Yu Qi (1),1,2468,Kantaphon WANGCHA..,37,1938
17/9/2024,Round 1,WS,Line Højmark KJAERSF.. Rank 18 Elo 2057 (+9),21-8 / 21-14,LIANG Ting Yu Rank 57 Elo 1783 (-11),29,https://badmintonranks.com/tournament?id=14262,7,China Open 2024,Line Højmark KJAERSF..,18,2057,LIANG Ting Yu,57,1783
17/9/2024,Round 1,XD,Mads VE.. / Christine .. Rank 24 Elo 1801 (+50),20-22 / 21-19 / 21-17,GUO Xin .. / CHEN Fa.. Rank 37 Elo 2016 (-41),66,https://badmintonranks.com/tournament?id=14262,7,China Open 2024,Mads VE.. / Christine ..,24,1801,GUO Xin .. / CHEN Fa..,37,2016
17/9/2024,Round 1,MS,Koki WATANABE Rank 15 Elo 2137 (+41),21-15 / 21-2,LEE Zii Jia (3) Rank 3 Elo 2373 (-41),29,https://badmintonranks.com/tournament?id=14262,7,China Open 2024,Koki WATANABE,15,2137,LEE Zii Jia (3),3,2373
17/9/2024,Round 1,MS,Kodai NARAOKA (6) Rank 6 Elo 2215 (+12),21-14 / 21-11,Takuma OBAYASHI Rank 33 Elo 2015 (-12),40,https://badmintonranks.com/tournament?id=14262,7,China Open 2024,Kodai NARAOKA (6),6,2215,Takuma OBAYASHI,33,2015
17/9/2024,Round 1,MS,Kunlavut VITIDSARN (8) Rank 7 Elo 2390 (+6),20-22 / 21-14 / 21-15,SU Li Yang Rank 35 Elo 2013 (-5),86,https://badmintonranks.com/tournament?id=14262,7,China Open 2024,Kunlavut VITIDSARN (8),7,2390,SU Li Yang,35,2013
17/9/2024,Round 1,WD,LEE Yu Li.. / SHIN Seu.. Rank 20 Elo 1980 (+4),21-13 / 13-21 / 21-19,Ornnicha .. / Sukitta SU.. Rank 88 Elo 1572 (-10),61,https://badmintonranks.com/tournament?id=14262,7,China Open 2024,LEE Yu Li.. / SHIN Seu..,20,1980,Ornnicha .. / Sukitta SU..,88,1572
17/9/2024,Round 1,WS,Pornpawee CHOCHUW.. Rank 16 Elo 2250 (+23),21-15 / 21-15,KIM Ga Eun Rank 13 Elo 2214 (-23),41,https://badmintonranks.com/tournament?id=14262,7,China Open 2024,Pornpawee CHOCHUW..,16,2250,KIM Ga Eun,13,2214
17/9/2024,Round 1,MD,Junaidi A.. / YAP Roy .. Rank 41 Elo 1887 (+15),21-11 / 21-12,CHEN Z.. / Presley S.. Rank 46 Elo 1714 (-21),32,https://badmintonranks.com/tournament?id=14262,7,China Open 2024,Junaidi A.. / YAP Roy ..,41,1887,CHEN Z.. / Presley S..,46,1714
17/9/2024,Round 1,XD,GOH Soo.. / LAI Shevo.. Rank 12 Elo 2019 (+10),21-13 / 21-15,HEE Yon.. / TAN Wei .. Rank 15 Elo 1765 (-13),29,https://badmintonranks.com/tournament?id=14262,7,China Open 2024,GOH Soo.. / LAI Shevo..,12,2019,HEE Yon.. / TAN Wei ..,15,1765
17/9/2024,Round 1,MS,Brian YANG Rank 24 Elo 1959 (+33),21-13 / 21-16,Priyanshu RAJAWAT Rank 36 Elo 2038 (-32),36,https://badmintonranks.com/tournament?id=14262,7,China Open 2024,Brian YANG,24,1959,Priyanshu RAJAWAT,36,2038
17/9/2024,Round 1,MD,MAN Wei.. / TEE Kai .. Rank 13 Elo 2018 (+11),21-17 / 21-19,XIE Hao .. / ZENG Wei.. Rank 44 Elo 1781 (-14),47,https://badmintonranks.com/tournament?id=14262,7,China Open 2024,MAN Wei.. / TEE Kai ..,13,2018,XIE Hao .. / ZENG Wei..,44,1781
17/9/2024,Round 1,MD,GOH Sze.. / Nur IZZU.. (7) Rank 12 Elo 2100 (+14),17-21 / 21-12 / 21-19,CHEN Bo.. / LIU Yi Rank 21 Elo 1925 (-15),53,https://badmintonranks.com/tournament?id=14262,7,China Open 2024,GOH Sze.. / Nur IZZU.. (7),12,2100,CHEN Bo.. / LIU Yi,21,1925
17/9/2024,Round 1,MD,Ben LANE / Sean VEN.. Rank 15 Elo 1960 (+7),18-21 / 21-19 / 21-15,LOW Han.. / NG Eng C.. Rank 57 Elo 1618 (-13),63,https://badmintonranks.com/tournament?id=14262,7,China Open 2024,Ben LANE / Sean VEN..,15,1960,LOW Han.. / NG Eng C..,57,1618
17/9/2024,Round 1,WD,LI Wen M.. / ZHANG S.. Rank 80 Elo 1937 (+15),21-17 / 21-9,CHANG .. / YANG Chi.. Rank 29 Elo 1752 (-18),37,https://badmintonranks.com/tournament?id=14262,7,China Open 2024,LI Wen M.. / ZHANG S..,80,1937,CHANG .. / YANG Chi..,29,1752
17/9/2024,Round 1,MS,WANG Tzu Wei Rank 23 Elo 2021 (+25),21-14 / 12-21 / 21-19,Christo POPOV Rank 26 Elo 2014 (-26),68,https://badmintonranks.com/tournament?id=14262,7,China Open 2024,WANG Tzu Wei,23,2021,Christo POPOV,26,2014
17/9/2024,Round 1,XD,CHENG .. / ZHANG C.. Rank 22 Elo 2071 (+2),21-13 / 21-11,Oleksii TI.. / Yevheniia .. Rank 68 Elo 1500 (-6),27,https://badmintonranks.com/tournament?id=14262,7,China Open 2024,CHENG .. / ZHANG C..,22,2071,Oleksii TI.. / Yevheniia ..,68,1500
17/9/2024,Round 1,WS,SUNG Shuo Yun Rank 26 Elo 1875 (+33),21-9 / 12-21 / 21-8,GOH Jin Wei Rank 35 Elo 1920 (-31),50,https://badmintonranks.com/tournament?id=14262,7,China Open 2024,SUNG Shuo Yun,26,1875,GOH Jin Wei,35,1920
17/9/2024,Round 1,WD,LI Yi jing / LUO Xu m.. Rank 18 Elo 1951 (+0),W.O.,Laksika K.. / Phataimas.. Rank 21 Elo 1893 (-0),,https://badmintonranks.com/tournament?id=14262,7,China Open 2024,LI Yi jing / LUO Xu m..,18,1951,Laksika K.. / Phataimas..,21,1893
17/9/2024,Round 1,XD,Hiroki MI.. / Natsu SAI.. Rank 20 Elo 1941 (+0),W.O.,YE Hong .. / LEE Chia .. Rank 10 Elo 2013 (-0),,https://badmintonranks.com/tournament?id=14262,8,China Open 2024,Hiroki MI.. / Natsu SAI..,20,1941,YE Hong .. / LEE Chia ..,10,2013
17/9/2024,Round 1,XD,WANG C.. / HSU Yin-.. Rank Elo 1663 (+0),W.O.,Pakkapo.. / Phataimas.. Rank 26 Elo 1882 (-0),,https://badmintonranks.com/tournament?id=14262,8,China Open 2024,WANG C.. / HSU Yin-..,,1663,Pakkapo.. / Phataimas..,26,1882
10/9/2023,Final,MD,LIANG W.. / WANG C.. (3) Rank 3 Elo 2226 (+27),21-12 / 21-14,Aaron CH.. / SOH Wo.. (4) Rank 6 Elo 2223 (-27),26,https://badmintonranks.com/tournament?id=12750,1,China Open 2023,LIANG W.. / WANG C.. (3),3,2226,Aaron CH.. / SOH Wo.. (4),6,2223
10/9/2023,Final,MS,Viktor AXELSEN (1) Rank 1 Elo 2600 (+6),21-16 / 21-19,LU Guang Zu Rank 15 Elo 2250 (-7),49,https://badmintonranks.com/tournament?id=12750,1,China Open 2023,Viktor AXELSEN (1),1,2600,LU Guang Zu,15,2250
10/9/2023,Final,WS,AN Se Young (1) Rank 1 Elo 2782 (+10),21-10 / 21-19,Akane YAMAGUCHI (2) Rank 2 Elo 2523 (-10),38,https://badmintonranks.com/tournament?id=12750,1,China Open 2023,AN Se Young (1),1,2782,Akane YAMAGUCHI (2),2,2523
10/9/2023,Final,WD,CHEN Qi.. / JIA Yi Fan (1) Rank 1 Elo 2444 (+15),21-11 / 21-17,BAEK Ha.. / LEE So H.. (2) Rank 2 Elo 2278 (-15),50,https://badmintonranks.com/tournament?id=12750,1,China Open 2023,CHEN Qi.. / JIA Yi Fan (1),1,2444,BAEK Ha.. / LEE So H.. (2),2,2278
10/9/2023,Final,XD,SEO Seu.. / CHAE Yu.. (5) Rank 5 Elo 2330 (+10),21-19 / 21-12,Thom GI.. / Delphine .. (8) Rank 8 Elo 2085 (-11),40,https://badmintonranks.com/tournament?id=12750,1,China Open 2023,SEO Seu.. / CHAE Yu.. (5),5,2330,Thom GI.. / Delphine .. (8),8,2085
9/9/2023,Semi final,MD,Aaron CH.. / SOH Wo.. (4) Rank 6 Elo 2186 (+37),21-18 / 21-17,KANG Mi.. / SEO Seu.. (6) Rank 4 Elo 2318 (-37),41,https://badmintonranks.com/tournament?id=12750,1,China Open 2023,Aaron CH.. / SOH Wo.. (4),6,2186,KANG Mi.. / SEO Seu.. (6),4,2318
9/9/2023,Semi final,MD,LIANG W.. / WANG C.. (3) Rank 3 Elo 2200 (+26),21-16 / 20-22 / 22-20,Takuro H.. / Yugo KO.. (5) Rank 5 Elo 2182 (-25),67,https://badmintonranks.com/tournament?id=12750,1,China Open 2023,LIANG W.. / WANG C.. (3),3,2200,Takuro H.. / Yugo KO.. (5),5,2182
9/9/2023,Semi final,MS,LU Guang Zu Rank 15 Elo 2214 (+36),21-13 / 21-14,SHI Yu Qi (8) Rank 5 Elo 2336 (-36),41,https://badmintonranks.com/tournament?id=12750,1,China Open 2023,LU Guang Zu,15,2214,SHI Yu Qi (8),5,2336
9/9/2023,Semi final,MS,Viktor AXELSEN (1) Rank 1 Elo 2592 (+8),21-17 / 21-14,Jonatan CHRISTIE (5) Rank 9 Elo 2297 (-8),48,https://badmintonranks.com/tournament?id=12750,1,China Open 2023,Viktor AXELSEN (1),1,2592,Jonatan CHRISTIE (5),9,2297
9/9/2023,Semi final,WS,Akane YAMAGUCHI (2) Rank 2 Elo 2493 (+30),19-21 / 21-15 / 21-17,CHEN Yu Fei (3) Rank 3 Elo 2545 (-31),65,https://badmintonranks.com/tournament?id=12750,1,China Open 2023,Akane YAMAGUCHI (2),2,2493,CHEN Yu Fei (3),3,2545
9/9/2023,Semi final,WS,AN Se Young (1) Rank 1 Elo 2770 (+12),21-18 / 21-14,TAI Tzu Ying (4) Rank 4 Elo 2551 (-12),48,https://badmintonranks.com/tournament?id=12750,1,China Open 2023,AN Se Young (1),1,2770,TAI Tzu Ying (4),4,2551
9/9/2023,Semi final,WD,BAEK Ha.. / LEE So H.. (2) Rank 2 Elo 2266 (+12),21-18 / 21-14,Rena MI.. / Ayako SA.. Rank 13 Elo 2064 (-13),43,https://badmintonranks.com/tournament?id=12750,1,China Open 2023,BAEK Ha.. / LEE So H.. (2),2,2266,Rena MI.. / Ayako SA..,13,2064
9/9/2023,Semi final,XD,Thom GI.. / Delphine .. (8) Rank 8 Elo 2053 (+32),21-16 / 21-13,CHEN Ta.. / TOH Ee W.. Rank 11 Elo 2107 (-32),38,https://badmintonranks.com/tournament?id=12750,1,China Open 2023,Thom GI.. / Delphine .. (8),8,2053,CHEN Ta.. / TOH Ee W..,11,2107
9/9/2023,Semi final,WD,CHEN Qi.. / JIA Yi Fan (1) Rank 1 Elo 2433 (+11),20-22 / 21-15 / 21-16,Nami MA.. / Chiharu .. (7) Rank 7 Elo 2188 (-11),73,https://badmintonranks.com/tournament?id=12750,1,China Open 2023,CHEN Qi.. / JIA Yi Fan (1),1,2433,Nami MA.. / Chiharu .. (7),7,2188
9/9/2023,Semi final,XD,SEO Seu.. / CHAE Yu.. (5) Rank 5 Elo 2324 (+6),21-19 / 21-11,TAN Kian.. / LAI Pei Jin.. Rank 23 Elo 1947 (-6),34,https://badmintonranks.com/tournament?id=12750,1,China Open 2023,SEO Seu.. / CHAE Yu.. (5),5,2324,TAN Kian.. / LAI Pei Jin..,23,1947
8/9/2023,Quarter final,MS,Viktor AXELSEN (1) Rank 1 Elo 2586 (+6),21-17 / 23-21,LOH Kean Yew (7) Rank 8 Elo 2204 (-5),51,https://badmintonranks.com/tournament?id=12750,1,China Open 2023,Viktor AXELSEN (1),1,2586,LOH Kean Yew (7),8,2204
8/9/2023,Quarter final,MD,KANG Mi.. / SEO Seu.. (6) Rank 4 Elo 2306 (+12),21-15 / 21-17,Muhamm.. / Bagas MA.. Rank 13 Elo 2094 (-13),39,https://badmintonranks.com/tournament?id=12750,1,China Open 2023,KANG Mi.. / SEO Seu.. (6),4,2306,Muhamm.. / Bagas MA..,13,2094
8/9/2023,Quarter final,MS,LU Guang Zu Rank 15 Elo 2191 (+23),14-21 / 21-18 / 21-8,Kanta TSUNEYAMA Rank 17 Elo 2140 (-22),67,https://badmintonranks.com/tournament?id=12750,1,China Open 2023,LU Guang Zu,15,2191,Kanta TSUNEYAMA,17,2140
8/9/2023,Quarter final,MS,Jonatan CHRISTIE (5) Rank 9 Elo 2284 (+13),21-12 / 21-17,Shesar Hiren RHUSTAV.. Rank 45 Elo 2086 (-13),36,https://badmintonranks.com/tournament?id=12750,1,China Open 2023,Jonatan CHRISTIE (5),9,2284,Shesar Hiren RHUSTAV..,45,2086
8/9/2023,Quarter final,MS,SHI Yu Qi (8) Rank 5 Elo 2306 (+30),18-21 / 21-9 / 22-20,Kodai NARAOKA (4) Rank 3 Elo 2349 (-29),85,https://badmintonranks.com/tournament?id=12750,1,China Open 2023,SHI Yu Qi (8),5,2306,Kodai NARAOKA (4),3,2349
8/9/2023,Quarter final,MD,Aaron CH.. / SOH Wo.. (4) Rank 6 Elo 2169 (+17),19-21 / 21-19 / 21-11,ONG Yew.. / TEO Ee .. (8) Rank 8 Elo 2034 (-17),62,https://badmintonranks.com/tournament?id=12750,2,China Open 2023,Aaron CH.. / SOH Wo.. (4),6,2169,ONG Yew.. / TEO Ee .. (8),8,2034
8/9/2023,Quarter final,WS,CHEN Yu Fei (3) Rank 3 Elo 2529 (+16),21-18 / 21-11,HE Bing Jiao (5) Rank 5 Elo 2386 (-16),47,https://badmintonranks.com/tournament?id=12750,2,China Open 2023,CHEN Yu Fei (3),3,2529,HE Bing Jiao (5),5,2386
8/9/2023,Quarter final,WS,Akane YAMAGUCHI (2) Rank 2 Elo 2489 (+4),21-15 / 21-13,Line Højmark KJAERSF.. Rank 30 Elo 2020 (-4),33,https://badmintonranks.com/tournament?id=12750,2,China Open 2023,Akane YAMAGUCHI (2),2,2489,Line Højmark KJAERSF..,30,2020
8/9/2023,Quarter final,WD,Rena MI.. / Ayako SA.. Rank 13 Elo 2034 (+30),20-22 / 21-18 / 21-16,LIU Shen.. / TAN Ning Rank 18 Elo 2061 (-29),75,https://badmintonranks.com/tournament?id=12750,2,China Open 2023,Rena MI.. / Ayako SA..,13,2034,LIU Shen.. / TAN Ning,18,2061
8/9/2023,Quarter final,WD,Nami MA.. / Chiharu .. (7) Rank 7 Elo 2162 (+26),21-14 / 21-16,Mayu MA.. / Wakana .. (4) Rank 6 Elo 2150 (-25),45,https://badmintonranks.com/tournament?id=12750,2,China Open 2023,Nami MA.. / Chiharu .. (7),7,2162,Mayu MA.. / Wakana .. (4),6,2150
8/9/2023,Quarter final,WD,BAEK Ha.. / LEE So H.. (2) Rank 2 Elo 2245 (+21),21-15 / 18-21 / 21-10,Apriyani .. / Siti Fadia .. Rank 9 Elo 2171 (-21),75,https://badmintonranks.com/tournament?id=12750,2,China Open 2023,BAEK Ha.. / LEE So H.. (2),2,2245,Apriyani .. / Siti Fadia ..,9,2171
8/9/2023,Quarter final,WD,CHEN Qi.. / JIA Yi Fan (1) Rank 1 Elo 2423 (+10),21-18 / 21-11,Yuki FUK.. / Sayaka H.. (5) Rank 4 Elo 2166 (-10),45,https://badmintonranks.com/tournament?id=12750,2,China Open 2023,CHEN Qi.. / JIA Yi Fan (1),1,2423,Yuki FUK.. / Sayaka H.. (5),4,2166
8/9/2023,Quarter final,MD,Takuro H.. / Yugo KO.. (5) Rank 5 Elo 2155 (+27),21-12 / 21-17,Kim AST.. / Anders Sk.. Rank 9 Elo 2164 (-27),40,https://badmintonranks.com/tournament?id=12750,2,China Open 2023,Takuro H.. / Yugo KO.. (5),5,2155,Kim AST.. / Anders Sk..,9,2164
8/9/2023,Quarter final,MD,LIANG W.. / WANG C.. (3) Rank 3 Elo 2181 (+19),21-18 / 21-19,LIU Yu C.. / OU Xuan .. (7) Rank 7 Elo 2083 (-20),39,https://badmintonranks.com/tournament?id=12750,2,China Open 2023,LIANG W.. / WANG C.. (3),3,2181,LIU Yu C.. / OU Xuan .. (7),7,2083
8/9/2023,Quarter final,XD,TAN Kian.. / LAI Pei Jin.. Rank 23 Elo 1895 (+52),21-18 / 21-19,Dechapol.. / Sapsiree .. (4) Rank 4 Elo 2235 (-47),41,https://badmintonranks.com/tournament?id=12750,2,China Open 2023,TAN Kian.. / LAI Pei Jin..,23,1895,Dechapol.. / Sapsiree .. (4),4,2235
8/9/2023,Quarter final,WS,TAI Tzu Ying (4) Rank 4 Elo 2527 (+24),21-17 / 10-21 / 21-19,Carolina MARIN (6) Rank 6 Elo 2498 (-24),68,https://badmintonranks.com/tournament?id=12750,2,China Open 2023,TAI Tzu Ying (4),4,2527,Carolina MARIN (6),6,2498
8/9/2023,Quarter final,WS,AN Se Young (1) Rank 1 Elo 2767 (+3),15-21 / 21-15 / 21-17,HAN Yue Rank 9 Elo 2268 (-3),63,https://badmintonranks.com/tournament?id=12750,2,China Open 2023,AN Se Young (1),1,2767,HAN Yue,9,2268
8/9/2023,Quarter final,XD,Thom GI.. / Delphine .. (8) Rank 8 Elo 2006 (+47),22-20 / 21-14,Yuta WAT.. / Arisa IGA.. (2) Rank 2 Elo 2302 (-45),44,https://badmintonranks.com/tournament?id=12750,2,China Open 2023,Thom GI.. / Delphine .. (8),8,2006,Yuta WAT.. / Arisa IGA.. (2),2,2302
8/9/2023,Quarter final,XD,CHEN Ta.. / TOH Ee W.. Rank 11 Elo 2081 (+26),21-15 / 13-21 / 21-16,YE Hong .. / LEE Chia .. Rank 15 Elo 2062 (-26),55,https://badmintonranks.com/tournament?id=12750,2,China Open 2023,CHEN Ta.. / TOH Ee W..,11,2081,YE Hong .. / LEE Chia ..,15,2062
8/9/2023,Quarter final,XD,SEO Seu.. / CHAE Yu.. (5) Rank 5 Elo 2291 (+33),17-21 / 21-13 / 21-17,ZHENG .. / HUANG .. (1) Rank 1 Elo 2382 (-33),62,https://badmintonranks.com/tournament?id=12750,2,China Open 2023,SEO Seu.. / CHAE Yu.. (5),5,2291,ZHENG .. / HUANG .. (1),1,2382
7/9/2023,Round 2,WD,BAEK Ha.. / LEE So H.. (2) Rank 2 Elo 2243 (+2),21-17 / 21-14,Vivian H.. / LIM Chiew.. Rank 35 Elo 1694 (-3),45,https://badmintonranks.com/tournament?id=12750,2,China Open 2023,BAEK Ha.. / LEE So H.. (2),2,2243,Vivian H.. / LIM Chiew..,35,1694
7/9/2023,Round 2,WD,Rena MI.. / Ayako SA.. Rank 13 Elo 2024 (+10),21-11 / 21-18,Anna Chi.. / TEOH Mei.. Rank Elo 1790 (-13),34,https://badmintonranks.com/tournament?id=12750,2,China Open 2023,Rena MI.. / Ayako SA..,13,2024,Anna Chi.. / TEOH Mei..,,1790
7/9/2023,Round 2,MD,ONG Yew.. / TEO Ee .. (8) Rank 8 Elo 2018 (+16),21-12 / 21-17,Rasmus .. / Frederik S.. Rank 31 Elo 1879 (-18),36,https://badmintonranks.com/tournament?id=12750,2,China Open 2023,ONG Yew.. / TEO Ee .. (8),8,2018,Rasmus .. / Frederik S..,31,1879
7/9/2023,Round 2,MD,KANG Mi.. / SEO Seu.. (6) Rank 4 Elo 2290 (+16),21-19 / 17-21 / 25-23,LEE Yang / WANG Ch.. Rank 14 Elo 2151 (-16),69,https://badmintonranks.com/tournament?id=12750,2,China Open 2023,KANG Mi.. / SEO Seu.. (6),4,2290,LEE Yang / WANG Ch..,14,2151
7/9/2023,Round 2,WD,Mayu MA.. / Wakana .. (4) Rank 6 Elo 2141 (+9),21-12 / 21-15,Maiken F.. / Sara THY.. Rank 20 Elo 1869 (-10),34,https://badmintonranks.com/tournament?id=12750,2,China Open 2023,Mayu MA.. / Wakana .. (4),6,2141,Maiken F.. / Sara THY..,20,1869
7/9/2023,Round 2,WD,Nami MA.. / Chiharu .. (7) Rank 7 Elo 2153 (+9),21-16 / 21-16,HSU Ya .. / LIN Wan .. Rank 24 Elo 1879 (-10),36,https://badmintonranks.com/tournament?id=12750,3,China Open 2023,Nami MA.. / Chiharu .. (7),7,2153,HSU Ya .. / LIN Wan ..,24,1879
7/9/2023,Round 2,MS,LU Guang Zu Rank 15 Elo 2155 (+36),21-19 / 21-12,LI Shi Feng (6) Rank 7 Elo 2301 (-35),53,https://badmintonranks.com/tournament?id=12750,3,China Open 2023,LU Guang Zu,15,2155,LI Shi Feng (6),7,2301
7/9/2023,Round 2,WD,LIU Shen.. / TAN Ning Rank 18 Elo 2058 (+3),21-14 / 21-7,Paula Lyn.. / Lauren LAM Rank 43 Elo 1588 (-7),29,https://badmintonranks.com/tournament?id=12750,3,China Open 2023,LIU Shen.. / TAN Ning,18,2058,Paula Lyn.. / Lauren LAM,43,1588
7/9/2023,Round 2,MD,Muhamm.. / Bagas MA.. Rank 13 Elo 2071 (+23),21-16 / 21-12,Pramudy.. / Yeremia E.. Rank 22 Elo 2026 (-22),32,https://badmintonranks.com/tournament?id=12750,3,China Open 2023,Muhamm.. / Bagas MA..,13,2071,Pramudy.. / Yeremia E..,22,2026
7/9/2023,Round 2,WS,HE Bing Jiao (5) Rank 5 Elo 2383 (+3),21-5 / 21-16,Saena KAWAKAMI Rank 32 Elo 1937 (-4),35,https://badmintonranks.com/tournament?id=12750,3,China Open 2023,HE Bing Jiao (5),5,2383,Saena KAWAKAMI,32,1937
7/9/2023,Round 2,MS,Kodai NARAOKA (4) Rank 3 Elo 2340 (+9),21-19 / 21-8,LIN Chun-Yi Rank 24 Elo 2079 (-10),49,https://badmintonranks.com/tournament?id=12750,3,China Open 2023,Kodai NARAOKA (4),3,2340,LIN Chun-Yi,24,2079
7/9/2023,Round 2,MD,Aaron CH.. / SOH Wo.. (4) Rank 6 Elo 2156 (+13),21-16 / 21-17,HE Ji Ting / ZHOU Ha.. Rank 16 Elo 1972 (-13),40,https://badmintonranks.com/tournament?id=12750,3,China Open 2023,Aaron CH.. / SOH Wo.. (4),6,2156,HE Ji Ting / ZHOU Ha..,16,1972
7/9/2023,Round 2,WD,Apriyani .. / Siti Fadia .. Rank 9 Elo 2151 (+20),21-16 / 21-18,JEONG .. / KIM Hye J.. Rank 12 Elo 2075 (-20),57,https://badmintonranks.com/tournament?id=12750,3,China Open 2023,Apriyani .. / Siti Fadia ..,9,2151,JEONG .. / KIM Hye J..,12,2075
7/9/2023,Round 2,WS,CHEN Yu Fei (3) Rank 3 Elo 2527 (+2),22-20 / 21-9,Aya OHORI Rank 21 Elo 1968 (-2),44,https://badmintonranks.com/tournament?id=12750,3,China Open 2023,CHEN Yu Fei (3),3,2527,Aya OHORI,21,1968
7/9/2023,Round 2,MS,Kanta TSUNEYAMA Rank 17 Elo 2112 (+28),21-9 / 21-8,LEE Cheuk Yiu Rank 16 Elo 2142 (-28),30,https://badmintonranks.com/tournament?id=12750,3,China Open 2023,Kanta TSUNEYAMA,17,2112,LEE Cheuk Yiu,16,2142
7/9/2023,Round 2,MS,SHI Yu Qi (8) Rank 5 Elo 2292 (+14),21-11 / 16-21 / 21-16,Rasmus GEMKE Rank 25 Elo 2127 (-14),72,https://badmintonranks.com/tournament?id=12750,3,China Open 2023,SHI Yu Qi (8),5,2292,Rasmus GEMKE,25,2127
7/9/2023,Round 2,MS,Viktor AXELSEN (1) Rank 1 Elo 2583 (+3),20-22 / 21-6 / 21-14,WANG Tzu Wei Rank 26 Elo 2115 (-3),67,https://badmintonranks.com/tournament?id=12750,3,China Open 2023,Viktor AXELSEN (1),1,2583,WANG Tzu Wei,26,2115
7/9/2023,Round 2,WD,CHEN Qi.. / JIA Yi Fan (1) Rank 1 Elo 2421 (+2),21-15 / 21-19,YEUNG .. / YEUNG P.. Rank 25 Elo 1886 (-3),36,https://badmintonranks.com/tournament?id=12750,3,China Open 2023,CHEN Qi.. / JIA Yi Fan (1),1,2421,YEUNG .. / YEUNG P..,25,1886
7/9/2023,Round 2,MD,LIU Yu C.. / OU Xuan .. (7) Rank 7 Elo 2069 (+14),15-21 / 21-17 / 21-18,LEE Fan.. / LEE Fang-.. Rank 26 Elo 1895 (-15),60,https://badmintonranks.com/tournament?id=12750,3,China Open 2023,LIU Yu C.. / OU Xuan .. (7),7,2069,LEE Fan.. / LEE Fang-..,26,1895
7/9/2023,Round 2,MD,Kim AST.. / Anders Sk.. Rank 9 Elo 2153 (+11),21-8 / 21-13,LEE Jhe-.. / YANG Po-.. Rank 20 Elo 1922 (-12),28,https://badmintonranks.com/tournament?id=12750,3,China Open 2023,Kim AST.. / Anders Sk..,9,2153,LEE Jhe-.. / YANG Po-..,20,1922
7/9/2023,Round 2,WS,Carolina MARIN (6) Rank 6 Elo 2493 (+5),21-9 / 21-16,GAO Fang jie Rank 26 Elo 2121 (-6),42,https://badmintonranks.com/tournament?id=12750,3,China Open 2023,Carolina MARIN (6),6,2493,GAO Fang jie,26,2121
7/9/2023,Round 2,WS,Line Højmark KJAERSF.. Rank 30 Elo 2003 (+17),21-19 / 21-10,Yvonne LI Rank 24 Elo 1872 (-19),37,https://badmintonranks.com/tournament?id=12750,3,China Open 2023,Line Højmark KJAERSF..,30,2003,Yvonne LI,24,1872
7/9/2023,Round 2,MS,LOH Kean Yew (7) Rank 8 Elo 2166 (+38),21-17 / 21-12,Anders ANTONSEN Rank 10 Elo 2353 (-38),51,https://badmintonranks.com/tournament?id=12750,3,China Open 2023,LOH Kean Yew (7),8,2166,Anders ANTONSEN,10,2353
7/9/2023,Round 2,MD,LIANG W.. / WANG C.. (3) Rank 3 Elo 2167 (+14),21-14 / 22-20,Akira KO.. / Taichi SAI.. Rank 17 Elo 2009 (-15),39,https://badmintonranks.com/tournament?id=12750,3,China Open 2023,LIANG W.. / WANG C.. (3),3,2167,Akira KO.. / Taichi SAI..,17,2009
7/9/2023,Round 2,MD,Takuro H.. / Yugo KO.. (5) Rank 5 Elo 2147 (+8),21-17 / 21-19,Keiichiro .. / Yoshinori .. Rank 28 Elo 1853 (-9),43,https://badmintonranks.com/tournament?id=12750,3,China Open 2023,Takuro H.. / Yugo KO.. (5),5,2147,Keiichiro .. / Yoshinori ..,28,1853
7/9/2023,Round 2,WD,Yuki FUK.. / Sayaka H.. (5) Rank 4 Elo 2145 (+21),21-16 / 21-16,Pearly TA.. / THINAAH .. Rank 11 Elo 2085 (-22),47,https://badmintonranks.com/tournament?id=12750,4,China Open 2023,Yuki FUK.. / Sayaka H.. (5),4,2145,Pearly TA.. / THINAAH ..,11,2085
7/9/2023,Round 2,WS,TAI Tzu Ying (4) Rank 4 Elo 2522 (+5),21-11 / 21-12,ZHANG Yi Man Rank 19 Elo 2158 (-6),32,https://badmintonranks.com/tournament?id=12750,4,China Open 2023,TAI Tzu Ying (4),4,2522,ZHANG Yi Man,19,2158
7/9/2023,Round 2,WS,AN Se Young (1) Rank 1 Elo 2764 (+3),21-14 / 22-20,WANG Zhi Yi Rank 11 Elo 2254 (-3),40,https://badmintonranks.com/tournament?id=12750,4,China Open 2023,AN Se Young (1),1,2764,WANG Zhi Yi,11,2254
7/9/2023,Round 2,WS,Akane YAMAGUCHI (2) Rank 2 Elo 2483 (+6),22-20 / 21-17,KIM Ga Eun Rank 18 Elo 2151 (-6),43,https://badmintonranks.com/tournament?id=12750,4,China Open 2023,Akane YAMAGUCHI (2),2,2483,KIM Ga Eun,18,2151
7/9/2023,Round 2,MS,Jonatan CHRISTIE (5) Rank 9 Elo 2278 (+6),12-21 / 21-15 / 21-14,Brian YANG Rank 27 Elo 1944 (-7),57,https://badmintonranks.com/tournament?id=12750,4,China Open 2023,Jonatan CHRISTIE (5),9,2278,Brian YANG,27,1944
7/9/2023,Round 2,XD,Thom GI.. / Delphine .. (8) Rank 8 Elo 1976 (+30),21-19 / 21-17,Hiroki MI.. / Natsu SAI.. Rank 17 Elo 2026 (-30),45,https://badmintonranks.com/tournament?id=12750,4,China Open 2023,Thom GI.. / Delphine .. (8),8,1976,Hiroki MI.. / Natsu SAI..,17,2026
7/9/2023,Round 2,WS,HAN Yue Rank 9 Elo 2259 (+9),21-23 / 21-8 / 21-5,NGUYEN Thuy Linh Rank 27 Elo 1989 (-9),54,https://badmintonranks.com/tournament?id=12750,4,China Open 2023,HAN Yue,9,2259,NGUYEN Thuy Linh,27,1989
7/9/2023,Round 2,XD,Yuta WAT.. / Arisa IGA.. (2) Rank 2 Elo 2293 (+9),21-14 / 21-17,TANG Ch.. / TSE Ying .. Rank 22 Elo 2027 (-9),33,https://badmintonranks.com/tournament?id=12750,4,China Open 2023,Yuta WAT.. / Arisa IGA.. (2),2,2293,TANG Ch.. / TSE Ying ..,22,2027
7/9/2023,Round 2,XD,YE Hong .. / LEE Chia .. Rank 15 Elo 2021 (+41),21-18 / 21-19,FENG Ya.. / HUANG .. (3) Rank 3 Elo 2245 (-40),45,https://badmintonranks.com/tournament?id=12750,4,China Open 2023,YE Hong .. / LEE Chia ..,15,2021,FENG Ya.. / HUANG .. (3),3,2245
7/9/2023,Round 2,XD,Dechapol.. / Sapsiree .. (4) Rank 4 Elo 2221 (+14),21-16 / 21-13,Rinov RI.. / Pitha Hani.. Rank 18 Elo 2049 (-14),31,https://badmintonranks.com/tournament?id=12750,4,China Open 2023,Dechapol.. / Sapsiree .. (4),4,2221,Rinov RI.. / Pitha Hani..,18,2049
7/9/2023,Round 2,XD,TAN Kian.. / LAI Pei Jin.. Rank 23 Elo 1855 (+40),18-21 / 21-19 / 21-12,Praveen .. / Melati Dae.. Rank 26 Elo 1979 (-36),58,https://badmintonranks.com/tournament?id=12750,4,China Open 2023,TAN Kian.. / LAI Pei Jin..,23,1855,Praveen .. / Melati Dae..,26,1979
7/9/2023,Round 2,MS,Shesar Hiren RHUSTAV.. Rank 45 Elo 2050 (+36),18-21 / 21-11 / 22-20,NG Tze Yong Rank 22 Elo 2194 (-35),74,https://badmintonranks.com/tournament?id=12750,4,China Open 2023,Shesar Hiren RHUSTAV..,45,2050,NG Tze Yong,22,2194
7/9/2023,Round 2,XD,ZHENG .. / HUANG .. (1) Rank 1 Elo 2378 (+4),21-5 / 21-17,Dejan FE.. / Gloria Em.. Rank 16 Elo 1981 (-5),34,https://badmintonranks.com/tournament?id=12750,4,China Open 2023,ZHENG .. / HUANG .. (1),1,2378,Dejan FE.. / Gloria Em..,16,1981
7/9/2023,Round 2,XD,SEO Seu.. / CHAE Yu.. (5) Rank 5 Elo 2285 (+6),8-21 / 21-18 / 21-19,Kyohei Y.. / Naru SHI.. Rank 19 Elo 1931 (-6),54,https://badmintonranks.com/tournament?id=12750,4,China Open 2023,SEO Seu.. / CHAE Yu.. (5),5,2285,Kyohei Y.. / Naru SHI..,19,1931
7/9/2023,Round 2,XD,CHEN Ta.. / TOH Ee W.. Rank 11 Elo 2048 (+33),21-15 / 15-21 / 21-18,KIM Won .. / JEONG .. (6) Rank 6 Elo 2148 (-33),59,https://badmintonranks.com/tournament?id=12750,4,China Open 2023,CHEN Ta.. / TOH Ee W..,11,2048,KIM Won .. / JEONG .. (6),6,2148
6/9/2023,Round 1,WD,Rena MI.. / Ayako SA.. Rank 13 Elo 1990 (+34),21-18 / 21-18,ZHANG .. / ZHENG .. (6) Rank 5 Elo 2083 (-33),47,https://badmintonranks.com/tournament?id=12750,4,China Open 2023,Rena MI.. / Ayako SA..,13,1990,ZHANG .. / ZHENG .. (6),5,2083
6/9/2023,Round 1,WD,Anna Chi.. / TEOH Mei.. Rank Elo 1739 (+51),19-21 / 21-15 / 22-20,Febriana .. / Amallia C.. Rank 15 Elo 1885 (-40),73,https://badmintonranks.com/tournament?id=12750,4,China Open 2023,Anna Chi.. / TEOH Mei..,,1739,Febriana .. / Amallia C..,15,1885
6/9/2023,Round 1,XD,TANG Ch.. / TSE Ying .. Rank 22 Elo 2010 (+17),21-16 / 21-12,Rehan N.. / Lisa Ayu K.. Rank 14 Elo 1882 (-18),35,https://badmintonranks.com/tournament?id=12750,4,China Open 2023,TANG Ch.. / TSE Ying ..,22,2010,Rehan N.. / Lisa Ayu K..,14,1882
6/9/2023,Round 1,WD,LIU Shen.. / TAN Ning Rank 18 Elo 2044 (+14),21-19 / 21-7,LEE Yu Li.. / SHIN Seu.. Rank 22 Elo 1866 (-15),42,https://badmintonranks.com/tournament?id=12750,4,China Open 2023,LIU Shen.. / TAN Ning,18,2044,LEE Yu Li.. / SHIN Seu..,22,1866
6/9/2023,Round 1,MD,LEE Yang / WANG Ch.. Rank 14 Elo 2146 (+5),21-14 / 21-14,SU Ching.. / YE Hong .. Rank 29 Elo 1758 (-7),29,https://badmintonranks.com/tournament?id=12750,4,China Open 2023,LEE Yang / WANG Ch..,14,2146,SU Ching.. / YE Hong ..,29,1758
6/9/2023,Round 1,MD,HE Ji Ting / ZHOU Ha.. Rank 16 Elo 1956 (+16),21-14 / 21-17,CHANG .. / PO Li-Wei Rank 27 Elo 1817 (-19),35,https://badmintonranks.com/tournament?id=12750,5,China Open 2023,HE Ji Ting / ZHOU Ha..,16,1956,CHANG .. / PO Li-Wei,27,1817
6/9/2023,Round 1,WS,HE Bing Jiao (5) Rank 5 Elo 2379 (+4),21-15 / 21-13,SUNG Shuo Yun Rank 29 Elo 1920 (-4),44,https://badmintonranks.com/tournament?id=12750,5,China Open 2023,HE Bing Jiao (5),5,2379,SUNG Shuo Yun,29,1920
6/9/2023,Round 1,MS,SHI Yu Qi (8) Rank 5 Elo 2286 (+6),21-8 / 21-11,Magnus JOHANNESEN Rank 32 Elo 1954 (-7),37,https://badmintonranks.com/tournament?id=12750,5,China Open 2023,SHI Yu Qi (8),5,2286,Magnus JOHANNESEN,32,1954
6/9/2023,Round 1,WS,Saena KAWAKAMI Rank 32 Elo 1892 (+45),12-21 / 22-20 / 22-20,Supanida KATETHONG Rank 16 Elo 2121 (-41),59,https://badmintonranks.com/tournament?id=12750,5,China Open 2023,Saena KAWAKAMI,32,1892,Supanida KATETHONG,16,2121
6/9/2023,Round 1,MD,KANG Mi.. / SEO Seu.. (6) Rank 4 Elo 2280 (+10),21-18 / 15-21 / 21-12,Hendra S.. / Mohamma.. Rank 10 Elo 2037 (-10),52,https://badmintonranks.com/tournament?id=12750,5,China Open 2023,KANG Mi.. / SEO Seu.. (6),4,2280,Hendra S.. / Mohamma..,10,2037
6/9/2023,Round 1,XD,Thom GI.. / Delphine .. (8) Rank 8 Elo 1955 (+21),21-10 / 21-19,CHENG .. / CHEN Fa.. Rank 27 Elo 1870 (-22),37,https://badmintonranks.com/tournament?id=12750,5,China Open 2023,Thom GI.. / Delphine .. (8),8,1955,CHENG .. / CHEN Fa..,27,1870
6/9/2023,Round 1,MS,LIN Chun-Yi Rank 24 Elo 2053 (+26),21-15 / 10-21 / 21-16,Toma Junior POPOV Rank 23 Elo 2053 (-26),71,https://badmintonranks.com/tournament?id=12750,5,China Open 2023,LIN Chun-Yi,24,2053,Toma Junior POPOV,23,2053
6/9/2023,Round 1,MD,ONG Yew.. / TEO Ee .. (8) Rank 8 Elo 1994 (+24),21-16 / 23-21,REN Xian.. / TAN Qiang Rank 19 Elo 1966 (-25),47,https://badmintonranks.com/tournament?id=12750,5,China Open 2023,ONG Yew.. / TEO Ee .. (8),8,1994,REN Xian.. / TAN Qiang,19,1966
6/9/2023,Round 1,MD,Aaron CH.. / SOH Wo.. (4) Rank 6 Elo 2137 (+19),21-10 / 25-23,CHOI Sol.. / KIM Won .. Rank 15 Elo 2043 (-19),35,https://badmintonranks.com/tournament?id=12750,5,China Open 2023,Aaron CH.. / SOH Wo.. (4),6,2137,CHOI Sol.. / KIM Won ..,15,2043
6/9/2023,Round 1,XD,Yuta WAT.. / Arisa IGA.. (2) Rank 2 Elo 2288 (+5),21-23 / 21-18 / 21-11,LEE Chu.. / NG Tsz Ya.. Rank 24 Elo 1915 (-6),61,https://badmintonranks.com/tournament?id=12750,5,China Open 2023,Yuta WAT.. / Arisa IGA.. (2),2,2288,LEE Chu.. / NG Tsz Ya..,24,1915
6/9/2023,Round 1,WD,JEONG .. / KIM Hye J.. Rank 12 Elo 2049 (+26),21-13 / 24-26 / 21-15,Benyapa .. / Nuntakarn.. Rank 10 Elo 2049 (-26),67,https://badmintonranks.com/tournament?id=12750,5,China Open 2023,JEONG .. / KIM Hye J..,12,2049,Benyapa .. / Nuntakarn..,10,2049
6/9/2023,Round 1,WD,Vivian H.. / LIM Chiew.. Rank 35 Elo 1617 (+77),12-21 / 21-11 / 22-20,Rui HIRO.. / Yuna KATO Rank 23 Elo 1801 (-48),66,https://badmintonranks.com/tournament?id=12750,5,China Open 2023,Vivian H.. / LIM Chiew..,35,1617,Rui HIRO.. / Yuna KATO,23,1801
6/9/2023,Round 1,MS,Rasmus GEMKE Rank 25 Elo 2119 (+8),21-18 / 18-21 / 21-15,Kantaphon WANGCHA.. Rank 33 Elo 1826 (-10),79,https://badmintonranks.com/tournament?id=12750,5,China Open 2023,Rasmus GEMKE,25,2119,Kantaphon WANGCHA..,33,1826
6/9/2023,Round 1,MS,Kanta TSUNEYAMA Rank 17 Elo 2069 (+43),21-11 / 18-21 / 21-17,Anthony Sinisuka GIN.. (2) Rank 2 Elo 2361 (-43),66,https://badmintonranks.com/tournament?id=12750,5,China Open 2023,Kanta TSUNEYAMA,17,2069,Anthony Sinisuka GIN.. (2),2,2361
6/9/2023,Round 1,XD,Hiroki MI.. / Natsu SAI.. Rank 17 Elo 2002 (+24),21-19 / 21-18,Supak JO.. / Supissara .. Rank 13 Elo 1971 (-24),38,https://badmintonranks.com/tournament?id=12750,5,China Open 2023,Hiroki MI.. / Natsu SAI..,17,2002,Supak JO.. / Supissara ..,13,1971
6/9/2023,Round 1,WD,Apriyani .. / Siti Fadia .. Rank 9 Elo 2135 (+16),17-21 / 21-12 / 21-19,Jongkolp.. / Rawinda .. (8) Rank 8 Elo 2004 (-17),80,https://badmintonranks.com/tournament?id=12750,5,China Open 2023,Apriyani .. / Siti Fadia ..,9,2135,Jongkolp.. / Rawinda .. (8),8,2004
6/9/2023,Round 1,WD,BAEK Ha.. / LEE So H.. (2) Rank 2 Elo 2233 (+10),21-18 / 21-13,LI Wen M.. / LIU Xuan .. Rank 14 Elo 1984 (-10),47,https://badmintonranks.com/tournament?id=12750,5,China Open 2023,BAEK Ha.. / LEE So H.. (2),2,2233,LI Wen M.. / LIU Xuan ..,14,1984
6/9/2023,Round 1,MD,Pramudy.. / Yeremia E.. Rank 22 Elo 2017 (+9),22-20 / 19-21 / 21-17,Ayato EN.. / Yuta TAKE.. Rank 32 Elo 1760 (-13),59,https://badmintonranks.com/tournament?id=12750,5,China Open 2023,Pramudy.. / Yeremia E..,22,2017,Ayato EN.. / Yuta TAKE..,32,1760
6/9/2023,Round 1,MD,Rasmus .. / Frederik S.. Rank 31 Elo 1862 (+17),21-17 / 21-9,Lucas C.. / Ronan LA.. Rank 30 Elo 1703 (-22),37,https://badmintonranks.com/tournament?id=12750,5,China Open 2023,Rasmus .. / Frederik S..,31,1862,Lucas C.. / Ronan LA..,30,1703
6/9/2023,Round 1,MS,Kodai NARAOKA (4) Rank 3 Elo 2325 (+15),26-24 / 12-21 / 21-11,LEE Zii Jia Rank 14 Elo 2179 (-15),75,https://badmintonranks.com/tournament?id=12750,5,China Open 2023,Kodai NARAOKA (4),3,2325,LEE Zii Jia,14,2179
6/9/2023,Round 1,MS,LEE Cheuk Yiu Rank 16 Elo 2123 (+19),21-19 / 21-23 / 21-19,ZHAO Jun Peng Rank 31 Elo 2025 (-19),73,https://badmintonranks.com/tournament?id=12750,6,China Open 2023,LEE Cheuk Yiu,16,2123,ZHAO Jun Peng,31,2025
6/9/2023,Round 1,WS,CHEN Yu Fei (3) Rank 3 Elo 2520 (+7),21-18 / 21-5,ZHANG Beiwen Rank 10 Elo 2188 (-7),31,https://badmintonranks.com/tournament?id=12750,6,China Open 2023,CHEN Yu Fei (3),3,2520,ZHANG Beiwen,10,2188
6/9/2023,Round 1,MS,LU Guang Zu Rank 15 Elo 2130 (+25),21-17 / 21-15,NG Ka Long Angus Rank 18 Elo 2132 (-26),49,https://badmintonranks.com/tournament?id=12750,6,China Open 2023,LU Guang Zu,15,2130,NG Ka Long Angus,18,2132
6/9/2023,Round 1,MD,Muhamm.. / Bagas MA.. Rank 13 Elo 2032 (+39),21-17 / 11-21 / 21-17,Satwiksai.. / Chirag S.. (2) Rank 2 Elo 2228 (-38),68,https://badmintonranks.com/tournament?id=12750,6,China Open 2023,Muhamm.. / Bagas MA..,13,2032,Satwiksai.. / Chirag S.. (2),2,2228
6/9/2023,Round 1,WS,Line Højmark KJAERSF.. Rank 30 Elo 1994 (+9),21-15 / 21-13,Lauren LAM Rank 40 Elo 1704 (-13),37,https://badmintonranks.com/tournament?id=12750,6,China Open 2023,Line Højmark KJAERSF..,30,1994,Lauren LAM,40,1704
6/9/2023,Round 1,WS,Yvonne LI Rank 24 Elo 1827 (+45),21-16 / 21-18,Kirsty GILMOUR Rank 25 Elo 1999 (-39),40,https://badmintonranks.com/tournament?id=12750,6,China Open 2023,Yvonne LI,24,1827,Kirsty GILMOUR,25,1999
6/9/2023,Round 1,MS,LI Shi Feng (6) Rank 7 Elo 2286 (+15),21-14 / 18-21 / 21-18,CHOU Tien Chen Rank 11 Elo 2141 (-15),75,https://badmintonranks.com/tournament?id=12750,6,China Open 2023,LI Shi Feng (6),7,2286,CHOU Tien Chen,11,2141
6/9/2023,Round 1,WS,KIM Ga Eun Rank 18 Elo 2150 (+1),21-9 / 6-2 Ret.,Lianne TAN Rank 41 Elo 1666 (-2),18,https://badmintonranks.com/tournament?id=12750,6,China Open 2023,KIM Ga Eun,18,2150,Lianne TAN,41,1666
6/9/2023,Round 1,XD,YE Hong .. / LEE Chia .. Rank 15 Elo 1993 (+28),21-13 / 21-13,Robin TA.. / Selena PI.. Rank 10 Elo 2012 (-28),30,https://badmintonranks.com/tournament?id=12750,6,China Open 2023,YE Hong .. / LEE Chia ..,15,1993,Robin TA.. / Selena PI..,10,2012
6/9/2023,Round 1,WS,Aya OHORI Rank 21 Elo 1950 (+18),21-18 / 21-12,GOH Jin Wei Rank 35 Elo 1834 (-21),38,https://badmintonranks.com/tournament?id=12750,6,China Open 2023,Aya OHORI,21,1950,GOH Jin Wei,35,1834
6/9/2023,Round 1,WS,Akane YAMAGUCHI (2) Rank 2 Elo 2481 (+2),21-12 / 21-18,Putri Kusuma WARDANI Rank 33 Elo 1938 (-2),37,https://badmintonranks.com/tournament?id=12750,6,China Open 2023,Akane YAMAGUCHI (2),2,2481,Putri Kusuma WARDANI,33,1938
6/9/2023,Round 1,XD,FENG Ya.. / HUANG .. (3) Rank 3 Elo 2241 (+4),21-17 / 21-12,HEE Yon.. / TAN Wei .. Rank 33 Elo 1791 (-5),38,https://badmintonranks.com/tournament?id=12750,6,China Open 2023,FENG Ya.. / HUANG .. (3),3,2241,HEE Yon.. / TAN Wei ..,33,1791
6/9/2023,Round 1,XD,CHEN Ta.. / TOH Ee W.. Rank 11 Elo 2041 (+7),21-15 / 21-16,Rohan K.. / REDDY Si.. Rank 32 Elo 1725 (-11),39,https://badmintonranks.com/tournament?id=12750,6,China Open 2023,CHEN Ta.. / TOH Ee W..,11,2041,Rohan K.. / REDDY Si..,32,1725
6/9/2023,Round 1,XD,KIM Won .. / JEONG .. (6) Rank 6 Elo 2141 (+7),21-17 / 21-19,Yuki KAN.. / Misaki MA.. Rank 20 Elo 1814 (-8),45,https://badmintonranks.com/tournament?id=12750,6,China Open 2023,KIM Won .. / JEONG .. (6),6,2141,Yuki KAN.. / Misaki MA..,20,1814
5/9/2023,Round 1,WD,Nami MA.. / Chiharu .. (7) Rank 7 Elo 2148 (+5),21-15 / 22-24 / 21-18,Margot L.. / Anne TRAN Rank 27 Elo 1779 (-7),78,https://badmintonranks.com/tournament?id=12750,6,China Open 2023,Nami MA.. / Chiharu .. (7),7,2148,Margot L.. / Anne TRAN,27,1779
5/9/2023,Round 1,MD,Keiichiro .. / Yoshinori .. Rank 28 Elo 1823 (+30),23-21 / 21-19,M.R.ARJ.. / DHRUV K.. Rank 34 Elo 1811 (-31),47,https://badmintonranks.com/tournament?id=12750,6,China Open 2023,Keiichiro .. / Yoshinori ..,28,1823,M.R.ARJ.. / DHRUV K..,34,1811
5/9/2023,Round 1,WD,Mayu MA.. / Wakana .. (4) Rank 6 Elo 2131 (+10),21-10 / 21-13,Gabriela .. / Stefani ST.. Rank 19 Elo 1900 (-12),32,https://badmintonranks.com/tournament?id=12750,6,China Open 2023,Mayu MA.. / Wakana .. (4),6,2131,Gabriela .. / Stefani ST..,19,1900
5/9/2023,Round 1,MD,LIU Yu C.. / OU Xuan .. (7) Rank 7 Elo 2061 (+8),21-16 / 21-14,Christo P.. / Toma Juni.. Rank 39 Elo 1763 (-11),37,https://badmintonranks.com/tournament?id=12750,6,China Open 2023,LIU Yu C.. / OU Xuan .. (7),7,2061,Christo P.. / Toma Juni..,39,1763
5/9/2023,Round 1,MS,WANG Tzu Wei Rank 26 Elo 2083 (+32),23-21 / 22-20,Kenta NISHIMOTO Rank 13 Elo 2161 (-31),58,https://badmintonranks.com/tournament?id=12750,6,China Open 2023,WANG Tzu Wei,26,2083,Kenta NISHIMOTO,13,2161
5/9/2023,Round 1,WD,Maiken F.. / Sara THY.. Rank 20 Elo 1840 (+29),21-15 / 21-18,LEE Chia.. / TENG Ch.. Rank 21 Elo 1827 (-30),36,https://badmintonranks.com/tournament?id=12750,6,China Open 2023,Maiken F.. / Sara THY..,20,1840,LEE Chia.. / TENG Ch..,21,1827
5/9/2023,Round 1,WD,HSU Ya .. / LIN Wan .. Rank 24 Elo 1845 (+34),17-21 / 22-20 / 25-23,LI Yi jing / LUO Xu m.. Rank 28 Elo 1891 (-32),71,https://badmintonranks.com/tournament?id=12750,7,China Open 2023,HSU Ya .. / LIN Wan ..,24,1845,LI Yi jing / LUO Xu m..,28,1891
5/9/2023,Round 1,MD,Takuro H.. / Yugo KO.. (5) Rank 5 Elo 2143 (+4),21-9 / 21-5,Supak JO.. / Kittinupon.. Rank 36 Elo 1692 (-6),26,https://badmintonranks.com/tournament?id=12750,7,China Open 2023,Takuro H.. / Yugo KO.. (5),5,2143,Supak JO.. / Kittinupon..,36,1692
5/9/2023,Round 1,WS,Carolina MARIN (6) Rank 6 Elo 2491 (+2),21-12 / 21-12,HSU Wen Chi Rank 20 Elo 1949 (-2),39,https://badmintonranks.com/tournament?id=12750,7,China Open 2023,Carolina MARIN (6),6,2491,HSU Wen Chi,20,1949
5/9/2023,Round 1,MD,LEE Fan.. / LEE Fang-.. Rank 26 Elo 1866 (+29),18-21 / 21-13 / 21-16,Mark LA.. / Marvin SE.. Rank 25 Elo 1860 (-29),64,https://badmintonranks.com/tournament?id=12750,7,China Open 2023,LEE Fan.. / LEE Fang-..,26,1866,Mark LA.. / Marvin SE..,25,1860
5/9/2023,Round 1,MS,Viktor AXELSEN (1) Rank 1 Elo 2581 (+2),21-17 / 21-18,Chico Aura DWI WARD.. Rank 21 Elo 2069 (-3),46,https://badmintonranks.com/tournament?id=12750,7,China Open 2023,Viktor AXELSEN (1),1,2581,Chico Aura DWI WARD..,21,2069
5/9/2023,Round 1,XD,Kyohei Y.. / Naru SHI.. Rank 19 Elo 1913 (+18),21-8 / 21-15,Vinson C.. / Jennie GA.. Rank 30 Elo 1781 (-21),33,https://badmintonranks.com/tournament?id=12750,7,China Open 2023,Kyohei Y.. / Naru SHI..,19,1913,Vinson C.. / Jennie GA..,30,1781
5/9/2023,Round 1,MD,LEE Jhe-.. / YANG Po-.. Rank 20 Elo 1889 (+33),22-20 / 21-13,LU Ching.. / YANG Po .. Rank 12 Elo 1935 (-31),33,https://badmintonranks.com/tournament?id=12750,7,China Open 2023,LEE Jhe-.. / YANG Po-..,20,1889,LU Ching.. / YANG Po ..,12,1935
5/9/2023,Round 1,WS,AN Se Young (1) Rank 1 Elo 2763 (+1),21-16 / 21-12,Mia BLICHFELDT Rank 13 Elo 2159 (-1),41,https://badmintonranks.com/tournament?id=12750,7,China Open 2023,AN Se Young (1),1,2763,Mia BLICHFELDT,13,2159
5/9/2023,Round 1,MD,Kim AST.. / Anders Sk.. Rank 9 Elo 2130 (+23),21-19 / 21-19,Fajar ALF.. / Muhamm.. (1) Rank 1 Elo 2099 (-23),50,https://badmintonranks.com/tournament?id=12750,7,China Open 2023,Kim AST.. / Anders Sk..,9,2130,Fajar ALF.. / Muhamm.. (1),1,2099
5/9/2023,Round 1,WD,Yuki FUK.. / Sayaka H.. (5) Rank 4 Elo 2141 (+4),21-6 / 21-8,Linda EF.. / Isabel LO.. Rank 33 Elo 1691 (-6),34,https://badmintonranks.com/tournament?id=12750,7,China Open 2023,Yuki FUK.. / Sayaka H.. (5),4,2141,Linda EF.. / Isabel LO..,33,1691
5/9/2023,Round 1,XD,SEO Seu.. / CHAE Yu.. (5) Rank 5 Elo 2271 (+14),21-14 / 24-22,Mathias .. / Alexandra .. Rank 9 Elo 2102 (-14),39,https://badmintonranks.com/tournament?id=12750,7,China Open 2023,SEO Seu.. / CHAE Yu.. (5),5,2271,Mathias .. / Alexandra ..,9,2102
5/9/2023,Round 1,MS,Brian YANG Rank 27 Elo 1922 (+22),21-8 / 14-21 / 21-18,Misha ZILBERMAN Rank 34 Elo 1848 (-23),56,https://badmintonranks.com/tournament?id=12750,7,China Open 2023,Brian YANG,27,1922,Misha ZILBERMAN,34,1848
5/9/2023,Round 1,MS,Jonatan CHRISTIE (5) Rank 9 Elo 2256 (+22),22-20 / 19-21 / 21-10,WENG Hong Yang Rank 19 Elo 2204 (-22),74,https://badmintonranks.com/tournament?id=12750,7,China Open 2023,Jonatan CHRISTIE (5),9,2256,WENG Hong Yang,19,2204
5/9/2023,Round 1,MD,Akira KO.. / Taichi SAI.. Rank 17 Elo 1998 (+11),21-13 / 21-17,Alexande.. / Adam HA.. Rank 24 Elo 1766 (-14),38,https://badmintonranks.com/tournament?id=12750,7,China Open 2023,Akira KO.. / Taichi SAI..,17,1998,Alexande.. / Adam HA..,24,1766
5/9/2023,Round 1,MS,Anders ANTONSEN Rank 10 Elo 2334 (+19),23-21 / 16-21 / 21-9,Lakshya SEN Rank 12 Elo 2237 (-18),78,https://badmintonranks.com/tournament?id=12750,7,China Open 2023,Anders ANTONSEN,10,2334,Lakshya SEN,12,2237
5/9/2023,Round 1,WD,YEUNG .. / YEUNG P.. Rank 25 Elo 1842 (+44),17-21 / 21-15 / 21-9,Rin IWAN.. / Kie NAKA.. Rank 16 Elo 2008 (-38),69,https://badmintonranks.com/tournament?id=12750,7,China Open 2023,YEUNG .. / YEUNG P..,25,1842,Rin IWAN.. / Kie NAKA..,16,2008
5/9/2023,Round 1,WD,Pearly TA.. / THINAAH .. Rank 11 Elo 2078 (+7),17-21 / 21-17 / 21-10,Debora JI.. / Cheryl SEI.. Rank 32 Elo 1742 (-9),54,https://badmintonranks.com/tournament?id=12750,7,China Open 2023,Pearly TA.. / THINAAH ..,11,2078,Debora JI.. / Cheryl SEI..,32,1742
5/9/2023,Round 1,MD,LIANG W.. / WANG C.. (3) Rank 3 Elo 2152 (+15),21-15 / 21-18,Leo Rolly.. / Daniel MA.. Rank 11 Elo 1990 (-15),36,https://badmintonranks.com/tournament?id=12750,7,China Open 2023,LIANG W.. / WANG C.. (3),3,2152,Leo Rolly.. / Daniel MA..,11,1990
5/9/2023,Round 1,XD,Praveen .. / Melati Dae.. Rank 26 Elo 1937 (+42),21-16 / 12-21 / 21-16,JIANG Zh.. / WEI Ya X.. (7) Rank 7 Elo 2139 (-39),60,https://badmintonranks.com/tournament?id=12750,7,China Open 2023,Praveen .. / Melati Dae..,26,1937,JIANG Zh.. / WEI Ya X.. (7),7,2139
5/9/2023,Round 1,XD,TAN Kian.. / LAI Pei Jin.. Rank 23 Elo 1815 (+40),25-23 / 21-15,GOH Soo.. / LAI Shevo.. Rank 12 Elo 1909 (-35),41,https://badmintonranks.com/tournament?id=12750,7,China Open 2023,TAN Kian.. / LAI Pei Jin..,23,1815,GOH Soo.. / LAI Shevo..,12,1909
5/9/2023,Round 1,WD,CHEN Qi.. / JIA Yi Fan (1) Rank 1 Elo 2419 (+2),21-18 / 21-11,Treesa J.. / GAYATRI .. Rank 17 Elo 1914 (-3),46,https://badmintonranks.com/tournament?id=12750,8,China Open 2023,CHEN Qi.. / JIA Yi Fan (1),1,2419,Treesa J.. / GAYATRI ..,17,1914
5/9/2023,Round 1,WD,Paula Lyn.. / Lauren LAM Rank 43 Elo 1588 (+0),W.O.,KIM So Y.. / KONG He.. Rank 3 Elo 2291 (-0),0,https://badmintonranks.com/tournament?id=12750,8,China Open 2023,Paula Lyn.. / Lauren LAM,43,1588,KIM So Y.. / KONG He..,3,2291
5/9/2023,Round 1,WS,TAI Tzu Ying (4) Rank 4 Elo 2520 (+2),21-13 / 21-17,PAI Yu Po Rank 23 Elo 1946 (-2),32,https://badmintonranks.com/tournament?id=12750,8,China Open 2023,TAI Tzu Ying (4),4,2520,PAI Yu Po,23,1946
5/9/2023,Round 1,WS,GAO Fang jie Rank 26 Elo 2104 (+17),21-13 / 21-14,Natsuki NIDAIRA Rank 31 Elo 1976 (-17),45,https://badmintonranks.com/tournament?id=12750,8,China Open 2023,GAO Fang jie,26,2104,Natsuki NIDAIRA,31,1976
5/9/2023,Round 1,WS,ZHANG Yi Man Rank 19 Elo 2128 (+30),21-18 / 21-14,Busanan ONGBAMRUN.. Rank 15 Elo 2176 (-29),38,https://badmintonranks.com/tournament?id=12750,8,China Open 2023,ZHANG Yi Man,19,2128,Busanan ONGBAMRUN..,15,2176
5/9/2023,Round 1,MS,Shesar Hiren RHUSTAV.. Rank 45 Elo 2026 (+24),21-13 / 26-24,Priyanshu RAJAWAT Rank 28 Elo 1996 (-24),41,https://badmintonranks.com/tournament?id=12750,8,China Open 2023,Shesar Hiren RHUSTAV..,45,2026,Priyanshu RAJAWAT,28,1996
5/9/2023,Round 1,MS,LOH Kean Yew (7) Rank 8 Elo 2147 (+19),21-14 / 21-17,Christo POPOV Rank 29 Elo 2065 (-20),47,https://badmintonranks.com/tournament?id=12750,8,China Open 2023,LOH Kean Yew (7),8,2147,Christo POPOV,29,2065
5/9/2023,Round 1,MS,NG Tze Yong Rank 22 Elo 2156 (+38),21-12 / 13-21 / 21-18,PRANNOY H. S. Rank 6 Elo 2349 (-38),66,https://badmintonranks.com/tournament?id=12750,8,China Open 2023,NG Tze Yong,22,2156,PRANNOY H. S.,6,2349
5/9/2023,Round 1,WS,NGUYEN Thuy Linh Rank 27 Elo 1941 (+48),21-15 / 21-14,Gregoria Mariska TUN.. (8) Rank 8 Elo 2300 (-45),32,https://badmintonranks.com/tournament?id=12750,8,China Open 2023,NGUYEN Thuy Linh,27,1941,Gregoria Mariska TUN.. (8),8,2300
5/9/2023,Round 1,XD,Rinov RI.. / Pitha Hani.. Rank 18 Elo 2043 (+6),21-19 / 16-21 / 21-19,CHANG .. / LEE Chih .. Rank 28 Elo 1664 (-9),64,https://badmintonranks.com/tournament?id=12750,8,China Open 2023,Rinov RI.. / Pitha Hani..,18,2043,CHANG .. / LEE Chih ..,28,1664
5/9/2023,Round 1,WS,WANG Zhi Yi Rank 11 Elo 2242 (+12),21-17 / 21-19,YEO Jia Min Rank 22 Elo 2033 (-12),41,https://badmintonranks.com/tournament?id=12750,8,China Open 2023,WANG Zhi Yi,11,2242,YEO Jia Min,22,2033
5/9/2023,Round 1,XD,Dejan FE.. / Gloria Em.. Rank 16 Elo 1965 (+16),21-16 / 21-14,YANG Po.. / HU Ling F.. Rank 31 Elo 1818 (-19),38,https://badmintonranks.com/tournament?id=12750,8,China Open 2023,Dejan FE.. / Gloria Em..,16,1965,YANG Po.. / HU Ling F..,31,1818
5/9/2023,Round 1,XD,ZHENG .. / HUANG .. (1) Rank 1 Elo 2375 (+3),21-15 / 21-16,Mark LA.. / Isabel LO.. Rank 25 Elo 1866 (-3),37,https://badmintonranks.com/tournament?id=12750,8,China Open 2023,ZHENG .. / HUANG .. (1),1,2375,Mark LA.. / Isabel LO..,25,1866
5/9/2023,Round 1,WS,HAN Yue Rank 9 Elo 2238 (+21),21-19 / 21-17,Pornpawee CHOCHUW.. Rank 12 Elo 2176 (-20),43,https://badmintonranks.com/tournament?id=12750,8,China Open 2023,HAN Yue,9,2238,Pornpawee CHOCHUW..,12,2176
5/9/2023,Round 1,XD,Dechapol.. / Sapsiree .. (4) Rank 4 Elo 2217 (+4),21-14 / 21-8,Gregory .. / Jenny MAI.. Rank 34 Elo 1770 (-5),32,https://badmintonranks.com/tournament?id=12750,8,China Open 2023,Dechapol.. / Sapsiree .. (4),4,2217,Gregory .. / Jenny MAI..,34,1770
