date,round,type,winner_raw,score,loser_raw,duration,tournament_url,page_number,tournament_name,winner_name,winner_rank,winner_elo,loser_name,loser_rank,loser_elo
8/6/2025,Final,MD,KIM Won .. / SEO Seu.. (5) Rank 6 Elo 2226 (+20),18-21 / 21-19 / 21-12,Sabar Ka.. / Moh Rez.. (8) Rank 8 Elo 2123 (-20),63,https://badmintonranks.com/tournament?id=14466,1,Indonesia Open 2025,KIM Won .. / SEO Seu.. (5),6,2226,Sabar Ka.. / Moh Rez.. (8),8,2123
8/6/2025,Final,MS,Anders ANTONSEN (3) Rank 3 Elo 2370 (+18),22-20 / 21-14,CHOU Tien Chen (6) Rank 7 Elo 2253 (-19),60,https://badmintonranks.com/tournament?id=14466,1,Indonesia Open 2025,Anders ANTONSEN (3),3,2370,CHOU Tien Chen (6),7,2253
8/6/2025,Final,WD,LIU Shen.. / TAN Ning (1) Rank 1 Elo 2368 (+14),23-25 / 21-12 / 21-19,Pearly TA.. / THINAAH.. (4) Rank 4 Elo 2182 (-14),87,https://badmintonranks.com/tournament?id=14466,1,Indonesia Open 2025,LIU Shen.. / TAN Ning (1),1,2368,Pearly TA.. / THINAAH.. (4),4,2182
8/6/2025,Final,WS,AN Se Young (1) Rank 1 Elo 2715 (+13),13-21 / 21-19 / 21-15,WANG Zhi Yi (2) Rank 2 Elo 2504 (-12),81,https://badmintonranks.com/tournament?id=14466,1,Indonesia Open 2025,AN Se Young (1),1,2715,WANG Zhi Yi (2),2,2504
8/6/2025,Final,XD,Thom GI.. / Delphine .. Rank 10 Elo 2082 (+41),21-16 / 21-18,Dechapol.. / Supissar.. (6) Rank 6 Elo 2256 (-41),48,https://badmintonranks.com/tournament?id=14466,1,Indonesia Open 2025,Thom GI.. / Delphine ..,10,2082,Dechapol.. / Supissar.. (6),6,2256
7/6/2025,Semi final,MD,KIM Won .. / SEO Seu.. (5) Rank 6 Elo 2207 (+19),21-18 / 19-21 / 23-21,Fajar ALF.. / Muhamm.. (6) Rank 5 Elo 2099 (-19),79,https://badmintonranks.com/tournament?id=14466,1,Indonesia Open 2025,KIM Won .. / SEO Seu.. (5),6,2207,Fajar ALF.. / Muhamm.. (6),5,2099
7/6/2025,Semi final,MD,Sabar Ka.. / Moh Rez.. (8) Rank 8 Elo 2090 (+33),21-18 / 12-21 / 21-18,MAN Wei.. / TEE Kai .. (7) Rank 7 Elo 2156 (-33),60,https://badmintonranks.com/tournament?id=14466,1,Indonesia Open 2025,Sabar Ka.. / Moh Rez.. (8),8,2090,MAN Wei.. / TEE Kai .. (7),7,2156
7/6/2025,Semi final,MS,Anders ANTONSEN (3) Rank 3 Elo 2331 (+39),9-21 / 21-18 / 21-19,SHI Yu Qi (1) Rank 2 Elo 2492 (-38),69,https://badmintonranks.com/tournament?id=14466,1,Indonesia Open 2025,Anders ANTONSEN (3),3,2331,SHI Yu Qi (1),2,2492
7/6/2025,Semi final,WD,LIU Shen.. / TAN Ning (1) Rank 1 Elo 2353 (+15),21-19 / 21-18,BAEK Ha.. / LEE So H.. (3) Rank 3 Elo 2181 (-15),59,https://badmintonranks.com/tournament?id=14466,1,Indonesia Open 2025,LIU Shen.. / TAN Ning (1),1,2353,BAEK Ha.. / LEE So H.. (3),3,2181
7/6/2025,Semi final,MS,CHOU Tien Chen (6) Rank 7 Elo 2206 (+47),21-16 / 23-21,Kunlavut VITIDSARN (2) Rank 1 Elo 2515 (-46),59,https://badmintonranks.com/tournament?id=14466,1,Indonesia Open 2025,CHOU Tien Chen (6),7,2206,Kunlavut VITIDSARN (2),1,2515
7/6/2025,Semi final,WD,Pearly TA.. / THINAAH.. (4) Rank 4 Elo 2161 (+21),12-21 / 21-17 / 21-11,LI Yi jing / LUO Xu .. (5) Rank 6 Elo 2082 (-22),64,https://badmintonranks.com/tournament?id=14466,1,Indonesia Open 2025,Pearly TA.. / THINAAH.. (4),4,2161,LI Yi jing / LUO Xu .. (5),6,2082
7/6/2025,Semi final,WS,WANG Zhi Yi (2) Rank 2 Elo 2487 (+17),21-12 / 21-13,HAN Yue (4) Rank 4 Elo 2361 (-18),39,https://badmintonranks.com/tournament?id=14466,1,Indonesia Open 2025,WANG Zhi Yi (2),2,2487,HAN Yue (4),4,2361
7/6/2025,Semi final,XD,Thom GI.. / Delphine .. Rank 10 Elo 2053 (+29),17-21 / 21-14 / 21-12,CHENG .. / ZHANG C.. Rank 11 Elo 2069 (-29),64,https://badmintonranks.com/tournament?id=14466,1,Indonesia Open 2025,Thom GI.. / Delphine ..,10,2053,CHENG .. / ZHANG C..,11,2069
7/6/2025,Semi final,WS,AN Se Young (1) Rank 1 Elo 2708 (+7),21-18 / 21-17,Akane YAMAGUCHI (3) Rank 3 Elo 2396 (-8),51,https://badmintonranks.com/tournament?id=14466,1,Indonesia Open 2025,AN Se Young (1),1,2708,Akane YAMAGUCHI (3),3,2396
7/6/2025,Semi final,XD,Dechapol.. / Supissar.. (6) Rank 6 Elo 2237 (+19),21-23 / 21-15 / 21-11,CHEN Ta.. / TOH Ee .. (2) Rank 4 Elo 2122 (-19),65,https://badmintonranks.com/tournament?id=14466,1,Indonesia Open 2025,Dechapol.. / Supissar.. (6),6,2237,CHEN Ta.. / TOH Ee .. (2),4,2122
6/6/2025,Quarter final,MD,KIM Won .. / SEO Seu.. (5) Rank 6 Elo 2187 (+20),21-19 / 21-9,Takuro H.. / Yugo KOB.. Rank 19 Elo 2104 (-21),36,https://badmintonranks.com/tournament?id=14466,1,Indonesia Open 2025,KIM Won .. / SEO Seu.. (5),6,2187,Takuro H.. / Yugo KOB..,19,2104
6/6/2025,Quarter final,MS,SHI Yu Qi (1) Rank 2 Elo 2489 (+3),21-13 / 21-6,WANG Zheng Xing Rank 30 Elo 2045 (-4),31,https://badmintonranks.com/tournament?id=14466,1,Indonesia Open 2025,SHI Yu Qi (1),2,2489,WANG Zheng Xing,30,2045
6/6/2025,Quarter final,MS,Anders ANTONSEN (3) Rank 3 Elo 2315 (+16),23-21 / 21-9,LEE Cheuk Yiu Rank 21 Elo 2182 (-17),46,https://badmintonranks.com/tournament?id=14466,1,Indonesia Open 2025,Anders ANTONSEN (3),3,2315,LEE Cheuk Yiu,21,2182
6/6/2025,Quarter final,MD,Sabar Ka.. / Moh Rez.. (8) Rank 8 Elo 2056 (+34),21-19 / 9-21 / 21-19,GOH Sze.. / Nur IZZU.. (1) Rank 1 Elo 2145 (-33),57,https://badmintonranks.com/tournament?id=14466,1,Indonesia Open 2025,Sabar Ka.. / Moh Rez.. (8),8,2056,GOH Sze.. / Nur IZZU.. (1),1,2145
6/6/2025,Quarter final,MD,Fajar ALF.. / Muhamm.. (6) Rank 5 Elo 2085 (+14),21-19 / 23-21,HUANG .. / LIU Yang Rank 24 Elo 1918 (-16),52,https://badmintonranks.com/tournament?id=14466,1,Indonesia Open 2025,Fajar ALF.. / Muhamm.. (6),5,2085,HUANG .. / LIU Yang,24,1918
6/6/2025,Quarter final,MS,Kunlavut VITIDSARN (2) Rank 1 Elo 2500 (+15),21-12 / 21-16,Alex LANIER (8) Rank 8 Elo 2327 (-14),49,https://badmintonranks.com/tournament?id=14466,2,Indonesia Open 2025,Kunlavut VITIDSARN (2),1,2500,Alex LANIER (8),8,2327
6/6/2025,Quarter final,MS,CHOU Tien Chen (6) Rank 7 Elo 2168 (+38),14-21 / 21-13 / 21-17,LI Shi Feng (4) Rank 4 Elo 2340 (-38),70,https://badmintonranks.com/tournament?id=14466,2,Indonesia Open 2025,CHOU Tien Chen (6),7,2168,LI Shi Feng (4),4,2340
6/6/2025,Quarter final,WD,Pearly TA.. / THINAAH.. (4) Rank 4 Elo 2133 (+28),21-6 / 21-18,Rin IWAN.. / Kie NAK.. (6) Rank 5 Elo 2152 (-28),37,https://badmintonranks.com/tournament?id=14466,2,Indonesia Open 2025,Pearly TA.. / THINAAH.. (4),4,2133,Rin IWAN.. / Kie NAK.. (6),5,2152
6/6/2025,Quarter final,MD,MAN Wei.. / TEE Kai .. (7) Rank 7 Elo 2125 (+31),21-19 / 21-16,Satwiksai.. / Chirag SH.. Rank 22 Elo 2183 (-31),43,https://badmintonranks.com/tournament?id=14466,2,Indonesia Open 2025,MAN Wei.. / TEE Kai .. (7),7,2125,Satwiksai.. / Chirag SH..,22,2183
6/6/2025,Quarter final,WS,WANG Zhi Yi (2) Rank 2 Elo 2475 (+12),21-18 / 23-21,GAO Fang jie Rank 14 Elo 2251 (-12),52,https://badmintonranks.com/tournament?id=14466,2,Indonesia Open 2025,WANG Zhi Yi (2),2,2475,GAO Fang jie,14,2251
6/6/2025,Quarter final,WD,LIU Shen.. / TAN Ning (1) Rank 1 Elo 2335 (+18),21-18 / 21-10,KIM Hye .. / KONG H.. (7) Rank 7 Elo 2216 (-17),45,https://badmintonranks.com/tournament?id=14466,2,Indonesia Open 2025,LIU Shen.. / TAN Ning (1),1,2335,KIM Hye .. / KONG H.. (7),7,2216
6/6/2025,Quarter final,WD,LI Yi jing / LUO Xu .. (5) Rank 6 Elo 2047 (+35),21-9 / 21-19,Yuki FUK.. / Mayu MAT.. Rank 9 Elo 2149 (-34),40,https://badmintonranks.com/tournament?id=14466,2,Indonesia Open 2025,LI Yi jing / LUO Xu .. (5),6,2047,Yuki FUK.. / Mayu MAT..,9,2149
6/6/2025,Quarter final,WD,BAEK Ha.. / LEE So H.. (3) Rank 3 Elo 2168 (+13),18-21 / 21-16 / 21-7,Febriana .. / Amallia C.. (8) Rank 10 Elo 1972 (-14),67,https://badmintonranks.com/tournament?id=14466,2,Indonesia Open 2025,BAEK Ha.. / LEE So H.. (3),3,2168,Febriana .. / Amallia C.. (8),10,1972
6/6/2025,Quarter final,WS,HAN Yue (4) Rank 4 Elo 2361 (+0),W.O.,CHEN Yu Fei (5) Rank 5 Elo 2659 (-3),0,https://badmintonranks.com/tournament?id=14466,2,Indonesia Open 2025,HAN Yue (4),4,2361,CHEN Yu Fei (5),5,2659
6/6/2025,Quarter final,XD,CHENG .. / ZHANG C.. Rank 11 Elo 2041 (+28),21-19 / 21-13,Hiroki MI.. / Natsu SA.. (7) Rank 9 Elo 2055 (-29),42,https://badmintonranks.com/tournament?id=14466,2,Indonesia Open 2025,CHENG .. / ZHANG C..,11,2041,Hiroki MI.. / Natsu SA.. (7),9,2055
6/6/2025,Quarter final,XD,Thom GI.. / Delphine .. Rank 10 Elo 2038 (+15),21-11 / 23-21,Adnan M.. / Indah Cah.. Rank 32 Elo 1874 (-17),43,https://badmintonranks.com/tournament?id=14466,2,Indonesia Open 2025,Thom GI.. / Delphine ..,10,2038,Adnan M.. / Indah Cah..,32,1874
6/6/2025,Quarter final,WS,Akane YAMAGUCHI (3) Rank 3 Elo 2382 (+14),21-19 / 22-20,Putri Kusuma WARDANI Rank 12 Elo 2197 (-14),51,https://badmintonranks.com/tournament?id=14466,2,Indonesia Open 2025,Akane YAMAGUCHI (3),3,2382,Putri Kusuma WARDANI,12,2197
6/6/2025,Quarter final,XD,Dechapol.. / Supissar.. (6) Rank 6 Elo 2223 (+14),21-16 / 21-12,GOH Soo.. / LAI Shev.. (3) Rank 5 Elo 2055 (-15),34,https://badmintonranks.com/tournament?id=14466,2,Indonesia Open 2025,Dechapol.. / Supissar.. (6),6,2223,GOH Soo.. / LAI Shev.. (3),5,2055
6/6/2025,Quarter final,WS,AN Se Young (1) Rank 1 Elo 2703 (+5),21-11 / 21-10,Pornpawee CHOCHU.. (6) Rank 8 Elo 2302 (-5),38,https://badmintonranks.com/tournament?id=14466,2,Indonesia Open 2025,AN Se Young (1),1,2703,Pornpawee CHOCHU.. (6),8,2302
6/6/2025,Quarter final,XD,CHEN Ta.. / TOH Ee .. (2) Rank 4 Elo 2099 (+23),17-21 / 21-16 / 21-14,Jesper T.. / Amalie M.. (5) Rank 8 Elo 2043 (-23),54,https://badmintonranks.com/tournament?id=14466,2,Indonesia Open 2025,CHEN Ta.. / TOH Ee .. (2),4,2099,Jesper T.. / Amalie M.. (5),8,2043
5/6/2025,Round 2,MS,LI Shi Feng (4) Rank 4 Elo 2327 (+13),21-18 / 21-18,LEONG Jun Hao Rank 25 Elo 2155 (-14),54,https://badmintonranks.com/tournament?id=14466,2,Indonesia Open 2025,LI Shi Feng (4),4,2327,LEONG Jun Hao,25,2155
5/6/2025,Round 2,WS,GAO Fang jie Rank 14 Elo 2229 (+22),19-21 / 21-19 / 21-10,Tomoka MIYAZAKI (7) Rank 7 Elo 2180 (-22),68,https://badmintonranks.com/tournament?id=14466,2,Indonesia Open 2025,GAO Fang jie,14,2229,Tomoka MIYAZAKI (7),7,2180
5/6/2025,Round 2,WD,Rin IWAN.. / Kie NAK.. (6) Rank 5 Elo 2149 (+3),21-15 / 21-16,ONG Xin .. / Carmen TI.. Rank 47 Elo 1659 (-5),42,https://badmintonranks.com/tournament?id=14466,2,Indonesia Open 2025,Rin IWAN.. / Kie NAK.. (6),5,2149,ONG Xin .. / Carmen TI..,47,1659
5/6/2025,Round 2,MS,CHOU Tien Chen (6) Rank 7 Elo 2139 (+29),21-18 / 9-21 / 21-17,Christo POPOV Rank 20 Elo 2185 (-29),70,https://badmintonranks.com/tournament?id=14466,2,Indonesia Open 2025,CHOU Tien Chen (6),7,2139,Christo POPOV,20,2185
5/6/2025,Round 2,WS,WANG Zhi Yi (2) Rank 2 Elo 2473 (+2),21-13 / 19-21 / 21-14,Kirsty GILMOUR Rank 28 Elo 1952 (-2),60,https://badmintonranks.com/tournament?id=14466,2,Indonesia Open 2025,WANG Zhi Yi (2),2,2473,Kirsty GILMOUR,28,1952
5/6/2025,Round 2,MD,Fajar ALF.. / Muhamm.. (6) Rank 5 Elo 2061 (+24),21-18 / 21-12,CHEN Bo.. / LIU Yi Rank 13 Elo 2031 (-24),45,https://badmintonranks.com/tournament?id=14466,3,Indonesia Open 2025,Fajar ALF.. / Muhamm.. (6),5,2061,CHEN Bo.. / LIU Yi,13,2031
5/6/2025,Round 2,MD,GOH Sze.. / Nur IZZU.. (1) Rank 1 Elo 2138 (+7),21-14 / 16-21 / 21-14,Nur Mohd.. / TAN Wee .. Rank 28 Elo 1801 (-8),54,https://badmintonranks.com/tournament?id=14466,3,Indonesia Open 2025,GOH Sze.. / Nur IZZU.. (1),1,2138,Nur Mohd.. / TAN Wee ..,28,1801
5/6/2025,Round 2,MD,HUANG .. / LIU Yang Rank 24 Elo 1869 (+49),21-17 / 13-21 / 21-16,LIANG W.. / WANG C.. (4) Rank 4 Elo 2148 (-42),59,https://badmintonranks.com/tournament?id=14466,3,Indonesia Open 2025,HUANG .. / LIU Yang,24,1869,LIANG W.. / WANG C.. (4),4,2148
5/6/2025,Round 2,WD,LIU Shen.. / TAN Ning (1) Rank 1 Elo 2331 (+4),21-10 / 22-20,HSIEH P.. / HUNG En-.. Rank 13 Elo 1918 (-5),40,https://badmintonranks.com/tournament?id=14466,3,Indonesia Open 2025,LIU Shen.. / TAN Ning (1),1,2331,HSIEH P.. / HUNG En-..,13,1918
5/6/2025,Round 2,WD,KIM Hye .. / KONG H.. (7) Rank 7 Elo 2192 (+24),24-22 / 21-18,JIA Yi Fan / ZHANG S.. Rank 8 Elo 2183 (-25),49,https://badmintonranks.com/tournament?id=14466,3,Indonesia Open 2025,KIM Hye .. / KONG H.. (7),7,2192,JIA Yi Fan / ZHANG S..,8,2183
5/6/2025,Round 2,MD,KIM Won .. / SEO Seu.. (5) Rank 6 Elo 2180 (+7),17-21 / 21-11 / 21-19,Takumi N.. / Yuichi SHI.. Rank 35 Elo 1844 (-8),55,https://badmintonranks.com/tournament?id=14466,3,Indonesia Open 2025,KIM Won .. / SEO Seu.. (5),6,2180,Takumi N.. / Yuichi SHI..,35,1844
5/6/2025,Round 2,MD,Sabar Ka.. / Moh Rez.. (8) Rank 8 Elo 2030 (+26),21-13 / 21-9,Dechapol.. / Kittinupon.. Rank 14 Elo 2031 (-26),32,https://badmintonranks.com/tournament?id=14466,3,Indonesia Open 2025,Sabar Ka.. / Moh Rez.. (8),8,2030,Dechapol.. / Kittinupon..,14,2031
5/6/2025,Round 2,MD,MAN Wei.. / TEE Kai .. (7) Rank 7 Elo 2113 (+12),14-21 / 21-11 / 21-15,Junaidi A.. / YAP Roy .. Rank 23 Elo 1899 (-13),48,https://badmintonranks.com/tournament?id=14466,3,Indonesia Open 2025,MAN Wei.. / TEE Kai .. (7),7,2113,Junaidi A.. / YAP Roy ..,23,1899
5/6/2025,Round 2,MD,Satwiksai.. / Chirag SH.. Rank 22 Elo 2171 (+12),16-21 / 21-18 / 22-20,Rasmus .. / Frederik S.. Rank 16 Elo 1969 (-13),68,https://badmintonranks.com/tournament?id=14466,3,Indonesia Open 2025,Satwiksai.. / Chirag SH..,22,2171,Rasmus .. / Frederik S..,16,1969
5/6/2025,Round 2,WD,Pearly TA.. / THINAAH.. (4) Rank 4 Elo 2116 (+17),18-21 / 21-16 / 21-17,Lanny Tri.. / Siti Fadia .. Rank 20 Elo 1997 (-18),59,https://badmintonranks.com/tournament?id=14466,3,Indonesia Open 2025,Pearly TA.. / THINAAH.. (4),4,2116,Lanny Tri.. / Siti Fadia ..,20,1997
5/6/2025,Round 2,WD,LI Yi jing / LUO Xu .. (5) Rank 6 Elo 2034 (+13),21-7 / 21-16,YEUNG .. / YEUNG P.. Rank 14 Elo 1836 (-15),35,https://badmintonranks.com/tournament?id=14466,3,Indonesia Open 2025,LI Yi jing / LUO Xu .. (5),6,2034,YEUNG .. / YEUNG P..,14,1836
5/6/2025,Round 2,MD,Takuro H.. / Yugo KOB.. Rank 19 Elo 2075 (+29),29-27 / 21-11,Kim AST.. / Anders S.. (2) Rank 2 Elo 2112 (-28),46,https://badmintonranks.com/tournament?id=14466,3,Indonesia Open 2025,Takuro H.. / Yugo KOB..,19,2075,Kim AST.. / Anders S.. (2),2,2112
5/6/2025,Round 2,MS,Anders ANTONSEN (3) Rank 3 Elo 2301 (+14),21-16 / 18-21 / 21-14,Alwi FARHAN Rank 29 Elo 2128 (-14),77,https://badmintonranks.com/tournament?id=14466,3,Indonesia Open 2025,Anders ANTONSEN (3),3,2301,Alwi FARHAN,29,2128
5/6/2025,Round 2,WD,Febriana .. / Amallia C.. (8) Rank 10 Elo 1961 (+11),15-21 / 21-12 / 21-9,Siti Sarah.. / Agnia Sri .. Rank 46 Elo 1724 (-16),58,https://badmintonranks.com/tournament?id=14466,3,Indonesia Open 2025,Febriana .. / Amallia C.. (8),10,1961,Siti Sarah.. / Agnia Sri ..,46,1724
5/6/2025,Round 2,MS,LEE Cheuk Yiu Rank 21 Elo 2144 (+38),12-21 / 21-12 / 21-10,Jonatan CHRISTIE (5) Rank 5 Elo 2323 (-37),58,https://badmintonranks.com/tournament?id=14466,3,Indonesia Open 2025,LEE Cheuk Yiu,21,2144,Jonatan CHRISTIE (5),5,2323
5/6/2025,Round 2,MS,Alex LANIER (8) Rank 8 Elo 2303 (+24),16-21 / 21-14 / 21-8,LOH Kean Yew Rank 10 Elo 2283 (-24),57,https://badmintonranks.com/tournament?id=14466,3,Indonesia Open 2025,Alex LANIER (8),8,2303,LOH Kean Yew,10,2283
5/6/2025,Round 2,MS,WANG Zheng Xing Rank 30 Elo 2014 (+31),21-19 / 21-5,Rasmus GEMKE Rank 28 Elo 2068 (-30),38,https://badmintonranks.com/tournament?id=14466,3,Indonesia Open 2025,WANG Zheng Xing,30,2014,Rasmus GEMKE,28,2068
5/6/2025,Round 2,XD,CHEN Ta.. / TOH Ee .. (2) Rank 4 Elo 2090 (+9),21-9 / 21-12,Mads VE.. / Christine .. Rank 23 Elo 1821 (-11),31,https://badmintonranks.com/tournament?id=14466,3,Indonesia Open 2025,CHEN Ta.. / TOH Ee .. (2),4,2090,Mads VE.. / Christine ..,23,1821
5/6/2025,Round 2,WD,Yuki FUK.. / Mayu MAT.. Rank 9 Elo 2136 (+13),21-13 / 24-22,Treesa J.. / GAYATRI .. Rank 12 Elo 1948 (-14),46,https://badmintonranks.com/tournament?id=14466,3,Indonesia Open 2025,Yuki FUK.. / Mayu MAT..,9,2136,Treesa J.. / GAYATRI ..,12,1948
5/6/2025,Round 2,WS,HAN Yue (4) Rank 4 Elo 2356 (+5),21-9 / 21-9,LIN Hsiang Ti Rank 29 Elo 1953 (-5),30,https://badmintonranks.com/tournament?id=14466,3,Indonesia Open 2025,HAN Yue (4),4,2356,LIN Hsiang Ti,29,1953
5/6/2025,Round 2,WD,BAEK Ha.. / LEE So H.. (3) Rank 3 Elo 2160 (+8),16-21 / 21-16 / 21-14,Apriyani .. / Febi SETI.. Rank 125 Elo 1859 (-9),98,https://badmintonranks.com/tournament?id=14466,4,Indonesia Open 2025,BAEK Ha.. / LEE So H.. (3),3,2160,Apriyani .. / Febi SETI..,125,1859
5/6/2025,Round 2,XD,CHENG .. / ZHANG C.. Rank 11 Elo 2008 (+33),21-18 / 21-15,FENG Ya.. / WEI Ya Xin Rank 48 Elo 2091 (-31),32,https://badmintonranks.com/tournament?id=14466,4,Indonesia Open 2025,CHENG .. / ZHANG C..,11,2008,FENG Ya.. / WEI Ya Xin,48,2091
5/6/2025,Round 2,WS,Pornpawee CHOCHU.. (6) Rank 8 Elo 2291 (+11),20-22 / 21-10 / 21-18,PUSARLA V. Sindhu Rank 21 Elo 2072 (-11),78,https://badmintonranks.com/tournament?id=14466,4,Indonesia Open 2025,Pornpawee CHOCHU.. (6),8,2291,PUSARLA V. Sindhu,21,2072
5/6/2025,Round 2,XD,Jesper T.. / Amalie M.. (5) Rank 8 Elo 2030 (+13),22-20 / 25-23,Yuichi SH.. / Sayaka H.. Rank 24 Elo 1835 (-15),49,https://badmintonranks.com/tournament?id=14466,4,Indonesia Open 2025,Jesper T.. / Amalie M.. (5),8,2030,Yuichi SH.. / Sayaka H..,24,1835
5/6/2025,Round 2,MS,SHI Yu Qi (1) Rank 2 Elo 2485 (+4),21-14 / 21-7,Yushi TANAKA Rank 22 Elo 2055 (-4),36,https://badmintonranks.com/tournament?id=14466,4,Indonesia Open 2025,SHI Yu Qi (1),2,2485,Yushi TANAKA,22,2055
5/6/2025,Round 2,WS,Putri Kusuma WARDANI Rank 12 Elo 2175 (+22),17-21 / 21-9 / 21-8,Supanida KATETHONG (8) Rank 9 Elo 2121 (-22),68,https://badmintonranks.com/tournament?id=14466,4,Indonesia Open 2025,Putri Kusuma WARDANI,12,2175,Supanida KATETHONG (8),9,2121
5/6/2025,Round 2,XD,GOH Soo.. / LAI Shev.. (3) Rank 5 Elo 2038 (+17),21-12 / 21-17,Amri SYA.. / Nita Violin.. Rank 25 Elo 1904 (-18),33,https://badmintonranks.com/tournament?id=14466,4,Indonesia Open 2025,GOH Soo.. / LAI Shev.. (3),5,2038,Amri SYA.. / Nita Violin..,25,1904
5/6/2025,Round 2,MS,Kunlavut VITIDSARN (2) Rank 1 Elo 2495 (+5),21-10 / 21-17,LEE Chia Hao Rank 19 Elo 2131 (-6),41,https://badmintonranks.com/tournament?id=14466,4,Indonesia Open 2025,Kunlavut VITIDSARN (2),1,2495,LEE Chia Hao,19,2131
5/6/2025,Round 2,XD,Hiroki MI.. / Natsu SA.. (7) Rank 9 Elo 2032 (+23),23-21 / 14-21 / 22-20,Jafar HID.. / Felisha Al.. Rank 15 Elo 1987 (-23),74,https://badmintonranks.com/tournament?id=14466,4,Indonesia Open 2025,Hiroki MI.. / Natsu SA.. (7),9,2032,Jafar HID.. / Felisha Al..,15,1987
5/6/2025,Round 2,XD,Thom GI.. / Delphine .. Rank 10 Elo 2022 (+16),21-19 / 21-18,Ruttanap.. / Jhenicha .. Rank 18 Elo 1871 (-18),51,https://badmintonranks.com/tournament?id=14466,4,Indonesia Open 2025,Thom GI.. / Delphine ..,10,2022,Ruttanap.. / Jhenicha ..,18,1871
5/6/2025,Round 2,WS,CHEN Yu Fei (5) Rank 5 Elo 2657 (+2),21-9 / 21-14,Natsuki NIDAIRA Rank 17 Elo 2094 (-2),42,https://badmintonranks.com/tournament?id=14466,4,Indonesia Open 2025,CHEN Yu Fei (5),5,2657,Natsuki NIDAIRA,17,2094
5/6/2025,Round 2,WS,AN Se Young (1) Rank 1 Elo 2700 (+3),21-7 / 21-11,KIM Ga Eun Rank 22 Elo 2193 (-3),34,https://badmintonranks.com/tournament?id=14466,4,Indonesia Open 2025,AN Se Young (1),1,2700,KIM Ga Eun,22,2193
5/6/2025,Round 2,XD,Dechapol.. / Supissar.. (6) Rank 6 Elo 2220 (+3),21-7 / 21-12,Sathish K.. / Aadya VA.. Rank 37 Elo 1731 (-4),25,https://badmintonranks.com/tournament?id=14466,4,Indonesia Open 2025,Dechapol.. / Supissar.. (6),6,2220,Sathish K.. / Aadya VA..,37,1731
5/6/2025,Round 2,XD,Adnan M.. / Indah Cah.. Rank 32 Elo 1857 (+17),21-19 / 21-11,HEE Yon.. / JIN Yu Jia Rank 27 Elo 1695 (-24),35,https://badmintonranks.com/tournament?id=14466,4,Indonesia Open 2025,Adnan M.. / Indah Cah..,32,1857,HEE Yon.. / JIN Yu Jia,27,1695
5/6/2025,Round 2,WS,Akane YAMAGUCHI (3) Rank 3 Elo 2379 (+3),21-12 / 21-17,SUNG Shuo Yun Rank 20 Elo 1920 (-3),39,https://badmintonranks.com/tournament?id=14466,4,Indonesia Open 2025,Akane YAMAGUCHI (3),3,2379,SUNG Shuo Yun,20,1920
4/6/2025,Round 1,MS,LI Shi Feng (4) Rank 4 Elo 2323 (+4),21-15 / 21-14,Brian YANG Rank 34 Elo 1867 (-4),50,https://badmintonranks.com/tournament?id=14466,4,Indonesia Open 2025,LI Shi Feng (4),4,2323,Brian YANG,34,1867
4/6/2025,Round 1,MS,LEONG Jun Hao Rank 25 Elo 2143 (+12),21-13 / 21-12,Chico Aura DWI WARD.. Rank 44 Elo 1942 (-13),40,https://badmintonranks.com/tournament?id=14466,4,Indonesia Open 2025,LEONG Jun Hao,25,2143,Chico Aura DWI WARD..,44,1942
4/6/2025,Round 1,MD,KIM Won .. / SEO Seu.. (5) Rank 6 Elo 2177 (+3),21-15 / 21-11,CHEN Zh.. / LIN Yu Chi.. Rank 36 Elo 1734 (-6),31,https://badmintonranks.com/tournament?id=14466,4,Indonesia Open 2025,KIM Won .. / SEO Seu.. (5),6,2177,CHEN Zh.. / LIN Yu Chi..,36,1734
4/6/2025,Round 1,MD,Takumi N.. / Yuichi SHI.. Rank 35 Elo 1811 (+33),11-21 / 21-17 / 23-21,Kenya MI.. / Hiroki OK.. Rank 25 Elo 1821 (-32),59,https://badmintonranks.com/tournament?id=14466,4,Indonesia Open 2025,Takumi N.. / Yuichi SHI..,35,1811,Kenya MI.. / Hiroki OK..,25,1821
4/6/2025,Round 1,WS,Kirsty GILMOUR Rank 28 Elo 1930 (+22),22-20 / 21-16,GOH Jin Wei Rank 49 Elo 1865 (-24),37,https://badmintonranks.com/tournament?id=14466,4,Indonesia Open 2025,Kirsty GILMOUR,28,1930,GOH Jin Wei,49,1865
4/6/2025,Round 1,MD,Rasmus .. / Frederik S.. Rank 16 Elo 1921 (+48),21-13 / 19-21 / 21-18,Aaron CH.. / SOH Wo.. (3) Rank 3 Elo 2263 (-44),59,https://badmintonranks.com/tournament?id=14466,5,Indonesia Open 2025,Rasmus .. / Frederik S..,16,1921,Aaron CH.. / SOH Wo.. (3),3,2263
4/6/2025,Round 1,WD,Treesa J.. / GAYATRI .. Rank 12 Elo 1942 (+6),21-14 / 22-20,Polina B.. / Yevheniia .. Rank 19 Elo 1590 (-14),34,https://badmintonranks.com/tournament?id=14466,5,Indonesia Open 2025,Treesa J.. / GAYATRI ..,12,1942,Polina B.. / Yevheniia ..,19,1590
4/6/2025,Round 1,WD,LI Yi jing / LUO Xu .. (5) Rank 6 Elo 2022 (+12),21-6 / 21-12,TENG Ch.. / YANG Ch.. Rank 32 Elo 1805 (-15),34,https://badmintonranks.com/tournament?id=14466,5,Indonesia Open 2025,LI Yi jing / LUO Xu .. (5),6,2022,TENG Ch.. / YANG Ch..,32,1805
4/6/2025,Round 1,WD,KIM Hye .. / KONG H.. (7) Rank 7 Elo 2184 (+8),21-11 / 15-21 / 21-19,Lauren L.. / Allison Qu.. Rank 64 Elo 1876 (-8),71,https://badmintonranks.com/tournament?id=14466,5,Indonesia Open 2025,KIM Hye .. / KONG H.. (7),7,2184,Lauren L.. / Allison Qu..,64,1876
4/6/2025,Round 1,WS,WANG Zhi Yi (2) Rank 2 Elo 2469 (+4),21-11 / 21-13,HSU Wen Chi Rank 25 Elo 2027 (-4),36,https://badmintonranks.com/tournament?id=14466,5,Indonesia Open 2025,WANG Zhi Yi (2),2,2469,HSU Wen Chi,25,2027
4/6/2025,Round 1,WD,Pearly TA.. / THINAAH.. (4) Rank 4 Elo 2112 (+4),21-16 / 21-17,SUNG Sh.. / YU Chien .. Rank 15 Elo 1669 (-7),42,https://badmintonranks.com/tournament?id=14466,5,Indonesia Open 2025,Pearly TA.. / THINAAH.. (4),4,2112,SUNG Sh.. / YU Chien ..,15,1669
4/6/2025,Round 1,MD,CHEN Bo.. / LIU Yi Rank 13 Elo 2015 (+16),21-17 / 22-20,Hiroki MI.. / Kyohei YA.. Rank 30 Elo 1875 (-18),42,https://badmintonranks.com/tournament?id=14466,5,Indonesia Open 2025,CHEN Bo.. / LIU Yi,13,2015,Hiroki MI.. / Kyohei YA..,30,1875
4/6/2025,Round 1,WD,ONG Xin .. / Carmen TI.. Rank 47 Elo 1584 (+75),10-21 / 21-14 / 21-17,Isyana Sy.. / Rinjani Kw.. Rank 59 Elo 1687 (-54),54,https://badmintonranks.com/tournament?id=14466,5,Indonesia Open 2025,ONG Xin .. / Carmen TI..,47,1584,Isyana Sy.. / Rinjani Kw..,59,1687
4/6/2025,Round 1,MD,Dechapol.. / Kittinupon.. Rank 14 Elo 2008 (+23),21-23 / 21-17 / 21-18,Christo P.. / Toma Juni.. Rank 17 Elo 1966 (-24),71,https://badmintonranks.com/tournament?id=14466,5,Indonesia Open 2025,Dechapol.. / Kittinupon..,14,2008,Christo P.. / Toma Juni..,17,1966
4/6/2025,Round 1,XD,Amri SYA.. / Nita Violin.. Rank 25 Elo 1885 (+19),14-21 / 25-23 / 21-16,LU Ming .. / HUNG En-.. Rank 28 Elo 1757 (-23),65,https://badmintonranks.com/tournament?id=14466,5,Indonesia Open 2025,Amri SYA.. / Nita Violin..,25,1885,LU Ming .. / HUNG En-..,28,1757
4/6/2025,Round 1,WD,YEUNG .. / YEUNG P.. Rank 14 Elo 1816 (+20),21-11 / 24-22,Arlya Nab.. / Az Zahra .. Rank 55 Elo 1692 (-27),51,https://badmintonranks.com/tournament?id=14466,5,Indonesia Open 2025,YEUNG .. / YEUNG P..,14,1816,Arlya Nab.. / Az Zahra ..,55,1692
4/6/2025,Round 1,MD,Takuro H.. / Yugo KOB.. Rank 19 Elo 2065 (+10),21-13 / 21-9,CHOON.. / Muhamma.. Rank 39 Elo 1808 (-11),29,https://badmintonranks.com/tournament?id=14466,5,Indonesia Open 2025,Takuro H.. / Yugo KOB..,19,2065,CHOON.. / Muhamma..,39,1808
4/6/2025,Round 1,MD,Fajar ALF.. / Muhamm.. (6) Rank 5 Elo 2047 (+14),21-10 / 21-19,Daniel LU.. / Mads VES.. Rank 27 Elo 1863 (-15),35,https://badmintonranks.com/tournament?id=14466,5,Indonesia Open 2025,Fajar ALF.. / Muhamm.. (6),5,2047,Daniel LU.. / Mads VES..,27,1863
4/6/2025,Round 1,XD,GOH Soo.. / LAI Shev.. (3) Rank 5 Elo 2029 (+9),21-12 / 21-16,Phuwana.. / Sapsiree .. Rank 112 Elo 1753 (-12),31,https://badmintonranks.com/tournament?id=14466,5,Indonesia Open 2025,GOH Soo.. / LAI Shev.. (3),5,2029,Phuwana.. / Sapsiree ..,112,1753
4/6/2025,Round 1,MD,Kim AST.. / Anders S.. (2) Rank 2 Elo 2098 (+14),21-18 / 11-21 / 21-15,CHIU Hsi.. / WANG Ch.. Rank 18 Elo 1933 (-15),51,https://badmintonranks.com/tournament?id=14466,5,Indonesia Open 2025,Kim AST.. / Anders S.. (2),2,2098,CHIU Hsi.. / WANG Ch..,18,1933
4/6/2025,Round 1,WD,Yuki FUK.. / Mayu MAT.. Rank 9 Elo 2130 (+6),21-14 / 21-23 / 21-12,Gronya S.. / Angela YU Rank 61 Elo 1788 (-9),62,https://badmintonranks.com/tournament?id=14466,5,Indonesia Open 2025,Yuki FUK.. / Mayu MAT..,9,2130,Gronya S.. / Angela YU,61,1788
4/6/2025,Round 1,WD,Rin IWAN.. / Kie NAK.. (6) Rank 5 Elo 2146 (+3),21-15 / 21-9,Jackie D.. / Crystal LAI Rank 36 Elo 1683 (-6),35,https://badmintonranks.com/tournament?id=14466,5,Indonesia Open 2025,Rin IWAN.. / Kie NAK.. (6),5,2146,Jackie D.. / Crystal LAI,36,1683
4/6/2025,Round 1,MS,Alex LANIER (8) Rank 8 Elo 2299 (+4),21-13 Ret.,WENG Hong Yang Rank 12 Elo 2196 (-4),27,https://badmintonranks.com/tournament?id=14466,5,Indonesia Open 2025,Alex LANIER (8),8,2299,WENG Hong Yang,12,2196
4/6/2025,Round 1,WS,LIN Hsiang Ti Rank 29 Elo 1931 (+22),21-19 / 21-10,Komang Ayu Cahya DE.. Rank 36 Elo 1859 (-24),42,https://badmintonranks.com/tournament?id=14466,5,Indonesia Open 2025,LIN Hsiang Ti,29,1931,Komang Ayu Cahya DE..,36,1859
4/6/2025,Round 1,WD,Lanny Tri.. / Siti Fadia .. Rank 20 Elo 1981 (+16),19-21 / 21-16 / 21-19,GO Pei K.. / TEOH Mei.. Rank 23 Elo 1835 (-18),69,https://badmintonranks.com/tournament?id=14466,5,Indonesia Open 2025,Lanny Tri.. / Siti Fadia ..,20,1981,GO Pei K.. / TEOH Mei..,23,1835
4/6/2025,Round 1,MS,LOH Kean Yew Rank 10 Elo 2277 (+6),22-20 / 21-9,Kiran GEORGE Rank 37 Elo 1951 (-7),32,https://badmintonranks.com/tournament?id=14466,6,Indonesia Open 2025,LOH Kean Yew,10,2277,Kiran GEORGE,37,1951
4/6/2025,Round 1,XD,Jesper T.. / Amalie M.. (5) Rank 8 Elo 2020 (+10),21-15 / 21-17,Alexande.. / Julie MAC.. Rank 21 Elo 1770 (-13),34,https://badmintonranks.com/tournament?id=14466,6,Indonesia Open 2025,Jesper T.. / Amalie M.. (5),8,2020,Alexande.. / Julie MAC..,21,1770
4/6/2025,Round 1,MS,Kunlavut VITIDSARN (2) Rank 1 Elo 2490 (+5),21-14 / 21-12,WANG Tzu Wei Rank 26 Elo 2094 (-5),38,https://badmintonranks.com/tournament?id=14466,6,Indonesia Open 2025,Kunlavut VITIDSARN (2),1,2490,WANG Tzu Wei,26,2094
4/6/2025,Round 1,WS,HAN Yue (4) Rank 4 Elo 2342 (+14),21-19 / 21-19,YEO Jia Min Rank 11 Elo 2185 (-15),41,https://badmintonranks.com/tournament?id=14466,6,Indonesia Open 2025,HAN Yue (4),4,2342,YEO Jia Min,11,2185
4/6/2025,Round 1,WS,GAO Fang jie Rank 14 Elo 2226 (+3),19-21 / 21-10 / 21-15,Polina BUHROVA Rank 44 Elo 1699 (-4),66,https://badmintonranks.com/tournament?id=14466,6,Indonesia Open 2025,GAO Fang jie,14,2226,Polina BUHROVA,44,1699
4/6/2025,Round 1,WS,Tomoka MIYAZAKI (7) Rank 7 Elo 2161 (+19),19-21 / 21-14 / 25-23,Michelle LI Rank 18 Elo 2078 (-19),80,https://badmintonranks.com/tournament?id=14466,6,Indonesia Open 2025,Tomoka MIYAZAKI (7),7,2161,Michelle LI,18,2078
4/6/2025,Round 1,XD,Yuichi SH.. / Sayaka H.. Rank 24 Elo 1812 (+23),21-14 / 21-9,Rohan K.. / GADDE R.. Rank 29 Elo 1712 (-29),33,https://badmintonranks.com/tournament?id=14466,6,Indonesia Open 2025,Yuichi SH.. / Sayaka H..,24,1812,Rohan K.. / GADDE R..,29,1712
4/6/2025,Round 1,MS,LEE Chia Hao Rank 19 Elo 2090 (+41),22-20 / 24-26 / 21-13,LU Guang Zu Rank 11 Elo 2318 (-39),68,https://badmintonranks.com/tournament?id=14466,6,Indonesia Open 2025,LEE Chia Hao,19,2090,LU Guang Zu,11,2318
4/6/2025,Round 1,MD,LIANG W.. / WANG C.. (4) Rank 4 Elo 2140 (+8),23-21 / 22-20,ONG Yew.. / TEO Ee Yi Rank 32 Elo 1849 (-10),37,https://badmintonranks.com/tournament?id=14466,6,Indonesia Open 2025,LIANG W.. / WANG C.. (4),4,2140,ONG Yew.. / TEO Ee Yi,32,1849
4/6/2025,Round 1,MS,CHOU Tien Chen (6) Rank 7 Elo 2101 (+38),22-20 / 21-18,LIN Chun-Yi Rank 14 Elo 2277 (-37),42,https://badmintonranks.com/tournament?id=14466,6,Indonesia Open 2025,CHOU Tien Chen (6),7,2101,LIN Chun-Yi,14,2277
4/6/2025,Round 1,WS,CHEN Yu Fei (5) Rank 5 Elo 2656 (+1),21-10 / 21-15,Pornpicha CHOEIKEEW.. Rank 32 Elo 1973 (-1),36,https://badmintonranks.com/tournament?id=14466,6,Indonesia Open 2025,CHEN Yu Fei (5),5,2656,Pornpicha CHOEIKEEW..,32,1973
4/6/2025,Round 1,WS,Natsuki NIDAIRA Rank 17 Elo 2071 (+23),23-21 / 22-20,NGUYEN Thuy Linh Rank 24 Elo 2033 (-23),51,https://badmintonranks.com/tournament?id=14466,6,Indonesia Open 2025,Natsuki NIDAIRA,17,2071,NGUYEN Thuy Linh,24,2033
4/6/2025,Round 1,XD,Sathish K.. / Aadya VA.. Rank 37 Elo 1652 (+79),15-21 / 21-16 / 21-17,YE Hong .. / Nicole Go.. Rank 16 Elo 1951 (-46),45,https://badmintonranks.com/tournament?id=14466,6,Indonesia Open 2025,Sathish K.. / Aadya VA..,37,1652,YE Hong .. / Nicole Go..,16,1951
4/6/2025,Round 1,XD,Mads VE.. / Christine .. Rank 23 Elo 1807 (+14),21-15 / 21-9,Ashith S.. / Amrutha P.. Rank 44 Elo 1589 (-25),26,https://badmintonranks.com/tournament?id=14466,6,Indonesia Open 2025,Mads VE.. / Christine ..,23,1807,Ashith S.. / Amrutha P..,44,1589
4/6/2025,Round 1,XD,CHEN Ta.. / TOH Ee .. (2) Rank 4 Elo 2078 (+12),21-11 / 16-21 / 21-14,DHRUV .. / Tanisha C.. Rank 17 Elo 1879 (-14),59,https://badmintonranks.com/tournament?id=14466,6,Indonesia Open 2025,CHEN Ta.. / TOH Ee .. (2),4,2078,DHRUV .. / Tanisha C..,17,1879
4/6/2025,Round 1,MD,HUANG .. / LIU Yang Rank 24 Elo 1834 (+35),22-20 / 24-22,LIU Kuan.. / YANG Po .. Rank 20 Elo 1888 (-33),52,https://badmintonranks.com/tournament?id=14466,6,Indonesia Open 2025,HUANG .. / LIU Yang,24,1834,LIU Kuan.. / YANG Po ..,20,1888
4/6/2025,Round 1,MS,Christo POPOV Rank 20 Elo 2160 (+25),21-19 / 21-13,Toma Junior POPOV Rank 17 Elo 2148 (-25),41,https://badmintonranks.com/tournament?id=14466,6,Indonesia Open 2025,Christo POPOV,20,2160,Toma Junior POPOV,17,2148
4/6/2025,Round 1,XD,Dechapol.. / Supissar.. (6) Rank 6 Elo 2213 (+7),21-18 / 21-13,Dejan FE.. / Siti Fadia .. Rank 30 Elo 1904 (-8),40,https://badmintonranks.com/tournament?id=14466,6,Indonesia Open 2025,Dechapol.. / Supissar.. (6),6,2213,Dejan FE.. / Siti Fadia ..,30,1904
4/6/2025,Round 1,XD,Adnan M.. / Indah Cah.. Rank 32 Elo 1799 (+58),24-22 / 21-12,TANG Ch.. / TSE Ying.. (1) Rank 3 Elo 2171 (-45),39,https://badmintonranks.com/tournament?id=14466,6,Indonesia Open 2025,Adnan M.. / Indah Cah..,32,1799,TANG Ch.. / TSE Ying.. (1),3,2171
3/6/2025,Round 1,MD,GOH Sze.. / Nur IZZU.. (1) Rank 1 Elo 2130 (+8),17-21 / 21-17 / 21-14,LEE Fan.. / LEE Fang-.. Rank 21 Elo 1855 (-11),58,https://badmintonranks.com/tournament?id=14466,6,Indonesia Open 2025,GOH Sze.. / Nur IZZU.. (1),1,2130,LEE Fan.. / LEE Fang-..,21,1855
3/6/2025,Round 1,MD,Junaidi A.. / YAP Roy .. Rank 23 Elo 1899 (+0),W.O.,Eloi ADAM / Leo ROSS.. Rank 42 Elo 1803 (-0),0,https://badmintonranks.com/tournament?id=14466,7,Indonesia Open 2025,Junaidi A.. / YAP Roy ..,23,1899,Eloi ADAM / Leo ROSS..,42,1803
3/6/2025,Round 1,WS,Akane YAMAGUCHI (3) Rank 3 Elo 2373 (+6),21-9 / 21-18,Line Højmark KJAERSF.. Rank 16 Elo 2012 (-6),29,https://badmintonranks.com/tournament?id=14466,7,Indonesia Open 2025,Akane YAMAGUCHI (3),3,2373,Line Højmark KJAERSF..,16,2012
3/6/2025,Round 1,WS,SUNG Shuo Yun Rank 20 Elo 1872 (+48),21-18 / 21-12,ZHANG Beiwen Rank 19 Elo 2155 (-43),36,https://badmintonranks.com/tournament?id=14466,7,Indonesia Open 2025,SUNG Shuo Yun,20,1872,ZHANG Beiwen,19,2155
3/6/2025,Round 1,MS,Rasmus GEMKE Rank 28 Elo 2029 (+39),21-19 / 21-12,Kodai NARAOKA (7) Rank 6 Elo 2218 (-38),55,https://badmintonranks.com/tournament?id=14466,7,Indonesia Open 2025,Rasmus GEMKE,28,2029,Kodai NARAOKA (7),6,2218
3/6/2025,Round 1,MD,Nur Mohd.. / TAN Wee .. Rank 28 Elo 1753 (+48),21-17 / 21-12,XIE Hao .. / ZENG Wei.. Rank 29 Elo 1887 (-39),32,https://badmintonranks.com/tournament?id=14466,7,Indonesia Open 2025,Nur Mohd.. / TAN Wee ..,28,1753,XIE Hao .. / ZENG Wei..,29,1887
3/6/2025,Round 1,MS,WANG Zheng Xing Rank 30 Elo 1974 (+40),21-15 / 21-10,Kenta NISHIMOTO Rank 13 Elo 2171 (-38),37,https://badmintonranks.com/tournament?id=14466,7,Indonesia Open 2025,WANG Zheng Xing,30,1974,Kenta NISHIMOTO,13,2171
3/6/2025,Round 1,WD,JIA Yi Fan / ZHANG S.. Rank 8 Elo 2179 (+4),21-16 / 9-21 / 21-5,HU Ling .. / JHENG Y.. Rank 25 Elo 1722 (-5),38,https://badmintonranks.com/tournament?id=14466,7,Indonesia Open 2025,JIA Yi Fan / ZHANG S..,8,2179,HU Ling .. / JHENG Y..,25,1722
3/6/2025,Round 1,MD,Satwiksai.. / Chirag SH.. Rank 22 Elo 2153 (+18),18-21 / 21-18 / 21-14,Leo Rolly.. / Bagas MA.. Rank 10 Elo 2037 (-18),67,https://badmintonranks.com/tournament?id=14466,7,Indonesia Open 2025,Satwiksai.. / Chirag SH..,22,2153,Leo Rolly.. / Bagas MA..,10,2037
3/6/2025,Round 1,WD,BAEK Ha.. / LEE So H.. (3) Rank 3 Elo 2155 (+5),19-21 / 21-18 / 21-10,HSU Yin-.. / LIN Jhih Y.. Rank 16 Elo 1777 (-7),61,https://badmintonranks.com/tournament?id=14466,7,Indonesia Open 2025,BAEK Ha.. / LEE So H.. (3),3,2155,HSU Yin-.. / LIN Jhih Y..,16,1777
3/6/2025,Round 1,MD,Sabar Ka.. / Moh Rez.. (8) Rank 8 Elo 2011 (+19),21-13 / 21-18,LEE Jhe-.. / YANG Po-.. Rank 15 Elo 1917 (-21),26,https://badmintonranks.com/tournament?id=14466,7,Indonesia Open 2025,Sabar Ka.. / Moh Rez.. (8),8,2011,LEE Jhe-.. / YANG Po-..,15,1917
3/6/2025,Round 1,MD,MAN Wei.. / TEE Kai .. (7) Rank 7 Elo 2104 (+9),21-6 / 21-11,CHEN Z.. / Presley S.. Rank 33 Elo 1832 (-11),21,https://badmintonranks.com/tournament?id=14466,7,Indonesia Open 2025,MAN Wei.. / TEE Kai .. (7),7,2104,CHEN Z.. / Presley S..,33,1832
3/6/2025,Round 1,MS,Anders ANTONSEN (3) Rank 3 Elo 2292 (+9),21-11 / 21-12,CHI Yu Jen Rank 31 Elo 2023 (-9),44,https://badmintonranks.com/tournament?id=14466,7,Indonesia Open 2025,Anders ANTONSEN (3),3,2292,CHI Yu Jen,31,2023
3/6/2025,Round 1,MS,Jonatan CHRISTIE (5) Rank 5 Elo 2315 (+8),8-21 / 21-11 / 21-12,Jia Heng Jason TEH Rank 24 Elo 2038 (-9),53,https://badmintonranks.com/tournament?id=14466,7,Indonesia Open 2025,Jonatan CHRISTIE (5),5,2315,Jia Heng Jason TEH,24,2038
3/6/2025,Round 1,WD,Febriana .. / Amallia C.. (8) Rank 10 Elo 1954 (+7),21-4 / 21-10,Paulina C.. / Kornelia M.. Rank 43 Elo 1613 (-13),26,https://badmintonranks.com/tournament?id=14466,7,Indonesia Open 2025,Febriana .. / Amallia C.. (8),10,1954,Paulina C.. / Kornelia M..,43,1613
3/6/2025,Round 1,WD,Siti Sarah.. / Agnia Sri .. Rank 46 Elo 1690 (+34),21-16 / 21-14,Julie MA.. / Ciara TOR.. Rank 40 Elo 1622 (-42),37,https://badmintonranks.com/tournament?id=14466,7,Indonesia Open 2025,Siti Sarah.. / Agnia Sri ..,46,1690,Julie MA.. / Ciara TOR..,40,1622
3/6/2025,Round 1,MS,Yushi TANAKA Rank 22 Elo 2024 (+31),21-15 / 20-22 / 22-20,NG Ka Long Angus Rank 23 Elo 2084 (-30),67,https://badmintonranks.com/tournament?id=14466,7,Indonesia Open 2025,Yushi TANAKA,22,2024,NG Ka Long Angus,23,2084
3/6/2025,Round 1,XD,Thom GI.. / Delphine .. Rank 10 Elo 2001 (+21),17-21 / 21-15 / 24-22,Rehan N.. / Gloria Em.. Rank 22 Elo 1926 (-21),74,https://badmintonranks.com/tournament?id=14466,7,Indonesia Open 2025,Thom GI.. / Delphine ..,10,2001,Rehan N.. / Gloria Em..,22,1926
3/6/2025,Round 1,MS,Alwi FARHAN Rank 29 Elo 2110 (+18),21-17 / 21-18,PRANNOY H. S. Rank 33 Elo 2002 (-18),45,https://badmintonranks.com/tournament?id=14466,7,Indonesia Open 2025,Alwi FARHAN,29,2110,PRANNOY H. S.,33,2002
3/6/2025,Round 1,XD,CHENG .. / ZHANG C.. Rank 11 Elo 1974 (+34),17-21 / 21-9 / 21-18,GUO Xin .. / CHEN Fa.. (4) Rank 7 Elo 2071 (-33),53,https://badmintonranks.com/tournament?id=14466,7,Indonesia Open 2025,CHENG .. / ZHANG C..,11,1974,GUO Xin .. / CHEN Fa.. (4),7,2071
3/6/2025,Round 1,MS,LEE Cheuk Yiu Rank 21 Elo 2112 (+32),21-16 / 7-21 / 23-21,Koki WATANABE Rank 16 Elo 2201 (-31),60,https://badmintonranks.com/tournament?id=14466,7,Indonesia Open 2025,LEE Cheuk Yiu,21,2112,Koki WATANABE,16,2201
3/6/2025,Round 1,WS,Pornpawee CHOCHU.. (6) Rank 8 Elo 2286 (+5),21-18 / 21-12,CHIU Pin-Chian Rank 27 Elo 1886 (-5),43,https://badmintonranks.com/tournament?id=14466,8,Indonesia Open 2025,Pornpawee CHOCHU.. (6),8,2286,CHIU Pin-Chian,27,1886
3/6/2025,Round 1,XD,HEE Yon.. / JIN Yu Jia Rank 27 Elo 1593 (+102),9-21 / 21-17 / 21-19,Rinov RI.. / Pitha Hani.. Rank 33 Elo 1981 (-49),62,https://badmintonranks.com/tournament?id=14466,8,Indonesia Open 2025,HEE Yon.. / JIN Yu Jia,27,1593,Rinov RI.. / Pitha Hani..,33,1981
3/6/2025,Round 1,WD,Apriyani .. / Febi SETI.. Rank 125 Elo 1842 (+17),21-16 / 24-22,CHANG .. / YANG Chi.. Rank 18 Elo 1682 (-24),48,https://badmintonranks.com/tournament?id=14466,8,Indonesia Open 2025,Apriyani .. / Febi SETI..,125,1842,CHANG .. / YANG Chi..,18,1682
3/6/2025,Round 1,WS,Supanida KATETHONG (8) Rank 9 Elo 2114 (+7),14-21 / 21-15 / 21-12,Rakshitha Sree SANTH.. Rank 43 Elo 1791 (-9),58,https://badmintonranks.com/tournament?id=14466,8,Indonesia Open 2025,Supanida KATETHONG (8),9,2114,Rakshitha Sree SANTH..,43,1791
3/6/2025,Round 1,WS,Putri Kusuma WARDANI Rank 12 Elo 2172 (+3),16-21 / 15-16 Ret.,Malvika BANSOD Rank 23 Elo 1900 (-4),54,https://badmintonranks.com/tournament?id=14466,8,Indonesia Open 2025,Putri Kusuma WARDANI,12,2172,Malvika BANSOD,23,1900
3/6/2025,Round 1,WS,KIM Ga Eun Rank 22 Elo 2189 (+4),21-15 / 21-9,Anupama UPADHYAYA Rank 42 Elo 1769 (-6),31,https://badmintonranks.com/tournament?id=14466,8,Indonesia Open 2025,KIM Ga Eun,22,2189,Anupama UPADHYAYA,42,1769
3/6/2025,Round 1,WS,PUSARLA V. Sindhu Rank 21 Elo 2045 (+27),22-20 / 21-23 / 21-15,Nozomi OKUHARA Rank 47 Elo 2067 (-27),79,https://badmintonranks.com/tournament?id=14466,8,Indonesia Open 2025,PUSARLA V. Sindhu,21,2045,Nozomi OKUHARA,47,2067
3/6/2025,Round 1,XD,Jafar HID.. / Felisha Al.. Rank 15 Elo 1980 (+7),21-11 / 21-16,WONG Ti.. / LIM Chiew.. Rank 35 Elo 1655 (-12),31,https://badmintonranks.com/tournament?id=14466,8,Indonesia Open 2025,Jafar HID.. / Felisha Al..,15,1980,WONG Ti.. / LIM Chiew..,35,1655
3/6/2025,Round 1,XD,Hiroki MI.. / Natsu SA.. (7) Rank 9 Elo 2022 (+10),21-16 / 25-23,CHEN Ch.. / HSU Yin-.. Rank 19 Elo 1770 (-13),35,https://badmintonranks.com/tournament?id=14466,8,Indonesia Open 2025,Hiroki MI.. / Natsu SA.. (7),9,2022,CHEN Ch.. / HSU Yin-..,19,1770
3/6/2025,Round 1,WD,LIU Shen.. / TAN Ning (1) Rank 1 Elo 2330 (+1),21-12 / 21-17,Ornnicha .. / Sukitta SU.. Rank 28 Elo 1554 (-2),36,https://badmintonranks.com/tournament?id=14466,8,Indonesia Open 2025,LIU Shen.. / TAN Ning (1),1,2330,Ornnicha .. / Sukitta SU..,28,1554
3/6/2025,Round 1,MS,SHI Yu Qi (1) Rank 2 Elo 2479 (+6),21-11 / 20-22 / 21-15,Lakshya SEN Rank 18 Elo 2128 (-6),65,https://badmintonranks.com/tournament?id=14466,8,Indonesia Open 2025,SHI Yu Qi (1),2,2479,Lakshya SEN,18,2128
3/6/2025,Round 1,WD,HSIEH P.. / HUNG En-.. Rank 13 Elo 1895 (+23),21-14 / 17-21 / 21-15,Meilysa T.. / Rachel All.. Rank 31 Elo 1823 (-25),70,https://badmintonranks.com/tournament?id=14466,8,Indonesia Open 2025,HSIEH P.. / HUNG En-..,13,1895,Meilysa T.. / Rachel All..,31,1823
3/6/2025,Round 1,XD,FENG Ya.. / WEI Ya Xin Rank 48 Elo 2084 (+7),21-14 / 22-20,Presley S.. / Jennie GA.. Rank 40 Elo 1783 (-10),34,https://badmintonranks.com/tournament?id=14466,8,Indonesia Open 2025,FENG Ya.. / WEI Ya Xin,48,2084,Presley S.. / Jennie GA..,40,1783
3/6/2025,Round 1,XD,Ruttanap.. / Jhenicha .. Rank 18 Elo 1843 (+28),21-9 / 21-14,YANG Po.. / HU Ling .. (8) Rank 12 Elo 1811 (-29),29,https://badmintonranks.com/tournament?id=14466,8,Indonesia Open 2025,Ruttanap.. / Jhenicha ..,18,1843,YANG Po.. / HU Ling .. (8),12,1811
3/6/2025,Round 1,WS,AN Se Young (1) Rank 1 Elo 2699 (+1),21-14 / 21-11,Busanan ONGBAMRUN.. Rank 13 Elo 2028 (-1),41,https://badmintonranks.com/tournament?id=14466,8,Indonesia Open 2025,AN Se Young (1),1,2699,Busanan ONGBAMRUN..,13,2028
9/6/2024,Final,MD,LIANG W.. / WANG C.. (2) Rank 2 Elo 2281 (+13),19-21 / 21-16 / 21-12,MAN Wei.. / TEE Kai .. Rank 20 Elo 2070 (-13),55,https://badmintonranks.com/tournament?id=14083,1,Indonesia Open 2024,LIANG W.. / WANG C.. (2),2,2281,MAN Wei.. / TEE Kai ..,20,2070
9/6/2024,Final,MS,SHI Yu Qi (2) Rank 2 Elo 2581 (+13),21-9 / 12-21 / 21-14,Anders ANTONSEN (4) Rank 5 Elo 2389 (-14),71,https://badmintonranks.com/tournament?id=14083,1,Indonesia Open 2024,SHI Yu Qi (2),2,2581,Anders ANTONSEN (4),5,2389
9/6/2024,Final,WS,CHEN Yu Fei (2) Rank 2 Elo 2588 (+36),21-14 / 14-21 / 21-18,AN Se Young (1) Rank 1 Elo 2706 (-36),82,https://badmintonranks.com/tournament?id=14083,1,Indonesia Open 2024,CHEN Yu Fei (2),2,2588,AN Se Young (1),1,2706
9/6/2024,Final,WD,BAEK Ha.. / LEE So H.. (2) Rank 2 Elo 2407 (+32),21-17 / 21-13,CHEN Qi.. / JIA Yi Fan (1) Rank 1 Elo 2469 (-33),57,https://badmintonranks.com/tournament?id=14083,1,Indonesia Open 2024,BAEK Ha.. / LEE So H.. (2),2,2407,CHEN Qi.. / JIA Yi Fan (1),1,2469
9/6/2024,Final,XD,JIANG Zh.. / WEI Ya X.. (5) Rank 5 Elo 2287 (+44),21-11 / 21-14,ZHENG .. / HUANG .. (1) Rank 1 Elo 2529 (-44),32,https://badmintonranks.com/tournament?id=14083,1,Indonesia Open 2024,JIANG Zh.. / WEI Ya X.. (5),5,2287,ZHENG .. / HUANG .. (1),1,2529
8/6/2024,Semi final,MD,MAN Wei.. / TEE Kai .. Rank 20 Elo 2045 (+25),29-27 / 21-13,Sabar Ka.. / Moh Reza.. Rank 29 Elo 2013 (-25),45,https://badmintonranks.com/tournament?id=14083,1,Indonesia Open 2024,MAN Wei.. / TEE Kai ..,20,2045,Sabar Ka.. / Moh Reza..,29,2013
8/6/2024,Semi final,MS,Anders ANTONSEN (4) Rank 5 Elo 2364 (+25),21-15 / 19-21 / 21-11,Kunlavut VITIDSARN (8) Rank 8 Elo 2339 (-25),91,https://badmintonranks.com/tournament?id=14083,1,Indonesia Open 2024,Anders ANTONSEN (4),5,2364,Kunlavut VITIDSARN (8),8,2339
8/6/2024,Semi final,MD,LIANG W.. / WANG C.. (2) Rank 2 Elo 2256 (+25),21-13 / 21-15,Kim AST.. / Anders S.. (4) Rank 4 Elo 2229 (-25),32,https://badmintonranks.com/tournament?id=14083,1,Indonesia Open 2024,LIANG W.. / WANG C.. (2),2,2256,Kim AST.. / Anders S.. (4),4,2229
8/6/2024,Semi final,MS,SHI Yu Qi (2) Rank 2 Elo 2571 (+10),19-21 / 21-19 / 21-14,LI Shi Feng (6) Rank 4 Elo 2312 (-10),79,https://badmintonranks.com/tournament?id=14083,1,Indonesia Open 2024,SHI Yu Qi (2),2,2571,LI Shi Feng (6),4,2312
8/6/2024,Semi final,WD,BAEK Ha.. / LEE So H.. (2) Rank 2 Elo 2386 (+21),21-11 / 21-14,LIU Shen.. / TAN Ning (3) Rank 4 Elo 2306 (-21),46,https://badmintonranks.com/tournament?id=14083,1,Indonesia Open 2024,BAEK Ha.. / LEE So H.. (2),2,2386,LIU Shen.. / TAN Ning (3),4,2306
8/6/2024,Semi final,WD,CHEN Qi.. / JIA Yi Fan (1) Rank 1 Elo 2458 (+11),21-10 / 15-21 / 21-17,Mayu MA.. / Wakana .. (7) Rank 7 Elo 2208 (-10),67,https://badmintonranks.com/tournament?id=14083,1,Indonesia Open 2024,CHEN Qi.. / JIA Yi Fan (1),1,2458,Mayu MA.. / Wakana .. (7),7,2208
8/6/2024,Semi final,WS,CHEN Yu Fei (2) Rank 2 Elo 2564 (+24),21-11 / 17-21 / 21-13,Carolina MARIN (3) Rank 3 Elo 2526 (-24),74,https://badmintonranks.com/tournament?id=14083,1,Indonesia Open 2024,CHEN Yu Fei (2),2,2564,Carolina MARIN (3),3,2526
8/6/2024,Semi final,XD,JIANG Zh.. / WEI Ya X.. (5) Rank 5 Elo 2277 (+10),21-16 / 21-18,TAN Kian.. / LAI Pei Jin.. Rank 21 Elo 2032 (-11),39,https://badmintonranks.com/tournament?id=14083,1,Indonesia Open 2024,JIANG Zh.. / WEI Ya X.. (5),5,2277,TAN Kian.. / LAI Pei Jin..,21,2032
8/6/2024,Semi final,WS,AN Se Young (1) Rank 1 Elo 2695 (+11),23-21 / 21-13,WANG Zhi Yi (6) Rank 6 Elo 2470 (-11),57,https://badmintonranks.com/tournament?id=14083,1,Indonesia Open 2024,AN Se Young (1),1,2695,WANG Zhi Yi (6),6,2470
8/6/2024,Semi final,XD,ZHENG .. / HUANG .. (1) Rank 1 Elo 2522 (+7),21-19 / 21-19,Dechapol.. / Sapsiree .. (6) Rank 6 Elo 2187 (-7),43,https://badmintonranks.com/tournament?id=14083,1,Indonesia Open 2024,ZHENG .. / HUANG .. (1),1,2522,Dechapol.. / Sapsiree .. (6),6,2187
7/6/2024,Quarter final,WD,LIU Shen.. / TAN Ning (3) Rank 4 Elo 2284 (+22),21-12 / 21-10,ZHANG .. / ZHENG .. (5) Rank 5 Elo 2224 (-22),29,https://badmintonranks.com/tournament?id=14083,1,Indonesia Open 2024,LIU Shen.. / TAN Ning (3),4,2284,ZHANG .. / ZHENG .. (5),5,2224
7/6/2024,Quarter final,MD,Kim AST.. / Anders S.. (4) Rank 4 Elo 2213 (+16),21-16 / 15-21 / 23-21,Muhamm.. / Bagas MA.. Rank 11 Elo 2066 (-16),69,https://badmintonranks.com/tournament?id=14083,1,Indonesia Open 2024,Kim AST.. / Anders S.. (4),4,2213,Muhamm.. / Bagas MA..,11,2066
7/6/2024,Quarter final,MD,LIANG W.. / WANG C.. (2) Rank 2 Elo 2241 (+15),18-21 / 21-18 / 21-19,GOH Sze.. / Nur IZZUD.. Rank 13 Elo 2089 (-16),58,https://badmintonranks.com/tournament?id=14083,1,Indonesia Open 2024,LIANG W.. / WANG C.. (2),2,2241,GOH Sze.. / Nur IZZUD..,13,2089
7/6/2024,Quarter final,WD,BAEK Ha.. / LEE So H.. (2) Rank 2 Elo 2376 (+10),21-10 / 16-21 / 21-10,KIM So Y.. / KONG H.. (6) Rank 6 Elo 2131 (-11),72,https://badmintonranks.com/tournament?id=14083,1,Indonesia Open 2024,BAEK Ha.. / LEE So H.. (2),2,2376,KIM So Y.. / KONG H.. (6),6,2131
7/6/2024,Quarter final,WD,Mayu MA.. / Wakana .. (7) Rank 7 Elo 2195 (+13),21-19 / 21-17,LI Yi jing / LUO Xu m.. Rank 22 Elo 2002 (-14),51,https://badmintonranks.com/tournament?id=14083,1,Indonesia Open 2024,Mayu MA.. / Wakana .. (7),7,2195,LI Yi jing / LUO Xu m..,22,2002
7/6/2024,Quarter final,MD,Sabar Ka.. / Moh Reza.. Rank 29 Elo 1974 (+39),21-17 / 14-21 / 21-16,LEE Jhe-.. / YANG Po-.. Rank 12 Elo 2124 (-37),58,https://badmintonranks.com/tournament?id=14083,2,Indonesia Open 2024,Sabar Ka.. / Moh Reza..,29,1974,LEE Jhe-.. / YANG Po-..,12,2124
7/6/2024,Quarter final,MS,Anders ANTONSEN (4) Rank 5 Elo 2343 (+21),24-22 / 21-18,Lakshya SEN Rank 14 Elo 2267 (-21),61,https://badmintonranks.com/tournament?id=14083,2,Indonesia Open 2024,Anders ANTONSEN (4),5,2343,Lakshya SEN,14,2267
7/6/2024,Quarter final,MD,MAN Wei.. / TEE Kai .. Rank 20 Elo 2028 (+17),21-17 / 18-21 / 21-10,LU Ching.. / YANG Po .. Rank 25 Elo 1887 (-18),57,https://badmintonranks.com/tournament?id=14083,2,Indonesia Open 2024,MAN Wei.. / TEE Kai ..,20,2028,LU Ching.. / YANG Po ..,25,1887
7/6/2024,Quarter final,WD,CHEN Qi.. / JIA Yi Fan (1) Rank 1 Elo 2454 (+4),22-20 / 21-18,Pearly TA.. / THINAAH .. Rank 13 Elo 2044 (-5),51,https://badmintonranks.com/tournament?id=14083,2,Indonesia Open 2024,CHEN Qi.. / JIA Yi Fan (1),1,2454,Pearly TA.. / THINAAH ..,13,2044
7/6/2024,Quarter final,WS,AN Se Young (1) Rank 1 Elo 2686 (+9),21-17 / 21-14,HE Bing Jiao (8) Rank 8 Elo 2419 (-9),49,https://badmintonranks.com/tournament?id=14083,2,Indonesia Open 2024,AN Se Young (1),1,2686,HE Bing Jiao (8),8,2419
7/6/2024,Quarter final,WS,WANG Zhi Yi (6) Rank 6 Elo 2450 (+20),21-8 / 21-18,Gregoria Mariska TUNJ.. Rank 9 Elo 2375 (-21),45,https://badmintonranks.com/tournament?id=14083,2,Indonesia Open 2024,WANG Zhi Yi (6),6,2450,Gregoria Mariska TUNJ..,9,2375
7/6/2024,Quarter final,MS,Kunlavut VITIDSARN (8) Rank 8 Elo 2306 (+33),21-16 / 21-17,LEE Zii Jia Rank 7 Elo 2384 (-32),53,https://badmintonranks.com/tournament?id=14083,2,Indonesia Open 2024,Kunlavut VITIDSARN (8),8,2306,LEE Zii Jia,7,2384
7/6/2024,Quarter final,MS,LI Shi Feng (6) Rank 4 Elo 2293 (+19),21-11 / 21-12,LEONG Jun Hao Rank 32 Elo 2202 (-20),43,https://badmintonranks.com/tournament?id=14083,2,Indonesia Open 2024,LI Shi Feng (6),4,2293,LEONG Jun Hao,32,2202
7/6/2024,Quarter final,MS,SHI Yu Qi (2) Rank 2 Elo 2567 (+4),17-21 / 21-10 / 21-18,Toma Junior POPOV Rank 23 Elo 2125 (-4),65,https://badmintonranks.com/tournament?id=14083,2,Indonesia Open 2024,SHI Yu Qi (2),2,2567,Toma Junior POPOV,23,2125
7/6/2024,Quarter final,XD,ZHENG .. / HUANG .. (1) Rank 1 Elo 2516 (+6),21-17 / 21-10,TANG Ch.. / TSE Ying.. (7) Rank 7 Elo 2170 (-6),30,https://badmintonranks.com/tournament?id=14083,2,Indonesia Open 2024,ZHENG .. / HUANG .. (1),1,2516,TANG Ch.. / TSE Ying.. (7),7,2170
7/6/2024,Quarter final,XD,TAN Kian.. / LAI Pei Jin.. Rank 21 Elo 1989 (+43),21-8 / 21-19,KIM Won .. / JEONG .. (8) Rank 8 Elo 2199 (-40),39,https://badmintonranks.com/tournament?id=14083,2,Indonesia Open 2024,TAN Kian.. / LAI Pei Jin..,21,1989,KIM Won .. / JEONG .. (8),8,2199
7/6/2024,Quarter final,XD,JIANG Zh.. / WEI Ya X.. (5) Rank 5 Elo 2241 (+36),21-17 / 11-21 / 21-16,FENG Ya.. / HUANG .. (2) Rank 2 Elo 2379 (-37),57,https://badmintonranks.com/tournament?id=14083,2,Indonesia Open 2024,JIANG Zh.. / WEI Ya X.. (5),5,2241,FENG Ya.. / HUANG .. (2),2,2379
7/6/2024,Quarter final,XD,Dechapol.. / Sapsiree .. (6) Rank 6 Elo 2166 (+21),21-16 / 21-17,Dejan FE.. / Gloria Em.. Rank 18 Elo 2080 (-20),41,https://badmintonranks.com/tournament?id=14083,2,Indonesia Open 2024,Dechapol.. / Sapsiree .. (6),6,2166,Dejan FE.. / Gloria Em..,18,2080
7/6/2024,Quarter final,WS,CHEN Yu Fei (2) Rank 2 Elo 2563 (+1),21-15 / 21-7,SUNG Shuo Yun Rank 31 Elo 1925 (-1),38,https://badmintonranks.com/tournament?id=14083,2,Indonesia Open 2024,CHEN Yu Fei (2),2,2563,SUNG Shuo Yun,31,1925
7/6/2024,Quarter final,WS,Carolina MARIN (3) Rank 3 Elo 2513 (+13),21-8 / 21-6,HAN Yue (7) Rank 7 Elo 2314 (-13),27,https://badmintonranks.com/tournament?id=14083,2,Indonesia Open 2024,Carolina MARIN (3),3,2513,HAN Yue (7),7,2314
6/6/2024,Round 2,WD,LIU Shen.. / TAN Ning (3) Rank 4 Elo 2282 (+2),21-7 / 21-12,CHANG .. / YANG Chi.. Rank 33 Elo 1776 (-3),32,https://badmintonranks.com/tournament?id=14083,2,Indonesia Open 2024,LIU Shen.. / TAN Ning (3),4,2282,CHANG .. / YANG Chi..,33,1776
6/6/2024,Round 2,MD,Kim AST.. / Anders S.. (4) Rank 4 Elo 2205 (+8),21-19 / 21-10,Kenya MI.. / Hiroki OK.. Rank 24 Elo 1929 (-10),38,https://badmintonranks.com/tournament?id=14083,2,Indonesia Open 2024,Kim AST.. / Anders S.. (4),4,2205,Kenya MI.. / Hiroki OK..,24,1929
6/6/2024,Round 2,MS,LEE Zii Jia Rank 7 Elo 2369 (+15),20-22 / 21-9 / 21-16,WENG Hong Yang Rank 19 Elo 2220 (-15),72,https://badmintonranks.com/tournament?id=14083,2,Indonesia Open 2024,LEE Zii Jia,7,2369,WENG Hong Yang,19,2220
6/6/2024,Round 2,MS,Kunlavut VITIDSARN (8) Rank 8 Elo 2298 (+8),21-10 / 21-17,Priyanshu RAJAWAT Rank 34 Elo 2009 (-8),49,https://badmintonranks.com/tournament?id=14083,2,Indonesia Open 2024,Kunlavut VITIDSARN (8),8,2298,Priyanshu RAJAWAT,34,2009
6/6/2024,Round 2,WD,ZHANG .. / ZHENG .. (5) Rank 5 Elo 2218 (+6),21-15 / 21-19,Maiken F.. / Sara THY.. Rank 24 Elo 1875 (-7),41,https://badmintonranks.com/tournament?id=14083,2,Indonesia Open 2024,ZHANG .. / ZHENG .. (5),5,2218,Maiken F.. / Sara THY..,24,1875
6/6/2024,Round 2,WS,AN Se Young (1) Rank 1 Elo 2685 (+1),21-13 / 21-6,Pornpicha CHOEIKEEW.. Rank 40 Elo 1808 (-0),33,https://badmintonranks.com/tournament?id=14083,3,Indonesia Open 2024,AN Se Young (1),1,2685,Pornpicha CHOEIKEEW..,40,1808
6/6/2024,Round 2,XD,KIM Won .. / JEONG .. (8) Rank 8 Elo 2183 (+16),21-15 / 21-18,Robin TA.. / Selena PI.. Rank 13 Elo 2057 (-17),34,https://badmintonranks.com/tournament?id=14083,3,Indonesia Open 2024,KIM Won .. / JEONG .. (8),8,2183,Robin TA.. / Selena PI..,13,2057
6/6/2024,Round 2,WS,HE Bing Jiao (8) Rank 8 Elo 2414 (+5),21-17 / 21-9,Kirsty GILMOUR Rank 22 Elo 2056 (-6),34,https://badmintonranks.com/tournament?id=14083,3,Indonesia Open 2024,HE Bing Jiao (8),8,2414,Kirsty GILMOUR,22,2056
6/6/2024,Round 2,WD,CHEN Qi.. / JIA Yi Fan (1) Rank 1 Elo 2450 (+4),21-17 / 21-19,Margot L.. / Anne TRAN Rank 16 Elo 2028 (-4),41,https://badmintonranks.com/tournament?id=14083,3,Indonesia Open 2024,CHEN Qi.. / JIA Yi Fan (1),1,2450,Margot L.. / Anne TRAN,16,2028
6/6/2024,Round 2,MD,Sabar Ka.. / Moh Reza.. Rank 29 Elo 1936 (+38),21-11 / 21-18,LEE Yang / WANG Ch.. Rank 10 Elo 2076 (-36),30,https://badmintonranks.com/tournament?id=14083,3,Indonesia Open 2024,Sabar Ka.. / Moh Reza..,29,1936,LEE Yang / WANG Ch..,10,2076
6/6/2024,Round 2,MD,Muhamm.. / Bagas MA.. Rank 11 Elo 2059 (+7),21-11 / 21-17,Christo P.. / Toma Juni.. Rank 37 Elo 1737 (-10),32,https://badmintonranks.com/tournament?id=14083,3,Indonesia Open 2024,Muhamm.. / Bagas MA..,11,2059,Christo P.. / Toma Juni..,37,1737
6/6/2024,Round 2,MD,LIANG W.. / WANG C.. (2) Rank 2 Elo 2231 (+10),17-21 / 22-20 / 21-18,Hendra S.. / Mohamma.. Rank 16 Elo 1980 (-10),57,https://badmintonranks.com/tournament?id=14083,3,Indonesia Open 2024,LIANG W.. / WANG C.. (2),2,2231,Hendra S.. / Mohamma..,16,1980
6/6/2024,Round 2,XD,TANG Ch.. / TSE Ying.. (7) Rank 7 Elo 2156 (+14),19-21 / 21-17 / 21-13,LEE Chu.. / NG Tsz Ya.. Rank 23 Elo 1988 (-15),48,https://badmintonranks.com/tournament?id=14083,3,Indonesia Open 2024,TANG Ch.. / TSE Ying.. (7),7,2156,LEE Chu.. / NG Tsz Ya..,23,1988
6/6/2024,Round 2,WD,Pearly TA.. / THINAAH .. Rank 13 Elo 2008 (+36),21-18 / 21-19,Apriyani .. / Siti Fadia.. (8) Rank 9 Elo 2129 (-34),49,https://badmintonranks.com/tournament?id=14083,3,Indonesia Open 2024,Pearly TA.. / THINAAH ..,13,2008,Apriyani .. / Siti Fadia.. (8),9,2129
6/6/2024,Round 2,XD,ZHENG .. / HUANG .. (1) Rank 1 Elo 2515 (+1),21-9 / 21-11,REDDY .. / REDDY Si.. Rank 45 Elo 1777 (-1),27,https://badmintonranks.com/tournament?id=14083,3,Indonesia Open 2024,ZHENG .. / HUANG .. (1),1,2515,REDDY .. / REDDY Si..,45,1777
6/6/2024,Round 2,MD,LEE Jhe-.. / YANG Po-.. Rank 12 Elo 2086 (+38),21-16 / 21-23 / 21-17,HE Ji Ting / REN Xian.. Rank 8 Elo 2266 (-37),58,https://badmintonranks.com/tournament?id=14083,3,Indonesia Open 2024,LEE Jhe-.. / YANG Po-..,12,2086,HE Ji Ting / REN Xian..,8,2266
6/6/2024,Round 2,XD,TAN Kian.. / LAI Pei Jin.. Rank 21 Elo 1951 (+38),15-21 / 23-21 / 21-14,Mathias .. / Alexandra .. Rank 14 Elo 2100 (-36),60,https://badmintonranks.com/tournament?id=14083,3,Indonesia Open 2024,TAN Kian.. / LAI Pei Jin..,21,1951,Mathias .. / Alexandra ..,14,2100
6/6/2024,Round 2,MS,Anders ANTONSEN (4) Rank 5 Elo 2340 (+3),21-17 / 21-11,Kantaphon WANGCHA.. Rank 51 Elo 1877 (-4),47,https://badmintonranks.com/tournament?id=14083,3,Indonesia Open 2024,Anders ANTONSEN (4),5,2340,Kantaphon WANGCHA..,51,1877
6/6/2024,Round 2,MS,Lakshya SEN Rank 14 Elo 2243 (+24),21-9 / 21-15,Kenta NISHIMOTO Rank 12 Elo 2219 (-24),45,https://badmintonranks.com/tournament?id=14083,3,Indonesia Open 2024,Lakshya SEN,14,2243,Kenta NISHIMOTO,12,2219
6/6/2024,Round 2,WD,BAEK Ha.. / LEE So H.. (2) Rank 2 Elo 2374 (+2),21-13 / 19-21 / 21-13,Tanisha .. / Ashwini P.. Rank 20 Elo 1847 (-3),64,https://badmintonranks.com/tournament?id=14083,3,Indonesia Open 2024,BAEK Ha.. / LEE So H.. (2),2,2374,Tanisha .. / Ashwini P..,20,1847
6/6/2024,Round 2,MD,GOH Sze.. / Nur IZZUD.. Rank 13 Elo 2071 (+18),16-21 / 21-16 / 21-12,Leo Rolly.. / Daniel MA.. Rank 14 Elo 1964 (-19),59,https://badmintonranks.com/tournament?id=14083,3,Indonesia Open 2024,GOH Sze.. / Nur IZZUD..,13,2071,Leo Rolly.. / Daniel MA..,14,1964
6/6/2024,Round 2,WS,Gregoria Mariska TUNJ.. Rank 9 Elo 2362 (+13),21-13 / 21-15,Supanida KATETHONG Rank 15 Elo 2191 (-14),34,https://badmintonranks.com/tournament?id=14083,3,Indonesia Open 2024,Gregoria Mariska TUNJ..,9,2362,Supanida KATETHONG,15,2191
6/6/2024,Round 2,MD,MAN Wei.. / TEE Kai .. Rank 20 Elo 2008 (+20),21-18 / 19-21 / 21-12,Rasmus .. / Frederik S.. Rank 15 Elo 1922 (-21),61,https://badmintonranks.com/tournament?id=14083,3,Indonesia Open 2024,MAN Wei.. / TEE Kai ..,20,2008,Rasmus .. / Frederik S..,15,1922
6/6/2024,Round 2,WS,SUNG Shuo Yun Rank 31 Elo 1880 (+45),20-22 / 21-14 / 21-17,Ratchanok INTANON Rank 13 Elo 2093 (-40),66,https://badmintonranks.com/tournament?id=14083,3,Indonesia Open 2024,SUNG Shuo Yun,31,1880,Ratchanok INTANON,13,2093
6/6/2024,Round 2,WD,KIM So Y.. / KONG H.. (6) Rank 6 Elo 2125 (+6),21-13 / 21-11,YEUNG .. / YEUNG P.. Rank 21 Elo 1763 (-7),41,https://badmintonranks.com/tournament?id=14083,3,Indonesia Open 2024,KIM So Y.. / KONG H.. (6),6,2125,YEUNG .. / YEUNG P..,21,1763
6/6/2024,Round 2,XD,FENG Ya.. / HUANG .. (2) Rank 2 Elo 2375 (+4),21-10 / 22-20,Yuki KAN.. / Misaki MA.. Rank 28 Elo 1911 (-3),42,https://badmintonranks.com/tournament?id=14083,4,Indonesia Open 2024,FENG Ya.. / HUANG .. (2),2,2375,Yuki KAN.. / Misaki MA..,28,1911
6/6/2024,Round 2,WS,CHEN Yu Fei (2) Rank 2 Elo 2555 (+8),21-10 / 21-11,Aya OHORI Rank 11 Elo 2260 (-8),34,https://badmintonranks.com/tournament?id=14083,4,Indonesia Open 2024,CHEN Yu Fei (2),2,2555,Aya OHORI,11,2260
6/6/2024,Round 2,MS,SHI Yu Qi (2) Rank 2 Elo 2562 (+5),21-16 / 21-16,LU Guang Zu Rank 15 Elo 2183 (-5),36,https://badmintonranks.com/tournament?id=14083,4,Indonesia Open 2024,SHI Yu Qi (2),2,2562,LU Guang Zu,15,2183
6/6/2024,Round 2,MS,LEONG Jun Hao Rank 32 Elo 2168 (+34),21-18 / 13-21 / 21-17,CHOU Tien Chen Rank 11 Elo 2291 (-34),67,https://badmintonranks.com/tournament?id=14083,4,Indonesia Open 2024,LEONG Jun Hao,32,2168,CHOU Tien Chen,11,2291
6/6/2024,Round 2,MS,LI Shi Feng (6) Rank 4 Elo 2282 (+11),21-11 / 21-13,Christo POPOV Rank 24 Elo 2047 (-11),40,https://badmintonranks.com/tournament?id=14083,4,Indonesia Open 2024,LI Shi Feng (6),4,2282,Christo POPOV,24,2047
6/6/2024,Round 2,WS,WANG Zhi Yi (6) Rank 6 Elo 2445 (+5),21-13 / 21-13,Ester Nurumi Tri WARD.. Rank 35 Elo 2046 (-4),47,https://badmintonranks.com/tournament?id=14083,4,Indonesia Open 2024,WANG Zhi Yi (6),6,2445,Ester Nurumi Tri WARD..,35,2046
6/6/2024,Round 2,WD,LI Yi jing / LUO Xu m.. Rank 22 Elo 1955 (+47),21-19 / 21-15,Nami MA.. / Chiharu .. (4) Rank 3 Elo 2268 (-43),47,https://badmintonranks.com/tournament?id=14083,4,Indonesia Open 2024,LI Yi jing / LUO Xu m..,22,1955,Nami MA.. / Chiharu .. (4),3,2268
6/6/2024,Round 2,MD,LU Ching.. / YANG Po .. Rank 25 Elo 1834 (+53),21-16 / 21-14,Aaron CH.. / SOH Wo.. (5) Rank 5 Elo 2165 (-45),38,https://badmintonranks.com/tournament?id=14083,4,Indonesia Open 2024,LU Ching.. / YANG Po ..,25,1834,Aaron CH.. / SOH Wo.. (5),5,2165
6/6/2024,Round 2,MS,Toma Junior POPOV Rank 23 Elo 2093 (+32),21-18 / 8-21 / 21-12,Rasmus GEMKE Rank 26 Elo 2174 (-31),73,https://badmintonranks.com/tournament?id=14083,4,Indonesia Open 2024,Toma Junior POPOV,23,2093,Rasmus GEMKE,26,2174
6/6/2024,Round 2,XD,Dechapol.. / Sapsiree .. (6) Rank 6 Elo 2162 (+4),21-8 / 21-13,Adnan M.. / Nita Violin.. Rank 46 Elo 1760 (-6),31,https://badmintonranks.com/tournament?id=14083,4,Indonesia Open 2024,Dechapol.. / Sapsiree .. (6),6,2162,Adnan M.. / Nita Violin..,46,1760
6/6/2024,Round 2,XD,JIANG Zh.. / WEI Ya X.. (5) Rank 5 Elo 2231 (+10),21-12 / 21-7,YANG Po.. / HU Ling F.. Rank 24 Elo 1979 (-10),24,https://badmintonranks.com/tournament?id=14083,4,Indonesia Open 2024,JIANG Zh.. / WEI Ya X.. (5),5,2231,YANG Po.. / HU Ling F..,24,1979
6/6/2024,Round 2,WS,Carolina MARIN (3) Rank 3 Elo 2510 (+3),21-12 / 21-7,HSU Wen Chi Rank 26 Elo 2007 (-3),32,https://badmintonranks.com/tournament?id=14083,4,Indonesia Open 2024,Carolina MARIN (3),3,2510,HSU Wen Chi,26,2007
6/6/2024,Round 2,WS,HAN Yue (7) Rank 7 Elo 2302 (+12),21-17 / 18-21 / 21-12,GAO Fang jie Rank 27 Elo 2099 (-12),66,https://badmintonranks.com/tournament?id=14083,4,Indonesia Open 2024,HAN Yue (7),7,2302,GAO Fang jie,27,2099
6/6/2024,Round 2,WD,Mayu MA.. / Wakana .. (7) Rank 7 Elo 2181 (+14),19-21 / 21-19 / 21-19,Treesa J.. / GAYATRI .. Rank 25 Elo 2014 (-14),75,https://badmintonranks.com/tournament?id=14083,4,Indonesia Open 2024,Mayu MA.. / Wakana .. (7),7,2181,Treesa J.. / GAYATRI ..,25,2014
6/6/2024,Round 2,XD,Dejan FE.. / Gloria Em.. Rank 18 Elo 2036 (+44),21-15 / 15-21 / 21-4,SEO Seu.. / CHAE Yu.. (4) Rank 3 Elo 2330 (-43),54,https://badmintonranks.com/tournament?id=14083,4,Indonesia Open 2024,Dejan FE.. / Gloria Em..,18,2036,SEO Seu.. / CHAE Yu.. (4),3,2330
5/6/2024,Round 1,XD,KIM Won .. / JEONG .. (8) Rank 8 Elo 2168 (+15),21-13 / 17-21 / 21-11,Hiroki MI.. / Natsu SAI.. Rank 10 Elo 2006 (-15),46,https://badmintonranks.com/tournament?id=14083,4,Indonesia Open 2024,KIM Won .. / JEONG .. (8),8,2168,Hiroki MI.. / Natsu SAI..,10,2006
5/6/2024,Round 1,WS,Ratchanok INTANON Rank 13 Elo 2089 (+4),21-18 / 21-6,AAKARSHI KASHYAP Rank 41 Elo 1681 (-7),34,https://badmintonranks.com/tournament?id=14083,4,Indonesia Open 2024,Ratchanok INTANON,13,2089,AAKARSHI KASHYAP,41,1681
5/6/2024,Round 1,WS,CHEN Yu Fei (2) Rank 2 Elo 2554 (+1),21-14 / 21-10,Yvonne LI Rank 30 Elo 1865 (-1),33,https://badmintonranks.com/tournament?id=14083,4,Indonesia Open 2024,CHEN Yu Fei (2),2,2554,Yvonne LI,30,1865
5/6/2024,Round 1,WD,ZHANG .. / ZHENG .. (5) Rank 5 Elo 2213 (+5),21-13 / 21-11,HSU Ya .. / LIN Wan .. Rank 27 Elo 1810 (-6),33,https://badmintonranks.com/tournament?id=14083,4,Indonesia Open 2024,ZHANG .. / ZHENG .. (5),5,2213,HSU Ya .. / LIN Wan ..,27,1810
5/6/2024,Round 1,MD,Christo P.. / Toma Juni.. Rank 37 Elo 1695 (+42),21-18 / 23-21,Alexande.. / Adam HA.. Rank 32 Elo 1704 (-41),36,https://badmintonranks.com/tournament?id=14083,4,Indonesia Open 2024,Christo P.. / Toma Juni..,37,1695,Alexande.. / Adam HA..,32,1704
5/6/2024,Round 1,WS,SUNG Shuo Yun Rank 31 Elo 1880 (+0),W.O.,Akane YAMAGUCHI (5) Rank 5 Elo 2451 (-0),0,https://badmintonranks.com/tournament?id=14083,5,Indonesia Open 2024,SUNG Shuo Yun,31,1880,Akane YAMAGUCHI (5),5,2451
5/6/2024,Round 1,MD,LIANG W.. / WANG C.. (2) Rank 2 Elo 2228 (+3),21-16 / 21-9,XIE Hao .. / ZENG Wei.. Rank 60 Elo 1755 (-5),24,https://badmintonranks.com/tournament?id=14083,5,Indonesia Open 2024,LIANG W.. / WANG C.. (2),2,2228,XIE Hao .. / ZENG Wei..,60,1755
5/6/2024,Round 1,XD,TAN Kian.. / LAI Pei Jin.. Rank 21 Elo 1924 (+27),21-9 / 21-15,Koceila M.. / Tanina Vio.. Rank 47 Elo 1916 (-27),24,https://badmintonranks.com/tournament?id=14083,5,Indonesia Open 2024,TAN Kian.. / LAI Pei Jin..,21,1924,Koceila M.. / Tanina Vio..,47,1916
5/6/2024,Round 1,WD,Maiken F.. / Sara THY.. Rank 24 Elo 1850 (+25),21-12 / 21-18,Jesita Put.. / Febi SETI.. Rank 45 Elo 1794 (-27),41,https://badmintonranks.com/tournament?id=14083,5,Indonesia Open 2024,Maiken F.. / Sara THY..,24,1850,Jesita Put.. / Febi SETI..,45,1794
5/6/2024,Round 1,MD,GOH Sze.. / Nur IZZUD.. Rank 13 Elo 2063 (+8),21-6 / 21-7,DONG A.. / Nyl YAKU.. Rank 35 Elo 1746 (-10),24,https://badmintonranks.com/tournament?id=14083,5,Indonesia Open 2024,GOH Sze.. / Nur IZZUD..,13,2063,DONG A.. / Nyl YAKU..,35,1746
5/6/2024,Round 1,XD,Mathias .. / Alexandra .. Rank 14 Elo 2086 (+14),18-21 / 21-11 Ret.,Yuta WAT.. / Arisa IGA.. (3) Rank 4 Elo 2207 (-13),35,https://badmintonranks.com/tournament?id=14083,5,Indonesia Open 2024,Mathias .. / Alexandra ..,14,2086,Yuta WAT.. / Arisa IGA.. (3),4,2207
5/6/2024,Round 1,WS,Aya OHORI Rank 11 Elo 2254 (+6),19-21 / 21-17 / 21-18,PAI Yu Po Rank 28 Elo 1919 (-7),69,https://badmintonranks.com/tournament?id=14083,5,Indonesia Open 2024,Aya OHORI,11,2254,PAI Yu Po,28,1919
5/6/2024,Round 1,MS,CHOU Tien Chen Rank 11 Elo 2274 (+17),21-17 / 21-14,LIN Chun-Yi Rank 17 Elo 2151 (-17),40,https://badmintonranks.com/tournament?id=14083,5,Indonesia Open 2024,CHOU Tien Chen,11,2274,LIN Chun-Yi,17,2151
5/6/2024,Round 1,XD,Robin TA.. / Selena PI.. Rank 13 Elo 2045 (+12),19-21 / 21-18 / 21-12,Presley S.. / Allison Qu.. Rank 36 Elo 1836 (-14),54,https://badmintonranks.com/tournament?id=14083,5,Indonesia Open 2024,Robin TA.. / Selena PI..,13,2045,Presley S.. / Allison Qu..,36,1836
5/6/2024,Round 1,MD,Muhamm.. / Bagas MA.. Rank 11 Elo 2032 (+27),18-21 / 21-18 / 21-18,LIU Yu C.. / OU Xuan .. (8) Rank 9 Elo 2041 (-27),62,https://badmintonranks.com/tournament?id=14083,5,Indonesia Open 2024,Muhamm.. / Bagas MA..,11,2032,LIU Yu C.. / OU Xuan .. (8),9,2041
5/6/2024,Round 1,WD,Tanisha .. / Ashwini P.. Rank 20 Elo 1829 (+18),21-15 / 21-15,Jackie D.. / Crystal LAI Rank 62 Elo 1679 (-25),34,https://badmintonranks.com/tournament?id=14083,5,Indonesia Open 2024,Tanisha .. / Ashwini P..,20,1829,Jackie D.. / Crystal LAI,62,1679
5/6/2024,Round 1,MD,Hendra S.. / Mohamma.. Rank 16 Elo 1953 (+27),19-21 / 21-12 / 21-13,Supak JO.. / Kittinupon.. Rank 22 Elo 1958 (-28),45,https://badmintonranks.com/tournament?id=14083,5,Indonesia Open 2024,Hendra S.. / Mohamma..,16,1953,Supak JO.. / Kittinupon..,22,1958
5/6/2024,Round 1,WD,LIU Shen.. / TAN Ning (3) Rank 4 Elo 2276 (+6),21-13 / 21-12,Febriana .. / Amallia C.. Rank 15 Elo 1911 (-7),39,https://badmintonranks.com/tournament?id=14083,5,Indonesia Open 2024,LIU Shen.. / TAN Ning (3),4,2276,Febriana .. / Amallia C..,15,1911
5/6/2024,Round 1,WD,CHANG .. / YANG Chi.. Rank 33 Elo 1749 (+27),21-17 / 21-18,Polina B.. / Yevheniia .. Rank 68 Elo 1664 (-34),33,https://badmintonranks.com/tournament?id=14083,5,Indonesia Open 2024,CHANG .. / YANG Chi..,33,1749,Polina B.. / Yevheniia ..,68,1664
5/6/2024,Round 1,MS,LEONG Jun Hao Rank 32 Elo 2125 (+43),21-13 / 16-21 / 21-12,Jonatan CHRISTIE (3) Rank 3 Elo 2412 (-43),62,https://badmintonranks.com/tournament?id=14083,5,Indonesia Open 2024,LEONG Jun Hao,32,2125,Jonatan CHRISTIE (3),3,2412
5/6/2024,Round 1,MS,Rasmus GEMKE Rank 26 Elo 2142 (+32),21-12 / 21-10,Kodai NARAOKA (5) Rank 6 Elo 2242 (-33),54,https://badmintonranks.com/tournament?id=14083,5,Indonesia Open 2024,Rasmus GEMKE,26,2142,Kodai NARAOKA (5),6,2242
5/6/2024,Round 1,MD,Leo Rolly.. / Daniel MA.. Rank 14 Elo 1918 (+46),21-14 / 21-17,Fajar ALF.. / Muhamm.. (7) Rank 7 Elo 2196 (-42),37,https://badmintonranks.com/tournament?id=14083,5,Indonesia Open 2024,Leo Rolly.. / Daniel MA..,14,1918,Fajar ALF.. / Muhamm.. (7),7,2196
5/6/2024,Round 1,MD,Kim AST.. / Anders S.. (4) Rank 4 Elo 2198 (+7),21-15 / 21-19,LEE Fan.. / LEE Fang-.. Rank 23 Elo 1861 (-7),48,https://badmintonranks.com/tournament?id=14083,5,Indonesia Open 2024,Kim AST.. / Anders S.. (4),4,2198,LEE Fan.. / LEE Fang-..,23,1861
5/6/2024,Round 1,XD,JIANG Zh.. / WEI Ya X.. (5) Rank 5 Elo 2228 (+3),19-21 / 21-13 / 21-18,YAP Roy .. / Valeree SI.. Rank 52 Elo 1725 (-4),50,https://badmintonranks.com/tournament?id=14083,5,Indonesia Open 2024,JIANG Zh.. / WEI Ya X.. (5),5,2228,YAP Roy .. / Valeree SI..,52,1725
5/6/2024,Round 1,XD,YANG Po.. / HU Ling F.. Rank 24 Elo 1946 (+33),21-16 / 18-21 / 21-17,Rinov RI.. / Pitha Hani.. Rank 15 Elo 2024 (-32),56,https://badmintonranks.com/tournament?id=14083,5,Indonesia Open 2024,YANG Po.. / HU Ling F..,24,1946,Rinov RI.. / Pitha Hani..,15,2024
5/6/2024,Round 1,MS,LI Shi Feng (6) Rank 4 Elo 2274 (+8),21-18 / 21-12,Brian YANG Rank 25 Elo 1997 (-9),49,https://badmintonranks.com/tournament?id=14083,6,Indonesia Open 2024,LI Shi Feng (6),4,2274,Brian YANG,25,1997
5/6/2024,Round 1,XD,FENG Ya.. / HUANG .. (2) Rank 2 Elo 2372 (+3),21-16 / 18-21 / 21-16,GUO Xin .. / CHEN Fa.. Rank 79 Elo 1923 (-3),51,https://badmintonranks.com/tournament?id=14083,6,Indonesia Open 2024,FENG Ya.. / HUANG .. (2),2,2372,GUO Xin .. / CHEN Fa..,79,1923
5/6/2024,Round 1,WS,HSU Wen Chi Rank 26 Elo 1961 (+46),21-15 / 15-21 / 21-14,PUSARLA V. Sindhu Rank 12 Elo 2251 (-42),70,https://badmintonranks.com/tournament?id=14083,6,Indonesia Open 2024,HSU Wen Chi,26,1961,PUSARLA V. Sindhu,12,2251
5/6/2024,Round 1,MS,Toma Junior POPOV Rank 23 Elo 2073 (+20),21-15 / 12-21 / 29-27,WANG Tzu Wei Rank 22 Elo 1991 (-20),85,https://badmintonranks.com/tournament?id=14083,6,Indonesia Open 2024,Toma Junior POPOV,23,2073,WANG Tzu Wei,22,1991
5/6/2024,Round 1,MS,SHI Yu Qi (2) Rank 2 Elo 2560 (+2),21-16 / 21-13,LEI Lan Xi Rank 33 Elo 1988 (-2),38,https://badmintonranks.com/tournament?id=14083,6,Indonesia Open 2024,SHI Yu Qi (2),2,2560,LEI Lan Xi,33,1988
5/6/2024,Round 1,MD,Kenya MI.. / Hiroki OK.. Rank 24 Elo 1908 (+21),21-10 / 25-23,Koceila M.. / Youcef Sa.. Rank 62 Elo 1818 (-23),35,https://badmintonranks.com/tournament?id=14083,6,Indonesia Open 2024,Kenya MI.. / Hiroki OK..,24,1908,Koceila M.. / Youcef Sa..,62,1818
5/6/2024,Round 1,XD,Yuki KAN.. / Misaki MA.. Rank 28 Elo 1878 (+33),21-19 / 22-20,HEE Yon.. / TAN Wei .. Rank 17 Elo 1928 (-32),49,https://badmintonranks.com/tournament?id=14083,6,Indonesia Open 2024,Yuki KAN.. / Misaki MA..,28,1878,HEE Yon.. / TAN Wei ..,17,1928
5/6/2024,Round 1,WD,KIM So Y.. / KONG H.. (6) Rank 6 Elo 2123 (+2),21-12 / 21-9,Rutaparn.. / Swetaparn.. Rank 48 Elo 1585 (-5),36,https://badmintonranks.com/tournament?id=14083,6,Indonesia Open 2024,KIM So Y.. / KONG H.. (6),6,2123,Rutaparn.. / Swetaparn..,48,1585
5/6/2024,Round 1,MS,Christo POPOV Rank 24 Elo 2036 (+11),21-16 / 21-10,Julien CARRAGGI Rank 45 Elo 1808 (-13),39,https://badmintonranks.com/tournament?id=14083,6,Indonesia Open 2024,Christo POPOV,24,2036,Julien CARRAGGI,45,1808
5/6/2024,Round 1,WS,GAO Fang jie Rank 27 Elo 2096 (+3),21-14 / 21-8,THET Htar Thuzar Rank 43 Elo 1626 (-7),32,https://badmintonranks.com/tournament?id=14083,6,Indonesia Open 2024,GAO Fang jie,27,2096,THET Htar Thuzar,43,1626
5/6/2024,Round 1,WS,Carolina MARIN (3) Rank 3 Elo 2503 (+7),21-16 / 21-18,ZHANG Yi Man Rank 17 Elo 2198 (-7),46,https://badmintonranks.com/tournament?id=14083,6,Indonesia Open 2024,Carolina MARIN (3),3,2503,ZHANG Yi Man,17,2198
5/6/2024,Round 1,MS,LU Guang Zu Rank 15 Elo 2169 (+14),14-21 / 21-19 / 21-17,SU Li Yang Rank 30 Elo 2004 (-15),74,https://badmintonranks.com/tournament?id=14083,6,Indonesia Open 2024,LU Guang Zu,15,2169,SU Li Yang,30,2004
5/6/2024,Round 1,MD,HE Ji Ting / REN Xian.. Rank 8 Elo 2244 (+22),9-21 / 21-18 / 21-12,Takuro H.. / Yugo KO.. (6) Rank 6 Elo 2205 (-22),52,https://badmintonranks.com/tournament?id=14083,6,Indonesia Open 2024,HE Ji Ting / REN Xian..,8,2244,Takuro H.. / Yugo KO.. (6),6,2205
5/6/2024,Round 1,WD,YEUNG .. / YEUNG P.. Rank 21 Elo 1735 (+28),21-17 / 21-18,Vivian H.. / LIM Chiew.. Rank 39 Elo 1650 (-35),44,https://badmintonranks.com/tournament?id=14083,6,Indonesia Open 2024,YEUNG .. / YEUNG P..,21,1735,Vivian H.. / LIM Chiew..,39,1650
5/6/2024,Round 1,XD,ZHENG .. / HUANG .. (1) Rank 1 Elo 2513 (+2),21-23 / 21-15 / 21-13,Rehan N.. / Lisa Ayu K.. Rank 19 Elo 1948 (-2),59,https://badmintonranks.com/tournament?id=14083,6,Indonesia Open 2024,ZHENG .. / HUANG .. (1),1,2513,Rehan N.. / Lisa Ayu K..,19,1948
5/6/2024,Round 1,WD,Nami MA.. / Chiharu .. (4) Rank 3 Elo 2264 (+4),21-14 / 21-17,Francesc.. / Allison Qu.. Rank 37 Elo 1845 (-5),46,https://badmintonranks.com/tournament?id=14083,6,Indonesia Open 2024,Nami MA.. / Chiharu .. (4),3,2264,Francesc.. / Allison Qu..,37,1845
5/6/2024,Round 1,WS,HAN Yue (7) Rank 7 Elo 2288 (+14),21-18 / 16-21 / 21-19,ZHANG Beiwen Rank 10 Elo 2116 (-14),58,https://badmintonranks.com/tournament?id=14083,6,Indonesia Open 2024,HAN Yue (7),7,2288,ZHANG Beiwen,10,2116
5/6/2024,Round 1,WS,AN Se Young (1) Rank 1 Elo 2684 (+1),20-22 / 21-7 / 21-11,Tomoka MIYAZAKI Rank 24 Elo 2017 (-1),61,https://badmintonranks.com/tournament?id=14083,6,Indonesia Open 2024,AN Se Young (1),1,2684,Tomoka MIYAZAKI,24,2017
4/6/2024,Round 1,MS,Priyanshu RAJAWAT Rank 34 Elo 1972 (+37),21-17 / 21-12,PRANNOY H. S. Rank 10 Elo 2117 (-35),39,https://badmintonranks.com/tournament?id=14083,6,Indonesia Open 2024,Priyanshu RAJAWAT,34,1972,PRANNOY H. S.,10,2117
4/6/2024,Round 1,WD,Treesa J.. / GAYATRI .. Rank 25 Elo 2012 (+2),21-15 / 21-11,CHENG .. / SUN Yu H.. Rank 63 Elo 1430 (-6),29,https://badmintonranks.com/tournament?id=14083,6,Indonesia Open 2024,Treesa J.. / GAYATRI ..,25,2012,CHENG .. / SUN Yu H..,63,1430
4/6/2024,Round 1,MD,LEE Jhe-.. / YANG Po-.. Rank 12 Elo 2082 (+4),19-21 / 21-14 / 21-14,LOW Han.. / NG Eng C.. Rank 53 Elo 1660 (-8),45,https://badmintonranks.com/tournament?id=14083,7,Indonesia Open 2024,LEE Jhe-.. / YANG Po-..,12,2082,LOW Han.. / NG Eng C..,53,1660
4/6/2024,Round 1,MS,Kenta NISHIMOTO Rank 12 Elo 2190 (+29),17-21 / 21-11 / 21-8,Anthony Sinisuka GIN.. (7) Rank 9 Elo 2239 (-29),60,https://badmintonranks.com/tournament?id=14083,7,Indonesia Open 2024,Kenta NISHIMOTO,12,2190,Anthony Sinisuka GIN.. (7),9,2239
4/6/2024,Round 1,WD,Mayu MA.. / Wakana .. (7) Rank 7 Elo 2179 (+2),24-22 / 18-21 / 21-15,Julie FIN.. / Mai SURR.. Rank 55 Elo 1640 (-4),67,https://badmintonranks.com/tournament?id=14083,7,Indonesia Open 2024,Mayu MA.. / Wakana .. (7),7,2179,Julie FIN.. / Mai SURR..,55,1640
4/6/2024,Round 1,XD,TANG Ch.. / TSE Ying.. (7) Rank 7 Elo 2153 (+3),21-15 / 21-18,CHOON.. / GO Pei Ke.. Rank 48 Elo 1681 (-5),35,https://badmintonranks.com/tournament?id=14083,7,Indonesia Open 2024,TANG Ch.. / TSE Ying.. (7),7,2153,CHOON.. / GO Pei Ke..,48,1681
4/6/2024,Round 1,MD,Rasmus .. / Frederik S.. Rank 15 Elo 1892 (+30),21-18 / 23-21,CHEN Bo.. / LIU Yi Rank 21 Elo 1913 (-30),46,https://badmintonranks.com/tournament?id=14083,7,Indonesia Open 2024,Rasmus .. / Frederik S..,15,1892,CHEN Bo.. / LIU Yi,21,1913
4/6/2024,Round 1,MD,LU Ching.. / YANG Po .. Rank 25 Elo 1816 (+18),21-15 / 21-16,Bjarne G.. / Jan Colin .. Rank 54 Elo 1657 (-26),35,https://badmintonranks.com/tournament?id=14083,7,Indonesia Open 2024,LU Ching.. / YANG Po ..,25,1816,Bjarne G.. / Jan Colin ..,54,1657
4/6/2024,Round 1,MD,Aaron CH.. / SOH Wo.. (5) Rank 5 Elo 2162 (+3),21-14 / 21-11,Vinson C.. / Joshua Y.. Rank 42 Elo 1625 (-5),26,https://badmintonranks.com/tournament?id=14083,7,Indonesia Open 2024,Aaron CH.. / SOH Wo.. (5),5,2162,Vinson C.. / Joshua Y..,42,1625
4/6/2024,Round 1,WD,LI Yi jing / LUO Xu m.. Rank 22 Elo 1950 (+5),21-8 / 21-7,Ornnicha .. / Sukitta SU.. Rank 158 Elo 1545 (-12),28,https://badmintonranks.com/tournament?id=14083,7,Indonesia Open 2024,LI Yi jing / LUO Xu m..,22,1950,Ornnicha .. / Sukitta SU..,158,1545
4/6/2024,Round 1,MD,MAN Wei.. / TEE Kai .. Rank 20 Elo 1962 (+46),20-22 / 21-16 / 21-17,KANG Mi.. / SEO Seu.. (3) Rank 3 Elo 2257 (-42),59,https://badmintonranks.com/tournament?id=14083,7,Indonesia Open 2024,MAN Wei.. / TEE Kai ..,20,1962,KANG Mi.. / SEO Seu.. (3),3,2257
4/6/2024,Round 1,MS,Kantaphon WANGCHA.. Rank 51 Elo 1823 (+54),21-16 / 21-9,Chico Aura DWI WARD.. Rank 27 Elo 2141 (-44),37,https://badmintonranks.com/tournament?id=14083,7,Indonesia Open 2024,Kantaphon WANGCHA..,51,1823,Chico Aura DWI WARD..,27,2141
4/6/2024,Round 1,MS,Anders ANTONSEN (4) Rank 5 Elo 2331 (+9),21-14 / 21-10,LEE Cheuk Yiu Rank 16 Elo 2067 (-9),36,https://badmintonranks.com/tournament?id=14083,7,Indonesia Open 2024,Anders ANTONSEN (4),5,2331,LEE Cheuk Yiu,16,2067
4/6/2024,Round 1,MD,Sabar Ka.. / Moh Reza.. Rank 29 Elo 1917 (+19),24-26 / 24-22 / 26-24,Rahmat .. / Yeremia E.. Rank 101 Elo 1808 (-22),72,https://badmintonranks.com/tournament?id=14083,7,Indonesia Open 2024,Sabar Ka.. / Moh Reza..,29,1917,Rahmat .. / Yeremia E..,101,1808
4/6/2024,Round 1,WS,Gregoria Mariska TUNJ.. Rank 9 Elo 2358 (+4),21-14 / 21-17,Putri Kusuma WARDANI Rank 32 Elo 1909 (-4),36,https://badmintonranks.com/tournament?id=14083,7,Indonesia Open 2024,Gregoria Mariska TUNJ..,9,2358,Putri Kusuma WARDANI,32,1909
4/6/2024,Round 1,WS,Supanida KATETHONG Rank 15 Elo 2158 (+33),21-17 / 21-18,Pornpawee CHOCHUW.. Rank 18 Elo 2257 (-32),43,https://badmintonranks.com/tournament?id=14083,7,Indonesia Open 2024,Supanida KATETHONG,15,2158,Pornpawee CHOCHUW..,18,2257
4/6/2024,Round 1,WD,Apriyani .. / Siti Fadia.. (8) Rank 9 Elo 2107 (+22),21-17 / 16-21 / 21-14,Jongkolp.. / Rawinda .. Rank 10 Elo 2067 (-23),63,https://badmintonranks.com/tournament?id=14083,7,Indonesia Open 2024,Apriyani .. / Siti Fadia.. (8),9,2107,Jongkolp.. / Rawinda ..,10,2067
4/6/2024,Round 1,MS,Lakshya SEN Rank 14 Elo 2233 (+10),21-12 / 21-17,Kanta TSUNEYAMA Rank 29 Elo 2003 (-11),40,https://badmintonranks.com/tournament?id=14083,7,Indonesia Open 2024,Lakshya SEN,14,2233,Kanta TSUNEYAMA,29,2003
4/6/2024,Round 1,XD,Dechapol.. / Sapsiree .. (6) Rank 6 Elo 2152 (+10),21-15 / 18-21 / 23-21,Supak JO.. / Supissara .. Rank 22 Elo 1906 (-11),58,https://badmintonranks.com/tournament?id=14083,7,Indonesia Open 2024,Dechapol.. / Sapsiree .. (6),6,2152,Supak JO.. / Supissara ..,22,1906
4/6/2024,Round 1,WS,WANG Zhi Yi (6) Rank 6 Elo 2443 (+2),21-15 / 21-17,GOH Jin Wei Rank 33 Elo 1914 (-3),35,https://badmintonranks.com/tournament?id=14083,7,Indonesia Open 2024,WANG Zhi Yi (6),6,2443,GOH Jin Wei,33,1914
4/6/2024,Round 1,MS,Kunlavut VITIDSARN (8) Rank 8 Elo 2282 (+16),21-13 / 21-10,LOH Kean Yew Rank 13 Elo 2156 (-17),36,https://badmintonranks.com/tournament?id=14083,7,Indonesia Open 2024,Kunlavut VITIDSARN (8),8,2282,LOH Kean Yew,13,2156
4/6/2024,Round 1,WD,Margot L.. / Anne TRAN Rank 16 Elo 1998 (+30),21-19 / 21-18,LI Wen M.. / LIU Xuan .. Rank 17 Elo 2050 (-30),40,https://badmintonranks.com/tournament?id=14083,7,Indonesia Open 2024,Margot L.. / Anne TRAN,16,1998,LI Wen M.. / LIU Xuan ..,17,2050
4/6/2024,Round 1,MD,LEE Yang / WANG Ch.. Rank 10 Elo 2061 (+15),18-21 / 21-16 / 21-17,CHOON.. / Muhamma.. Rank 26 Elo 1891 (-16),55,https://badmintonranks.com/tournament?id=14083,8,Indonesia Open 2024,LEE Yang / WANG Ch..,10,2061,CHOON.. / Muhamma..,26,1891
4/6/2024,Round 1,MS,WENG Hong Yang Rank 19 Elo 2207 (+13),11-21 / 21-10 / 22-20,Kiran GEORGE Rank 36 Elo 2012 (-13),58,https://badmintonranks.com/tournament?id=14083,8,Indonesia Open 2024,WENG Hong Yang,19,2207,Kiran GEORGE,36,2012
4/6/2024,Round 1,WS,Ester Nurumi Tri WARD.. Rank 35 Elo 2006 (+40),21-17 / 21-16,Nozomi OKUHARA Rank 16 Elo 2203 (-39),43,https://badmintonranks.com/tournament?id=14083,8,Indonesia Open 2024,Ester Nurumi Tri WARD..,35,2006,Nozomi OKUHARA,16,2203
4/6/2024,Round 1,WS,Kirsty GILMOUR Rank 22 Elo 2034 (+22),21-10 / 21-18,NGUYEN Thuy Linh Rank 23 Elo 1971 (-22),35,https://badmintonranks.com/tournament?id=14083,8,Indonesia Open 2024,Kirsty GILMOUR,22,2034,NGUYEN Thuy Linh,23,1971
4/6/2024,Round 1,WS,Pornpicha CHOEIKEEW.. Rank 40 Elo 1747 (+61),19-21 / 21-9 / 23-21,Michelle LI Rank 36 Elo 2049 (-44),51,https://badmintonranks.com/tournament?id=14083,8,Indonesia Open 2024,Pornpicha CHOEIKEEW..,40,1747,Michelle LI,36,2049
4/6/2024,Round 1,MS,LEE Zii Jia Rank 7 Elo 2358 (+11),21-17 / 21-16,NG Ka Long Angus Rank 21 Elo 2141 (-11),40,https://badmintonranks.com/tournament?id=14083,8,Indonesia Open 2024,LEE Zii Jia,7,2358,NG Ka Long Angus,21,2141
4/6/2024,Round 1,XD,Dejan FE.. / Gloria Em.. Rank 18 Elo 2004 (+32),21-19 / 21-19,YE Hong .. / LEE Chia .. Rank 11 Elo 2074 (-31),40,https://badmintonranks.com/tournament?id=14083,8,Indonesia Open 2024,Dejan FE.. / Gloria Em..,18,2004,YE Hong .. / LEE Chia ..,11,2074
4/6/2024,Round 1,XD,Adnan M.. / Nita Violin.. Rank 46 Elo 1723 (+37),21-11 / 21-19,Jan Colin.. / Isabel LO.. Rank 200 Elo 1713 (-37),35,https://badmintonranks.com/tournament?id=14083,8,Indonesia Open 2024,Adnan M.. / Nita Violin..,46,1723,Jan Colin.. / Isabel LO..,200,1713
4/6/2024,Round 1,WD,Pearly TA.. / THINAAH .. Rank 13 Elo 1998 (+10),21-19 / 22-20,SUNG Sh.. / YU Chien .. Rank 42 Elo 1743 (-13),40,https://badmintonranks.com/tournament?id=14083,8,Indonesia Open 2024,Pearly TA.. / THINAAH ..,13,1998,SUNG Sh.. / YU Chien ..,42,1743
4/6/2024,Round 1,WS,HE Bing Jiao (8) Rank 8 Elo 2410 (+4),13-21 / 21-15 / 21-17,Line Højmark KJAERSF.. Rank 21 Elo 1962 (-4),59,https://badmintonranks.com/tournament?id=14083,8,Indonesia Open 2024,HE Bing Jiao (8),8,2410,Line Højmark KJAERSF..,21,1962
4/6/2024,Round 1,XD,REDDY .. / REDDY Si.. Rank 45 Elo 1741 (+36),18-21 / 21-16 / 21-17,Vinson C.. / Jennie GA.. Rank 31 Elo 1735 (-36),57,https://badmintonranks.com/tournament?id=14083,8,Indonesia Open 2024,REDDY .. / REDDY Si..,45,1741,Vinson C.. / Jennie GA..,31,1735
4/6/2024,Round 1,XD,LEE Chu.. / NG Tsz Ya.. Rank 23 Elo 1951 (+37),16-21 / 21-17 / 21-10,GOH Soo.. / LAI Shevo.. Rank 16 Elo 2088 (-35),43,https://badmintonranks.com/tournament?id=14083,8,Indonesia Open 2024,LEE Chu.. / NG Tsz Ya..,23,1951,GOH Soo.. / LAI Shevo..,16,2088
4/6/2024,Round 1,XD,SEO Seu.. / CHAE Yu.. (4) Rank 3 Elo 2318 (+12),21-13 / 21-15,CHEN Ta.. / TOH Ee W.. Rank 9 Elo 2111 (-12),32,https://badmintonranks.com/tournament?id=14083,8,Indonesia Open 2024,SEO Seu.. / CHAE Yu.. (4),3,2318,CHEN Ta.. / TOH Ee W..,9,2111
18/6/2023,Final,MS,Viktor AXELSEN (1) Rank 1 Elo 2567 (+18),21-14 / 21-13,Anthony Sinisuka GIN.. (2) Rank 2 Elo 2440 (-18),47,https://badmintonranks.com/tournament?id=13710,1,Indonesia Open 2023,Viktor AXELSEN (1),1,2567,Anthony Sinisuka GIN.. (2),2,2440
18/6/2023,Final,MD,Satwiksai.. / Chirag S.. (7) Rank 6 Elo 2182 (+29),21-17 / 21-18,Aaron CH.. / SOH Wo.. (2) Rank 3 Elo 2193 (-29),43,https://badmintonranks.com/tournament?id=13710,1,Indonesia Open 2023,Satwiksai.. / Chirag S.. (7),6,2182,Aaron CH.. / SOH Wo.. (2),3,2193
18/6/2023,Final,WD,BAEK Ha.. / LEE So H.. (5) Rank 2 Elo 2327 (+14),22-20 / 21-10,Yuki FUK.. / Sayaka H.. (7) Rank 9 Elo 2154 (-15),68,https://badmintonranks.com/tournament?id=13710,1,Indonesia Open 2023,BAEK Ha.. / LEE So H.. (5),2,2327,Yuki FUK.. / Sayaka H.. (7),9,2154
18/6/2023,Final,WS,CHEN Yu Fei (4) Rank 4 Elo 2556 (+18),21-18 / 21-19,Carolina MARIN (6) Rank 6 Elo 2430 (-18),64,https://badmintonranks.com/tournament?id=13710,1,Indonesia Open 2023,CHEN Yu Fei (4),4,2556,Carolina MARIN (6),6,2430
18/6/2023,Final,XD,ZHENG .. / HUANG .. (1) Rank 1 Elo 2448 (+15),21-14 / 21-11,Yuta WAT.. / Arisa IGA.. (2) Rank 3 Elo 2281 (-15),35,https://badmintonranks.com/tournament?id=13710,1,Indonesia Open 2023,ZHENG .. / HUANG .. (1),1,2448,Yuta WAT.. / Arisa IGA.. (2),3,2281
17/6/2023,Semi final,MS,Anthony Sinisuka GIN.. (2) Rank 2 Elo 2421 (+19),21-17 / 21-15,LI Shi Feng Rank 10 Elo 2313 (-19),51,https://badmintonranks.com/tournament?id=13710,1,Indonesia Open 2023,Anthony Sinisuka GIN.. (2),2,2421,LI Shi Feng,10,2313
17/6/2023,Semi final,MD,Aaron CH.. / SOH Wo.. (2) Rank 3 Elo 2175 (+18),12-21 / 23-21 / 21-13,Pramudy.. / Yeremia E.. Rank 25 Elo 2048 (-18),57,https://badmintonranks.com/tournament?id=13710,1,Indonesia Open 2023,Aaron CH.. / SOH Wo.. (2),3,2175,Pramudy.. / Yeremia E..,25,2048
17/6/2023,Semi final,WD,Yuki FUK.. / Sayaka H.. (7) Rank 9 Elo 2124 (+30),21-16 / 12-21 / 21-13,Mayu MA.. / Wakana N.. Rank 10 Elo 2160 (-30),80,https://badmintonranks.com/tournament?id=13710,1,Indonesia Open 2023,Yuki FUK.. / Sayaka H.. (7),9,2124,Mayu MA.. / Wakana N..,10,2160
17/6/2023,Semi final,MS,Viktor AXELSEN (1) Rank 1 Elo 2558 (+9),21-15 / 21-15,PRANNOY H. S. (7) Rank 9 Elo 2289 (-9),46,https://badmintonranks.com/tournament?id=13710,1,Indonesia Open 2023,Viktor AXELSEN (1),1,2558,PRANNOY H. S. (7),9,2289
17/6/2023,Semi final,MD,Satwiksai.. / Chirag S.. (7) Rank 6 Elo 2153 (+29),17-21 / 21-19 / 21-18,KANG Mi.. / SEO Seun.. Rank 12 Elo 2177 (-29),67,https://badmintonranks.com/tournament?id=13710,1,Indonesia Open 2023,Satwiksai.. / Chirag S.. (7),6,2153,KANG Mi.. / SEO Seun..,12,2177
17/6/2023,Semi final,WD,BAEK Ha.. / LEE So H.. (5) Rank 2 Elo 2316 (+11),21-13 / 21-10,JEONG .. / KIM Hye .. (6) Rank 7 Elo 2069 (-10),52,https://badmintonranks.com/tournament?id=13710,1,Indonesia Open 2023,BAEK Ha.. / LEE So H.. (5),2,2316,JEONG .. / KIM Hye .. (6),7,2069
17/6/2023,Semi final,WS,Carolina MARIN (6) Rank 6 Elo 2413 (+17),21-12 / 21-11,Ratchanok INTANON (8) Rank 8 Elo 2270 (-16),43,https://badmintonranks.com/tournament?id=13710,1,Indonesia Open 2023,Carolina MARIN (6),6,2413,Ratchanok INTANON (8),8,2270
17/6/2023,Semi final,XD,Yuta WAT.. / Arisa IGA.. (2) Rank 3 Elo 2271 (+10),22-20 / 11-21 / 21-16,TANG Ch.. / TSE Ying .. Rank 21 Elo 2014 (-10),60,https://badmintonranks.com/tournament?id=13710,1,Indonesia Open 2023,Yuta WAT.. / Arisa IGA.. (2),3,2271,TANG Ch.. / TSE Ying ..,21,2014
17/6/2023,Semi final,WS,CHEN Yu Fei (4) Rank 4 Elo 2516 (+40),21-8 / 21-17,AN Se Young (2) Rank 2 Elo 2705 (-40),46,https://badmintonranks.com/tournament?id=13710,1,Indonesia Open 2023,CHEN Yu Fei (4),4,2516,AN Se Young (2),2,2705
17/6/2023,Semi final,XD,ZHENG .. / HUANG .. (1) Rank 1 Elo 2438 (+10),21-19 / 21-10,FENG Ya.. / HUANG .. (6) Rank 5 Elo 2169 (-9),42,https://badmintonranks.com/tournament?id=13710,1,Indonesia Open 2023,ZHENG .. / HUANG .. (1),1,2438,FENG Ya.. / HUANG .. (6),5,2169
16/6/2023,Quarter final,MD,Pramudy.. / Yeremia E.. Rank 25 Elo 2005 (+43),16-21 / 21-17 / 21-19,LIANG W.. / WANG C.. (6) Rank 2 Elo 2231 (-41),60,https://badmintonranks.com/tournament?id=13710,1,Indonesia Open 2023,Pramudy.. / Yeremia E..,25,2005,LIANG W.. / WANG C.. (6),2,2231
16/6/2023,Quarter final,MD,KANG Mi.. / SEO Seun.. Rank 12 Elo 2158 (+19),21-14 / 21-10,Leo Rolly.. / Daniel MA.. Rank 10 Elo 2062 (-20),31,https://badmintonranks.com/tournament?id=13710,1,Indonesia Open 2023,KANG Mi.. / SEO Seun..,12,2158,Leo Rolly.. / Daniel MA..,10,2062
16/6/2023,Quarter final,MD,Aaron CH.. / SOH Wo.. (2) Rank 3 Elo 2159 (+16),21-10 / 21-15,Akira KO.. / Taichi SAI.. Rank 24 Elo 2022 (-17),41,https://badmintonranks.com/tournament?id=13710,1,Indonesia Open 2023,Aaron CH.. / SOH Wo.. (2),3,2159,Akira KO.. / Taichi SAI..,24,2022
16/6/2023,Quarter final,MS,Anthony Sinisuka GIN.. (2) Rank 2 Elo 2405 (+16),21-19 / 21-16,Jonatan CHRISTIE (6) Rank 7 Elo 2263 (-17),51,https://badmintonranks.com/tournament?id=13710,1,Indonesia Open 2023,Anthony Sinisuka GIN.. (2),2,2405,Jonatan CHRISTIE (6),7,2263
16/6/2023,Quarter final,MS,Viktor AXELSEN (1) Rank 1 Elo 2552 (+6),21-5 / 21-19,CHOU Tien Chen (5) Rank 8 Elo 2188 (-6),39,https://badmintonranks.com/tournament?id=13710,1,Indonesia Open 2023,Viktor AXELSEN (1),1,2552,CHOU Tien Chen (5),8,2188
16/6/2023,Quarter final,WD,BAEK Ha.. / LEE So H.. (5) Rank 2 Elo 2282 (+34),21-18 / 21-12,CHEN Qi.. / JIA Yi Fan (1) Rank 1 Elo 2392 (-34),54,https://badmintonranks.com/tournament?id=13710,2,Indonesia Open 2023,BAEK Ha.. / LEE So H.. (5),2,2282,CHEN Qi.. / JIA Yi Fan (1),1,2392
16/6/2023,Quarter final,WD,Yuki FUK.. / Sayaka H.. (7) Rank 9 Elo 2101 (+23),21-13 / 21-13,Apriyani .. / Siti Fadia.. (4) Rank 6 Elo 2055 (-24),61,https://badmintonranks.com/tournament?id=13710,2,Indonesia Open 2023,Yuki FUK.. / Sayaka H.. (7),9,2101,Apriyani .. / Siti Fadia.. (4),6,2055
16/6/2023,Quarter final,WD,Mayu MA.. / Wakana N.. Rank 10 Elo 2143 (+17),21-16 / 21-12,Rena MI.. / Ayako SA.. Rank 17 Elo 2016 (-18),35,https://badmintonranks.com/tournament?id=13710,2,Indonesia Open 2023,Mayu MA.. / Wakana N..,10,2143,Rena MI.. / Ayako SA..,17,2016
16/6/2023,Quarter final,MS,PRANNOY H. S. (7) Rank 9 Elo 2261 (+28),21-18 / 21-16,Kodai NARAOKA (3) Rank 4 Elo 2291 (-29),55,https://badmintonranks.com/tournament?id=13710,2,Indonesia Open 2023,PRANNOY H. S. (7),9,2261,Kodai NARAOKA (3),4,2291
16/6/2023,Quarter final,MD,Satwiksai.. / Chirag S.. (7) Rank 6 Elo 2123 (+30),21-13 / 21-13,Fajar ALF.. / Muhamm.. (1) Rank 1 Elo 2164 (-30),41,https://badmintonranks.com/tournament?id=13710,2,Indonesia Open 2023,Satwiksai.. / Chirag S.. (7),6,2123,Fajar ALF.. / Muhamm.. (1),1,2164
16/6/2023,Quarter final,XD,ZHENG .. / HUANG .. (1) Rank 1 Elo 2436 (+2),21-14 / 21-10,Mathias T.. / Amalie M.. Rank 27 Elo 1897 (-3),31,https://badmintonranks.com/tournament?id=13710,2,Indonesia Open 2023,ZHENG .. / HUANG .. (1),1,2436,Mathias T.. / Amalie M..,27,1897
16/6/2023,Quarter final,WD,JEONG .. / KIM Hye .. (6) Rank 7 Elo 2037 (+32),21-19 / 12-21 / 21-18,ZHANG .. / ZHENG .. (3) Rank 3 Elo 2107 (-32),97,https://badmintonranks.com/tournament?id=13710,2,Indonesia Open 2023,JEONG .. / KIM Hye .. (6),7,2037,ZHANG .. / ZHENG .. (3),3,2107
16/6/2023,Quarter final,MS,LI Shi Feng Rank 10 Elo 2298 (+15),21-14 / 14-21 / 21-12,KIDAMBI Srikanth Rank 22 Elo 2139 (-16),69,https://badmintonranks.com/tournament?id=13710,2,Indonesia Open 2023,LI Shi Feng,10,2298,KIDAMBI Srikanth,22,2139
16/6/2023,Quarter final,WS,AN Se Young (2) Rank 2 Elo 2696 (+9),21-18 / 19-21 / 21-11,HE Bing Jiao (5) Rank 5 Elo 2419 (-9),82,https://badmintonranks.com/tournament?id=13710,2,Indonesia Open 2023,AN Se Young (2),2,2696,HE Bing Jiao (5),5,2419
16/6/2023,Quarter final,WS,CHEN Yu Fei (4) Rank 4 Elo 2511 (+5),21-11 / 21-19,KIM Ga Eun Rank 27 Elo 2123 (-5),47,https://badmintonranks.com/tournament?id=13710,2,Indonesia Open 2023,CHEN Yu Fei (4),4,2511,KIM Ga Eun,27,2123
16/6/2023,Quarter final,XD,FENG Ya.. / HUANG .. (6) Rank 5 Elo 2138 (+31),13-21 / 21-13 / 21-12,Dechapol.. / Sapsiree .. (3) Rank 2 Elo 2192 (-30),71,https://badmintonranks.com/tournament?id=13710,2,Indonesia Open 2023,FENG Ya.. / HUANG .. (6),5,2138,Dechapol.. / Sapsiree .. (3),2,2192
16/6/2023,Quarter final,XD,Yuta WAT.. / Arisa IGA.. (2) Rank 3 Elo 2259 (+12),21-11 / 21-18,Rinov RI.. / Pitha Hani.. Rank 15 Elo 2052 (-13),45,https://badmintonranks.com/tournament?id=13710,2,Indonesia Open 2023,Yuta WAT.. / Arisa IGA.. (2),3,2259,Rinov RI.. / Pitha Hani..,15,2052
16/6/2023,Quarter final,WS,Carolina MARIN (6) Rank 6 Elo 2373 (+40),21-18 / 21-13,TAI Tzu Ying (3) Rank 3 Elo 2576 (-40),44,https://badmintonranks.com/tournament?id=13710,2,Indonesia Open 2023,Carolina MARIN (6),6,2373,TAI Tzu Ying (3),3,2576
16/6/2023,Quarter final,WS,Ratchanok INTANON (8) Rank 8 Elo 2224 (+46),18-21 / 25-23 / 21-16,Akane YAMAGUCHI (1) Rank 1 Elo 2579 (-47),73,https://badmintonranks.com/tournament?id=13710,2,Indonesia Open 2023,Ratchanok INTANON (8),8,2224,Akane YAMAGUCHI (1),1,2579
16/6/2023,Quarter final,XD,TANG Ch.. / TSE Ying .. Rank 21 Elo 1982 (+32),21-15 / 23-25 / 21-18,Robin TA.. / Selena PI.. Rank 13 Elo 2029 (-31),69,https://badmintonranks.com/tournament?id=13710,2,Indonesia Open 2023,TANG Ch.. / TSE Ying ..,21,1982,Robin TA.. / Selena PI..,13,2029
15/6/2023,Round 2,MD,Pramudy.. / Yeremia E.. Rank 25 Elo 1970 (+35),18-21 / 21-19 / 23-21,Hendra S.. / Mohamm.. (4) Rank 7 Elo 2079 (-33),54,https://badmintonranks.com/tournament?id=13710,2,Indonesia Open 2023,Pramudy.. / Yeremia E..,25,1970,Hendra S.. / Mohamm.. (4),7,2079
15/6/2023,Round 2,MD,LIANG W.. / WANG C.. (6) Rank 2 Elo 2228 (+3),21-9 / 21-16,Keiichiro .. / Yoshinori .. Rank 36 Elo 1755 (-4),31,https://badmintonranks.com/tournament?id=13710,2,Indonesia Open 2023,LIANG W.. / WANG C.. (6),2,2228,Keiichiro .. / Yoshinori ..,36,1755
15/6/2023,Round 2,WS,AN Se Young (2) Rank 2 Elo 2695 (+1),21-11 / 21-9,Kirsty GILMOUR Rank 33 Elo 1962 (-1),32,https://badmintonranks.com/tournament?id=13710,2,Indonesia Open 2023,AN Se Young (2),2,2695,Kirsty GILMOUR,33,1962
15/6/2023,Round 2,WS,HE Bing Jiao (5) Rank 5 Elo 2417 (+2),21-16 / 21-14,Yvonne LI Rank 26 Elo 1869 (-2),39,https://badmintonranks.com/tournament?id=13710,2,Indonesia Open 2023,HE Bing Jiao (5),5,2417,Yvonne LI,26,1869
15/6/2023,Round 2,WS,CHEN Yu Fei (4) Rank 4 Elo 2509 (+2),21-13 / 21-19,Saena KAWAKAMI Rank 24 Elo 1966 (-2),43,https://badmintonranks.com/tournament?id=13710,2,Indonesia Open 2023,CHEN Yu Fei (4),4,2509,Saena KAWAKAMI,24,1966
15/6/2023,Round 2,WD,Yuki FUK.. / Sayaka H.. (7) Rank 9 Elo 2094 (+7),15-21 / 21-17 / 21-8,LEE Chia.. / TENG Ch.. Rank 24 Elo 1781 (-9),70,https://badmintonranks.com/tournament?id=13710,3,Indonesia Open 2023,Yuki FUK.. / Sayaka H.. (7),9,2094,LEE Chia.. / TENG Ch..,24,1781
15/6/2023,Round 2,WD,JEONG .. / KIM Hye .. (6) Rank 7 Elo 2025 (+12),23-21 / 21-11,YEUNG .. / YEUNG P.. Rank 28 Elo 1810 (-14),51,https://badmintonranks.com/tournament?id=13710,3,Indonesia Open 2023,JEONG .. / KIM Hye .. (6),7,2025,YEUNG .. / YEUNG P..,28,1810
15/6/2023,Round 2,MS,CHOU Tien Chen (5) Rank 8 Elo 2170 (+18),21-16 / 21-8,Brian YANG Rank 26 Elo 2058 (-18),38,https://badmintonranks.com/tournament?id=13710,3,Indonesia Open 2023,CHOU Tien Chen (5),8,2170,Brian YANG,26,2058
15/6/2023,Round 2,MD,KANG Mi.. / SEO Seun.. Rank 12 Elo 2129 (+29),21-18 / 21-14,Takuro H.. / Yugo KO.. (3) Rank 4 Elo 2173 (-28),42,https://badmintonranks.com/tournament?id=13710,3,Indonesia Open 2023,KANG Mi.. / SEO Seun..,12,2129,Takuro H.. / Yugo KO.. (3),4,2173
15/6/2023,Round 2,WD,Apriyani .. / Siti Fadia.. (4) Rank 6 Elo 2048 (+7),21-13 / 21-10,Catherine.. / Josephine.. Rank 31 Elo 1718 (-10),32,https://badmintonranks.com/tournament?id=13710,3,Indonesia Open 2023,Apriyani .. / Siti Fadia.. (4),6,2048,Catherine.. / Josephine..,31,1718
15/6/2023,Round 2,WD,ZHANG .. / ZHENG .. (3) Rank 3 Elo 2101 (+6),21-18 / 21-8,Meilysa T.. / Rachel All.. Rank 42 Elo 1744 (-9),41,https://badmintonranks.com/tournament?id=13710,3,Indonesia Open 2023,ZHANG .. / ZHENG .. (3),3,2101,Meilysa T.. / Rachel All..,42,1744
15/6/2023,Round 2,MS,Anthony Sinisuka GIN.. (2) Rank 2 Elo 2401 (+4),20-22 / 21-15 / 21-15,Priyanshu RAJAWAT Rank 34 Elo 1941 (-3),63,https://badmintonranks.com/tournament?id=13710,3,Indonesia Open 2023,Anthony Sinisuka GIN.. (2),2,2401,Priyanshu RAJAWAT,34,1941
15/6/2023,Round 2,MD,Fajar ALF.. / Muhamm.. (1) Rank 1 Elo 2151 (+13),21-14 / 21-17,REN Xian.. / TAN Qiang Rank 19 Elo 1969 (-14),40,https://badmintonranks.com/tournament?id=13710,3,Indonesia Open 2023,Fajar ALF.. / Muhamm.. (1),1,2151,REN Xian.. / TAN Qiang,19,1969
15/6/2023,Round 2,WS,KIM Ga Eun Rank 27 Elo 2086 (+37),21-19 / 22-20,WANG Zhi Yi (7) Rank 7 Elo 2236 (-35),47,https://badmintonranks.com/tournament?id=13710,3,Indonesia Open 2023,KIM Ga Eun,27,2086,WANG Zhi Yi (7),7,2236
15/6/2023,Round 2,MD,Leo Rolly.. / Daniel MA.. Rank 10 Elo 2030 (+32),22-20 / 21-17,ONG Yew.. / TEO Ee .. (8) Rank 8 Elo 2105 (-31),42,https://badmintonranks.com/tournament?id=13710,3,Indonesia Open 2023,Leo Rolly.. / Daniel MA..,10,2030,ONG Yew.. / TEO Ee .. (8),8,2105
15/6/2023,Round 2,MS,Jonatan CHRISTIE (6) Rank 7 Elo 2250 (+13),19-21 / 21-11 / 21-11,Toma Junior POPOV Rank 27 Elo 2049 (-13),64,https://badmintonranks.com/tournament?id=13710,3,Indonesia Open 2023,Jonatan CHRISTIE (6),7,2250,Toma Junior POPOV,27,2049
15/6/2023,Round 2,XD,FENG Ya.. / HUANG .. (6) Rank 5 Elo 2110 (+28),21-9 / 21-19,Mathias .. / Alexandra .. Rank 9 Elo 2148 (-29),42,https://badmintonranks.com/tournament?id=13710,3,Indonesia Open 2023,FENG Ya.. / HUANG .. (6),5,2110,Mathias .. / Alexandra ..,9,2148
15/6/2023,Round 2,MS,Viktor AXELSEN (1) Rank 1 Elo 2550 (+2),21-8 / 21-13,WANG Tzu Wei Rank 28 Elo 1983 (-2),43,https://badmintonranks.com/tournament?id=13710,3,Indonesia Open 2023,Viktor AXELSEN (1),1,2550,WANG Tzu Wei,28,1983
15/6/2023,Round 2,MD,Satwiksai.. / Chirag S.. (7) Rank 6 Elo 2106 (+17),21-17 / 21-15,HE Ji Ting / ZHOU Ha.. Rank 14 Elo 1983 (-18),46,https://badmintonranks.com/tournament?id=13710,3,Indonesia Open 2023,Satwiksai.. / Chirag S.. (7),6,2106,HE Ji Ting / ZHOU Ha..,14,1983
15/6/2023,Round 2,MD,Akira KO.. / Taichi SAI.. Rank 24 Elo 1988 (+34),18-21 / 24-22 / 21-16,LIU Yu C.. / OU Xuan .. (5) Rank 5 Elo 2090 (-34),71,https://badmintonranks.com/tournament?id=13710,3,Indonesia Open 2023,Akira KO.. / Taichi SAI..,24,1988,LIU Yu C.. / OU Xuan .. (5),5,2090
15/6/2023,Round 2,WD,BAEK Ha.. / LEE So H.. (5) Rank 2 Elo 2273 (+9),21-15 / 17-21 / 21-10,Rin IWAN.. / Kie NAKA.. Rank 18 Elo 1991 (-9),85,https://badmintonranks.com/tournament?id=13710,3,Indonesia Open 2023,BAEK Ha.. / LEE So H.. (5),2,2273,Rin IWAN.. / Kie NAKA..,18,1991
15/6/2023,Round 2,WD,CHEN Qi.. / JIA Yi Fan (1) Rank 1 Elo 2390 (+2),21-11 / 21-12,Febriana .. / Amallia C.. Rank 13 Elo 1858 (-3),39,https://badmintonranks.com/tournament?id=13710,3,Indonesia Open 2023,CHEN Qi.. / JIA Yi Fan (1),1,2390,Febriana .. / Amallia C..,13,1858
15/6/2023,Round 2,MS,PRANNOY H. S. (7) Rank 9 Elo 2237 (+24),21-18 / 21-16,NG Ka Long Angus Rank 16 Elo 2216 (-24),43,https://badmintonranks.com/tournament?id=13710,3,Indonesia Open 2023,PRANNOY H. S. (7),9,2237,NG Ka Long Angus,16,2216
15/6/2023,Round 2,WD,Rena MI.. / Ayako SA.. Rank 17 Elo 1990 (+26),13-21 / 21-16 / 21-18,Jongkolp.. / Rawinda .. Rank 8 Elo 1984 (-26),69,https://badmintonranks.com/tournament?id=13710,3,Indonesia Open 2023,Rena MI.. / Ayako SA..,17,1990,Jongkolp.. / Rawinda ..,8,1984
15/6/2023,Round 2,WS,Akane YAMAGUCHI (1) Rank 1 Elo 2578 (+1),21-15 / 21-11,Putri Kusuma WARDANI Rank 39 Elo 1932 (-1),36,https://badmintonranks.com/tournament?id=13710,3,Indonesia Open 2023,Akane YAMAGUCHI (1),1,2578,Putri Kusuma WARDANI,39,1932
15/6/2023,Round 2,MS,Kodai NARAOKA (3) Rank 4 Elo 2263 (+28),17-21 / 21-12 / 21-18,SHI Yu Qi Rank 6 Elo 2297 (-28),80,https://badmintonranks.com/tournament?id=13710,4,Indonesia Open 2023,Kodai NARAOKA (3),4,2263,SHI Yu Qi,6,2297
15/6/2023,Round 2,XD,Dechapol.. / Sapsiree .. (3) Rank 2 Elo 2174 (+18),21-17 / 21-19,JIANG Zh.. / WEI Ya Xin Rank 10 Elo 2075 (-18),40,https://badmintonranks.com/tournament?id=13710,4,Indonesia Open 2023,Dechapol.. / Sapsiree .. (3),2,2174,JIANG Zh.. / WEI Ya Xin,10,2075
15/6/2023,Round 2,MD,Aaron CH.. / SOH Wo.. (2) Rank 3 Elo 2138 (+21),21-19 / 21-16,CHOI Sol.. / KIM Won .. Rank 9 Elo 2067 (-21),38,https://badmintonranks.com/tournament?id=13710,4,Indonesia Open 2023,Aaron CH.. / SOH Wo.. (2),3,2138,CHOI Sol.. / KIM Won ..,9,2067
15/6/2023,Round 2,WS,TAI Tzu Ying (3) Rank 3 Elo 2571 (+5),21-18 / 21-16,PUSARLA V. Sindhu Rank 14 Elo 2204 (-6),39,https://badmintonranks.com/tournament?id=13710,4,Indonesia Open 2023,TAI Tzu Ying (3),3,2571,PUSARLA V. Sindhu,14,2204
15/6/2023,Round 2,XD,Robin TA.. / Selena PI.. Rank 13 Elo 1991 (+38),21-17 / 21-17,SEO Seu.. / CHAE Yu.. (4) Rank 4 Elo 2137 (-36),42,https://badmintonranks.com/tournament?id=13710,4,Indonesia Open 2023,Robin TA.. / Selena PI..,13,1991,SEO Seu.. / CHAE Yu.. (4),4,2137
15/6/2023,Round 2,XD,Rinov RI.. / Pitha Hani.. Rank 15 Elo 2040 (+12),21-17 / 21-16,TAN Kian.. / LAI Pei Jin.. Rank 18 Elo 1823 (-14),47,https://badmintonranks.com/tournament?id=13710,4,Indonesia Open 2023,Rinov RI.. / Pitha Hani..,15,2040,TAN Kian.. / LAI Pei Jin..,18,1823
15/6/2023,Round 2,XD,Yuta WAT.. / Arisa IGA.. (2) Rank 3 Elo 2252 (+7),16-21 / 21-13 / 21-13,LEE Chu.. / NG Tsz Ya.. Rank 23 Elo 1915 (-7),62,https://badmintonranks.com/tournament?id=13710,4,Indonesia Open 2023,Yuta WAT.. / Arisa IGA.. (2),3,2252,LEE Chu.. / NG Tsz Ya..,23,1915
15/6/2023,Round 2,MS,KIDAMBI Srikanth Rank 22 Elo 2108 (+31),21-17 / 22-20,Lakshya SEN Rank 20 Elo 2169 (-30),45,https://badmintonranks.com/tournament?id=13710,4,Indonesia Open 2023,KIDAMBI Srikanth,22,2108,Lakshya SEN,20,2169
15/6/2023,Round 2,WD,Mayu MA.. / Wakana N.. Rank 10 Elo 2121 (+22),9-21 / 21-9 / 21-12,Benyapa .. / Nuntakarn.. Rank 11 Elo 2068 (-22),49,https://badmintonranks.com/tournament?id=13710,4,Indonesia Open 2023,Mayu MA.. / Wakana N..,10,2121,Benyapa .. / Nuntakarn..,11,2068
15/6/2023,Round 2,WS,Ratchanok INTANON (8) Rank 8 Elo 2192 (+32),21-13 / 21-17,Pornpawee CHOCHUW.. Rank 11 Elo 2276 (-31),42,https://badmintonranks.com/tournament?id=13710,4,Indonesia Open 2023,Ratchanok INTANON (8),8,2192,Pornpawee CHOCHUW..,11,2276
15/6/2023,Round 2,XD,TANG Ch.. / TSE Ying .. Rank 21 Elo 1952 (+30),21-17 / 21-14,Praveen .. / Melati Dae.. Rank 28 Elo 1991 (-30),35,https://badmintonranks.com/tournament?id=13710,4,Indonesia Open 2023,TANG Ch.. / TSE Ying ..,21,1952,Praveen .. / Melati Dae..,28,1991
15/6/2023,Round 2,WS,Carolina MARIN (6) Rank 6 Elo 2367 (+6),26-24 / 23-21,YEO Jia Min Rank 28 Elo 2025 (-6),60,https://badmintonranks.com/tournament?id=13710,4,Indonesia Open 2023,Carolina MARIN (6),6,2367,YEO Jia Min,28,2025
15/6/2023,Round 2,XD,Mathias T.. / Amalie M.. Rank 27 Elo 1858 (+39),21-14 / 21-16,Rehan N.. / Lisa Ayu K.. Rank 12 Elo 1966 (-35),39,https://badmintonranks.com/tournament?id=13710,4,Indonesia Open 2023,Mathias T.. / Amalie M..,27,1858,Rehan N.. / Lisa Ayu K..,12,1966
15/6/2023,Round 2,XD,ZHENG .. / HUANG .. (1) Rank 1 Elo 2434 (+2),21-14 / 21-17,Hiroki MI.. / Natsu SAI.. Rank 24 Elo 1877 (-3),32,https://badmintonranks.com/tournament?id=13710,4,Indonesia Open 2023,ZHENG .. / HUANG .. (1),1,2434,Hiroki MI.. / Natsu SAI..,24,1877
15/6/2023,Round 2,MS,LI Shi Feng Rank 10 Elo 2280 (+18),21-19 / 21-14,LOH Kean Yew (4) Rank 5 Elo 2176 (-18),44,https://badmintonranks.com/tournament?id=13710,4,Indonesia Open 2023,LI Shi Feng,10,2280,LOH Kean Yew (4),5,2176
14/6/2023,Round 1,WS,Yvonne LI Rank 26 Elo 1848 (+21),21-16 / 21-15,Clara AZURMENDI Rank 40 Elo 1738 (-25),36,https://badmintonranks.com/tournament?id=13710,4,Indonesia Open 2023,Yvonne LI,26,1848,Clara AZURMENDI,40,1738
14/6/2023,Round 1,WS,Saena KAWAKAMI Rank 24 Elo 1940 (+26),21-15 / 21-7,Aya OHORI Rank 21 Elo 1923 (-26),30,https://badmintonranks.com/tournament?id=13710,4,Indonesia Open 2023,Saena KAWAKAMI,24,1940,Aya OHORI,21,1923
14/6/2023,Round 1,MD,LIANG W.. / WANG C.. (6) Rank 2 Elo 2226 (+2),21-13 / 21-13,Kevin LEE / Ty Alexan.. Rank 46 Elo 1695 (-4),23,https://badmintonranks.com/tournament?id=13710,4,Indonesia Open 2023,LIANG W.. / WANG C.. (6),2,2226,Kevin LEE / Ty Alexan..,46,1695
14/6/2023,Round 1,WS,CHEN Yu Fei (4) Rank 4 Elo 2507 (+2),21-17 / 21-11,Natsuki NIDAIRA Rank 25 Elo 1968 (-2),40,https://badmintonranks.com/tournament?id=13710,4,Indonesia Open 2023,CHEN Yu Fei (4),4,2507,Natsuki NIDAIRA,25,1968
14/6/2023,Round 1,MS,Priyanshu RAJAWAT Rank 34 Elo 1941 (+0),W.O.,Kunlavut VITIDSARN Rank 3 Elo 2406 (-0),0,https://badmintonranks.com/tournament?id=13710,4,Indonesia Open 2023,Priyanshu RAJAWAT,34,1941,Kunlavut VITIDSARN,3,2406
14/6/2023,Round 1,WD,Yuki FUK.. / Sayaka H.. (7) Rank 9 Elo 2088 (+6),21-11 / 21-17,Chloe CO.. / Lauren S.. Rank 25 Elo 1739 (-8),37,https://badmintonranks.com/tournament?id=13710,5,Indonesia Open 2023,Yuki FUK.. / Sayaka H.. (7),9,2088,Chloe CO.. / Lauren S..,25,1739
14/6/2023,Round 1,WS,HE Bing Jiao (5) Rank 5 Elo 2414 (+3),21-23 / 21-10 / 21-13,PAI Yu Po Rank 23 Elo 1939 (-4),60,https://badmintonranks.com/tournament?id=13710,5,Indonesia Open 2023,HE Bing Jiao (5),5,2414,PAI Yu Po,23,1939
14/6/2023,Round 1,MD,Keiichiro .. / Yoshinori .. Rank 36 Elo 1688 (+67),19-21 / 21-15 / 21-19,MAN Wei.. / TEE Kai .. Rank 22 Elo 1933 (-44),66,https://badmintonranks.com/tournament?id=13710,5,Indonesia Open 2023,Keiichiro .. / Yoshinori ..,36,1688,MAN Wei.. / TEE Kai ..,22,1933
14/6/2023,Round 1,XD,Robin TA.. / Selena PI.. Rank 13 Elo 1961 (+30),22-24 / 21-12 / 21-19,Kyohei Y.. / Naru SHI.. Rank 17 Elo 2004 (-29),71,https://badmintonranks.com/tournament?id=13710,5,Indonesia Open 2023,Robin TA.. / Selena PI..,13,1961,Kyohei Y.. / Naru SHI..,17,2004
14/6/2023,Round 1,WD,LEE Chia.. / TENG Ch.. Rank 24 Elo 1767 (+14),21-14 / 21-19,Debora JI.. / Cheryl SEI.. Rank 32 Elo 1537 (-29),43,https://badmintonranks.com/tournament?id=13710,5,Indonesia Open 2023,LEE Chia.. / TENG Ch..,24,1767,Debora JI.. / Cheryl SEI..,32,1537
14/6/2023,Round 1,MD,CHOI Sol.. / KIM Won .. Rank 9 Elo 2063 (+4),21-18 / 11-4 Ret.,SU Ching.. / YE Hong .. Rank 27 Elo 1797 (-4),27,https://badmintonranks.com/tournament?id=13710,5,Indonesia Open 2023,CHOI Sol.. / KIM Won ..,9,2063,SU Ching.. / YE Hong ..,27,1797
14/6/2023,Round 1,MD,Takuro H.. / Yugo KO.. (3) Rank 4 Elo 2168 (+5),21-19 / 21-16,Alexande.. / Adam HA.. Rank 26 Elo 1807 (-7),37,https://badmintonranks.com/tournament?id=13710,5,Indonesia Open 2023,Takuro H.. / Yugo KO.. (3),4,2168,Alexande.. / Adam HA..,26,1807
14/6/2023,Round 1,WD,CHEN Qi.. / JIA Yi Fan (1) Rank 1 Elo 2386 (+4),21-17 / 21-16,LI Wen M.. / LIU Xuan .. Rank 15 Elo 1954 (-5),48,https://badmintonranks.com/tournament?id=13710,5,Indonesia Open 2023,CHEN Qi.. / JIA Yi Fan (1),1,2386,LI Wen M.. / LIU Xuan ..,15,1954
14/6/2023,Round 1,WD,BAEK Ha.. / LEE So H.. (5) Rank 2 Elo 2270 (+3),21-16 / 21-12,Rui HIRO.. / Yuna KATO Rank 19 Elo 1809 (-4),48,https://badmintonranks.com/tournament?id=13710,5,Indonesia Open 2023,BAEK Ha.. / LEE So H.. (5),2,2270,Rui HIRO.. / Yuna KATO,19,1809
14/6/2023,Round 1,MD,Pramudy.. / Yeremia E.. Rank 25 Elo 1942 (+28),21-15 / 13-21 / 21-14,Ben LANE / Sean VEN.. Rank 17 Elo 1944 (-27),56,https://badmintonranks.com/tournament?id=13710,5,Indonesia Open 2023,Pramudy.. / Yeremia E..,25,1942,Ben LANE / Sean VEN..,17,1944
14/6/2023,Round 1,XD,Mathias .. / Alexandra .. Rank 9 Elo 2141 (+7),21-17 / 20-22 / 21-9,YANG Po.. / HU Ling F.. Rank 30 Elo 1822 (-9),60,https://badmintonranks.com/tournament?id=13710,5,Indonesia Open 2023,Mathias .. / Alexandra ..,9,2141,YANG Po.. / HU Ling F..,30,1822
14/6/2023,Round 1,WD,Catherine.. / Josephine.. Rank 31 Elo 1691 (+27),21-17 / 21-12,Ridya Aul.. / Kelly LARI.. Rank 70 Elo 1566 (-40),30,https://badmintonranks.com/tournament?id=13710,5,Indonesia Open 2023,Catherine.. / Josephine..,31,1691,Ridya Aul.. / Kelly LARI..,70,1566
14/6/2023,Round 1,WD,Benyapa .. / Nuntakarn.. Rank 11 Elo 2064 (+4),21-11 / 21-15,Annie XU / Kerry XU Rank 36 Elo 1661 (-8),28,https://badmintonranks.com/tournament?id=13710,5,Indonesia Open 2023,Benyapa .. / Nuntakarn..,11,2064,Annie XU / Kerry XU,36,1661
14/6/2023,Round 1,MS,Anthony Sinisuka GIN.. (2) Rank 2 Elo 2398 (+3),21-8 / 21-10,Hans-Kristian Solberg VI.. Rank 39 Elo 1927 (-4),31,https://badmintonranks.com/tournament?id=13710,5,Indonesia Open 2023,Anthony Sinisuka GIN.. (2),2,2398,Hans-Kristian Solberg VI..,39,1927
14/6/2023,Round 1,XD,SEO Seu.. / CHAE Yu.. (4) Rank 4 Elo 2125 (+12),21-15 / 21-17,Dejan FE.. / Gloria Em.. Rank 14 Elo 1922 (-13),51,https://badmintonranks.com/tournament?id=13710,5,Indonesia Open 2023,SEO Seu.. / CHAE Yu.. (4),4,2125,Dejan FE.. / Gloria Em..,14,1922
14/6/2023,Round 1,MS,Toma Junior POPOV Rank 27 Elo 2016 (+33),21-18 / 21-15,LIN Chun-Yi Rank 24 Elo 2107 (-32),51,https://badmintonranks.com/tournament?id=13710,5,Indonesia Open 2023,Toma Junior POPOV,27,2016,LIN Chun-Yi,24,2107
14/6/2023,Round 1,MD,LIU Yu C.. / OU Xuan .. (5) Rank 5 Elo 2078 (+12),16-21 / 21-19 / 21-15,Kim AST.. / Anders Sk.. Rank 11 Elo 1866 (-13),67,https://badmintonranks.com/tournament?id=13710,5,Indonesia Open 2023,LIU Yu C.. / OU Xuan .. (5),5,2078,Kim AST.. / Anders Sk..,11,1866
14/6/2023,Round 1,WS,WANG Zhi Yi (7) Rank 7 Elo 2234 (+2),21-11 / 21-9,THET Htar Thuzar Rank 57 Elo 1730 (-4),28,https://badmintonranks.com/tournament?id=13710,5,Indonesia Open 2023,WANG Zhi Yi (7),7,2234,THET Htar Thuzar,57,1730
14/6/2023,Round 1,MD,Aaron CH.. / SOH Wo.. (2) Rank 3 Elo 2117 (+21),21-16 / 21-12,Muhamm.. / Bagas MA.. Rank 13 Elo 2059 (-22),33,https://badmintonranks.com/tournament?id=13710,5,Indonesia Open 2023,Aaron CH.. / SOH Wo.. (2),3,2117,Muhamm.. / Bagas MA..,13,2059
14/6/2023,Round 1,MS,Kodai NARAOKA (3) Rank 4 Elo 2236 (+27),14-21 / 21-7 / 21-17,Anders ANTONSEN Rank 18 Elo 2264 (-27),82,https://badmintonranks.com/tournament?id=13710,5,Indonesia Open 2023,Kodai NARAOKA (3),4,2236,Anders ANTONSEN,18,2264
14/6/2023,Round 1,XD,TAN Kian.. / LAI Pei Jin.. Rank 18 Elo 1792 (+31),21-14 / 21-13,Gregory .. / Jenny MAI.. Rank 29 Elo 1773 (-32),37,https://badmintonranks.com/tournament?id=13710,6,Indonesia Open 2023,TAN Kian.. / LAI Pei Jin..,18,1792,Gregory .. / Jenny MAI..,29,1773
14/6/2023,Round 1,MD,Hendra S.. / Mohamm.. (4) Rank 7 Elo 2074 (+5),21-16 / 21-17,Supak JO.. / Kittinupon.. Rank 29 Elo 1681 (-8),30,https://badmintonranks.com/tournament?id=13710,6,Indonesia Open 2023,Hendra S.. / Mohamm.. (4),7,2074,Supak JO.. / Kittinupon..,29,1681
14/6/2023,Round 1,WD,Apriyani .. / Siti Fadia.. (4) Rank 6 Elo 2042 (+6),26-24 / 21-15,Linda EF.. / Isabel LO.. Rank 34 Elo 1682 (-9),52,https://badmintonranks.com/tournament?id=13710,6,Indonesia Open 2023,Apriyani .. / Siti Fadia.. (4),6,2042,Linda EF.. / Isabel LO..,34,1682
14/6/2023,Round 1,XD,Praveen .. / Melati Dae.. Rank 28 Elo 1979 (+12),21-16 / 21-9,CHAN Pe.. / CHEAH Y.. Rank 33 Elo 1760 (-16),36,https://badmintonranks.com/tournament?id=13710,6,Indonesia Open 2023,Praveen .. / Melati Dae..,28,1979,CHAN Pe.. / CHEAH Y..,33,1760
14/6/2023,Round 1,MS,Jonatan CHRISTIE (6) Rank 7 Elo 2229 (+21),21-17 / 21-10,Kanta TSUNEYAMA Rank 15 Elo 2173 (-22),39,https://badmintonranks.com/tournament?id=13710,6,Indonesia Open 2023,Jonatan CHRISTIE (6),7,2229,Kanta TSUNEYAMA,15,2173
14/6/2023,Round 1,WD,Mayu MA.. / Wakana N.. Rank 10 Elo 2089 (+32),21-17 / 21-16,KIM So Y.. / KONG H.. (8) Rank 4 Elo 2170 (-32),45,https://badmintonranks.com/tournament?id=13710,6,Indonesia Open 2023,Mayu MA.. / Wakana N..,10,2089,KIM So Y.. / KONG H.. (8),4,2170
14/6/2023,Round 1,MS,KIDAMBI Srikanth Rank 22 Elo 2074 (+34),21-13 / 21-19,LU Guang Zu Rank 13 Elo 2196 (-34),46,https://badmintonranks.com/tournament?id=13710,6,Indonesia Open 2023,KIDAMBI Srikanth,22,2074,LU Guang Zu,13,2196
14/6/2023,Round 1,XD,Rinov RI.. / Pitha Hani.. Rank 15 Elo 2013 (+27),21-14 / 21-15,Thom GI.. / Delphine .. (5) Rank 7 Elo 2024 (-27),38,https://badmintonranks.com/tournament?id=13710,6,Indonesia Open 2023,Rinov RI.. / Pitha Hani..,15,2013,Thom GI.. / Delphine .. (5),7,2024
14/6/2023,Round 1,MD,Akira KO.. / Taichi SAI.. Rank 24 Elo 1954 (+34),21-18 / 17-21 / 21-12,LEE Yang / WANG Ch.. Rank 18 Elo 2039 (-33),66,https://badmintonranks.com/tournament?id=13710,6,Indonesia Open 2023,Akira KO.. / Taichi SAI..,24,1954,LEE Yang / WANG Ch..,18,2039
14/6/2023,Round 1,WD,Rena MI.. / Ayako SA.. Rank 17 Elo 1948 (+42),21-16 / 19-21 / 21-17,Nami MA.. / Chiharu .. (2) Rank 5 Elo 2153 (-39),60,https://badmintonranks.com/tournament?id=13710,6,Indonesia Open 2023,Rena MI.. / Ayako SA..,17,1948,Nami MA.. / Chiharu .. (2),5,2153
14/6/2023,Round 1,MS,Lakshya SEN Rank 20 Elo 2137 (+32),21-17 / 21-13,LEE Zii Jia (8) Rank 11 Elo 2214 (-31),33,https://badmintonranks.com/tournament?id=13710,6,Indonesia Open 2023,Lakshya SEN,20,2137,LEE Zii Jia (8),11,2214
14/6/2023,Round 1,WS,AN Se Young (2) Rank 2 Elo 2695 (+0),21-10 / 21-4,AAKARSHI KASHYAP Rank 43 Elo 1708 (-0),28,https://badmintonranks.com/tournament?id=13710,6,Indonesia Open 2023,AN Se Young (2),2,2695,AAKARSHI KASHYAP,43,1708
14/6/2023,Round 1,WS,KIM Ga Eun Rank 27 Elo 2049 (+37),22-24 / 21-17 / 23-21,Michelle LI Rank 13 Elo 2207 (-36),70,https://badmintonranks.com/tournament?id=13710,6,Indonesia Open 2023,KIM Ga Eun,27,2049,Michelle LI,13,2207
14/6/2023,Round 1,MS,LOH Kean Yew (4) Rank 5 Elo 2157 (+19),21-15 / 23-21,Chico Aura DWI WARD.. Rank 23 Elo 2068 (-19),45,https://badmintonranks.com/tournament?id=13710,6,Indonesia Open 2023,LOH Kean Yew (4),5,2157,Chico Aura DWI WARD..,23,2068
14/6/2023,Round 1,XD,TANG Ch.. / TSE Ying .. Rank 21 Elo 1906 (+46),21-8 / 14-21 / 21-10,KIM Won .. / JEONG .. (8) Rank 6 Elo 2171 (-42),53,https://badmintonranks.com/tournament?id=13710,6,Indonesia Open 2023,TANG Ch.. / TSE Ying ..,21,1906,KIM Won .. / JEONG .. (8),6,2171
14/6/2023,Round 1,XD,LEE Chu.. / NG Tsz Ya.. Rank 23 Elo 1885 (+30),18-21 / 21-19 / 23-21,YE Hong .. / LEE Chia .. Rank 22 Elo 1898 (-30),62,https://badmintonranks.com/tournament?id=13710,6,Indonesia Open 2023,LEE Chu.. / NG Tsz Ya..,23,1885,YE Hong .. / LEE Chia ..,22,1898
14/6/2023,Round 1,WD,Jongkolp.. / Rawinda .. Rank 8 Elo 1974 (+10),21-9 / 21-8,JIN Yu Jia / WONG Jia.. Rank 23 Elo 1718 (-14),29,https://badmintonranks.com/tournament?id=13710,6,Indonesia Open 2023,Jongkolp.. / Rawinda ..,8,1974,JIN Yu Jia / WONG Jia..,23,1718
14/6/2023,Round 1,WS,Kirsty GILMOUR Rank 33 Elo 1925 (+37),21-16 / 21-11,ZHANG Beiwen Rank 15 Elo 2041 (-35),31,https://badmintonranks.com/tournament?id=13710,6,Indonesia Open 2023,Kirsty GILMOUR,33,1925,ZHANG Beiwen,15,2041
14/6/2023,Round 1,MS,LI Shi Feng Rank 10 Elo 2261 (+19),21-18 / 9-21 / 21-19,LEE Cheuk Yiu Rank 14 Elo 2173 (-19),70,https://badmintonranks.com/tournament?id=13710,6,Indonesia Open 2023,LI Shi Feng,10,2261,LEE Cheuk Yiu,14,2173
14/6/2023,Round 1,WS,Akane YAMAGUCHI (1) Rank 1 Elo 2575 (+3),6-21 / 21-7 / 22-20,ZHANG Yi Man Rank 17 Elo 2101 (-4),51,https://badmintonranks.com/tournament?id=13710,6,Indonesia Open 2023,Akane YAMAGUCHI (1),1,2575,ZHANG Yi Man,17,2101
14/6/2023,Round 1,XD,Yuta WAT.. / Arisa IGA.. (2) Rank 3 Elo 2244 (+8),12-21 / 21-13 / 21-7,Supak JO.. / Supissara .. Rank 11 Elo 1971 (-9),47,https://badmintonranks.com/tournament?id=13710,7,Indonesia Open 2023,Yuta WAT.. / Arisa IGA.. (2),3,2244,Supak JO.. / Supissara ..,11,1971
13/6/2023,Round 1,WS,Carolina MARIN (6) Rank 6 Elo 2364 (+3),21-11 / 21-11,GOH Jin Wei Rank 31 Elo 1915 (-4),34,https://badmintonranks.com/tournament?id=13710,7,Indonesia Open 2023,Carolina MARIN (6),6,2364,GOH Jin Wei,31,1915
13/6/2023,Round 1,WD,JEONG .. / KIM Hye .. (6) Rank 7 Elo 2023 (+2),21-15 / 21-7,Srivedya .. / Ishika JAI.. Rank 40 Elo 1484 (-7),31,https://badmintonranks.com/tournament?id=13710,7,Indonesia Open 2023,JEONG .. / KIM Hye .. (6),7,2023,Srivedya .. / Ishika JAI..,40,1484
13/6/2023,Round 1,WD,YEUNG .. / YEUNG P.. Rank 28 Elo 1796 (+14),21-16 / 21-17,Julie MA.. / Ciara TOR.. Rank 33 Elo 1577 (-26),38,https://badmintonranks.com/tournament?id=13710,7,Indonesia Open 2023,YEUNG .. / YEUNG P..,28,1796,Julie MA.. / Ciara TOR..,33,1577
13/6/2023,Round 1,MD,Leo Rolly.. / Daniel MA.. Rank 10 Elo 2015 (+15),23-21 / 8-21 / 21-12,Ayato EN.. / Yuta TAKE.. Rank 28 Elo 1854 (-17),63,https://badmintonranks.com/tournament?id=13710,7,Indonesia Open 2023,Leo Rolly.. / Daniel MA..,10,2015,Ayato EN.. / Yuta TAKE..,28,1854
13/6/2023,Round 1,MD,HE Ji Ting / ZHOU Ha.. Rank 14 Elo 1972 (+11),21-12 / 21-23 / 21-9,Lucas C.. / Ronan LA.. Rank 32 Elo 1745 (-15),57,https://badmintonranks.com/tournament?id=13710,7,Indonesia Open 2023,HE Ji Ting / ZHOU Ha..,14,1972,Lucas C.. / Ronan LA..,32,1745
13/6/2023,Round 1,MS,Viktor AXELSEN (1) Rank 1 Elo 2546 (+4),21-12 / 21-8,WENG Hong Yang Rank 25 Elo 2128 (-5),36,https://badmintonranks.com/tournament?id=13710,7,Indonesia Open 2023,Viktor AXELSEN (1),1,2546,WENG Hong Yang,25,2128
13/6/2023,Round 1,XD,Mathias T.. / Amalie M.. Rank 27 Elo 1832 (+26),21-19 / 21-12,Marcus E.. / Lauren S.. Rank 46 Elo 1779 (-28),37,https://badmintonranks.com/tournament?id=13710,7,Indonesia Open 2023,Mathias T.. / Amalie M..,27,1832,Marcus E.. / Lauren S..,46,1779
13/6/2023,Round 1,MS,Brian YANG Rank 26 Elo 2045 (+13),21-18 / 22-20,Nhat NGUYEN Rank 32 Elo 1852 (-15),64,https://badmintonranks.com/tournament?id=13710,7,Indonesia Open 2023,Brian YANG,26,2045,Nhat NGUYEN,32,1852
13/6/2023,Round 1,MD,Satwiksai.. / Chirag S.. (7) Rank 6 Elo 2105 (+1),21-12 / 11-7 Ret.,Christo P.. / Toma Juni.. Rank 42 Elo 1607 (-2),23,https://badmintonranks.com/tournament?id=13710,7,Indonesia Open 2023,Satwiksai.. / Chirag S.. (7),6,2105,Christo P.. / Toma Juni..,42,1607
13/6/2023,Round 1,WS,Putri Kusuma WARDANI Rank 39 Elo 1909 (+23),15-21 / 22-20 / 23-21,Iris WANG Rank 36 Elo 1850 (-25),92,https://badmintonranks.com/tournament?id=13710,7,Indonesia Open 2023,Putri Kusuma WARDANI,39,1909,Iris WANG,36,1850
13/6/2023,Round 1,XD,Hiroki MI.. / Natsu SAI.. Rank 24 Elo 1830 (+47),21-17 / 15-21 / 21-17,CHEN Ta.. / TOH Ee W.. Rank 16 Elo 2033 (-40),60,https://badmintonranks.com/tournament?id=13710,7,Indonesia Open 2023,Hiroki MI.. / Natsu SAI..,24,1830,CHEN Ta.. / TOH Ee W..,16,2033
13/6/2023,Round 1,XD,Rehan N.. / Lisa Ayu K.. Rank 12 Elo 1935 (+31),13-21 / 26-24 / 21-17,GOH Soo.. / LAI Shev.. (7) Rank 8 Elo 1986 (-31),68,https://badmintonranks.com/tournament?id=13710,7,Indonesia Open 2023,Rehan N.. / Lisa Ayu K..,12,1935,GOH Soo.. / LAI Shev.. (7),8,1986
13/6/2023,Round 1,MD,Fajar ALF.. / Muhamm.. (1) Rank 1 Elo 2142 (+9),21-15 / 21-11,Jeppe BA.. / Lasse MØ.. Rank 30 Elo 1870 (-10),36,https://badmintonranks.com/tournament?id=13710,7,Indonesia Open 2023,Fajar ALF.. / Muhamm.. (1),1,2142,Jeppe BA.. / Lasse MØ..,30,1870
13/6/2023,Round 1,MS,WANG Tzu Wei Rank 28 Elo 1961 (+22),21-12 / 21-9,Kantaphon WANGCHA.. Rank 29 Elo 1890 (-23),35,https://badmintonranks.com/tournament?id=13710,7,Indonesia Open 2023,WANG Tzu Wei,28,1961,Kantaphon WANGCHA..,29,1890
13/6/2023,Round 1,WD,ZHANG .. / ZHENG .. (3) Rank 3 Elo 2095 (+6),21-14 / 21-18,Margot L.. / Anne TRAN Rank 29 Elo 1741 (-9),41,https://badmintonranks.com/tournament?id=13710,7,Indonesia Open 2023,ZHANG .. / ZHENG .. (3),3,2095,Margot L.. / Anne TRAN,29,1741
13/6/2023,Round 1,WS,Ratchanok INTANON (8) Rank 8 Elo 2181 (+11),21-16 / 21-18,HSU Wen Chi Rank 18 Elo 1957 (-11),43,https://badmintonranks.com/tournament?id=13710,7,Indonesia Open 2023,Ratchanok INTANON (8),8,2181,HSU Wen Chi,18,1957
13/6/2023,Round 1,MD,ONG Yew.. / TEO Ee .. (8) Rank 8 Elo 2096 (+9),12-21 / 21-6 / 22-20,M.R.ARJ.. / DHRUV K.. Rank 23 Elo 1826 (-11),60,https://badmintonranks.com/tournament?id=13710,7,Indonesia Open 2023,ONG Yew.. / TEO Ee .. (8),8,2096,M.R.ARJ.. / DHRUV K..,23,1826
13/6/2023,Round 1,MD,REN Xian.. / TAN Qiang Rank 19 Elo 1947 (+22),21-15 / 21-16,LEE Jhe-.. / YANG Po-.. Rank 20 Elo 1886 (-23),29,https://badmintonranks.com/tournament?id=13710,7,Indonesia Open 2023,REN Xian.. / TAN Qiang,19,1947,LEE Jhe-.. / YANG Po-..,20,1886
13/6/2023,Round 1,XD,Dechapol.. / Sapsiree .. (3) Rank 2 Elo 2172 (+2),21-17 / 21-9,Zacharia.. / Hediana J.. Rank 32 Elo 1653 (-4),38,https://badmintonranks.com/tournament?id=13710,7,Indonesia Open 2023,Dechapol.. / Sapsiree .. (3),2,2172,Zacharia.. / Hediana J..,32,1653
13/6/2023,Round 1,WS,PUSARLA V. Sindhu Rank 14 Elo 2169 (+35),21-19 / 21-15,Gregoria Mariska TUNJ.. Rank 9 Elo 2295 (-34),38,https://badmintonranks.com/tournament?id=13710,8,Indonesia Open 2023,PUSARLA V. Sindhu,14,2169,Gregoria Mariska TUNJ..,9,2295
13/6/2023,Round 1,MS,PRANNOY H. S. (7) Rank 9 Elo 2218 (+19),21-16 / 21-14,Kenta NISHIMOTO Rank 12 Elo 2126 (-19),50,https://badmintonranks.com/tournament?id=13710,8,Indonesia Open 2023,PRANNOY H. S. (7),9,2218,Kenta NISHIMOTO,12,2126
13/6/2023,Round 1,MS,NG Ka Long Angus Rank 16 Elo 2195 (+21),21-8 / 21-15,Kento MOMOTA Rank 33 Elo 2143 (-22),38,https://badmintonranks.com/tournament?id=13710,8,Indonesia Open 2023,NG Ka Long Angus,16,2195,Kento MOMOTA,33,2143
13/6/2023,Round 1,WD,Meilysa T.. / Rachel All.. Rank 42 Elo 1707 (+37),21-18 / 23-21,Vivian H.. / LIM Chiew.. Rank 22 Elo 1679 (-40),59,https://badmintonranks.com/tournament?id=13710,8,Indonesia Open 2023,Meilysa T.. / Rachel All..,42,1707,Vivian H.. / LIM Chiew..,22,1679
13/6/2023,Round 1,WS,TAI Tzu Ying (3) Rank 3 Elo 2564 (+7),21-15 / 21-17,HAN Yue Rank 10 Elo 2239 (-7),36,https://badmintonranks.com/tournament?id=13710,8,Indonesia Open 2023,TAI Tzu Ying (3),3,2564,HAN Yue,10,2239
13/6/2023,Round 1,MS,CHOU Tien Chen (5) Rank 8 Elo 2154 (+16),15-21 / 22-20 / 21-1,Christo POPOV Rank 30 Elo 2016 (-17),66,https://badmintonranks.com/tournament?id=13710,8,Indonesia Open 2023,CHOU Tien Chen (5),8,2154,Christo POPOV,30,2016
13/6/2023,Round 1,WD,Rin IWAN.. / Kie NAKA.. Rank 18 Elo 1968 (+23),20-22 / 21-12 / 21-16,Treesa J.. / GAYATRI .. Rank 16 Elo 1918 (-24),72,https://badmintonranks.com/tournament?id=13710,8,Indonesia Open 2023,Rin IWAN.. / Kie NAKA..,18,1968,Treesa J.. / GAYATRI ..,16,1918
13/6/2023,Round 1,XD,ZHENG .. / HUANG .. (1) Rank 1 Elo 2433 (+1),21-15 / 21-9,Adnan M.. / Nita Violin.. Rank 38 Elo 1820 (-2),33,https://badmintonranks.com/tournament?id=13710,8,Indonesia Open 2023,ZHENG .. / HUANG .. (1),1,2433,Adnan M.. / Nita Violin..,38,1820
13/6/2023,Round 1,WS,YEO Jia Min Rank 28 Elo 2018 (+7),4-6 Ret.,Nozomi OKUHARA Rank 22 Elo 2156 (-7),4,https://badmintonranks.com/tournament?id=13710,8,Indonesia Open 2023,YEO Jia Min,28,2018,Nozomi OKUHARA,22,2156
13/6/2023,Round 1,XD,JIANG Zh.. / WEI Ya Xin Rank 10 Elo 2055 (+20),21-18 / 19-21 / 21-16,Yuki KAN.. / Misaki MA.. Rank 20 Elo 1973 (-20),54,https://badmintonranks.com/tournament?id=13710,8,Indonesia Open 2023,JIANG Zh.. / WEI Ya Xin,10,2055,Yuki KAN.. / Misaki MA..,20,1973
13/6/2023,Round 1,MD,KANG Mi.. / SEO Seun.. Rank 12 Elo 2120 (+9),15-21 / 21-11 / 21-12,LU Ching.. / YANG Po .. Rank 16 Elo 1849 (-11),56,https://badmintonranks.com/tournament?id=13710,8,Indonesia Open 2023,KANG Mi.. / SEO Seun..,12,2120,LU Ching.. / YANG Po ..,16,1849
13/6/2023,Round 1,MS,SHI Yu Qi Rank 6 Elo 2283 (+14),21-7 / 17-21 / 21-13,NG Tze Yong Rank 21 Elo 2115 (-14),60,https://badmintonranks.com/tournament?id=13710,8,Indonesia Open 2023,SHI Yu Qi,6,2283,NG Tze Yong,21,2115
13/6/2023,Round 1,WS,Pornpawee CHOCHUW.. Rank 11 Elo 2262 (+14),21-17 / 21-18,Supanida KATETHONG Rank 19 Elo 2092 (-14),47,https://badmintonranks.com/tournament?id=13710,8,Indonesia Open 2023,Pornpawee CHOCHUW..,11,2262,Supanida KATETHONG,19,2092
13/6/2023,Round 1,XD,FENG Ya.. / HUANG .. (6) Rank 5 Elo 2102 (+8),21-15 / 21-10,HEE Yon.. / TAN Wei .. Rank 25 Elo 1795 (-9),31,https://badmintonranks.com/tournament?id=13710,8,Indonesia Open 2023,FENG Ya.. / HUANG .. (6),5,2102,HEE Yon.. / TAN Wei ..,25,1795
13/6/2023,Round 1,WD,Febriana .. / Amallia C.. Rank 13 Elo 1832 (+26),21-15 / 21-18,Lanny Tri.. / Ribka SU.. Rank 26 Elo 1776 (-28),45,https://badmintonranks.com/tournament?id=13710,8,Indonesia Open 2023,Febriana .. / Amallia C..,13,1832,Lanny Tri.. / Ribka SU..,26,1776
19/6/2022,Final,MD,LIU Yu C.. / OU Xuan .. Rank 75 Elo 2045 (+20),21-17 / 23-21,CHOI Sol.. / KIM Won .. Rank 83 Elo 1937 (-20),49,https://badmintonranks.com/tournament?id=12514,1,Indonesia Open 2022,LIU Yu C.. / OU Xuan ..,75,2045,CHOI Sol.. / KIM Won ..,83,1937
19/6/2022,Final,MS,Viktor AXELSEN (1) Rank 1 Elo 2645 (+3),21-9 / 21-10,ZHAO Jun Peng Rank 35 Elo 2165 (-4),38,https://badmintonranks.com/tournament?id=12514,1,Indonesia Open 2022,Viktor AXELSEN (1),1,2645,ZHAO Jun Peng,35,2165
19/6/2022,Final,WD,Nami MA.. / Chiharu .. (6) Rank 7 Elo 2283 (+18),18-21 / 21-14 / 21-17,Yuki FUK.. / Sayaka H.. (4) Rank 4 Elo 2164 (-19),75,https://badmintonranks.com/tournament?id=12514,1,Indonesia Open 2022,Nami MA.. / Chiharu .. (6),7,2283,Yuki FUK.. / Sayaka H.. (4),4,2164
19/6/2022,Final,WS,TAI Tzu Ying (2) Rank 2 Elo 2550 (+10),21-23 / 21-6 / 21-15,WANG Zhi Yi Rank 14 Elo 2300 (-11),60,https://badmintonranks.com/tournament?id=12514,1,Indonesia Open 2022,TAI Tzu Ying (2),2,2550,WANG Zhi Yi,14,2300
19/6/2022,Final,XD,ZHENG .. / HUANG .. (2) Rank 2 Elo 2372 (+25),21-14 / 21-16,Yuta WAT.. / Arisa IGA.. (3) Rank 3 Elo 2349 (-25),41,https://badmintonranks.com/tournament?id=12514,1,Indonesia Open 2022,ZHENG .. / HUANG .. (2),2,2372,Yuta WAT.. / Arisa IGA.. (3),3,2349
18/6/2022,Semi final,MD,CHOI Sol.. / KIM Won .. Rank 83 Elo 1890 (+47),13-21 / 21-12 / 21-18,Kim AST.. / Anders S.. (8) Rank 9 Elo 2110 (-43),68,https://badmintonranks.com/tournament?id=12514,1,Indonesia Open 2022,CHOI Sol.. / KIM Won ..,83,1890,Kim AST.. / Anders S.. (8),9,2110
18/6/2022,Semi final,MS,ZHAO Jun Peng Rank 35 Elo 2132 (+33),21-16 / 21-15,PRANNOY H. S. Rank 23 Elo 2206 (-33),40,https://badmintonranks.com/tournament?id=12514,1,Indonesia Open 2022,ZHAO Jun Peng,35,2132,PRANNOY H. S.,23,2206
18/6/2022,Semi final,WD,Yuki FUK.. / Sayaka H.. (4) Rank 4 Elo 2134 (+30),9-21 / 21-14 / 21-18,LEE So H.. / SHIN Se.. (2) Rank 2 Elo 2171 (-30),68,https://badmintonranks.com/tournament?id=12514,1,Indonesia Open 2022,Yuki FUK.. / Sayaka H.. (4),4,2134,LEE So H.. / SHIN Se.. (2),2,2171
18/6/2022,Semi final,MD,LIU Yu C.. / OU Xuan .. Rank 75 Elo 2008 (+37),21-18 / 21-13,Aaron CH.. / SOH Wo.. (5) Rank 7 Elo 2124 (-36),38,https://badmintonranks.com/tournament?id=12514,1,Indonesia Open 2022,LIU Yu C.. / OU Xuan ..,75,2008,Aaron CH.. / SOH Wo.. (5),7,2124
18/6/2022,Semi final,MS,Viktor AXELSEN (1) Rank 1 Elo 2630 (+15),19-21 / 21-11 / 23-21,LEE Zii Jia (6) Rank 5 Elo 2453 (-14),70,https://badmintonranks.com/tournament?id=12514,1,Indonesia Open 2022,Viktor AXELSEN (1),1,2630,LEE Zii Jia (6),5,2453
18/6/2022,Semi final,WD,Nami MA.. / Chiharu .. (6) Rank 7 Elo 2273 (+10),21-15 / 21-14,Jongkolp.. / Rawinda .. (7) Rank 8 Elo 2009 (-10),42,https://badmintonranks.com/tournament?id=12514,1,Indonesia Open 2022,Nami MA.. / Chiharu .. (6),7,2273,Jongkolp.. / Rawinda .. (7),8,2009
18/6/2022,Semi final,WS,TAI Tzu Ying (2) Rank 2 Elo 2523 (+27),10-21 / 26-24 / 21-12,CHEN Yu Fei (4) Rank 4 Elo 2524 (-27),69,https://badmintonranks.com/tournament?id=12514,1,Indonesia Open 2022,TAI Tzu Ying (2),2,2523,CHEN Yu Fei (4),4,2524
18/6/2022,Semi final,XD,ZHENG .. / HUANG .. (2) Rank 2 Elo 2352 (+20),21-6 / 21-14,WANG Yi.. / HUANG .. (4) Rank 4 Elo 2252 (-19),33,https://badmintonranks.com/tournament?id=12514,1,Indonesia Open 2022,ZHENG .. / HUANG .. (2),2,2352,WANG Yi.. / HUANG .. (4),4,2252
18/6/2022,Semi final,WS,WANG Zhi Yi Rank 14 Elo 2258 (+42),21-15 / 21-10,HE Bing Jiao Rank 9 Elo 2466 (-42),42,https://badmintonranks.com/tournament?id=12514,1,Indonesia Open 2022,WANG Zhi Yi,14,2258,HE Bing Jiao,9,2466
18/6/2022,Semi final,XD,Yuta WAT.. / Arisa IGA.. (3) Rank 3 Elo 2339 (+10),21-18 / 17-21 / 21-15,SEO Seu.. / CHAE Yu.. (6) Rank 6 Elo 2088 (-11),69,https://badmintonranks.com/tournament?id=12514,1,Indonesia Open 2022,Yuta WAT.. / Arisa IGA.. (3),3,2339,SEO Seu.. / CHAE Yu.. (6),6,2088
17/6/2022,Quarter final,MD,Kim AST.. / Anders S.. (8) Rank 9 Elo 2075 (+35),21-17 / 16-21 / 21-14,Takuro H.. / Yugo KO.. (3) Rank 2 Elo 2179 (-34),63,https://badmintonranks.com/tournament?id=12514,1,Indonesia Open 2022,Kim AST.. / Anders S.. (8),9,2075,Takuro H.. / Yugo KO.. (3),2,2179
17/6/2022,Quarter final,MS,PRANNOY H. S. Rank 23 Elo 2183 (+23),21-14 / 21-12,Rasmus GEMKE Rank 13 Elo 2127 (-23),40,https://badmintonranks.com/tournament?id=12514,1,Indonesia Open 2022,PRANNOY H. S.,23,2183,Rasmus GEMKE,13,2127
17/6/2022,Quarter final,MD,LIU Yu C.. / OU Xuan .. Rank 75 Elo 1963 (+45),21-18 / 21-18,Fajar ALF.. / Muhamm.. (6) Rank 6 Elo 2204 (-42),45,https://badmintonranks.com/tournament?id=12514,1,Indonesia Open 2022,LIU Yu C.. / OU Xuan ..,75,1963,Fajar ALF.. / Muhamm.. (6),6,2204
17/6/2022,Quarter final,MS,Viktor AXELSEN (1) Rank 1 Elo 2625 (+5),21-13 / 19-21 / 21-9,Anthony Sinisuka GIN.. (5) Rank 6 Elo 2255 (-5),67,https://badmintonranks.com/tournament?id=12514,1,Indonesia Open 2022,Viktor AXELSEN (1),1,2625,Anthony Sinisuka GIN.. (5),6,2255
17/6/2022,Quarter final,MD,CHOI Sol.. / KIM Won .. Rank 83 Elo 1841 (+49),16-21 / 21-13 / 21-18,KANG Mi.. / SEO Seun.. Rank 56 Elo 2059 (-42),61,https://badmintonranks.com/tournament?id=12514,1,Indonesia Open 2022,CHOI Sol.. / KIM Won ..,83,1841,KANG Mi.. / SEO Seun..,56,2059
17/6/2022,Quarter final,WS,TAI Tzu Ying (2) Rank 2 Elo 2520 (+3),21-13 / 21-13,Line Højmark KJAERSF.. Rank 33 Elo 2013 (-3),37,https://badmintonranks.com/tournament?id=12514,2,Indonesia Open 2022,TAI Tzu Ying (2),2,2520,Line Højmark KJAERSF..,33,2013
17/6/2022,Quarter final,MS,ZHAO Jun Peng Rank 35 Elo 2105 (+27),21-14 / 17-21 / 21-11,LEE Cheuk Yiu Rank 17 Elo 2108 (-27),59,https://badmintonranks.com/tournament?id=12514,2,Indonesia Open 2022,ZHAO Jun Peng,35,2105,LEE Cheuk Yiu,17,2108
17/6/2022,Quarter final,MS,LEE Zii Jia (6) Rank 5 Elo 2436 (+17),21-18 / 16-21 / 22-20,LOH Kean Yew Rank 9 Elo 2310 (-18),65,https://badmintonranks.com/tournament?id=12514,2,Indonesia Open 2022,LEE Zii Jia (6),5,2436,LOH Kean Yew,9,2310
17/6/2022,Quarter final,MD,Aaron CH.. / SOH Wo.. (5) Rank 7 Elo 2098 (+26),14-21 / 21-12 / 22-20,Pramudy.. / Yeremia E.. Rank 16 Elo 2084 (-26),56,https://badmintonranks.com/tournament?id=12514,2,Indonesia Open 2022,Aaron CH.. / SOH Wo.. (5),7,2098,Pramudy.. / Yeremia E..,16,2084
17/6/2022,Quarter final,WS,CHEN Yu Fei (4) Rank 4 Elo 2509 (+15),21-16 / 21-10,Nozomi OKUHARA (6) Rank 6 Elo 2342 (-14),37,https://badmintonranks.com/tournament?id=12514,2,Indonesia Open 2022,CHEN Yu Fei (4),4,2509,Nozomi OKUHARA (6),6,2342
17/6/2022,Quarter final,WD,Yuki FUK.. / Sayaka H.. (4) Rank 4 Elo 2110 (+24),21-18 / 21-9,JEONG .. / KIM Hye J.. Rank 17 Elo 2069 (-24),60,https://badmintonranks.com/tournament?id=12514,2,Indonesia Open 2022,Yuki FUK.. / Sayaka H.. (4),4,2110,JEONG .. / KIM Hye J..,17,2069
17/6/2022,Quarter final,WD,Jongkolp.. / Rawinda .. (7) Rank 8 Elo 1959 (+50),21-19 / 21-15,CHEN Qi.. / JIA Yi Fan (1) Rank 1 Elo 2311 (-46),59,https://badmintonranks.com/tournament?id=12514,2,Indonesia Open 2022,Jongkolp.. / Rawinda .. (7),8,1959,CHEN Qi.. / JIA Yi Fan (1),1,2311
17/6/2022,Quarter final,WD,Nami MA.. / Chiharu .. (6) Rank 7 Elo 2265 (+8),21-14 / 22-20,DU Yue / LI Wen Me.. Rank 45 Elo 1960 (-8),51,https://badmintonranks.com/tournament?id=12514,2,Indonesia Open 2022,Nami MA.. / Chiharu .. (6),7,2265,DU Yue / LI Wen Me..,45,1960
17/6/2022,Quarter final,XD,WANG Yi.. / HUANG .. (4) Rank 4 Elo 2249 (+3),21-12 / 21-14,CHEN Ta.. / Valeree SI.. Rank Elo 1751 (-4),33,https://badmintonranks.com/tournament?id=12514,2,Indonesia Open 2022,WANG Yi.. / HUANG .. (4),4,2249,CHEN Ta.. / Valeree SI..,,1751
17/6/2022,Quarter final,WS,HE Bing Jiao Rank 9 Elo 2440 (+26),15-21 / 21-17 / 21-14,AN Se Young (3) Rank 3 Elo 2435 (-26),69,https://badmintonranks.com/tournament?id=12514,2,Indonesia Open 2022,HE Bing Jiao,9,2440,AN Se Young (3),3,2435
17/6/2022,Quarter final,WD,LEE So H.. / SHIN Se.. (2) Rank 2 Elo 2152 (+19),21-14 / 21-19,Apriyani .. / Siti Fadia .. Rank 40 Elo 2050 (-19),52,https://badmintonranks.com/tournament?id=12514,2,Indonesia Open 2022,LEE So H.. / SHIN Se.. (2),2,2152,Apriyani .. / Siti Fadia ..,40,2050
17/6/2022,Quarter final,XD,ZHENG .. / HUANG .. (2) Rank 2 Elo 2348 (+4),21-18 / 14-21 / 21-17,Mathias .. / Alexandra .. Rank 15 Elo 1945 (-6),62,https://badmintonranks.com/tournament?id=12514,2,Indonesia Open 2022,ZHENG .. / HUANG .. (2),2,2348,Mathias .. / Alexandra ..,15,1945
17/6/2022,Quarter final,WS,WANG Zhi Yi Rank 14 Elo 2215 (+43),21-19 / 21-14,Akane YAMAGUCHI (1) Rank 1 Elo 2466 (-43),43,https://badmintonranks.com/tournament?id=12514,2,Indonesia Open 2022,WANG Zhi Yi,14,2215,Akane YAMAGUCHI (1),1,2466
17/6/2022,Quarter final,XD,Yuta WAT.. / Arisa IGA.. (3) Rank 3 Elo 2329 (+10),22-24 / 21-11 / 21-13,Thom GI.. / Delphine .. Rank 10 Elo 2087 (-11),69,https://badmintonranks.com/tournament?id=12514,2,Indonesia Open 2022,Yuta WAT.. / Arisa IGA.. (3),3,2329,Thom GI.. / Delphine ..,10,2087
17/6/2022,Quarter final,XD,SEO Seu.. / CHAE Yu.. (6) Rank 6 Elo 2077 (+11),21-16 / 21-17,HOO Pan.. / TOH Ee W.. Rank Elo 1832 (-12),35,https://badmintonranks.com/tournament?id=12514,2,Indonesia Open 2022,SEO Seu.. / CHAE Yu.. (6),6,2077,HOO Pan.. / TOH Ee W..,,1832
16/6/2022,Round 2,WS,Line Højmark KJAERSF.. Rank 33 Elo 1965 (+48),15-21 / 21-16 / 22-20,Ratchanok INTANON (8) Rank 8 Elo 2338 (-45),63,https://badmintonranks.com/tournament?id=12514,2,Indonesia Open 2022,Line Højmark KJAERSF..,33,1965,Ratchanok INTANON (8),8,2338
16/6/2022,Round 2,MD,Fajar ALF.. / Muhamm.. (6) Rank 6 Elo 2192 (+12),21-10 / 10-21 / 21-15,Muhamm.. / Bagas MA.. Rank 20 Elo 1984 (-12),49,https://badmintonranks.com/tournament?id=12514,2,Indonesia Open 2022,Fajar ALF.. / Muhamm.. (6),6,2192,Muhamm.. / Bagas MA..,20,1984
16/6/2022,Round 2,XD,ZHENG .. / HUANG .. (2) Rank 2 Elo 2343 (+5),21-15 / 21-16,Supak JO.. / Supissara .. Rank 22 Elo 1952 (-5),31,https://badmintonranks.com/tournament?id=12514,2,Indonesia Open 2022,ZHENG .. / HUANG .. (2),2,2343,Supak JO.. / Supissara ..,22,1952
16/6/2022,Round 2,WS,TAI Tzu Ying (2) Rank 2 Elo 2518 (+2),15-21 / 21-16 / 21-9,Iris WANG Rank 31 Elo 1966 (-2),58,https://badmintonranks.com/tournament?id=12514,2,Indonesia Open 2022,TAI Tzu Ying (2),2,2518,Iris WANG,31,1966
16/6/2022,Round 2,MS,Rasmus GEMKE Rank 13 Elo 2112 (+15),21-12 / 21-15,Brice LEVERDEZ Rank 41 Elo 1960 (-15),48,https://badmintonranks.com/tournament?id=12514,2,Indonesia Open 2022,Rasmus GEMKE,13,2112,Brice LEVERDEZ,41,1960
16/6/2022,Round 2,MD,Takuro H.. / Yugo KO.. (3) Rank 2 Elo 2166 (+13),21-11 / 14-21 / 21-19,ONG Yew.. / TEO Ee Yi Rank 10 Elo 1987 (-14),60,https://badmintonranks.com/tournament?id=12514,3,Indonesia Open 2022,Takuro H.. / Yugo KO.. (3),2,2166,ONG Yew.. / TEO Ee Yi,10,1987
16/6/2022,Round 2,MD,CHOI Sol.. / KIM Won .. Rank 83 Elo 1792 (+49),21-12 / 21-18,Akira KO.. / Taichi SAI.. Rank 22 Elo 1981 (-40),38,https://badmintonranks.com/tournament?id=12514,3,Indonesia Open 2022,CHOI Sol.. / KIM Won ..,83,1792,Akira KO.. / Taichi SAI..,22,1981
16/6/2022,Round 2,MS,LEE Cheuk Yiu Rank 17 Elo 2066 (+42),21-18 / 21-13,CHOU Tien Chen (4) Rank 4 Elo 2323 (-41),49,https://badmintonranks.com/tournament?id=12514,3,Indonesia Open 2022,LEE Cheuk Yiu,17,2066,CHOU Tien Chen (4),4,2323
16/6/2022,Round 2,XD,Mathias .. / Alexandra .. Rank 15 Elo 1908 (+37),21-15 / 17-21 / 21-17,KO Sung .. / EOM Hye .. Rank 17 Elo 2011 (-34),80,https://badmintonranks.com/tournament?id=12514,3,Indonesia Open 2022,Mathias .. / Alexandra ..,15,1908,KO Sung .. / EOM Hye ..,17,2011
16/6/2022,Round 2,WD,Apriyani .. / Siti Fadia .. Rank 40 Elo 2028 (+22),21-16 / 16-21 / 21-18,ZHANG .. / ZHENG Yu Rank 38 Elo 1983 (-23),80,https://badmintonranks.com/tournament?id=12514,3,Indonesia Open 2022,Apriyani .. / Siti Fadia ..,40,2028,ZHANG .. / ZHENG Yu,38,1983
16/6/2022,Round 2,MD,KANG Mi.. / SEO Seun.. Rank 56 Elo 2016 (+43),21-14 / 21-12,Marcus G.. / Kevin SU.. (1) Rank 1 Elo 2265 (-41),34,https://badmintonranks.com/tournament?id=12514,3,Indonesia Open 2022,KANG Mi.. / SEO Seun..,56,2016,Marcus G.. / Kevin SU.. (1),1,2265
16/6/2022,Round 2,WS,CHEN Yu Fei (4) Rank 4 Elo 2506 (+3),21-10 / 15-21 / 21-12,ZHANG Yi Man Rank 32 Elo 2028 (-4),57,https://badmintonranks.com/tournament?id=12514,3,Indonesia Open 2022,CHEN Yu Fei (4),4,2506,ZHANG Yi Man,32,2028
16/6/2022,Round 2,MS,ZHAO Jun Peng Rank 35 Elo 2067 (+38),21-12 / 18-21 / 21-14,Jonatan CHRISTIE (7) Rank 8 Elo 2237 (-37),65,https://badmintonranks.com/tournament?id=12514,3,Indonesia Open 2022,ZHAO Jun Peng,35,2067,Jonatan CHRISTIE (7),8,2237
16/6/2022,Round 2,MS,PRANNOY H. S. Rank 23 Elo 2161 (+22),21-11 / 21-18,NG Ka Long Angus Rank 12 Elo 2121 (-23),41,https://badmintonranks.com/tournament?id=12514,3,Indonesia Open 2022,PRANNOY H. S.,23,2161,NG Ka Long Angus,12,2121
16/6/2022,Round 2,WS,HE Bing Jiao Rank 9 Elo 2430 (+10),21-9 / 21-9,Busanan ONGBAMRUN.. Rank 11 Elo 2188 (-10),32,https://badmintonranks.com/tournament?id=12514,3,Indonesia Open 2022,HE Bing Jiao,9,2430,Busanan ONGBAMRUN..,11,2188
16/6/2022,Round 2,WS,Nozomi OKUHARA (6) Rank 6 Elo 2332 (+10),21-16 / 21-8,Lalinrat CHAIWAN Rank 21 Elo 2090 (-10),32,https://badmintonranks.com/tournament?id=12514,3,Indonesia Open 2022,Nozomi OKUHARA (6),6,2332,Lalinrat CHAIWAN,21,2090
16/6/2022,Round 2,MD,LIU Yu C.. / OU Xuan .. Rank 75 Elo 1950 (+13),21-19 / 21-15,M.R.ARJ.. / DHRUV K.. Rank 40 Elo 1751 (-18),41,https://badmintonranks.com/tournament?id=12514,3,Indonesia Open 2022,LIU Yu C.. / OU Xuan ..,75,1950,M.R.ARJ.. / DHRUV K..,40,1751
16/6/2022,Round 2,MD,Kim AST.. / Anders S.. (8) Rank 9 Elo 2056 (+19),21-18 / 16-21 / 21-15,Leo Rolly.. / Daniel MA.. Rank 23 Elo 1964 (-20),76,https://badmintonranks.com/tournament?id=12514,3,Indonesia Open 2022,Kim AST.. / Anders S.. (8),9,2056,Leo Rolly.. / Daniel MA..,23,1964
16/6/2022,Round 2,MS,Anthony Sinisuka GIN.. (5) Rank 6 Elo 2240 (+15),21-17 / 21-9,Hans-Kristian Solberg VI.. Rank 21 Elo 2096 (-16),36,https://badmintonranks.com/tournament?id=12514,3,Indonesia Open 2022,Anthony Sinisuka GIN.. (5),6,2240,Hans-Kristian Solberg VI..,21,2096
16/6/2022,Round 2,WS,AN Se Young (3) Rank 3 Elo 2427 (+8),21-14 / 21-11,Kirsty GILMOUR Rank 17 Elo 2122 (-8),37,https://badmintonranks.com/tournament?id=12514,3,Indonesia Open 2022,AN Se Young (3),3,2427,Kirsty GILMOUR,17,2122
16/6/2022,Round 2,WD,LEE So H.. / SHIN Se.. (2) Rank 2 Elo 2148 (+4),25-23 / 21-11,Febriana .. / Amallia C.. Rank 84 Elo 1733 (-6),48,https://badmintonranks.com/tournament?id=12514,3,Indonesia Open 2022,LEE So H.. / SHIN Se.. (2),2,2148,Febriana .. / Amallia C..,84,1733
16/6/2022,Round 2,MD,Pramudy.. / Yeremia E.. Rank 16 Elo 2048 (+36),21-16 / 17-21 / 21-14,LEE Yang / WANG C.. (4) Rank 4 Elo 2185 (-35),55,https://badmintonranks.com/tournament?id=12514,3,Indonesia Open 2022,Pramudy.. / Yeremia E..,16,2048,LEE Yang / WANG C.. (4),4,2185
16/6/2022,Round 2,WD,Jongkolp.. / Rawinda .. (7) Rank 8 Elo 1943 (+16),21-12 / 21-12,Debora JI.. / Cheryl SEI.. Rank 41 Elo 1796 (-19),36,https://badmintonranks.com/tournament?id=12514,3,Indonesia Open 2022,Jongkolp.. / Rawinda .. (7),8,1943,Debora JI.. / Cheryl SEI..,41,1796
16/6/2022,Round 2,MD,Aaron CH.. / SOH Wo.. (5) Rank 7 Elo 2089 (+9),21-17 / 16-21 / 21-6,Ruben JI.. / Ties VAN .. Rank 44 Elo 1825 (-11),44,https://badmintonranks.com/tournament?id=12514,3,Indonesia Open 2022,Aaron CH.. / SOH Wo.. (5),7,2089,Ruben JI.. / Ties VAN ..,44,1825
16/6/2022,Round 2,XD,CHEN Ta.. / Valeree SI.. Rank Elo 1751 (+0),W.O.,Praveen .. / Melati Da.. (5) Rank 5 Elo 2008 (-3),0,https://badmintonranks.com/tournament?id=12514,3,Indonesia Open 2022,CHEN Ta.. / Valeree SI..,,1751,Praveen .. / Melati Da.. (5),5,2008
16/6/2022,Round 2,MS,Viktor AXELSEN (1) Rank 1 Elo 2621 (+4),21-17 / 21-9,LU Guang Zu Rank 25 Elo 2166 (-3),45,https://badmintonranks.com/tournament?id=12514,4,Indonesia Open 2022,Viktor AXELSEN (1),1,2621,LU Guang Zu,25,2166
16/6/2022,Round 2,WD,Yuki FUK.. / Sayaka H.. (4) Rank 4 Elo 2092 (+18),21-19 / 21-12,Pearly TA.. / THINAAH .. Rank 10 Elo 1990 (-19),49,https://badmintonranks.com/tournament?id=12514,4,Indonesia Open 2022,Yuki FUK.. / Sayaka H.. (4),4,2092,Pearly TA.. / THINAAH ..,10,1990
16/6/2022,Round 2,XD,WANG Yi.. / HUANG .. (4) Rank 4 Elo 2246 (+3),21-11 / 21-14,CHAN Pe.. / CHEAH Y.. Rank Elo 1766 (-4),37,https://badmintonranks.com/tournament?id=12514,4,Indonesia Open 2022,WANG Yi.. / HUANG .. (4),4,2246,CHAN Pe.. / CHEAH Y..,,1766
16/6/2022,Round 2,XD,Yuta WAT.. / Arisa IGA.. (3) Rank 3 Elo 2327 (+2),21-17 / 21-12,SOONG .. / GOH Liu .. Rank Elo 1692 (-2),34,https://badmintonranks.com/tournament?id=12514,4,Indonesia Open 2022,Yuta WAT.. / Arisa IGA.. (3),3,2327,SOONG .. / GOH Liu ..,,1692
16/6/2022,Round 2,XD,Thom GI.. / Delphine .. Rank 10 Elo 2063 (+24),22-20 / 21-23 / 21-11,Mark LA.. / Isabel LO.. Rank 12 Elo 2036 (-24),70,https://badmintonranks.com/tournament?id=12514,4,Indonesia Open 2022,Thom GI.. / Delphine ..,10,2063,Mark LA.. / Isabel LO..,12,2036
16/6/2022,Round 2,WD,JEONG .. / KIM Hye J.. Rank 17 Elo 2042 (+27),18-21 / 21-12 / 21-15,Gabriela .. / Stefani S.. (8) Rank 9 Elo 2051 (-27),63,https://badmintonranks.com/tournament?id=12514,4,Indonesia Open 2022,JEONG .. / KIM Hye J..,17,2042,Gabriela .. / Stefani S.. (8),9,2051
16/6/2022,Round 2,WD,DU Yue / LI Wen Me.. Rank 45 Elo 1945 (+15),21-10 / 13-21 / 21-9,Vivian H.. / LIM Chiew.. Rank 35 Elo 1777 (-18),63,https://badmintonranks.com/tournament?id=12514,4,Indonesia Open 2022,DU Yue / LI Wen Me..,45,1945,Vivian H.. / LIM Chiew..,35,1777
16/6/2022,Round 2,WD,CHEN Qi.. / JIA Yi Fan (1) Rank 1 Elo 2310 (+1),21-16 / 21-13,Ashwini P.. / REDDY Si.. Rank 23 Elo 1693 (-2),39,https://badmintonranks.com/tournament?id=12514,4,Indonesia Open 2022,CHEN Qi.. / JIA Yi Fan (1),1,2310,Ashwini P.. / REDDY Si..,23,1693
16/6/2022,Round 2,MS,LOH Kean Yew Rank 9 Elo 2300 (+10),21-16 / 21-9,Toma Junior POPOV Rank 26 Elo 2056 (-10),37,https://badmintonranks.com/tournament?id=12514,4,Indonesia Open 2022,LOH Kean Yew,9,2300,Toma Junior POPOV,26,2056
16/6/2022,Round 2,XD,SEO Seu.. / CHAE Yu.. (6) Rank 6 Elo 2069 (+8),21-19 / 28-26,CHANG .. / NG Wing .. Rank 27 Elo 1775 (-10),44,https://badmintonranks.com/tournament?id=12514,4,Indonesia Open 2022,SEO Seu.. / CHAE Yu.. (6),6,2069,CHANG .. / NG Wing ..,27,1775
16/6/2022,Round 2,WS,WANG Zhi Yi Rank 14 Elo 2174 (+41),21-17 / 21-18,Carolina MARIN (5) Rank 5 Elo 2434 (-41),48,https://badmintonranks.com/tournament?id=12514,4,Indonesia Open 2022,WANG Zhi Yi,14,2174,Carolina MARIN (5),5,2434
16/6/2022,Round 2,XD,HOO Pan.. / TOH Ee W.. Rank Elo 1787 (+45),21-19 / 21-19,GOH Soo.. / LAI Shevo.. Rank 14 Elo 1925 (-38),39,https://badmintonranks.com/tournament?id=12514,4,Indonesia Open 2022,HOO Pan.. / TOH Ee W..,,1787,GOH Soo.. / LAI Shevo..,14,1925
16/6/2022,Round 2,MS,LEE Zii Jia (6) Rank 5 Elo 2431 (+5),21-10 / 21-13,Sameer VERMA Rank 30 Elo 2039 (-5),41,https://badmintonranks.com/tournament?id=12514,4,Indonesia Open 2022,LEE Zii Jia (6),5,2431,Sameer VERMA,30,2039
16/6/2022,Round 2,WS,Akane YAMAGUCHI (1) Rank 1 Elo 2462 (+4),21-11 / 5-1 Ret.,Sayaka TAKAHASHI Rank 13 Elo 2216 (-4),20,https://badmintonranks.com/tournament?id=12514,4,Indonesia Open 2022,Akane YAMAGUCHI (1),1,2462,Sayaka TAKAHASHI,13,2216
16/6/2022,Round 2,WD,Nami MA.. / Chiharu .. (6) Rank 7 Elo 2261 (+4),21-17 / 21-15,LIU Xuan.. / XIA Yu Tin.. Rank 22 Elo 1853 (-5),49,https://badmintonranks.com/tournament?id=12514,4,Indonesia Open 2022,Nami MA.. / Chiharu .. (6),7,2261,LIU Xuan.. / XIA Yu Tin..,22,1853
15/6/2022,Round 1,MS,Brice LEVERDEZ Rank 41 Elo 1910 (+50),23-21 / 21-10,KIDAMBI Srikanth Rank 11 Elo 2303 (-46),42,https://badmintonranks.com/tournament?id=12514,4,Indonesia Open 2022,Brice LEVERDEZ,41,1910,KIDAMBI Srikanth,11,2303
15/6/2022,Round 1,WS,Line Højmark KJAERSF.. Rank 33 Elo 1947 (+18),21-16 / 21-8,Lianne TAN Rank 36 Elo 1825 (-20),36,https://badmintonranks.com/tournament?id=12514,4,Indonesia Open 2022,Line Højmark KJAERSF..,33,1947,Lianne TAN,36,1825
15/6/2022,Round 1,MD,LEE Yang / WANG C.. (4) Rank 4 Elo 2180 (+5),21-13 / 21-15,Supak JO.. / Kittinupon.. Rank 33 Elo 1808 (-7),31,https://badmintonranks.com/tournament?id=12514,4,Indonesia Open 2022,LEE Yang / WANG C.. (4),4,2180,Supak JO.. / Kittinupon..,33,1808
15/6/2022,Round 1,WS,TAI Tzu Ying (2) Rank 2 Elo 2516 (+2),21-14 / 21-14,YEO Jia Min Rank 18 Elo 1965 (-2),30,https://badmintonranks.com/tournament?id=12514,4,Indonesia Open 2022,TAI Tzu Ying (2),2,2516,YEO Jia Min,18,1965
15/6/2022,Round 1,MS,ZHAO Jun Peng Rank 35 Elo 2042 (+25),21-11 / 21-11,Mark CALJOUW Rank 27 Elo 2029 (-25),30,https://badmintonranks.com/tournament?id=12514,4,Indonesia Open 2022,ZHAO Jun Peng,35,2042,Mark CALJOUW,27,2029
15/6/2022,Round 1,XD,KO Sung .. / EOM Hye .. Rank 17 Elo 1994 (+17),21-14 / 19-21 / 21-16,Kyohei Y.. / Naru SHI.. Rank 31 Elo 1855 (-19),70,https://badmintonranks.com/tournament?id=12514,5,Indonesia Open 2022,KO Sung .. / EOM Hye ..,17,1994,Kyohei Y.. / Naru SHI..,31,1855
15/6/2022,Round 1,WD,Yuki FUK.. / Sayaka H.. (4) Rank 4 Elo 2079 (+13),21-14 / 21-15,Benyapa .. / Nuntakarn.. Rank 28 Elo 1882 (-14),37,https://badmintonranks.com/tournament?id=12514,5,Indonesia Open 2022,Yuki FUK.. / Sayaka H.. (4),4,2079,Benyapa .. / Nuntakarn..,28,1882
15/6/2022,Round 1,WS,Ratchanok INTANON (8) Rank 8 Elo 2317 (+21),21-17 / 21-17,Pornpawee CHOCHUW.. Rank 10 Elo 2260 (-21),35,https://badmintonranks.com/tournament?id=12514,5,Indonesia Open 2022,Ratchanok INTANON (8),8,2317,Pornpawee CHOCHUW..,10,2260
15/6/2022,Round 1,MS,Rasmus GEMKE Rank 13 Elo 2072 (+40),21-19 / 19-21 / 21-14,Kento MOMOTA (2) Rank 2 Elo 2282 (-39),82,https://badmintonranks.com/tournament?id=12514,5,Indonesia Open 2022,Rasmus GEMKE,13,2072,Kento MOMOTA (2),2,2282
15/6/2022,Round 1,WS,Iris WANG Rank 31 Elo 1945 (+21),21-9 / 21-15,Yvonne LI Rank 25 Elo 1860 (-23),35,https://badmintonranks.com/tournament?id=12514,5,Indonesia Open 2022,Iris WANG,31,1945,Yvonne LI,25,1860
15/6/2022,Round 1,MD,Muhamm.. / Bagas MA.. Rank 20 Elo 1969 (+15),21-16 / 21-16,Alexande.. / Adam HA.. Rank 31 Elo 1806 (-18),39,https://badmintonranks.com/tournament?id=12514,5,Indonesia Open 2022,Muhamm.. / Bagas MA..,20,1969,Alexande.. / Adam HA..,31,1806
15/6/2022,Round 1,MS,PRANNOY H. S. Rank 23 Elo 2126 (+35),21-10 / 21-9,Lakshya SEN (8) Rank 10 Elo 2249 (-34),34,https://badmintonranks.com/tournament?id=12514,5,Indonesia Open 2022,PRANNOY H. S.,23,2126,Lakshya SEN (8),10,2249
15/6/2022,Round 1,XD,Mathias .. / Alexandra .. Rank 15 Elo 1871 (+37),21-15 / 21-16,TAN Kian.. / LAI Pei Ji.. (8) Rank 9 Elo 1972 (-35),46,https://badmintonranks.com/tournament?id=12514,5,Indonesia Open 2022,Mathias .. / Alexandra ..,15,1871,TAN Kian.. / LAI Pei Ji.. (8),9,1972
15/6/2022,Round 1,WD,LEE So H.. / SHIN Se.. (2) Rank 2 Elo 2142 (+6),21-16 / 22-20,Febby Va.. / Ribka SU.. Rank 81 Elo 1786 (-7),47,https://badmintonranks.com/tournament?id=12514,5,Indonesia Open 2022,LEE So H.. / SHIN Se.. (2),2,2142,Febby Va.. / Ribka SU..,81,1786
15/6/2022,Round 1,WD,Pearly TA.. / THINAAH .. Rank 10 Elo 1978 (+12),21-12 / 21-16,Anna Chi.. / TEOH Mei.. Rank 44 Elo 1762 (-15),33,https://badmintonranks.com/tournament?id=12514,5,Indonesia Open 2022,Pearly TA.. / THINAAH ..,10,1978,Anna Chi.. / TEOH Mei..,44,1762
15/6/2022,Round 1,MS,Jonatan CHRISTIE (7) Rank 8 Elo 2230 (+7),22-20 / 21-8,Kantaphon WANGCHA.. Rank 22 Elo 1917 (-8),42,https://badmintonranks.com/tournament?id=12514,5,Indonesia Open 2022,Jonatan CHRISTIE (7),8,2230,Kantaphon WANGCHA..,22,1917
15/6/2022,Round 1,WD,JEONG .. / KIM Hye J.. Rank 17 Elo 2038 (+4),21-9 / 21-8,Haritha M.. / Ashna ROY Rank 111 Elo 1596 (-8),25,https://badmintonranks.com/tournament?id=12514,5,Indonesia Open 2022,JEONG .. / KIM Hye J..,17,2038,Haritha M.. / Ashna ROY,111,1596
15/6/2022,Round 1,WD,Febriana .. / Amallia C.. Rank 84 Elo 1695 (+38),21-19 / 17-21 / 21-15,Margot L.. / Anne TRAN Rank 55 Elo 1672 (-41),80,https://badmintonranks.com/tournament?id=12514,5,Indonesia Open 2022,Febriana .. / Amallia C..,84,1695,Margot L.. / Anne TRAN,55,1672
15/6/2022,Round 1,WD,Apriyani .. / Siti Fadia .. Rank 40 Elo 1986 (+42),21-7 / 17-21 / 21-17,Mayu MA.. / Wakana .. (5) Rank 5 Elo 2203 (-39),68,https://badmintonranks.com/tournament?id=12514,5,Indonesia Open 2022,Apriyani .. / Siti Fadia ..,40,1986,Mayu MA.. / Wakana .. (5),5,2203
15/6/2022,Round 1,MD,Ruben JI.. / Ties VAN .. Rank 44 Elo 1801 (+24),18-21 / 21-17 / 21-15,Christo P.. / Toma Juni.. Rank 28 Elo 1704 (-29),59,https://badmintonranks.com/tournament?id=12514,5,Indonesia Open 2022,Ruben JI.. / Ties VAN ..,44,1801,Christo P.. / Toma Juni..,28,1704
15/6/2022,Round 1,MS,NG Ka Long Angus Rank 12 Elo 2089 (+32),21-17 / 11-21 / 21-16,Shesar Hiren RHUSTAV.. Rank 24 Elo 2168 (-31),60,https://badmintonranks.com/tournament?id=12514,5,Indonesia Open 2022,NG Ka Long Angus,12,2089,Shesar Hiren RHUSTAV..,24,2168
15/6/2022,Round 1,MD,Fajar ALF.. / Muhamm.. (6) Rank 6 Elo 2175 (+17),21-19 / 21-14,GOH Sze.. / Nur IZZUD.. Rank 12 Elo 2053 (-17),39,https://badmintonranks.com/tournament?id=12514,5,Indonesia Open 2022,Fajar ALF.. / Muhamm.. (6),6,2175,GOH Sze.. / Nur IZZUD..,12,2053
15/6/2022,Round 1,WD,ZHANG .. / ZHENG Yu Rank 38 Elo 1975 (+8),21-9 / 21-10,Ashwini B.. / Shikha GA.. Rank 60 Elo 1684 (-13),28,https://badmintonranks.com/tournament?id=12514,5,Indonesia Open 2022,ZHANG .. / ZHENG Yu,38,1975,Ashwini B.. / Shikha GA..,60,1684
15/6/2022,Round 1,XD,CHAN Pe.. / CHEAH Y.. Rank Elo 1711 (+55),21-15 / 21-16,Marcus E.. / Lauren S.. Rank 11 Elo 1866 (-42),40,https://badmintonranks.com/tournament?id=12514,5,Indonesia Open 2022,CHAN Pe.. / CHEAH Y..,,1711,Marcus E.. / Lauren S..,11,1866
15/6/2022,Round 1,MS,CHOU Tien Chen (4) Rank 4 Elo 2299 (+24),22-20 / 19-21 / 21-12,Kunlavut VITIDSARN Rank 18 Elo 2281 (-24),74,https://badmintonranks.com/tournament?id=12514,5,Indonesia Open 2022,CHOU Tien Chen (4),4,2299,Kunlavut VITIDSARN,18,2281
15/6/2022,Round 1,MD,M.R.ARJ.. / DHRUV K.. Rank 40 Elo 1693 (+58),27-25 / 18-21 / 21-19,Keiichiro .. / Yoshinori .. Rank 30 Elo 1839 (-42),83,https://badmintonranks.com/tournament?id=12514,6,Indonesia Open 2022,M.R.ARJ.. / DHRUV K..,40,1693,Keiichiro .. / Yoshinori ..,30,1839
15/6/2022,Round 1,MD,Pramudy.. / Yeremia E.. Rank 16 Elo 2040 (+8),21-19 / 21-15,Ben LANE / Sean VEN.. Rank 19 Elo 1743 (-11),37,https://badmintonranks.com/tournament?id=12514,6,Indonesia Open 2022,Pramudy.. / Yeremia E..,16,2040,Ben LANE / Sean VEN..,19,1743
15/6/2022,Round 1,MD,LIU Yu C.. / OU Xuan .. Rank 75 Elo 1913 (+37),21-17 / 24-22,Hendra S.. / Mohamm.. (2) Rank 3 Elo 2028 (-34),43,https://badmintonranks.com/tournament?id=12514,6,Indonesia Open 2022,LIU Yu C.. / OU Xuan ..,75,1913,Hendra S.. / Mohamm.. (2),3,2028
15/6/2022,Round 1,XD,CHEN Ta.. / Valeree SI.. Rank Elo 1711 (+40),21-17 / 21-14,CHOON.. / PECK Yen.. Rank Elo 1715 (-39),36,https://badmintonranks.com/tournament?id=12514,6,Indonesia Open 2022,CHEN Ta.. / Valeree SI..,,1711,CHOON.. / PECK Yen..,,1715
15/6/2022,Round 1,MS,LEE Cheuk Yiu Rank 17 Elo 2039 (+27),21-19 / 21-18,LIEW Daren Rank 28 Elo 2043 (-26),45,https://badmintonranks.com/tournament?id=12514,6,Indonesia Open 2022,LEE Cheuk Yiu,17,2039,LIEW Daren,28,2043
15/6/2022,Round 1,WD,Gabriela .. / Stefani S.. (8) Rank 9 Elo 2051 (+0),W.O.,Rin IWAN.. / Kie NAKA.. Rank 19 Elo 1934 (-0),0,https://badmintonranks.com/tournament?id=12514,6,Indonesia Open 2022,Gabriela .. / Stefani S.. (8),9,2051,Rin IWAN.. / Kie NAKA..,19,1934
15/6/2022,Round 1,WS,CHEN Yu Fei (4) Rank 4 Elo 2502 (+4),21-10 / 21-17,KIM Ga Eun Rank 19 Elo 2083 (-4),39,https://badmintonranks.com/tournament?id=12514,6,Indonesia Open 2022,CHEN Yu Fei (4),4,2502,KIM Ga Eun,19,2083
15/6/2022,Round 1,WS,Nozomi OKUHARA (6) Rank 6 Elo 2330 (+2),21-14 / 21-18,PAI Yu Po Rank 41 Elo 1826 (-3),40,https://badmintonranks.com/tournament?id=12514,6,Indonesia Open 2022,Nozomi OKUHARA (6),6,2330,PAI Yu Po,41,1826
15/6/2022,Round 1,XD,Praveen .. / Melati Da.. (5) Rank 5 Elo 1995 (+13),21-6 / 21-18,Adam HA.. / Julie MAC.. Rank 41 Elo 1808 (-16),30,https://badmintonranks.com/tournament?id=12514,6,Indonesia Open 2022,Praveen .. / Melati Da.. (5),5,1995,Adam HA.. / Julie MAC..,41,1808
15/6/2022,Round 1,XD,WANG Yi.. / HUANG .. (4) Rank 4 Elo 2242 (+4),13-21 / 21-19 / 26-24,HEE Yon.. / TAN Wei .. Rank 39 Elo 1836 (-6),73,https://badmintonranks.com/tournament?id=12514,6,Indonesia Open 2022,WANG Yi.. / HUANG .. (4),4,2242,HEE Yon.. / TAN Wei ..,39,1836
15/6/2022,Round 1,MD,Aaron CH.. / SOH Wo.. (5) Rank 7 Elo 2081 (+8),21-18 / 11-21 / 21-11,KIM Gi Ju.. / KIM Sa R.. Rank 113 Elo 1792 (-11),48,https://badmintonranks.com/tournament?id=12514,6,Indonesia Open 2022,Aaron CH.. / SOH Wo.. (5),7,2081,KIM Gi Ju.. / KIM Sa R..,113,1792
15/6/2022,Round 1,XD,ZHENG .. / HUANG .. (2) Rank 2 Elo 2342 (+1),21-17 / 21-19,GUO Xin .. / ZHANG S.. Rank 42 Elo 1673 (-2),36,https://badmintonranks.com/tournament?id=12514,6,Indonesia Open 2022,ZHENG .. / HUANG .. (2),2,2342,GUO Xin .. / ZHANG S..,42,1673
15/6/2022,Round 1,WS,Lalinrat CHAIWAN Rank 21 Elo 2067 (+23),21-17 / 10-21 / 21-12,Gregoria Mariska TUNJ.. Rank 30 Elo 2027 (-23),52,https://badmintonranks.com/tournament?id=12514,6,Indonesia Open 2022,Lalinrat CHAIWAN,21,2067,Gregoria Mariska TUNJ..,30,2027
15/6/2022,Round 1,WS,ZHANG Yi Man Rank 32 Elo 2023 (+5),13-6 Ret.,Supanida KATETHONG Rank 26 Elo 1996 (-5),10,https://badmintonranks.com/tournament?id=12514,6,Indonesia Open 2022,ZHANG Yi Man,32,2023,Supanida KATETHONG,26,1996
15/6/2022,Round 1,XD,Supak JO.. / Supissara .. Rank 22 Elo 1941 (+11),21-17 / 13-21 / 21-15,KIM Won .. / JEONG N.. Rank 119 Elo 1705 (-17),53,https://badmintonranks.com/tournament?id=12514,6,Indonesia Open 2022,Supak JO.. / Supissara ..,22,1941,KIM Won .. / JEONG N..,119,1705
14/6/2022,Round 1,MD,KANG Mi.. / SEO Seun.. Rank 56 Elo 2006 (+10),21-13 / 21-11,Sabar Ka.. / Moh Reza.. Rank 77 Elo 1771 (-14),35,https://badmintonranks.com/tournament?id=12514,6,Indonesia Open 2022,KANG Mi.. / SEO Seun..,56,2006,Sabar Ka.. / Moh Reza..,77,1771
14/6/2022,Round 1,WD,Vivian H.. / LIM Chiew.. Rank 35 Elo 1757 (+20),21-10 / 21-5,Jaqueline.. / Samia LIM.. Rank 58 Elo 1603 (-32),26,https://badmintonranks.com/tournament?id=12514,6,Indonesia Open 2022,Vivian H.. / LIM Chiew..,35,1757,Jaqueline.. / Samia LIM..,58,1603
14/6/2022,Round 1,MD,ONG Yew.. / TEO Ee Yi Rank 10 Elo 1973 (+14),21-14 / 21-14,Jeppe BA.. / Lasse MØ.. Rank 32 Elo 1794 (-17),36,https://badmintonranks.com/tournament?id=12514,6,Indonesia Open 2022,ONG Yew.. / TEO Ee Yi,10,1973,Jeppe BA.. / Lasse MØ..,32,1794
14/6/2022,Round 1,MD,Akira KO.. / Taichi SAI.. Rank 22 Elo 1950 (+31),21-18 / 22-20,Mark LA.. / Marvin SE.. Rank 13 Elo 2000 (-31),47,https://badmintonranks.com/tournament?id=12514,6,Indonesia Open 2022,Akira KO.. / Taichi SAI..,22,1950,Mark LA.. / Marvin SE..,13,2000
14/6/2022,Round 1,MS,Sameer VERMA Rank 30 Elo 2026 (+13),21-19 / 21-15,Thomas ROUXEL Rank 43 Elo 1829 (-15),45,https://badmintonranks.com/tournament?id=12514,6,Indonesia Open 2022,Sameer VERMA,30,2026,Thomas ROUXEL,43,1829
14/6/2022,Round 1,MD,Takuro H.. / Yugo KO.. (3) Rank 2 Elo 2164 (+2),21-8 / 21-11,ATTRI M.. / REDDY B... Rank 45 Elo 1562 (-4),26,https://badmintonranks.com/tournament?id=12514,7,Indonesia Open 2022,Takuro H.. / Yugo KO.. (3),2,2164,ATTRI M.. / REDDY B...,45,1562
14/6/2022,Round 1,MD,Marcus G.. / Kevin SU.. (1) Rank 1 Elo 2263 (+2),21-19 / 21-16,Wahyu N.. / Ade Yusuf.. Rank 36 Elo 1716 (-4),39,https://badmintonranks.com/tournament?id=12514,7,Indonesia Open 2022,Marcus G.. / Kevin SU.. (1),1,2263,Wahyu N.. / Ade Yusuf..,36,1716
14/6/2022,Round 1,XD,Yuta WAT.. / Arisa IGA.. (3) Rank 3 Elo 2324 (+3),27-25 / 21-23 / 21-15,Robin TA.. / Selena PI.. Rank 21 Elo 1859 (-4),65,https://badmintonranks.com/tournament?id=12514,7,Indonesia Open 2022,Yuta WAT.. / Arisa IGA.. (3),3,2324,Robin TA.. / Selena PI..,21,1859
14/6/2022,Round 1,WS,AN Se Young (3) Rank 3 Elo 2423 (+4),21-13 / 21-10,Neslihan ARIN Rank 27 Elo 2001 (-4),31,https://badmintonranks.com/tournament?id=12514,7,Indonesia Open 2022,AN Se Young (3),3,2423,Neslihan ARIN,27,2001
14/6/2022,Round 1,MS,Viktor AXELSEN (1) Rank 1 Elo 2618 (+3),21-8 / 21-4,Kanta TSUNEYAMA Rank 14 Elo 2139 (-3),32,https://badmintonranks.com/tournament?id=12514,7,Indonesia Open 2022,Viktor AXELSEN (1),1,2618,Kanta TSUNEYAMA,14,2139
14/6/2022,Round 1,MD,Leo Rolly.. / Daniel MA.. Rank 23 Elo 1955 (+9),21-16 / 21-17,Fabien D.. / William VI.. Rank 35 Elo 1669 (-14),40,https://badmintonranks.com/tournament?id=12514,7,Indonesia Open 2022,Leo Rolly.. / Daniel MA..,23,1955,Fabien D.. / William VI..,35,1669
14/6/2022,Round 1,WD,DU Yue / LI Wen Me.. Rank 45 Elo 1938 (+7),21-10 / 21-14,LOW Yee.. / Valeree SI.. Rank 73 Elo 1601 (-14),38,https://badmintonranks.com/tournament?id=12514,7,Indonesia Open 2022,DU Yue / LI Wen Me..,45,1938,LOW Yee.. / Valeree SI..,73,1601
14/6/2022,Round 1,WD,Ashwini P.. / REDDY Si.. Rank 23 Elo 1653 (+40),21-15 / 21-8,Srivedya .. / Ishika JAI.. Rank 107 Elo 1605 (-47),27,https://badmintonranks.com/tournament?id=12514,7,Indonesia Open 2022,Ashwini P.. / REDDY Si..,23,1653,Srivedya .. / Ishika JAI..,107,1605
14/6/2022,Round 1,XD,HOO Pan.. / TOH Ee W.. Rank Elo 1726 (+61),21-14 / 21-19,Yuki KAN.. / Misaki MA.. Rank 16 Elo 1967 (-43),31,https://badmintonranks.com/tournament?id=12514,7,Indonesia Open 2022,HOO Pan.. / TOH Ee W..,,1726,Yuki KAN.. / Misaki MA..,16,1967
14/6/2022,Round 1,XD,SOONG .. / GOH Liu .. Rank Elo 1637 (+55),21-13 / 22-20,Hafiz FAI.. / Serena K.. Rank Elo 1682 (-48),39,https://badmintonranks.com/tournament?id=12514,7,Indonesia Open 2022,SOONG .. / GOH Liu ..,,1637,Hafiz FAI.. / Serena K..,,1682
14/6/2022,Round 1,WS,Kirsty GILMOUR Rank 17 Elo 2109 (+13),17-21 / 21-16 / 21-19,Line CHRISTOPHERSEN Rank 22 Elo 1924 (-14),59,https://badmintonranks.com/tournament?id=12514,7,Indonesia Open 2022,Kirsty GILMOUR,17,2109,Line CHRISTOPHERSEN,22,1924
14/6/2022,Round 1,MD,CHOI Sol.. / KIM Won .. Rank 83 Elo 1764 (+28),21-18 / 21-19,Christoph.. / Matthew .. Rank 51 Elo 1692 (-33),44,https://badmintonranks.com/tournament?id=12514,7,Indonesia Open 2022,CHOI Sol.. / KIM Won ..,83,1764,Christoph.. / Matthew ..,51,1692
14/6/2022,Round 1,MS,LU Guang Zu Rank 25 Elo 2141 (+25),21-18 / 21-13,Kenta NISHIMOTO Rank 20 Elo 2143 (-25),57,https://badmintonranks.com/tournament?id=12514,7,Indonesia Open 2022,LU Guang Zu,25,2141,Kenta NISHIMOTO,20,2143
14/6/2022,Round 1,MD,Kim AST.. / Anders S.. (8) Rank 9 Elo 2041 (+15),21-15 / 21-16,LU Ching.. / YANG Po .. Rank 24 Elo 1880 (-17),46,https://badmintonranks.com/tournament?id=12514,7,Indonesia Open 2022,Kim AST.. / Anders S.. (8),9,2041,LU Ching.. / YANG Po ..,24,1880
14/6/2022,Round 1,WS,WANG Zhi Yi Rank 14 Elo 2157 (+17),21-5 / 21-12,Michelle LI Rank 12 Elo 2035 (-18),31,https://badmintonranks.com/tournament?id=12514,7,Indonesia Open 2022,WANG Zhi Yi,14,2157,Michelle LI,12,2035
14/6/2022,Round 1,XD,Thom GI.. / Delphine .. Rank 10 Elo 2056 (+7),21-13 / 21-8,Fabricio .. / Jaqueline .. Rank 61 Elo 1710 (-10),29,https://badmintonranks.com/tournament?id=12514,7,Indonesia Open 2022,Thom GI.. / Delphine ..,10,2056,Fabricio .. / Jaqueline ..,61,1710
14/6/2022,Round 1,WD,Jongkolp.. / Rawinda .. (7) Rank 8 Elo 1915 (+28),21-18 / 16-21 / 21-12,Rachel H.. / Kristen TS.. Rank 20 Elo 1919 (-28),73,https://badmintonranks.com/tournament?id=12514,7,Indonesia Open 2022,Jongkolp.. / Rawinda .. (7),8,1915,Rachel H.. / Kristen TS..,20,1919
14/6/2022,Round 1,WS,Carolina MARIN (5) Rank 5 Elo 2433 (+1),21-17 / 21-17,Julie Dawall JAKOBSEN Rank 39 Elo 1807 (-1),49,https://badmintonranks.com/tournament?id=12514,7,Indonesia Open 2022,Carolina MARIN (5),5,2433,Julie Dawall JAKOBSEN,39,1807
14/6/2022,Round 1,MS,Anthony Sinisuka GIN.. (5) Rank 6 Elo 2232 (+8),21-17 / 22-20,Tommy SUGIARTO Rank 33 Elo 1947 (-9),47,https://badmintonranks.com/tournament?id=12514,7,Indonesia Open 2022,Anthony Sinisuka GIN.. (5),6,2232,Tommy SUGIARTO,33,1947
14/6/2022,Round 1,WD,CHEN Qi.. / JIA Yi Fan (1) Rank 1 Elo 2306 (+4),21-14 / 20-22 / 23-21,BAEK Ha.. / LEE Yu Lim Rank 42 Elo 1882 (-5),90,https://badmintonranks.com/tournament?id=12514,7,Indonesia Open 2022,CHEN Qi.. / JIA Yi Fan (1),1,2306,BAEK Ha.. / LEE Yu Lim,42,1882
14/6/2022,Round 1,XD,SEO Seu.. / CHAE Yu.. (6) Rank 6 Elo 2053 (+16),21-19 / 21-11,Rinov RI.. / Pitha Hani.. Rank 19 Elo 1915 (-17),37,https://badmintonranks.com/tournament?id=12514,8,Indonesia Open 2022,SEO Seu.. / CHAE Yu.. (6),6,2053,Rinov RI.. / Pitha Hani..,19,1915
14/6/2022,Round 1,MS,LEE Zii Jia (6) Rank 5 Elo 2428 (+3),21-15 / 21-14,Sitthikom THAMMASIN Rank 32 Elo 1949 (-3),41,https://badmintonranks.com/tournament?id=12514,8,Indonesia Open 2022,LEE Zii Jia (6),5,2428,Sitthikom THAMMASIN,32,1949
14/6/2022,Round 1,WS,Sayaka TAKAHASHI Rank 13 Elo 2201 (+15),21-16 / 21-14,ZHANG Beiwen Rank 16 Elo 2042 (-15),32,https://badmintonranks.com/tournament?id=12514,8,Indonesia Open 2022,Sayaka TAKAHASHI,13,2201,ZHANG Beiwen,16,2042
14/6/2022,Round 1,XD,GOH Soo.. / LAI Shevo.. Rank 14 Elo 1870 (+55),21-18 / 7-21 / 22-20,Dechapol.. / Sapsiree .. (1) Rank 1 Elo 2360 (-48),69,https://badmintonranks.com/tournament?id=12514,8,Indonesia Open 2022,GOH Soo.. / LAI Shevo..,14,1870,Dechapol.. / Sapsiree .. (1),1,2360
14/6/2022,Round 1,XD,Mark LA.. / Isabel LO.. Rank 12 Elo 2025 (+11),21-13 / 16-21 / 21-17,Rehan N.. / Lisa Ayu K.. Rank 46 Elo 1792 (-14),60,https://badmintonranks.com/tournament?id=12514,8,Indonesia Open 2022,Mark LA.. / Isabel LO..,12,2025,Rehan N.. / Lisa Ayu K..,46,1792
14/6/2022,Round 1,WS,Busanan ONGBAMRUN.. Rank 11 Elo 2176 (+12),21-15 / 12-21 / 22-20,HAN Yue Rank 23 Elo 1981 (-13),60,https://badmintonranks.com/tournament?id=12514,8,Indonesia Open 2022,Busanan ONGBAMRUN..,11,2176,HAN Yue,23,1981
14/6/2022,Round 1,MS,LOH Kean Yew Rank 9 Elo 2290 (+10),21-12 / 23-21,HEO Kwang Hee Rank 31 Elo 2032 (-10),42,https://badmintonranks.com/tournament?id=12514,8,Indonesia Open 2022,LOH Kean Yew,9,2290,HEO Kwang Hee,31,2032
14/6/2022,Round 1,WD,Debora JI.. / Cheryl SEI.. Rank 41 Elo 1787 (+9),21-16 / 21-10,Mariia ST.. / Yelyzaveta.. Rank 68 Elo 1473 (-23),37,https://badmintonranks.com/tournament?id=12514,8,Indonesia Open 2022,Debora JI.. / Cheryl SEI..,41,1787,Mariia ST.. / Yelyzaveta..,68,1473
14/6/2022,Round 1,MS,Toma Junior POPOV Rank 26 Elo 2039 (+17),21-15 / 21-15,Nhat NGUYEN Rank 39 Elo 1913 (-18),57,https://badmintonranks.com/tournament?id=12514,8,Indonesia Open 2022,Toma Junior POPOV,26,2039,Nhat NGUYEN,39,1913
14/6/2022,Round 1,WS,Akane YAMAGUCHI (1) Rank 1 Elo 2457 (+5),21-15 / 21-18,Mia BLICHFELDT Rank 15 Elo 2067 (-5),41,https://badmintonranks.com/tournament?id=12514,8,Indonesia Open 2022,Akane YAMAGUCHI (1),1,2457,Mia BLICHFELDT,15,2067
14/6/2022,Round 1,WD,Nami MA.. / Chiharu .. (6) Rank 7 Elo 2260 (+1),21-14 / 24-22,Julie FIN.. / Mai SURR.. Rank 54 Elo 1509 (-2),48,https://badmintonranks.com/tournament?id=12514,8,Indonesia Open 2022,Nami MA.. / Chiharu .. (6),7,2260,Julie FIN.. / Mai SURR..,54,1509
14/6/2022,Round 1,XD,CHANG .. / NG Wing .. Rank 27 Elo 1749 (+26),21-14 / 21-11,Ishaan B.. / Tanisha C.. Rank 47 Elo 1653 (-34),32,https://badmintonranks.com/tournament?id=12514,8,Indonesia Open 2022,CHANG .. / NG Wing ..,27,1749,Ishaan B.. / Tanisha C..,47,1653
14/6/2022,Round 1,WS,HE Bing Jiao Rank 9 Elo 2412 (+18),21-14 / 21-18,PUSARLA V. Sindhu (7) Rank 7 Elo 2312 (-18),47,https://badmintonranks.com/tournament?id=12514,8,Indonesia Open 2022,HE Bing Jiao,9,2412,PUSARLA V. Sindhu (7),7,2312
14/6/2022,Round 1,WD,LIU Xuan.. / XIA Yu Tin.. Rank 22 Elo 1843 (+10),21-10 / 21-8,Julie MA.. / Ciara TOR.. Rank 46 Elo 1564 (-21),33,https://badmintonranks.com/tournament?id=12514,8,Indonesia Open 2022,LIU Xuan.. / XIA Yu Tin..,22,1843,Julie MA.. / Ciara TOR..,46,1564
14/6/2022,Round 1,MS,Hans-Kristian Solberg VI.. Rank 21 Elo 2081 (+15),21-16 / 21-19,SAI PRANEETH B. Rank 19 Elo 1933 (-17),45,https://badmintonranks.com/tournament?id=12514,8,Indonesia Open 2022,Hans-Kristian Solberg VI..,21,2081,SAI PRANEETH B.,19,1933
28/11/2021,Final,MS,Viktor AXELSEN (2) Rank 2 Elo 2596 (+8),21-13 / 9-21 / 21-13,LOH Kean Yew Rank 26 Elo 2282 (-8),59,https://badmintonranks.com/tournament?id=12423,1,Indonesia Open 2021,Viktor AXELSEN (2),2,2596,LOH Kean Yew,26,2282
28/11/2021,Final,MD,Marcus G.. / Kevin SU.. (1) Rank 1 Elo 2296 (+25),21-14 / 21-18,Takuro H.. / Yugo KOB.. Rank 7 Elo 2262 (-25),38,https://badmintonranks.com/tournament?id=12423,1,Indonesia Open 2021,Marcus G.. / Kevin SU.. (1),1,2296,Takuro H.. / Yugo KOB..,7,2262
28/11/2021,Final,XD,Dechapol.. / Sapsiree .. (1) Rank 2 Elo 2316 (+33),21-12 / 21-13,Yuta WAT.. / Arisa IGA.. (3) Rank 4 Elo 2386 (-33),41,https://badmintonranks.com/tournament?id=12423,1,Indonesia Open 2021,Dechapol.. / Sapsiree .. (1),2,2316,Yuta WAT.. / Arisa IGA.. (3),4,2386
28/11/2021,Final,WD,Nami MA.. / Chiharu .. (4) Rank 9 Elo 2188 (+31),21-19 / 21-19,Greysia P.. / Apriyani .. (2) Rank 6 Elo 2227 (-31),65,https://badmintonranks.com/tournament?id=12423,1,Indonesia Open 2021,Nami MA.. / Chiharu .. (4),9,2188,Greysia P.. / Apriyani .. (2),6,2227
28/11/2021,Final,WS,AN Se Young (4) Rank 6 Elo 2465 (+14),21-17 / 22-20,Ratchanok INTANON (2) Rank 8 Elo 2285 (-14),46,https://badmintonranks.com/tournament?id=12423,1,Indonesia Open 2021,AN Se Young (4),6,2465,Ratchanok INTANON (2),8,2285
27/11/2021,Semi final,MS,LOH Kean Yew Rank 26 Elo 2262 (+20),21-14 / 21-7,Rasmus GEMKE Rank 13 Elo 2173 (-21),42,https://badmintonranks.com/tournament?id=12423,1,Indonesia Open 2021,LOH Kean Yew,26,2262,Rasmus GEMKE,13,2173
27/11/2021,Semi final,MD,Takuro H.. / Yugo KOB.. Rank 7 Elo 2253 (+9),22-20 / 21-14,Akira KO.. / Taichi SAI.. Rank 24 Elo 1973 (-9),48,https://badmintonranks.com/tournament?id=12423,1,Indonesia Open 2021,Takuro H.. / Yugo KOB..,7,2253,Akira KO.. / Taichi SAI..,24,1973
27/11/2021,Semi final,MS,Viktor AXELSEN (2) Rank 2 Elo 2590 (+6),21-19 / 21-15,Jonatan CHRISTIE (6) Rank 8 Elo 2248 (-6),54,https://badmintonranks.com/tournament?id=12423,1,Indonesia Open 2021,Viktor AXELSEN (2),2,2590,Jonatan CHRISTIE (6),8,2248
27/11/2021,Semi final,MD,Marcus G.. / Kevin SU.. (1) Rank 1 Elo 2283 (+13),21-16 / 21-18,Satwiksai.. / Chirag S.. (6) Rank 11 Elo 2092 (-13),44,https://badmintonranks.com/tournament?id=12423,1,Indonesia Open 2021,Marcus G.. / Kevin SU.. (1),1,2283,Satwiksai.. / Chirag S.. (6),11,2092
27/11/2021,Semi final,WD,Nami MA.. / Chiharu .. (4) Rank 9 Elo 2181 (+7),21-19 / 21-18,BAEK Ha.. / LEE Yu Lim Rank 82 Elo 1867 (-9),58,https://badmintonranks.com/tournament?id=12423,1,Indonesia Open 2021,Nami MA.. / Chiharu .. (4),9,2181,BAEK Ha.. / LEE Yu Lim,82,1867
27/11/2021,Semi final,WD,Greysia P.. / Apriyani .. (2) Rank 6 Elo 2217 (+10),21-18 / 21-14,Jongkolp.. / Rawinda .. (3) Rank 8 Elo 1955 (-10),58,https://badmintonranks.com/tournament?id=12423,1,Indonesia Open 2021,Greysia P.. / Apriyani .. (2),6,2217,Jongkolp.. / Rawinda .. (3),8,1955
27/11/2021,Semi final,XD,Yuta WAT.. / Arisa IGA.. (3) Rank 4 Elo 2380 (+6),21-16 / 21-12,Mathias .. / Alexandra .. Rank 15 Elo 2027 (-6),39,https://badmintonranks.com/tournament?id=12423,1,Indonesia Open 2021,Yuta WAT.. / Arisa IGA.. (3),4,2380,Mathias .. / Alexandra ..,15,2027
27/11/2021,Semi final,WS,Ratchanok INTANON (2) Rank 8 Elo 2251 (+34),15-21 / 21-9 / 21-14,PUSARLA V. Sindhu (3) Rank 7 Elo 2356 (-34),54,https://badmintonranks.com/tournament?id=12423,1,Indonesia Open 2021,Ratchanok INTANON (2),8,2251,PUSARLA V. Sindhu (3),7,2356
27/11/2021,Semi final,XD,Dechapol.. / Sapsiree .. (1) Rank 2 Elo 2308 (+8),21-17 / 18-21 / 21-14,KO Sung .. / EOM Hye .. Rank 21 Elo 2008 (-8),80,https://badmintonranks.com/tournament?id=12423,1,Indonesia Open 2021,Dechapol.. / Sapsiree .. (1),2,2308,KO Sung .. / EOM Hye ..,21,2008
27/11/2021,Semi final,WS,AN Se Young (4) Rank 6 Elo 2450 (+15),21-19 / 21-19,Pornpawee CHOCHU.. (5) Rank 10 Elo 2285 (-15),50,https://badmintonranks.com/tournament?id=12423,1,Indonesia Open 2021,AN Se Young (4),6,2450,Pornpawee CHOCHU.. (5),10,2285
26/11/2021,Quarter final,MD,Takuro H.. / Yugo KOB.. Rank 7 Elo 2241 (+12),14-21 / 21-15 / 21-14,Kim AST.. / Anders S.. (7) Rank 9 Elo 2037 (-13),66,https://badmintonranks.com/tournament?id=12423,1,Indonesia Open 2021,Takuro H.. / Yugo KOB..,7,2241,Kim AST.. / Anders S.. (7),9,2037
26/11/2021,Quarter final,MS,Viktor AXELSEN (2) Rank 2 Elo 2588 (+2),21-12 / 21-8,SAI PRANEETH B. Rank 16 Elo 2022 (-2),36,https://badmintonranks.com/tournament?id=12423,1,Indonesia Open 2021,Viktor AXELSEN (2),2,2588,SAI PRANEETH B.,16,2022
26/11/2021,Quarter final,MS,Jonatan CHRISTIE (6) Rank 8 Elo 2248 (+0),W.O.,Anders ANTONSEN (3) Rank 3 Elo 2374 (-3),0,https://badmintonranks.com/tournament?id=12423,1,Indonesia Open 2021,Jonatan CHRISTIE (6),8,2248,Anders ANTONSEN (3),3,2374
26/11/2021,Quarter final,MD,Akira KO.. / Taichi SAI.. Rank 24 Elo 1934 (+39),21-10 / 13-21 / 21-14,Fajar ALF.. / Muhamm.. (4) Rank 8 Elo 2071 (-37),70,https://badmintonranks.com/tournament?id=12423,1,Indonesia Open 2021,Akira KO.. / Taichi SAI..,24,1934,Fajar ALF.. / Muhamm.. (4),8,2071
26/11/2021,Quarter final,WD,Nami MA.. / Chiharu .. (4) Rank 9 Elo 2177 (+4),21-17 / 21-13,Febriana .. / Amallia C.. Rank 78 Elo 1707 (-5),43,https://badmintonranks.com/tournament?id=12423,1,Indonesia Open 2021,Nami MA.. / Chiharu .. (4),9,2177,Febriana .. / Amallia C..,78,1707
26/11/2021,Quarter final,MS,LOH Kean Yew Rank 26 Elo 2243 (+19),21-9 / 21-4,Hans-Kristian Solberg VI.. Rank 21 Elo 2139 (-19),25,https://badmintonranks.com/tournament?id=12423,2,Indonesia Open 2021,LOH Kean Yew,26,2243,Hans-Kristian Solberg VI..,21,2139
26/11/2021,Quarter final,WD,BAEK Ha.. / LEE Yu Lim Rank 82 Elo 1810 (+57),18-21 / 21-19 / 21-15,KIM So Y.. / KONG H.. (1) Rank 4 Elo 2143 (-47),100,https://badmintonranks.com/tournament?id=12423,2,Indonesia Open 2021,BAEK Ha.. / LEE Yu Lim,82,1810,KIM So Y.. / KONG H.. (1),4,2143
26/11/2021,Quarter final,MD,Satwiksai.. / Chirag S.. (6) Rank 11 Elo 2072 (+20),21-19 / 21-19,GOH Sze.. / Nur IZZUD.. Rank 19 Elo 1983 (-21),43,https://badmintonranks.com/tournament?id=12423,2,Indonesia Open 2021,Satwiksai.. / Chirag S.. (6),11,2072,GOH Sze.. / Nur IZZUD..,19,1983
26/11/2021,Quarter final,WD,Jongkolp.. / Rawinda .. (3) Rank 8 Elo 1923 (+32),21-10 / 21-14,Gabriela .. / Stefani S.. (5) Rank 11 Elo 1964 (-32),42,https://badmintonranks.com/tournament?id=12423,2,Indonesia Open 2021,Jongkolp.. / Rawinda .. (3),8,1923,Gabriela .. / Stefani S.. (5),11,1964
26/11/2021,Quarter final,MS,Rasmus GEMKE Rank 13 Elo 2146 (+27),21-18 / 21-17,Kenta NISHIMOTO Rank 17 Elo 2148 (-26),64,https://badmintonranks.com/tournament?id=12423,2,Indonesia Open 2021,Rasmus GEMKE,13,2146,Kenta NISHIMOTO,17,2148
26/11/2021,Quarter final,MD,Marcus G.. / Kevin SU.. (1) Rank 1 Elo 2270 (+13),14-21 / 21-14 / 21-16,ONG Yew.. / TEO Ee Yi Rank 12 Elo 2081 (-13),52,https://badmintonranks.com/tournament?id=12423,2,Indonesia Open 2021,Marcus G.. / Kevin SU.. (1),1,2270,ONG Yew.. / TEO Ee Yi,12,2081
26/11/2021,Quarter final,XD,KO Sung .. / EOM Hye .. Rank 21 Elo 1989 (+19),15-21 / 21-16 / 21-18,CHAN Pe.. / GOH Liu .. (5) Rank 9 Elo 1875 (-20),72,https://badmintonranks.com/tournament?id=12423,2,Indonesia Open 2021,KO Sung .. / EOM Hye ..,21,1989,CHAN Pe.. / GOH Liu .. (5),9,1875
26/11/2021,Quarter final,XD,Dechapol.. / Sapsiree .. (1) Rank 2 Elo 2301 (+7),21-10 / 21-11,TAN Kian.. / LAI Pei Jin.. Rank 12 Elo 1971 (-7),33,https://badmintonranks.com/tournament?id=12423,2,Indonesia Open 2021,Dechapol.. / Sapsiree .. (1),2,2301,TAN Kian.. / LAI Pei Jin..,12,1971
26/11/2021,Quarter final,WD,Greysia P.. / Apriyani .. (2) Rank 6 Elo 2210 (+7),21-16 / 12-21 / 21-18,Mayu MA.. / Ayako SA.. (7) Rank 82 Elo 1884 (-8),76,https://badmintonranks.com/tournament?id=12423,2,Indonesia Open 2021,Greysia P.. / Apriyani .. (2),6,2210,Mayu MA.. / Ayako SA.. (7),82,1884
26/11/2021,Quarter final,XD,Mathias .. / Alexandra .. Rank 15 Elo 2001 (+26),14-21 / 21-11 / 21-18,Hafiz FAI.. / Gloria E.. (6) Rank 10 Elo 1983 (-27),64,https://badmintonranks.com/tournament?id=12423,2,Indonesia Open 2021,Mathias .. / Alexandra ..,15,2001,Hafiz FAI.. / Gloria E.. (6),10,1983
26/11/2021,Quarter final,WS,Ratchanok INTANON (2) Rank 8 Elo 2245 (+6),21-17 / 21-12,Asuka TAKAHASHI Rank 71 Elo 1863 (-6),39,https://badmintonranks.com/tournament?id=12423,2,Indonesia Open 2021,Ratchanok INTANON (2),8,2245,Asuka TAKAHASHI,71,1863
26/11/2021,Quarter final,WS,Pornpawee CHOCHU.. (5) Rank 10 Elo 2242 (+43),21-6 / 21-23 / 21-11,Akane YAMAGUCHI (1) Rank 3 Elo 2506 (-43),72,https://badmintonranks.com/tournament?id=12423,2,Indonesia Open 2021,Pornpawee CHOCHU.. (5),10,2242,Akane YAMAGUCHI (1),3,2506
26/11/2021,Quarter final,XD,Yuta WAT.. / Arisa IGA.. (3) Rank 4 Elo 2370 (+10),21-17 / 21-8,TANG Ch.. / TSE Ying.. (8) Rank 7 Elo 2107 (-10),32,https://badmintonranks.com/tournament?id=12423,2,Indonesia Open 2021,Yuta WAT.. / Arisa IGA.. (3),4,2370,TANG Ch.. / TSE Ying.. (8),7,2107
26/11/2021,Quarter final,WS,PUSARLA V. Sindhu (3) Rank 7 Elo 2353 (+3),14-21 / 21-19 / 21-14,SIM Yu Jin Rank 54 Elo 1875 (-4),66,https://badmintonranks.com/tournament?id=12423,2,Indonesia Open 2021,PUSARLA V. Sindhu (3),7,2353,SIM Yu Jin,54,1875
26/11/2021,Quarter final,WS,AN Se Young (4) Rank 6 Elo 2442 (+8),21-13 / 21-11,Lalinrat CHAIWAN Rank 21 Elo 2125 (-7),34,https://badmintonranks.com/tournament?id=12423,2,Indonesia Open 2021,AN Se Young (4),6,2442,Lalinrat CHAIWAN,21,2125
25/11/2021,Round 2,XD,Hafiz FAI.. / Gloria E.. (6) Rank 10 Elo 1974 (+9),19-21 / 21-10 / 21-18,Takuro H.. / Nami MAT.. Rank Elo 1700 (-14),50,https://badmintonranks.com/tournament?id=12423,2,Indonesia Open 2021,Hafiz FAI.. / Gloria E.. (6),10,1974,Takuro H.. / Nami MAT..,,1700
25/11/2021,Round 2,XD,TAN Kian.. / LAI Pei Jin.. Rank 12 Elo 1953 (+18),21-8 / 21-16,Adnan M.. / Mychelle .. Rank 35 Elo 1832 (-21),33,https://badmintonranks.com/tournament?id=12423,2,Indonesia Open 2021,TAN Kian.. / LAI Pei Jin..,12,1953,Adnan M.. / Mychelle ..,35,1832
25/11/2021,Round 2,MS,Viktor AXELSEN (2) Rank 2 Elo 2583 (+5),21-14 / 21-18,KIDAMBI Srikanth Rank 14 Elo 2180 (-4),37,https://badmintonranks.com/tournament?id=12423,2,Indonesia Open 2021,Viktor AXELSEN (2),2,2583,KIDAMBI Srikanth,14,2180
25/11/2021,Round 2,XD,Dechapol.. / Sapsiree .. (1) Rank 2 Elo 2298 (+3),21-15 / 21-14,CHEN Ta.. / PECK Yen.. Rank 42 Elo 1819 (-3),33,https://badmintonranks.com/tournament?id=12423,2,Indonesia Open 2021,Dechapol.. / Sapsiree .. (1),2,2298,CHEN Ta.. / PECK Yen..,42,1819
25/11/2021,Round 2,MS,SAI PRANEETH B. Rank 16 Elo 2005 (+17),21-17 / 14-21 / 21-19,Christo POPOV Rank 70 Elo 1883 (-19),83,https://badmintonranks.com/tournament?id=12423,2,Indonesia Open 2021,SAI PRANEETH B.,16,2005,Christo POPOV,70,1883
25/11/2021,Round 2,MS,LOH Kean Yew Rank 26 Elo 2199 (+44),21-7 / 17-21 / 21-19,Kento MOMOTA (1) Rank 1 Elo 2521 (-44),69,https://badmintonranks.com/tournament?id=12423,3,Indonesia Open 2021,LOH Kean Yew,26,2199,Kento MOMOTA (1),1,2521
25/11/2021,Round 2,XD,CHAN Pe.. / GOH Liu .. (5) Rank 9 Elo 1858 (+17),21-9 / 21-13,Jones Ra.. / Linda EFL.. Rank 146 Elo 1708 (-23),34,https://badmintonranks.com/tournament?id=12423,3,Indonesia Open 2021,CHAN Pe.. / GOH Liu .. (5),9,1858,Jones Ra.. / Linda EFL..,146,1708
25/11/2021,Round 2,MD,Satwiksai.. / Chirag S.. (6) Rank 11 Elo 2063 (+9),21-15 / 19-21 / 23-21,KANG Mi.. / SEO Seun.. Rank Elo 1797 (-12),75,https://badmintonranks.com/tournament?id=12423,3,Indonesia Open 2021,Satwiksai.. / Chirag S.. (6),11,2063,KANG Mi.. / SEO Seun..,,1797
25/11/2021,Round 2,MD,GOH Sze.. / Nur IZZUD.. Rank 19 Elo 1935 (+48),21-15 / 23-21,LEE Yang / WANG C.. (3) Rank 3 Elo 2283 (-44),37,https://badmintonranks.com/tournament?id=12423,3,Indonesia Open 2021,GOH Sze.. / Nur IZZUD..,19,1935,LEE Yang / WANG C.. (3),3,2283
25/11/2021,Round 2,MS,Hans-Kristian Solberg VI.. Rank 21 Elo 2104 (+35),10-21 / 21-18 / 21-13,Kanta TSUNEYAMA Rank 10 Elo 2238 (-34),54,https://badmintonranks.com/tournament?id=12423,3,Indonesia Open 2021,Hans-Kristian Solberg VI..,21,2104,Kanta TSUNEYAMA,10,2238
25/11/2021,Round 2,MD,Akira KO.. / Taichi SAI.. Rank 24 Elo 1902 (+32),26-24 / 21-7,LU Ching.. / YANG Po .. Rank 20 Elo 1941 (-31),46,https://badmintonranks.com/tournament?id=12423,3,Indonesia Open 2021,Akira KO.. / Taichi SAI..,24,1902,LU Ching.. / YANG Po ..,20,1941
25/11/2021,Round 2,XD,Mathias .. / Alexandra .. Rank 15 Elo 1966 (+35),23-21 / 21-14,Praveen .. / Melati Da.. (2) Rank 5 Elo 2078 (-34),44,https://badmintonranks.com/tournament?id=12423,3,Indonesia Open 2021,Mathias .. / Alexandra ..,15,1966,Praveen .. / Melati Da.. (2),5,2078
25/11/2021,Round 2,MS,Jonatan CHRISTIE (6) Rank 8 Elo 2240 (+8),21-11 / 21-12,Chico Aura DWI WARD.. Rank 60 Elo 1948 (-9),35,https://badmintonranks.com/tournament?id=12423,3,Indonesia Open 2021,Jonatan CHRISTIE (6),8,2240,Chico Aura DWI WARD..,60,1948
25/11/2021,Round 2,MD,Fajar ALF.. / Muhamm.. (4) Rank 8 Elo 2058 (+13),21-11 / 21-10,Muhamm.. / Bagas MA.. Rank 30 Elo 1862 (-15),25,https://badmintonranks.com/tournament?id=12423,3,Indonesia Open 2021,Fajar ALF.. / Muhamm.. (4),8,2058,Muhamm.. / Bagas MA..,30,1862
25/11/2021,Round 2,MD,Kim AST.. / Anders S.. (7) Rank 9 Elo 2030 (+7),21-11 / 21-14,Mahiro K.. / Yunosuke .. Rank 60 Elo 1704 (-11),35,https://badmintonranks.com/tournament?id=12423,3,Indonesia Open 2021,Kim AST.. / Anders S.. (7),9,2030,Mahiro K.. / Yunosuke ..,60,1704
25/11/2021,Round 2,XD,KO Sung .. / EOM Hye .. Rank 21 Elo 1964 (+25),12-21 / 21-17 / 21-15,Mark LA.. / Isabel LO.. Rank 14 Elo 1944 (-26),56,https://badmintonranks.com/tournament?id=12423,3,Indonesia Open 2021,KO Sung .. / EOM Hye ..,21,1964,Mark LA.. / Isabel LO..,14,1944
25/11/2021,Round 2,MS,Anders ANTONSEN (3) Rank 3 Elo 2365 (+9),18-21 / 21-13 / 21-14,WANG Tzu Wei Rank 11 Elo 2100 (-9),82,https://badmintonranks.com/tournament?id=12423,3,Indonesia Open 2021,Anders ANTONSEN (3),3,2365,WANG Tzu Wei,11,2100
25/11/2021,Round 2,WS,Akane YAMAGUCHI (1) Rank 3 Elo 2503 (+3),21-15 / 19-21 / 21-14,YEO Jia Min Rank 18 Elo 2039 (-3),63,https://badmintonranks.com/tournament?id=12423,3,Indonesia Open 2021,Akane YAMAGUCHI (1),3,2503,YEO Jia Min,18,2039
25/11/2021,Round 2,WS,SIM Yu Jin Rank 54 Elo 1855 (+20),21-13 / 21-14,Beatriz CORRALES Rank 55 Elo 1740 (-25),36,https://badmintonranks.com/tournament?id=12423,3,Indonesia Open 2021,SIM Yu Jin,54,1855,Beatriz CORRALES,55,1740
25/11/2021,Round 2,XD,TANG Ch.. / TSE Ying.. (8) Rank 7 Elo 2102 (+5),21-15 / 21-19,Kyohei Y.. / Naru SHI.. Rank 67 Elo 1703 (-7),41,https://badmintonranks.com/tournament?id=12423,3,Indonesia Open 2021,TANG Ch.. / TSE Ying.. (8),7,2102,Kyohei Y.. / Naru SHI..,67,1703
25/11/2021,Round 2,MD,Marcus G.. / Kevin SU.. (1) Rank 1 Elo 2267 (+3),12-21 / 21-19 / 21-18,CHOI Sol.. / KIM Won .. Rank Elo 1728 (-3),60,https://badmintonranks.com/tournament?id=12423,3,Indonesia Open 2021,Marcus G.. / Kevin SU.. (1),1,2267,CHOI Sol.. / KIM Won ..,,1728
25/11/2021,Round 2,MS,Kenta NISHIMOTO Rank 17 Elo 2111 (+37),18-21 / 21-15 / 21-11,CHOU Tien Chen (4) Rank 4 Elo 2283 (-37),76,https://badmintonranks.com/tournament?id=12423,3,Indonesia Open 2021,Kenta NISHIMOTO,17,2111,CHOU Tien Chen (4),4,2283
25/11/2021,Round 2,MS,Rasmus GEMKE Rank 13 Elo 2141 (+5),21-12 Ret.,Shesar Hiren RHUSTAV.. Rank 20 Elo 2127 (-5),23,https://badmintonranks.com/tournament?id=12423,3,Indonesia Open 2021,Rasmus GEMKE,13,2141,Shesar Hiren RHUSTAV..,20,2127
25/11/2021,Round 2,WD,Nami MA.. / Chiharu .. (4) Rank 9 Elo 2164 (+13),21-17 / 21-16,Puttita S.. / Sapsiree .. Rank 17 Elo 1982 (-14),43,https://badmintonranks.com/tournament?id=12423,3,Indonesia Open 2021,Nami MA.. / Chiharu .. (4),9,2164,Puttita S.. / Sapsiree ..,17,1982
25/11/2021,Round 2,WS,PUSARLA V. Sindhu (3) Rank 7 Elo 2350 (+3),21-12 / 21-18,Yvonne LI Rank 26 Elo 1911 (-4),37,https://badmintonranks.com/tournament?id=12423,3,Indonesia Open 2021,PUSARLA V. Sindhu (3),7,2350,Yvonne LI,26,1911
25/11/2021,Round 2,WS,Pornpawee CHOCHU.. (5) Rank 10 Elo 2227 (+15),11-21 / 21-9 / 22-20,Gregoria Mariska TUNJ.. Rank 25 Elo 2073 (-15),60,https://badmintonranks.com/tournament?id=12423,4,Indonesia Open 2021,Pornpawee CHOCHU.. (5),10,2227,Gregoria Mariska TUNJ..,25,2073
25/11/2021,Round 2,WS,Lalinrat CHAIWAN Rank 21 Elo 2089 (+36),21-19 / 14-21 / 21-14,Sayaka TAKAHASHI (8) Rank 13 Elo 2237 (-36),56,https://badmintonranks.com/tournament?id=12423,4,Indonesia Open 2021,Lalinrat CHAIWAN,21,2089,Sayaka TAKAHASHI (8),13,2237
25/11/2021,Round 2,MD,Takuro H.. / Yugo KOB.. Rank 7 Elo 2230 (+11),25-23 / 27-25,Pramudy.. / Yeremia E.. Rank 28 Elo 1998 (-11),53,https://badmintonranks.com/tournament?id=12423,4,Indonesia Open 2021,Takuro H.. / Yugo KOB..,7,2230,Pramudy.. / Yeremia E..,28,1998
25/11/2021,Round 2,WD,Mayu MA.. / Ayako SA.. (7) Rank 82 Elo 1857 (+27),21-16 / 22-20,Rin IWAN.. / Kie NAKA.. Rank 36 Elo 1835 (-29),44,https://badmintonranks.com/tournament?id=12423,4,Indonesia Open 2021,Mayu MA.. / Ayako SA.. (7),82,1857,Rin IWAN.. / Kie NAKA..,36,1835
25/11/2021,Round 2,XD,Yuta WAT.. / Arisa IGA.. (3) Rank 4 Elo 2369 (+1),21-17 / 21-12,CHANG .. / NG Wing .. Rank 29 Elo 1738 (-1),33,https://badmintonranks.com/tournament?id=12423,4,Indonesia Open 2021,Yuta WAT.. / Arisa IGA.. (3),4,2369,CHANG .. / NG Wing ..,29,1738
25/11/2021,Round 2,MD,ONG Yew.. / TEO Ee Yi Rank 12 Elo 2049 (+32),21-14 / 21-17,Aaron CH.. / SOH Wo.. (5) Rank 6 Elo 2137 (-32),29,https://badmintonranks.com/tournament?id=12423,4,Indonesia Open 2021,ONG Yew.. / TEO Ee Yi,12,2049,Aaron CH.. / SOH Wo.. (5),6,2137
25/11/2021,Round 2,WD,Febriana .. / Amallia C.. Rank 78 Elo 1627 (+80),14-21 / 22-20 / 21-17,Pearly TA.. / THINAAH.. (8) Rank 18 Elo 1861 (-47),81,https://badmintonranks.com/tournament?id=12423,4,Indonesia Open 2021,Febriana .. / Amallia C..,78,1627,Pearly TA.. / THINAAH.. (8),18,1861
25/11/2021,Round 2,WD,Greysia P.. / Apriyani .. (2) Rank 6 Elo 2209 (+1),21-10 / 21-15,Fitriani FI.. / Yulia Yose.. Rank 82 Elo 1540 (-2),37,https://badmintonranks.com/tournament?id=12423,4,Indonesia Open 2021,Greysia P.. / Apriyani .. (2),6,2209,Fitriani FI.. / Yulia Yose..,82,1540
25/11/2021,Round 2,WD,KIM So Y.. / KONG H.. (1) Rank 4 Elo 2133 (+10),21-19 / 18-21 / 21-16,JEONG .. / KIM Hye J.. Rank 87 Elo 1887 (-11),88,https://badmintonranks.com/tournament?id=12423,4,Indonesia Open 2021,KIM So Y.. / KONG H.. (1),4,2133,JEONG .. / KIM Hye J..,87,1887
25/11/2021,Round 2,WS,Ratchanok INTANON (2) Rank 8 Elo 2240 (+5),21-11 / 21-16,PAI Yu Po Rank 39 Elo 1854 (-5),36,https://badmintonranks.com/tournament?id=12423,4,Indonesia Open 2021,Ratchanok INTANON (2),8,2240,PAI Yu Po,39,1854
25/11/2021,Round 2,WD,Jongkolp.. / Rawinda .. (3) Rank 8 Elo 1912 (+11),24-26 / 21-12 / 21-11,Vivian H.. / LIM Chiew.. Rank 110 Elo 1671 (-18),78,https://badmintonranks.com/tournament?id=12423,4,Indonesia Open 2021,Jongkolp.. / Rawinda .. (3),8,1912,Vivian H.. / LIM Chiew..,110,1671
25/11/2021,Round 2,WS,AN Se Young (4) Rank 6 Elo 2442 (+0),21-8 / 21-10,LéOnice HUET Rank 60 Elo 1693 (-1),25,https://badmintonranks.com/tournament?id=12423,4,Indonesia Open 2021,AN Se Young (4),6,2442,LéOnice HUET,60,1693
25/11/2021,Round 2,WD,BAEK Ha.. / LEE Yu Lim Rank 82 Elo 1771 (+39),21-19 / 21-9,Chloe CO.. / Lauren S.. (6) Rank 13 Elo 1821 (-36),48,https://badmintonranks.com/tournament?id=12423,4,Indonesia Open 2021,BAEK Ha.. / LEE Yu Lim,82,1771,Chloe CO.. / Lauren S.. (6),13,1821
25/11/2021,Round 2,WD,Gabriela .. / Stefani S.. (5) Rank 11 Elo 1955 (+9),21-14 / 21-15,LEE Men.. / YAP Chen.. Rank 134 Elo 1666 (-14),35,https://badmintonranks.com/tournament?id=12423,4,Indonesia Open 2021,Gabriela .. / Stefani S.. (5),11,1955,LEE Men.. / YAP Chen..,134,1666
25/11/2021,Round 2,WS,Asuka TAKAHASHI Rank 71 Elo 1805 (+58),21-7 / 22-20,Busanan ONGBAMRU.. (7) Rank 12 Elo 2193 (-46),36,https://badmintonranks.com/tournament?id=12423,4,Indonesia Open 2021,Asuka TAKAHASHI,71,1805,Busanan ONGBAMRU.. (7),12,2193
24/11/2021,Round 1,MS,Viktor AXELSEN (2) Rank 2 Elo 2582 (+1),21-14 / 21-14,Koki WATANABE Rank 40 Elo 1951 (-1),43,https://badmintonranks.com/tournament?id=12423,4,Indonesia Open 2021,Viktor AXELSEN (2),2,2582,Koki WATANABE,40,1951
24/11/2021,Round 1,XD,Mathias .. / Alexandra .. Rank 15 Elo 1938 (+28),21-14 / 13-21 / 21-16,Rinov RI.. / Pitha Hani.. Rank 20 Elo 1940 (-27),59,https://badmintonranks.com/tournament?id=12423,4,Indonesia Open 2021,Mathias .. / Alexandra ..,15,1938,Rinov RI.. / Pitha Hani..,20,1940
24/11/2021,Round 1,MD,LU Ching.. / YANG Po .. Rank 20 Elo 1914 (+27),21-17 / 15-21 / 21-19,Vladimir I.. / Ivan SOZ.. (8) Rank 15 Elo 1903 (-28),67,https://badmintonranks.com/tournament?id=12423,4,Indonesia Open 2021,LU Ching.. / YANG Po ..,20,1914,Vladimir I.. / Ivan SOZ.. (8),15,1903
24/11/2021,Round 1,XD,Takuro H.. / Nami MAT.. Rank Elo 1655 (+45),22-24 / 21-12 / 21-19,REDDY .. / Ashwini P.. Rank 99 Elo 1645 (-46),58,https://badmintonranks.com/tournament?id=12423,4,Indonesia Open 2021,Takuro H.. / Nami MAT..,,1655,REDDY .. / Ashwini P..,99,1645
24/11/2021,Round 1,MD,Pramudy.. / Yeremia E.. Rank 28 Elo 1984 (+14),18-21 / 21-17 / 21-9,Ben LANE / Sean VEN.. Rank 17 Elo 1807 (-17),55,https://badmintonranks.com/tournament?id=12423,4,Indonesia Open 2021,Pramudy.. / Yeremia E..,28,1984,Ben LANE / Sean VEN..,17,1807
24/11/2021,Round 1,XD,CHANG .. / NG Wing .. Rank 29 Elo 1711 (+27),22-20 / 16-21 / 21-16,Rehan N.. / Lisa Ayu K.. Rank 52 Elo 1605 (-38),57,https://badmintonranks.com/tournament?id=12423,5,Indonesia Open 2021,CHANG .. / NG Wing ..,29,1711,Rehan N.. / Lisa Ayu K..,52,1605
24/11/2021,Round 1,XD,Hafiz FAI.. / Gloria E.. (6) Rank 10 Elo 1968 (+6),21-17 / 21-16,Oliver LE.. / Anona PAK Rank 60 Elo 1579 (-11),39,https://badmintonranks.com/tournament?id=12423,5,Indonesia Open 2021,Hafiz FAI.. / Gloria E.. (6),10,1968,Oliver LE.. / Anona PAK,60,1579
24/11/2021,Round 1,MS,Christo POPOV Rank 70 Elo 1825 (+58),21-17 / 21-18,Anthony Sinisuka GIN.. (5) Rank 5 Elo 2302 (-47),49,https://badmintonranks.com/tournament?id=12423,5,Indonesia Open 2021,Christo POPOV,70,1825,Anthony Sinisuka GIN.. (5),5,2302
24/11/2021,Round 1,MS,WANG Tzu Wei Rank 11 Elo 2080 (+20),21-17 / 21-17,Tommy SUGIARTO Rank 24 Elo 2005 (-21),40,https://badmintonranks.com/tournament?id=12423,5,Indonesia Open 2021,WANG Tzu Wei,11,2080,Tommy SUGIARTO,24,2005
24/11/2021,Round 1,XD,Praveen .. / Melati Da.. (2) Rank 5 Elo 2077 (+1),1-0 Ret.,Yujiro NI.. / Saori OZA.. Rank 104 Elo 1627 (-1),,https://badmintonranks.com/tournament?id=12423,5,Indonesia Open 2021,Praveen .. / Melati Da.. (2),5,2077,Yujiro NI.. / Saori OZA..,104,1627
24/11/2021,Round 1,MS,KIDAMBI Srikanth Rank 14 Elo 2165 (+15),21-15 / 19-21 / 21-12,PRANNOY H. S. Rank 31 Elo 2023 (-16),56,https://badmintonranks.com/tournament?id=12423,5,Indonesia Open 2021,KIDAMBI Srikanth,14,2165,PRANNOY H. S.,31,2023
24/11/2021,Round 1,MS,Anders ANTONSEN (3) Rank 3 Elo 2353 (+12),21-15 / 17-21 / 21-17,Kunlavut VITIDSARN Rank 22 Elo 2145 (-12),79,https://badmintonranks.com/tournament?id=12423,5,Indonesia Open 2021,Anders ANTONSEN (3),3,2353,Kunlavut VITIDSARN,22,2145
24/11/2021,Round 1,MS,Jonatan CHRISTIE (6) Rank 8 Elo 2230 (+10),21-14 / 21-15,LIEW Daren Rank 36 Elo 1999 (-11),35,https://badmintonranks.com/tournament?id=12423,5,Indonesia Open 2021,Jonatan CHRISTIE (6),8,2230,LIEW Daren,36,1999
24/11/2021,Round 1,MD,Takuro H.. / Yugo KOB.. Rank 7 Elo 2211 (+19),23-21 / 15-21 / 21-15,Hendra S.. / Mohamm.. (2) Rank 2 Elo 2121 (-19),60,https://badmintonranks.com/tournament?id=12423,5,Indonesia Open 2021,Takuro H.. / Yugo KOB..,7,2211,Hendra S.. / Mohamm.. (2),2,2121
24/11/2021,Round 1,XD,Yuta WAT.. / Arisa IGA.. (3) Rank 4 Elo 2366 (+3),21-18 / 21-12,HOO Pan.. / CHEAH Y.. Rank 23 Elo 1868 (-3),37,https://badmintonranks.com/tournament?id=12423,5,Indonesia Open 2021,Yuta WAT.. / Arisa IGA.. (3),4,2366,HOO Pan.. / CHEAH Y..,23,1868
24/11/2021,Round 1,WS,Ratchanok INTANON (2) Rank 8 Elo 2226 (+14),21-19 / 21-12,KIM Ga Eun Rank 19 Elo 2064 (-15),36,https://badmintonranks.com/tournament?id=12423,5,Indonesia Open 2021,Ratchanok INTANON (2),8,2226,KIM Ga Eun,19,2064
24/11/2021,Round 1,WD,Gabriela .. / Stefani S.. (5) Rank 11 Elo 1943 (+12),29-27 / 21-18,Ashwini P.. / REDDY Si.. Rank 24 Elo 1712 (-16),54,https://badmintonranks.com/tournament?id=12423,5,Indonesia Open 2021,Gabriela .. / Stefani S.. (5),11,1943,Ashwini P.. / REDDY Si..,24,1712
24/11/2021,Round 1,MS,SAI PRANEETH B. Rank 16 Elo 1979 (+26),21-19 / 21-18,Toma Junior POPOV Rank 33 Elo 1962 (-26),46,https://badmintonranks.com/tournament?id=12423,5,Indonesia Open 2021,SAI PRANEETH B.,16,1979,Toma Junior POPOV,33,1962
24/11/2021,Round 1,MD,Mahiro K.. / Yunosuke .. Rank 60 Elo 1667 (+37),21-14 / 21-11,Panjer Aji.. / Bryan Sid.. Rank 79 Elo 1603 (-44),30,https://badmintonranks.com/tournament?id=12423,5,Indonesia Open 2021,Mahiro K.. / Yunosuke ..,60,1667,Panjer Aji.. / Bryan Sid..,79,1603
24/11/2021,Round 1,WD,Vivian H.. / LIM Chiew.. Rank 110 Elo 1636 (+35),15-21 / 21-8 / 21-10,Melani M.. / Tryola NA.. Rank Elo 1533 (-49),54,https://badmintonranks.com/tournament?id=12423,5,Indonesia Open 2021,Vivian H.. / LIM Chiew..,110,1636,Melani M.. / Tryola NA..,,1533
24/11/2021,Round 1,MD,Akira KO.. / Taichi SAI.. Rank 24 Elo 1875 (+27),21-19 / 21-11,Supak JO.. / Kittinupon.. Rank 48 Elo 1855 (-28),36,https://badmintonranks.com/tournament?id=12423,5,Indonesia Open 2021,Akira KO.. / Taichi SAI..,24,1875,Supak JO.. / Kittinupon..,48,1855
24/11/2021,Round 1,MD,Fajar ALF.. / Muhamm.. (4) Rank 8 Elo 2042 (+16),21-17 / 22-20,Leo Rolly.. / Daniel MA.. Rank 27 Elo 1909 (-18),40,https://badmintonranks.com/tournament?id=12423,5,Indonesia Open 2021,Fajar ALF.. / Muhamm.. (4),8,2042,Leo Rolly.. / Daniel MA..,27,1909
24/11/2021,Round 1,MS,Chico Aura DWI WARD.. Rank 60 Elo 1944 (+4),21-11 / 21-18,Henrikho Wibowo KHO Rank Elo 1500 (-11),31,https://badmintonranks.com/tournament?id=12423,5,Indonesia Open 2021,Chico Aura DWI WARD..,60,1944,Henrikho Wibowo KHO,,1500
24/11/2021,Round 1,WS,PUSARLA V. Sindhu (3) Rank 7 Elo 2341 (+9),17-21 / 21-17 / 21-17,Aya OHORI Rank 22 Elo 2073 (-9),70,https://badmintonranks.com/tournament?id=12423,5,Indonesia Open 2021,PUSARLA V. Sindhu (3),7,2341,Aya OHORI,22,2073
24/11/2021,Round 1,MD,Kim AST.. / Anders S.. (7) Rank 9 Elo 2024 (+6),22-20 / 21-11,Lucas C.. / Ronan LA.. Rank 56 Elo 1671 (-11),39,https://badmintonranks.com/tournament?id=12423,5,Indonesia Open 2021,Kim AST.. / Anders S.. (7),9,2024,Lucas C.. / Ronan LA..,56,1671
24/11/2021,Round 1,WS,Asuka TAKAHASHI Rank 71 Elo 1783 (+22),21-14 / 14-21 / 21-11,Fitriani FITRIANI Rank 41 Elo 1669 (-31),56,https://badmintonranks.com/tournament?id=12423,6,Indonesia Open 2021,Asuka TAKAHASHI,71,1783,Fitriani FITRIANI,41,1669
24/11/2021,Round 1,WS,PAI Yu Po Rank 39 Elo 1812 (+42),14-21 / 21-18 / 21-11,Line CHRISTOPHERSEN Rank 27 Elo 1934 (-37),49,https://badmintonranks.com/tournament?id=12423,6,Indonesia Open 2021,PAI Yu Po,39,1812,Line CHRISTOPHERSEN,27,1934
24/11/2021,Round 1,XD,TANG Ch.. / TSE Ying.. (8) Rank 7 Elo 2101 (+1),21-12 / 19-21 / 21-19,SEO Seu.. / KIM Hye J.. Rank Elo 1473 (-4),63,https://badmintonranks.com/tournament?id=12423,6,Indonesia Open 2021,TANG Ch.. / TSE Ying.. (8),7,2101,SEO Seu.. / KIM Hye J..,,1473
24/11/2021,Round 1,MD,Muhamm.. / Bagas MA.. Rank 30 Elo 1835 (+27),21-18 / 22-20,Sabar Ka.. / Moh Reza.. Rank 101 Elo 1795 (-29),36,https://badmintonranks.com/tournament?id=12423,6,Indonesia Open 2021,Muhamm.. / Bagas MA..,30,1835,Sabar Ka.. / Moh Reza..,101,1795
24/11/2021,Round 1,WS,Busanan ONGBAMRU.. (7) Rank 12 Elo 2180 (+13),21-10 / 21-13,Evgeniya KOSETSKAYA Rank 24 Elo 1985 (-13),33,https://badmintonranks.com/tournament?id=12423,6,Indonesia Open 2021,Busanan ONGBAMRU.. (7),12,2180,Evgeniya KOSETSKAYA,24,1985
24/11/2021,Round 1,WS,Yvonne LI Rank 26 Elo 1870 (+41),19-21 / 23-21 / 21-13,Neslihan ARIN Rank 28 Elo 2015 (-37),68,https://badmintonranks.com/tournament?id=12423,6,Indonesia Open 2021,Yvonne LI,26,1870,Neslihan ARIN,28,2015
24/11/2021,Round 1,WD,LEE Men.. / YAP Chen.. Rank 134 Elo 1592 (+74),21-12 / 19-21 / 26-24,Alexandr.. / Mette PO.. Rank 31 Elo 1707 (-52),79,https://badmintonranks.com/tournament?id=12423,6,Indonesia Open 2021,LEE Men.. / YAP Chen..,134,1592,Alexandr.. / Mette PO..,31,1707
24/11/2021,Round 1,WD,Mayu MA.. / Ayako SA.. (7) Rank 82 Elo 1849 (+8),21-13 / 21-4,Mariia ST.. / Yelyzaveta.. Rank 101 Elo 1523 (-19),28,https://badmintonranks.com/tournament?id=12423,6,Indonesia Open 2021,Mayu MA.. / Ayako SA.. (7),82,1849,Mariia ST.. / Yelyzaveta..,101,1523
24/11/2021,Round 1,WS,SIM Yu Jin Rank 54 Elo 1798 (+57),21-11 / 21-9,Michelle LI (6) Rank 11 Elo 2137 (-45),31,https://badmintonranks.com/tournament?id=12423,6,Indonesia Open 2021,SIM Yu Jin,54,1798,Michelle LI (6),11,2137
24/11/2021,Round 1,WS,Beatriz CORRALES Rank 55 Elo 1702 (+38),21-23 / 21-14 / 21-17,Marie BATOMENE Rank 59 Elo 1686 (-41),61,https://badmintonranks.com/tournament?id=12423,6,Indonesia Open 2021,Beatriz CORRALES,55,1702,Marie BATOMENE,59,1686
24/11/2021,Round 1,XD,Kyohei Y.. / Naru SHI.. Rank 67 Elo 1641 (+62),21-7 / 21-12,DHRUV .. / REDDY Si.. Rank 124 Elo 1748 (-47),28,https://badmintonranks.com/tournament?id=12423,6,Indonesia Open 2021,Kyohei Y.. / Naru SHI..,67,1641,DHRUV .. / REDDY Si..,124,1748
24/11/2021,Round 1,WD,Rin IWAN.. / Kie NAKA.. Rank 36 Elo 1793 (+42),21-13 / 14-21 / 21-9,Chisato H.. / Aoi MATS.. Rank 37 Elo 1899 (-37),62,https://badmintonranks.com/tournament?id=12423,6,Indonesia Open 2021,Rin IWAN.. / Kie NAKA..,36,1793,Chisato H.. / Aoi MATS..,37,1899
23/11/2021,Round 1,XD,Dechapol.. / Sapsiree .. (1) Rank 2 Elo 2296 (+2),21-10 / 21-7,KIM Youn.. / CHAE Yu .. Rank 88 Elo 1780 (-4),27,https://badmintonranks.com/tournament?id=12423,6,Indonesia Open 2021,Dechapol.. / Sapsiree .. (1),2,2296,KIM Youn.. / CHAE Yu ..,88,1780
23/11/2021,Round 1,WS,YEO Jia Min Rank 18 Elo 2035 (+4),21-9 / 21-10,Jordan HART Rank 63 Elo 1616 (-9),31,https://badmintonranks.com/tournament?id=12423,6,Indonesia Open 2021,YEO Jia Min,18,2035,Jordan HART,63,1616
23/11/2021,Round 1,XD,CHAN Pe.. / GOH Liu .. (5) Rank 9 Elo 1840 (+18),21-12 / 21-17,Zacharia.. / Hediana J.. Rank 95 Elo 1683 (-24),33,https://badmintonranks.com/tournament?id=12423,6,Indonesia Open 2021,CHAN Pe.. / GOH Liu .. (5),9,1840,Zacharia.. / Hediana J..,95,1683
23/11/2021,Round 1,MS,Kento MOMOTA (1) Rank 1 Elo 2516 (+5),23-21 / 21-15,Lakshya SEN Rank 19 Elo 2135 (-5),54,https://badmintonranks.com/tournament?id=12423,6,Indonesia Open 2021,Kento MOMOTA (1),1,2516,Lakshya SEN,19,2135
23/11/2021,Round 1,WS,Akane YAMAGUCHI (1) Rank 3 Elo 2502 (+1),21-13 / 21-10,Maria ULITINA Rank 65 Elo 1670 (-1),24,https://badmintonranks.com/tournament?id=12423,6,Indonesia Open 2021,Akane YAMAGUCHI (1),3,2502,Maria ULITINA,65,1670
23/11/2021,Round 1,MS,Kenta NISHIMOTO Rank 17 Elo 2100 (+11),21-13 / 21-13,Thomas ROUXEL Rank 38 Elo 1881 (-13),44,https://badmintonranks.com/tournament?id=12423,6,Indonesia Open 2021,Kenta NISHIMOTO,17,2100,Thomas ROUXEL,38,1881
23/11/2021,Round 1,WD,JEONG .. / KIM Hye J.. Rank 87 Elo 1876 (+11),20-22 / 21-6 / 21-11,Benyapa .. / Nuntakarn.. Rank 46 Elo 1635 (-20),64,https://badmintonranks.com/tournament?id=12423,6,Indonesia Open 2021,JEONG .. / KIM Hye J..,87,1876,Benyapa .. / Nuntakarn..,46,1635
23/11/2021,Round 1,WD,Chloe CO.. / Lauren S.. (6) Rank 13 Elo 1810 (+11),21-15 / 21-11,Julie FIN.. / Mai SURR.. Rank 43 Elo 1523 (-23),40,https://badmintonranks.com/tournament?id=12423,6,Indonesia Open 2021,Chloe CO.. / Lauren S.. (6),13,1810,Julie FIN.. / Mai SURR..,43,1523
23/11/2021,Round 1,MD,Aaron CH.. / SOH Wo.. (5) Rank 6 Elo 2120 (+17),25-23 / 21-12,Mark LA.. / Marvin SE.. Rank 16 Elo 1991 (-17),41,https://badmintonranks.com/tournament?id=12423,7,Indonesia Open 2021,Aaron CH.. / SOH Wo.. (5),6,2120,Mark LA.. / Marvin SE..,16,1991
23/11/2021,Round 1,XD,CHEN Ta.. / PECK Yen.. Rank 42 Elo 1772 (+47),19-21 / 21-18 / 21-15,Yuki KAN.. / Misaki MA.. Rank 17 Elo 1912 (-38),63,https://badmintonranks.com/tournament?id=12423,7,Indonesia Open 2021,CHEN Ta.. / PECK Yen..,42,1772,Yuki KAN.. / Misaki MA..,17,1912
23/11/2021,Round 1,WS,LéOnice HUET Rank 60 Elo 1610 (+83),22-20 / 21-10,Clara AZURMENDI Rank 46 Elo 1823 (-48),33,https://badmintonranks.com/tournament?id=12423,7,Indonesia Open 2021,LéOnice HUET,60,1610,Clara AZURMENDI,46,1823
23/11/2021,Round 1,XD,Jones Ra.. / Linda EFL.. Rank 146 Elo 1686 (+22),21-12 / 21-4,Venkat G.. / Juhi DEW.. Rank 64 Elo 1508 (-39),23,https://badmintonranks.com/tournament?id=12423,7,Indonesia Open 2021,Jones Ra.. / Linda EFL..,146,1686,Venkat G.. / Juhi DEW..,64,1508
23/11/2021,Round 1,MD,ONG Yew.. / TEO Ee Yi Rank 12 Elo 2043 (+6),21-11 / 21-11,TAN Kian.. / TAN Wee .. Rank 134 Elo 1692 (-10),27,https://badmintonranks.com/tournament?id=12423,7,Indonesia Open 2021,ONG Yew.. / TEO Ee Yi,12,2043,TAN Kian.. / TAN Wee ..,134,1692
23/11/2021,Round 1,WS,AN Se Young (4) Rank 6 Elo 2440 (+2),21-11 / 21-8,Ruselli HARTAWAN Rank 43 Elo 1866 (-3),26,https://badmintonranks.com/tournament?id=12423,7,Indonesia Open 2021,AN Se Young (4),6,2440,Ruselli HARTAWAN,43,1866
23/11/2021,Round 1,MS,LOH Kean Yew Rank 26 Elo 2188 (+11),21-11 / 21-14,PARUPALLI Kashyap Rank 34 Elo 1951 (-11),32,https://badmintonranks.com/tournament?id=12423,7,Indonesia Open 2021,LOH Kean Yew,26,2188,PARUPALLI Kashyap,34,1951
23/11/2021,Round 1,WS,Pornpawee CHOCHU.. (5) Rank 10 Elo 2223 (+4),21-12 / 21-12,Lianne TAN Rank 36 Elo 1782 (-5),39,https://badmintonranks.com/tournament?id=12423,7,Indonesia Open 2021,Pornpawee CHOCHU.. (5),10,2223,Lianne TAN,36,1782
23/11/2021,Round 1,MD,KANG Mi.. / SEO Seun.. Rank Elo 1770 (+27),9-21 / 21-14 / 21-16,Hiroki OK.. / Masayuki .. Rank 59 Elo 1690 (-32),58,https://badmintonranks.com/tournament?id=12423,7,Indonesia Open 2021,KANG Mi.. / SEO Seun..,,1770,Hiroki OK.. / Masayuki ..,59,1690
23/11/2021,Round 1,WD,Febriana .. / Amallia C.. Rank 78 Elo 1523 (+104),21-11 / 21-15,Nita Violi.. / Putri SYAI.. Rank 35 Elo 1704 (-59),55,https://badmintonranks.com/tournament?id=12423,7,Indonesia Open 2021,Febriana .. / Amallia C..,78,1523,Nita Violi.. / Putri SYAI..,35,1704
23/11/2021,Round 1,MS,CHOU Tien Chen (4) Rank 4 Elo 2263 (+20),21-12 / 21-14,LEE Cheuk Yiu Rank 15 Elo 2195 (-21),35,https://badmintonranks.com/tournament?id=12423,7,Indonesia Open 2021,CHOU Tien Chen (4),4,2263,LEE Cheuk Yiu,15,2195
23/11/2021,Round 1,WD,BAEK Ha.. / LEE Yu Lim Rank 82 Elo 1738 (+33),21-17 / 21-13,Linda EF.. / Isabel LO.. Rank 30 Elo 1702 (-36),47,https://badmintonranks.com/tournament?id=12423,7,Indonesia Open 2021,BAEK Ha.. / LEE Yu Lim,82,1738,Linda EF.. / Isabel LO..,30,1702
23/11/2021,Round 1,MD,Marcus G.. / Kevin SU.. (1) Rank 1 Elo 2265 (+2),12-21 / 21-18 / 21-15,Keiichiro .. / Yoshinori .. Rank 43 Elo 1742 (-3),65,https://badmintonranks.com/tournament?id=12423,7,Indonesia Open 2021,Marcus G.. / Kevin SU.. (1),1,2265,Keiichiro .. / Yoshinori ..,43,1742
23/11/2021,Round 1,WS,Lalinrat CHAIWAN Rank 21 Elo 2086 (+3),21-18 / 21-19,Yulia Yosephine SUSAN.. Rank 90 Elo 1636 (-7),50,https://badmintonranks.com/tournament?id=12423,7,Indonesia Open 2021,Lalinrat CHAIWAN,21,2086,Yulia Yosephine SUSAN..,90,1636
23/11/2021,Round 1,MS,Kanta TSUNEYAMA Rank 10 Elo 2216 (+22),22-20 / 13-21 / 21-19,NG Ka Long Angus (8) Rank 9 Elo 2170 (-22),68,https://badmintonranks.com/tournament?id=12423,7,Indonesia Open 2021,Kanta TSUNEYAMA,10,2216,NG Ka Long Angus (8),9,2170
23/11/2021,Round 1,WS,Gregoria Mariska TUNJ.. Rank 25 Elo 2060 (+13),21-16 / 21-15,Supanida KATETHONG Rank 33 Elo 1868 (-15),34,https://badmintonranks.com/tournament?id=12423,7,Indonesia Open 2021,Gregoria Mariska TUNJ..,25,2060,Supanida KATETHONG,33,1868
23/11/2021,Round 1,MD,CHOI Sol.. / KIM Won .. Rank Elo 1683 (+45),22-20 / 21-13,M.R.ARJ.. / DHRUV K.. Rank 41 Elo 1709 (-42),41,https://badmintonranks.com/tournament?id=12423,7,Indonesia Open 2021,CHOI Sol.. / KIM Won ..,,1683,M.R.ARJ.. / DHRUV K..,41,1709
23/11/2021,Round 1,MD,GOH Sze.. / Nur IZZUD.. Rank 19 Elo 1923 (+12),22-20 / 21-10,Christo P.. / Toma Juni.. Rank 31 Elo 1686 (-17),38,https://badmintonranks.com/tournament?id=12423,7,Indonesia Open 2021,GOH Sze.. / Nur IZZUD..,19,1923,Christo P.. / Toma Juni..,31,1686
23/11/2021,Round 1,MS,Shesar Hiren RHUSTAV.. Rank 20 Elo 2111 (+16),21-12 / 15-21 / 21-16,Sitthikom THAMMASIN Rank 30 Elo 1976 (-17),50,https://badmintonranks.com/tournament?id=12423,7,Indonesia Open 2021,Shesar Hiren RHUSTAV..,20,2111,Sitthikom THAMMASIN,30,1976
23/11/2021,Round 1,XD,KO Sung .. / EOM Hye .. Rank 21 Elo 1936 (+28),21-13 / 21-13,Marcus E.. / Lauren S.. (4) Rank 8 Elo 1939 (-28),40,https://badmintonranks.com/tournament?id=12423,7,Indonesia Open 2021,KO Sung .. / EOM Hye ..,21,1936,Marcus E.. / Lauren S.. (4),8,1939
23/11/2021,Round 1,MS,Rasmus GEMKE Rank 13 Elo 2100 (+41),13-21 / 25-23 / 21-16,LEE Zii Jia (7) Rank 7 Elo 2325 (-39),67,https://badmintonranks.com/tournament?id=12423,8,Indonesia Open 2021,Rasmus GEMKE,13,2100,LEE Zii Jia (7),7,2325
23/11/2021,Round 1,WD,Pearly TA.. / THINAAH.. (8) Rank 18 Elo 1847 (+14),22-20 / 21-19,Clara AZ.. / Beatriz C.. Rank 68 Elo 1640 (-23),43,https://badmintonranks.com/tournament?id=12423,8,Indonesia Open 2021,Pearly TA.. / THINAAH.. (8),18,1847,Clara AZ.. / Beatriz C..,68,1640
23/11/2021,Round 1,WD,Fitriani FI.. / Yulia Yose.. Rank 82 Elo 1540 (+0),W.O.,Febby Va.. / Jesita Putr.. Rank Elo 1707 (-0),0,https://badmintonranks.com/tournament?id=12423,8,Indonesia Open 2021,Fitriani FI.. / Yulia Yose..,82,1540,Febby Va.. / Jesita Putr..,,1707
23/11/2021,Round 1,WD,Puttita S.. / Sapsiree .. Rank 17 Elo 1982 (+0),W.O.,Siti Fadia.. / Ribka SU.. Rank 27 Elo 1866 (-0),0,https://badmintonranks.com/tournament?id=12423,8,Indonesia Open 2021,Puttita S.. / Sapsiree ..,17,1982,Siti Fadia.. / Ribka SU..,27,1866
23/11/2021,Round 1,XD,TAN Kian.. / LAI Pei Jin.. Rank 12 Elo 1923 (+30),22-20 / 21-17,GOH Soo.. / LAI Shevo.. Rank 13 Elo 1949 (-30),42,https://badmintonranks.com/tournament?id=12423,8,Indonesia Open 2021,TAN Kian.. / LAI Pei Jin..,12,1923,GOH Soo.. / LAI Shevo..,13,1949
23/11/2021,Round 1,MS,Hans-Kristian Solberg VI.. Rank 21 Elo 2085 (+19),21-18 / 21-12,Kantaphon WANGCHA.. Rank 18 Elo 1986 (-19),39,https://badmintonranks.com/tournament?id=12423,8,Indonesia Open 2021,Hans-Kristian Solberg VI..,21,2085,Kantaphon WANGCHA..,18,1986
23/11/2021,Round 1,WS,Sayaka TAKAHASHI (8) Rank 13 Elo 2230 (+7),21-14 / 21-14,Saena KAWAKAMI Rank 44 Elo 1893 (-7),37,https://badmintonranks.com/tournament?id=12423,8,Indonesia Open 2021,Sayaka TAKAHASHI (8),13,2230,Saena KAWAKAMI,44,1893
23/11/2021,Round 1,XD,Adnan M.. / Mychelle .. Rank 35 Elo 1781 (+51),21-17 / 21-17,Thom GI.. / Delphine .. (7) Rank 11 Elo 1974 (-41),46,https://badmintonranks.com/tournament?id=12423,8,Indonesia Open 2021,Adnan M.. / Mychelle ..,35,1781,Thom GI.. / Delphine .. (7),11,1974
23/11/2021,Round 1,MD,LEE Yang / WANG C.. (3) Rank 3 Elo 2282 (+1),21-14 / 21-16,GOH V S.. / LOW Juan.. Rank 156 Elo 1677 (-2),30,https://badmintonranks.com/tournament?id=12423,8,Indonesia Open 2021,LEE Yang / WANG C.. (3),3,2282,GOH V S.. / LOW Juan..,156,1677
23/11/2021,Round 1,XD,Mark LA.. / Isabel LO.. Rank 14 Elo 1918 (+26),23-21 / 15-21 / 21-15,Supak JO.. / Supissara .. Rank 26 Elo 1886 (-26),52,https://badmintonranks.com/tournament?id=12423,8,Indonesia Open 2021,Mark LA.. / Isabel LO..,14,1918,Supak JO.. / Supissara ..,26,1886
23/11/2021,Round 1,MD,Satwiksai.. / Chirag SH.. Rank 11 Elo 2063 (+0),W.O.,KIM Jae .. / NA Sung .. Rank Elo 1645 (-0),0,https://badmintonranks.com/tournament?id=12423,8,Indonesia Open 2021,Satwiksai.. / Chirag SH..,11,2063,KIM Jae .. / NA Sung ..,,1645
