date,round,type,winner_raw,score,loser_raw,duration,tournament_url,page_number,tournament_name
2025-08-31,Final,MD,KIM Won .. / SEO Seu.. (1) Rank 1 Elo 2314 (+11),21-17 / 21-12,CHEN Bo.. / LIU Yi (11) Rank 11 Elo 2071 (-12),40,https://badmintonranks.com/tournament?id=14522,1,BWF World Championships 2025
2025-08-31,Final,MS,SHI Yu Qi (1) Rank 1 Elo 2567 (+19),19-21 / 21-10 / 21-18,Kunlavut VITIDSARN (3) Rank 3 Elo 2456 (-19),77,https://badmintonranks.com/tournament?id=14522,1,BWF World Championships 2025
2025-08-31,Final,WD,LIU Shen.. / TAN Ning (1) Rank 1 Elo 2475 (+14),21-14 / 20-22 / 21-17,Pearly TA.. / THINAAH.. (2) Rank 2 Elo 2280 (-14),83,https://badmintonranks.com/tournament?id=14522,1,BWF World Championships 2025
2025-08-31,Final,WS,Akane YAMAGUCHI (5) Rank 5 Elo 2459 (+45),21-9 / 21-13,CHEN Yu Fei (4) Rank 4 Elo 2678 (-44),37,https://badmintonranks.com/tournament?id=14522,1,BWF World Championships 2025
2025-08-31,Final,XD,CHEN Ta.. / TOH Ee .. (4) Rank 4 Elo 2160 (+43),21-15 / 21-14,JIANG Zh.. / WEI Ya X.. (2) Rank 2 Elo 2351 (-43),40,https://badmintonranks.com/tournament?id=14522,1,BWF World Championships 2025
2025-08-30,Semi final,MD,CHEN Bo.. / LIU Yi (11) Rank 11 Elo 2028 (+43),21-19 / 18-21 / 21-12,Satwiksai.. / Chirag S.. (9) Rank 9 Elo 2200 (-41),67,https://badmintonranks.com/tournament?id=14522,1,BWF World Championships 2025
2025-08-30,Semi final,MS,Kunlavut VITIDSARN (3) Rank 3 Elo 2432 (+24),21-17 / 21-15,Anders ANTONSEN (2) Rank 2 Elo 2383 (-24),47,https://badmintonranks.com/tournament?id=14522,1,BWF World Championships 2025
2025-08-30,Semi final,MD,KIM Won .. / SEO Seu.. (1) Rank 1 Elo 2302 (+12),21-12 / 21-3,Kim AST.. / Anders S.. (5) Rank 5 Elo 2079 (-12),27,https://badmintonranks.com/tournament?id=14522,1,BWF World Championships 2025
2025-08-30,Semi final,MS,SHI Yu Qi (1) Rank 1 Elo 2563 (+4),13-21 / 22-20 / 21-16,Victor LAI Rank 51 Elo 2082 (-3),80,https://badmintonranks.com/tournament?id=14522,1,BWF World Championships 2025
2025-08-30,Semi final,WD,LIU Shen.. / TAN Ning (1) Rank 1 Elo 2468 (+7),21-15 / 21-4,Rin IWAN.. / Kie NAK.. (9) Rank 9 Elo 2124 (-7),41,https://badmintonranks.com/tournament?id=14522,1,BWF World Championships 2025
2025-08-30,Semi final,WS,CHEN Yu Fei (4) Rank 4 Elo 2640 (+38),21-15 / 21-17,AN Se Young (1) Rank 1 Elo 2770 (-37),58,https://badmintonranks.com/tournament?id=14522,1,BWF World Championships 2025
2025-08-30,Semi final,XD,CHEN Ta.. / TOH Ee .. (4) Rank 4 Elo 2135 (+25),21-18 / 21-16,Thom GI.. / Delphine .. (8) Rank 8 Elo 2088 (-25),53,https://badmintonranks.com/tournament?id=14522,1,BWF World Championships 2025
2025-08-30,Semi final,WD,Pearly TA.. / THINAAH.. (2) Rank 2 Elo 2250 (+30),14-21 / 21-13 / 21-12,Nami MA.. / Chiharu .. (3) Rank 3 Elo 2281 (-30),68,https://badmintonranks.com/tournament?id=14522,1,BWF World Championships 2025
2025-08-30,Semi final,WS,Akane YAMAGUCHI (5) Rank 5 Elo 2446 (+13),21-17 / 14-21 / 21-6,Putri Kusuma WARDA.. (9) Rank 9 Elo 2244 (-13),58,https://badmintonranks.com/tournament?id=14522,1,BWF World Championships 2025
2025-08-30,Semi final,XD,JIANG Zh.. / WEI Ya X.. (2) Rank 2 Elo 2337 (+14),11-21 / 23-21 / 21-18,GUO Xin .. / CHEN Fa.. (7) Rank 7 Elo 2139 (-14),68,https://badmintonranks.com/tournament?id=14522,1,BWF World Championships 2025
2025-08-29,Quarter final,MD,Satwiksai.. / Chirag S.. (9) Rank 9 Elo 2169 (+31),21-12 / 21-19,Aaron CH.. / SOH Wo.. (2) Rank 2 Elo 2215 (-32),43,https://badmintonranks.com/tournament?id=14522,1,BWF World Championships 2025
2025-08-29,Quarter final,MD,CHEN Bo.. / LIU Yi (11) Rank 11 Elo 2006 (+22),21-15 / 21-14,LEE Jhe-.. / YANG Po.. (16) Rank 18 Elo 1926 (-23),35,https://badmintonranks.com/tournament?id=14522,1,BWF World Championships 2025
2025-08-29,Quarter final,WD,LIU Shen.. / TAN Ning (1) Rank 1 Elo 2455 (+13),19-21 / 21-16 / 21-9,JIA Yi Fan / ZHANG .. (6) Rank 6 Elo 2257 (-14),73,https://badmintonranks.com/tournament?id=14522,1,BWF World Championships 2025
2025-08-29,Quarter final,MD,Kim AST.. / Anders S.. (5) Rank 5 Elo 2045 (+34),16-21 / 21-19 / 21-17,Takuro H.. / Yugo KO.. (13) Rank 13 Elo 2119 (-34),70,https://badmintonranks.com/tournament?id=14522,1,BWF World Championships 2025
2025-08-29,Quarter final,WS,CHEN Yu Fei (4) Rank 4 Elo 2634 (+6),22-20 / 21-14,Pornpawee CHOCHU.. (6) Rank 6 Elo 2277 (-6),54,https://badmintonranks.com/tournament?id=14522,1,BWF World Championships 2025
2025-08-29,Quarter final,WD,Rin IWAN.. / Kie NAK.. (9) Rank 9 Elo 2103 (+21),21-15 / 21-16,Febriana .. / Amallia C.. (10) Rank 10 Elo 2005 (-21),49,https://badmintonranks.com/tournament?id=14522,2,BWF World Championships 2025
2025-08-29,Quarter final,MD,KIM Won .. / SEO Seu.. (1) Rank 1 Elo 2284 (+18),23-21 / 21-23 / 21-15,MAN Wei.. / TEE Kai .. (7) Rank 7 Elo 2151 (-18),69,https://badmintonranks.com/tournament?id=14522,2,BWF World Championships 2025
2025-08-29,Quarter final,MS,Kunlavut VITIDSARN (3) Rank 3 Elo 2417 (+15),21-14 / 18-21 / 21-8,Jonatan CHRISTIE (5) Rank 5 Elo 2259 (-16),73,https://badmintonranks.com/tournament?id=14522,2,BWF World Championships 2025
2025-08-29,Quarter final,WS,AN Se Young (1) Rank 1 Elo 2768 (+2),21-10 / 21-6,SIM Yu Jin (12) Rank 12 Elo 2258 (-3),30,https://badmintonranks.com/tournament?id=14522,2,BWF World Championships 2025
2025-08-29,Quarter final,MS,Anders ANTONSEN (2) Rank 2 Elo 2361 (+22),21-17 / 23-21,CHOU Tien Chen (6) Rank 6 Elo 2282 (-21),61,https://badmintonranks.com/tournament?id=14522,2,BWF World Championships 2025
2025-08-29,Quarter final,WS,Putri Kusuma WARDA.. (9) Rank 9 Elo 2225 (+19),21-14 / 13-21 / 21-16,PUSARLA V. Sindhu (15) Rank 15 Elo 2114 (-19),64,https://badmintonranks.com/tournament?id=14522,2,BWF World Championships 2025
2025-08-29,Quarter final,WD,Pearly TA.. / THINAAH.. (2) Rank 2 Elo 2237 (+13),21-15 / 21-10,Gabriela .. / Stefani ST.. Rank 19 Elo 2034 (-13),32,https://badmintonranks.com/tournament?id=14522,2,BWF World Championships 2025
2025-08-29,Quarter final,XD,Thom GI.. / Delphine .. (8) Rank 8 Elo 2065 (+23),21-19 / 21-18,CHENG .. / ZHANG .. (12) Rank 12 Elo 2003 (-23),51,https://badmintonranks.com/tournament?id=14522,2,BWF World Championships 2025
2025-08-29,Quarter final,XD,GUO Xin .. / CHEN Fa.. (7) Rank 7 Elo 2113 (+26),21-14 / 21-9,Hiroki MI.. / Natsu SA.. (9) Rank 9 Elo 2086 (-26),32,https://badmintonranks.com/tournament?id=14522,2,BWF World Championships 2025
2025-08-29,Quarter final,MS,SHI Yu Qi (1) Rank 1 Elo 2554 (+9),21-15 / 7-21 / 21-10,WENG Hong Yang (16) Rank 16 Elo 2278 (-10),62,https://badmintonranks.com/tournament?id=14522,2,BWF World Championships 2025
2025-08-29,Quarter final,WS,Akane YAMAGUCHI (5) Rank 5 Elo 2421 (+25),21-5 / 21-19,HAN Yue (3) Rank 3 Elo 2393 (-25),34,https://badmintonranks.com/tournament?id=14522,2,BWF World Championships 2025
2025-08-29,Quarter final,XD,JIANG Zh.. / WEI Ya X.. (2) Rank 2 Elo 2333 (+4),25-23 / 21-15,HOO Pan.. / CHENG .. (15) Rank 16 Elo 1894 (-4),41,https://badmintonranks.com/tournament?id=14522,2,BWF World Championships 2025
2025-08-29,Quarter final,WD,Nami MA.. / Chiharu .. (3) Rank 3 Elo 2256 (+25),21-17 / 21-14,KIM Hye .. / KONG H.. (5) Rank 5 Elo 2226 (-25),42,https://badmintonranks.com/tournament?id=14522,2,BWF World Championships 2025
2025-08-29,Quarter final,XD,CHEN Ta.. / TOH Ee .. (4) Rank 4 Elo 2124 (+11),21-15 / 21-13,DHRUV .. / Tanisha .. (16) Rank 17 Elo 1887 (-12),37,https://badmintonranks.com/tournament?id=14522,2,BWF World Championships 2025
2025-08-29,Quarter final,MS,Victor LAI Rank 51 Elo 2036 (+46),22-20 / 21-18,LOH Kean Yew (9) Rank 9 Elo 2285 (-44),47,https://badmintonranks.com/tournament?id=14522,2,BWF World Championships 2025
2025-08-28,Round 3,MD,Kim AST.. / Anders S.. (5) Rank 5 Elo 2029 (+16),21-15 / 21-13,CHIU Hsi.. / WANG C.. (15) Rank 16 Elo 1873 (-18),32,https://badmintonranks.com/tournament?id=14522,2,BWF World Championships 2025
2025-08-28,Round 3,MD,MAN Wei.. / TEE Kai .. (7) Rank 7 Elo 2137 (+14),21-18 / 21-18,Ben LANE / Sean VE.. (14) Rank 14 Elo 1949 (-15),35,https://badmintonranks.com/tournament?id=14522,2,BWF World Championships 2025
2025-08-28,Round 3,WD,LIU Shen.. / TAN Ning (1) Rank 1 Elo 2454 (+1),21-8 / 21-15,CHANG .. / YANG Ch.. (14) Rank 16 Elo 1763 (-2),35,https://badmintonranks.com/tournament?id=14522,2,BWF World Championships 2025
2025-08-28,Round 3,MD,CHEN Bo.. / LIU Yi (11) Rank 11 Elo 1977 (+29),21-17 / 22-20,Rasmus .. / Frederik S.. Rank 21 Elo 1978 (-29),45,https://badmintonranks.com/tournament?id=14522,2,BWF World Championships 2025
2025-08-28,Round 3,WS,CHEN Yu Fei (4) Rank 4 Elo 2632 (+2),21-10 / 21-9,NGUYEN Thuy Linh Rank 22 Elo 2052 (-2),32,https://badmintonranks.com/tournament?id=14522,2,BWF World Championships 2025
2025-08-28,Round 3,WD,JIA Yi Fan / ZHANG .. (6) Rank 6 Elo 2252 (+5),21-15 / 21-14,HSU Yin-.. / LIN Jhih .. (13) Rank 15 Elo 1822 (-5),35,https://badmintonranks.com/tournament?id=14522,3,BWF World Championships 2025
2025-08-28,Round 3,MS,CHOU Tien Chen (6) Rank 6 Elo 2262 (+20),16-21 / 21-15 / 21-13,Kenta NISHIMOTO (14) Rank 14 Elo 2171 (-20),58,https://badmintonranks.com/tournament?id=14522,3,BWF World Championships 2025
2025-08-28,Round 3,MS,Anders ANTONSEN (2) Rank 2 Elo 2346 (+15),21-6 / 20-22 / 21-19,Toma Junior POPOV (15) Rank 15 Elo 2181 (-16),79,https://badmintonranks.com/tournament?id=14522,3,BWF World Championships 2025
2025-08-28,Round 3,MD,KIM Won .. / SEO Seu.. (1) Rank 1 Elo 2275 (+9),17-21 / 21-9 / 21-4,Leo Rolly.. / Bagas M.. (10) Rank 10 Elo 1997 (-10),45,https://badmintonranks.com/tournament?id=14522,3,BWF World Championships 2025
2025-08-28,Round 3,WS,Pornpawee CHOCHU.. (6) Rank 6 Elo 2265 (+12),21-10 / 21-11,Busanan ONGBAMRUN.. Rank 18 Elo 2043 (-12),35,https://badmintonranks.com/tournament?id=14522,3,BWF World Championships 2025
2025-08-28,Round 3,MD,Takuro H.. / Yugo KO.. (13) Rank 13 Elo 2092 (+27),13-21 / 21-11 / 21-17,Fajar ALF.. / Muhamm.. (4) Rank 4 Elo 2085 (-27),54,https://badmintonranks.com/tournament?id=14522,3,BWF World Championships 2025
2025-08-28,Round 3,MD,Satwiksai.. / Chirag S.. (9) Rank 9 Elo 2144 (+25),19-21 / 21-15 / 21-17,LIANG W.. / WANG C.. (6) Rank 6 Elo 2115 (-25),66,https://badmintonranks.com/tournament?id=14522,3,BWF World Championships 2025
2025-08-28,Round 3,WD,Gabriela .. / Stefani ST.. Rank 19 Elo 1999 (+35),21-18 / 20-22 / 22-20,Yuki FUK.. / Mayu MA.. (8) Rank 8 Elo 2090 (-34),74,https://badmintonranks.com/tournament?id=14522,3,BWF World Championships 2025
2025-08-28,Round 3,MD,LEE Jhe-.. / YANG Po.. (16) Rank 18 Elo 1878 (+48),22-20 / 15-21 / 23-21,GOH Sze.. / Nur IZZU.. (3) Rank 3 Elo 2110 (-43),50,https://badmintonranks.com/tournament?id=14522,3,BWF World Championships 2025
2025-08-28,Round 3,WD,Pearly TA.. / THINAAH.. (2) Rank 2 Elo 2224 (+13),21-12 / 21-11,Lanny Tri.. / Siti Fadia.. (12) Rank 14 Elo 2014 (-13),29,https://badmintonranks.com/tournament?id=14522,3,BWF World Championships 2025
2025-08-28,Round 3,WD,Rin IWAN.. / Kie NAK.. (9) Rank 9 Elo 2079 (+24),21-16 / 21-18,LI Yi jing / LUO Xu .. (7) Rank 7 Elo 2042 (-25),48,https://badmintonranks.com/tournament?id=14522,3,BWF World Championships 2025
2025-08-28,Round 3,WD,Febriana .. / Amallia C.. (10) Rank 10 Elo 1962 (+43),21-16 / 21-15,BAEK Ha.. / LEE So H.. (4) Rank 4 Elo 2143 (-40),44,https://badmintonranks.com/tournament?id=14522,3,BWF World Championships 2025
2025-08-28,Round 3,MD,Aaron CH.. / SOH Wo.. (2) Rank 2 Elo 2203 (+12),18-21 / 21-18 / 26-24,Junaidi A.. / YAP Roy .. Rank 22 Elo 1970 (-11),64,https://badmintonranks.com/tournament?id=14522,3,BWF World Championships 2025
2025-08-28,Round 3,MS,Kunlavut VITIDSARN (3) Rank 3 Elo 2405 (+12),21-18 / 18-21 / 22-20,Alwi FARHAN Rank 23 Elo 2193 (-13),76,https://badmintonranks.com/tournament?id=14522,3,BWF World Championships 2025
2025-08-28,Round 3,MS,WENG Hong Yang (16) Rank 16 Elo 2245 (+33),21-18 / 21-12,Alex LANIER (7) Rank 7 Elo 2315 (-32),49,https://badmintonranks.com/tournament?id=14522,3,BWF World Championships 2025
2025-08-28,Round 3,MS,SHI Yu Qi (1) Rank 1 Elo 2547 (+7),20-22 / 21-13 / 21-18,Christo POPOV (10) Rank 10 Elo 2233 (-7),80,https://badmintonranks.com/tournament?id=14522,3,BWF World Championships 2025
2025-08-28,Round 3,MS,Victor LAI Rank 51 Elo 2006 (+30),21-17 / 21-13,JEON Hyeok Jin Rank 38 Elo 2035 (-30),51,https://badmintonranks.com/tournament?id=14522,3,BWF World Championships 2025
2025-08-28,Round 3,WS,AN Se Young (1) Rank 1 Elo 2766 (+2),21-18 / 21-10,Michelle LI (16) Rank 16 Elo 2115 (-1),35,https://badmintonranks.com/tournament?id=14522,3,BWF World Championships 2025
2025-08-28,Round 3,XD,Thom GI.. / Delphine .. (8) Rank 8 Elo 2044 (+21),19-21 / 21-14 / 21-17,YE Hong .. / Nicole Go.. Rank 19 Elo 1958 (-22),60,https://badmintonranks.com/tournament?id=14522,3,BWF World Championships 2025
2025-08-28,Round 3,WS,PUSARLA V. Sindhu (15) Rank 15 Elo 2062 (+52),21-19 / 21-15,WANG Zhi Yi (2) Rank 2 Elo 2559 (-51),48,https://badmintonranks.com/tournament?id=14522,3,BWF World Championships 2025
2025-08-28,Round 3,WS,HAN Yue (3) Rank 3 Elo 2376 (+17),21-14 / 21-19,GAO Fang jie (14) Rank 14 Elo 2243 (-17),44,https://badmintonranks.com/tournament?id=14522,4,BWF World Championships 2025
2025-08-28,Round 3,MS,Jonatan CHRISTIE (5) Rank 5 Elo 2241 (+18),21-19 / 21-9,LEE Cheuk Yiu (13) Rank 13 Elo 2115 (-18),38,https://badmintonranks.com/tournament?id=14522,4,BWF World Championships 2025
2025-08-28,Round 3,XD,DHRUV .. / Tanisha .. (16) Rank 17 Elo 1833 (+54),19-21 / 21-12 / 21-15,TANG Ch.. / TSE Ying.. (5) Rank 5 Elo 2115 (-45),63,https://badmintonranks.com/tournament?id=14522,4,BWF World Championships 2025
2025-08-28,Round 3,WD,KIM Hye .. / KONG H.. (5) Rank 5 Elo 2217 (+9),21-17 / 21-6,HSIEH P.. / HUNG E.. (11) Rank 11 Elo 1953 (-10),38,https://badmintonranks.com/tournament?id=14522,4,BWF World Championships 2025
2025-08-28,Round 3,XD,CHEN Ta.. / TOH Ee .. (4) Rank 4 Elo 2100 (+24),14-21 / 21-19 / 21-17,Jafar HID.. / Felisha Al.. (11) Rank 11 Elo 2057 (-24),68,https://badmintonranks.com/tournament?id=14522,4,BWF World Championships 2025
2025-08-28,Round 3,WS,Akane YAMAGUCHI (5) Rank 5 Elo 2412 (+9),21-11 / 21-17,Supanida KATETHONG (11) Rank 11 Elo 2119 (-8),34,https://badmintonranks.com/tournament?id=14522,4,BWF World Championships 2025
2025-08-28,Round 3,WS,SIM Yu Jin (12) Rank 12 Elo 2233 (+25),21-15 / 21-18,Gregoria Mariska TUN.. (7) Rank 7 Elo 2207 (-25),31,https://badmintonranks.com/tournament?id=14522,4,BWF World Championships 2025
2025-08-28,Round 3,XD,HOO Pan.. / CHENG .. (15) Rank 16 Elo 1846 (+48),13-21 / 23-21 / 21-17,GOH Soo.. / LAI Shev.. (6) Rank 6 Elo 2035 (-41),55,https://badmintonranks.com/tournament?id=14522,4,BWF World Championships 2025
2025-08-28,Round 3,MS,LOH Kean Yew (9) Rank 9 Elo 2265 (+20),5-21 / 21-19 / 21-19,Kodai NARAOKA (8) Rank 8 Elo 2171 (-20),63,https://badmintonranks.com/tournament?id=14522,4,BWF World Championships 2025
2025-08-28,Round 3,WS,Putri Kusuma WARDA.. (9) Rank 9 Elo 2203 (+22),21-12 / 21-11,Tomoka MIYAZAKI (8) Rank 8 Elo 2141 (-22),38,https://badmintonranks.com/tournament?id=14522,4,BWF World Championships 2025
2025-08-28,Round 3,XD,JIANG Zh.. / WEI Ya X.. (2) Rank 2 Elo 2327 (+6),21-15 / 21-11,Jesper T.. / Amalie M.. (10) Rank 10 Elo 1986 (-7),32,https://badmintonranks.com/tournament?id=14522,4,BWF World Championships 2025
2025-08-28,Round 3,XD,GUO Xin .. / CHEN Fa.. (7) Rank 7 Elo 2106 (+7),21-13 / 21-10,YANG Po.. / HU Ling .. (13) Rank 13 Elo 1778 (-10),28,https://badmintonranks.com/tournament?id=14522,4,BWF World Championships 2025
2025-08-28,Round 3,XD,Hiroki MI.. / Natsu SA.. (9) Rank 9 Elo 2045 (+41),8-21 / 21-19 / 21-16,Dechapol.. / Supissar.. (3) Rank 3 Elo 2227 (-40),49,https://badmintonranks.com/tournament?id=14522,4,BWF World Championships 2025
2025-08-28,Round 3,WD,Nami MA.. / Chiharu .. (3) Rank 3 Elo 2251 (+5),21-13 / 21-16,YEUNG .. / YEUNG .. (15) Rank 17 Elo 1845 (-6),41,https://badmintonranks.com/tournament?id=14522,4,BWF World Championships 2025
2025-08-28,Round 3,XD,CHENG .. / ZHANG .. (12) Rank 12 Elo 1974 (+29),23-21 / 21-12,Mathias .. / Alexandra .. Rank 194 Elo 1981 (-29),51,https://badmintonranks.com/tournament?id=14522,4,BWF World Championships 2025
2025-08-27,Round 2,MS,Kunlavut VITIDSARN (3) Rank 3 Elo 2403 (+2),21-19 / 21-6,KIM Byung Jae Rank 102 Elo 1752 (-1),48,https://badmintonranks.com/tournament?id=14522,4,BWF World Championships 2025
2025-08-27,Round 2,MS,JEON Hyeok Jin Rank 38 Elo 2003 (+32),21-12 / 21-9,Yushi TANAKA Rank 27 Elo 2061 (-31),41,https://badmintonranks.com/tournament?id=14522,4,BWF World Championships 2025
2025-08-27,Round 2,MD,LEE Jhe-.. / YANG Po.. (16) Rank 18 Elo 1861 (+17),21-5 / 21-18,NGUYEN.. / TRAN Din.. Rank 126 Elo 1694 (-24),23,https://badmintonranks.com/tournament?id=14522,4,BWF World Championships 2025
2025-08-27,Round 2,MD,CHEN Bo.. / LIU Yi (11) Rank 11 Elo 1967 (+10),21-7 / 21-19,Jiří KRÁL / Ondřej KR.. Rank 71 Elo 1706 (-15),36,https://badmintonranks.com/tournament?id=14522,4,BWF World Championships 2025
2025-08-27,Round 2,WS,GAO Fang jie (14) Rank 14 Elo 2240 (+3),21-17 / 21-18,VU Thi Trang Rank 170 Elo 1780 (-5),54,https://badmintonranks.com/tournament?id=14522,4,BWF World Championships 2025
2025-08-27,Round 2,MS,Anders ANTONSEN (2) Rank 2 Elo 2339 (+7),21-8 / 17-21 / 23-21,PRANNOY H. S. Rank 34 Elo 2012 (-7),81,https://badmintonranks.com/tournament?id=14522,5,BWF World Championships 2025
2025-08-27,Round 2,WD,KIM Hye .. / KONG H.. (5) Rank 5 Elo 2211 (+6),21-19 / 21-9,Lauren L.. / Allison Qu.. Rank 21 Elo 1850 (-7),39,https://badmintonranks.com/tournament?id=14522,5,BWF World Championships 2025
2025-08-27,Round 2,WS,HAN Yue (3) Rank 3 Elo 2367 (+9),24-22 / 21-13,ZHANG Beiwen Rank 27 Elo 2092 (-9),36,https://badmintonranks.com/tournament?id=14522,5,BWF World Championships 2025
2025-08-27,Round 2,MD,GOH Sze.. / Nur IZZU.. (3) Rank 3 Elo 2101 (+9),19-21 / 21-10 / 21-17,CHEN Z.. / Presley S.. Rank 30 Elo 1828 (-11),51,https://badmintonranks.com/tournament?id=14522,5,BWF World Championships 2025
2025-08-27,Round 2,MS,Victor LAI Rank 51 Elo 1959 (+47),13-21 / 21-12 / 21-10,LU Guang Zu (11) Rank 11 Elo 2226 (-43),69,https://badmintonranks.com/tournament?id=14522,5,BWF World Championships 2025
2025-08-27,Round 2,MS,Alwi FARHAN Rank 23 Elo 2160 (+33),21-17 / 22-20,LIN Chun-Yi (12) Rank 12 Elo 2246 (-33),48,https://badmintonranks.com/tournament?id=14522,5,BWF World Championships 2025
2025-08-27,Round 2,MD,Rasmus .. / Frederik S.. Rank 21 Elo 1942 (+36),21-18 / 18-21 / 26-24,Sabar Ka.. / Moh Rez.. (8) Rank 8 Elo 2037 (-34),80,https://badmintonranks.com/tournament?id=14522,5,BWF World Championships 2025
2025-08-27,Round 2,WD,Lanny Tri.. / Siti Fadia.. (12) Rank 14 Elo 2005 (+9),21-13 / 21-12,Tea MAR.. / Flavie VAL.. Rank 56 Elo 1705 (-13),30,https://badmintonranks.com/tournament?id=14522,5,BWF World Championships 2025
2025-08-27,Round 2,WD,HSIEH P.. / HUNG E.. (11) Rank 11 Elo 1945 (+8),21-9 / 21-6,Abbygael.. / Lizzie TOL.. Rank 59 Elo 1636 (-15),26,https://badmintonranks.com/tournament?id=14522,5,BWF World Championships 2025
2025-08-27,Round 2,WS,Michelle LI (16) Rank 16 Elo 2105 (+10),21-14 / 17-21 / 21-10,Ozge BAYRAK Rank 106 Elo 1844 (-12),51,https://badmintonranks.com/tournament?id=14522,5,BWF World Championships 2025
2025-08-27,Round 2,MS,Toma Junior POPOV (15) Rank 15 Elo 2175 (+6),21-17 / 21-9,Viren NETTASINGHE Rank 76 Elo 1786 (-6),41,https://badmintonranks.com/tournament?id=14522,5,BWF World Championships 2025
2025-08-27,Round 2,WS,AN Se Young (1) Rank 1 Elo 2766 (+0),21-15 / 21-7,Yvonne LI Rank 55 Elo 1801 (-0),36,https://badmintonranks.com/tournament?id=14522,5,BWF World Championships 2025
2025-08-27,Round 2,WS,CHEN Yu Fei (4) Rank 4 Elo 2630 (+2),21-13 / 16-21 / 21-10,Mia BLICHFELDT Rank 26 Elo 2052 (-2),67,https://badmintonranks.com/tournament?id=14522,5,BWF World Championships 2025
2025-08-27,Round 2,WS,NGUYEN Thuy Linh Rank 22 Elo 2034 (+18),21-17 / 23-21,Kirsty GILMOUR Rank 31 Elo 1918 (-20),44,https://badmintonranks.com/tournament?id=14522,5,BWF World Championships 2025
2025-08-27,Round 2,MD,Aaron CH.. / SOH Wo.. (2) Rank 2 Elo 2200 (+3),21-15 / 21-16,Christoph.. / Matthew .. Rank 40 Elo 1748 (-5),33,https://badmintonranks.com/tournament?id=14522,5,BWF World Championships 2025
2025-08-27,Round 2,MS,Alex LANIER (7) Rank 7 Elo 2312 (+3),21-17 / 21-13,Aria DINATA Rank 85 Elo 1821 (-4),44,https://badmintonranks.com/tournament?id=14522,5,BWF World Championships 2025
2025-08-27,Round 2,XD,CHEN Ta.. / TOH Ee .. (4) Rank 4 Elo 2096 (+4),21-16 / 21-11,Rohan K.. / GADDE R.. Rank 33 Elo 1668 (-7),30,https://badmintonranks.com/tournament?id=14522,5,BWF World Championships 2025
2025-08-27,Round 2,MS,WENG Hong Yang (16) Rank 16 Elo 2228 (+17),21-19 / 21-13,LEE Chia Hao Rank 20 Elo 2108 (-18),47,https://badmintonranks.com/tournament?id=14522,5,BWF World Championships 2025
2025-08-27,Round 2,XD,Jafar HID.. / Felisha Al.. (11) Rank 11 Elo 2050 (+7),21-19 / 22-20,Mihajlo T.. / Andjela VI.. Rank 86 Elo 1722 (-10),39,https://badmintonranks.com/tournament?id=14522,5,BWF World Championships 2025
2025-08-27,Round 2,MD,LIANG W.. / WANG C.. (6) Rank 6 Elo 2112 (+3),21-16 / 21-19,Ruben G.. / Carlos PI.. Rank 101 Elo 1644 (-6),32,https://badmintonranks.com/tournament?id=14522,5,BWF World Championships 2025
2025-08-27,Round 2,WD,Pearly TA.. / THINAAH.. (2) Rank 2 Elo 2221 (+3),21-17 / 21-14,LUI Lok L.. / TSANG Hi.. Rank 26 Elo 1766 (-5),37,https://badmintonranks.com/tournament?id=14522,6,BWF World Championships 2025
2025-08-27,Round 2,MD,Satwiksai.. / Chirag S.. (9) Rank 9 Elo 2132 (+12),22-20 / 21-13,LIU Kuan.. / YANG Po .. Rank 23 Elo 1927 (-14),43,https://badmintonranks.com/tournament?id=14522,6,BWF World Championships 2025
2025-08-27,Round 2,XD,GOH Soo.. / LAI Shev.. (6) Rank 6 Elo 2020 (+15),21-19 / 21-15,Pakkapo.. / Phataimas.. Rank 48 Elo 1862 (-18),30,https://badmintonranks.com/tournament?id=14522,6,BWF World Championships 2025
2025-08-27,Round 2,MD,Junaidi A.. / YAP Roy .. Rank 22 Elo 1939 (+31),21-13 / 21-17,Dechapol.. / Kittinupo.. (12) Rank 12 Elo 1975 (-31),33,https://badmintonranks.com/tournament?id=14522,6,BWF World Championships 2025
2025-08-27,Round 2,WS,WANG Zhi Yi (2) Rank 2 Elo 2557 (+2),21-18 / 21-7,LIN Hsiang Ti Rank 21 Elo 2002 (-2),39,https://badmintonranks.com/tournament?id=14522,6,BWF World Championships 2025
2025-08-27,Round 2,WS,PUSARLA V. Sindhu (15) Rank 15 Elo 2053 (+9),21-19 / 21-15,LETSHANAA Karupathe.. Rank 40 Elo 1777 (-12),43,https://badmintonranks.com/tournament?id=14522,6,BWF World Championships 2025
2025-08-27,Round 2,XD,HOO Pan.. / CHENG .. (15) Rank 16 Elo 1821 (+25),21-10 / 18-21 / 21-12,Malik BO.. / Leona MI.. Rank 55 Elo 1748 (-30),50,https://badmintonranks.com/tournament?id=14522,6,BWF World Championships 2025
2025-08-27,Round 2,XD,Thom GI.. / Delphine .. (8) Rank 8 Elo 2034 (+10),21-9 / 21-15,Fabricio .. / Jaqueline .. Rank 58 Elo 1765 (-13),35,https://badmintonranks.com/tournament?id=14522,6,BWF World Championships 2025
2025-08-27,Round 2,MS,SHI Yu Qi (1) Rank 1 Elo 2546 (+1),21-15 / 21-11,Julien CARRAGGI Rank 59 Elo 1786 (-1),38,https://badmintonranks.com/tournament?id=14522,6,BWF World Championships 2025
2025-08-27,Round 2,XD,Jesper T.. / Amalie M.. (10) Rank 10 Elo 1960 (+26),21-19 / 21-16,LEE Jong.. / CHAE Yu .. Rank 67 Elo 1933 (-26),34,https://badmintonranks.com/tournament?id=14522,6,BWF World Championships 2025
2025-08-27,Round 2,XD,YE Hong .. / Nicole Go.. Rank 19 Elo 1932 (+26),21-18 / 21-16,Ruttanap.. / Jhenicha .. (14) Rank 15 Elo 1895 (-26),31,https://badmintonranks.com/tournament?id=14522,6,BWF World Championships 2025
2025-08-27,Round 2,WD,YEUNG .. / YEUNG .. (15) Rank 17 Elo 1826 (+19),21-15 / 21-15,SUNG Sh.. / YU Chien .. Rank 20 Elo 1674 (-27),38,https://badmintonranks.com/tournament?id=14522,6,BWF World Championships 2025
2025-08-27,Round 2,WD,Yuki FUK.. / Mayu MA.. (8) Rank 8 Elo 2082 (+8),21-19 / 21-18,Gronya S.. / Angela YU Rank 30 Elo 1792 (-11),41,https://badmintonranks.com/tournament?id=14522,6,BWF World Championships 2025
2025-08-27,Round 2,WD,Nami MA.. / Chiharu .. (3) Rank 3 Elo 2248 (+3),21-9 / 21-12,Bengisu .. / Nazlıcan I.. Rank 51 Elo 1752 (-4),33,https://badmintonranks.com/tournament?id=14522,6,BWF World Championships 2025
2025-08-27,Round 2,WS,Putri Kusuma WARDA.. (9) Rank 9 Elo 2195 (+8),21-15 / 21-11,Juliana Viana VIEIRA Rank 68 Elo 1883 (-8),34,https://badmintonranks.com/tournament?id=14522,6,BWF World Championships 2025
2025-08-27,Round 2,MS,LEE Cheuk Yiu (13) Rank 13 Elo 2109 (+6),21-16 / 23-21,Fabian ROTH Rank 95 Elo 1761 (-9),53,https://badmintonranks.com/tournament?id=14522,6,BWF World Championships 2025
2025-08-27,Round 2,MS,Christo POPOV (10) Rank 10 Elo 2217 (+16),21-15 / 21-16,NG Ka Long Angus Rank 22 Elo 2081 (-17),46,https://badmintonranks.com/tournament?id=14522,6,BWF World Championships 2025
2025-08-27,Round 2,XD,GUO Xin .. / CHEN Fa.. (7) Rank 7 Elo 2097 (+9),21-14 / 21-12,CHEN Ch.. / HSU Yin-.. Rank 21 Elo 1822 (-11),35,https://badmintonranks.com/tournament?id=14522,6,BWF World Championships 2025
2025-08-27,Round 2,WS,Tomoka MIYAZAKI (8) Rank 8 Elo 2125 (+16),21-10 / 13-21 / 21-10,HSU Wen Chi Rank 36 Elo 1982 (-17),63,https://badmintonranks.com/tournament?id=14522,6,BWF World Championships 2025
2025-08-27,Round 2,XD,YANG Po.. / HU Ling .. (13) Rank 13 Elo 1738 (+40),21-15 / 21-18,Rory EAS.. / Lizzie TOL.. Rank 43 Elo 1755 (-39),31,https://badmintonranks.com/tournament?id=14522,6,BWF World Championships 2025
2025-08-27,Round 2,WD,Gabriela .. / Stefani ST.. Rank 19 Elo 1980 (+19),21-11 / 21-9,GO Pei K.. / TEOH M.. (16) Rank 18 Elo 1855 (-21),34,https://badmintonranks.com/tournament?id=14522,7,BWF World Championships 2025
2025-08-27,Round 2,WS,SIM Yu Jin (12) Rank 12 Elo 2231 (+2),21-14 / 21-16,Ranithma LIYANAGE Rank 107 Elo 1629 (-3),30,https://badmintonranks.com/tournament?id=14522,7,BWF World Championships 2025
2025-08-27,Round 2,XD,Hiroki MI.. / Natsu SA.. (9) Rank 9 Elo 2028 (+17),21-15 / 21-12,Yuichi SH.. / Sayaka H.. Rank 20 Elo 1879 (-18),35,https://badmintonranks.com/tournament?id=14522,7,BWF World Championships 2025
2025-08-27,Round 2,WS,Gregoria Mariska TUN.. (7) Rank 7 Elo 2198 (+9),21-17 / 21-8,Julie Dawall JAKOBSEN Rank 32 Elo 1914 (-10),32,https://badmintonranks.com/tournament?id=14522,7,BWF World Championships 2025
2025-08-27,Round 2,XD,JIANG Zh.. / WEI Ya X.. (2) Rank 2 Elo 2325 (+2),18-21 / 21-13 / 21-15,Callum H.. / Estelle VA.. Rank 29 Elo 1752 (-3),48,https://badmintonranks.com/tournament?id=14522,7,BWF World Championships 2025
2025-08-27,Round 2,MS,Jonatan CHRISTIE (5) Rank 5 Elo 2236 (+5),21-9 / 21-17,Ade Resky DWICAHYO Rank 91 Elo 1849 (-6),36,https://badmintonranks.com/tournament?id=14522,7,BWF World Championships 2025
2025-08-27,Round 2,MS,Kenta NISHIMOTO (14) Rank 14 Elo 2144 (+27),17-21 / 21-13 / 25-23,LEONG Jun Hao Rank 25 Elo 2150 (-27),89,https://badmintonranks.com/tournament?id=14522,7,BWF World Championships 2025
2025-08-27,Round 2,MS,Kodai NARAOKA (8) Rank 8 Elo 2151 (+20),21-18 / 21-14,Nhat NGUYEN Rank 30 Elo 2066 (-20),57,https://badmintonranks.com/tournament?id=14522,7,BWF World Championships 2025
2025-08-27,Round 2,MS,CHOU Tien Chen (6) Rank 6 Elo 2258 (+4),21-14 / 21-12,Ethan ROSE Rank 106 Elo 1822 (-5),32,https://badmintonranks.com/tournament?id=14522,7,BWF World Championships 2025
2025-08-27,Round 2,MS,LOH Kean Yew (9) Rank 9 Elo 2261 (+4),21-14 / 21-14,Kalle KOLJONEN Rank 54 Elo 1843 (-5),39,https://badmintonranks.com/tournament?id=14522,7,BWF World Championships 2025
2025-08-27,Round 2,XD,DHRUV .. / Tanisha .. (16) Rank 17 Elo 1817 (+16),21-11 / 21-16,Joshua M.. / Moya RYA.. Rank 80 Elo 1618 (-26),35,https://badmintonranks.com/tournament?id=14522,7,BWF World Championships 2025
2025-08-27,Round 2,WS,Akane YAMAGUCHI (5) Rank 5 Elo 2400 (+12),21-19 / 21-19,KIM Ga Eun Rank 17 Elo 2193 (-13),47,https://badmintonranks.com/tournament?id=14522,7,BWF World Championships 2025
2025-08-27,Round 2,WS,Supanida KATETHONG (11) Rank 11 Elo 2102 (+17),14-21 / 22-20 / 21-19,Line Højmark KJAERSF.. Rank 19 Elo 1971 (-18),62,https://badmintonranks.com/tournament?id=14522,7,BWF World Championships 2025
2025-08-27,Round 2,XD,TANG Ch.. / TSE Ying.. (5) Rank 5 Elo 2100 (+15),21-16 / 21-14,Rinov RI.. / Pitha Hani.. Rank 35 Elo 1935 (-16),38,https://badmintonranks.com/tournament?id=14522,7,BWF World Championships 2025
2025-08-27,Round 2,XD,Dechapol.. / Supissar.. (3) Rank 3 Elo 2223 (+4),21-18 / 21-12,HEE Yon.. / JIN Yu Jia Rank 22 Elo 1748 (-5),35,https://badmintonranks.com/tournament?id=14522,7,BWF World Championships 2025
2025-08-27,Round 2,WS,Pornpawee CHOCHU.. (6) Rank 6 Elo 2263 (+2),21-13 / 21-13,Ishika JAISWAL Rank 67 Elo 1755 (-3),32,https://badmintonranks.com/tournament?id=14522,7,BWF World Championships 2025
2025-08-27,Round 2,XD,CHENG .. / ZHANG .. (12) Rank 12 Elo 1959 (+15),21-17 / 24-22,Alexande.. / Julie MAC.. Rank 25 Elo 1792 (-18),46,https://badmintonranks.com/tournament?id=14522,7,BWF World Championships 2025
2025-08-27,Round 2,WS,Busanan ONGBAMRUN.. Rank 18 Elo 2003 (+40),21-17 / 22-20,YEO Jia Min (13) Rank 13 Elo 2171 (-39),47,https://badmintonranks.com/tournament?id=14522,7,BWF World Championships 2025
2025-08-27,Round 2,XD,Mathias .. / Alexandra .. Rank 194 Elo 1927 (+54),14-21 / 21-13 / 21-18,FENG Ya.. / HUANG .. (1) Rank 1 Elo 2433 (-50),82,https://badmintonranks.com/tournament?id=14522,7,BWF World Championships 2025
2025-08-26,Round 2,MD,Ben LANE / Sean VE.. (14) Rank 14 Elo 1926 (+23),21-18 / 21-16,KIM Gi Ju.. / KIM Sa R.. Rank 72 Elo 1852 (-25),43,https://badmintonranks.com/tournament?id=14522,7,BWF World Championships 2025
2025-08-26,Round 2,MD,MAN Wei.. / TEE Kai .. (7) Rank 7 Elo 2125 (+12),21-15 / 13-21 / 21-19,Christo P.. / Toma Juni.. Rank 19 Elo 1913 (-13),65,https://badmintonranks.com/tournament?id=14522,8,BWF World Championships 2025
2025-08-26,Round 2,WD,JIA Yi Fan / ZHANG .. (6) Rank 6 Elo 2251 (+1),21-3 / 21-5,Selin HÜ.. / Amelie LE.. Rank 82 Elo 1640 (-3),24,https://badmintonranks.com/tournament?id=14522,8,BWF World Championships 2025
2025-08-26,Round 2,WD,Febriana .. / Amallia C.. (10) Rank 10 Elo 1955 (+7),21-17 / 21-14,Julie MA.. / Ciara TOR.. Rank 32 Elo 1627 (-13),41,https://badmintonranks.com/tournament?id=14522,8,BWF World Championships 2025
2025-08-26,Round 2,WD,BAEK Ha.. / LEE So H.. (4) Rank 4 Elo 2136 (+7),21-11 / 17-21 / 21-17,Margot L.. / Camille P.. Rank 42 Elo 1810 (-9),65,https://badmintonranks.com/tournament?id=14522,8,BWF World Championships 2025
2025-08-26,Round 2,MD,Kim AST.. / Anders S.. (5) Rank 5 Elo 2021 (+8),21-9 / 21-13,Alexande.. / Adam PRI.. Rank 74 Elo 1726 (-12),28,https://badmintonranks.com/tournament?id=14522,8,BWF World Championships 2025
2025-08-26,Round 2,MD,CHIU Hsi.. / WANG C.. (15) Rank 16 Elo 1852 (+21),21-15 / 21-18,Solomon .. / Julius VIL.. Rank 123 Elo 1731 (-26),28,https://badmintonranks.com/tournament?id=14522,8,BWF World Championships 2025
2025-08-26,Round 2,WD,LI Yi jing / LUO Xu .. (7) Rank 7 Elo 2038 (+4),21-11 / 21-16,Polina B.. / Yevheniia .. Rank 24 Elo 1603 (-9),31,https://badmintonranks.com/tournament?id=14522,8,BWF World Championships 2025
2025-08-26,Round 2,MD,Leo Rolly.. / Bagas M.. (10) Rank 10 Elo 1981 (+16),21-8 / 21-9,Eloi ADAM / Leo ROSS.. Rank 39 Elo 1824 (-19),31,https://badmintonranks.com/tournament?id=14522,8,BWF World Championships 2025
2025-08-26,Round 2,WD,HSU Yin-.. / LIN Jhih .. (13) Rank 15 Elo 1808 (+14),21-15 / 21-13,Airah Ma.. / Eleanor C.. Rank 99 Elo 1579 (-26),27,https://badmintonranks.com/tournament?id=14522,8,BWF World Championships 2025
2025-08-26,Round 2,WD,Rin IWAN.. / Kie NAK.. (9) Rank 9 Elo 2075 (+4),21-8 / 21-10,Kirsten D.. / Mariia ST.. Rank 94 Elo 1640 (-8),29,https://badmintonranks.com/tournament?id=14522,8,BWF World Championships 2025
2025-08-26,Round 2,WD,LIU Shen.. / TAN Ning (1) Rank 1 Elo 2454 (+0),21-8 / 21-4,Lucie AM.. / Caroline R.. Rank 63 Elo 1646 (-1),26,https://badmintonranks.com/tournament?id=14522,8,BWF World Championships 2025
2025-08-26,Round 2,WD,CHANG .. / YANG Ch.. (14) Rank 16 Elo 1726 (+37),21-15 / 21-11,Paula LO.. / Lucia RO.. Rank 75 Elo 1704 (-39),32,https://badmintonranks.com/tournament?id=14522,8,BWF World Championships 2025
2025-08-26,Round 2,MD,KIM Won .. / SEO Seu.. (1) Rank 1 Elo 2274 (+1),21-17 / 21-12,Eng Keat .. / Junsuke K.. Rank 59 Elo 1655 (-2),36,https://badmintonranks.com/tournament?id=14522,8,BWF World Championships 2025
2025-08-26,Round 2,MD,Takuro H.. / Yugo KO.. (13) Rank 13 Elo 2087 (+5),21-15 / 21-11,Malik BO.. / Kenneth N.. Rank 66 Elo 1660 (-8),33,https://badmintonranks.com/tournament?id=14522,8,BWF World Championships 2025
2025-08-26,Round 2,MD,Fajar ALF.. / Muhamm.. (4) Rank 4 Elo 2079 (+6),14-21 / 21-11 / 22-20,HUNG K.. / LUI Chun .. Rank 117 Elo 1714 (-9),46,https://badmintonranks.com/tournament?id=14522,8,BWF World Championships 2025
2025-08-26,Round 1,WS,LIN Hsiang Ti Rank 21 Elo 1994 (+8),21-14 / 21-16,Clara AZURMENDI Rank 79 Elo 1686 (-13),36,https://badmintonranks.com/tournament?id=14522,8,BWF World Championships 2025
2025-08-26,Round 1,MS,Fabian ROTH Rank 95 Elo 1712 (+49),21-16 / 19-21 / 21-18,Ygor COELHO Rank Elo 1780 (-42),61,https://badmintonranks.com/tournament?id=14522,8,BWF World Championships 2025
2025-08-26,Round 1,XD,Rory EAS.. / Lizzie TOL.. Rank 43 Elo 1725 (+30),19-21 / 21-18 / 21-16,Jonathan .. / Crystal LAI Rank 61 Elo 1636 (-38),58,https://badmintonranks.com/tournament?id=14522,8,BWF World Championships 2025
2025-08-26,Round 1,WS,Putri Kusuma WARDA.. (9) Rank 9 Elo 2190 (+5),21-18 / 21-11,LO Sin Yan Happy Rank 45 Elo 1806 (-7),37,https://badmintonranks.com/tournament?id=14522,8,BWF World Championships 2025
2025-08-26,Round 1,MS,LEE Cheuk Yiu (13) Rank 13 Elo 2102 (+7),21-9 / 21-17,Gustav BJORKLER Rank 97 Elo 1778 (-9),35,https://badmintonranks.com/tournament?id=14522,8,BWF World Championships 2025
2025-08-26,Round 1,XD,YE Hong .. / Nicole Go.. Rank 19 Elo 1914 (+18),21-11 / 21-10,Presley S.. / Jennie GA.. Rank 26 Elo 1782 (-22),24,https://badmintonranks.com/tournament?id=14522,9,BWF World Championships 2025
2025-08-26,Round 1,XD,Yuichi SH.. / Sayaka H.. Rank 20 Elo 1873 (+6),21-12 / 21-14,Oleksii TI.. / Yevheniia .. Rank 59 Elo 1500 (-16),26,https://badmintonranks.com/tournament?id=14522,9,BWF World Championships 2025
2025-08-26,Round 1,XD,CHEN Ch.. / HSU Yin-.. Rank 21 Elo 1804 (+18),21-6 / 21-10,Christoph.. / Diana CO.. Rank 60 Elo 1627 (-28),21,https://badmintonranks.com/tournament?id=14522,9,BWF World Championships 2025
2025-08-26,Round 1,WS,Juliana Viana VIEIRA Rank 68 Elo 1864 (+19),21-16 / 21-14,Keisha Fatimah AZ ZAH.. Rank 59 Elo 1732 (-25),31,https://badmintonranks.com/tournament?id=14522,9,BWF World Championships 2025
2025-08-26,Round 1,WS,WANG Zhi Yi (2) Rank 2 Elo 2557 (+0),21-5 / 21-4,Agnes KOROSI Rank 103 Elo 1647 (-0),22,https://badmintonranks.com/tournament?id=14522,9,BWF World Championships 2025
2025-08-26,Round 1,XD,Callum H.. / Estelle VA.. Rank 29 Elo 1717 (+35),21-16 / 17-21 / 21-14,Ruben G.. / Lucia RO.. Rank 44 Elo 1670 (-40),50,https://badmintonranks.com/tournament?id=14522,9,BWF World Championships 2025
2025-08-26,Round 1,XD,Mihajlo T.. / Andjela VI.. Rank 86 Elo 1697 (+25),21-11 / 21-6,Misha ZIL.. / Svetlana Z.. Rank Elo 1550 (-40),24,https://badmintonranks.com/tournament?id=14522,9,BWF World Championships 2025
2025-08-26,Round 1,XD,Joshua M.. / Moya RYA.. Rank 80 Elo 1530 (+88),21-10 / 21-10,Linden W.. / Eva WANG Rank 123 Elo 1610 (-68),19,https://badmintonranks.com/tournament?id=14522,9,BWF World Championships 2025
2025-08-26,Round 1,MS,Ethan ROSE Rank 106 Elo 1793 (+29),21-9 / 17-21 / 21-12,Pablo ABIAN Rank 188 Elo 1747 (-33),64,https://badmintonranks.com/tournament?id=14522,9,BWF World Championships 2025
2025-08-26,Round 1,XD,Pakkapo.. / Phataimas.. Rank 48 Elo 1847 (+15),14-21 / 21-13 / 21-14,Julien MA.. / Lea PALE.. Rank 36 Elo 1639 (-24),55,https://badmintonranks.com/tournament?id=14522,9,BWF World Championships 2025
2025-08-26,Round 1,MS,Anders ANTONSEN (2) Rank 2 Elo 2338 (+1),21-15 / 21-16,Jonathan MATIAS Rank 128 Elo 1752 (-2),41,https://badmintonranks.com/tournament?id=14522,9,BWF World Championships 2025
2025-08-26,Round 1,MS,Alwi FARHAN Rank 23 Elo 2154 (+6),22-20 / 21-13,NGUYEN Hai Dang Rank 57 Elo 1791 (-7),45,https://badmintonranks.com/tournament?id=14522,9,BWF World Championships 2025
2025-08-26,Round 1,XD,Malik BO.. / Leona MI.. Rank 55 Elo 1732 (+16),21-8 / 21-10,Jahid AL.. / Hajar NU.. Rank 106 Elo 1500 (-33),24,https://badmintonranks.com/tournament?id=14522,9,BWF World Championships 2025
2025-08-26,Round 1,XD,Mathias .. / Alexandra .. Rank 194 Elo 1901 (+26),21-10 / 21-8,Ty Alexan.. / Josephine.. Rank 76 Elo 1853 (-27),24,https://badmintonranks.com/tournament?id=14522,9,BWF World Championships 2025
2025-08-26,Round 1,MS,LIN Chun-Yi (12) Rank 12 Elo 2235 (+11),17-21 / 21-18 / 21-14,Rasmus GEMKE Rank 29 Elo 1995 (-11),64,https://badmintonranks.com/tournament?id=14522,9,BWF World Championships 2025
2025-08-26,Round 1,XD,Rohan K.. / GADDE R.. Rank 33 Elo 1617 (+51),18-21 / 21-16 / 21-18,LEONG I.. / NG Weng .. Rank 66 Elo 1596 (-54),47,https://badmintonranks.com/tournament?id=14522,9,BWF World Championships 2025
2025-08-26,Round 1,WS,HAN Yue (3) Rank 3 Elo 2363 (+4),21-10 / 21-16,CHIU Pin-Chian Rank 24 Elo 1942 (-5),40,https://badmintonranks.com/tournament?id=14522,9,BWF World Championships 2025
2025-08-26,Round 1,WS,LETSHANAA Karupathe.. Rank 40 Elo 1740 (+37),21-18 / 21-8,Saloni Samirbhai MEHTA Rank 77 Elo 1729 (-38),31,https://badmintonranks.com/tournament?id=14522,9,BWF World Championships 2025
2025-08-26,Round 1,WS,Supanida KATETHONG (11) Rank 11 Elo 2098 (+4),21-13 / 21-8,Miranda WILSON Rank 113 Elo 1664 (-7),30,https://badmintonranks.com/tournament?id=14522,9,BWF World Championships 2025
2025-08-26,Round 1,MS,PRANNOY H. S. Rank 34 Elo 1996 (+16),21-18 / 21-15,Joakim OLDORFF Rank 48 Elo 1853 (-19),47,https://badmintonranks.com/tournament?id=14522,9,BWF World Championships 2025
2025-08-26,Round 1,WS,ZHANG Beiwen Rank 27 Elo 2089 (+3),21-10 / 21-13,Yasmine HAMZA Rank 118 Elo 1613 (-7),24,https://badmintonranks.com/tournament?id=14522,10,BWF World Championships 2025
2025-08-26,Round 1,WS,Line Højmark KJAERSF.. Rank 19 Elo 1960 (+11),21-10 / 21-19,Kristin KUUBA Rank 185 Elo 1712 (-16),36,https://badmintonranks.com/tournament?id=14522,10,BWF World Championships 2025
2025-08-26,Round 1,WS,PUSARLA V. Sindhu (15) Rank 15 Elo 2040 (+13),23-21 / 21-6,Kaloyana NALBANTOVA Rank 69 Elo 1829 (-14),39,https://badmintonranks.com/tournament?id=14522,10,BWF World Championships 2025
2025-08-26,Round 1,MS,KIM Byung Jae Rank 102 Elo 1720 (+32),21-13 / 19-21 / 21-18,Adriano VIALE AGUIRRE Rank 94 Elo 1651 (-39),59,https://badmintonranks.com/tournament?id=14522,10,BWF World Championships 2025
2025-08-26,Round 1,MS,Viren NETTASINGHE Rank 76 Elo 1753 (+33),21-11 / 23-21,Misha ZILBERMAN Rank 72 Elo 1717 (-36),39,https://badmintonranks.com/tournament?id=14522,10,BWF World Championships 2025
2025-08-26,Round 1,MS,Ade Resky DWICAHYO Rank 91 Elo 1787 (+62),21-19 / 21-18,Koki WATANABE Rank 19 Elo 2185 (-48),39,https://badmintonranks.com/tournament?id=14522,10,BWF World Championships 2025
2025-08-26,Round 1,MS,Kunlavut VITIDSARN (3) Rank 3 Elo 2402 (+1),21-11 / 21-17,Uriel Francisco CANJU.. Rank 171 Elo 1747 (-2),49,https://badmintonranks.com/tournament?id=14522,10,BWF World Championships 2025
2025-08-26,Round 1,WS,HSU Wen Chi Rank 36 Elo 1971 (+11),20-22 / 21-15 / 21-12,Vivien SANDORHAZI Rank 89 Elo 1713 (-15),52,https://badmintonranks.com/tournament?id=14522,10,BWF World Championships 2025
2025-08-26,Round 1,MS,Toma Junior POPOV (15) Rank 15 Elo 2155 (+20),21-18 / 19-21 / 25-23,Anthony Sinisuka GINTI.. Rank 73 Elo 2078 (-21),92,https://badmintonranks.com/tournament?id=14522,10,BWF World Championships 2025
2025-08-26,Round 1,WS,Akane YAMAGUCHI (5) Rank 5 Elo 2400 (+0),21-7 / 21-2,Kai Qi (Bernice) TEOH Rank 138 Elo 1529 (-1),26,https://badmintonranks.com/tournament?id=14522,10,BWF World Championships 2025
2025-08-26,Round 1,XD,Fabricio .. / Jaqueline .. Rank 58 Elo 1740 (+25),21-19 / 21-14,Miha IVA.. / Petra POL.. Rank 79 Elo 1611 (-36),30,https://badmintonranks.com/tournament?id=14522,10,BWF World Championships 2025
2025-08-26,Round 1,XD,LEE Jong.. / CHAE Yu .. Rank 67 Elo 1925 (+8),21-14 / 21-16,Adam PR.. / Rachel AN.. Rank 92 Elo 1626 (-16),29,https://badmintonranks.com/tournament?id=14522,10,BWF World Championships 2025
2025-08-26,Round 1,WS,Tomoka MIYAZAKI (8) Rank 8 Elo 2114 (+11),16-21 / 21-12 / 21-14,Neslihan ARIN Rank 57 Elo 1878 (-13),63,https://badmintonranks.com/tournament?id=14522,10,BWF World Championships 2025
2025-08-26,Round 1,XD,Alexande.. / Julie MAC.. Rank 25 Elo 1757 (+35),21-11 / 21-9,Edward L.. / Shaunna .. Rank 77 Elo 1749 (-36),27,https://badmintonranks.com/tournament?id=14522,10,BWF World Championships 2025
2025-08-26,Round 1,MS,Jonatan CHRISTIE (5) Rank 5 Elo 2233 (+3),21-15 / 21-5,Matthias KICKLITZ Rank 70 Elo 1733 (-4),31,https://badmintonranks.com/tournament?id=14522,10,BWF World Championships 2025
2025-08-26,Round 1,XD,HEE Yon.. / JIN Yu Jia Rank 22 Elo 1702 (+46),21-10 / 21-18,Koceila M.. / Tanina Vio.. Rank 72 Elo 1737 (-42),25,https://badmintonranks.com/tournament?id=14522,10,BWF World Championships 2025
2025-08-26,Round 1,WS,KIM Ga Eun Rank 17 Elo 2190 (+3),21-12 / 21-10,Polina BUHROVA Rank 41 Elo 1708 (-5),36,https://badmintonranks.com/tournament?id=14522,10,BWF World Championships 2025
2025-08-26,Round 1,WS,VU Thi Trang Rank 170 Elo 1770 (+10),22-20 / 21-8,Yevheniia KANTEMYR Rank 129 Elo 1450 (-25),31,https://badmintonranks.com/tournament?id=14522,10,BWF World Championships 2025
2025-08-26,Round 1,WS,GAO Fang jie (14) Rank 14 Elo 2234 (+6),21-14 / 21-9,GOH Jin Wei Rank 50 Elo 1852 (-6),34,https://badmintonranks.com/tournament?id=14522,10,BWF World Championships 2025
2025-08-26,Round 1,MS,LEONG Jun Hao Rank 25 Elo 2146 (+4),21-12 / 21-14,Tobias KUENZI Rank 148 Elo 1691 (-6),31,https://badmintonranks.com/tournament?id=14522,10,BWF World Championships 2025
2025-08-26,Round 1,MS,Kenta NISHIMOTO (14) Rank 14 Elo 2120 (+24),21-13 / 21-12,WANG Tzu Wei Rank 28 Elo 2088 (-24),40,https://badmintonranks.com/tournament?id=14522,11,BWF World Championships 2025
2025-08-26,Round 1,XD,Rinov RI.. / Pitha Hani.. Rank 35 Elo 1918 (+17),14-21 / 21-15 / 21-16,LU Ming .. / HUNG En-.. Rank 31 Elo 1768 (-21),53,https://badmintonranks.com/tournament?id=14522,11,BWF World Championships 2025
2025-08-25,Round 1,MD,LIU Kuan.. / YANG Po .. Rank 23 Elo 1916 (+11),21-15 / 21-5,Hariharan.. / Ruban Ku.. Rank 33 Elo 1646 (-17),30,https://badmintonranks.com/tournament?id=14522,11,BWF World Championships 2025
2025-08-25,Round 1,WD,Lauren L.. / Allison Qu.. Rank 21 Elo 1840 (+10),21-13 / 21-10,Sian KEL.. / Annie LAD.. Rank 68 Elo 1540 (-21),31,https://badmintonranks.com/tournament?id=14522,11,BWF World Championships 2025
2025-08-25,Round 1,WD,Abbygael.. / Lizzie TOL.. Rank 59 Elo 1564 (+72),21-16 / 14-21 / 21-19,Nikol CA.. / Carmen M.. Rank 92 Elo 1604 (-63),76,https://badmintonranks.com/tournament?id=14522,11,BWF World Championships 2025
2025-08-25,Round 1,MD,Ruben G.. / Carlos PI.. Rank 101 Elo 1559 (+85),21-14 / 21-16,Jonathan .. / Nyl YAKU.. Rank 52 Elo 1669 (-61),32,https://badmintonranks.com/tournament?id=14522,11,BWF World Championships 2025
2025-08-25,Round 1,WS,Yvonne LI Rank 55 Elo 1775 (+26),28-30 / 21-14 / 21-9,Ines Lucia CASTILLO S.. Rank 97 Elo 1677 (-33),56,https://badmintonranks.com/tournament?id=14522,11,BWF World Championships 2025
2025-08-25,Round 1,MS,Nhat NGUYEN Rank 30 Elo 2050 (+16),21-9 / 21-18,Brian YANG Rank 31 Elo 1902 (-17),51,https://badmintonranks.com/tournament?id=14522,11,BWF World Championships 2025
2025-08-25,Round 1,WD,Julie MA.. / Ciara TOR.. Rank 32 Elo 1580 (+47),21-7 / 21-8,Isuri ATT.. / Sithumi D.. Rank 108 Elo 1500 (-61),21,https://badmintonranks.com/tournament?id=14522,11,BWF World Championships 2025
2025-08-25,Round 1,WD,Tea MAR.. / Flavie VAL.. Rank 56 Elo 1682 (+23),21-18 / 21-16,Hasini A.. / Hasara WI.. Rank 101 Elo 1500 (-41),31,https://badmintonranks.com/tournament?id=14522,11,BWF World Championships 2025
2025-08-25,Round 1,MD,NGUYEN.. / TRAN Din.. Rank 126 Elo 1642 (+52),22-20 / 21-16,Izak BAT.. / Matheus V.. Rank 116 Elo 1655 (-50),37,https://badmintonranks.com/tournament?id=14522,11,BWF World Championships 2025
2025-08-25,Round 1,MD,Christo P.. / Toma Juni.. Rank 19 Elo 1905 (+8),21-12 / 21-17,Keith Mar.. / Jack YU Rank 145 Elo 1596 (-17),30,https://badmintonranks.com/tournament?id=14522,11,BWF World Championships 2025
2025-08-25,Round 1,MD,Solomon .. / Julius VIL.. Rank 123 Elo 1660 (+71),21-15 / 21-13,Koceila M.. / Youcef Sa.. Rank 122 Elo 1849 (-46),25,https://badmintonranks.com/tournament?id=14522,11,BWF World Championships 2025
2025-08-25,Round 1,MD,Eng Keat .. / Junsuke K.. Rank 59 Elo 1618 (+37),21-9 / 21-13,Agil GABI.. / Dicky Dwi .. Rank 82 Elo 1507 (-53),26,https://badmintonranks.com/tournament?id=14522,11,BWF World Championships 2025
2025-08-25,Round 1,WD,SUNG Sh.. / YU Chien .. Rank 20 Elo 1644 (+30),21-8 / 21-9,Orla FLY.. / Moya RYA.. Rank 96 Elo 1496 (-47),22,https://badmintonranks.com/tournament?id=14522,11,BWF World Championships 2025
2025-08-25,Round 1,MS,Kodai NARAOKA (8) Rank 8 Elo 2150 (+1),21-10 / 21-7,Dumindu ABEYWICKRA.. Rank 153 Elo 1506 (-3),26,https://badmintonranks.com/tournament?id=14522,11,BWF World Championships 2025
2025-08-25,Round 1,MD,Alexande.. / Adam PRI.. Rank 74 Elo 1704 (+22),21-14 / 21-18,Yann OR.. / PHAM Min.. Rank 112 Elo 1532 (-39),34,https://badmintonranks.com/tournament?id=14522,11,BWF World Championships 2025
2025-08-25,Round 1,WD,Kirsten D.. / Mariia ST.. Rank 94 Elo 1578 (+62),21-2 / 21-14,Fadilah S.. / Tracy NAL.. Rank 164 Elo 1577 (-61),25,https://badmintonranks.com/tournament?id=14522,11,BWF World Championships 2025
2025-08-25,Round 1,WD,Margot L.. / Camille P.. Rank 42 Elo 1789 (+21),21-17 / 21-16,Priya KO.. / Shruti MIS.. Rank 39 Elo 1651 (-30),42,https://badmintonranks.com/tournament?id=14522,11,BWF World Championships 2025
2025-08-25,Round 1,WD,Gronya S.. / Angela YU Rank 30 Elo 1748 (+44),22-20 / 17-21 / 21-11,Laksika K.. / Phataimas.. Rank 41 Elo 1812 (-38),59,https://badmintonranks.com/tournament?id=14522,11,BWF World Championships 2025
2025-08-25,Round 1,WS,SIM Yu Jin (12) Rank 12 Elo 2227 (+4),21-19 / 21-14,ZHANG Wen Yu Rank 51 Elo 1806 (-6),31,https://badmintonranks.com/tournament?id=14522,12,BWF World Championships 2025
2025-08-25,Round 1,MD,CHEN Z.. / Presley S.. Rank 30 Elo 1789 (+39),22-20 / 21-12,Peeratch.. / Pakkapon .. Rank 43 Elo 1842 (-36),35,https://badmintonranks.com/tournament?id=14522,12,BWF World Championships 2025
2025-08-25,Round 1,MD,Rasmus .. / Frederik S.. Rank 21 Elo 1935 (+7),21-14 / 21-15,Ivan RUS.. / Iliyan STO.. Rank 95 Elo 1572 (-14),36,https://badmintonranks.com/tournament?id=14522,12,BWF World Championships 2025
2025-08-25,Round 1,WS,Gregoria Mariska TUN.. (7) Rank 7 Elo 2196 (+2),21-10 / 21-9,Petra MAIXNEROVÁ Rank 115 Elo 1652 (-4),29,https://badmintonranks.com/tournament?id=14522,12,BWF World Championships 2025
2025-08-25,Round 1,WD,Paula LO.. / Lucia RO.. Rank 75 Elo 1677 (+27),21-13 / 21-10,Serena A.. / Anna HAG.. Rank 72 Elo 1536 (-44),30,https://badmintonranks.com/tournament?id=14522,12,BWF World Championships 2025
2025-08-25,Round 1,WD,Polina B.. / Yevheniia .. Rank 24 Elo 1534 (+69),21-6 / 21-12,Mihaela .. / Tsvetina P.. Rank 84 Elo 1524 (-71),24,https://badmintonranks.com/tournament?id=14522,12,BWF World Championships 2025
2025-08-25,Round 1,WS,AN Se Young (1) Rank 1 Elo 2766 (+0),21-5 / 21-8,Clara LASSAUX Rank 100 Elo 1598 (-0),29,https://badmintonranks.com/tournament?id=14522,12,BWF World Championships 2025
2025-08-25,Round 1,WD,Gabriela .. / Stefani ST.. Rank 19 Elo 1977 (+3),21-12 / 21-11,Rutaparn.. / Swetaparn.. Rank 38 Elo 1509 (-10),33,https://badmintonranks.com/tournament?id=14522,12,BWF World Championships 2025
2025-08-25,Round 1,WS,Ranithma LIYANAGE Rank 107 Elo 1607 (+22),19-21 / 21-11 / 11-3 Ret.,Rachael DARRAGH Rank 159 Elo 1491 (-33),42,https://badmintonranks.com/tournament?id=14522,12,BWF World Championships 2025
2025-08-25,Round 1,MD,HUNG K.. / LUI Chun .. Rank 117 Elo 1674 (+40),21-16 / 21-15,Kevin LEE / Ty Alexan.. Rank 45 Elo 1630 (-45),27,https://badmintonranks.com/tournament?id=14522,12,BWF World Championships 2025
2025-08-25,Round 1,MS,Kalle KOLJONEN Rank 54 Elo 1819 (+24),21-12 / 10-21 / 21-19,Harry HUANG Rank 65 Elo 1734 (-29),65,https://badmintonranks.com/tournament?id=14522,12,BWF World Championships 2025
2025-08-25,Round 1,WD,Lucie AM.. / Caroline R.. Rank 63 Elo 1589 (+57),14-21 / 21-13 / 21-13,Paulina C.. / Kornelia M.. Rank 36 Elo 1575 (-60),54,https://badmintonranks.com/tournament?id=14522,12,BWF World Championships 2025
2025-08-25,Round 1,MD,Malik BO.. / Kenneth N.. Rank 66 Elo 1606 (+54),21-11 / 21-14,Jonathan .. / Christoph.. Rank 99 Elo 1591 (-57),30,https://badmintonranks.com/tournament?id=14522,12,BWF World Championships 2025
2025-08-25,Round 1,MS,NG Ka Long Angus Rank 22 Elo 2076 (+5),16-21 / 21-15 / 21-7,Collins Valentine FILIMO.. Rank 138 Elo 1705 (-9),40,https://badmintonranks.com/tournament?id=14522,12,BWF World Championships 2025
2025-08-25,Round 1,MS,SHI Yu Qi (1) Rank 1 Elo 2542 (+4),21-17 / 21-19,Lakshya SEN Rank 21 Elo 2114 (-5),54,https://badmintonranks.com/tournament?id=14522,12,BWF World Championships 2025
2025-08-25,Round 1,WS,Julie Dawall JAKOBSEN Rank 32 Elo 1906 (+8),21-10 / 21-16,Milena SCHNIDER Rank 120 Elo 1576 (-16),34,https://badmintonranks.com/tournament?id=14522,12,BWF World Championships 2025
2025-08-25,Round 1,MS,Alex LANIER (7) Rank 7 Elo 2309 (+3),21-12 / 22-20,Kantaphon WANGCHA.. Rank 46 Elo 1831 (-4),47,https://badmintonranks.com/tournament?id=14522,12,BWF World Championships 2025
2025-08-25,Round 1,MD,Christoph.. / Matthew .. Rank 40 Elo 1717 (+31),21-14 / 21-14,Daniel F.. / Rodrigo S.. Rank 90 Elo 1634 (-40),40,https://badmintonranks.com/tournament?id=14522,12,BWF World Championships 2025
2025-08-25,Round 1,MD,Jiří KRÁL / Ondřej KR.. Rank 71 Elo 1645 (+61),20-22 / 21-13 / 21-18,Fabricio .. / Davi SILVA Rank 67 Elo 1723 (-48),57,https://badmintonranks.com/tournament?id=14522,12,BWF World Championships 2025
2025-08-25,Round 1,WS,NGUYEN Thuy Linh Rank 22 Elo 1995 (+39),21-17 / 21-18,Ratchanok INTANON (10) Rank 10 Elo 2141 (-37),45,https://badmintonranks.com/tournament?id=14522,12,BWF World Championships 2025
2025-08-25,Round 1,MD,Eloi ADAM / Leo ROSS.. Rank 39 Elo 1802 (+22),21-17 / 21-14,Rory EAS.. / Alex GRE.. Rank 53 Elo 1678 (-30),41,https://badmintonranks.com/tournament?id=14522,13,BWF World Championships 2025
2025-08-25,Round 1,MS,LEE Chia Hao Rank 20 Elo 2104 (+4),24-22 / 21-11,Giovanni TOTI Rank 136 Elo 1676 (-7),36,https://badmintonranks.com/tournament?id=14522,13,BWF World Championships 2025
2025-08-25,Round 1,WS,CHEN Yu Fei (4) Rank 4 Elo 2630 (+0),21-10 / 21-12,Anna TATRANOVA Rank 90 Elo 1631 (-0),35,https://badmintonranks.com/tournament?id=14522,13,BWF World Championships 2025
2025-08-25,Round 1,MS,Julien CARRAGGI Rank 59 Elo 1752 (+34),22-20 / 16-21 / 21-9,LE Duc Phat Rank 69 Elo 1726 (-36),56,https://badmintonranks.com/tournament?id=14522,13,BWF World Championships 2025
2025-08-25,Round 1,MS,Christo POPOV (10) Rank 10 Elo 2215 (+2),21-15 / 21-16,PUI Pang Fong Rank 126 Elo 1681 (-4),44,https://badmintonranks.com/tournament?id=14522,13,BWF World Championships 2025
2025-08-25,Round 1,WS,Busanan ONGBAMRUN.. Rank 18 Elo 1997 (+6),21-12 / 21-8,Tereza ŠVÁBÍKOVÁ Rank 92 Elo 1635 (-11),30,https://badmintonranks.com/tournament?id=14522,13,BWF World Championships 2025
2025-08-25,Round 1,WS,Ozge BAYRAK Rank 106 Elo 1812 (+32),21-10 / 21-14,Tiffany HO Rank 143 Elo 1801 (-33),34,https://badmintonranks.com/tournament?id=14522,13,BWF World Championships 2025
2025-08-25,Round 1,WD,Airah Ma.. / Eleanor C.. Rank 99 Elo 1500 (+79),21-12 / 21-7,Taabia K.. / Mysha O.. Rank 78 Elo 1500 (-79),20,https://badmintonranks.com/tournament?id=14522,13,BWF World Championships 2025
2025-08-25,Round 1,WS,Mia BLICHFELDT Rank 26 Elo 2036 (+16),21-9 / 21-19,SUNG Shuo Yun Rank 25 Elo 1886 (-18),45,https://badmintonranks.com/tournament?id=14522,13,BWF World Championships 2025
2025-08-25,Round 1,MS,LU Guang Zu (11) Rank 11 Elo 2215 (+11),16-21 / 22-20 / 21-14,Jia Heng Jason TEH Rank 24 Elo 1992 (-12),75,https://badmintonranks.com/tournament?id=14522,13,BWF World Championships 2025
2025-08-25,Round 1,MS,Victor LAI Rank 51 Elo 1934 (+25),21-13 / 21-2,Edward LAU Rank 135 Elo 1889 (-26),32,https://badmintonranks.com/tournament?id=14522,13,BWF World Championships 2025
2025-08-25,Round 1,WS,Michelle LI (16) Rank 16 Elo 2080 (+25),21-15 / 21-14,Natsuki NIDAIRA Rank 20 Elo 2060 (-25),46,https://badmintonranks.com/tournament?id=14522,13,BWF World Championships 2025
2025-08-25,Round 1,WS,Kirsty GILMOUR Rank 31 Elo 1904 (+14),21-5 / 21-12,Fadilah Shamika MOHA.. Rank 166 Elo 1699 (-20),25,https://badmintonranks.com/tournament?id=14522,13,BWF World Championships 2025
2025-08-25,Round 1,MD,KIM Gi Ju.. / KIM Sa R.. Rank 72 Elo 1843 (+9),23-21 / 21-17,LAW Che.. / YEUNG S.. Rank 165 Elo 1531 (-20),41,https://badmintonranks.com/tournament?id=14522,13,BWF World Championships 2025
2025-08-25,Round 1,MS,Aria DINATA Rank 85 Elo 1795 (+26),21-16 / 16-21 / 21-14,Dicky Dwi PANGESTU Rank 93 Elo 1710 (-31),67,https://badmintonranks.com/tournament?id=14522,13,BWF World Championships 2025
2025-08-25,Round 1,MS,LOH Kean Yew (9) Rank 9 Elo 2258 (+3),21-15 / 21-12,Georges Julien PAUL Rank Elo 1764 (-4),31,https://badmintonranks.com/tournament?id=14522,13,BWF World Championships 2025
2025-08-25,Round 1,WS,YEO Jia Min (13) Rank 13 Elo 2169 (+2),21-7 / 21-10,THET Htar Thuzar Rank 93 Elo 1586 (-4),31,https://badmintonranks.com/tournament?id=14522,13,BWF World Championships 2025
2025-08-25,Round 1,MS,JEON Hyeok Jin Rank 38 Elo 1956 (+47),21-17 / 21-11,LEE Zii Jia Rank 52 Elo 2221 (-43),41,https://badmintonranks.com/tournament?id=14522,13,BWF World Championships 2025
2025-08-25,Round 1,WD,Selin HÜ.. / Amelie LE.. Rank 82 Elo 1573 (+67),21-19 / 21-18,Jaqueline.. / Samia LIM.. Rank 64 Elo 1598 (-62),41,https://badmintonranks.com/tournament?id=14522,13,BWF World Championships 2025
2025-08-25,Round 1,MS,WENG Hong Yang (16) Rank 16 Elo 2223 (+5),21-7 / 21-12,Jack YU Rank 134 Elo 1810 (-5),32,https://badmintonranks.com/tournament?id=14522,13,BWF World Championships 2025
2025-08-25,Round 1,WD,LUI Lok L.. / TSANG Hi.. Rank 26 Elo 1752 (+14),21-10 / 21-10,Cloé BRA.. / Julie FRA.. Rank 103 Elo 1500 (-30),27,https://badmintonranks.com/tournament?id=14522,14,BWF World Championships 2025
2025-08-25,Round 1,WS,Ishika JAISWAL Rank 67 Elo 1710 (+45),21-19 / 15-21 / 22-20,Stefani STOEVA Rank 88 Elo 1744 (-41),54,https://badmintonranks.com/tournament?id=14522,14,BWF World Championships 2025
2025-08-25,Round 1,WS,Pornpawee CHOCHU.. (6) Rank 6 Elo 2261 (+2),21-14 / 21-8,Yue Yann Jaslyn HOOI Rank 98 Elo 1622 (-3),33,https://badmintonranks.com/tournament?id=14522,14,BWF World Championships 2025
2025-08-25,Round 1,MD,Junaidi A.. / YAP Roy .. Rank 22 Elo 1923 (+16),21-5 / 21-13,Kenya MI.. / Hiroki OK.. Rank 34 Elo 1750 (-20),27,https://badmintonranks.com/tournament?id=14522,14,BWF World Championships 2025
2025-08-25,Round 1,MS,Yushi TANAKA Rank 27 Elo 2015 (+46),19-21 / 21-11 / 21-15,LI Shi Feng (4) Rank 4 Elo 2313 (-45),71,https://badmintonranks.com/tournament?id=14522,14,BWF World Championships 2025
2023-08-27,Final,MD,KANG Mi.. / SEO Seu.. (9) Rank 6 Elo 2260 (+20),14-21 / 21-15 / 21-17,Kim AST.. / Anders S.. (11) Rank 11 Elo 2150 (-20),69,https://badmintonranks.com/tournament?id=12940,1,BWF World Championships 2023
2023-08-27,Final,MS,Kunlavut VITIDSARN (3) Rank 3 Elo 2403 (+24),19-21 / 21-18 / 21-7,Kodai NARAOKA (4) Rank 4 Elo 2349 (-24),109,https://badmintonranks.com/tournament?id=12940,1,BWF World Championships 2023
2023-08-27,Final,WS,AN Se Young (1) Rank 1 Elo 2752 (+11),21-12 / 21-10,Carolina MARIN (6) Rank 6 Elo 2502 (-11),42,https://badmintonranks.com/tournament?id=12940,1,BWF World Championships 2023
2023-08-27,Final,WD,CHEN Qi.. / JIA Yi Fan (1) Rank 1 Elo 2408 (+11),21-16 / 21-12,Apriyani .. / Siti Fadia.. (11) Rank 12 Elo 2145 (-10),42,https://badmintonranks.com/tournament?id=12940,1,BWF World Championships 2023
2023-08-27,Final,XD,SEO Seu.. / CHAE Yu.. (5) Rank 5 Elo 2228 (+43),21-17 / 10-21 / 21-18,ZHENG .. / HUANG .. (1) Rank 1 Elo 2418 (-43),59,https://badmintonranks.com/tournament?id=12940,1,BWF World Championships 2023
2023-08-26,Semi final,MS,Kodai NARAOKA (4) Rank 4 Elo 2317 (+32),25-23 / 21-12,Anders ANTONSEN (12) Rank 12 Elo 2366 (-32),70,https://badmintonranks.com/tournament?id=12940,1,BWF World Championships 2023
2023-08-26,Semi final,MD,KANG Mi.. / SEO Seu.. (9) Rank 6 Elo 2239 (+21),23-21 / 21-13,Aaron CH.. / SOH Wo.. (4) Rank 4 Elo 2159 (-22),42,https://badmintonranks.com/tournament?id=12940,1,BWF World Championships 2023
2023-08-26,Semi final,MS,Kunlavut VITIDSARN (3) Rank 3 Elo 2375 (+28),18-21 / 21-13 / 21-14,PRANNOY H. S. (9) Rank 9 Elo 2377 (-28),76,https://badmintonranks.com/tournament?id=12940,1,BWF World Championships 2023
2023-08-26,Semi final,WS,AN Se Young (1) Rank 1 Elo 2739 (+13),21-19 / 21-15,CHEN Yu Fei (3) Rank 3 Elo 2533 (-13),58,https://badmintonranks.com/tournament?id=12940,1,BWF World Championships 2023
2023-08-26,Semi final,MD,Kim AST.. / Anders S.. (11) Rank 11 Elo 2116 (+34),17-21 / 21-18 / 21-19,LIANG W.. / WANG C.. (3) Rank 3 Elo 2186 (-34),64,https://badmintonranks.com/tournament?id=12940,1,BWF World Championships 2023
2023-08-26,Semi final,WS,Carolina MARIN (6) Rank 6 Elo 2471 (+31),23-21 / 21-13,Akane YAMAGUCHI (2) Rank 2 Elo 2512 (-31),53,https://badmintonranks.com/tournament?id=12940,1,BWF World Championships 2023
2023-08-26,Semi final,XD,ZHENG .. / HUANG .. (1) Rank 1 Elo 2408 (+10),21-18 / 21-16,JIANG Zh.. / WEI Ya X.. (8) Rank 7 Elo 2150 (-11),37,https://badmintonranks.com/tournament?id=12940,1,BWF World Championships 2023
2023-08-26,Semi final,WD,Apriyani .. / Siti Fadia.. (11) Rank 12 Elo 2100 (+45),21-9 / 22-20,KIM So Y.. / KONG H.. (3) Rank 3 Elo 2335 (-44),52,https://badmintonranks.com/tournament?id=12940,1,BWF World Championships 2023
2023-08-26,Semi final,XD,SEO Seu.. / CHAE Yu.. (5) Rank 5 Elo 2190 (+38),21-15 / 21-13,Yuta WAT.. / Arisa IGA.. (2) Rank 2 Elo 2326 (-38),37,https://badmintonranks.com/tournament?id=12940,1,BWF World Championships 2023
2023-08-26,Semi final,WD,CHEN Qi.. / JIA Yi Fan (1) Rank 1 Elo 2400 (+8),21-14 / 21-16,ZHANG .. / ZHENG .. (6) Rank 6 Elo 2091 (-8),47,https://badmintonranks.com/tournament?id=12940,1,BWF World Championships 2023
2023-08-25,Quarter final,MS,Kodai NARAOKA (4) Rank 4 Elo 2287 (+30),21-10 / 21-19,SHI Yu Qi (8) Rank 8 Elo 2315 (-29),48,https://badmintonranks.com/tournament?id=12940,1,BWF World Championships 2023
2023-08-25,Quarter final,MS,Anders ANTONSEN (12) Rank 12 Elo 2352 (+14),21-10 / 21-7,Kenta NISHIMOTO (14) Rank 15 Elo 2176 (-15),44,https://badmintonranks.com/tournament?id=12940,1,BWF World Championships 2023
2023-08-25,Quarter final,MD,KANG Mi.. / SEO Seu.. (9) Rank 6 Elo 2224 (+15),21-19 / 21-17,Hendra S.. / Mohamm.. (8) Rank 8 Elo 2052 (-15),35,https://badmintonranks.com/tournament?id=12940,1,BWF World Championships 2023
2023-08-25,Quarter final,WS,Carolina MARIN (6) Rank 6 Elo 2434 (+37),21-16 / 21-14,TAI Tzu Ying (4) Rank 4 Elo 2557 (-37),50,https://badmintonranks.com/tournament?id=12940,1,BWF World Championships 2023
2023-08-25,Quarter final,WS,Akane YAMAGUCHI (2) Rank 2 Elo 2498 (+14),21-16 / 21-18,Gregoria Mariska TUN.. (8) Rank 8 Elo 2314 (-14),38,https://badmintonranks.com/tournament?id=12940,1,BWF World Championships 2023
2023-08-25,Quarter final,MD,Aaron CH.. / SOH Wo.. (4) Rank 4 Elo 2136 (+23),21-10 / 15-21 / 21-14,LIU Yu C.. / OU Xuan .. (6) Rank 7 Elo 2085 (-24),50,https://badmintonranks.com/tournament?id=12940,2,BWF World Championships 2023
2023-08-25,Quarter final,MS,PRANNOY H. S. (9) Rank 9 Elo 2330 (+47),13-21 / 21-15 / 21-16,Viktor AXELSEN (1) Rank 1 Elo 2627 (-46),68,https://badmintonranks.com/tournament?id=12940,2,BWF World Championships 2023
2023-08-25,Quarter final,WS,CHEN Yu Fei (3) Rank 3 Elo 2524 (+9),21-17 / 21-12,WANG Zhi Yi (10) Rank 11 Elo 2252 (-10),45,https://badmintonranks.com/tournament?id=12940,2,BWF World Championships 2023
2023-08-25,Quarter final,MS,Kunlavut VITIDSARN (3) Rank 3 Elo 2366 (+9),18-21 / 21-15 / 21-13,WANG Tzu Wei Rank 29 Elo 2093 (-10),81,https://badmintonranks.com/tournament?id=12940,2,BWF World Championships 2023
2023-08-25,Quarter final,MD,Kim AST.. / Anders S.. (11) Rank 11 Elo 2073 (+43),21-18 / 21-19,Satwiksai.. / Chirag S.. (2) Rank 2 Elo 2270 (-42),48,https://badmintonranks.com/tournament?id=12940,2,BWF World Championships 2023
2023-08-25,Quarter final,WS,AN Se Young (1) Rank 1 Elo 2737 (+2),16-21 / 21-10 / 21-11,Nozomi OKUHARA Rank 36 Elo 2198 (-3),70,https://badmintonranks.com/tournament?id=12940,2,BWF World Championships 2023
2023-08-25,Quarter final,MD,LIANG W.. / WANG C.. (3) Rank 3 Elo 2167 (+19),21-18 / 15-21 / 21-14,Muhamm.. / Bagas M.. (13) Rank 15 Elo 2051 (-19),56,https://badmintonranks.com/tournament?id=12940,2,BWF World Championships 2023
2023-08-25,Quarter final,XD,JIANG Zh.. / WEI Ya X.. (8) Rank 7 Elo 2121 (+29),21-16 / 21-18,Mathias .. / Alexandr.. (11) Rank 11 Elo 2130 (-28),44,https://badmintonranks.com/tournament?id=12940,2,BWF World Championships 2023
2023-08-25,Quarter final,WD,CHEN Qi.. / JIA Yi Fan (1) Rank 1 Elo 2389 (+11),21-15 / 16-21 / 21-16,Nami MA.. / Chiharu .. (7) Rank 7 Elo 2160 (-12),68,https://badmintonranks.com/tournament?id=12940,2,BWF World Championships 2023
2023-08-25,Quarter final,XD,Yuta WAT.. / Arisa IGA.. (2) Rank 2 Elo 2316 (+10),21-11 / 21-11,CHEN Ta.. / TOH Ee .. (14) Rank 18 Elo 2051 (-10),28,https://badmintonranks.com/tournament?id=12940,2,BWF World Championships 2023
2023-08-25,Quarter final,WD,ZHANG .. / ZHENG .. (6) Rank 6 Elo 2059 (+32),17-21 / 21-17 / 21-19,Pearly TA.. / THINAAH.. (10) Rank 11 Elo 2110 (-32),76,https://badmintonranks.com/tournament?id=12940,2,BWF World Championships 2023
2023-08-25,Quarter final,XD,ZHENG .. / HUANG .. (1) Rank 1 Elo 2397 (+11),21-10 / 21-6,KIM Won .. / JEONG .. (6) Rank 6 Elo 2152 (-11),27,https://badmintonranks.com/tournament?id=12940,2,BWF World Championships 2023
2023-08-25,Quarter final,WD,Apriyani .. / Siti Fadia.. (11) Rank 12 Elo 2062 (+38),21-18 / 13-21 / 21-10,Yuki FUK.. / Sayaka H.. (5) Rank 5 Elo 2178 (-37),77,https://badmintonranks.com/tournament?id=12940,2,BWF World Championships 2023
2023-08-25,Quarter final,XD,SEO Seu.. / CHAE Yu.. (5) Rank 5 Elo 2154 (+36),21-12 / 21-16,Dechapol.. / Sapsiree .. (4) Rank 4 Elo 2252 (-35),41,https://badmintonranks.com/tournament?id=12940,2,BWF World Championships 2023
2023-08-25,Quarter final,WD,KIM So Y.. / KONG H.. (3) Rank 3 Elo 2327 (+8),21-19 / 21-19,Jongkolp.. / Rawinda .. (8) Rank 8 Elo 2012 (-8),54,https://badmintonranks.com/tournament?id=12940,2,BWF World Championships 2023
2023-08-24,Round 3,MS,Anders ANTONSEN (12) Rank 12 Elo 2335 (+17),21-18 / 21-17,LEE Zii Jia Rank 13 Elo 2196 (-17),53,https://badmintonranks.com/tournament?id=12940,2,BWF World Championships 2023
2023-08-24,Round 3,WS,Gregoria Mariska TUN.. (8) Rank 8 Elo 2289 (+25),13-21 / 21-19 / 21-11,HAN Yue (9) Rank 9 Elo 2263 (-25),53,https://badmintonranks.com/tournament?id=12940,2,BWF World Championships 2023
2023-08-24,Round 3,MS,WANG Tzu Wei Rank 29 Elo 2046 (+47),21-15 / 21-14,LI Shi Feng (6) Rank 6 Elo 2331 (-45),44,https://badmintonranks.com/tournament?id=12940,2,BWF World Championships 2023
2023-08-24,Round 3,WS,TAI Tzu Ying (4) Rank 4 Elo 2551 (+6),21-18 / 21-17,Pornpawee CHOCHU.. (11) Rank 12 Elo 2182 (-6),39,https://badmintonranks.com/tournament?id=12940,2,BWF World Championships 2023
2023-08-24,Round 3,MS,Kodai NARAOKA (4) Rank 4 Elo 2270 (+17),21-11 / 21-4,LEE Cheuk Yiu (15) Rank 16 Elo 2141 (-18),36,https://badmintonranks.com/tournament?id=12940,2,BWF World Championships 2023
2023-08-24,Round 3,WS,Akane YAMAGUCHI (2) Rank 2 Elo 2498 (+0),W.O.,Busanan ONGBAMRU.. (13) Rank 13 Elo 2177 (-1),0,https://badmintonranks.com/tournament?id=12940,3,BWF World Championships 2023
2023-08-24,Round 3,MS,SHI Yu Qi (8) Rank 8 Elo 2300 (+15),21-7 / 14-21 / 22-20,NG Ka Long Angus (16) Rank 17 Elo 2148 (-16),72,https://badmintonranks.com/tournament?id=12940,3,BWF World Championships 2023
2023-08-24,Round 3,MD,KANG Mi.. / SEO Seu.. (9) Rank 6 Elo 2216 (+8),21-19 / 13-21 / 21-15,LEE Jhe-.. / YANG Po-.. Rank 21 Elo 1898 (-9),54,https://badmintonranks.com/tournament?id=12940,3,BWF World Championships 2023
2023-08-24,Round 3,MS,Viktor AXELSEN (1) Rank 1 Elo 2624 (+3),21-13 / 21-19,CHOU Tien Chen (10) Rank 10 Elo 2144 (-3),41,https://badmintonranks.com/tournament?id=12940,3,BWF World Championships 2023
2023-08-24,Round 3,WS,Carolina MARIN (6) Rank 6 Elo 2433 (+1),21-10 / 21-18,THET Htar Thuzar Rank 61 Elo 1776 (-2),35,https://badmintonranks.com/tournament?id=12940,3,BWF World Championships 2023
2023-08-24,Round 3,MS,Kenta NISHIMOTO (14) Rank 15 Elo 2153 (+23),21-19 / 21-17,Kanta TSUNEYAMA Rank 18 Elo 2091 (-22),56,https://badmintonranks.com/tournament?id=12940,3,BWF World Championships 2023
2023-08-24,Round 3,WS,CHEN Yu Fei (3) Rank 3 Elo 2518 (+6),21-12 / 21-13,Mia BLICHFELDT (15) Rank 17 Elo 2165 (-6),40,https://badmintonranks.com/tournament?id=12940,3,BWF World Championships 2023
2023-08-24,Round 3,MD,Hendra S.. / Mohamm.. (8) Rank 8 Elo 2028 (+24),21-15 / 21-10,HE Ji Ting / ZHOU Ha.. (16) Rank 16 Elo 1980 (-24),26,https://badmintonranks.com/tournament?id=12940,3,BWF World Championships 2023
2023-08-24,Round 3,MS,Kunlavut VITIDSARN (3) Rank 3 Elo 2346 (+20),21-14 / 16-21 / 21-13,Lakshya SEN (11) Rank 11 Elo 2258 (-21),69,https://badmintonranks.com/tournament?id=12940,3,BWF World Championships 2023
2023-08-24,Round 3,WS,WANG Zhi Yi (10) Rank 11 Elo 2210 (+42),13-21 / 21-7 / 21-14,HE Bing Jiao (5) Rank 5 Elo 2421 (-42),62,https://badmintonranks.com/tournament?id=12940,3,BWF World Championships 2023
2023-08-24,Round 3,WS,AN Se Young (1) Rank 1 Elo 2734 (+3),21-19 / 21-13,ZHANG Beiwen (12) Rank 10 Elo 2190 (-2),38,https://badmintonranks.com/tournament?id=12940,3,BWF World Championships 2023
2023-08-24,Round 3,MD,Muhamm.. / Bagas M.. (13) Rank 15 Elo 2010 (+41),22-20 / 21-18,Takuro H.. / Yugo KO.. (5) Rank 5 Elo 2183 (-40),43,https://badmintonranks.com/tournament?id=12940,3,BWF World Championships 2023
2023-08-24,Round 3,MS,PRANNOY H. S. (9) Rank 9 Elo 2314 (+16),21-18 / 15-21 / 21-19,LOH Kean Yew (7) Rank 7 Elo 2163 (-16),69,https://badmintonranks.com/tournament?id=12940,3,BWF World Championships 2023
2023-08-24,Round 3,WD,Yuki FUK.. / Sayaka H.. (5) Rank 5 Elo 2163 (+15),21-7 / 21-15,LI Wen M.. / LIU Xuan.. (12) Rank 14 Elo 2000 (-16),42,https://badmintonranks.com/tournament?id=12940,3,BWF World Championships 2023
2023-08-24,Round 3,MD,Kim AST.. / Anders S.. (11) Rank 11 Elo 2048 (+25),21-15 / 21-10,ONG Yew.. / TEO Ee .. (7) Rank 9 Elo 2019 (-25),34,https://badmintonranks.com/tournament?id=12940,3,BWF World Championships 2023
2023-08-24,Round 3,MD,LIU Yu C.. / OU Xuan .. (6) Rank 7 Elo 2066 (+19),24-22 / 21-16,LU Ching.. / YANG Po.. (15) Rank 13 Elo 1955 (-20),38,https://badmintonranks.com/tournament?id=12940,3,BWF World Championships 2023
2023-08-24,Round 3,MD,Aaron CH.. / SOH Wo.. (4) Rank 4 Elo 2102 (+34),21-16 / 21-18,LEE Yang / WANG C.. (14) Rank 12 Elo 2179 (-33),43,https://badmintonranks.com/tournament?id=12940,3,BWF World Championships 2023
2023-08-24,Round 3,XD,Yuta WAT.. / Arisa IGA.. (2) Rank 2 Elo 2312 (+4),21-14 / 21-17,Rehan N.. / Lisa Ayu .. (13) Rank 13 Elo 1887 (-5),35,https://badmintonranks.com/tournament?id=12940,3,BWF World Championships 2023
2023-08-24,Round 3,MD,LIANG W.. / WANG C.. (3) Rank 3 Elo 2158 (+9),21-16 / 14-21 / 21-17,MAN Wei.. / TEE Kai .. Rank 25 Elo 1886 (-10),50,https://badmintonranks.com/tournament?id=12940,3,BWF World Championships 2023
2023-08-24,Round 3,XD,Mathias .. / Alexandr.. (11) Rank 11 Elo 2089 (+41),21-15 / 21-18,FENG Ya.. / HUANG .. (3) Rank 3 Elo 2282 (-41),48,https://badmintonranks.com/tournament?id=12940,3,BWF World Championships 2023
2023-08-24,Round 3,WS,Nozomi OKUHARA Rank 36 Elo 2162 (+36),21-19 / 21-16,Ratchanok INTANON (7) Rank 7 Elo 2276 (-35),47,https://badmintonranks.com/tournament?id=12940,4,BWF World Championships 2023
2023-08-24,Round 3,WD,KIM So Y.. / KONG H.. (3) Rank 3 Elo 2324 (+3),21-19 / 21-11,YEUNG .. / YEUNG P.. Rank 27 Elo 1846 (-4),46,https://badmintonranks.com/tournament?id=12940,4,BWF World Championships 2023
2023-08-24,Round 3,WD,Apriyani .. / Siti Fadia.. (11) Rank 12 Elo 2017 (+45),21-12 / 21-14,BAEK Ha.. / LEE So H.. (2) Rank 2 Elo 2277 (-44),41,https://badmintonranks.com/tournament?id=12940,4,BWF World Championships 2023
2023-08-24,Round 3,MD,Satwiksai.. / Chirag S.. (2) Rank 2 Elo 2260 (+10),21-15 / 19-21 / 21-9,Leo Rolly.. / Daniel M.. (10) Rank 10 Elo 2000 (-10),61,https://badmintonranks.com/tournament?id=12940,4,BWF World Championships 2023
2023-08-24,Round 3,WD,Jongkolp.. / Rawinda .. (8) Rank 8 Elo 1990 (+22),21-14 / 17-21 / 21-19,Febriana .. / Amallia C.. (16) Rank 18 Elo 1908 (-23),73,https://badmintonranks.com/tournament?id=12940,4,BWF World Championships 2023
2023-08-24,Round 3,XD,JIANG Zh.. / WEI Ya X.. (8) Rank 7 Elo 2107 (+14),21-16 / 21-18,GOH Soo.. / LAI Shev.. (10) Rank 10 Elo 1925 (-16),30,https://badmintonranks.com/tournament?id=12940,4,BWF World Championships 2023
2023-08-24,Round 3,XD,ZHENG .. / HUANG .. (1) Rank 1 Elo 2392 (+5),21-14 / 21-9,Dejan FE.. / Gloria Em.. Rank 19 Elo 1970 (-5),30,https://badmintonranks.com/tournament?id=12940,4,BWF World Championships 2023
2023-08-24,Round 3,WD,ZHANG .. / ZHENG .. (6) Rank 6 Elo 2053 (+6),21-13 / 21-10,Kirsten D.. / Alyssa TI.. Rank 64 Elo 1692 (-10),32,https://badmintonranks.com/tournament?id=12940,4,BWF World Championships 2023
2023-08-24,Round 3,XD,KIM Won .. / JEONG .. (6) Rank 6 Elo 2134 (+18),18-21 / 22-20 / 21-17,YE Hong .. / LEE Chia.. (16) Rank 14 Elo 2011 (-18),60,https://badmintonranks.com/tournament?id=12940,4,BWF World Championships 2023
2023-08-24,Round 3,XD,CHEN Ta.. / TOH Ee .. (14) Rank 18 Elo 2027 (+24),20-22 / 21-19 / 21-12,Thom GI.. / Delphine .. (7) Rank 8 Elo 1980 (-25),74,https://badmintonranks.com/tournament?id=12940,4,BWF World Championships 2023
2023-08-24,Round 3,WD,Pearly TA.. / THINAAH.. (10) Rank 11 Elo 2076 (+34),21-14 / 22-20,Mayu MA.. / Wakana .. (4) Rank 4 Elo 2165 (-34),48,https://badmintonranks.com/tournament?id=12940,4,BWF World Championships 2023
2023-08-24,Round 3,WD,Nami MA.. / Chiharu .. (7) Rank 7 Elo 2141 (+19),21-13 / 21-11,Rin IWAN.. / Kie NAK.. (14) Rank 15 Elo 2028 (-20),40,https://badmintonranks.com/tournament?id=12940,4,BWF World Championships 2023
2023-08-24,Round 3,XD,SEO Seu.. / CHAE Yu.. (5) Rank 5 Elo 2138 (+16),21-10 / 15-21 / 21-16,Supak JO.. / Supissar.. (12) Rank 12 Elo 1988 (-17),47,https://badmintonranks.com/tournament?id=12940,4,BWF World Championships 2023
2023-08-24,Round 3,XD,Dechapol.. / Sapsiree .. (4) Rank 4 Elo 2238 (+14),21-12 / 21-19,Rinov RI.. / Pitha Hani.. Rank 17 Elo 2058 (-15),41,https://badmintonranks.com/tournament?id=12940,4,BWF World Championships 2023
2023-08-24,Round 3,WD,CHEN Qi.. / JIA Yi Fan (1) Rank 1 Elo 2385 (+4),21-14 / 21-9,Treesa J.. / GAYATRI.. (15) Rank 19 Elo 1917 (-3),42,https://badmintonranks.com/tournament?id=12940,4,BWF World Championships 2023
2023-08-23,Round 2,MD,HE Ji Ting / ZHOU Ha.. (16) Rank 16 Elo 1973 (+7),21-9 / 21-19,Ondřej K.. / Adam ME.. Rank 55 Elo 1635 (-13),34,https://badmintonranks.com/tournament?id=12940,4,BWF World Championships 2023
2023-08-23,Round 2,MD,Muhamm.. / Bagas M.. (13) Rank 15 Elo 2002 (+8),21-12 / 21-16,Bjarne G.. / Jan Colin .. Rank 50 Elo 1690 (-12),34,https://badmintonranks.com/tournament?id=12940,4,BWF World Championships 2023
2023-08-23,Round 2,MD,LEE Jhe-.. / YANG Po-.. Rank 21 Elo 1844 (+54),21-18 / 21-19,Fajar ALF.. / Muhamm.. (1) Rank 1 Elo 2145 (-46),39,https://badmintonranks.com/tournament?id=12940,4,BWF World Championships 2023
2023-08-23,Round 2,MD,Kim AST.. / Anders S.. (11) Rank 11 Elo 2038 (+10),21-12 / 21-12,Alexande.. / Adam HA.. Rank 24 Elo 1779 (-13),30,https://badmintonranks.com/tournament?id=12940,4,BWF World Championships 2023
2023-08-23,Round 2,WD,BAEK Ha.. / LEE So H.. (2) Rank 2 Elo 2275 (+2),21-14 / 21-13,Francesc.. / Allison Qu.. Rank 42 Elo 1699 (-3),35,https://badmintonranks.com/tournament?id=12940,4,BWF World Championships 2023
2023-08-23,Round 2,MD,Aaron CH.. / SOH Wo.. (4) Rank 4 Elo 2090 (+12),18-21 / 21-14 / 21-16,Jeppe BA.. / Lasse MØ.. Rank 31 Elo 1877 (-14),54,https://badmintonranks.com/tournament?id=12940,5,BWF World Championships 2023
2023-08-23,Round 2,WD,Yuki FUK.. / Sayaka H.. (5) Rank 5 Elo 2160 (+3),21-11 / 21-14,Vivian H.. / LIM Chiew.. Rank 32 Elo 1622 (-5),42,https://badmintonranks.com/tournament?id=12940,5,BWF World Championships 2023
2023-08-23,Round 2,MD,Hendra S.. / Mohamm.. (8) Rank 8 Elo 2023 (+5),21-12 / 21-14,Giovanni .. / David SAL.. Rank 99 Elo 1643 (-10),22,https://badmintonranks.com/tournament?id=12940,5,BWF World Championships 2023
2023-08-23,Round 2,MD,LIANG W.. / WANG C.. (3) Rank 3 Elo 2153 (+5),21-12 / 21-13,Christo P.. / Toma Juni.. Rank 41 Elo 1770 (-7),29,https://badmintonranks.com/tournament?id=12940,5,BWF World Championships 2023
2023-08-23,Round 2,MS,Anders ANTONSEN (12) Rank 12 Elo 2319 (+16),24-22 / 21-16,NG Tze Yong Rank 22 Elo 2171 (-15),57,https://badmintonranks.com/tournament?id=12940,5,BWF World Championships 2023
2023-08-23,Round 2,MD,LEE Yang / WANG C.. (14) Rank 12 Elo 2163 (+16),22-20 / 21-16,Akira KO.. / Taichi SAI.. Rank 18 Elo 2014 (-16),45,https://badmintonranks.com/tournament?id=12940,5,BWF World Championships 2023
2023-08-23,Round 2,MS,LEE Zii Jia Rank 13 Elo 2186 (+10),21-11 / 21-16,Brian YANG Rank 27 Elo 1933 (-11),33,https://badmintonranks.com/tournament?id=12940,5,BWF World Championships 2023
2023-08-23,Round 2,WD,Apriyani .. / Siti Fadia.. (11) Rank 12 Elo 2006 (+11),19-21 / 21-14 / 21-16,Debora JI.. / Cheryl SEI.. Rank 33 Elo 1756 (-14),59,https://badmintonranks.com/tournament?id=12940,5,BWF World Championships 2023
2023-08-23,Round 2,MD,KANG Mi.. / SEO Seu.. (9) Rank 6 Elo 2213 (+3),21-10 / 21-13,Christian .. / Alvin MOR.. Rank 48 Elo 1755 (-5),27,https://badmintonranks.com/tournament?id=12940,5,BWF World Championships 2023
2023-08-23,Round 2,WS,HAN Yue (9) Rank 9 Elo 2253 (+10),21-13 / 14-21 / 21-14,Line Højmark KJAERSF.. Rank 30 Elo 2005 (-11),62,https://badmintonranks.com/tournament?id=12940,5,BWF World Championships 2023
2023-08-23,Round 2,WS,Gregoria Mariska TUN.. (8) Rank 8 Elo 2279 (+10),21-10 / 22-24 / 21-14,YEO Jia Min Rank 22 Elo 2044 (-11),57,https://badmintonranks.com/tournament?id=12940,5,BWF World Championships 2023
2023-08-23,Round 2,WD,LI Wen M.. / LIU Xuan.. (12) Rank 14 Elo 1989 (+11),21-18 / 21-11,JIN Yu Jia / WONG Jia.. Rank 24 Elo 1751 (-15),40,https://badmintonranks.com/tournament?id=12940,5,BWF World Championships 2023
2023-08-23,Round 2,MD,ONG Yew.. / TEO Ee .. (7) Rank 9 Elo 2009 (+10),21-16 / 18-21 / 21-12,Pharanyu.. / Worrapol .. Rank 46 Elo 1755 (-14),51,https://badmintonranks.com/tournament?id=12940,5,BWF World Championships 2023
2023-08-23,Round 2,MS,SHI Yu Qi (8) Rank 8 Elo 2284 (+16),21-13 / 21-8,Rasmus GEMKE Rank 25 Elo 2135 (-16),49,https://badmintonranks.com/tournament?id=12940,5,BWF World Championships 2023
2023-08-23,Round 2,MS,NG Ka Long Angus (16) Rank 17 Elo 2140 (+8),21-17 / 21-11,Uriel Francisco CANJU.. Rank 62 Elo 1847 (-10),44,https://badmintonranks.com/tournament?id=12940,5,BWF World Championships 2023
2023-08-23,Round 2,MD,Satwiksai.. / Chirag S.. (2) Rank 2 Elo 2258 (+2),21-16 / 21-9,Kenneth .. / LIM Ming .. Rank 157 Elo 1724 (-3),30,https://badmintonranks.com/tournament?id=12940,5,BWF World Championships 2023
2023-08-23,Round 2,WD,Pearly TA.. / THINAAH.. (10) Rank 11 Elo 2071 (+5),21-15 / 21-10,Julie MA.. / Ciara TOR.. Rank 35 Elo 1644 (-8),33,https://badmintonranks.com/tournament?id=12940,5,BWF World Championships 2023
2023-08-23,Round 2,WD,Mayu MA.. / Wakana .. (4) Rank 4 Elo 2164 (+1),21-11 / 21-5,Serena A.. / Katharina .. Rank 82 Elo 1446 (-2),26,https://badmintonranks.com/tournament?id=12940,5,BWF World Championships 2023
2023-08-23,Round 2,MD,Leo Rolly.. / Daniel M.. (10) Rank 10 Elo 1976 (+24),18-21 / 21-19 / 21-10,Ben LANE / Sean VEN.. Rank 17 Elo 1924 (-25),62,https://badmintonranks.com/tournament?id=12940,5,BWF World Championships 2023
2023-08-23,Round 2,WD,YEUNG .. / YEUNG P.. Rank 27 Elo 1799 (+47),21-18 / 21-8,Gabriela .. / Stefani S.. (13) Rank 16 Elo 1940 (-40),43,https://badmintonranks.com/tournament?id=12940,6,BWF World Championships 2023
2023-08-23,Round 2,WS,Busanan ONGBAMRU.. (13) Rank 13 Elo 2148 (+29),15-21 / 21-18 / 21-16,KIM Ga Eun Rank 18 Elo 2179 (-29),68,https://badmintonranks.com/tournament?id=12940,6,BWF World Championships 2023
2023-08-23,Round 2,MD,LIU Yu C.. / OU Xuan .. (6) Rank 7 Elo 2060 (+6),21-16 / 21-19,Supak JO.. / Kittinupon.. Rank 40 Elo 1701 (-9),32,https://badmintonranks.com/tournament?id=12940,6,BWF World Championships 2023
2023-08-23,Round 2,WS,TAI Tzu Ying (4) Rank 4 Elo 2550 (+1),21-16 / 21-13,Line CHRISTOPHERSEN Rank 32 Elo 1904 (-2),35,https://badmintonranks.com/tournament?id=12940,6,BWF World Championships 2023
2023-08-23,Round 2,MD,MAN Wei.. / TEE Kai .. Rank 25 Elo 1886 (+0),W.O.,CHOI Sol.. / KIM Won .. Rank 14 Elo 2046 (-3),0,https://badmintonranks.com/tournament?id=12940,6,BWF World Championships 2023
2023-08-23,Round 2,MD,LU Ching.. / YANG Po.. (15) Rank 13 Elo 1945 (+10),21-16 / 21-14,Kevin LEE / Ty Alexan.. Rank 45 Elo 1694 (-16),31,https://badmintonranks.com/tournament?id=12940,6,BWF World Championships 2023
2023-08-23,Round 2,WD,Nami MA.. / Chiharu .. (7) Rank 7 Elo 2133 (+8),21-16 / 21-15,LEE Chia.. / TENG Ch.. Rank 21 Elo 1837 (-10),39,https://badmintonranks.com/tournament?id=12940,6,BWF World Championships 2023
2023-08-23,Round 2,MS,LEE Cheuk Yiu (15) Rank 16 Elo 2133 (+8),21-17 / 23-21,Jia Heng Jason TEH Rank 98 Elo 1829 (-10),45,https://badmintonranks.com/tournament?id=12940,6,BWF World Championships 2023
2023-08-23,Round 2,WD,ZHANG .. / ZHENG .. (6) Rank 6 Elo 2047 (+6),21-12 / 21-15,Jaqueline.. / Samia LIM.. Rank 54 Elo 1681 (-10),37,https://badmintonranks.com/tournament?id=12940,6,BWF World Championships 2023
2023-08-23,Round 2,WD,KIM So Y.. / KONG H.. (3) Rank 3 Elo 2321 (+3),17-21 / 27-25 / 21-11,HSU Ya .. / LIN Wan .. Rank 25 Elo 1849 (-4),75,https://badmintonranks.com/tournament?id=12940,6,BWF World Championships 2023
2023-08-23,Round 2,WS,Akane YAMAGUCHI (2) Rank 2 Elo 2496 (+2),21-7 / 21-11,Neslihan ARIN Rank 52 Elo 1942 (-2),28,https://badmintonranks.com/tournament?id=12940,6,BWF World Championships 2023
2023-08-23,Round 2,WS,Pornpawee CHOCHU.. (11) Rank 12 Elo 2178 (+4),24-22 / 21-14,Juliana Viana VIEIRA Rank 73 Elo 1756 (-6),42,https://badmintonranks.com/tournament?id=12940,6,BWF World Championships 2023
2023-08-23,Round 2,XD,CHEN Ta.. / TOH Ee .. (14) Rank 18 Elo 2004 (+23),21-19 / 21-9,LEE Chu.. / NG Tsz Ya.. Rank 25 Elo 1938 (-23),36,https://badmintonranks.com/tournament?id=12940,6,BWF World Championships 2023
2023-08-23,Round 2,MS,Kenta NISHIMOTO (14) Rank 15 Elo 2144 (+9),24-22 / 23-25 / 21-8,Julien CARRAGGI Rank 52 Elo 1881 (-11),79,https://badmintonranks.com/tournament?id=12940,6,BWF World Championships 2023
2023-08-23,Round 2,WD,Febriana .. / Amallia C.. (16) Rank 18 Elo 1885 (+23),23-21 / 21-11,Margot L.. / Anne TRAN Rank 26 Elo 1805 (-26),44,https://badmintonranks.com/tournament?id=12940,6,BWF World Championships 2023
2023-08-23,Round 2,MS,Kodai NARAOKA (4) Rank 4 Elo 2257 (+13),21-12 / 21-16,Toma Junior POPOV Rank 24 Elo 2067 (-14),53,https://badmintonranks.com/tournament?id=12940,6,BWF World Championships 2023
2023-08-23,Round 2,WD,Jongkolp.. / Rawinda .. (8) Rank 8 Elo 1978 (+12),21-13 / 21-11,Anna Chi.. / TEOH Mei.. Rank Elo 1755 (-16),31,https://badmintonranks.com/tournament?id=12940,6,BWF World Championships 2023
2023-08-23,Round 2,WD,Rin IWAN.. / Kie NAK.. (14) Rank 15 Elo 2011 (+17),21-17 / 20-22 / 23-21,Maiken F.. / Sara THY.. Rank 20 Elo 1858 (-18),88,https://badmintonranks.com/tournament?id=12940,6,BWF World Championships 2023
2023-08-23,Round 2,MS,Kanta TSUNEYAMA Rank 18 Elo 2089 (+2),22-20 / 21-15,DANYLO BOSNIUK Rank 106 Elo 1572 (-6),48,https://badmintonranks.com/tournament?id=12940,6,BWF World Championships 2023
2023-08-23,Round 2,XD,Dechapol.. / Sapsiree .. (4) Rank 4 Elo 2226 (+12),21-13 / 21-14,TANG Ch.. / TSE Ying .. Rank 20 Elo 2023 (-13),38,https://badmintonranks.com/tournament?id=12940,6,BWF World Championships 2023
2023-08-23,Round 2,XD,Thom GI.. / Delphine .. (7) Rank 8 Elo 1959 (+21),21-18 / 21-13,Marcus E.. / Lauren S.. Rank 31 Elo 1857 (-22),47,https://badmintonranks.com/tournament?id=12940,7,BWF World Championships 2023
2023-08-23,Round 2,XD,Rinov RI.. / Pitha Hani.. Rank 17 Elo 2039 (+19),21-15 / 14-21 / 21-14,Kyohei Y.. / Naru SHI.. (15) Rank 15 Elo 1934 (-21),59,https://badmintonranks.com/tournament?id=12940,7,BWF World Championships 2023
2023-08-23,Round 2,WS,Carolina MARIN (6) Rank 6 Elo 2431 (+2),21-10 / 21-6,Iris WANG Rank 37 Elo 1844 (-2),38,https://badmintonranks.com/tournament?id=12940,7,BWF World Championships 2023
2023-08-23,Round 2,WD,Treesa J.. / GAYATRI.. (15) Rank 19 Elo 1900 (+17),21-18 / 21-10,CHANG .. / YANG Chi.. Rank 37 Elo 1750 (-22),38,https://badmintonranks.com/tournament?id=12940,7,BWF World Championships 2023
2023-08-23,Round 2,XD,SEO Seu.. / CHAE Yu.. (5) Rank 5 Elo 2131 (+7),21-17 / 21-8,HEE Yon.. / TAN Wei .. Rank 29 Elo 1800 (-9),28,https://badmintonranks.com/tournament?id=12940,7,BWF World Championships 2023
2023-08-23,Round 2,XD,Rehan N.. / Lisa Ayu .. (13) Rank 13 Elo 1878 (+9),21-9 / 21-12,Jones Ra.. / Linda EFL.. Rank 52 Elo 1584 (-18),32,https://badmintonranks.com/tournament?id=12940,7,BWF World Championships 2023
2023-08-23,Round 2,WS,THET Htar Thuzar Rank 61 Elo 1763 (+13),4-2 Ret.,Michelle LI (14) Rank 14 Elo 2137 (-10),4,https://badmintonranks.com/tournament?id=12940,7,BWF World Championships 2023
2023-08-23,Round 2,XD,Yuta WAT.. / Arisa IGA.. (2) Rank 2 Elo 2310 (+2),21-12 / 21-15,Ty Alexan.. / Josephine.. Rank 38 Elo 1726 (-3),30,https://badmintonranks.com/tournament?id=12940,7,BWF World Championships 2023
2023-08-23,Round 2,WD,CHEN Qi.. / JIA Yi Fan (1) Rank 1 Elo 2384 (+1),21-5 / 21-8,Lanny Tri.. / Ribka SU.. Rank 31 Elo 1773 (-2),30,https://badmintonranks.com/tournament?id=12940,7,BWF World Championships 2023
2023-08-23,Round 2,XD,Supak JO.. / Supissar.. (12) Rank 12 Elo 1971 (+17),21-15 / 21-18,TAN Kian.. / LAI Pei Jin.. Rank 21 Elo 1835 (-20),37,https://badmintonranks.com/tournament?id=12940,7,BWF World Championships 2023
2023-08-23,Round 2,WD,Kirsten D.. / Alyssa TI.. Rank 64 Elo 1692 (+0),W.O.,Benyapa .. / Nuntakarn.. Rank 9 Elo 2053 (-4),0,https://badmintonranks.com/tournament?id=12940,7,BWF World Championships 2023
2023-08-22,Round 2,WS,HE Bing Jiao (5) Rank 5 Elo 2418 (+3),18-21 / 21-19 / 21-17,Putri Kusuma WARDANI Rank 33 Elo 1941 (-3),66,https://badmintonranks.com/tournament?id=12940,7,BWF World Championships 2023
2023-08-22,Round 2,WS,Mia BLICHFELDT (15) Rank 17 Elo 2163 (+2),21-14 / 21-17,Rachael DARRAGH Rank 81 Elo 1659 (-5),41,https://badmintonranks.com/tournament?id=12940,7,BWF World Championships 2023
2023-08-22,Round 2,XD,GOH Soo.. / LAI Shev.. (10) Rank 10 Elo 1916 (+9),21-11 / 21-8,Iliyan ST.. / Hristomira.. Rank 77 Elo 1615 (-16),23,https://badmintonranks.com/tournament?id=12940,7,BWF World Championships 2023
2023-08-22,Round 2,XD,FENG Ya.. / HUANG .. (3) Rank 3 Elo 2279 (+3),21-12 / 21-13,Gregory .. / Jenny MAI.. Rank 34 Elo 1774 (-4),38,https://badmintonranks.com/tournament?id=12940,7,BWF World Championships 2023
2023-08-22,Round 2,XD,ZHENG .. / HUANG .. (1) Rank 1 Elo 2390 (+2),21-17 / 21-4,Mark LA.. / Isabel LO.. Rank 24 Elo 1869 (-3),28,https://badmintonranks.com/tournament?id=12940,7,BWF World Championships 2023
2023-08-22,Round 2,WS,ZHANG Beiwen (12) Rank 10 Elo 2175 (+15),21-18 / 21-14,Kirsty GILMOUR Rank 27 Elo 2015 (-16),39,https://badmintonranks.com/tournament?id=12940,7,BWF World Championships 2023
2023-08-22,Round 2,MS,CHOU Tien Chen (10) Rank 10 Elo 2141 (+3),21-8 / 21-12,Howard SHU Rank 104 Elo 1692 (-6),30,https://badmintonranks.com/tournament?id=12940,7,BWF World Championships 2023
2023-08-22,Round 2,MS,Kunlavut VITIDSARN (3) Rank 3 Elo 2343 (+3),21-9 / 21-18,Ygor COELHO Rank 56 Elo 1838 (-3),41,https://badmintonranks.com/tournament?id=12940,7,BWF World Championships 2023
2023-08-22,Round 2,MS,Viktor AXELSEN (1) Rank 1 Elo 2622 (+2),21-6 / 21-8,Christo POPOV Rank 31 Elo 2067 (-2),30,https://badmintonranks.com/tournament?id=12940,7,BWF World Championships 2023
2023-08-22,Round 2,MS,PRANNOY H. S. (9) Rank 9 Elo 2303 (+11),21-9 / 21-14,Chico Aura DWI WARD.. Rank 21 Elo 2081 (-12),36,https://badmintonranks.com/tournament?id=12940,8,BWF World Championships 2023
2023-08-22,Round 2,WS,WANG Zhi Yi (10) Rank 11 Elo 2205 (+5),21-18 / 21-11,Yvonne LI Rank 24 Elo 1833 (-6),42,https://badmintonranks.com/tournament?id=12940,8,BWF World Championships 2023
2023-08-22,Round 2,XD,KIM Won .. / JEONG .. (6) Rank 6 Elo 2129 (+5),21-9 / 16-21 / 21-15,Adam HA.. / Julie MAC.. Rank 40 Elo 1752 (-7),52,https://badmintonranks.com/tournament?id=12940,8,BWF World Championships 2023
2023-08-22,Round 2,XD,Mathias .. / Alexandr.. (11) Rank 11 Elo 2079 (+10),19-21 / 21-18 / 21-10,YANG Po.. / HU Ling F.. Rank 32 Elo 1830 (-12),56,https://badmintonranks.com/tournament?id=12940,8,BWF World Championships 2023
2023-08-22,Round 2,WS,Ratchanok INTANON (7) Rank 7 Elo 2269 (+7),21-19 / 21-19,HSU Wen Chi Rank 20 Elo 1957 (-8),44,https://badmintonranks.com/tournament?id=12940,8,BWF World Championships 2023
2023-08-22,Round 2,XD,YE Hong .. / LEE Chia.. (16) Rank 14 Elo 1998 (+13),21-18 / 21-15,Vinson C.. / Jennie GA.. Rank 30 Elo 1798 (-17),32,https://badmintonranks.com/tournament?id=12940,8,BWF World Championships 2023
2023-08-22,Round 2,WS,Nozomi OKUHARA Rank 36 Elo 2138 (+24),21-14 / 21-14,PUSARLA V. Sindhu (16) Rank 15 Elo 2108 (-25),44,https://badmintonranks.com/tournament?id=12940,8,BWF World Championships 2023
2023-08-22,Round 2,WS,CHEN Yu Fei (3) Rank 3 Elo 2516 (+2),21-14 / 21-13,PAI Yu Po Rank 23 Elo 1948 (-2),37,https://badmintonranks.com/tournament?id=12940,8,BWF World Championships 2023
2023-08-22,Round 2,MS,LOH Kean Yew (7) Rank 7 Elo 2156 (+7),21-4 / 21-11,Ade Resky DWICAHYO Rank 75 Elo 1818 (-8),24,https://badmintonranks.com/tournament?id=12940,8,BWF World Championships 2023
2023-08-22,Round 2,WS,AN Se Young (1) Rank 1 Elo 2734 (+0),21-12 / 21-14,GOH Jin Wei Rank 35 Elo 1834 (-0),35,https://badmintonranks.com/tournament?id=12940,8,BWF World Championships 2023
2023-08-22,Round 2,MS,Lakshya SEN (11) Rank 11 Elo 2249 (+9),21-11 / 21-12,JEON Hyeok Jin Rank 51 Elo 1971 (-10),36,https://badmintonranks.com/tournament?id=12940,8,BWF World Championships 2023
2023-08-22,Round 2,XD,JIANG Zh.. / WEI Ya X.. (8) Rank 7 Elo 2104 (+3),21-11 / 21-13,Misha ZIL.. / Svetlana Z.. Rank 69 Elo 1618 (-7),24,https://badmintonranks.com/tournament?id=12940,8,BWF World Championships 2023
2023-08-22,Round 2,MS,LI Shi Feng (6) Rank 6 Elo 2328 (+3),21-10 / 21-12,Kantaphon WANGCHA.. Rank 34 Elo 1829 (-3),44,https://badmintonranks.com/tournament?id=12940,8,BWF World Championships 2023
2023-08-22,Round 2,XD,Dejan FE.. / Gloria Em.. Rank 19 Elo 1932 (+38),21-14 / 21-13,Robin TA.. / Selena PI.. (9) Rank 9 Elo 2048 (-36),36,https://badmintonranks.com/tournament?id=12940,8,BWF World Championships 2023
2023-08-22,Round 2,MS,WANG Tzu Wei Rank 29 Elo 2007 (+39),21-16 / 18-21 / 21-19,LU Guang Zu (13) Rank 14 Elo 2168 (-38),86,https://badmintonranks.com/tournament?id=12940,8,BWF World Championships 2023
2023-08-22,Round 1,WD,HSU Ya .. / LIN Wan .. Rank 25 Elo 1831 (+18),21-4 / 21-5,Lorna BO.. / Kobita DO.. Rank 90 Elo 1666 (-26),17,https://badmintonranks.com/tournament?id=12940,8,BWF World Championships 2023
2023-08-22,Round 1,WD,Francesc.. / Allison Qu.. Rank 42 Elo 1673 (+26),21-7 / 21-12,Ines Luci.. / Paula LA .. Rank 78 Elo 1517 (-43),28,https://badmintonranks.com/tournament?id=12940,8,BWF World Championships 2023
2023-08-22,Round 1,WD,JIN Yu Jia / WONG Jia.. Rank 24 Elo 1709 (+42),21-10 / 21-11,Chloe CO.. / Lauren S.. Rank 29 Elo 1716 (-42),33,https://badmintonranks.com/tournament?id=12940,8,BWF World Championships 2023
2023-08-22,Round 1,MD,Kenneth .. / LIM Ming .. Rank 157 Elo 1712 (+12),14-21 / 21-16 / 24-22,Joshua M.. / Paul REY.. Rank 54 Elo 1412 (-30),62,https://badmintonranks.com/tournament?id=12940,8,BWF World Championships 2023
2023-08-22,Round 1,MD,MAN Wei.. / TEE Kai .. Rank 25 Elo 1868 (+18),21-17 / 21-18,Lucas C.. / Ronan LA.. Rank 32 Elo 1728 (-25),42,https://badmintonranks.com/tournament?id=12940,8,BWF World Championships 2023
2023-08-22,Round 1,WD,Vivian H.. / LIM Chiew.. Rank 32 Elo 1550 (+72),21-14 / 21-12,Moa SJOO / Tilda SJOO Rank 56 Elo 1571 (-67),42,https://badmintonranks.com/tournament?id=12940,9,BWF World Championships 2023
2023-08-22,Round 1,WD,Anna Chi.. / TEOH Mei.. Rank Elo 1724 (+31),21-14 / 21-18,Annie XU / Kerry XU Rank 36 Elo 1652 (-39),38,https://badmintonranks.com/tournament?id=12940,9,BWF World Championships 2023
2023-08-22,Round 1,WD,YEUNG .. / YEUNG P.. Rank 27 Elo 1768 (+31),21-9 / 21-17,Linda EF.. / Isabel LO.. Rank 34 Elo 1725 (-34),40,https://badmintonranks.com/tournament?id=12940,9,BWF World Championships 2023
2023-08-22,Round 1,MD,Ben LANE / Sean VEN.. Rank 17 Elo 1911 (+13),21-5 / 21-6,Anibal M.. / Jonathan .. Rank 72 Elo 1690 (-19),18,https://badmintonranks.com/tournament?id=12940,9,BWF World Championships 2023
2023-08-22,Round 1,WS,Neslihan ARIN Rank 52 Elo 1935 (+7),21-17 / 21-17,Tiffany HO Rank 89 Elo 1598 (-14),41,https://badmintonranks.com/tournament?id=12940,9,BWF World Championships 2023
2023-08-22,Round 1,WS,Line Højmark KJAERSF.. Rank 30 Elo 1996 (+9),21-10 / 21-9,ZHANG Wen Yu Rank 48 Elo 1699 (-13),30,https://badmintonranks.com/tournament?id=12940,9,BWF World Championships 2023
2023-08-22,Round 1,MD,REN Xian.. / TAN Qiang Rank 20 Elo 1971 (+9),21-12 / 10-21 / 21-14,Jun Liang.. / LOH Kean.. Rank 71 Elo 1693 (-14),54,https://badmintonranks.com/tournament?id=12940,9,BWF World Championships 2023
2023-08-22,Round 1,WS,Line CHRISTOPHERSEN Rank 32 Elo 1893 (+11),21-15 / 21-15,Ines Lucia CASTILLO S.. Rank 86 Elo 1624 (-18),31,https://badmintonranks.com/tournament?id=12940,9,BWF World Championships 2023
2023-08-22,Round 1,XD,Ty Alexan.. / Josephine.. Rank 38 Elo 1698 (+28),21-14 / 21-17,Philip BIR.. / Katharina .. Rank 74 Elo 1572 (-41),29,https://badmintonranks.com/tournament?id=12940,9,BWF World Championships 2023
2023-08-22,Round 1,WS,Juliana Viana VIEIRA Rank 73 Elo 1721 (+35),21-9 / 19-21 / 21-14,INSYIRAH Khan Rank 99 Elo 1678 (-40),50,https://badmintonranks.com/tournament?id=12940,9,BWF World Championships 2023
2023-08-22,Round 1,MD,Bjarne G.. / Jan Colin .. Rank 50 Elo 1624 (+66),21-15 / 21-10,Job CAS.. / Luis Arma.. Rank 74 Elo 1712 (-51),29,https://badmintonranks.com/tournament?id=12940,9,BWF World Championships 2023
2023-08-22,Round 1,XD,LEE Chu.. / NG Tsz Ya.. Rank 25 Elo 1924 (+14),20-22 / 21-19 / 21-7,Davi SILV.. / Sania LIMA Rank 53 Elo 1732 (-20),46,https://badmintonranks.com/tournament?id=12940,9,BWF World Championships 2023
2023-08-22,Round 1,MD,Alexande.. / Adam HA.. Rank 24 Elo 1774 (+5),21-10 Ret.,DONG A.. / Nyl YAKU.. Rank 42 Elo 1671 (-6),22,https://badmintonranks.com/tournament?id=12940,9,BWF World Championships 2023
2023-08-22,Round 1,MD,Christo P.. / Toma Juni.. Rank 41 Elo 1707 (+63),21-18 / 21-18,Mark LA.. / Marvin SE.. Rank 23 Elo 1904 (-44),44,https://badmintonranks.com/tournament?id=12940,9,BWF World Championships 2023
2023-08-22,Round 1,WS,KIM Ga Eun Rank 18 Elo 2174 (+5),19-21 / 21-14 / 21-16,Kristin KUUBA Rank 46 Elo 1783 (-6),61,https://badmintonranks.com/tournament?id=12940,9,BWF World Championships 2023
2023-08-22,Round 1,WD,Margot L.. / Anne TRAN Rank 26 Elo 1771 (+34),21-16 / 21-14,LUI Lok L.. / NG Wing .. Rank 49 Elo 1751 (-35),45,https://badmintonranks.com/tournament?id=12940,9,BWF World Championships 2023
2023-08-22,Round 1,WD,Debora JI.. / Cheryl SEI.. Rank 33 Elo 1731 (+25),21-14 / 11-21 / 21-14,Ashwini B.. / Shikha GA.. Rank 44 Elo 1604 (-37),57,https://badmintonranks.com/tournament?id=12940,9,BWF World Championships 2023
2023-08-22,Round 1,XD,HEE Yon.. / TAN Wei .. Rank 29 Elo 1743 (+57),21-12 / 21-18,Mathias T.. / Amalie M.. Rank 23 Elo 1937 (-43),33,https://badmintonranks.com/tournament?id=12940,9,BWF World Championships 2023
2023-08-22,Round 1,XD,TAN Kian.. / LAI Pei Jin.. Rank 21 Elo 1832 (+3),21-4 / 21-6,Hussein .. / Fathimath .. Rank 87 Elo 1324 (-11),21,https://badmintonranks.com/tournament?id=12940,9,BWF World Championships 2023
2023-08-22,Round 1,XD,Marcus E.. / Lauren S.. Rank 31 Elo 1829 (+28),22-24 / 21-15 / 21-14,Kenneth .. / Gronya S.. Rank 48 Elo 1789 (-30),65,https://badmintonranks.com/tournament?id=12940,9,BWF World Championships 2023
2023-08-22,Round 1,MD,Pharanyu.. / Worrapol .. Rank 46 Elo 1725 (+30),21-18 / 21-11,Vinson C.. / Joshua Y.. Rank 47 Elo 1642 (-38),30,https://badmintonranks.com/tournament?id=12940,10,BWF World Championships 2023
2023-08-22,Round 1,XD,Rinov RI.. / Pitha Hani.. Rank 17 Elo 2009 (+30),23-21 / 8-21 / 21-11,Hiroki MI.. / Natsu SAI.. Rank 16 Elo 2031 (-29),54,https://badmintonranks.com/tournament?id=12940,10,BWF World Championships 2023
2023-08-22,Round 1,WS,Iris WANG Rank 37 Elo 1814 (+30),21-13 / 21-13,Jenjira STADELMANN Rank 58 Elo 1790 (-32),39,https://badmintonranks.com/tournament?id=12940,10,BWF World Championships 2023
2023-08-22,Round 1,XD,Jones Ra.. / Linda EFL.. Rank 52 Elo 1504 (+80),21-12 / 21-11,Venkat G.. / Juhi DEW.. Rank 125 Elo 1517 (-78),24,https://badmintonranks.com/tournament?id=12940,10,BWF World Championships 2023
2023-08-22,Round 1,WS,THET Htar Thuzar Rank 61 Elo 1733 (+30),21-13 / 21-19,Haramara GAITAN Rank 90 Elo 1648 (-37),33,https://badmintonranks.com/tournament?id=12940,10,BWF World Championships 2023
2023-08-22,Round 1,XD,TANG Ch.. / TSE Ying .. Rank 20 Elo 2019 (+4),21-10 / 21-12,Alvin MO.. / Alyssa Ys.. Rank 61 Elo 1602 (-9),25,https://badmintonranks.com/tournament?id=12940,10,BWF World Championships 2023
2023-08-21,Round 1,MS,DANYLO BOSNIUK Rank 106 Elo 1572 (+0),W.O.,Anthony Sinisuka GIN.. (2) Rank 2 Elo 2361 (-0),0,https://badmintonranks.com/tournament?id=12940,10,BWF World Championships 2023
2023-08-21,Round 1,MS,Julien CARRAGGI Rank 52 Elo 1874 (+7),21-7 / 21-19,Milan DRATVA Rank 129 Elo 1499 (-16),36,https://badmintonranks.com/tournament?id=12940,10,BWF World Championships 2023
2023-08-21,Round 1,MD,Kevin LEE / Ty Alexan.. Rank 45 Elo 1640 (+54),21-18 / 16-21 / 24-22,Christoph.. / Matthew .. Rank 44 Elo 1667 (-50),65,https://badmintonranks.com/tournament?id=12940,10,BWF World Championships 2023
2023-08-21,Round 1,MS,Toma Junior POPOV Rank 24 Elo 2062 (+5),21-7 / 21-17,Tobias KUENZI Rank 112 Elo 1655 (-8),39,https://badmintonranks.com/tournament?id=12940,10,BWF World Championships 2023
2023-08-21,Round 1,MS,Uriel Francisco CANJU.. Rank 62 Elo 1830 (+17),14-21 / 21-16 / 21-18,B. R. Sankeerth Rank 136 Elo 1652 (-26),70,https://badmintonranks.com/tournament?id=12940,10,BWF World Championships 2023
2023-08-21,Round 1,MD,Ondřej K.. / Adam ME.. Rank 55 Elo 1586 (+49),17-21 / 21-9 / 21-11,Torjus FL.. / Vegard RI.. Rank 67 Elo 1519 (-60),52,https://badmintonranks.com/tournament?id=12940,10,BWF World Championships 2023
2023-08-21,Round 1,MS,NG Ka Long Angus (16) Rank 17 Elo 2137 (+3),21-11 / 21-8,Bernardo ATILANO Rank 84 Elo 1635 (-6),28,https://badmintonranks.com/tournament?id=12940,10,BWF World Championships 2023
2023-08-21,Round 1,MS,Kodai NARAOKA (4) Rank 4 Elo 2256 (+1),21-7 / 21-10,Luka WRABER Rank 110 Elo 1518 (-2),33,https://badmintonranks.com/tournament?id=12940,10,BWF World Championships 2023
2023-08-21,Round 1,MS,LEE Cheuk Yiu (15) Rank 16 Elo 2128 (+5),21-19 / 21-15,Max WEISSKIRCHEN Rank 130 Elo 1744 (-8),42,https://badmintonranks.com/tournament?id=12940,10,BWF World Championships 2023
2023-08-21,Round 1,MS,Rasmus GEMKE Rank 25 Elo 2121 (+14),21-18 / 21-16,Mark CALJOUW Rank 54 Elo 1948 (-15),54,https://badmintonranks.com/tournament?id=12940,10,BWF World Championships 2023
2023-08-21,Round 1,MS,SHI Yu Qi (8) Rank 8 Elo 2282 (+2),23-21 / 21-8,Luís Enrique PEÑALVER Rank 60 Elo 1694 (-3),44,https://badmintonranks.com/tournament?id=12940,10,BWF World Championships 2023
2023-08-21,Round 1,MS,Jia Heng Jason TEH Rank 98 Elo 1781 (+48),24-22 / 17-21 / 21-15,Jan LOUDA Rank 40 Elo 1911 (-39),76,https://badmintonranks.com/tournament?id=12940,10,BWF World Championships 2023
2023-08-21,Round 1,MS,Kanta TSUNEYAMA Rank 18 Elo 2083 (+6),21-8 / 21-8,Adham Hatem ELGAMA.. Rank 128 Elo 1724 (-9),40,https://badmintonranks.com/tournament?id=12940,10,BWF World Championships 2023
2023-08-21,Round 1,MD,Giovanni .. / David SAL.. Rank 99 Elo 1591 (+52),21-14 / 21-7,Jose GU.. / Diego MIN.. Rank 103 Elo 1550 (-59),24,https://badmintonranks.com/tournament?id=12940,10,BWF World Championships 2023
2023-08-21,Round 1,MS,Anders ANTONSEN (12) Rank 12 Elo 2316 (+3),21-8 / 21-15,Misha ZILBERMAN Rank 33 Elo 1852 (-4),43,https://badmintonranks.com/tournament?id=12940,11,BWF World Championships 2023
2023-08-21,Round 1,MS,Viktor AXELSEN (1) Rank 1 Elo 2621 (+1),21-6 / 21-11,Nhat NGUYEN Rank 37 Elo 1802 (-1),40,https://badmintonranks.com/tournament?id=12940,11,BWF World Championships 2023
2023-08-21,Round 1,MS,Kenta NISHIMOTO (14) Rank 15 Elo 2118 (+26),21-14 / 21-14,KIDAMBI Srikanth Rank 20 Elo 2111 (-26),47,https://badmintonranks.com/tournament?id=12940,11,BWF World Championships 2023
2023-08-21,Round 1,WD,Kirsten D.. / Alyssa TI.. Rank 64 Elo 1681 (+11),21-13 / 21-10,Aminath .. / Fathimath .. Rank 95 Elo 1339 (-27),26,https://badmintonranks.com/tournament?id=12940,11,BWF World Championships 2023
2023-08-21,Round 1,WD,Jaqueline.. / Samia LIM.. Rank 54 Elo 1618 (+63),22-20 / 21-19,Abbygael.. / Annie LAD.. Rank 67 Elo 1678 (-53),39,https://badmintonranks.com/tournament?id=12940,11,BWF World Championships 2023
2023-08-21,Round 1,WD,Maiken F.. / Sara THY.. Rank 20 Elo 1841 (+17),21-12 / 21-15,Catherine.. / Josephine.. Rank 30 Elo 1667 (-25),36,https://badmintonranks.com/tournament?id=12940,11,BWF World Championships 2023
2023-08-21,Round 1,WS,Rachael DARRAGH Rank 81 Elo 1617 (+42),21-11 / 21-14,Doha HANY Rank 134 Elo 1536 (-54),30,https://badmintonranks.com/tournament?id=12940,11,BWF World Championships 2023
2023-08-21,Round 1,MS,WANG Tzu Wei Rank 29 Elo 2000 (+7),21-11 / 21-8,Giovanni TOTI Rank 92 Elo 1663 (-12),30,https://badmintonranks.com/tournament?id=12940,11,BWF World Championships 2023
2023-08-21,Round 1,MS,NG Tze Yong Rank 22 Elo 2153 (+18),21-19 / 26-24,ZHAO Jun Peng Rank 26 Elo 2044 (-19),48,https://badmintonranks.com/tournament?id=12940,11,BWF World Championships 2023
2023-08-21,Round 1,MD,Jeppe BA.. / Lasse MØ.. Rank 31 Elo 1871 (+6),21-14 / 21-15,Ivan RUS.. / Iliyan STO.. Rank 101 Elo 1458 (-15),35,https://badmintonranks.com/tournament?id=12940,11,BWF World Championships 2023
2023-08-21,Round 1,MD,Christian .. / Alvin MOR.. Rank 48 Elo 1712 (+43),21-17 / 21-13,Jarred EL.. / Robert SU.. Rank 97 Elo 1733 (-41),24,https://badmintonranks.com/tournament?id=12940,11,BWF World Championships 2023
2023-08-21,Round 1,MS,Kantaphon WANGCHA.. Rank 34 Elo 1811 (+18),21-11 / 21-11,Fabio CAPONIO Rank 108 Elo 1649 (-28),38,https://badmintonranks.com/tournament?id=12940,11,BWF World Championships 2023
2023-08-21,Round 1,MD,LEE Jhe-.. / YANG Po-.. Rank 21 Elo 1831 (+13),21-12 / 25-23,Rory EAS.. / Zach RUSS Rank 58 Elo 1605 (-24),34,https://badmintonranks.com/tournament?id=12940,11,BWF World Championships 2023
2023-08-21,Round 1,WD,Julie MA.. / Ciara TOR.. Rank 35 Elo 1579 (+65),25-23 / 21-19,Kaitlyn EA / Gronya S.. Rank 57 Elo 1598 (-61),45,https://badmintonranks.com/tournament?id=12940,11,BWF World Championships 2023
2023-08-21,Round 1,MD,Supak JO.. / Kittinupon.. Rank 40 Elo 1664 (+37),21-13 / 21-12,Ade Resk.. / Azmy QO.. Rank 92 Elo 1588 (-47),26,https://badmintonranks.com/tournament?id=12940,11,BWF World Championships 2023
2023-08-21,Round 1,MD,Akira KO.. / Taichi SAI.. Rank 18 Elo 2010 (+4),21-17 / 21-7,Fabricio .. / Francielto.. Rank 115 Elo 1551 (-9),34,https://badmintonranks.com/tournament?id=12940,11,BWF World Championships 2023
2023-08-21,Round 1,MS,LU Guang Zu (13) Rank 14 Elo 2161 (+7),21-15 / 22-20,Joran KWEEKEL Rank 82 Elo 1812 (-7),52,https://badmintonranks.com/tournament?id=12940,11,BWF World Championships 2023
2023-08-21,Round 1,MS,Christo POPOV Rank 31 Elo 2063 (+4),21-19 / 15-21 / 21-17,NGUYEN Hai Dang Rank 86 Elo 1639 (-8),81,https://badmintonranks.com/tournament?id=12940,11,BWF World Championships 2023
2023-08-21,Round 1,MS,LEE Zii Jia Rank 13 Elo 2149 (+37),21-13 / 21-15,Jonatan CHRISTIE (5) Rank 5 Elo 2293 (-37),39,https://badmintonranks.com/tournament?id=12940,11,BWF World Championships 2023
2023-08-21,Round 1,MS,JEON Hyeok Jin Rank 51 Elo 1961 (+10),21-9 / 21-5,Bahaedeen Ahmad ALS.. Rank 87 Elo 1689 (-15),28,https://badmintonranks.com/tournament?id=12940,11,BWF World Championships 2023
2023-08-21,Round 1,MS,LI Shi Feng (6) Rank 6 Elo 2326 (+2),21-10 / 21-8,Dmitriy PANARIN Rank 91 Elo 1689 (-2),30,https://badmintonranks.com/tournament?id=12940,12,BWF World Championships 2023
2023-08-21,Round 1,WD,Lanny Tri.. / Ribka SU.. Rank 31 Elo 1748 (+25),14-21 / 22-20 / 21-15,Stine KU.. / Emma MO.. Rank 48 Elo 1631 (-35),65,https://badmintonranks.com/tournament?id=12940,12,BWF World Championships 2023
2023-08-21,Round 1,MS,Brian YANG Rank 27 Elo 1931 (+2),11-3 Ret.,Kai SCHAEFER Rank 63 Elo 1691 (-4),7,https://badmintonranks.com/tournament?id=12940,12,BWF World Championships 2023
2023-08-21,Round 1,MS,Ygor COELHO Rank 56 Elo 1814 (+24),21-8 / 21-13,Job CASTILLO Rank 123 Elo 1714 (-30),26,https://badmintonranks.com/tournament?id=12940,12,BWF World Championships 2023
2023-08-21,Round 1,WS,PAI Yu Po Rank 23 Elo 1935 (+13),20-22 / 21-19 / 21-13,KISONA Selvaduray Rank 57 Elo 1715 (-18),62,https://badmintonranks.com/tournament?id=12940,12,BWF World Championships 2023
2023-08-21,Round 1,MS,Lakshya SEN (11) Rank 11 Elo 2244 (+5),21-12 / 21-7,Georges Julien PAUL Rank 111 Elo 1827 (-6),25,https://badmintonranks.com/tournament?id=12940,12,BWF World Championships 2023
2023-08-21,Round 1,MS,Chico Aura DWI WARD.. Rank 21 Elo 2076 (+5),21-7 / 21-7,Nathan TANG Rank 114 Elo 1664 (-8),22,https://badmintonranks.com/tournament?id=12940,12,BWF World Championships 2023
2023-08-21,Round 1,WS,HSU Wen Chi Rank 20 Elo 1945 (+12),21-10 / 23-21,Clara AZURMENDI Rank 40 Elo 1705 (-16),38,https://badmintonranks.com/tournament?id=12940,12,BWF World Championships 2023
2023-08-21,Round 1,XD,Gregory .. / Jenny MAI.. Rank 34 Elo 1741 (+33),21-13 / 21-14,Mihajlo T.. / Andjela VI.. Rank 60 Elo 1694 (-37),33,https://badmintonranks.com/tournament?id=12940,12,BWF World Championships 2023
2023-08-21,Round 1,MS,CHOU Tien Chen (10) Rank 10 Elo 2127 (+14),21-16 / 21-9,Kevin CORDON Rank 53 Elo 1947 (-14),39,https://badmintonranks.com/tournament?id=12940,12,BWF World Championships 2023
2023-08-21,Round 1,MS,Kunlavut VITIDSARN (3) Rank 3 Elo 2341 (+2),21-16 / 21-14,Jonathan MATIAS Rank 65 Elo 1789 (-3),44,https://badmintonranks.com/tournament?id=12940,12,BWF World Championships 2023
2023-08-21,Round 1,WD,Serena A.. / Katharina .. Rank 82 Elo 1209 (+237),21-12 / 13-21 / 24-22,Amy ACK.. / Deidre LA.. Rank 72 Elo 1787 (-67),48,https://badmintonranks.com/tournament?id=12940,12,BWF World Championships 2023
2023-08-21,Round 1,MS,LOH Kean Yew (7) Rank 7 Elo 2149 (+7),21-12 / 21-9,Pablo ABIAN Rank 85 Elo 1806 (-8),28,https://badmintonranks.com/tournament?id=12940,12,BWF World Championships 2023
2023-08-21,Round 1,WD,CHANG .. / YANG Chi.. Rank 37 Elo 1723 (+27),21-14 / 21-11,Kati-Kree.. / Helina RÜ.. Rank 51 Elo 1608 (-38),30,https://badmintonranks.com/tournament?id=12940,12,BWF World Championships 2023
2023-08-21,Round 1,WD,LEE Chia.. / TENG Ch.. Rank 21 Elo 1828 (+9),23-21 / 21-11,Mariia ST.. / Yelyzaveta.. Rank 50 Elo 1492 (-20),38,https://badmintonranks.com/tournament?id=12940,12,BWF World Championships 2023
2023-08-21,Round 1,MS,Howard SHU Rank 104 Elo 1585 (+107),21-18 / 13-21 / 21-19,Anuoluwapo Juwon OP.. Rank 99 Elo 1948 (-50),66,https://badmintonranks.com/tournament?id=12940,12,BWF World Championships 2023
2023-08-21,Round 1,XD,Dejan FE.. / Gloria Em.. Rank 19 Elo 1908 (+24),21-14 / 21-12,Yuki KAN.. / Misaki MA.. Rank 22 Elo 1840 (-26),35,https://badmintonranks.com/tournament?id=12940,12,BWF World Championships 2023
2023-08-21,Round 1,MS,PRANNOY H. S. (9) Rank 9 Elo 2299 (+4),24-22 / 21-10,Kalle KOLJONEN Rank 57 Elo 1852 (-4),43,https://badmintonranks.com/tournament?id=12940,12,BWF World Championships 2023
2023-08-21,Round 1,XD,Mark LA.. / Isabel LO.. Rank 24 Elo 1853 (+16),21-17 / 12-21 / 21-18,Ties VAN .. / Debora JI.. Rank 90 Elo 1673 (-24),57,https://badmintonranks.com/tournament?id=12940,12,BWF World Championships 2023
2023-08-21,Round 1,WS,Yvonne LI Rank 24 Elo 1818 (+15),21-13 / 21-12,LéOnice HUET Rank 59 Elo 1614 (-26),31,https://badmintonranks.com/tournament?id=12940,12,BWF World Championships 2023
2023-08-21,Round 1,XD,Iliyan ST.. / Hristomira.. Rank 77 Elo 1493 (+122),21-19 / 20-22 / 21-12,Jonathan .. / Diana CO.. Rank 81 Elo 1693 (-65),47,https://badmintonranks.com/tournament?id=12940,13,BWF World Championships 2023
2023-08-21,Round 1,WS,Nozomi OKUHARA Rank 36 Elo 2123 (+15),21-15 / 21-12,NGUYEN Thuy Linh Rank 25 Elo 1956 (-15),40,https://badmintonranks.com/tournament?id=12940,13,BWF World Championships 2023
2023-08-21,Round 1,WS,Kirsty GILMOUR Rank 27 Elo 2007 (+8),22-20 / 9-21 / 21-12,Lianne TAN Rank 41 Elo 1678 (-12),59,https://badmintonranks.com/tournament?id=12940,13,BWF World Championships 2023
2023-08-21,Round 1,MS,Ade Resky DWICAHYO Rank 75 Elo 1805 (+13),21-14 / 21-17,Justin MA Rank 142 Elo 1558 (-25),34,https://badmintonranks.com/tournament?id=12940,13,BWF World Championships 2023
2023-08-21,Round 1,WS,Putri Kusuma WARDANI Rank 33 Elo 1932 (+9),21-7 / 23-21,Polina BUHROVA Rank 64 Elo 1640 (-16),37,https://badmintonranks.com/tournament?id=12940,13,BWF World Championships 2023
2023-08-21,Round 1,XD,YANG Po.. / HU Ling F.. Rank 32 Elo 1812 (+18),21-10 / 19-21 / 21-17,Nyl YAKU.. / Crystal LAI Rank 79 Elo 1646 (-27),45,https://badmintonranks.com/tournament?id=12940,13,BWF World Championships 2023
2023-08-21,Round 1,XD,Vinson C.. / Jennie GA.. Rank 30 Elo 1758 (+40),21-16 / 21-10,Fabricio .. / Jaqueline .. Rank 49 Elo 1785 (-37),30,https://badmintonranks.com/tournament?id=12940,13,BWF World Championships 2023
2023-08-21,Round 1,XD,Misha ZIL.. / Svetlana Z.. Rank 69 Elo 1528 (+90),21-17 / 21-16,Adham H.. / Doha HAN.. Rank 65 Elo 1613 (-68),26,https://badmintonranks.com/tournament?id=12940,13,BWF World Championships 2023
2023-08-21,Round 1,XD,Adam HA.. / Julie MAC.. Rank 40 Elo 1703 (+49),21-14 / 20-22 / 21-18,Rohan K.. / REDDY Si.. Rank 33 Elo 1767 (-42),59,https://badmintonranks.com/tournament?id=12940,13,BWF World Championships 2023
2023-08-21,Round 1,WS,GOH Jin Wei Rank 35 Elo 1814 (+20),21-18 / 21-15,Vivien SANDORHAZI Rank 65 Elo 1672 (-28),30,https://badmintonranks.com/tournament?id=12940,13,BWF World Championships 2023
2023-08-21,Round 1,WS,YEO Jia Min Rank 22 Elo 2044 (+0),W.O.,QI Xuefei Rank 54 Elo 1863 (-0),0,https://badmintonranks.com/tournament?id=12940,13,BWF World Championships 2023
2022-08-28,Final,XD,ZHENG .. / HUANG .. (1) Rank 2 Elo 2466 (+15),21-13 / 21-16,Yuta WAT.. / Arisa IGA.. (3) Rank 3 Elo 2282 (-15),41,https://badmintonranks.com/tournament?id=10803,1,BWF World Championships 2022
2022-08-28,Final,WS,Akane YAMAGUCHI (1) Rank 1 Elo 2445 (+38),21-12 / 10-21 / 21-14,CHEN Yu Fei (4) Rank 4 Elo 2562 (-37),68,https://badmintonranks.com/tournament?id=10803,1,BWF World Championships 2022
2022-08-28,Final,MS,Viktor AXELSEN (1) Rank 1 Elo 2683 (+8),21-5 / 21-16,Kunlavut VITIDSARN (16) Rank 17 Elo 2350 (-7),50,https://badmintonranks.com/tournament?id=10803,1,BWF World Championships 2022
2022-08-28,Final,WD,CHEN Qi.. / JIA Yi Fan (1) Rank 1 Elo 2314 (+17),22-20 / 21-14,KIM So Y.. / KONG H.. (4) Rank 4 Elo 2162 (-17),62,https://badmintonranks.com/tournament?id=10803,1,BWF World Championships 2022
2022-08-28,Final,MD,Aaron CH.. / SOH Wo.. (6) Rank 6 Elo 2193 (+24),21-19 / 21-14,Hendra S.. / Mohamm.. (3) Rank 3 Elo 2131 (-24),40,https://badmintonranks.com/tournament?id=10803,1,BWF World Championships 2022
2022-08-27,Semi final,WS,Akane YAMAGUCHI (1) Rank 1 Elo 2414 (+31),21-19 / 21-12,AN Se Young (3) Rank 3 Elo 2449 (-31),43,https://badmintonranks.com/tournament?id=10803,1,BWF World Championships 2022
2022-08-27,Semi final,XD,ZHENG .. / HUANG .. (1) Rank 2 Elo 2452 (+14),21-16 / 12-21 / 21-10,WANG Yi.. / HUANG .. (4) Rank 4 Elo 2260 (-14),59,https://badmintonranks.com/tournament?id=10803,1,BWF World Championships 2022
2022-08-27,Semi final,WS,CHEN Yu Fei (4) Rank 4 Elo 2534 (+28),15-21 / 21-14 / 21-18,TAI Tzu Ying (2) Rank 2 Elo 2538 (-29),71,https://badmintonranks.com/tournament?id=10803,1,BWF World Championships 2022
2022-08-27,Semi final,XD,Yuta WAT.. / Arisa IGA.. (3) Rank 3 Elo 2268 (+14),21-8 / 21-6,Mark LA.. / Isabel LO.. (9) Rank 12 Elo 2063 (-13),28,https://badmintonranks.com/tournament?id=10803,1,BWF World Championships 2022
2022-08-27,Semi final,MS,Viktor AXELSEN (1) Rank 1 Elo 2678 (+5),21-15 / 21-17,CHOU Tien Chen (4) Rank 4 Elo 2300 (-6),52,https://badmintonranks.com/tournament?id=10803,1,BWF World Championships 2022
2022-08-27,Semi final,MS,Kunlavut VITIDSARN (16) Rank 17 Elo 2330 (+20),22-20 / 21-6,ZHAO Jun Peng Rank 23 Elo 2232 (-20),43,https://badmintonranks.com/tournament?id=10803,1,BWF World Championships 2022
2022-08-27,Semi final,WD,KIM So Y.. / KONG H.. (4) Rank 4 Elo 2146 (+16),21-16 / 19-21 / 25-23,Puttita S.. / Sapsiree .. (14) Rank 20 Elo 1985 (-17),92,https://badmintonranks.com/tournament?id=10803,1,BWF World Championships 2022
2022-08-27,Semi final,MD,Aaron CH.. / SOH Wo.. (6) Rank 6 Elo 2167 (+26),20-22 / 21-18 / 21-16,Satwiksai.. / Chirag S.. (7) Rank 7 Elo 2145 (-27),77,https://badmintonranks.com/tournament?id=10803,1,BWF World Championships 2022
2022-08-27,Semi final,WD,CHEN Qi.. / JIA Yi Fan (1) Rank 1 Elo 2297 (+17),21-13 / 21-14,Mayu MA.. / Wakana .. (6) Rank 6 Elo 2156 (-18),52,https://badmintonranks.com/tournament?id=10803,1,BWF World Championships 2022
2022-08-27,Semi final,MD,Hendra S.. / Mohamm.. (3) Rank 3 Elo 2091 (+40),23-21 / 12-21 / 21-16,Fajar ALF.. / Muhamm.. (5) Rank 5 Elo 2239 (-40),52,https://badmintonranks.com/tournament?id=10803,1,BWF World Championships 2022
2022-08-26,Quarter final,XD,WANG Yi.. / HUANG .. (4) Rank 4 Elo 2244 (+16),21-16 / 21-15,SEO Seu.. / CHAE Yu.. (5) Rank 6 Elo 2093 (-17),39,https://badmintonranks.com/tournament?id=10803,1,BWF World Championships 2022
2022-08-26,Quarter final,WS,Akane YAMAGUCHI (1) Rank 1 Elo 2388 (+26),21-17 / 21-17,Carolina MARIN (5) Rank 5 Elo 2377 (-26),54,https://badmintonranks.com/tournament?id=10803,1,BWF World Championships 2022
2022-08-26,Quarter final,WS,AN Se Young (3) Rank 3 Elo 2442 (+7),21-14 / 15-21 / 22-20,HAN Yue Rank 22 Elo 2103 (-7),70,https://badmintonranks.com/tournament?id=10803,1,BWF World Championships 2022
2022-08-26,Quarter final,XD,Yuta WAT.. / Arisa IGA.. (3) Rank 3 Elo 2258 (+10),21-17 / 21-13,GOH Soo.. / LAI Shev.. (11) Rank 14 Elo 2011 (-11),40,https://badmintonranks.com/tournament?id=10803,1,BWF World Championships 2022
2022-08-26,Quarter final,XD,ZHENG .. / HUANG .. (1) Rank 2 Elo 2449 (+3),21-9 / 21-9,TAN Kian.. / LAI Pei Ji.. (8) Rank 11 Elo 1966 (-4),28,https://badmintonranks.com/tournament?id=10803,1,BWF World Championships 2022
2022-08-26,Quarter final,WS,TAI Tzu Ying (2) Rank 2 Elo 2532 (+6),21-16 / 21-9,Busanan ONGBAMRU.. (12) Rank 12 Elo 2156 (-6),45,https://badmintonranks.com/tournament?id=10803,2,BWF World Championships 2022
2022-08-26,Quarter final,XD,Mark LA.. / Isabel LO.. (9) Rank 12 Elo 2033 (+30),21-13 / 13-21 / 21-19,TANG Ch.. / TSE Ying.. (6) Rank 7 Elo 2059 (-31),63,https://badmintonranks.com/tournament?id=10803,2,BWF World Championships 2022
2022-08-26,Quarter final,MS,Viktor AXELSEN (1) Rank 1 Elo 2671 (+7),21-10 / 21-10,Anthony Sinisuka GIN.. (6) Rank 6 Elo 2334 (-7),41,https://badmintonranks.com/tournament?id=10803,2,BWF World Championships 2022
2022-08-26,Quarter final,WS,CHEN Yu Fei (4) Rank 4 Elo 2530 (+4),21-18 / 21-17,Michelle LI (13) Rank 13 Elo 2094 (-4),46,https://badmintonranks.com/tournament?id=10803,2,BWF World Championships 2022
2022-08-26,Quarter final,MS,Kunlavut VITIDSARN (16) Rank 17 Elo 2307 (+23),21-12 / 17-21 / 21-8,LOH Kean Yew (8) Rank 8 Elo 2248 (-23),65,https://badmintonranks.com/tournament?id=10803,2,BWF World Championships 2022
2022-08-26,Quarter final,MS,CHOU Tien Chen (4) Rank 4 Elo 2276 (+24),14-21 / 21-11 / 22-20,Jonatan CHRISTIE (7) Rank 7 Elo 2233 (-24),71,https://badmintonranks.com/tournament?id=10803,2,BWF World Championships 2022
2022-08-26,Quarter final,WD,Puttita S.. / Sapsiree .. (14) Rank 20 Elo 1946 (+39),15-21 / 21-18 / 22-20,ZHANG .. / ZHENG .. (11) Rank 13 Elo 2060 (-38),84,https://badmintonranks.com/tournament?id=10803,2,BWF World Championships 2022
2022-08-26,Quarter final,MS,ZHAO Jun Peng Rank 23 Elo 2199 (+33),19-21 / 21-6 / 21-18,PRANNOY H. S. Rank 18 Elo 2270 (-33),64,https://badmintonranks.com/tournament?id=10803,2,BWF World Championships 2022
2022-08-26,Quarter final,WD,KIM So Y.. / KONG H.. (4) Rank 4 Elo 2105 (+41),21-16 / 21-15,Nami MA.. / Chiharu .. (5) Rank 5 Elo 2282 (-41),49,https://badmintonranks.com/tournament?id=10803,2,BWF World Championships 2022
2022-08-26,Quarter final,MD,Satwiksai.. / Chirag S.. (7) Rank 7 Elo 2109 (+36),24-22 / 15-21 / 21-14,Takuro H.. / Yugo KO.. (2) Rank 2 Elo 2214 (-36),75,https://badmintonranks.com/tournament?id=10803,2,BWF World Championships 2022
2022-08-26,Quarter final,MD,Aaron CH.. / SOH Wo.. (6) Rank 6 Elo 2146 (+21),21-18 / 21-16,CHOI Sol.. / SEO Seu.. (10) Rank 11 Elo 2056 (-21),40,https://badmintonranks.com/tournament?id=10803,2,BWF World Championships 2022
2022-08-26,Quarter final,MD,Hendra S.. / Mohamm.. (3) Rank 3 Elo 2075 (+16),21-8 / 21-14,M.R.ARJ.. / DHRUV K.. Rank 35 Elo 1912 (-17),29,https://badmintonranks.com/tournament?id=10803,2,BWF World Championships 2022
2022-08-26,Quarter final,WD,Mayu MA.. / Wakana .. (6) Rank 6 Elo 2130 (+26),21-13 / 19-21 / 21-12,LEE So H.. / SHIN Se.. (3) Rank 3 Elo 2099 (-25),60,https://badmintonranks.com/tournament?id=10803,2,BWF World Championships 2022
2022-08-26,Quarter final,MD,Fajar ALF.. / Muhamm.. (5) Rank 5 Elo 2230 (+9),21-11 / 21-16,Ben LANE / Sean VE.. (14) Rank 18 Elo 1928 (-9),29,https://badmintonranks.com/tournament?id=10803,2,BWF World Championships 2022
2022-08-26,Quarter final,WD,CHEN Qi.. / JIA Yi Fan (1) Rank 1 Elo 2289 (+8),21-16 / 21-7,Jongkolp.. / Rawinda .. (7) Rank 8 Elo 1993 (-9),45,https://badmintonranks.com/tournament?id=10803,2,BWF World Championships 2022
2022-08-25,Round 3,WD,Puttita S.. / Sapsiree .. (14) Rank 20 Elo 1911 (+35),21-13 / 21-12,Gabriela .. / Stefani S.. (8) Rank 9 Elo 1969 (-33),33,https://badmintonranks.com/tournament?id=10803,2,BWF World Championships 2022
2022-08-25,Round 3,MS,Kunlavut VITIDSARN (16) Rank 17 Elo 2291 (+16),21-13 / 21-6,Kenta NISHIMOTO Rank 21 Elo 2140 (-16),43,https://badmintonranks.com/tournament?id=10803,2,BWF World Championships 2022
2022-08-25,Round 3,MD,CHOI Sol.. / SEO Seu.. (10) Rank 11 Elo 2024 (+32),21-17 / 16-21 / 21-14,LEE Yang / WANG C.. (4) Rank 4 Elo 2082 (-32),64,https://badmintonranks.com/tournament?id=10803,2,BWF World Championships 2022
2022-08-25,Round 3,WD,ZHANG .. / ZHENG .. (11) Rank 13 Elo 2053 (+7),21-15 / 21-14,JIN Yu Jia / WONG Jia.. Rank 80 Elo 1713 (-10),37,https://badmintonranks.com/tournament?id=10803,2,BWF World Championships 2022
2022-08-25,Round 3,MS,LOH Kean Yew (8) Rank 8 Elo 2240 (+8),21-11 / 11-4 Ret.,NG Ka Long Angus (10) Rank 11 Elo 2147 (-8),22,https://badmintonranks.com/tournament?id=10803,2,BWF World Championships 2022
2022-08-25,Round 3,WD,KIM So Y.. / KONG H.. (4) Rank 4 Elo 2076 (+29),21-19 / 21-19,JEONG .. / KIM Hye .. (9) Rank 10 Elo 2090 (-28),64,https://badmintonranks.com/tournament?id=10803,3,BWF World Championships 2022
2022-08-25,Round 3,MS,ZHAO Jun Peng Rank 23 Elo 2155 (+44),21-19 / 11-21 / 21-19,LEE Zii Jia (5) Rank 5 Elo 2403 (-44),65,https://badmintonranks.com/tournament?id=10803,3,BWF World Championships 2022
2022-08-25,Round 3,MS,PRANNOY H. S. Rank 18 Elo 2240 (+30),17-21 / 21-16 / 21-17,Lakshya SEN (9) Rank 10 Elo 2277 (-29),75,https://badmintonranks.com/tournament?id=10803,3,BWF World Championships 2022
2022-08-25,Round 3,MS,Anthony Sinisuka GIN.. (6) Rank 6 Elo 2321 (+13),21-11 / 13-21 / 21-18,SHI Yu Qi Rank 25 Elo 2124 (-13),61,https://badmintonranks.com/tournament?id=10803,3,BWF World Championships 2022
2022-08-25,Round 3,MD,Aaron CH.. / SOH Wo.. (6) Rank 6 Elo 2128 (+18),21-17 / 21-19,GOH Sze.. / Nur IZZU.. (11) Rank 12 Elo 2010 (-19),42,https://badmintonranks.com/tournament?id=10803,3,BWF World Championships 2022
2022-08-25,Round 3,WD,Nami MA.. / Chiharu .. (5) Rank 5 Elo 2268 (+14),21-16 / 21-16,Pearly TA.. / THINAAH.. (10) Rank 11 Elo 2085 (-14),44,https://badmintonranks.com/tournament?id=10803,3,BWF World Championships 2022
2022-08-25,Round 3,MD,Takuro H.. / Yugo KO.. (2) Rank 2 Elo 2208 (+6),21-12 / 21-14,Alexande.. / Adam HA.. Rank 36 Elo 1860 (-8),32,https://badmintonranks.com/tournament?id=10803,3,BWF World Championships 2022
2022-08-25,Round 3,XD,TAN Kian.. / LAI Pei Ji.. (8) Rank 11 Elo 1941 (+25),21-12 / 21-14,Kyohei Y.. / Naru SHI.. Rank 29 Elo 1884 (-26),41,https://badmintonranks.com/tournament?id=10803,3,BWF World Championships 2022
2022-08-25,Round 3,WS,Busanan ONGBAMRU.. (12) Rank 12 Elo 2143 (+13),21-17 / 16-21 / 21-13,Saina NEHWAL Rank 33 Elo 1941 (-14),64,https://badmintonranks.com/tournament?id=10803,3,BWF World Championships 2022
2022-08-25,Round 3,MS,Viktor AXELSEN (1) Rank 1 Elo 2669 (+2),21-19 / 21-16,Sitthikom THAMMASIN Rank 33 Elo 2044 (-1),49,https://badmintonranks.com/tournament?id=10803,3,BWF World Championships 2022
2022-08-25,Round 3,MD,Satwiksai.. / Chirag S.. (7) Rank 7 Elo 2100 (+9),21-12 / 21-10,Jeppe BA.. / Lasse MØ.. Rank 32 Elo 1802 (-10),35,https://badmintonranks.com/tournament?id=10803,3,BWF World Championships 2022
2022-08-25,Round 3,WS,HAN Yue Rank 22 Elo 2059 (+44),21-11 / 21-13,WANG Zhi Yi (11) Rank 11 Elo 2311 (-44),39,https://badmintonranks.com/tournament?id=10803,3,BWF World Championships 2022
2022-08-25,Round 3,XD,Mark LA.. / Isabel LO.. (9) Rank 12 Elo 1982 (+51),21-16 / 21-14,Dechapol.. / Sapsiree .. (2) Rank 1 Elo 2338 (-48),38,https://badmintonranks.com/tournament?id=10803,3,BWF World Championships 2022
2022-08-25,Round 3,XD,WANG Yi.. / HUANG .. (4) Rank 4 Elo 2234 (+10),21-16 / 21-14,Rinov RI.. / Pitha Han.. (13) Rank 18 Elo 1968 (-10),38,https://badmintonranks.com/tournament?id=10803,3,BWF World Championships 2022
2022-08-25,Round 3,MS,CHOU Tien Chen (4) Rank 4 Elo 2261 (+15),21-16 / 17-21 / 21-18,LEE Cheuk Yiu (14) Rank 15 Elo 2092 (-15),71,https://badmintonranks.com/tournament?id=10803,3,BWF World Championships 2022
2022-08-25,Round 3,XD,Yuta WAT.. / Arisa IGA.. (3) Rank 3 Elo 2250 (+8),21-12 / 21-19,Robin TA.. / Selena PI.. (15) Rank 21 Elo 1929 (-8),40,https://badmintonranks.com/tournament?id=10803,3,BWF World Championships 2022
2022-08-25,Round 3,XD,TANG Ch.. / TSE Ying.. (6) Rank 7 Elo 2037 (+22),21-10 / 21-15,HEE Yon.. / TAN Wei .. Rank 33 Elo 1962 (-23),30,https://badmintonranks.com/tournament?id=10803,3,BWF World Championships 2022
2022-08-25,Round 3,XD,ZHENG .. / HUANG .. (1) Rank 2 Elo 2445 (+4),21-9 / 19-21 / 21-19,Supak JO.. / Supissar.. (14) Rank 20 Elo 2005 (-4),49,https://badmintonranks.com/tournament?id=10803,3,BWF World Championships 2022
2022-08-25,Round 3,XD,GOH Soo.. / LAI Shev.. (11) Rank 14 Elo 1973 (+38),21-16 / 21-4,Thom GI.. / Delphine .. (7) Rank 9 Elo 2091 (-36),38,https://badmintonranks.com/tournament?id=10803,3,BWF World Championships 2022
2022-08-25,Round 3,MD,Fajar ALF.. / Muhamm.. (5) Rank 5 Elo 2222 (+8),21-19 / 21-16,Akira KO.. / Taichi SA.. (16) Rank 22 Elo 1931 (-9),45,https://badmintonranks.com/tournament?id=10803,3,BWF World Championships 2022
2022-08-25,Round 3,XD,SEO Seu.. / CHAE Yu.. (5) Rank 6 Elo 2083 (+10),23-21 / 21-12,Rehan N.. / Lisa Ayu K.. Rank 44 Elo 1823 (-13),44,https://badmintonranks.com/tournament?id=10803,4,BWF World Championships 2022
2022-08-25,Round 3,WS,TAI Tzu Ying (2) Rank 2 Elo 2531 (+1),21-15 / 21-10,VU Thi Trang Rank 80 Elo 1818 (-1),35,https://badmintonranks.com/tournament?id=10803,4,BWF World Championships 2022
2022-08-25,Round 3,WS,Akane YAMAGUCHI (1) Rank 1 Elo 2372 (+16),21-18 / 21-7,Sayaka TAKAHASHI (14) Rank 14 Elo 2229 (-17),36,https://badmintonranks.com/tournament?id=10803,4,BWF World Championships 2022
2022-08-25,Round 3,WD,CHEN Qi.. / JIA Yi Fan (1) Rank 1 Elo 2286 (+3),21-15 / 21-9,Maiken F.. / Sara THY.. (12) Rank 16 Elo 1798 (-3),41,https://badmintonranks.com/tournament?id=10803,4,BWF World Championships 2022
2022-08-25,Round 3,MS,Jonatan CHRISTIE (7) Rank 7 Elo 2213 (+20),24-22 / 21-16,WANG Tzu Wei (15) Rank 16 Elo 2122 (-21),54,https://badmintonranks.com/tournament?id=10803,4,BWF World Championships 2022
2022-08-25,Round 3,WS,Carolina MARIN (5) Rank 5 Elo 2352 (+25),16-21 / 21-15 / 22-20,HE Bing Jiao (9) Rank 9 Elo 2330 (-25),76,https://badmintonranks.com/tournament?id=10803,4,BWF World Championships 2022
2022-08-25,Round 3,WD,Mayu MA.. / Wakana .. (6) Rank 6 Elo 2110 (+20),21-13 / 21-9,DU Yue / LI Wen M.. (13) Rank 19 Elo 2015 (-20),47,https://badmintonranks.com/tournament?id=10803,4,BWF World Championships 2022
2022-08-25,Round 3,MD,Ben LANE / Sean VE.. (14) Rank 18 Elo 1874 (+54),21-15 / 21-9,Marcus G.. / Kevin SU.. (1) Rank 1 Elo 2225 (-47),26,https://badmintonranks.com/tournament?id=10803,4,BWF World Championships 2022
2022-08-25,Round 3,WD,Jongkolp.. / Rawinda .. (7) Rank 8 Elo 1965 (+28),19-21 / 21-10 / 21-12,Rin IWAN.. / Kie NAK.. (15) Rank 21 Elo 1951 (-27),74,https://badmintonranks.com/tournament?id=10803,4,BWF World Championships 2022
2022-08-25,Round 3,WS,CHEN Yu Fei (4) Rank 4 Elo 2523 (+7),21-17 / 17-21 / 21-10,Pornpawee CHOCHU.. (10) Rank 10 Elo 2210 (-8),75,https://badmintonranks.com/tournament?id=10803,4,BWF World Championships 2022
2022-08-25,Round 3,MD,M.R.ARJ.. / DHRUV K.. Rank 35 Elo 1879 (+33),18-21 / 21-15 / 21-16,HEE Yon.. / LOH Kean.. Rank 41 Elo 1907 (-32),58,https://badmintonranks.com/tournament?id=10803,4,BWF World Championships 2022
2022-08-25,Round 3,MD,Hendra S.. / Mohamm.. (3) Rank 3 Elo 2056 (+19),21-18 / 23-21,Mark LA.. / Marvin S.. (12) Rank 13 Elo 1942 (-20),40,https://badmintonranks.com/tournament?id=10803,4,BWF World Championships 2022
2022-08-25,Round 3,WD,LEE So H.. / SHIN Se.. (3) Rank 3 Elo 2092 (+7),21-13 / 21-16,Vivian H.. / LIM Chiew.. Rank 35 Elo 1748 (-9),49,https://badmintonranks.com/tournament?id=10803,4,BWF World Championships 2022
2022-08-25,Round 3,WS,Michelle LI (13) Rank 13 Elo 2046 (+48),25-23 / 16-21 / 21-13,Ratchanok INTANON (8) Rank 8 Elo 2374 (-46),71,https://badmintonranks.com/tournament?id=10803,4,BWF World Championships 2022
2022-08-25,Round 3,WS,AN Se Young (3) Rank 3 Elo 2439 (+3),21-12 / 21-10,ZHANG Beiwen (16) Rank 16 Elo 1988 (-4),33,https://badmintonranks.com/tournament?id=10803,4,BWF World Championships 2022
2022-08-24,Round 2,WD,JEONG .. / KIM Hye .. (9) Rank 10 Elo 2076 (+14),21-13 / 21-12,Anna Chi.. / TEOH Mei.. Rank 33 Elo 1895 (-16),42,https://badmintonranks.com/tournament?id=10803,4,BWF World Championships 2022
2022-08-24,Round 2,WS,TAI Tzu Ying (2) Rank 2 Elo 2531 (+0),21-9 / 21-12,Martina REPISKA Rank 78 Elo 1645 (-1),26,https://badmintonranks.com/tournament?id=10803,4,BWF World Championships 2022
2022-08-24,Round 2,MD,Alexande.. / Adam HA.. Rank 36 Elo 1819 (+41),17-21 / 21-19 / 21-15,Muhamm.. / Bagas M.. (15) Rank 19 Elo 1907 (-36),50,https://badmintonranks.com/tournament?id=10803,4,BWF World Championships 2022
2022-08-24,Round 2,MS,PRANNOY H. S. Rank 18 Elo 2210 (+30),21-17 / 21-16,Kento MOMOTA (2) Rank 2 Elo 2265 (-30),54,https://badmintonranks.com/tournament?id=10803,4,BWF World Championships 2022
2022-08-24,Round 2,XD,TANG Ch.. / TSE Ying.. (6) Rank 7 Elo 2024 (+13),21-16 / 21-11,GUO Xin .. / ZHANG S.. Rank 32 Elo 1811 (-15),38,https://badmintonranks.com/tournament?id=10803,4,BWF World Championships 2022
2022-08-24,Round 2,MD,Jeppe BA.. / Lasse MØ.. Rank 32 Elo 1754 (+48),21-18 / 23-21,GOH V S.. / TAN Wee.. (13) Rank 15 Elo 1862 (-40),34,https://badmintonranks.com/tournament?id=10803,5,BWF World Championships 2022
2022-08-24,Round 2,WD,JIN Yu Jia / WONG Jia.. Rank 80 Elo 1713 (+0),W.O.,Yuki FUK.. / Sayaka H.. (2) Rank 2 Elo 2116 (-3),0,https://badmintonranks.com/tournament?id=10803,5,BWF World Championships 2022
2022-08-24,Round 2,WS,Busanan ONGBAMRU.. (12) Rank 12 Elo 2135 (+8),20-22 / 21-16 / 22-20,Yvonne LI Rank 26 Elo 1845 (-10),86,https://badmintonranks.com/tournament?id=10803,5,BWF World Championships 2022
2022-08-24,Round 2,MD,Satwiksai.. / Chirag S.. (7) Rank 7 Elo 2097 (+3),21-8 / 21-10,Anibal M.. / Jonathan .. Rank 93 Elo 1619 (-7),24,https://badmintonranks.com/tournament?id=10803,5,BWF World Championships 2022
2022-08-24,Round 2,MS,ZHAO Jun Peng Rank 23 Elo 2123 (+32),21-9 / 21-17,KIDAMBI Srikanth (12) Rank 13 Elo 2190 (-31),34,https://badmintonranks.com/tournament?id=10803,5,BWF World Championships 2022
2022-08-24,Round 2,WD,KIM So Y.. / KONG H.. (4) Rank 4 Elo 2070 (+6),21-5 / 18-21 / 21-13,Ashwini B.. / Shikha GA.. Rank 53 Elo 1702 (-9),57,https://badmintonranks.com/tournament?id=10803,5,BWF World Championships 2022
2022-08-24,Round 2,MS,Lakshya SEN (9) Rank 10 Elo 2274 (+3),21-17 / 21-10,Luís Enrique PEÑALVER Rank 74 Elo 1807 (-4),36,https://badmintonranks.com/tournament?id=10803,5,BWF World Championships 2022
2022-08-24,Round 2,XD,HEE Yon.. / TAN Wei .. Rank 33 Elo 1937 (+25),19-21 / 21-11 / 21-17,Yuki KAN.. / Misaki M.. (12) Rank 16 Elo 1897 (-27),60,https://badmintonranks.com/tournament?id=10803,5,BWF World Championships 2022
2022-08-24,Round 2,WD,DU Yue / LI Wen M.. (13) Rank 19 Elo 2001 (+14),21-17 / 21-13,LIU Xuan.. / XIA Yu Tin.. Rank 24 Elo 1827 (-17),53,https://badmintonranks.com/tournament?id=10803,5,BWF World Championships 2022
2022-08-24,Round 2,WD,Puttita S.. / Sapsiree .. (14) Rank 20 Elo 1897 (+14),22-20 / 21-18,Margot L.. / Anne TRAN Rank 52 Elo 1705 (-21),56,https://badmintonranks.com/tournament?id=10803,5,BWF World Championships 2022
2022-08-24,Round 2,WD,Pearly TA.. / THINAAH.. (10) Rank 11 Elo 2073 (+12),21-8 / 21-17,Treesa J.. / GAYATRI .. Rank 37 Elo 1855 (-13),36,https://badmintonranks.com/tournament?id=10803,5,BWF World Championships 2022
2022-08-24,Round 2,MD,LEE Yang / WANG C.. (4) Rank 4 Elo 2070 (+12),21-18 / 15-21 / 21-13,LEE Jhe-.. / YANG Po-.. Rank 40 Elo 1849 (-14),48,https://badmintonranks.com/tournament?id=10803,5,BWF World Championships 2022
2022-08-24,Round 2,MD,Aaron CH.. / SOH Wo.. (6) Rank 6 Elo 2117 (+11),22-20 / 21-18,LU Ching.. / YANG Po .. Rank 23 Elo 1880 (-13),42,https://badmintonranks.com/tournament?id=10803,5,BWF World Championships 2022
2022-08-24,Round 2,XD,Mark LA.. / Isabel LO.. (9) Rank 12 Elo 1970 (+12),15-21 / 21-13 / 21-18,Hiroki MI.. / Natsu SAI.. Rank 59 Elo 1749 (-16),58,https://badmintonranks.com/tournament?id=10803,5,BWF World Championships 2022
2022-08-24,Round 2,WD,ZHANG .. / ZHENG .. (11) Rank 13 Elo 2048 (+5),21-14 / 21-17,Julie MA.. / Ciara TOR.. Rank 47 Elo 1632 (-9),39,https://badmintonranks.com/tournament?id=10803,5,BWF World Championships 2022
2022-08-24,Round 2,MD,Takuro H.. / Yugo KO.. (2) Rank 2 Elo 2205 (+3),21-17 / 21-12,Fabien D.. / William VI.. Rank 39 Elo 1694 (-4),42,https://badmintonranks.com/tournament?id=10803,5,BWF World Championships 2022
2022-08-24,Round 2,WD,Nami MA.. / Chiharu .. (5) Rank 5 Elo 2265 (+3),21-17 / 21-9,Catherine.. / Josephine.. Rank 56 Elo 1759 (-4),33,https://badmintonranks.com/tournament?id=10803,5,BWF World Championships 2022
2022-08-24,Round 2,MS,LEE Zii Jia (5) Rank 5 Elo 2402 (+1),21-9 / 21-13,Bernardo ATILANO Rank 138 Elo 1680 (-1),36,https://badmintonranks.com/tournament?id=10803,5,BWF World Championships 2022
2022-08-24,Round 2,WS,VU Thi Trang Rank 80 Elo 1755 (+63),21-18 / 16-21 / 21-18,Mia BLICHFELDT (15) Rank 15 Elo 2062 (-46),66,https://badmintonranks.com/tournament?id=10803,5,BWF World Championships 2022
2022-08-24,Round 2,WD,Gabriela .. / Stefani S.. (8) Rank 9 Elo 1945 (+24),21-13 / 21-9,BAEK Ha.. / LEE Yu Lim Rank 39 Elo 1893 (-25),34,https://badmintonranks.com/tournament?id=10803,5,BWF World Championships 2022
2022-08-24,Round 2,MS,Kenta NISHIMOTO Rank 21 Elo 2133 (+7),14-21 / 21-7 / 21-13,Felix BURESTEDT Rank 63 Elo 1820 (-9),73,https://badmintonranks.com/tournament?id=10803,6,BWF World Championships 2022
2022-08-24,Round 2,WD,Rin IWAN.. / Kie NAK.. (15) Rank 21 Elo 1934 (+17),23-21 / 21-15,Debora JI.. / Cheryl SEI.. Rank 38 Elo 1785 (-21),43,https://badmintonranks.com/tournament?id=10803,6,BWF World Championships 2022
2022-08-24,Round 2,WS,CHEN Yu Fei (4) Rank 4 Elo 2522 (+1),21-17 / 21-15,Soniia CHEAH Rank 40 Elo 1829 (-1),41,https://badmintonranks.com/tournament?id=10803,6,BWF World Championships 2022
2022-08-24,Round 2,MD,Akira KO.. / Taichi SA.. (16) Rank 22 Elo 1913 (+18),21-17 / 19-21 / 21-15,Keiichiro .. / Yoshinori .. Rank 34 Elo 1782 (-23),75,https://badmintonranks.com/tournament?id=10803,6,BWF World Championships 2022
2022-08-24,Round 2,WD,Mayu MA.. / Wakana .. (6) Rank 6 Elo 2102 (+8),21-17 / 21-18,Benyapa .. / Nuntakarn.. Rank 29 Elo 1810 (-10),41,https://badmintonranks.com/tournament?id=10803,6,BWF World Championships 2022
2022-08-24,Round 2,WS,Pornpawee CHOCHU.. (10) Rank 10 Elo 2200 (+10),18-21 / 21-16 / 21-10,SIM Yu Jin Rank 42 Elo 1955 (-11),60,https://badmintonranks.com/tournament?id=10803,6,BWF World Championships 2022
2022-08-24,Round 2,MS,NG Ka Long Angus (10) Rank 11 Elo 2142 (+5),21-16 / 21-9,WONG Wing Ki Vincent Rank 67 Elo 1750 (-7),37,https://badmintonranks.com/tournament?id=10803,6,BWF World Championships 2022
2022-08-24,Round 2,XD,GOH Soo.. / LAI Shev.. (11) Rank 14 Elo 1963 (+10),21-13 / 21-18,Gregory .. / Jenny MAI.. Rank 78 Elo 1690 (-15),33,https://badmintonranks.com/tournament?id=10803,6,BWF World Championships 2022
2022-08-24,Round 2,MD,Fajar ALF.. / Muhamm.. (5) Rank 5 Elo 2219 (+3),21-13 / 21-10,Hiroki OK.. / Masayuki .. Rank 52 Elo 1703 (-4),34,https://badmintonranks.com/tournament?id=10803,6,BWF World Championships 2022
2022-08-24,Round 2,XD,Dechapol.. / Sapsiree .. (2) Rank 1 Elo 2337 (+1),21-11 / 21-18,CHOI Sol.. / SHIN Seu.. Rank 99 Elo 1718 (-2),33,https://badmintonranks.com/tournament?id=10803,6,BWF World Championships 2022
2022-08-24,Round 2,MD,GOH Sze.. / Nur IZZU.. (11) Rank 12 Elo 2005 (+5),21-13 / 21-12,Joshua M.. / Paul REY.. Rank 64 Elo 1585 (-9),32,https://badmintonranks.com/tournament?id=10803,6,BWF World Championships 2022
2022-08-24,Round 2,MD,Marcus G.. / Kevin SU.. (1) Rank 1 Elo 2224 (+1),21-14 / 21-13,Jaromir J.. / Tomáš ŠV.. Rank 105 Elo 1533 (-3),25,https://badmintonranks.com/tournament?id=10803,6,BWF World Championships 2022
2022-08-24,Round 2,MS,LOH Kean Yew (8) Rank 8 Elo 2227 (+13),21-12 / 11-21 / 21-12,Kevin CORDON Rank 41 Elo 2039 (-13),49,https://badmintonranks.com/tournament?id=10803,6,BWF World Championships 2022
2022-08-24,Round 2,XD,Yuta WAT.. / Arisa IGA.. (3) Rank 3 Elo 2249 (+1),21-12 / 21-7,Alexande.. / Ciara TOR.. Rank 120 Elo 1608 (-2),30,https://badmintonranks.com/tournament?id=10803,6,BWF World Championships 2022
2022-08-24,Round 2,WD,Jongkolp.. / Rawinda .. (7) Rank 8 Elo 1941 (+24),21-15 / 10-21 / 21-15,Siti Fadia.. / Ribka SU.. Rank 28 Elo 1888 (-25),58,https://badmintonranks.com/tournament?id=10803,6,BWF World Championships 2022
2022-08-24,Round 2,MS,Kunlavut VITIDSARN (16) Rank 17 Elo 2278 (+13),21-18 / 21-11,Kodai NARAOKA Rank 31 Elo 2090 (-13),70,https://badmintonranks.com/tournament?id=10803,6,BWF World Championships 2022
2022-08-24,Round 2,MD,Hendra S.. / Mohamm.. (3) Rank 3 Elo 2049 (+7),21-15 / 21-16,Lucas C.. / Ronan LA.. Rank 56 Elo 1728 (-11),29,https://badmintonranks.com/tournament?id=10803,6,BWF World Championships 2022
2022-08-24,Round 2,MD,M.R.ARJ.. / DHRUV K.. Rank 35 Elo 1832 (+47),21-17 / 21-16,Kim AST.. / Anders S.. (8) Rank 8 Elo 2004 (-40),40,https://badmintonranks.com/tournament?id=10803,6,BWF World Championships 2022
2022-08-24,Round 2,XD,Robin TA.. / Selena PI.. (15) Rank 21 Elo 1912 (+17),21-19 / 21-16,Zacharia.. / Hediana J.. Rank 52 Elo 1756 (-21),43,https://badmintonranks.com/tournament?id=10803,6,BWF World Championships 2022
2022-08-24,Round 2,MD,Ben LANE / Sean VE.. (14) Rank 18 Elo 1860 (+14),21-15 / 21-10,Bjarne G.. / Jan Colin .. Rank 70 Elo 1639 (-22),32,https://badmintonranks.com/tournament?id=10803,6,BWF World Championships 2022
2022-08-24,Round 2,MD,HEE Yon.. / LOH Kean.. Rank 41 Elo 1867 (+40),22-20 / 22-20,ONG Yew.. / TEO Ee .. (9) Rank 10 Elo 1984 (-37),40,https://badmintonranks.com/tournament?id=10803,7,BWF World Championships 2022
2022-08-24,Round 2,WD,CHEN Qi.. / JIA Yi Fan (1) Rank 1 Elo 2284 (+2),21-15 / 21-10,Ashwini P.. / REDDY Si.. Rank 25 Elo 1685 (-3),42,https://badmintonranks.com/tournament?id=10803,7,BWF World Championships 2022
2022-08-24,Round 2,MD,Mark LA.. / Marvin S.. (12) Rank 13 Elo 1929 (+13),21-10 / 21-13,Christoph.. / Matthew .. Rank 53 Elo 1712 (-18),32,https://badmintonranks.com/tournament?id=10803,7,BWF World Championships 2022
2022-08-24,Round 2,WD,Maiken F.. / Sara THY.. (12) Rank 16 Elo 1761 (+37),21-17 / 21-13,YEUNG .. / YEUNG P.. Rank 60 Elo 1773 (-37),41,https://badmintonranks.com/tournament?id=10803,7,BWF World Championships 2022
2022-08-24,Round 2,WD,LEE So H.. / SHIN Se.. (3) Rank 3 Elo 2090 (+2),21-15 / 21-7,Pooja DA.. / SANJANA.. Rank 95 Elo 1579 (-7),33,https://badmintonranks.com/tournament?id=10803,7,BWF World Championships 2022
2022-08-24,Round 2,WS,Ratchanok INTANON (8) Rank 8 Elo 2366 (+8),21-17 / 21-17,Lalinrat CHAIWAN Rank 20 Elo 2079 (-9),35,https://badmintonranks.com/tournament?id=10803,7,BWF World Championships 2022
2022-08-24,Round 2,WD,Vivian H.. / LIM Chiew.. Rank 35 Elo 1748 (+0),W.O.,Rachel H.. / Kristen TS.. Rank 23 Elo 1884 (-3),0,https://badmintonranks.com/tournament?id=10803,7,BWF World Championships 2022
2022-08-24,Round 2,WS,Michelle LI (13) Rank 13 Elo 2038 (+8),21-19 / 21-13,YIP Pui Yin Rank 87 Elo 1733 (-11),58,https://badmintonranks.com/tournament?id=10803,7,BWF World Championships 2022
2022-08-24,Round 2,XD,Thom GI.. / Delphine .. (7) Rank 9 Elo 2083 (+8),10-21 / 25-23 / 21-16,YANG Po.. / HU Ling F.. Rank 34 Elo 1785 (-10),71,https://badmintonranks.com/tournament?id=10803,7,BWF World Championships 2022
2022-08-23,Round 2,WS,Akane YAMAGUCHI (1) Rank 1 Elo 2360 (+12),21-12 / 21-15,Gregoria Mariska TUNJ.. Rank 24 Elo 2140 (-12),34,https://badmintonranks.com/tournament?id=10803,7,BWF World Championships 2022
2022-08-23,Round 2,XD,ZHENG .. / HUANG .. (1) Rank 2 Elo 2444 (+1),21-11 / 21-12,Ties VAN .. / Debora JI.. Rank 77 Elo 1694 (-1),24,https://badmintonranks.com/tournament?id=10803,7,BWF World Championships 2022
2022-08-23,Round 2,WS,HE Bing Jiao (9) Rank 9 Elo 2325 (+5),21-13 / 21-7,Iris WANG Rank 32 Elo 1942 (-6),32,https://badmintonranks.com/tournament?id=10803,7,BWF World Championships 2022
2022-08-23,Round 2,XD,SEO Seu.. / CHAE Yu.. (5) Rank 6 Elo 2077 (+6),21-13 / 21-10,Fabricio .. / Jaqueline .. Rank 60 Elo 1711 (-9),25,https://badmintonranks.com/tournament?id=10803,7,BWF World Championships 2022
2022-08-23,Round 2,XD,Rehan N.. / Lisa Ayu K.. Rank 44 Elo 1795 (+28),21-14 / 21-15,CHANG .. / NG Wing .. (16) Rank 24 Elo 1727 (-31),33,https://badmintonranks.com/tournament?id=10803,7,BWF World Championships 2022
2022-08-23,Round 2,XD,Supak JO.. / Supissar.. (14) Rank 20 Elo 1997 (+8),21-14 / 21-17,Ishaan B.. / Tanisha C.. Rank 41 Elo 1684 (-12),31,https://badmintonranks.com/tournament?id=10803,7,BWF World Championships 2022
2022-08-23,Round 2,WS,WANG Zhi Yi (11) Rank 11 Elo 2307 (+4),21-15 / 21-14,Line CHRISTOPHERSEN Rank 21 Elo 1895 (-5),35,https://badmintonranks.com/tournament?id=10803,7,BWF World Championships 2022
2022-08-23,Round 2,WS,Sayaka TAKAHASHI (14) Rank 14 Elo 2212 (+17),9-21 / 21-16 / 21-13,KIM Ga Eun Rank 19 Elo 2076 (-17),47,https://badmintonranks.com/tournament?id=10803,7,BWF World Championships 2022
2022-08-23,Round 2,XD,Rinov RI.. / Pitha Han.. (13) Rank 18 Elo 1961 (+7),21-15 / 19-21 / 21-8,LEE Yang / YANG Chi.. Rank 62 Elo 1619 (-13),44,https://badmintonranks.com/tournament?id=10803,7,BWF World Championships 2022
2022-08-23,Round 2,XD,WANG Yi.. / HUANG .. (4) Rank 4 Elo 2227 (+7),21-14 / 12-21 / 21-11,CHEN Ta.. / PECK Yen.. Rank 28 Elo 1907 (-8),45,https://badmintonranks.com/tournament?id=10803,7,BWF World Championships 2022
2022-08-23,Round 2,MS,Jonatan CHRISTIE (7) Rank 7 Elo 2207 (+6),21-4 / 21-16,Kai SCHAEFER Rank 81 Elo 1847 (-7),38,https://badmintonranks.com/tournament?id=10803,7,BWF World Championships 2022
2022-08-23,Round 2,XD,Kyohei Y.. / Naru SHI.. Rank 29 Elo 1839 (+45),21-13 / 21-18,Mathias .. / Alexandr.. (10) Rank 13 Elo 1995 (-40),49,https://badmintonranks.com/tournament?id=10803,8,BWF World Championships 2022
2022-08-23,Round 2,XD,TAN Kian.. / LAI Pei Ji.. (8) Rank 11 Elo 1934 (+7),21-6 / 21-5,Misha ZIL.. / Svetlana Z.. Rank 90 Elo 1602 (-15),22,https://badmintonranks.com/tournament?id=10803,8,BWF World Championships 2022
2022-08-23,Round 2,WS,ZHANG Beiwen (16) Rank 16 Elo 1979 (+9),21-8 / 21-14,LéOnice HUET Rank 55 Elo 1682 (-14),26,https://badmintonranks.com/tournament?id=10803,8,BWF World Championships 2022
2022-08-23,Round 2,WS,Carolina MARIN (5) Rank 5 Elo 2350 (+2),21-16 / 21-14,ZHANG Wen Yu Rank 71 Elo 1815 (-3),36,https://badmintonranks.com/tournament?id=10803,8,BWF World Championships 2022
2022-08-23,Round 2,WS,AN Se Young (3) Rank 3 Elo 2437 (+2),21-18 / 21-10,NGUYEN Thuy Linh Rank 60 Elo 1862 (-2),36,https://badmintonranks.com/tournament?id=10803,8,BWF World Championships 2022
2022-08-23,Round 2,WS,Saina NEHWAL Rank 33 Elo 1941 (+0),W.O.,Nozomi OKUHARA Rank 6 Elo 2322 (-4),0,https://badmintonranks.com/tournament?id=10803,8,BWF World Championships 2022
2022-08-23,Round 2,WS,HAN Yue Rank 22 Elo 2059 (+0),W.O.,PUSARLA V. Sindhu Rank 7 Elo 2404 (-4),0,https://badmintonranks.com/tournament?id=10803,8,BWF World Championships 2022
2022-08-23,Round 2,MS,Viktor AXELSEN (1) Rank 1 Elo 2668 (+1),21-19 / 21-10,Mark CALJOUW Rank 28 Elo 2008 (-1),41,https://badmintonranks.com/tournament?id=10803,8,BWF World Championships 2022
2022-08-23,Round 2,MS,Anthony Sinisuka GIN.. (6) Rank 6 Elo 2318 (+3),21-10 / 21-16,Georges Julien PAUL Rank 104 Elo 1819 (-4),29,https://badmintonranks.com/tournament?id=10803,8,BWF World Championships 2022
2022-08-23,Round 2,MS,LEE Cheuk Yiu (14) Rank 15 Elo 2081 (+11),21-17 / 21-12,Jan LOUDA Rank 99 Elo 1849 (-13),35,https://badmintonranks.com/tournament?id=10803,8,BWF World Championships 2022
2022-08-23,Round 2,MS,SHI Yu Qi Rank 25 Elo 2097 (+27),21-13 / 21-16,Rasmus GEMKE (11) Rank 12 Elo 2103 (-27),48,https://badmintonranks.com/tournament?id=10803,8,BWF World Championships 2022
2022-08-23,Round 2,MS,Sitthikom THAMMASIN Rank 33 Elo 2005 (+39),21-9 / 10-21 / 21-19,NG Tze Yong Rank 42 Elo 2163 (-38),70,https://badmintonranks.com/tournament?id=10803,8,BWF World Championships 2022
2022-08-23,Round 2,MS,WANG Tzu Wei (15) Rank 16 Elo 2089 (+33),21-18 / 21-16,LU Guang Zu Rank 24 Elo 2163 (-32),56,https://badmintonranks.com/tournament?id=10803,8,BWF World Championships 2022
2022-08-23,Round 2,MS,CHOU Tien Chen (4) Rank 4 Elo 2258 (+3),21-15 / 21-12,Jason Anthony HO-SHU.. Rank 53 Elo 1793 (-4),36,https://badmintonranks.com/tournament?id=10803,8,BWF World Championships 2022
2022-08-23,Round 1,XD,GUO Xin .. / ZHANG S.. Rank 32 Elo 1790 (+21),21-14 / 21-14,Vinson C.. / Jennie GA.. Rank 72 Elo 1647 (-30),31,https://badmintonranks.com/tournament?id=10803,8,BWF World Championships 2022
2022-08-23,Round 1,MD,Alexande.. / Adam HA.. Rank 36 Elo 1781 (+38),21-10 / 21-12,Job CAS.. / Luis Arma.. Rank 81 Elo 1817 (-36),24,https://badmintonranks.com/tournament?id=10803,8,BWF World Championships 2022
2022-08-23,Round 1,WD,Julie MA.. / Ciara TOR.. Rank 47 Elo 1574 (+58),21-18 / 21-3,Francesc.. / Allison Qu.. Rank 77 Elo 1549 (-63),35,https://badmintonranks.com/tournament?id=10803,8,BWF World Championships 2022
2022-08-23,Round 1,WD,JIN Yu Jia / WONG Jia.. Rank 80 Elo 1703 (+10),21-12 / 21-7,Serena A.. / Katharina .. Rank 109 Elo 1357 (-26),27,https://badmintonranks.com/tournament?id=10803,8,BWF World Championships 2022
2022-08-23,Round 1,WD,BAEK Ha.. / LEE Yu Lim Rank 39 Elo 1877 (+16),21-13 / 21-8,Johanna .. / Clara NIS.. Rank 46 Elo 1693 (-22),34,https://badmintonranks.com/tournament?id=10803,8,BWF World Championships 2022
2022-08-23,Round 1,MD,Fabien D.. / William VI.. Rank 39 Elo 1655 (+39),21-14 / 21-18,Krishna P.. / Vishnuvar.. Rank 48 Elo 1594 (-49),37,https://badmintonranks.com/tournament?id=10803,8,BWF World Championships 2022
2022-08-23,Round 1,MD,Anibal M.. / Jonathan .. Rank 93 Elo 1559 (+60),21-9 / 21-14,Jonathan .. / Dylan SO.. Rank Elo 1526 (-65),24,https://badmintonranks.com/tournament?id=10803,9,BWF World Championships 2022
2022-08-23,Round 1,MD,Jeppe BA.. / Lasse MØ.. Rank 32 Elo 1719 (+35),21-11 / 18-21 / 25-23,Buwanek.. / Sachin DI.. Rank 96 Elo 1678 (-40),55,https://badmintonranks.com/tournament?id=10803,9,BWF World Championships 2022
2022-08-23,Round 1,WD,Margot L.. / Anne TRAN Rank 52 Elo 1626 (+79),21-18 / 21-19,Febriana .. / Amallia C.. Rank 43 Elo 1816 (-49),55,https://badmintonranks.com/tournament?id=10803,9,BWF World Championships 2022
2022-08-23,Round 1,MD,LU Ching.. / YANG Po .. Rank 23 Elo 1873 (+7),21-11 / 21-9,Joan MO.. / Carlos PI.. Rank 109 Elo 1506 (-17),28,https://badmintonranks.com/tournament?id=10803,9,BWF World Championships 2022
2022-08-23,Round 1,MD,LEE Jhe-.. / YANG Po-.. Rank 40 Elo 1818 (+31),21-14 / 21-17,Ruben JI.. / Ties VAN .. Rank 42 Elo 1806 (-32),32,https://badmintonranks.com/tournament?id=10803,9,BWF World Championships 2022
2022-08-23,Round 1,WS,Yvonne LI Rank 26 Elo 1831 (+14),21-10 / 21-10,Doha HANY Rank 92 Elo 1611 (-25),20,https://badmintonranks.com/tournament?id=10803,9,BWF World Championships 2022
2022-08-23,Round 1,WD,Ashwini B.. / Shikha GA.. Rank 53 Elo 1661 (+41),21-8 / 21-14,Martina C.. / Judith MAI.. Rank 84 Elo 1614 (-48),30,https://badmintonranks.com/tournament?id=10803,9,BWF World Championships 2022
2022-08-23,Round 1,XD,Zacharia.. / Hediana J.. Rank 52 Elo 1708 (+48),21-17 / 16-21 / 22-20,Mikkel MI.. / Rikke SØ.. Rank 35 Elo 1765 (-41),69,https://badmintonranks.com/tournament?id=10803,9,BWF World Championships 2022
2022-08-23,Round 1,XD,Alexande.. / Ciara TOR.. Rank 120 Elo 1545 (+63),21-9 / 21-12,Philip BIR.. / Katharina .. Rank 94 Elo 1518 (-69),23,https://badmintonranks.com/tournament?id=10803,9,BWF World Championships 2022
2022-08-23,Round 1,XD,Hiroki MI.. / Natsu SAI.. Rank 59 Elo 1719 (+30),21-14 / 21-13,Fabien D.. / Vimala HE.. Rank 75 Elo 1627 (-38),40,https://badmintonranks.com/tournament?id=10803,9,BWF World Championships 2022
2022-08-23,Round 1,WS,Saina NEHWAL Rank 33 Elo 1922 (+19),21-19 / 21-9,CHEUNG Ngan Yi Rank 50 Elo 1802 (-22),38,https://badmintonranks.com/tournament?id=10803,9,BWF World Championships 2022
2022-08-23,Round 1,WD,Catherine.. / Josephine.. Rank 56 Elo 1742 (+17),22-20 / 21-12,Flavie VA.. / Emilie VE.. Rank 106 Elo 1517 (-32),34,https://badmintonranks.com/tournament?id=10803,9,BWF World Championships 2022
2022-08-23,Round 1,MD,Joshua M.. / Paul REY.. Rank 64 Elo 1461 (+124),21-18 / 21-19,Fabricio .. / Francielto.. Rank 84 Elo 1619 (-77),35,https://badmintonranks.com/tournament?id=10803,9,BWF World Championships 2022
2022-08-23,Round 1,WS,Lalinrat CHAIWAN Rank 20 Elo 2068 (+11),21-18 / 21-13,PAI Yu Po Rank 38 Elo 1835 (-13),42,https://badmintonranks.com/tournament?id=10803,9,BWF World Championships 2022
2022-08-23,Round 1,WD,Anna Chi.. / TEOH Mei.. Rank 33 Elo 1873 (+22),21-13 / 21-15,Stine KU.. / Emma MO.. Rank 68 Elo 1766 (-25),39,https://badmintonranks.com/tournament?id=10803,9,BWF World Championships 2022
2022-08-23,Round 1,WS,Soniia CHEAH Rank 40 Elo 1780 (+49),21-19 / 21-18,Putri Kusuma WARDANI Rank 44 Elo 1930 (-40),41,https://badmintonranks.com/tournament?id=10803,9,BWF World Championships 2022
2022-08-23,Round 1,WS,YIP Pui Yin Rank 87 Elo 1671 (+62),21-14 / 22-20,Lianne TAN Rank 37 Elo 1800 (-45),39,https://badmintonranks.com/tournament?id=10803,9,BWF World Championships 2022
2022-08-23,Round 1,XD,Gregory .. / Jenny MAI.. Rank 78 Elo 1664 (+26),21-10 / 23-21,Venkat G.. / Juhi DEW.. Rank 57 Elo 1495 (-44),28,https://badmintonranks.com/tournament?id=10803,9,BWF World Championships 2022
2022-08-23,Round 1,WS,VU Thi Trang Rank 80 Elo 1707 (+48),21-10 / 21-17,KISONA Selvaduray Rank 54 Elo 1766 (-42),37,https://badmintonranks.com/tournament?id=10803,9,BWF World Championships 2022
2022-08-23,Round 1,WS,Martina REPISKA Rank 78 Elo 1551 (+94),21-16 / 12-21 / 21-17,Maria ULITINA Rank 58 Elo 1697 (-60),55,https://badmintonranks.com/tournament?id=10803,9,BWF World Championships 2022
2022-08-23,Round 1,XD,YANG Po.. / HU Ling F.. Rank 34 Elo 1741 (+44),21-13 / 21-16,Adam HA.. / Julie MAC.. Rank 39 Elo 1802 (-39),25,https://badmintonranks.com/tournament?id=10803,10,BWF World Championships 2022
2022-08-23,Round 1,XD,CHOI Sol.. / SHIN Seu.. Rank 99 Elo 1650 (+68),21-19 / 21-12,Jones Ra.. / Linda EFL.. Rank 38 Elo 1793 (-47),44,https://badmintonranks.com/tournament?id=10803,10,BWF World Championships 2022
2022-08-23,Round 1,WD,Treesa J.. / GAYATRI .. Rank 37 Elo 1840 (+15),21-11 / 21-13,LOW Yee.. / Valeree SI.. Rank 64 Elo 1651 (-24),31,https://badmintonranks.com/tournament?id=10803,10,BWF World Championships 2022
2022-08-22,Round 1,MS,Kento MOMOTA (2) Rank 2 Elo 2263 (+2),21-16 / 21-14,Lino MUNOZ Rank 82 Elo 1729 (-4),37,https://badmintonranks.com/tournament?id=10803,10,BWF World Championships 2022
2022-08-22,Round 1,WD,Siti Fadia.. / Ribka SU.. Rank 28 Elo 1882 (+6),21-14 / 21-8,CHANG .. / YANG Chi.. Rank 75 Elo 1501 (-16),31,https://badmintonranks.com/tournament?id=10803,10,BWF World Championships 2022
2022-08-22,Round 1,WD,Debora JI.. / Cheryl SEI.. Rank 38 Elo 1777 (+8),21-13 / 21-14,Mariia ST.. / Yelyzaveta.. Rank 63 Elo 1426 (-22),34,https://badmintonranks.com/tournament?id=10803,10,BWF World Championships 2022
2022-08-22,Round 1,MS,LOH Kean Yew (8) Rank 8 Elo 2221 (+6),21-12 / 21-12,Pablo ABIAN Rank 58 Elo 1843 (-6),29,https://badmintonranks.com/tournament?id=10803,10,BWF World Championships 2022
2022-08-22,Round 1,MD,HEE Yon.. / LOH Kean.. Rank 41 Elo 1850 (+17),21-17 / 21-18,Christo P.. / Toma Juni.. Rank 28 Elo 1675 (-24),34,https://badmintonranks.com/tournament?id=10803,10,BWF World Championships 2022
2022-08-22,Round 1,MS,PRANNOY H. S. Rank 18 Elo 2208 (+2),21-12 / 21-11,Luka WRABER Rank 94 Elo 1572 (-3),34,https://badmintonranks.com/tournament?id=10803,10,BWF World Championships 2022
2022-08-22,Round 1,MS,ZHAO Jun Peng Rank 23 Elo 2123 (+0),W.O.,Anuoluwapo Juwon OP.. Rank 114 Elo 1911 (-0),0,https://badmintonranks.com/tournament?id=10803,10,BWF World Championships 2022
2022-08-22,Round 1,MS,KIDAMBI Srikanth (12) Rank 13 Elo 2179 (+11),22-20 / 21-19,Nhat NGUYEN Rank 39 Elo 1945 (-11),51,https://badmintonranks.com/tournament?id=10803,10,BWF World Championships 2022
2022-08-22,Round 1,MS,WONG Wing Ki Vincent Rank 67 Elo 1708 (+42),15-21 / 22-20 / 21-11,Julien CARRAGGI Rank 113 Elo 1715 (-41),57,https://badmintonranks.com/tournament?id=10803,10,BWF World Championships 2022
2022-08-22,Round 1,WS,Iris WANG Rank 32 Elo 1936 (+6),21-5 / 21-13,Ksenia POLIKARPOVA Rank 81 Elo 1554 (-13),30,https://badmintonranks.com/tournament?id=10803,10,BWF World Championships 2022
2022-08-22,Round 1,WD,Benyapa .. / Nuntakarn.. Rank 29 Elo 1799 (+11),21-14 / 21-9,Kati-Kree.. / Helina RÜ.. Rank 54 Elo 1511 (-25),26,https://badmintonranks.com/tournament?id=10803,10,BWF World Championships 2022
2022-08-22,Round 1,WD,LIU Xuan.. / XIA Yu Tin.. Rank 24 Elo 1816 (+11),21-7 / 21-7,Jaqueline.. / Samia LIM.. Rank 61 Elo 1550 (-24),26,https://badmintonranks.com/tournament?id=10803,10,BWF World Championships 2022
2022-08-22,Round 1,MD,Lucas C.. / Ronan LA.. Rank 56 Elo 1668 (+60),21-11 / 21-13,Adham H.. / Ahmed SA.. Rank 85 Elo 1771 (-46),23,https://badmintonranks.com/tournament?id=10803,10,BWF World Championships 2022
2022-08-22,Round 1,MS,Luís Enrique PEÑALVER Rank 74 Elo 1780 (+27),21-11 / 21-15,Daniel NIKOLOV Rank 117 Elo 1708 (-33),34,https://badmintonranks.com/tournament?id=10803,10,BWF World Championships 2022
2022-08-22,Round 1,MS,Jan LOUDA Rank 99 Elo 1807 (+42),21-6 / 19-21 / 21-17,Misha ZILBERMAN Rank 47 Elo 1903 (-38),57,https://badmintonranks.com/tournament?id=10803,10,BWF World Championships 2022
2022-08-22,Round 1,WD,Pooja DA.. / SANJANA.. Rank 95 Elo 1500 (+79),21-6 / 10-21 / 21-14,Ines Luci.. / Paula LA .. Rank 100 Elo 1500 (-79),45,https://badmintonranks.com/tournament?id=10803,10,BWF World Championships 2022
2022-08-22,Round 1,XD,CHEN Ta.. / PECK Yen.. Rank 28 Elo 1905 (+2),21-8 / 19-2 Ret.,Mathew F.. / Isabel ZH.. Rank 118 Elo 1500 (-6),16,https://badmintonranks.com/tournament?id=10803,10,BWF World Championships 2022
2022-08-22,Round 1,MS,Georges Julien PAUL Rank 104 Elo 1804 (+15),21-16 / 21-16,Luis Armando MONTOY.. Rank 124 Elo 1584 (-26),28,https://badmintonranks.com/tournament?id=10803,11,BWF World Championships 2022
2022-08-22,Round 1,MS,NG Ka Long Angus (10) Rank 11 Elo 2127 (+15),21-15 / 23-21,HEO Kwang Hee Rank 32 Elo 1965 (-16),40,https://badmintonranks.com/tournament?id=10803,11,BWF World Championships 2022
2022-08-22,Round 1,MD,M.R.ARJ.. / DHRUV K.. Rank 35 Elo 1798 (+34),21-17 / 17-21 / 22-20,Supak JO.. / Kittinupon.. Rank 33 Elo 1802 (-34),65,https://badmintonranks.com/tournament?id=10803,11,BWF World Championships 2022
2022-08-22,Round 1,MS,Lakshya SEN (9) Rank 10 Elo 2262 (+12),21-12 / 21-11,Hans-Kristian Solberg VI.. Rank 19 Elo 2044 (-12),35,https://badmintonranks.com/tournament?id=10803,11,BWF World Championships 2022
2022-08-22,Round 1,MS,LEE Zii Jia (5) Rank 5 Elo 2399 (+3),21-9 / 21-13,Brice LEVERDEZ Rank 40 Elo 1927 (-3),39,https://badmintonranks.com/tournament?id=10803,11,BWF World Championships 2022
2022-08-22,Round 1,MS,Kevin CORDON Rank 41 Elo 2032 (+7),21-18 / 21-17,Niluka KARUNARATNE Rank 122 Elo 1723 (-11),37,https://badmintonranks.com/tournament?id=10803,11,BWF World Championships 2022
2022-08-22,Round 1,MS,LEE Cheuk Yiu (14) Rank 15 Elo 2075 (+6),21-19 / 21-13,Abhinav MANOTA Rank 105 Elo 1708 (-9),31,https://badmintonranks.com/tournament?id=10803,11,BWF World Championships 2022
2022-08-22,Round 1,MS,Kodai NARAOKA Rank 31 Elo 2085 (+5),21-12 / 21-17,DANYLO BOSNIUK Rank 98 Elo 1715 (-8),45,https://badmintonranks.com/tournament?id=10803,11,BWF World Championships 2022
2022-08-22,Round 1,MD,Christoph.. / Matthew .. Rank 53 Elo 1677 (+35),21-19 / 21-16,Ondřej K.. / Adam ME.. Rank 97 Elo 1599 (-45),43,https://badmintonranks.com/tournament?id=10803,11,BWF World Championships 2022
2022-08-22,Round 1,WS,KIM Ga Eun Rank 19 Elo 2048 (+28),21-13 / 21-7,Line Højmark KJAERSF.. Rank 25 Elo 2057 (-28),33,https://badmintonranks.com/tournament?id=10803,11,BWF World Championships 2022
2022-08-22,Round 1,MS,Kunlavut VITIDSARN (16) Rank 17 Elo 2272 (+6),21-17 / 21-10,Tommy SUGIARTO Rank 34 Elo 1917 (-7),52,https://badmintonranks.com/tournament?id=10803,11,BWF World Championships 2022
2022-08-22,Round 1,MS,Kenta NISHIMOTO Rank 21 Elo 2098 (+35),21-15 / 21-19,Anders ANTONSEN (3) Rank 3 Elo 2197 (-33),61,https://badmintonranks.com/tournament?id=10803,11,BWF World Championships 2022
2022-08-22,Round 1,WD,Vivian H.. / LIM Chiew.. Rank 35 Elo 1701 (+47),21-17 / 21-15,Linda EF.. / Isabel LO.. Rank 26 Elo 1744 (-42),45,https://badmintonranks.com/tournament?id=10803,11,BWF World Championships 2022
2022-08-22,Round 1,MS,WANG Tzu Wei (15) Rank 16 Elo 2078 (+11),21-8 / 21-6,NGUYEN Tien Minh Rank 91 Elo 1844 (-13),28,https://badmintonranks.com/tournament?id=10803,11,BWF World Championships 2022
2022-08-22,Round 1,WS,ZHANG Wen Yu Rank 71 Elo 1793 (+22),21-7 / 11-21 / 21-19,THET Htar Thuzar Rank 73 Elo 1669 (-30),39,https://badmintonranks.com/tournament?id=10803,11,BWF World Championships 2022
2022-08-22,Round 1,MS,Felix BURESTEDT Rank 63 Elo 1785 (+35),21-9 / 21-9,Adham Hatem ELGAMA.. Rank 107 Elo 1788 (-35),29,https://badmintonranks.com/tournament?id=10803,11,BWF World Championships 2022
2022-08-22,Round 1,MS,Kai SCHAEFER Rank 81 Elo 1807 (+40),21-19 / 21-18,Kantaphon WANGCHA.. Rank 22 Elo 1883 (-36),50,https://badmintonranks.com/tournament?id=10803,11,BWF World Championships 2022
2022-08-22,Round 1,MS,LU Guang Zu Rank 24 Elo 2154 (+9),21-9 / 13-21 / 21-14,Toby PENTY Rank 52 Elo 1889 (-11),61,https://badmintonranks.com/tournament?id=10803,11,BWF World Championships 2022
2022-08-22,Round 1,MD,Hiroki OK.. / Masayuki .. Rank 52 Elo 1671 (+32),21-11 / 19-21 / 21-15,ATTRI M.. / REDDY B... Rank 57 Elo 1558 (-45),62,https://badmintonranks.com/tournament?id=10803,11,BWF World Championships 2022
2022-08-22,Round 1,WS,LéOnice HUET Rank 55 Elo 1586 (+96),21-18 / 21-16,Kristin KUUBA Rank 46 Elo 1824 (-52),45,https://badmintonranks.com/tournament?id=10803,11,BWF World Championships 2022
2022-08-22,Round 1,MS,Jason Anthony HO-SHU.. Rank 53 Elo 1772 (+21),21-11 / 21-18,Howard SHU Rank 134 Elo 1627 (-32),33,https://badmintonranks.com/tournament?id=10803,12,BWF World Championships 2022
2022-08-22,Round 1,MS,Mark CALJOUW Rank 28 Elo 1991 (+17),21-13 / 21-14,Jia Heng Jason TEH Rank 86 Elo 1846 (-19),33,https://badmintonranks.com/tournament?id=10803,12,BWF World Championships 2022
2022-08-22,Round 1,MS,Viktor AXELSEN (1) Rank 1 Elo 2667 (+1),21-16 / 21-12,LIEW Daren Rank 29 Elo 1985 (-1),42,https://badmintonranks.com/tournament?id=10803,12,BWF World Championships 2022
2022-08-22,Round 1,WS,Line CHRISTOPHERSEN Rank 21 Elo 1874 (+21),21-14 / 21-12,Malvika BANSOD Rank 47 Elo 1761 (-25),27,https://badmintonranks.com/tournament?id=10803,12,BWF World Championships 2022
2022-08-22,Round 1,MS,SHI Yu Qi Rank 25 Elo 2087 (+10),22-20 / 21-10,Ade Resky DWICAHYO Rank 80 Elo 1811 (-11),33,https://badmintonranks.com/tournament?id=10803,12,BWF World Championships 2022
2022-08-22,Round 1,WS,NGUYEN Thuy Linh Rank 60 Elo 1813 (+49),12-21 / 21-19 / 21-11,Aya OHORI Rank 27 Elo 2002 (-42),61,https://badmintonranks.com/tournament?id=10803,12,BWF World Championships 2022
2022-08-22,Round 1,XD,Ties VAN .. / Debora JI.. Rank 77 Elo 1613 (+81),17-21 / 21-10 / 21-10,Jonathan .. / Diana CO.. Rank 64 Elo 1792 (-50),43,https://badmintonranks.com/tournament?id=10803,12,BWF World Championships 2022
2022-08-22,Round 1,MS,CHOU Tien Chen (4) Rank 4 Elo 2251 (+7),21-15 / 15-21 / 21-15,SAI PRANEETH B. Rank 20 Elo 1931 (-8),64,https://badmintonranks.com/tournament?id=10803,12,BWF World Championships 2022
2022-08-22,Round 1,XD,Ishaan B.. / Tanisha C.. Rank 41 Elo 1645 (+39),21-12 / 21-13,Patrick V.. / Franziska .. Rank 70 Elo 1574 (-50),29,https://badmintonranks.com/tournament?id=10803,12,BWF World Championships 2022
2022-08-22,Round 1,WS,Gregoria Mariska TUNJ.. Rank 24 Elo 2120 (+20),24-22 / 21-7,Kirsty GILMOUR Rank 17 Elo 2032 (-21),32,https://badmintonranks.com/tournament?id=10803,12,BWF World Championships 2022
2022-08-22,Round 1,XD,Kyohei Y.. / Naru SHI.. Rank 29 Elo 1815 (+24),21-13 / 21-17,William V.. / Anne TRAN Rank 55 Elo 1720 (-29),52,https://badmintonranks.com/tournament?id=10803,12,BWF World Championships 2022
2022-08-22,Round 1,MS,Jonatan CHRISTIE (7) Rank 7 Elo 2191 (+16),21-9 / 21-11,Toma Junior POPOV Rank 27 Elo 2046 (-16),34,https://badmintonranks.com/tournament?id=10803,12,BWF World Championships 2022
2022-08-22,Round 1,MS,Rasmus GEMKE (11) Rank 12 Elo 2095 (+8),21-10 / 21-18,Kalle KOLJONEN Rank 69 Elo 1800 (-10),45,https://badmintonranks.com/tournament?id=10803,12,BWF World Championships 2022
2022-08-22,Round 1,XD,Fabricio .. / Jaqueline .. Rank 60 Elo 1666 (+45),15-21 / 21-13 / 21-16,Anton KA.. / Alžběta B.. Rank 79 Elo 1654 (-47),41,https://badmintonranks.com/tournament?id=10803,12,BWF World Championships 2022
2022-08-22,Round 1,MD,Jaromir J.. / Tomáš ŠV.. Rank 105 Elo 1443 (+90),21-14 / 26-24,Glib BEK.. / Mykhaylo .. Rank 120 Elo 1438 (-91),38,https://badmintonranks.com/tournament?id=10803,12,BWF World Championships 2022
2022-08-22,Round 1,XD,Rehan N.. / Lisa Ayu K.. Rank 44 Elo 1758 (+37),21-14 / 21-9,LEE Jhe-.. / HSU Ya C.. Rank 25 Elo 1763 (-36),25,https://badmintonranks.com/tournament?id=10803,12,BWF World Championships 2022
2022-08-22,Round 1,MD,Bjarne G.. / Jan Colin .. Rank 70 Elo 1580 (+59),21-17 / 22-20,Torjus FL.. / Vegard RI.. Rank 62 Elo 1569 (-62),36,https://badmintonranks.com/tournament?id=10803,12,BWF World Championships 2022
2022-08-22,Round 1,MD,Keiichiro .. / Yoshinori .. Rank 34 Elo 1757 (+25),21-12 / 21-7,KANG Mi.. / KIM Jae H.. Rank 65 Elo 1642 (-34),37,https://badmintonranks.com/tournament?id=10803,12,BWF World Championships 2022
2022-08-22,Round 1,WD,YEUNG .. / YEUNG P.. Rank 60 Elo 1767 (+6),21-7 / 21-8,Kate FR.. / Moya RYA.. Rank 82 Elo 1349 (-18),24,https://badmintonranks.com/tournament?id=10803,12,BWF World Championships 2022
2022-08-22,Round 1,WS,HAN Yue Rank 22 Elo 2049 (+10),21-14 / 21-15,QI Xuefei Rank 43 Elo 1777 (-12),35,https://badmintonranks.com/tournament?id=10803,12,BWF World Championships 2022
2022-08-22,Round 1,WS,SIM Yu Jin Rank 42 Elo 1955 (+0),W.O.,YEO Jia Min Rank 18 Elo 2033 (-0),0,https://badmintonranks.com/tournament?id=10803,13,BWF World Championships 2022
2022-08-22,Round 1,MS,Anthony Sinisuka GIN.. (6) Rank 6 Elo 2315 (+3),13-21 / 21-15 / 21-12,Ygor COELHO Rank 51 Elo 1850 (-4),53,https://badmintonranks.com/tournament?id=10803,13,BWF World Championships 2022
2022-08-22,Round 1,MS,Sitthikom THAMMASIN Rank 33 Elo 1962 (+43),13-21 / 21-16 / 21-13,Kanta TSUNEYAMA (13) Rank 14 Elo 2167 (-40),76,https://badmintonranks.com/tournament?id=10803,13,BWF World Championships 2022
2022-08-22,Round 1,XD,Misha ZIL.. / Svetlana Z.. Rank 90 Elo 1472 (+130),16-21 / 21-18 / 21-11,Adham H.. / Doha HAN.. Rank 51 Elo 1678 (-69),36,https://badmintonranks.com/tournament?id=10803,13,BWF World Championships 2022
2022-08-22,Round 1,XD,HEE Yon.. / TAN Wei .. Rank 33 Elo 1937 (+0),W.O.,Callum H.. / Jessica P.. Rank 46 Elo 1765 (-0),0,https://badmintonranks.com/tournament?id=10803,13,BWF World Championships 2022
2022-08-22,Round 1,XD,LEE Yang / YANG Chi.. Rank 62 Elo 1619 (+0),W.O.,Sachin DI.. / Thilini HE.. Rank 170 Elo 1676 (-0),0,https://badmintonranks.com/tournament?id=10803,13,BWF World Championships 2022
2022-08-22,Round 1,WD,Ashwini P.. / REDDY Si.. Rank 25 Elo 1661 (+24),21-7 / 21-9,Aminath .. / Fathimath .. Rank 103 Elo 1472 (-43),21,https://badmintonranks.com/tournament?id=10803,13,BWF World Championships 2022
2022-08-22,Round 1,MS,NG Tze Yong Rank 42 Elo 2137 (+26),21-16 / 21-10,Chico Aura DWI WARD.. Rank 35 Elo 2125 (-26),40,https://badmintonranks.com/tournament?id=10803,13,BWF World Championships 2022
2022-08-22,Round 1,MS,Bernardo ATILANO Rank 138 Elo 1680 (+0),W.O.,Max WEISSKIRCHEN Rank 57 Elo 1817 (-0),0,https://badmintonranks.com/tournament?id=10803,13,BWF World Championships 2022
2021-12-19,Final,MS,LOH Kean Yew Rank 22 Elo 2373 (+18),21-15 / 22-20,KIDAMBI Srikanth (12) Rank 14 Elo 2239 (-18),43,https://badmintonranks.com/tournament?id=14012,1,BWF World Championships 2021
2021-12-19,Final,MD,Takuro H.. / Yugo KO.. (5) Rank 4 Elo 2334 (+8),21-12 / 21-18,HE Ji Ting / TAN Qian.. (16) Rank 24 Elo 2018 (-8),38,https://badmintonranks.com/tournament?id=14012,1,BWF World Championships 2021
2021-12-19,Final,WD,CHEN Qi.. / JIA Yi Fan (1) Rank 3 Elo 2318 (+22),21-16 / 21-17,LEE So H.. / SHIN Se.. (2) Rank 4 Elo 2236 (-22),64,https://badmintonranks.com/tournament?id=14012,1,BWF World Championships 2021
2021-12-19,Final,WS,Akane YAMAGUCHI (2) Rank 3 Elo 2503 (+32),21-14 / 21-11,TAI Tzu Ying (1) Rank 1 Elo 2555 (-33),39,https://badmintonranks.com/tournament?id=14012,1,BWF World Championships 2021
2021-12-19,Final,XD,Dechapol.. / Sapsiree .. (2) Rank 1 Elo 2417 (+24),21-13 / 21-14,Yuta WAT.. / Arisa IGA.. (3) Rank 4 Elo 2362 (-24),46,https://badmintonranks.com/tournament?id=14012,1,BWF World Championships 2021
2021-12-18,Semi final,MS,LOH Kean Yew Rank 22 Elo 2340 (+33),23-21 / 21-14,Anders ANTONSEN (3) Rank 3 Elo 2401 (-32),61,https://badmintonranks.com/tournament?id=14012,1,BWF World Championships 2021
2021-12-18,Semi final,MD,HE Ji Ting / TAN Qian.. (16) Rank 24 Elo 1979 (+39),21-16 / 13-21 / 21-15,Kim AST.. / Anders S.. (7) Rank 10 Elo 2092 (-38),58,https://badmintonranks.com/tournament?id=14012,1,BWF World Championships 2021
2021-12-18,Semi final,MS,KIDAMBI Srikanth (12) Rank 14 Elo 2212 (+27),17-21 / 21-14 / 21-17,Lakshya SEN Rank 19 Elo 2195 (-27),69,https://badmintonranks.com/tournament?id=14012,1,BWF World Championships 2021
2021-12-18,Semi final,MD,Takuro H.. / Yugo KO.. (5) Rank 4 Elo 2320 (+14),21-13 / 21-9,ONG Yew.. / TEO Ee .. (9) Rank 12 Elo 2135 (-14),32,https://badmintonranks.com/tournament?id=14012,1,BWF World Championships 2021
2021-12-18,Semi final,WD,LEE So H.. / SHIN Se.. (2) Rank 4 Elo 2208 (+28),21-18 / 21-17,KIM So Y.. / KONG H.. (3) Rank 2 Elo 2203 (-28),69,https://badmintonranks.com/tournament?id=14012,1,BWF World Championships 2021
2021-12-18,Semi final,XD,Yuta WAT.. / Arisa IGA.. (3) Rank 4 Elo 2359 (+3),21-13 / 21-8,Kyohei Y.. / Naru SHI.. Rank 53 Elo 1864 (-4),37,https://badmintonranks.com/tournament?id=14012,1,BWF World Championships 2021
2021-12-18,Semi final,WD,CHEN Qi.. / JIA Yi Fan (1) Rank 3 Elo 2294 (+24),21-15 / 21-12,Mayu MA.. / Wakana .. (4) Rank 5 Elo 2245 (-25),48,https://badmintonranks.com/tournament?id=14012,1,BWF World Championships 2021
2021-12-18,Semi final,XD,Dechapol.. / Sapsiree .. (2) Rank 1 Elo 2406 (+11),15-21 / 21-7 / 21-10,TANG Ch.. / TSE Ying.. (5) Rank 7 Elo 2151 (-10),61,https://badmintonranks.com/tournament?id=14012,1,BWF World Championships 2021
2021-12-18,Semi final,WS,Akane YAMAGUCHI (2) Rank 3 Elo 2501 (+2),21-19 / 21-19,ZHANG Yi Man Rank 46 Elo 1928 (-2),44,https://badmintonranks.com/tournament?id=14012,1,BWF World Championships 2021
2021-12-18,Semi final,WS,TAI Tzu Ying (1) Rank 1 Elo 2542 (+13),21-17 / 13-21 / 21-14,HE Bing Jiao (8) Rank 9 Elo 2331 (-13),57,https://badmintonranks.com/tournament?id=14012,1,BWF World Championships 2021
2021-12-17,Quarter final,MD,Kim AST.. / Anders S.. (7) Rank 10 Elo 2071 (+21),26-28 / 21-13 / 21-9,Mark LA.. / Marvin S.. (12) Rank 16 Elo 1983 (-22),72,https://badmintonranks.com/tournament?id=14012,1,BWF World Championships 2021
2021-12-17,Quarter final,MD,HE Ji Ting / TAN Qian.. (16) Rank 24 Elo 1949 (+30),22-20 / 21-14,GOH V S.. / TAN Wee.. (10) Rank 14 Elo 1957 (-30),40,https://badmintonranks.com/tournament?id=14012,1,BWF World Championships 2021
2021-12-17,Quarter final,WD,LEE So H.. / SHIN Se.. (2) Rank 4 Elo 2199 (+9),19-21 / 21-18 / 21-18,Jongkolp.. / Rawinda .. (6) Rank 9 Elo 1923 (-10),83,https://badmintonranks.com/tournament?id=14012,1,BWF World Championships 2021
2021-12-17,Quarter final,WD,KIM So Y.. / KONG H.. (3) Rank 2 Elo 2196 (+7),21-8 / 21-18,Rin IWAN.. / Kie NAKA.. Rank 34 Elo 1874 (-9),52,https://badmintonranks.com/tournament?id=14012,1,BWF World Championships 2021
2021-12-17,Quarter final,MS,LOH Kean Yew Rank 22 Elo 2328 (+12),21-14 / 21-12,PRANNOY H. S. Rank 32 Elo 2104 (-12),43,https://badmintonranks.com/tournament?id=14012,1,BWF World Championships 2021
2021-12-17,Quarter final,XD,Kyohei Y.. / Naru SHI.. Rank 53 Elo 1810 (+54),21-13 / 17-21 / 21-19,Rodion A.. / Alina DA.. (16) Rank 22 Elo 2025 (-45),67,https://badmintonranks.com/tournament?id=14012,2,BWF World Championships 2021
2021-12-17,Quarter final,MS,Anders ANTONSEN (3) Rank 3 Elo 2389 (+12),12-21 / 21-8 / 11-1 Ret.,LEE Zii Jia (6) Rank 7 Elo 2307 (-12),48,https://badmintonranks.com/tournament?id=14012,2,BWF World Championships 2021
2021-12-17,Quarter final,XD,Yuta WAT.. / Arisa IGA.. (3) Rank 4 Elo 2355 (+4),21-14 / 21-19,Yuki KAN.. / Misaki M.. (13) Rank 18 Elo 1930 (-5),45,https://badmintonranks.com/tournament?id=14012,2,BWF World Championships 2021
2021-12-17,Quarter final,WS,ZHANG Yi Man Rank 46 Elo 1870 (+58),13-21 / 21-13 / 21-15,Ratchanok INTANON (7) Rank 8 Elo 2279 (-50),64,https://badmintonranks.com/tournament?id=14012,2,BWF World Championships 2021
2021-12-17,Quarter final,WS,Akane YAMAGUCHI (2) Rank 3 Elo 2471 (+30),21-7 / 11-21 / 21-10,AN Se Young (5) Rank 4 Elo 2498 (-29),52,https://badmintonranks.com/tournament?id=14012,2,BWF World Championships 2021
2021-12-17,Quarter final,XD,TANG Ch.. / TSE Ying.. (5) Rank 7 Elo 2137 (+14),21-11 / 21-10,Mark LA.. / Isabel LO.. (11) Rank 15 Elo 1956 (-16),33,https://badmintonranks.com/tournament?id=14012,2,BWF World Championships 2021
2021-12-17,Quarter final,MD,Takuro H.. / Yugo KO.. (5) Rank 4 Elo 2317 (+3),21-18 / 21-12,Keiichiro .. / Yoshinori .. Rank 43 Elo 1787 (-4),37,https://badmintonranks.com/tournament?id=14012,2,BWF World Championships 2021
2021-12-17,Quarter final,MD,ONG Yew.. / TEO Ee .. (9) Rank 12 Elo 2097 (+38),12-21 / 21-17 / 21-15,LEE Yang / WANG C.. (3) Rank 3 Elo 2229 (-38),65,https://badmintonranks.com/tournament?id=14012,2,BWF World Championships 2021
2021-12-17,Quarter final,WD,CHEN Qi.. / JIA Yi Fan (1) Rank 3 Elo 2270 (+24),21-13 / 21-17,Nami MA.. / Chiharu .. (7) Rank 7 Elo 2233 (-25),45,https://badmintonranks.com/tournament?id=14012,2,BWF World Championships 2021
2021-12-17,Quarter final,MS,Lakshya SEN Rank 19 Elo 2180 (+15),21-15 / 15-21 / 22-20,ZHAO Jun Peng Rank 42 Elo 2006 (-15),67,https://badmintonranks.com/tournament?id=14012,2,BWF World Championships 2021
2021-12-17,Quarter final,XD,Dechapol.. / Sapsiree .. (2) Rank 1 Elo 2402 (+4),21-15 / 21-13,GOH Soo.. / LAI Shev.. (10) Rank 14 Elo 1956 (-4),44,https://badmintonranks.com/tournament?id=14012,2,BWF World Championships 2021
2021-12-17,Quarter final,MS,KIDAMBI Srikanth (12) Rank 14 Elo 2192 (+20),21-8 / 21-7,Mark CALJOUW Rank 28 Elo 2102 (-21),26,https://badmintonranks.com/tournament?id=14012,2,BWF World Championships 2021
2021-12-17,Quarter final,WS,HE Bing Jiao (8) Rank 9 Elo 2325 (+6),21-16 / 21-18,HAN Yue Rank 30 Elo 1971 (-6),46,https://badmintonranks.com/tournament?id=14012,2,BWF World Championships 2021
2021-12-17,Quarter final,WD,Mayu MA.. / Wakana .. (4) Rank 5 Elo 2234 (+11),21-15 / 21-17,Gabriela .. / Stefani S.. (8) Rank 10 Elo 1975 (-11),41,https://badmintonranks.com/tournament?id=14012,2,BWF World Championships 2021
2021-12-17,Quarter final,WS,TAI Tzu Ying (1) Rank 1 Elo 2527 (+15),21-17 / 21-13,PUSARLA V. Sindhu (6) Rank 7 Elo 2350 (-15),42,https://badmintonranks.com/tournament?id=14012,2,BWF World Championships 2021
2021-12-16,Round 3,MD,Kim AST.. / Anders S.. (7) Rank 10 Elo 2055 (+16),20-22 / 21-14 / 21-11,Vladimir I.. / Ivan SOZ.. (11) Rank 15 Elo 1893 (-17),62,https://badmintonranks.com/tournament?id=14012,2,BWF World Championships 2021
2021-12-16,Round 3,MD,Mark LA.. / Marvin S.. (12) Rank 16 Elo 1977 (+6),21-6 / 21-18,Torjus FL.. / Vegard RI.. Rank 103 Elo 1598 (-12),29,https://badmintonranks.com/tournament?id=14012,2,BWF World Championships 2021
2021-12-16,Round 3,XD,GOH Soo.. / LAI Shev.. (10) Rank 14 Elo 1945 (+11),21-8 / 19-21 / 21-19,YEUNG .. / NG Tsz Ya.. Rank 80 Elo 1685 (-16),51,https://badmintonranks.com/tournament?id=14012,2,BWF World Championships 2021
2021-12-16,Round 3,MS,ZHAO Jun Peng Rank 42 Elo 1981 (+25),21-19 / 19-21 / 21-18,Nhat NGUYEN Rank 51 Elo 1942 (-26),87,https://badmintonranks.com/tournament?id=14012,2,BWF World Championships 2021
2021-12-16,Round 3,MS,Lakshya SEN Rank 19 Elo 2159 (+21),21-13 / 21-8,Kevin CORDON Rank 43 Elo 2071 (-20),32,https://badmintonranks.com/tournament?id=14012,2,BWF World Championships 2021
2021-12-16,Round 3,MS,PRANNOY H. S. Rank 32 Elo 2069 (+35),16-21 / 21-8 / 22-20,Rasmus GEMKE (11) Rank 10 Elo 2169 (-35),76,https://badmintonranks.com/tournament?id=14012,3,BWF World Championships 2021
2021-12-16,Round 3,WS,Akane YAMAGUCHI (2) Rank 3 Elo 2461 (+10),21-15 / 21-18,Sayaka TAKAHASHI (12) Rank 13 Elo 2208 (-10),34,https://badmintonranks.com/tournament?id=14012,3,BWF World Championships 2021
2021-12-16,Round 3,WS,AN Se Young (5) Rank 4 Elo 2494 (+4),17-21 / 22-20 / 21-19,WANG Zhi Yi (14) Rank 17 Elo 2071 (-4),81,https://badmintonranks.com/tournament?id=14012,3,BWF World Championships 2021
2021-12-16,Round 3,MS,LEE Zii Jia (6) Rank 7 Elo 2290 (+17),21-15 / 15-21 / 21-10,Hans-Kristian Solberg VI.. Rank 21 Elo 2161 (-18),58,https://badmintonranks.com/tournament?id=14012,3,BWF World Championships 2021
2021-12-16,Round 3,MS,Anders ANTONSEN (3) Rank 3 Elo 2376 (+13),21-9 / 21-11,LEE Cheuk Yiu (13) Rank 15 Elo 2182 (-14),36,https://badmintonranks.com/tournament?id=14012,3,BWF World Championships 2021
2021-12-16,Round 3,XD,Kyohei Y.. / Naru SHI.. Rank 53 Elo 1759 (+51),17-21 / 21-17 / 21-17,Robin TA.. / Selena PI.. (14) Rank 20 Elo 1900 (-42),67,https://badmintonranks.com/tournament?id=14012,3,BWF World Championships 2021
2021-12-16,Round 3,XD,Dechapol.. / Sapsiree .. (2) Rank 1 Elo 2401 (+1),21-9 / 21-16,Mathias T.. / Mai SURR.. Rank 56 Elo 1711 (-1),35,https://badmintonranks.com/tournament?id=14012,3,BWF World Championships 2021
2021-12-16,Round 3,WD,KIM So Y.. / KONG H.. (3) Rank 2 Elo 2187 (+9),21-13 / 21-19,Maiken F.. / Sara THY.. (11) Rank 17 Elo 1906 (-10),52,https://badmintonranks.com/tournament?id=14012,3,BWF World Championships 2021
2021-12-16,Round 3,MD,GOH V S.. / TAN Wee.. (10) Rank 14 Elo 1949 (+8),21-14 / 14-21 / 21-17,Bjarne G.. / Jan Colin .. Rank 68 Elo 1638 (-15),50,https://badmintonranks.com/tournament?id=14012,3,BWF World Championships 2021
2021-12-16,Round 3,MS,LOH Kean Yew Rank 22 Elo 2321 (+7),21-4 / 21-7,Kantaphon WANGCH.. (16) Rank 20 Elo 1992 (-8),30,https://badmintonranks.com/tournament?id=14012,3,BWF World Championships 2021
2021-12-16,Round 3,MD,HE Ji Ting / TAN Qian.. (16) Rank 24 Elo 1903 (+46),17-21 / 21-14 / 21-16,Aaron CH.. / SOH Wo.. (4) Rank 7 Elo 2114 (-42),50,https://badmintonranks.com/tournament?id=14012,3,BWF World Championships 2021
2021-12-16,Round 3,WS,HE Bing Jiao (8) Rank 9 Elo 2311 (+14),21-13 / 21-10,Mia BLICHFELDT (13) Rank 14 Elo 2119 (-14),39,https://badmintonranks.com/tournament?id=14012,3,BWF World Championships 2021
2021-12-16,Round 3,MS,Mark CALJOUW Rank 28 Elo 2081 (+21),22-20 / 21-12,Brian YANG Rank 41 Elo 1989 (-21),41,https://badmintonranks.com/tournament?id=14012,3,BWF World Championships 2021
2021-12-16,Round 3,XD,Mark LA.. / Isabel LO.. (11) Rank 15 Elo 1931 (+25),21-13 / 13-21 / 21-18,HOO Pan.. / CHEAH Y.. Rank 23 Elo 1874 (-26),63,https://badmintonranks.com/tournament?id=14012,3,BWF World Championships 2021
2021-12-16,Round 3,XD,TANG Ch.. / TSE Ying.. (5) Rank 7 Elo 2118 (+19),21-15 / 16-21 / 21-16,Mathias .. / Alexandr.. (12) Rank 13 Elo 2010 (-20),68,https://badmintonranks.com/tournament?id=14012,3,BWF World Championships 2021
2021-12-16,Round 3,WD,Rin IWAN.. / Kie NAKA.. Rank 34 Elo 1825 (+49),21-12 / 17-21 / 21-18,LI Wen M.. / ZHENG .. (10) Rank 15 Elo 2007 (-42),83,https://badmintonranks.com/tournament?id=14012,3,BWF World Championships 2021
2021-12-16,Round 3,WD,LEE So H.. / SHIN Se.. (2) Rank 4 Elo 2196 (+3),21-17 / 21-18,NG Tsz Y.. / YUEN Sin .. Rank 57 Elo 1725 (-5),53,https://badmintonranks.com/tournament?id=14012,3,BWF World Championships 2021
2021-12-16,Round 3,MD,Keiichiro .. / Yoshinori .. Rank 43 Elo 1758 (+29),24-22 / 25-23,Fabien D.. / William VI.. Rank 64 Elo 1674 (-35),55,https://badmintonranks.com/tournament?id=14012,3,BWF World Championships 2021
2021-12-16,Round 3,XD,Yuta WAT.. / Arisa IGA.. (3) Rank 4 Elo 2351 (+4),21-19 / 21-19,TAN Kian.. / LAI Pei Ji.. (9) Rank 11 Elo 1908 (-4),49,https://badmintonranks.com/tournament?id=14012,3,BWF World Championships 2021
2021-12-16,Round 3,MD,LEE Yang / WANG C.. (3) Rank 3 Elo 2218 (+11),21-18 / 17-21 / 21-18,GOH Sze.. / Nur IZZU.. (14) Rank 18 Elo 1976 (-12),68,https://badmintonranks.com/tournament?id=14012,4,BWF World Championships 2021
2021-12-16,Round 3,MS,KIDAMBI Srikanth (12) Rank 14 Elo 2166 (+26),21-10 / 21-15,LU Guang Zu Rank 27 Elo 2148 (-26),40,https://badmintonranks.com/tournament?id=14012,4,BWF World Championships 2021
2021-12-16,Round 3,MD,Takuro H.. / Yugo KO.. (5) Rank 4 Elo 2315 (+2),21-14 / 21-15,Christoph.. / Matthew .. Rank 59 Elo 1744 (-3),37,https://badmintonranks.com/tournament?id=14012,4,BWF World Championships 2021
2021-12-16,Round 3,WD,CHEN Qi.. / JIA Yi Fan (1) Rank 3 Elo 2265 (+5),21-11 / 21-17,Rachel H.. / Kristen T.. (15) Rank 23 Elo 1846 (-5),48,https://badmintonranks.com/tournament?id=14012,4,BWF World Championships 2021
2021-12-16,Round 3,MD,ONG Yew.. / TEO Ee .. (9) Rank 12 Elo 2070 (+27),22-20 / 18-21 / 21-15,Satwiksai.. / Chirag S.. (8) Rank 9 Elo 2062 (-27),68,https://badmintonranks.com/tournament?id=14012,4,BWF World Championships 2021
2021-12-16,Round 3,WS,Ratchanok INTANON (7) Rank 8 Elo 2273 (+6),23-21 / 21-9,Line CHRISTOPHERSEN Rank 22 Elo 1925 (-7),34,https://badmintonranks.com/tournament?id=14012,4,BWF World Championships 2021
2021-12-16,Round 3,WS,HAN Yue Rank 30 Elo 1928 (+43),21-19 / 21-19,Michelle LI (10) Rank 11 Elo 2102 (-40),49,https://badmintonranks.com/tournament?id=14012,4,BWF World Championships 2021
2021-12-16,Round 3,WD,Gabriela .. / Stefani S.. (8) Rank 10 Elo 1962 (+13),21-10 / 21-9,Chloe CO.. / Lauren S.. (9) Rank 13 Elo 1755 (-18),31,https://badmintonranks.com/tournament?id=14012,4,BWF World Championships 2021
2021-12-16,Round 3,WD,Nami MA.. / Chiharu .. (7) Rank 7 Elo 2222 (+11),21-15 / 21-15,Puttita S.. / Sapsiree .. (12) Rank 18 Elo 1981 (-12),43,https://badmintonranks.com/tournament?id=14012,4,BWF World Championships 2021
2021-12-16,Round 3,WS,ZHANG Yi Man Rank 46 Elo 1815 (+55),21-16 / 21-19,KIM Ga Eun (16) Rank 20 Elo 2082 (-45),38,https://badmintonranks.com/tournament?id=14012,4,BWF World Championships 2021
2021-12-16,Round 3,WD,Jongkolp.. / Rawinda .. (6) Rank 9 Elo 1903 (+20),21-13 / 21-15,Ashwini P.. / REDDY Si.. Rank 21 Elo 1784 (-23),38,https://badmintonranks.com/tournament?id=14012,4,BWF World Championships 2021
2021-12-16,Round 3,XD,Yuki KAN.. / Misaki M.. (13) Rank 18 Elo 1895 (+35),21-15 / 21-16,Thom GI.. / Delphine .. (8) Rank 12 Elo 1952 (-34),48,https://badmintonranks.com/tournament?id=14012,4,BWF World Championships 2021
2021-12-16,Round 3,WD,Mayu MA.. / Wakana .. (4) Rank 5 Elo 2232 (+2),21-14 / 21-14,NG Wing .. / YEUNG N.. Rank 62 Elo 1724 (-4),42,https://badmintonranks.com/tournament?id=14012,4,BWF World Championships 2021
2021-12-16,Round 3,WS,PUSARLA V. Sindhu (6) Rank 7 Elo 2325 (+25),21-14 / 21-18,Pornpawee CHOCHU.. (9) Rank 10 Elo 2297 (-25),48,https://badmintonranks.com/tournament?id=14012,4,BWF World Championships 2021
2021-12-16,Round 3,WS,TAI Tzu Ying (1) Rank 1 Elo 2524 (+3),21-10 / 19-21 / 21-11,Kirsty GILMOUR Rank 21 Elo 2063 (-4),48,https://badmintonranks.com/tournament?id=14012,4,BWF World Championships 2021
2021-12-15,Round 2,XD,GOH Soo.. / LAI Shev.. (10) Rank 14 Elo 1919 (+26),21-13 / 21-16,Supak JO.. / Supissara .. Rank 26 Elo 1881 (-26),31,https://badmintonranks.com/tournament?id=14012,4,BWF World Championships 2021
2021-12-15,Round 2,XD,Mark LA.. / Isabel LO.. (11) Rank 15 Elo 1918 (+13),21-18 / 18-21 / 21-16,Dejan FE.. / Serena K.. Rank 97 Elo 1708 (-19),65,https://badmintonranks.com/tournament?id=14012,4,BWF World Championships 2021
2021-12-15,Round 2,XD,TANG Ch.. / TSE Ying.. (5) Rank 7 Elo 2112 (+6),21-10 / 21-15,Adam HA.. / Julie MAC.. Rank 51 Elo 1756 (-8),29,https://badmintonranks.com/tournament?id=14012,4,BWF World Championships 2021
2021-12-15,Round 2,WS,Ratchanok INTANON (7) Rank 8 Elo 2271 (+2),21-8 / 21-12,YIP Pui Yin Rank 65 Elo 1705 (-3),33,https://badmintonranks.com/tournament?id=14012,4,BWF World Championships 2021
2021-12-15,Round 2,MS,Kantaphon WANGCH.. (16) Rank 20 Elo 1984 (+8),21-14 / 21-14,Kai SCHAEFER Rank 76 Elo 1661 (-13),48,https://badmintonranks.com/tournament?id=14012,4,BWF World Championships 2021
2021-12-15,Round 2,MD,Aaron CH.. / SOH Wo.. (4) Rank 7 Elo 2105 (+9),21-18 / 20-22 / 21-16,OU Xuan .. / ZHANG N.. Rank 27 Elo 1827 (-11),56,https://badmintonranks.com/tournament?id=14012,5,BWF World Championships 2021
2021-12-15,Round 2,XD,Mathias .. / Alexandr.. (12) Rank 13 Elo 2001 (+9),21-16 / 17-21 / 21-14,GUO Xin .. / ZHANG S.. Rank 41 Elo 1697 (-13),69,https://badmintonranks.com/tournament?id=14012,5,BWF World Championships 2021
2021-12-15,Round 2,MS,LEE Cheuk Yiu (13) Rank 15 Elo 2176 (+6),21-13 / 21-15,Ade Resky DWICAHYO Rank 75 Elo 1794 (-7),35,https://badmintonranks.com/tournament?id=14012,5,BWF World Championships 2021
2021-12-15,Round 2,MS,Anders ANTONSEN (3) Rank 3 Elo 2374 (+2),21-11 / 21-15,Niluka KARUNARATNE Rank 124 Elo 1723 (-1),39,https://badmintonranks.com/tournament?id=14012,5,BWF World Championships 2021
2021-12-15,Round 2,WS,KIM Ga Eun (16) Rank 20 Elo 2049 (+33),21-18 / 24-22,Lalinrat CHAIWAN Rank 19 Elo 2127 (-33),44,https://badmintonranks.com/tournament?id=14012,5,BWF World Championships 2021
2021-12-15,Round 2,MS,LOH Kean Yew Rank 22 Elo 2320 (+1),21-4 / 21-8,Luka WRABER Rank 93 Elo 1606 (-1),25,https://badmintonranks.com/tournament?id=14012,5,BWF World Championships 2021
2021-12-15,Round 2,MS,LEE Zii Jia (6) Rank 7 Elo 2286 (+4),21-14 / 22-24 / 21-14,Ygor COELHO Rank 50 Elo 1834 (-4),58,https://badmintonranks.com/tournament?id=14012,5,BWF World Championships 2021
2021-12-15,Round 2,MS,Hans-Kristian Solberg VI.. Rank 21 Elo 2128 (+33),11-21 / 21-13 / 21-17,Kanta TSUNEYAMA (9) Rank 11 Elo 2208 (-32),63,https://badmintonranks.com/tournament?id=14012,5,BWF World Championships 2021
2021-12-15,Round 2,WS,Akane YAMAGUCHI (2) Rank 3 Elo 2459 (+2),21-13 / 21-15,Line Højmark KJAERSF.. Rank 31 Elo 1922 (-2),35,https://badmintonranks.com/tournament?id=14012,5,BWF World Championships 2021
2021-12-15,Round 2,XD,Dechapol.. / Sapsiree .. (2) Rank 1 Elo 2401 (+0),21-7 / 21-13,Patrick V.. / Franziska .. Rank 79 Elo 1589 (-1),29,https://badmintonranks.com/tournament?id=14012,5,BWF World Championships 2021
2021-12-15,Round 2,MD,HE Ji Ting / TAN Qian.. (16) Rank 24 Elo 1881 (+22),16-21 / 21-12 / 21-12,Callum H.. / Steven ST.. Rank 49 Elo 1783 (-25),46,https://badmintonranks.com/tournament?id=14012,5,BWF World Championships 2021
2021-12-15,Round 2,WS,Line CHRISTOPHERSEN Rank 22 Elo 1916 (+9),3-1 Ret.,Busanan ONGBAMRU.. (11) Rank 12 Elo 2141 (-8),5,https://badmintonranks.com/tournament?id=14012,5,BWF World Championships 2021
2021-12-15,Round 2,MS,Rasmus GEMKE (11) Rank 10 Elo 2164 (+5),22-20 / 21-12,Luís Enrique PEÑALVER Rank 66 Elo 1768 (-7),49,https://badmintonranks.com/tournament?id=14012,5,BWF World Championships 2021
2021-12-15,Round 2,WS,AN Se Young (5) Rank 4 Elo 2492 (+2),21-7 / 21-15,Iris WANG Rank 34 Elo 1864 (-2),35,https://badmintonranks.com/tournament?id=14012,5,BWF World Championships 2021
2021-12-15,Round 2,WD,LEE So H.. / SHIN Se.. (2) Rank 4 Elo 2188 (+8),21-12 / 21-13,Chisato H.. / Aoi MATS.. Rank 37 Elo 1869 (-8),43,https://badmintonranks.com/tournament?id=14012,5,BWF World Championships 2021
2021-12-15,Round 2,WD,Jongkolp.. / Rawinda .. (6) Rank 9 Elo 1886 (+17),21-16 / 13-21 / 21-17,Ekaterina.. / Alina DAV.. Rank 35 Elo 1732 (-23),65,https://badmintonranks.com/tournament?id=14012,5,BWF World Championships 2021
2021-12-15,Round 2,WD,NG Tsz Y.. / YUEN Sin .. Rank 57 Elo 1652 (+73),10-21 / 21-12 / 21-11,Pearly TA.. / THINAAH.. (13) Rank 16 Elo 1840 (-48),67,https://badmintonranks.com/tournament?id=14012,5,BWF World Championships 2021
2021-12-15,Round 2,MD,Kim AST.. / Anders S.. (7) Rank 10 Elo 2032 (+23),21-17 / 21-19,Akira KO.. / Taichi SAI.. Rank 20 Elo 1977 (-24),52,https://badmintonranks.com/tournament?id=14012,5,BWF World Championships 2021
2021-12-15,Round 2,MD,Mark LA.. / Marvin S.. (12) Rank 16 Elo 1974 (+3),21-13 / 21-15,Joan MO.. / Carlos PI.. Rank 135 Elo 1499 (-9),30,https://badmintonranks.com/tournament?id=14012,5,BWF World Championships 2021
2021-12-15,Round 2,WS,Sayaka TAKAHASHI (12) Rank 13 Elo 2201 (+7),21-13 / 21-14,PAI Yu Po Rank 38 Elo 1864 (-7),34,https://badmintonranks.com/tournament?id=14012,5,BWF World Championships 2021
2021-12-15,Round 2,MD,GOH V S.. / TAN Wee.. (10) Rank 14 Elo 1938 (+11),21-15 / 22-24 / 21-16,Hiroki OK.. / Masayuki .. Rank 56 Elo 1685 (-17),66,https://badmintonranks.com/tournament?id=14012,6,BWF World Championships 2021
2021-12-15,Round 2,WD,KIM So Y.. / KONG H.. (3) Rank 2 Elo 2184 (+3),21-11 / 21-10,Aline MÜ.. / Jenjira ST.. Rank 78 Elo 1668 (-4),40,https://badmintonranks.com/tournament?id=14012,6,BWF World Championships 2021
2021-12-15,Round 2,WD,LI Wen M.. / ZHENG .. (10) Rank 15 Elo 2000 (+7),21-9 / 21-14,Benyapa .. / Nuntakarn.. Rank 44 Elo 1651 (-12),44,https://badmintonranks.com/tournament?id=14012,6,BWF World Championships 2021
2021-12-15,Round 2,WD,Ashwini P.. / REDDY Si.. Rank 21 Elo 1730 (+54),21-11 / 9-21 / 21-13,LIU Xuan.. / XIA Yu Ti.. (14) Rank 20 Elo 1876 (-42),51,https://badmintonranks.com/tournament?id=14012,6,BWF World Championships 2021
2021-12-15,Round 2,MD,Vladimir I.. / Ivan SOZ.. (11) Rank 15 Elo 1875 (+18),21-11 / 21-16,M.R.ARJ.. / DHRUV K.. Rank 41 Elo 1717 (-23),41,https://badmintonranks.com/tournament?id=14012,6,BWF World Championships 2021
2021-12-15,Round 2,WD,Maiken F.. / Sara THY.. (11) Rank 17 Elo 1891 (+15),18-21 / 22-20 / 21-12,Alexandr.. / Mette PO.. Rank 31 Elo 1700 (-21),77,https://badmintonranks.com/tournament?id=14012,6,BWF World Championships 2021
2021-12-15,Round 2,MS,PRANNOY H. S. Rank 32 Elo 2045 (+24),21-7 / 21-17,LIEW Daren Rank 36 Elo 2004 (-24),42,https://badmintonranks.com/tournament?id=14012,6,BWF World Championships 2021
2021-12-15,Round 2,WS,WANG Zhi Yi (14) Rank 17 Elo 2056 (+15),21-7 / 21-17,Yvonne LI Rank 23 Elo 1887 (-16),36,https://badmintonranks.com/tournament?id=14012,6,BWF World Championships 2021
2021-12-14,Round 2,XD,CHANG .. / NG Wing .. Rank 28 Elo 1759 (+68),16-21 / 21-13 / 21-17,ZHENG .. / HUANG .. (1) Rank 2 Elo 2249 (-50),54,https://badmintonranks.com/tournament?id=14012,6,BWF World Championships 2021
2021-12-14,Round 2,XD,Kyohei Y.. / Naru SHI.. Rank 53 Elo 1696 (+63),21-16 / 18-21 / 21-15,Marcus E.. / Lauren S.. (6) Rank 9 Elo 1876 (-44),72,https://badmintonranks.com/tournament?id=14012,6,BWF World Championships 2021
2021-12-14,Round 2,XD,Rodion A.. / Alina DA.. (16) Rank 22 Elo 2000 (+10),21-19 / 21-15,OU Xuan .. / FENG Xu.. Rank 46 Elo 1730 (-14),34,https://badmintonranks.com/tournament?id=14012,6,BWF World Championships 2021
2021-12-14,Round 2,MS,ZHAO Jun Peng Rank 42 Elo 1951 (+30),21-11 / 21-15,Koki WATANABE Rank 40 Elo 1972 (-29),40,https://badmintonranks.com/tournament?id=14012,6,BWF World Championships 2021
2021-12-14,Round 2,WS,Kirsty GILMOUR Rank 21 Elo 2037 (+26),21-15 / 8-21 / 21-15,YEO Jia Min (15) Rank 16 Elo 2024 (-26),53,https://badmintonranks.com/tournament?id=14012,6,BWF World Championships 2021
2021-12-14,Round 2,XD,Yuki KAN.. / Misaki M.. (13) Rank 18 Elo 1874 (+21),21-17 / 21-10,Callum H.. / Jessica P.. Rank 48 Elo 1764 (-25),34,https://badmintonranks.com/tournament?id=14012,6,BWF World Championships 2021
2021-12-14,Round 2,XD,Robin TA.. / Selena PI.. (14) Rank 20 Elo 1888 (+12),21-5 / 21-11,Oliver LE.. / Anona PAK Rank 59 Elo 1645 (-20),26,https://badmintonranks.com/tournament?id=14012,6,BWF World Championships 2021
2021-12-14,Round 2,MD,GOH Sze.. / Nur IZZU.. (14) Rank 18 Elo 1962 (+14),21-14 / 19-21 / 21-16,Alexande.. / Adam HA.. Rank 36 Elo 1758 (-17),55,https://badmintonranks.com/tournament?id=14012,6,BWF World Championships 2021
2021-12-14,Round 2,MS,Nhat NGUYEN Rank 51 Elo 1915 (+27),21-17 / 23-21,Toby PENTY Rank 52 Elo 1893 (-28),55,https://badmintonranks.com/tournament?id=14012,6,BWF World Championships 2021
2021-12-14,Round 2,XD,Thom GI.. / Delphine .. (8) Rank 12 Elo 1933 (+19),14-21 / 21-16 / 21-18,Mikkel MI.. / Rikke SØ.. Rank 40 Elo 1808 (-22),69,https://badmintonranks.com/tournament?id=14012,6,BWF World Championships 2021
2021-12-14,Round 2,WD,Rachel H.. / Kristen T.. (15) Rank 23 Elo 1826 (+20),21-12 / 21-5,Alyssa TI.. / Imke VAN .. Rank 46 Elo 1694 (-27),36,https://badmintonranks.com/tournament?id=14012,6,BWF World Championships 2021
2021-12-14,Round 2,MD,Takuro H.. / Yugo KO.. (5) Rank 4 Elo 2311 (+4),21-12 / 18-21 / 21-13,HUANG .. / LIU Cheng Rank 25 Elo 1871 (-4),66,https://badmintonranks.com/tournament?id=14012,6,BWF World Championships 2021
2021-12-14,Round 2,WD,Puttita S.. / Sapsiree .. (12) Rank 18 Elo 1968 (+13),21-4 / 21-9,Anastasii.. / Olga MOR.. Rank 43 Elo 1755 (-17),30,https://badmintonranks.com/tournament?id=14012,7,BWF World Championships 2021
2021-12-14,Round 2,MD,LEE Yang / WANG C.. (3) Rank 3 Elo 2215 (+3),18-21 / 21-7 / 21-11,Ruben JI.. / Ties VAN .. Rank 48 Elo 1724 (-4),42,https://badmintonranks.com/tournament?id=14012,7,BWF World Championships 2021
2021-12-14,Round 2,WS,Mia BLICHFELDT (13) Rank 14 Elo 2100 (+19),17-21 / 21-13 / 22-20,Neslihan ARIN Rank 28 Elo 1995 (-20),69,https://badmintonranks.com/tournament?id=14012,7,BWF World Championships 2021
2021-12-14,Round 2,WS,Pornpawee CHOCHU.. (9) Rank 10 Elo 2293 (+4),21-13 / 21-14,Lianne TAN Rank 36 Elo 1816 (-4),38,https://badmintonranks.com/tournament?id=14012,7,BWF World Championships 2021
2021-12-14,Round 2,WS,TAI Tzu Ying (1) Rank 1 Elo 2521 (+3),21-10 / 21-14,Evgeniya KOSETSKAYA Rank 27 Elo 1986 (-3),30,https://badmintonranks.com/tournament?id=14012,7,BWF World Championships 2021
2021-12-14,Round 2,WD,Mayu MA.. / Wakana .. (4) Rank 5 Elo 2230 (+2),21-12 / 21-7,Christine .. / Amalie SC.. Rank 49 Elo 1676 (-3),30,https://badmintonranks.com/tournament?id=14012,7,BWF World Championships 2021
2021-12-14,Round 2,WS,Michelle LI (10) Rank 11 Elo 2092 (+10),21-19 / 21-18,Julie Dawall JAKOBSEN Rank 40 Elo 1817 (-11),41,https://badmintonranks.com/tournament?id=14012,7,BWF World Championships 2021
2021-12-14,Round 2,MD,ONG Yew.. / TEO Ee .. (9) Rank 12 Elo 2063 (+7),21-12 / 21-19,Joel EIPE / Rasmus K.. Rank 55 Elo 1753 (-11),39,https://badmintonranks.com/tournament?id=14012,7,BWF World Championships 2021
2021-12-14,Round 2,WS,HE Bing Jiao (8) Rank 9 Elo 2310 (+1),21-12 / 21-15,Marie BATOMENE Rank 58 Elo 1677 (-2),32,https://badmintonranks.com/tournament?id=14012,7,BWF World Championships 2021
2021-12-14,Round 2,WD,Gabriela .. / Stefani S.. (8) Rank 10 Elo 1948 (+14),21-12 / 21-14,Bengisu .. / Nazlıcan I.. Rank 45 Elo 1750 (-18),34,https://badmintonranks.com/tournament?id=14012,7,BWF World Championships 2021
2021-12-14,Round 2,MS,Mark CALJOUW Rank 28 Elo 2066 (+15),14-21 / 22-20 / 21-11,Kalle KOLJONEN Rank 69 Elo 1908 (-16),71,https://badmintonranks.com/tournament?id=14012,7,BWF World Championships 2021
2021-12-14,Round 2,WD,Nami MA.. / Chiharu .. (7) Rank 7 Elo 2221 (+1),21-9 / 21-13,Clara AZ.. / Beatriz C.. Rank 63 Elo 1617 (-3),39,https://badmintonranks.com/tournament?id=14012,7,BWF World Championships 2021
2021-12-14,Round 2,MD,Fabien D.. / William VI.. Rank 64 Elo 1580 (+94),21-19 / 12-21 / 21-15,Ben LANE / Sean VE.. (13) Rank 17 Elo 1790 (-53),65,https://badmintonranks.com/tournament?id=14012,7,BWF World Championships 2021
2021-12-14,Round 2,MS,LU Guang Zu Rank 27 Elo 2111 (+37),14-21 / 21-15 / 21-15,CHOU Tien Chen (4) Rank 4 Elo 2255 (-37),79,https://badmintonranks.com/tournament?id=14012,7,BWF World Championships 2021
2021-12-14,Round 2,MS,Brian YANG Rank 41 Elo 1969 (+20),21-12 / 24-22,Thomas ROUXEL Rank 38 Elo 1868 (-22),49,https://badmintonranks.com/tournament?id=14012,7,BWF World Championships 2021
2021-12-14,Round 2,WD,CHEN Qi.. / JIA Yi Fan (1) Rank 3 Elo 2264 (+1),21-11 / 21-4,Ines Luci.. / Paula LA .. Rank 88 Elo 1528 (-2),25,https://badmintonranks.com/tournament?id=14012,7,BWF World Championships 2021
2021-12-14,Round 2,XD,Yuta WAT.. / Arisa IGA.. (3) Rank 4 Elo 2350 (+1),21-10 / 21-8,Evgenij D.. / Evgenia D.. Rank 54 Elo 1609 (-2),28,https://badmintonranks.com/tournament?id=14012,7,BWF World Championships 2021
2021-12-14,Round 2,MS,KIDAMBI Srikanth (12) Rank 14 Elo 2152 (+14),15-21 / 21-18 / 21-17,LI Shi Feng Rank 63 Elo 1969 (-14),69,https://badmintonranks.com/tournament?id=14012,7,BWF World Championships 2021
2021-12-14,Round 2,WS,PUSARLA V. Sindhu (6) Rank 7 Elo 2324 (+1),21-7 / 21-9,Martina REPISKA Rank 72 Elo 1631 (-1),24,https://badmintonranks.com/tournament?id=14012,7,BWF World Championships 2021
2021-12-14,Round 2,WS,HAN Yue Rank 30 Elo 1928 (+0),W.O.,Carolina MARIN Rank 6 Elo 2439 (-4),0,https://badmintonranks.com/tournament?id=14012,7,BWF World Championships 2021
2021-12-14,Round 2,WS,ZHANG Yi Man Rank 46 Elo 1815 (+0),W.O.,Nozomi OKUHARA Rank 5 Elo 2446 (-3),0,https://badmintonranks.com/tournament?id=14012,8,BWF World Championships 2021
2021-12-14,Round 2,WD,Chloe CO.. / Lauren S.. (9) Rank 13 Elo 1717 (+38),21-12 / 21-14,Jaqueline.. / Samia LIM.. Rank 59 Elo 1691 (-40),32,https://badmintonranks.com/tournament?id=14012,8,BWF World Championships 2021
2021-12-14,Round 2,MD,Satwiksai.. / Chirag S.. (8) Rank 9 Elo 2047 (+15),27-25 / 21-17,LEE Jhe-.. / YANG Po-.. Rank 31 Elo 1870 (-16),43,https://badmintonranks.com/tournament?id=14012,8,BWF World Championships 2021
2021-12-14,Round 2,MD,Torjus FL.. / Vegard RI.. Rank 103 Elo 1598 (+0),W.O.,Hendra S.. / Mohamma.. Rank 2 Elo 2102 (-4),0,https://badmintonranks.com/tournament?id=14012,8,BWF World Championships 2021
2021-12-14,Round 2,MD,Bjarne G.. / Jan Colin .. Rank 68 Elo 1638 (+0),W.O.,Fajar ALF.. / Muhamma.. Rank 8 Elo 2034 (-4),0,https://badmintonranks.com/tournament?id=14012,8,BWF World Championships 2021
2021-12-14,Round 2,MD,Keiichiro .. / Yoshinori .. Rank 43 Elo 1758 (+0),W.O.,Marcus G.. / Kevin SU.. Rank 1 Elo 2332 (-4),0,https://badmintonranks.com/tournament?id=14012,8,BWF World Championships 2021
2021-12-14,Round 2,MD,Christoph.. / Matthew .. Rank 59 Elo 1744 (+0),W.O.,LU Ching.. / YANG Po .. Rank 22 Elo 1910 (-3),0,https://badmintonranks.com/tournament?id=14012,8,BWF World Championships 2021
2021-12-14,Round 2,MS,Lakshya SEN Rank 19 Elo 2132 (+27),22-20 / 15-21 / 21-18,Kenta NISHIMOTO (15) Rank 17 Elo 2140 (-27),82,https://badmintonranks.com/tournament?id=14012,8,BWF World Championships 2021
2021-12-14,Round 2,MS,Kevin CORDON Rank 43 Elo 2065 (+6),21-14 / 21-19,Michal ROGALSKI Rank 125 Elo 1720 (-9),37,https://badmintonranks.com/tournament?id=14012,8,BWF World Championships 2021
2021-12-14,Round 2,XD,TAN Kian.. / LAI Pei Ji.. (9) Rank 11 Elo 1901 (+7),21-8 / 21-18,Saurabh .. / Anoushka .. Rank 104 Elo 1569 (-16),35,https://badmintonranks.com/tournament?id=14012,8,BWF World Championships 2021
2021-12-14,Round 2,WD,NG Wing .. / YEUNG N.. Rank 62 Elo 1656 (+68),21-16 / 21-18,Amalie M.. / Freja RA.. (16) Rank 24 Elo 1814 (-47),48,https://badmintonranks.com/tournament?id=14012,8,BWF World Championships 2021
2021-12-14,Round 2,XD,YEUNG .. / NG Tsz Ya.. Rank 80 Elo 1685 (+0),W.O.,CHAN Pe.. / GOH Liu .. Rank 8 Elo 1923 (-4),0,https://badmintonranks.com/tournament?id=14012,8,BWF World Championships 2021
2021-12-14,Round 2,XD,HOO Pan.. / CHEAH Y.. Rank 23 Elo 1874 (+0),W.O.,Praveen .. / Melati Dae.. Rank 5 Elo 2030 (-3),0,https://badmintonranks.com/tournament?id=14012,8,BWF World Championships 2021
2021-12-14,Round 2,XD,Mathias T.. / Mai SURR.. Rank 56 Elo 1711 (+0),W.O.,Rinov RI.. / Pitha Hani.. Rank 21 Elo 1913 (-4),0,https://badmintonranks.com/tournament?id=14012,8,BWF World Championships 2021
2021-12-14,Round 2,WD,Rin IWAN.. / Kie NAKA.. Rank 34 Elo 1825 (+0),W.O.,Greysia P.. / Apriyani R.. Rank 6 Elo 2157 (-3),0,https://badmintonranks.com/tournament?id=14012,8,BWF World Championships 2021
2021-12-13,Round 1,WS,Line Højmark KJAERSF.. Rank 31 Elo 1894 (+28),12-21 / 21-14 / 21-15,QI Xuefei Rank 42 Elo 1877 (-28),58,https://badmintonranks.com/tournament?id=14012,8,BWF World Championships 2021
2021-12-13,Round 1,MD,M.R.ARJ.. / DHRUV K.. Rank 41 Elo 1667 (+50),21-18 / 21-17,Daniel LU.. / Mathias T.. Rank 45 Elo 1693 (-47),44,https://badmintonranks.com/tournament?id=14012,8,BWF World Championships 2021
2021-12-13,Round 1,WD,Alexandr.. / Mette PO.. Rank 31 Elo 1655 (+45),21-18 / 21-17,TEOH M.. / YAP Ling Rank 77 Elo 1634 (-48),41,https://badmintonranks.com/tournament?id=14012,8,BWF World Championships 2021
2021-12-13,Round 1,WS,ZHANG Yi Man Rank 46 Elo 1767 (+48),21-10 / 21-13,CHEUNG Ngan Yi Rank 35 Elo 1899 (-40),31,https://badmintonranks.com/tournament?id=14012,8,BWF World Championships 2021
2021-12-13,Round 1,WS,Iris WANG Rank 34 Elo 1846 (+18),21-5 / 21-8,Soraya DE VISCH EIJB.. Rank 74 Elo 1679 (-24),29,https://badmintonranks.com/tournament?id=14012,8,BWF World Championships 2021
2021-12-13,Round 1,MS,Anders ANTONSEN (3) Rank 3 Elo 2371 (+3),21-16 / 21-13,Vladimir MALKOV Rank 85 Elo 1899 (-3),50,https://badmintonranks.com/tournament?id=14012,9,BWF World Championships 2021
2021-12-13,Round 1,MS,PRANNOY H. S. Rank 32 Elo 2007 (+38),13-21 / 21-18 / 21-19,NG Ka Long Angus (8) Rank 9 Elo 2148 (-37),71,https://badmintonranks.com/tournament?id=14012,9,BWF World Championships 2021
2021-12-13,Round 1,WD,NG Tsz Y.. / YUEN Sin .. Rank 57 Elo 1574 (+78),21-15 / 20-22 / 21-12,Julie MA.. / Ciara TOR.. Rank 41 Elo 1666 (-59),66,https://badmintonranks.com/tournament?id=14012,9,BWF World Championships 2021
2021-12-13,Round 1,MD,Callum H.. / Steven ST.. Rank 49 Elo 1754 (+29),21-9 / 21-11,Godwin .. / Anuoluwa.. Rank 53 Elo 1677 (-35),28,https://badmintonranks.com/tournament?id=14012,9,BWF World Championships 2021
2021-12-13,Round 1,MS,LOH Kean Yew Rank 22 Elo 2274 (+46),14-21 / 21-9 / 21-6,Viktor AXELSEN (2) Rank 1 Elo 2616 (-46),54,https://badmintonranks.com/tournament?id=14012,9,BWF World Championships 2021
2021-12-13,Round 1,WD,Benyapa .. / Nuntakarn.. Rank 44 Elo 1615 (+36),21-11 / 21-8,Serena A.. / Katharina .. Rank 97 Elo 1489 (-53),32,https://badmintonranks.com/tournament?id=14012,9,BWF World Championships 2021
2021-12-13,Round 1,XD,HOO Pan.. / CHEAH Y.. Rank 23 Elo 1865 (+9),26-24 / 21-12,Ties VAN .. / Debora JI.. Rank 74 Elo 1574 (-19),42,https://badmintonranks.com/tournament?id=14012,9,BWF World Championships 2021
2021-12-13,Round 1,MS,Kantaphon WANGCH.. (16) Rank 20 Elo 1967 (+17),21-17 / 15-21 / 21-9,Felix BURESTEDT Rank 58 Elo 1831 (-20),83,https://badmintonranks.com/tournament?id=14012,9,BWF World Championships 2021
2021-12-13,Round 1,MS,Hans-Kristian Solberg VI.. Rank 21 Elo 2120 (+8),21-16 / 21-23 / 21-10,NGUYEN Tien Minh Rank 64 Elo 1804 (-9),62,https://badmintonranks.com/tournament?id=14012,9,BWF World Championships 2021
2021-12-13,Round 1,MD,Akira KO.. / Taichi SAI.. Rank 20 Elo 1964 (+13),21-9 / 21-13,DI Zi Jian / WANG Ch.. Rank 40 Elo 1753 (-17),35,https://badmintonranks.com/tournament?id=14012,9,BWF World Championships 2021
2021-12-13,Round 1,MD,Torjus FL.. / Vegard RI.. Rank 103 Elo 1533 (+65),21-15 / 21-17,Philip BIR.. / Dominik S.. Rank 84 Elo 1504 (-71),37,https://badmintonranks.com/tournament?id=14012,9,BWF World Championships 2021
2021-12-13,Round 1,WD,Chisato H.. / Aoi MATS.. Rank 37 Elo 1862 (+7),21-7 / 21-8,Anastasiy.. / Valeriya R.. Rank 126 Elo 1519 (-18),22,https://badmintonranks.com/tournament?id=14012,9,BWF World Championships 2021
2021-12-13,Round 1,MS,LEE Zii Jia (6) Rank 7 Elo 2282 (+4),21-10 / 17-21 / 21-11,Jason Anthony HO-SHU.. Rank 45 Elo 1861 (-5),50,https://badmintonranks.com/tournament?id=14012,9,BWF World Championships 2021
2021-12-13,Round 1,MD,Hiroki OK.. / Masayuki .. Rank 56 Elo 1658 (+27),21-10 / 21-9,Glib BEK.. / Mykhaylo .. Rank 120 Elo 1500 (-45),28,https://badmintonranks.com/tournament?id=14012,9,BWF World Championships 2021
2021-12-13,Round 1,WD,Rin IWAN.. / Kie NAKA.. Rank 34 Elo 1806 (+19),21-7 / 21-11,Viktoriia .. / Mariia SU.. Rank 89 Elo 1643 (-28),31,https://badmintonranks.com/tournament?id=14012,9,BWF World Championships 2021
2021-12-13,Round 1,WS,Yvonne LI Rank 23 Elo 1867 (+20),21-14 / 22-20,VU Thi Trang Rank 57 Elo 1748 (-25),42,https://badmintonranks.com/tournament?id=14012,9,BWF World Championships 2021
2021-12-13,Round 1,MS,Luís Enrique PEÑALVER Rank 66 Elo 1732 (+36),21-15 / 21-13,Luis Armando MONTOY.. Rank 105 Elo 1704 (-38),33,https://badmintonranks.com/tournament?id=14012,9,BWF World Championships 2021
2021-12-13,Round 1,WS,PAI Yu Po Rank 38 Elo 1849 (+15),21-15 / 21-16,THET Htar Thuzar Rank 77 Elo 1661 (-24),38,https://badmintonranks.com/tournament?id=14012,9,BWF World Championships 2021
2021-12-13,Round 1,MS,Rasmus GEMKE (11) Rank 10 Elo 2149 (+15),21-13 / 21-7,Brice LEVERDEZ Rank 37 Elo 1980 (-15),39,https://badmintonranks.com/tournament?id=14012,9,BWF World Championships 2021
2021-12-13,Round 1,MD,OU Xuan .. / ZHANG N.. Rank 27 Elo 1807 (+20),21-15 / 21-14,Arun GE.. / Sanyam S.. Rank 92 Elo 1654 (-28),32,https://badmintonranks.com/tournament?id=14012,9,BWF World Championships 2021
2021-12-13,Round 1,XD,Supak JO.. / Supissara .. Rank 26 Elo 1860 (+21),21-8 / 21-13,Fabricio .. / Jaqueline .. Rank 58 Elo 1752 (-26),27,https://badmintonranks.com/tournament?id=14012,10,BWF World Championships 2021
2021-12-13,Round 1,XD,Patrick V.. / Franziska .. Rank 79 Elo 1516 (+73),22-20 / 21-16,Utkarsh A.. / Karishma .. Rank 102 Elo 1507 (-76),36,https://badmintonranks.com/tournament?id=14012,10,BWF World Championships 2021
2021-12-13,Round 1,XD,Adam HA.. / Julie MAC.. Rank 51 Elo 1699 (+57),21-19 / 21-16,LEE Jhe-.. / HSU Ya C.. Rank 24 Elo 1827 (-44),31,https://badmintonranks.com/tournament?id=14012,10,BWF World Championships 2021
2021-12-13,Round 1,WD,Aline MÜ.. / Jenjira ST.. Rank 78 Elo 1644 (+24),24-22 / 21-12,Kate FR.. / Moya RYA.. Rank 83 Elo 1451 (-45),41,https://badmintonranks.com/tournament?id=14012,10,BWF World Championships 2021
2021-12-13,Round 1,MS,Kanta TSUNEYAMA (9) Rank 11 Elo 2204 (+4),21-17 / 17-21 / 21-18,Sergey SIRANT Rank 74 Elo 1801 (-6),77,https://badmintonranks.com/tournament?id=14012,10,BWF World Championships 2021
2021-12-13,Round 1,MS,LEE Cheuk Yiu (13) Rank 15 Elo 2174 (+2),21-8 / 21-14,Howard SHU Rank 112 Elo 1619 (-4),28,https://badmintonranks.com/tournament?id=14012,10,BWF World Championships 2021
2021-12-13,Round 1,WS,YIP Pui Yin Rank 65 Elo 1636 (+69),21-11 / 21-14,Kristin KUUBA Rank 47 Elo 1767 (-49),35,https://badmintonranks.com/tournament?id=14012,10,BWF World Championships 2021
2021-12-13,Round 1,XD,Mathias T.. / Mai SURR.. Rank 56 Elo 1693 (+18),21-8 / 21-4,Venkat G.. / Juhi DEW.. Rank 63 Elo 1469 (-37),21,https://badmintonranks.com/tournament?id=14012,10,BWF World Championships 2021
2021-12-13,Round 1,MS,Ygor COELHO Rank 50 Elo 1821 (+13),21-18 / 21-9,Maxime MOREELS Rank 100 Elo 1583 (-25),31,https://badmintonranks.com/tournament?id=14012,10,BWF World Championships 2021
2021-12-13,Round 1,MS,Ade Resky DWICAHYO Rank 75 Elo 1762 (+32),21-15 / 21-16,Emre LALE Rank 113 Elo 1723 (-35),33,https://badmintonranks.com/tournament?id=14012,10,BWF World Championships 2021
2021-12-13,Round 1,XD,Dejan FE.. / Serena K.. Rank 97 Elo 1683 (+25),21-14 / 21-16,Paul REY.. / Rachael D.. Rank 94 Elo 1516 (-42),37,https://badmintonranks.com/tournament?id=14012,10,BWF World Championships 2021
2021-12-13,Round 1,MS,LIEW Daren Rank 36 Elo 1988 (+16),21-14 / 21-14,Misha ZILBERMAN Rank 47 Elo 1838 (-18),39,https://badmintonranks.com/tournament?id=14012,10,BWF World Championships 2021
2021-12-12,Round 1,WS,Lalinrat CHAIWAN Rank 19 Elo 2118 (+9),21-10 / 21-9,Aliye DEMIRBAG Rank 60 Elo 1835 (-10),27,https://badmintonranks.com/tournament?id=14012,10,BWF World Championships 2021
2021-12-12,Round 1,MS,Mark CALJOUW Rank 28 Elo 2040 (+26),17-21 / 21-7 / 21-18,SAI PRANEETH B. (14) Rank 16 Elo 2020 (-26),68,https://badmintonranks.com/tournament?id=14012,10,BWF World Championships 2021
2021-12-12,Round 1,WS,Marie BATOMENE Rank 58 Elo 1645 (+32),17-21 / 21-9 / 21-16,Natalia PERMINOVA Rank 69 Elo 1517 (-49),49,https://badmintonranks.com/tournament?id=14012,10,BWF World Championships 2021
2021-12-12,Round 1,MS,KIDAMBI Srikanth (12) Rank 14 Elo 2141 (+11),21-12 / 21-16,Pablo ABIAN Rank 53 Elo 1921 (-13),36,https://badmintonranks.com/tournament?id=14012,10,BWF World Championships 2021
2021-12-12,Round 1,MD,Christoph.. / Matthew .. Rank 59 Elo 1720 (+24),21-18 / 21-14,Jaromir J.. / Tomáš ŠV.. Rank 96 Elo 1571 (-37),34,https://badmintonranks.com/tournament?id=14012,10,BWF World Championships 2021
2021-12-12,Round 1,MD,Ruben JI.. / Ties VAN .. Rank 48 Elo 1640 (+84),21-11 / 21-9,Koceila M.. / Youcef Sa.. Rank 63 Elo 1920 (-49),24,https://badmintonranks.com/tournament?id=14012,10,BWF World Championships 2021
2021-12-12,Round 1,MD,Joel EIPE / Rasmus K.. Rank 55 Elo 1726 (+27),21-16 / 21-15,ATTRI M.. / REDDY B... Rank 39 Elo 1612 (-38),32,https://badmintonranks.com/tournament?id=14012,10,BWF World Championships 2021
2021-12-12,Round 1,MD,LEE Jhe-.. / YANG Po-.. Rank 31 Elo 1849 (+21),21-4 / 21-12,Fabricio .. / Francielto.. Rank 73 Elo 1734 (-26),24,https://badmintonranks.com/tournament?id=14012,10,BWF World Championships 2021
2021-12-12,Round 1,WD,Clara AZ.. / Beatriz C.. Rank 63 Elo 1617 (+0),W.O.,Siti Fadia.. / Ribka SU.. Rank 27 Elo 1866 (-0),0,https://badmintonranks.com/tournament?id=14012,11,BWF World Championships 2021
2021-12-12,Round 1,MS,Brian YANG Rank 41 Elo 1958 (+11),21-15 / 21-8,Bernardo ATILANO Rank 135 Elo 1696 (-15),40,https://badmintonranks.com/tournament?id=14012,11,BWF World Championships 2021
2021-12-12,Round 1,WD,Alyssa TI.. / Imke VAN .. Rank 46 Elo 1690 (+4),21-12 Ret.,Pooja DA.. / SANJANA.. Rank 55 Elo 1500 (-8),19,https://badmintonranks.com/tournament?id=14012,11,BWF World Championships 2021
2021-12-12,Round 1,WD,Christine .. / Amalie SC.. Rank 49 Elo 1596 (+80),22-20 / 21-17,Johanna .. / Clara NIS.. Rank 48 Elo 1736 (-53),39,https://badmintonranks.com/tournament?id=14012,11,BWF World Championships 2021
2021-12-12,Round 1,MD,Fabien D.. / William VI.. Rank 64 Elo 1514 (+66),21-13 / 21-11,Joshua M.. / Paul REY.. Rank 65 Elo 1470 (-75),31,https://badmintonranks.com/tournament?id=14012,11,BWF World Championships 2021
2021-12-12,Round 1,WD,NG Wing .. / YEUNG N.. Rank 62 Elo 1614 (+42),21-9 / 21-13,Kati-Kree.. / Helina RÜ.. Rank 47 Elo 1528 (-55),32,https://badmintonranks.com/tournament?id=14012,11,BWF World Championships 2021
2021-12-12,Round 1,MS,ZHAO Jun Peng Rank 42 Elo 1907 (+44),16-21 / 21-17 / 21-15,WANG Tzu Wei (10) Rank 12 Elo 2091 (-40),69,https://badmintonranks.com/tournament?id=14012,11,BWF World Championships 2021
2021-12-12,Round 1,MS,Kalle KOLJONEN Rank 69 Elo 1886 (+22),21-8 / 21-8,Lino MUNOZ Rank 72 Elo 1793 (-25),31,https://badmintonranks.com/tournament?id=14012,11,BWF World Championships 2021
2021-12-12,Round 1,WS,Lianne TAN Rank 36 Elo 1777 (+39),21-16 / 21-19,Hsuan-Yu Wendy CHEN Rank 75 Elo 1814 (-36),45,https://badmintonranks.com/tournament?id=14012,11,BWF World Championships 2021
2021-12-12,Round 1,MD,HUANG .. / LIU Cheng Rank 25 Elo 1859 (+12),21-13 / 21-17,CHANG .. / YEUNG M.. Rank 81 Elo 1607 (-21),34,https://badmintonranks.com/tournament?id=14012,11,BWF World Championships 2021
2021-12-12,Round 1,WD,Bengisu .. / Nazlıcan I.. Rank 45 Elo 1734 (+16),21-9 / 21-10,Adriana F.. / Sonia GO.. Rank 118 Elo 1500 (-32),27,https://badmintonranks.com/tournament?id=14012,11,BWF World Championships 2021
2021-12-12,Round 1,XD,Evgenij D.. / Evgenia D.. Rank 54 Elo 1533 (+76),21-16 / 21-12,Jona VA.. / Lise JAQU.. Rank 84 Elo 1554 (-70),32,https://badmintonranks.com/tournament?id=14012,11,BWF World Championships 2021
2021-12-12,Round 1,WS,HAN Yue Rank 30 Elo 1910 (+18),21-16 / 21-14,NGUYEN Thuy Linh Rank 50 Elo 1772 (-22),37,https://badmintonranks.com/tournament?id=14012,11,BWF World Championships 2021
2021-12-12,Round 1,MS,Kevin CORDON Rank 43 Elo 2054 (+11),21-18 / 10-21 / 21-16,Joran KWEEKEL Rank 89 Elo 1805 (-13),56,https://badmintonranks.com/tournament?id=14012,11,BWF World Championships 2021
2021-12-12,Round 1,WS,Neslihan ARIN Rank 28 Elo 1978 (+17),21-14 / 21-15,KISONA Selvaduray Rank 59 Elo 1830 (-19),37,https://badmintonranks.com/tournament?id=14012,11,BWF World Championships 2021
2021-12-12,Round 1,MS,Koki WATANABE Rank 40 Elo 1950 (+22),21-11 / 21-1,Anuoluwapo Juwon OP.. Rank 127 Elo 1877 (-24),33,https://badmintonranks.com/tournament?id=14012,11,BWF World Championships 2021
2021-12-12,Round 1,MS,Kenta NISHIMOTO (15) Rank 17 Elo 2122 (+18),21-17 / 21-8,CHEAM June Wei Rank 73 Elo 2016 (-19),46,https://badmintonranks.com/tournament?id=14012,11,BWF World Championships 2021
2021-12-12,Round 1,XD,Kyohei Y.. / Naru SHI.. Rank 53 Elo 1696 (+0),W.O.,Mathew F.. / Isabel ZH.. Rank 93 Elo 1500 (-0),0,https://badmintonranks.com/tournament?id=14012,11,BWF World Championships 2021
2021-12-12,Round 1,XD,Callum H.. / Jessica P.. Rank 48 Elo 1731 (+33),23-21 / 22-20,Simon Wi.. / Gronya S.. Rank 61 Elo 1682 (-38),45,https://badmintonranks.com/tournament?id=14012,11,BWF World Championships 2021
2021-12-12,Round 1,WS,Julie Dawall JAKOBSEN Rank 40 Elo 1794 (+23),21-13 / 21-12,Ksenia POLIKARPOVA Rank 66 Elo 1677 (-31),29,https://badmintonranks.com/tournament?id=14012,11,BWF World Championships 2021
2021-12-12,Round 1,XD,Oliver LE.. / Anona PAK Rank 59 Elo 1579 (+66),21-15 / 21-17,Christoph.. / Eleanor O'.. Rank 85 Elo 1604 (-61),33,https://badmintonranks.com/tournament?id=14012,12,BWF World Championships 2021
2021-12-12,Round 1,WD,Anastasii.. / Olga MOR.. Rank 43 Elo 1721 (+34),19-21 / 21-14 / 21-12,Linda EF.. / Isabel LO.. Rank 30 Elo 1666 (-39),79,https://badmintonranks.com/tournament?id=14012,12,BWF World Championships 2021
2021-12-12,Round 1,WD,Ekaterina.. / Alina DAV.. Rank 35 Elo 1732 (+0),W.O.,Aminath .. / Fathimath .. Rank 98 Elo 1514 (-0),0,https://badmintonranks.com/tournament?id=14012,12,BWF World Championships 2021
2021-12-12,Round 1,WD,Jaqueline.. / Samia LIM.. Rank 59 Elo 1691 (+0),W.O.,MANEES.. / Rutaparna.. Rank 68 Elo 1602 (-0),0,https://badmintonranks.com/tournament?id=14012,12,BWF World Championships 2021
2021-12-12,Round 1,WD,Ashwini P.. / REDDY Si.. Rank 21 Elo 1730 (+0),W.O.,Delphine .. / Lea PALE.. Rank 39 Elo 1652 (-0),0,https://badmintonranks.com/tournament?id=14012,12,BWF World Championships 2021
2021-12-12,Round 1,MS,CHOU Tien Chen (4) Rank 4 Elo 2246 (+9),21-12 / 21-10,Sitthikom THAMMASIN Rank 30 Elo 1959 (-9),35,https://badmintonranks.com/tournament?id=14012,12,BWF World Championships 2021
2021-12-12,Round 1,XD,Mikkel MI.. / Rikke SØ.. Rank 40 Elo 1797 (+11),21-10 / 21-12,Philip BIR.. / Katharina .. Rank 92 Elo 1510 (-25),28,https://badmintonranks.com/tournament?id=14012,12,BWF World Championships 2021
2021-12-12,Round 1,XD,CHANG .. / NG Wing .. Rank 28 Elo 1737 (+22),21-8 / 21-9,Alberto Z.. / Lorena US.. Rank 172 Elo 1579 (-35),26,https://badmintonranks.com/tournament?id=14012,12,BWF World Championships 2021
2021-12-12,Round 1,WS,Kirsty GILMOUR Rank 21 Elo 2004 (+33),21-19 / 21-17,Aya OHORI Rank 24 Elo 2064 (-32),45,https://badmintonranks.com/tournament?id=14012,12,BWF World Championships 2021
2021-12-12,Round 1,MS,LI Shi Feng Rank 63 Elo 1958 (+11),21-6 / 21-10,Timothy LAM Rank 94 Elo 1709 (-16),28,https://badmintonranks.com/tournament?id=14012,12,BWF World Championships 2021
2021-12-12,Round 1,WS,Evgeniya KOSETSKAYA Rank 27 Elo 1972 (+14),21-11 / 21-11,Clara AZURMENDI Rank 45 Elo 1775 (-17),29,https://badmintonranks.com/tournament?id=14012,12,BWF World Championships 2021
2021-12-12,Round 1,WS,Martina REPISKA Rank 72 Elo 1631 (+0),W.O.,Ruselli HARTAWAN Rank 44 Elo 1863 (-0),0,https://badmintonranks.com/tournament?id=14012,12,BWF World Championships 2021
2021-12-12,Round 1,WS,Line CHRISTOPHERSEN Rank 22 Elo 1916 (+0),W.O.,Gregoria Mariska TUNJ.. Rank 26 Elo 2058 (-0),0,https://badmintonranks.com/tournament?id=14012,12,BWF World Championships 2021
2021-12-12,Round 1,MD,Keiichiro .. / Yoshinori .. Rank 43 Elo 1739 (+19),21-12 / 21-12,Giovanni .. / Kevin STR.. Rank 136 Elo 1552 (-34),29,https://badmintonranks.com/tournament?id=14012,12,BWF World Championships 2021
2021-12-12,Round 1,MD,Alexande.. / Adam HA.. Rank 36 Elo 1758 (+0),W.O.,Leo Rolly.. / Daniel MA.. Rank 28 Elo 1891 (-0),0,https://badmintonranks.com/tournament?id=14012,12,BWF World Championships 2021
2021-12-12,Round 1,MD,Bjarne G.. / Jan Colin .. Rank 68 Elo 1638 (+0),W.O.,Anibal M.. / Jonathan .. Rank 94 Elo 1576 (-0),0,https://badmintonranks.com/tournament?id=14012,12,BWF World Championships 2021
2021-12-12,Round 1,MD,Joan MO.. / Carlos PI.. Rank 135 Elo 1499 (+0),W.O.,Christo P.. / Toma Juni.. Rank 30 Elo 1644 (-0),0,https://badmintonranks.com/tournament?id=14012,12,BWF World Championships 2021
2021-12-12,Round 1,XD,OU Xuan .. / FENG Xu.. Rank 46 Elo 1657 (+73),23-21 / 21-14,Niclas N.. / Amalie M.. Rank 27 Elo 1863 (-47),35,https://badmintonranks.com/tournament?id=14012,12,BWF World Championships 2021
2021-12-12,Round 1,MS,LU Guang Zu Rank 27 Elo 2075 (+36),21-16 / 21-12,Kunlavut VITIDSARN Rank 18 Elo 2194 (-35),47,https://badmintonranks.com/tournament?id=14012,12,BWF World Championships 2021
2021-12-12,Round 1,MS,Nhat NGUYEN Rank 51 Elo 1915 (+0),W.O.,Jonatan CHRISTIE Rank 8 Elo 2242 (-0),0,https://badmintonranks.com/tournament?id=14012,12,BWF World Championships 2021
2021-12-12,Round 1,XD,GUO Xin .. / ZHANG S.. Rank 41 Elo 1697 (+0),W.O.,Jonathan .. / Diana CO.. Rank 70 Elo 1748 (-0),0,https://badmintonranks.com/tournament?id=14012,13,BWF World Championships 2021
2021-12-12,Round 1,MS,Thomas ROUXEL Rank 38 Elo 1868 (+0),W.O.,Anthony Sinisuka GINTI.. Rank 5 Elo 2255 (-0),0,https://badmintonranks.com/tournament?id=14012,13,BWF World Championships 2021
2021-12-12,Round 1,MS,Kai SCHAEFER Rank 76 Elo 1661 (+0),W.O.,HEO Kwang Hee Rank 29 Elo 2138 (-0),0,https://badmintonranks.com/tournament?id=14012,13,BWF World Championships 2021
2021-12-12,Round 1,XD,Saurabh .. / Anoushka .. Rank 104 Elo 1569 (+0),W.O.,Rehan N.. / Lisa Ayu K.. Rank 52 Elo 1567 (-0),0,https://badmintonranks.com/tournament?id=14012,13,BWF World Championships 2021
2021-12-12,Round 1,XD,YEUNG .. / NG Tsz Ya.. Rank 80 Elo 1685 (+0),W.O.,M.R.ARJ.. / MANEES.. Rank 60 Elo 1601 (-0),0,https://badmintonranks.com/tournament?id=14012,13,BWF World Championships 2021
2021-12-12,Round 1,MS,Michal ROGALSKI Rank 125 Elo 1720 (+0),W.O.,Kento MOMOTA Rank 2 Elo 2467 (-0),0,https://badmintonranks.com/tournament?id=14012,13,BWF World Championships 2021
2021-12-12,Round 1,MS,Toby PENTY Rank 52 Elo 1893 (+0),W.O.,Toma Junior POPOV Rank 31 Elo 1908 (-0),0,https://badmintonranks.com/tournament?id=14012,13,BWF World Championships 2021
2021-12-12,Round 1,MS,Luka WRABER Rank 93 Elo 1606 (+0),W.O.,Shesar Hiren RHUSTAV.. Rank 23 Elo 2122 (-0),0,https://badmintonranks.com/tournament?id=14012,13,BWF World Championships 2021
2021-12-12,Round 1,MS,Niluka KARUNARATNE Rank 124 Elo 1723 (+0),W.O.,Tommy SUGIARTO Rank 25 Elo 1984 (-0),0,https://badmintonranks.com/tournament?id=14012,13,BWF World Championships 2021
2021-12-12,Round 1,MS,Lakshya SEN Rank 19 Elo 2132 (+0),W.O.,Max WEISSKIRCHEN Rank 59 Elo 1878 (-0),0,https://badmintonranks.com/tournament?id=14012,13,BWF World Championships 2021
