date,round,type,winner_raw,score,loser_raw,duration,tournament_url,page_number,tournament_name,winner_name,winner_rank,winner_elo,loser_name,loser_rank,loser_elo
11/1/2026,Final,MD,KIM Won .. / SEO Seu.. (1) Rank 1 Elo 2472 (+8),21-15 / 12-21 / 21-18,Aaron CH.. / SOH Wo.. (2) Rank 2 Elo 2152 (-8),66,https://badmintonranks.com/tournament?id=14659,1,Malaysia_Open_2026,KIM Won .. / SEO Seu.. (1),1,2472,Aaron CH.. / SOH Wo.. (2),2,2152
11/1/2026,Final,MS,Kunlavut VITIDSARN (2) Rank 2 Elo 2464 (+15),23-21 / 6-1 Ret.,SHI Yu Qi (1) Rank 1 Elo 2591 (-15),36,https://badmintonranks.com/tournament?id=14659,1,Malaysia_Open_2026,Kunlavut VITIDSARN (2),2,2464,SHI Yu Qi (1),1,2591
11/1/2026,Final,XD,FENG Ya.. / HUANG .. (1) Rank 1 Elo 2518 (+15),21-19 / 21-19,JIANG Zh.. / WEI Ya X.. (2) Rank 2 Elo 2340 (-14),45,https://badmintonranks.com/tournament?id=14659,1,Malaysia_Open_2026,FENG Ya.. / HUANG .. (1),1,2518,JIANG Zh.. / WEI Ya X.. (2),2,2340
11/1/2026,Final,WD,LIU Shen.. / TAN Ning (1) Rank 1 Elo 2378 (+25),21-18 / 21-12,BAEK Ha.. / LEE So H.. (6) Rank 6 Elo 2347 (-25),67,https://badmintonranks.com/tournament?id=14659,1,Malaysia_Open_2026,LIU Shen.. / TAN Ning (1),1,2378,BAEK Ha.. / LEE So H.. (6),6,2347
11/1/2026,Final,WS,AN Se Young (1) Rank 1 Elo 2819 (+11),21-15 / 24-22,WANG Zhi Yi (2) Rank 2 Elo 2580 (-11),56,https://badmintonranks.com/tournament?id=14659,1,Malaysia_Open_2026,AN Se Young (1),1,2819,WANG Zhi Yi (2),2,2580
10/1/2026,Semi final,MD,Aaron CH.. / SOH Wo.. (2) Rank 2 Elo 2121 (+31),23-21 / 21-18,Fajar ALF.. / Muhamm.. (6) Rank 6 Elo 2166 (-31),51,https://badmintonranks.com/tournament?id=14659,1,Malaysia_Open_2026,Aaron CH.. / SOH Wo.. (2),2,2121,Fajar ALF.. / Muhamm.. (6),6,2166
10/1/2026,Semi final,WS,AN Se Young (1) Rank 1 Elo 2819 (+0),W.O.,CHEN Yu Fei (4) Rank 4 Elo 2574 (-1),0,https://badmintonranks.com/tournament?id=14659,1,Malaysia_Open_2026,AN Se Young (1),1,2819,CHEN Yu Fei (4),4,2574
10/1/2026,Semi final,MS,SHI Yu Qi (1) Rank 1 Elo 2576 (+15),21-13 / 21-14,Anders ANTONSEN (3) Rank 3 Elo 2407 (-15),46,https://badmintonranks.com/tournament?id=14659,1,Malaysia_Open_2026,SHI Yu Qi (1),1,2576,Anders ANTONSEN (3),3,2407
10/1/2026,Semi final,MD,KIM Won .. / SEO Seu.. (1) Rank 1 Elo 2466 (+6),8-21 / 21-11 / 21-18,Ben LANE / Sean VEN.. Rank 16 Elo 2113 (-6),58,https://badmintonranks.com/tournament?id=14659,1,Malaysia_Open_2026,KIM Won .. / SEO Seu.. (1),1,2466,Ben LANE / Sean VEN..,16,2113
10/1/2026,Semi final,MS,Kunlavut VITIDSARN (2) Rank 2 Elo 2443 (+21),21-16 / 21-16,Jonatan CHRISTIE (4) Rank 4 Elo 2370 (-21),63,https://badmintonranks.com/tournament?id=14659,1,Malaysia_Open_2026,Kunlavut VITIDSARN (2),2,2443,Jonatan CHRISTIE (4),4,2370
10/1/2026,Semi final,XD,JIANG Zh.. / WEI Ya X.. (2) Rank 2 Elo 2334 (+6),21-15 / 21-14,Jesper T.. / Amalie M.. Rank 11 Elo 1996 (-8),37,https://badmintonranks.com/tournament?id=14659,1,Malaysia_Open_2026,JIANG Zh.. / WEI Ya X.. (2),2,2334,Jesper T.. / Amalie M..,11,1996
10/1/2026,Semi final,XD,FENG Ya.. / HUANG .. (1) Rank 1 Elo 2512 (+6),21-14 / 21-14,TANG Ch.. / TSE Ying.. (7) Rank 8 Elo 2152 (-6),38,https://badmintonranks.com/tournament?id=14659,1,Malaysia_Open_2026,FENG Ya.. / HUANG .. (1),1,2512,TANG Ch.. / TSE Ying.. (7),8,2152
10/1/2026,Semi final,WD,LIU Shen.. / TAN Ning (1) Rank 1 Elo 2372 (+6),21-8 / 21-17,JEONG .. / LEE Yeon .. Rank 19 Elo 1991 (-5),61,https://badmintonranks.com/tournament?id=14659,1,Malaysia_Open_2026,LIU Shen.. / TAN Ning (1),1,2372,JEONG .. / LEE Yeon ..,19,1991
10/1/2026,Semi final,WD,BAEK Ha.. / LEE So H.. (6) Rank 6 Elo 2326 (+21),21-16 / 21-12,Yuki FUK.. / Mayu MA.. (5) Rank 5 Elo 2250 (-21),64,https://badmintonranks.com/tournament?id=14659,1,Malaysia_Open_2026,BAEK Ha.. / LEE So H.. (6),6,2326,Yuki FUK.. / Mayu MA.. (5),5,2250
10/1/2026,Semi final,WS,WANG Zhi Yi (2) Rank 2 Elo 2576 (+4),21-16 / 21-15,PUSARLA V. Sindhu Rank 18 Elo 2151 (-5),52,https://badmintonranks.com/tournament?id=14659,1,Malaysia_Open_2026,WANG Zhi Yi (2),2,2576,PUSARLA V. Sindhu,18,2151
9/1/2026,Quarter final,MD,Aaron CH.. / SOH Wo.. (2) Rank 2 Elo 2086 (+35),21-19 / 21-10,Sabar Ka.. / Moh Rez.. (8) Rank 8 Elo 2190 (-34),34,https://badmintonranks.com/tournament?id=14659,1,Malaysia_Open_2026,Aaron CH.. / SOH Wo.. (2),2,2086,Sabar Ka.. / Moh Rez.. (8),8,2190
9/1/2026,Quarter final,MD,KIM Won .. / SEO Seu.. (1) Rank 1 Elo 2460 (+6),21-17 / 21-14,MAN Wei.. / TEE Kai .. (5) Rank 5 Elo 2102 (-6),41,https://badmintonranks.com/tournament?id=14659,1,Malaysia_Open_2026,KIM Won .. / SEO Seu.. (1),1,2460,MAN Wei.. / TEE Kai .. (5),5,2102
9/1/2026,Quarter final,MS,Kunlavut VITIDSARN (2) Rank 2 Elo 2423 (+20),15-21 / 21-10 / 21-13,Alex LANIER (7) Rank 8 Elo 2338 (-20),82,https://badmintonranks.com/tournament?id=14659,1,Malaysia_Open_2026,Kunlavut VITIDSARN (2),2,2423,Alex LANIER (7),8,2338
9/1/2026,Quarter final,MD,Fajar ALF.. / Muhamm.. (6) Rank 6 Elo 2135 (+31),21-10 / 23-21,Satwiksai.. / Chirag S.. (3) Rank 3 Elo 2190 (-30),47,https://badmintonranks.com/tournament?id=14659,1,Malaysia_Open_2026,Fajar ALF.. / Muhamm.. (6),6,2135,Satwiksai.. / Chirag S.. (3),3,2190
9/1/2026,Quarter final,XD,TANG Ch.. / TSE Ying.. (7) Rank 8 Elo 2117 (+35),21-17 / 17-21 / 21-10,CHEN Ta.. / TOH Ee .. (4) Rank 4 Elo 2231 (-35),67,https://badmintonranks.com/tournament?id=14659,1,Malaysia_Open_2026,TANG Ch.. / TSE Ying.. (7),8,2117,CHEN Ta.. / TOH Ee .. (4),4,2231
9/1/2026,Quarter final,XD,FENG Ya.. / HUANG .. (1) Rank 1 Elo 2507 (+5),21-16 / 21-9,GUO Xin .. / CHEN Fa.. (6) Rank 6 Elo 2137 (-6),33,https://badmintonranks.com/tournament?id=14659,2,Malaysia_Open_2026,FENG Ya.. / HUANG .. (1),1,2507,GUO Xin .. / CHEN Fa.. (6),6,2137
9/1/2026,Quarter final,MD,Ben LANE / Sean VEN.. Rank 16 Elo 2077 (+36),22-20 / 21-19,Takuro H.. / Yugo KOB.. Rank 11 Elo 2210 (-36),45,https://badmintonranks.com/tournament?id=14659,2,Malaysia_Open_2026,Ben LANE / Sean VEN..,16,2077,Takuro H.. / Yugo KOB..,11,2210
9/1/2026,Quarter final,WD,JEONG .. / LEE Yeon .. Rank 19 Elo 1971 (+20),21-10 / 21-15,Kaho OS.. / Mai TANA.. Rank 28 Elo 1879 (-23),52,https://badmintonranks.com/tournament?id=14659,2,Malaysia_Open_2026,JEONG .. / LEE Yeon ..,19,1971,Kaho OS.. / Mai TANA..,28,1879
9/1/2026,Quarter final,WD,LIU Shen.. / TAN Ning (1) Rank 1 Elo 2369 (+3),21-15 / 21-12,Ririna HI.. / Kokona IS.. Rank 37 Elo 1884 (-4),48,https://badmintonranks.com/tournament?id=14659,2,Malaysia_Open_2026,LIU Shen.. / TAN Ning (1),1,2369,Ririna HI.. / Kokona IS..,37,1884
9/1/2026,Quarter final,MS,Jonatan CHRISTIE (4) Rank 4 Elo 2349 (+21),21-17 / 21-13,Kodai NARAOKA (8) Rank 9 Elo 2276 (-20),47,https://badmintonranks.com/tournament?id=14659,2,Malaysia_Open_2026,Jonatan CHRISTIE (4),4,2349,Kodai NARAOKA (8),9,2276
9/1/2026,Quarter final,WD,Yuki FUK.. / Mayu MA.. (5) Rank 5 Elo 2245 (+5),21-11 / 21-17,HSU Yin-.. / LIN Jhih Y.. Rank 14 Elo 1836 (-6),38,https://badmintonranks.com/tournament?id=14659,2,Malaysia_Open_2026,Yuki FUK.. / Mayu MA.. (5),5,2245,HSU Yin-.. / LIN Jhih Y..,14,1836
9/1/2026,Quarter final,XD,Jesper T.. / Amalie M.. Rank 11 Elo 1951 (+45),21-12 / 8-21 / 21-19,Dechapol.. / Supissar.. (3) Rank 3 Elo 2174 (-41),57,https://badmintonranks.com/tournament?id=14659,2,Malaysia_Open_2026,Jesper T.. / Amalie M..,11,1951,Dechapol.. / Supissar.. (3),3,2174
9/1/2026,Quarter final,WS,WANG Zhi Yi (2) Rank 2 Elo 2568 (+8),21-17 / 21-18,Putri Kusuma WARDA.. (6) Rank 6 Elo 2264 (-8),50,https://badmintonranks.com/tournament?id=14659,2,Malaysia_Open_2026,WANG Zhi Yi (2),2,2568,Putri Kusuma WARDA.. (6),6,2264
9/1/2026,Quarter final,MS,Anders ANTONSEN (3) Rank 3 Elo 2396 (+11),21-9 / 21-12,Kenta NISHIMOTO Rank 14 Elo 2168 (-11),46,https://badmintonranks.com/tournament?id=14659,2,Malaysia_Open_2026,Anders ANTONSEN (3),3,2396,Kenta NISHIMOTO,14,2168
9/1/2026,Quarter final,XD,JIANG Zh.. / WEI Ya X.. (2) Rank 2 Elo 2331 (+3),21-16 / 21-13,Presley S.. / Jennie GA.. Rank 32 Elo 1849 (-4),35,https://badmintonranks.com/tournament?id=14659,2,Malaysia_Open_2026,JIANG Zh.. / WEI Ya X.. (2),2,2331,Presley S.. / Jennie GA..,32,1849
9/1/2026,Quarter final,MS,SHI Yu Qi (1) Rank 1 Elo 2572 (+4),21-10 / 21-7,LEE Cheuk Yiu Rank 18 Elo 2137 (-4),31,https://badmintonranks.com/tournament?id=14659,2,Malaysia_Open_2026,SHI Yu Qi (1),1,2572,LEE Cheuk Yiu,18,2137
9/1/2026,Quarter final,WD,BAEK Ha.. / LEE So H.. (6) Rank 6 Elo 2320 (+6),13-21 / 21-19 / 21-13,Febriana .. / Meilysa Tri.. Rank 60 Elo 1969 (-6),86,https://badmintonranks.com/tournament?id=14659,2,Malaysia_Open_2026,BAEK Ha.. / LEE So H.. (6),6,2320,Febriana .. / Meilysa Tri..,60,1969
9/1/2026,Quarter final,WS,PUSARLA V. Sindhu Rank 18 Elo 2141 (+10),21-11 Ret.,Akane YAMAGUCHI (3) Rank 3 Elo 2511 (-10),12,https://badmintonranks.com/tournament?id=14659,2,Malaysia_Open_2026,PUSARLA V. Sindhu,18,2141,Akane YAMAGUCHI (3),3,2511
9/1/2026,Quarter final,WS,CHEN Yu Fei (4) Rank 4 Elo 2567 (+7),21-13 / 21-14,Ratchanok INTANON (7) Rank 7 Elo 2252 (-7),39,https://badmintonranks.com/tournament?id=14659,2,Malaysia_Open_2026,CHEN Yu Fei (4),4,2567,Ratchanok INTANON (7),7,2252
9/1/2026,Quarter final,WS,AN Se Young (1) Rank 1 Elo 2819 (+0),21-8 / 21-9,Line Højmark KJAERSF.. Rank 26 Elo 1895 (-0),34,https://badmintonranks.com/tournament?id=14659,2,Malaysia_Open_2026,AN Se Young (1),1,2819,Line Højmark KJAERSF..,26,1895
8/1/2026,Round 2,MD,KIM Won .. / SEO Seu.. (1) Rank 1 Elo 2458 (+2),21-15 / 21-16,Nur Mohd.. / TAN Wee .. Rank 28 Elo 1870 (-2),41,https://badmintonranks.com/tournament?id=14659,2,Malaysia_Open_2026,KIM Won .. / SEO Seu.. (1),1,2458,Nur Mohd.. / TAN Wee ..,28,1870
8/1/2026,Round 2,WD,Ririna HI.. / Kokona IS.. Rank 37 Elo 1852 (+32),21-14 / 15-21 / 21-18,HSIEH P.. / HUNG E.. (7) Rank 9 Elo 1875 (-31),74,https://badmintonranks.com/tournament?id=14659,2,Malaysia_Open_2026,Ririna HI.. / Kokona IS..,37,1852,HSIEH P.. / HUNG E.. (7),9,1875
8/1/2026,Round 2,MD,Sabar Ka.. / Moh Rez.. (8) Rank 8 Elo 2180 (+10),21-10 / 14-21 / 21-19,KANG Mi.. / KI Dong Ju Rank 22 Elo 1942 (-11),68,https://badmintonranks.com/tournament?id=14659,2,Malaysia_Open_2026,Sabar Ka.. / Moh Rez.. (8),8,2180,KANG Mi.. / KI Dong Ju,22,1942
8/1/2026,Round 2,WS,WANG Zhi Yi (2) Rank 2 Elo 2566 (+2),21-15 / 21-8,LIN Hsiang Ti Rank 21 Elo 2025 (-2),43,https://badmintonranks.com/tournament?id=14659,2,Malaysia_Open_2026,WANG Zhi Yi (2),2,2566,LIN Hsiang Ti,21,2025
8/1/2026,Round 2,MS,Kunlavut VITIDSARN (2) Rank 2 Elo 2414 (+9),21-12 / 21-14,Koki WATANABE Rank 25 Elo 2151 (-10),47,https://badmintonranks.com/tournament?id=14659,2,Malaysia_Open_2026,Kunlavut VITIDSARN (2),2,2414,Koki WATANABE,25,2151
8/1/2026,Round 2,WS,Putri Kusuma WARDA.. (6) Rank 6 Elo 2254 (+10),5-21 / 21-16 / 21-18,ZHANG Beiwen Rank 24 Elo 2004 (-10),49,https://badmintonranks.com/tournament?id=14659,3,Malaysia_Open_2026,Putri Kusuma WARDA.. (6),6,2254,ZHANG Beiwen,24,2004
8/1/2026,Round 2,WD,LIU Shen.. / TAN Ning (1) Rank 1 Elo 2365 (+4),21-19 / 21-9,Rui HIRO.. / Sayaka H.. Rank 16 Elo 1957 (-5),49,https://badmintonranks.com/tournament?id=14659,3,Malaysia_Open_2026,LIU Shen.. / TAN Ning (1),1,2365,Rui HIRO.. / Sayaka H..,16,1957
8/1/2026,Round 2,MS,Kenta NISHIMOTO Rank 14 Elo 2136 (+32),21-17 / 21-15,CHOU Tien Chen (5) Rank 6 Elo 2235 (-33),50,https://badmintonranks.com/tournament?id=14659,3,Malaysia_Open_2026,Kenta NISHIMOTO,14,2136,CHOU Tien Chen (5),6,2235
8/1/2026,Round 2,MD,Fajar ALF.. / Muhamm.. (6) Rank 6 Elo 2127 (+8),21-19 / 21-19,CHEN Zh.. / LIN Yu Chi.. Rank 38 Elo 1828 (-9),44,https://badmintonranks.com/tournament?id=14659,3,Malaysia_Open_2026,Fajar ALF.. / Muhamm.. (6),6,2127,CHEN Zh.. / LIN Yu Chi..,38,1828
8/1/2026,Round 2,WD,Yuki FUK.. / Mayu MA.. (5) Rank 5 Elo 2244 (+1),21-6 / 21-14,Paulina C.. / Kornelia M.. Rank 45 Elo 1642 (-3),32,https://badmintonranks.com/tournament?id=14659,3,Malaysia_Open_2026,Yuki FUK.. / Mayu MA.. (5),5,2244,Paulina C.. / Kornelia M..,45,1642
8/1/2026,Round 2,MD,MAN Wei.. / TEE Kai .. (5) Rank 5 Elo 2087 (+15),21-9 / 21-15,Hiroki MI.. / Kyohei YA.. Rank 26 Elo 1943 (-17),29,https://badmintonranks.com/tournament?id=14659,3,Malaysia_Open_2026,MAN Wei.. / TEE Kai .. (5),5,2087,Hiroki MI.. / Kyohei YA..,26,1943
8/1/2026,Round 2,MS,Alex LANIER (7) Rank 8 Elo 2331 (+7),21-8 / 21-19,Nhat NGUYEN Rank 31 Elo 2035 (-8),44,https://badmintonranks.com/tournament?id=14659,3,Malaysia_Open_2026,Alex LANIER (7),8,2331,Nhat NGUYEN,31,2035
8/1/2026,Round 2,WD,HSU Yin-.. / LIN Jhih Y.. Rank 14 Elo 1836 (+0),W.O.,JIA Yi Fan / ZHANG .. (4) Rank 4 Elo 2345 (-4),0,https://badmintonranks.com/tournament?id=14659,3,Malaysia_Open_2026,HSU Yin-.. / LIN Jhih Y..,14,1836,JIA Yi Fan / ZHANG .. (4),4,2345
8/1/2026,Round 2,MD,Aaron CH.. / SOH Wo.. (2) Rank 2 Elo 2079 (+7),21-14 / 14-21 / 21-14,CHEN Xu.. / LIU Yang Rank Elo 1761 (-9),62,https://badmintonranks.com/tournament?id=14659,3,Malaysia_Open_2026,Aaron CH.. / SOH Wo.. (2),2,2079,CHEN Xu.. / LIU Yang,,1761
8/1/2026,Round 2,WS,Akane YAMAGUCHI (3) Rank 3 Elo 2502 (+9),21-11 / 4-21 / 21-17,GAO Fang jie Rank 11 Elo 2214 (-8),52,https://badmintonranks.com/tournament?id=14659,3,Malaysia_Open_2026,Akane YAMAGUCHI (3),3,2502,GAO Fang jie,11,2214
8/1/2026,Round 2,XD,FENG Ya.. / HUANG .. (1) Rank 1 Elo 2505 (+2),22-20 / 21-16,CHENG .. / ZHANG C.. Rank 14 Elo 1955 (-2),50,https://badmintonranks.com/tournament?id=14659,3,Malaysia_Open_2026,FENG Ya.. / HUANG .. (1),1,2505,CHENG .. / ZHANG C..,14,1955
8/1/2026,Round 2,WD,BAEK Ha.. / LEE So H.. (6) Rank 6 Elo 2317 (+3),21-12 / 21-9,HU Ling .. / JHENG Y.. Rank 27 Elo 1827 (-3),38,https://badmintonranks.com/tournament?id=14659,3,Malaysia_Open_2026,BAEK Ha.. / LEE So H.. (6),6,2317,HU Ling .. / JHENG Y..,27,1827
8/1/2026,Round 2,XD,GUO Xin .. / CHEN Fa.. (6) Rank 6 Elo 2129 (+8),13-21 / 21-16 / 21-10,Marvin S.. / Thuc Phu.. Rank 40 Elo 1843 (-10),56,https://badmintonranks.com/tournament?id=14659,3,Malaysia_Open_2026,GUO Xin .. / CHEN Fa.. (6),6,2129,Marvin S.. / Thuc Phu..,40,1843
8/1/2026,Round 2,MS,Anders ANTONSEN (3) Rank 3 Elo 2390 (+6),21-16 / 21-15,Victor LAI Rank 22 Elo 2027 (-6),59,https://badmintonranks.com/tournament?id=14659,3,Malaysia_Open_2026,Anders ANTONSEN (3),3,2390,Victor LAI,22,2027
8/1/2026,Round 2,XD,Jesper T.. / Amalie M.. Rank 11 Elo 1938 (+13),17-21 / 21-14 / 21-13,Julien MA.. / Lea PALE.. Rank 44 Elo 1731 (-18),62,https://badmintonranks.com/tournament?id=14659,3,Malaysia_Open_2026,Jesper T.. / Amalie M..,11,1938,Julien MA.. / Lea PALE..,44,1731
8/1/2026,Round 2,MD,Satwiksai.. / Chirag S.. (3) Rank 3 Elo 2181 (+9),21-18 / 21-11,Junaidi A.. / YAP Roy .. Rank 17 Elo 1926 (-10),39,https://badmintonranks.com/tournament?id=14659,3,Malaysia_Open_2026,Satwiksai.. / Chirag S.. (3),3,2181,Junaidi A.. / YAP Roy ..,17,1926
8/1/2026,Round 2,WS,PUSARLA V. Sindhu Rank 18 Elo 2113 (+28),21-8 / 21-13,Tomoka MIYAZAKI (8) Rank 9 Elo 2144 (-28),33,https://badmintonranks.com/tournament?id=14659,3,Malaysia_Open_2026,PUSARLA V. Sindhu,18,2113,Tomoka MIYAZAKI (8),9,2144
8/1/2026,Round 2,WS,Ratchanok INTANON (7) Rank 7 Elo 2227 (+25),21-8 / 21-7,Mia BLICHFELDT Rank 20 Elo 2225 (-25),30,https://badmintonranks.com/tournament?id=14659,3,Malaysia_Open_2026,Ratchanok INTANON (7),7,2227,Mia BLICHFELDT,20,2225
8/1/2026,Round 2,MS,Kodai NARAOKA (8) Rank 9 Elo 2259 (+17),21-18 / 16-21 / 21-16,LU Guang Zu Rank 16 Elo 2145 (-17),90,https://badmintonranks.com/tournament?id=14659,3,Malaysia_Open_2026,Kodai NARAOKA (8),9,2259,LU Guang Zu,16,2145
8/1/2026,Round 2,WD,Febriana .. / Meilysa Tri.. Rank 60 Elo 1921 (+48),26-24 / 21-17,Pearly TA.. / THINAAH.. (2) Rank 2 Elo 2261 (-45),54,https://badmintonranks.com/tournament?id=14659,3,Malaysia_Open_2026,Febriana .. / Meilysa Tri..,60,1921,Pearly TA.. / THINAAH.. (2),2,2261
8/1/2026,Round 2,MD,Takuro H.. / Yugo KOB.. Rank 11 Elo 2202 (+8),24-22 / 21-10,Kakeru K.. / Hiroki NIS.. Rank 34 Elo 1917 (-9),39,https://badmintonranks.com/tournament?id=14659,4,Malaysia_Open_2026,Takuro H.. / Yugo KOB..,11,2202,Kakeru K.. / Hiroki NIS..,34,1917
8/1/2026,Round 2,MS,Jonatan CHRISTIE (4) Rank 4 Elo 2341 (+8),21-18 / 21-11,LEONG Jun Hao Rank 28 Elo 2058 (-8),55,https://badmintonranks.com/tournament?id=14659,4,Malaysia_Open_2026,Jonatan CHRISTIE (4),4,2341,LEONG Jun Hao,28,2058
8/1/2026,Round 2,XD,Dechapol.. / Supissar.. (3) Rank 3 Elo 2168 (+6),16-21 / 21-8 / 21-19,Akira KO.. / Natsu SAI.. Rank Elo 1830 (-7),67,https://badmintonranks.com/tournament?id=14659,4,Malaysia_Open_2026,Dechapol.. / Supissar.. (3),3,2168,Akira KO.. / Natsu SAI..,,1830
8/1/2026,Round 2,MD,Ben LANE / Sean VEN.. Rank 16 Elo 2050 (+27),21-13 / 21-17,GOH Sze.. / Nur IZZU.. (7) Rank 7 Elo 2051 (-26),42,https://badmintonranks.com/tournament?id=14659,4,Malaysia_Open_2026,Ben LANE / Sean VEN..,16,2050,GOH Sze.. / Nur IZZU.. (7),7,2051
8/1/2026,Round 2,WD,Kaho OS.. / Mai TANA.. Rank 28 Elo 1823 (+56),23-21 / 17-21 / 21-19,KIM Hye .. / KONG H.. (3) Rank 3 Elo 2205 (-46),93,https://badmintonranks.com/tournament?id=14659,4,Malaysia_Open_2026,Kaho OS.. / Mai TANA..,28,1823,KIM Hye .. / KONG H.. (3),3,2205
8/1/2026,Round 2,MS,LEE Cheuk Yiu Rank 18 Elo 2100 (+37),22-20 / 21-15,Lakshya SEN Rank 13 Elo 2268 (-37),53,https://badmintonranks.com/tournament?id=14659,4,Malaysia_Open_2026,LEE Cheuk Yiu,18,2100,Lakshya SEN,13,2268
8/1/2026,Round 2,XD,JIANG Zh.. / WEI Ya X.. (2) Rank 2 Elo 2329 (+2),21-12 / 21-12,Phuwana.. / Benyapa .. Rank 64 Elo 1775 (-2),31,https://badmintonranks.com/tournament?id=14659,4,Malaysia_Open_2026,JIANG Zh.. / WEI Ya X.. (2),2,2329,Phuwana.. / Benyapa ..,64,1775
8/1/2026,Round 2,WS,CHEN Yu Fei (4) Rank 4 Elo 2565 (+2),19-21 / 21-12 / 21-9,Busanan ONGBAMRUN.. Rank 19 Elo 2032 (-3),69,https://badmintonranks.com/tournament?id=14659,4,Malaysia_Open_2026,CHEN Yu Fei (4),4,2565,Busanan ONGBAMRUN..,19,2032
8/1/2026,Round 2,XD,CHEN Ta.. / TOH Ee .. (4) Rank 4 Elo 2222 (+9),21-13 / 23-21,HOO Pan.. / CHENG S.. Rank 21 Elo 1938 (-9),41,https://badmintonranks.com/tournament?id=14659,4,Malaysia_Open_2026,CHEN Ta.. / TOH Ee .. (4),4,2222,HOO Pan.. / CHENG S..,21,1938
8/1/2026,Round 2,WD,JEONG .. / LEE Yeon .. Rank 19 Elo 1964 (+7),21-14 / 21-13,Ornnicha .. / Sukitta SU.. Rank 47 Elo 1619 (-12),44,https://badmintonranks.com/tournament?id=14659,4,Malaysia_Open_2026,JEONG .. / LEE Yeon ..,19,1964,Ornnicha .. / Sukitta SU..,47,1619
8/1/2026,Round 2,WS,Line Højmark KJAERSF.. Rank 26 Elo 1895 (+0),W.O.,HAN Yue (5) Rank 5 Elo 2399 (-4),0,https://badmintonranks.com/tournament?id=14659,4,Malaysia_Open_2026,Line Højmark KJAERSF..,26,1895,HAN Yue (5),5,2399
8/1/2026,Round 2,MS,SHI Yu Qi (1) Rank 1 Elo 2570 (+2),21-18 / 18-21 / 21-12,Ayush SHETTY Rank 32 Elo 2036 (-2),70,https://badmintonranks.com/tournament?id=14659,4,Malaysia_Open_2026,SHI Yu Qi (1),1,2570,Ayush SHETTY,32,2036
8/1/2026,Round 2,XD,Presley S.. / Jennie GA.. Rank 32 Elo 1801 (+48),21-9 / 21-17,GOH Soo.. / LAI Shev.. (8) Rank 9 Elo 1979 (-40),35,https://badmintonranks.com/tournament?id=14659,4,Malaysia_Open_2026,Presley S.. / Jennie GA..,32,1801,GOH Soo.. / LAI Shev.. (8),9,1979
8/1/2026,Round 2,WS,AN Se Young (1) Rank 1 Elo 2818 (+1),21-17 / 21-7,Nozomi OKUHARA Rank 30 Elo 2092 (-1),37,https://badmintonranks.com/tournament?id=14659,4,Malaysia_Open_2026,AN Se Young (1),1,2818,Nozomi OKUHARA,30,2092
8/1/2026,Round 2,XD,TANG Ch.. / TSE Ying.. (7) Rank 8 Elo 2108 (+9),21-14 / 21-19,CHEN Ch.. / HSU Yin-.. Rank 28 Elo 1827 (-11),45,https://badmintonranks.com/tournament?id=14659,4,Malaysia_Open_2026,TANG Ch.. / TSE Ying.. (7),8,2108,CHEN Ch.. / HSU Yin-..,28,1827
7/1/2026,Round 1,WD,Paulina C.. / Kornelia M.. Rank 45 Elo 1564 (+78),21-19 / 19-21 / 21-14,Polina B.. / Yevheniia .. Rank 32 Elo 1653 (-58),56,https://badmintonranks.com/tournament?id=14659,4,Malaysia_Open_2026,Paulina C.. / Kornelia M..,45,1564,Polina B.. / Yevheniia ..,32,1653
7/1/2026,Round 1,WS,LIN Hsiang Ti Rank 21 Elo 1997 (+28),21-11 / 21-11,CHIU Pin-Chian Rank 13 Elo 2024 (-28),35,https://badmintonranks.com/tournament?id=14659,4,Malaysia_Open_2026,LIN Hsiang Ti,21,1997,CHIU Pin-Chian,13,2024
7/1/2026,Round 1,WD,BAEK Ha.. / LEE So H.. (6) Rank 6 Elo 2316 (+1),21-13 / 21-9,Nanako .. / Riko KIYO.. Rank 50 Elo 1668 (-3),41,https://badmintonranks.com/tournament?id=14659,4,Malaysia_Open_2026,BAEK Ha.. / LEE So H.. (6),6,2316,Nanako .. / Riko KIYO..,50,1668
7/1/2026,Round 1,WD,Yuki FUK.. / Mayu MA.. (5) Rank 5 Elo 2243 (+1),21-12 / 21-11,Kavipriya .. / Simran SI.. Rank 49 Elo 1589 (-2),29,https://badmintonranks.com/tournament?id=14659,4,Malaysia_Open_2026,Yuki FUK.. / Mayu MA.. (5),5,2243,Kavipriya .. / Simran SI..,49,1589
7/1/2026,Round 1,MD,CHEN Xu.. / LIU Yang Rank Elo 1706 (+55),24-22 / 21-13,LIU Kuan.. / YANG Po .. Rank 21 Elo 1853 (-42),43,https://badmintonranks.com/tournament?id=14659,4,Malaysia_Open_2026,CHEN Xu.. / LIU Yang,,1706,LIU Kuan.. / YANG Po ..,21,1853
7/1/2026,Round 1,WS,WANG Zhi Yi (2) Rank 2 Elo 2565 (+1),21-17 / 21-9,Kirsty GILMOUR Rank 29 Elo 1936 (-2),38,https://badmintonranks.com/tournament?id=14659,5,Malaysia_Open_2026,WANG Zhi Yi (2),2,2565,Kirsty GILMOUR,29,1936
7/1/2026,Round 1,WS,Akane YAMAGUCHI (3) Rank 3 Elo 2501 (+1),21-9 / 21-12,HSU Wen Chi Rank 32 Elo 1916 (-2),31,https://badmintonranks.com/tournament?id=14659,5,Malaysia_Open_2026,Akane YAMAGUCHI (3),3,2501,HSU Wen Chi,32,1916
7/1/2026,Round 1,WD,HU Ling .. / JHENG Y.. Rank 27 Elo 1785 (+42),21-17 / 21-13,Margot L.. / Camille P.. Rank 25 Elo 1885 (-37),33,https://badmintonranks.com/tournament?id=14659,5,Malaysia_Open_2026,HU Ling .. / JHENG Y..,27,1785,Margot L.. / Camille P..,25,1885
7/1/2026,Round 1,MS,Nhat NGUYEN Rank 31 Elo 2017 (+18),21-8 / 21-19,Brian YANG Rank 33 Elo 1906 (-19),43,https://badmintonranks.com/tournament?id=14659,5,Malaysia_Open_2026,Nhat NGUYEN,31,2017,Brian YANG,33,1906
7/1/2026,Round 1,XD,Phuwana.. / Benyapa .. Rank 64 Elo 1755 (+20),21-11 / 21-9,Ashith S.. / Amrutha P.. Rank 46 Elo 1603 (-32),24,https://badmintonranks.com/tournament?id=14659,5,Malaysia_Open_2026,Phuwana.. / Benyapa ..,64,1755,Ashith S.. / Amrutha P..,46,1603
7/1/2026,Round 1,XD,JIANG Zh.. / WEI Ya X.. (2) Rank 2 Elo 2327 (+2),21-10 / 21-17,Rohan K.. / GADDE R.. Rank 36 Elo 1658 (-2),32,https://badmintonranks.com/tournament?id=14659,5,Malaysia_Open_2026,JIANG Zh.. / WEI Ya X.. (2),2,2327,Rohan K.. / GADDE R..,36,1658
7/1/2026,Round 1,WS,Putri Kusuma WARDA.. (6) Rank 6 Elo 2247 (+7),21-8 / 21-16,Manami SUIZU Rank 35 Elo 1925 (-8),39,https://badmintonranks.com/tournament?id=14659,5,Malaysia_Open_2026,Putri Kusuma WARDA.. (6),6,2247,Manami SUIZU,35,1925
7/1/2026,Round 1,MS,Alex LANIER (7) Rank 8 Elo 2313 (+18),21-13 / 19-21 / 21-13,Alwi FARHAN Rank 17 Elo 2204 (-18),62,https://badmintonranks.com/tournament?id=14659,5,Malaysia_Open_2026,Alex LANIER (7),8,2313,Alwi FARHAN,17,2204
7/1/2026,Round 1,MS,Jonatan CHRISTIE (4) Rank 4 Elo 2334 (+7),21-18 / 21-14,LEE Chia Hao Rank 20 Elo 2025 (-7),40,https://badmintonranks.com/tournament?id=14659,5,Malaysia_Open_2026,Jonatan CHRISTIE (4),4,2334,LEE Chia Hao,20,2025
7/1/2026,Round 1,WS,GAO Fang jie Rank 11 Elo 2198 (+16),13-21 / 21-17 / 21-19,Riko GUNJI Rank 27 Elo 2076 (-17),69,https://badmintonranks.com/tournament?id=14659,5,Malaysia_Open_2026,GAO Fang jie,11,2198,Riko GUNJI,27,2076
7/1/2026,Round 1,MD,Aaron CH.. / SOH Wo.. (2) Rank 2 Elo 2070 (+9),21-11 / 21-19,CHEN Z.. / Presley S.. Rank 32 Elo 1795 (-11),35,https://badmintonranks.com/tournament?id=14659,5,Malaysia_Open_2026,Aaron CH.. / SOH Wo.. (2),2,2070,CHEN Z.. / Presley S..,32,1795
7/1/2026,Round 1,XD,Julien MA.. / Lea PALE.. Rank 44 Elo 1660 (+71),9-21 / 21-16 / 21-16,Marwan .. / Aisyah Sal.. Rank 22 Elo 1875 (-45),54,https://badmintonranks.com/tournament?id=14659,5,Malaysia_Open_2026,Julien MA.. / Lea PALE..,44,1660,Marwan .. / Aisyah Sal..,22,1875
7/1/2026,Round 1,WS,ZHANG Beiwen Rank 24 Elo 1975 (+29),21-14 / 14-21 / 21-9,Line CHRISTOPHERSEN Rank 25 Elo 2006 (-29),47,https://badmintonranks.com/tournament?id=14659,5,Malaysia_Open_2026,ZHANG Beiwen,24,1975,Line CHRISTOPHERSEN,25,2006
7/1/2026,Round 1,WD,Pearly TA.. / THINAAH.. (2) Rank 2 Elo 2260 (+1),21-11 / 21-9,Rutaparn.. / Swetaparn.. Rank 53 Elo 1366 (-1),30,https://badmintonranks.com/tournament?id=14659,5,Malaysia_Open_2026,Pearly TA.. / THINAAH.. (2),2,2260,Rutaparn.. / Swetaparn..,53,1366
7/1/2026,Round 1,MD,Satwiksai.. / Chirag S.. (3) Rank 3 Elo 2169 (+12),21-13 / 21-15,LEE Jhe-.. / YANG Po-.. Rank 14 Elo 1962 (-13),35,https://badmintonranks.com/tournament?id=14659,5,Malaysia_Open_2026,Satwiksai.. / Chirag S.. (3),3,2169,LEE Jhe-.. / YANG Po-..,14,1962
7/1/2026,Round 1,MD,CHEN Zh.. / LIN Yu Chi.. Rank 38 Elo 1793 (+35),19-21 / 21-17 / 21-13,Christo P.. / Toma Juni.. Rank 20 Elo 1821 (-34),56,https://badmintonranks.com/tournament?id=14659,5,Malaysia_Open_2026,CHEN Zh.. / LIN Yu Chi..,38,1793,Christo P.. / Toma Juni..,20,1821
7/1/2026,Round 1,MD,Junaidi A.. / YAP Roy .. Rank 17 Elo 1905 (+21),22-20 / 21-12,CHOI Sol.. / GOH V Sh.. Rank 44 Elo 1813 (-23),38,https://badmintonranks.com/tournament?id=14659,5,Malaysia_Open_2026,Junaidi A.. / YAP Roy ..,17,1905,CHOI Sol.. / GOH V Sh..,44,1813
7/1/2026,Round 1,MS,LEONG Jun Hao Rank 28 Elo 2031 (+27),21-17 / 21-17,WANG Zheng Xing Rank 29 Elo 2046 (-27),48,https://badmintonranks.com/tournament?id=14659,5,Malaysia_Open_2026,LEONG Jun Hao,28,2031,WANG Zheng Xing,29,2046
7/1/2026,Round 1,MS,Koki WATANABE Rank 25 Elo 2114 (+37),16-21 / 21-7 / 21-13,WENG Hong Yang Rank 11 Elo 2275 (-36),56,https://badmintonranks.com/tournament?id=14659,5,Malaysia_Open_2026,Koki WATANABE,25,2114,WENG Hong Yang,11,2275
7/1/2026,Round 1,XD,Jesper T.. / Amalie M.. Rank 11 Elo 1897 (+41),21-13 / 17-21 / 21-9,Thom GI.. / Delphine .. (5) Rank 5 Elo 2071 (-38),59,https://badmintonranks.com/tournament?id=14659,5,Malaysia_Open_2026,Jesper T.. / Amalie M..,11,1897,Thom GI.. / Delphine .. (5),5,2071
7/1/2026,Round 1,WD,HSU Yin-.. / LIN Jhih Y.. Rank 14 Elo 1820 (+16),23-21 / 23-21,Jackie D.. / Crystal LAI Rank 39 Elo 1634 (-25),45,https://badmintonranks.com/tournament?id=14659,6,Malaysia_Open_2026,HSU Yin-.. / LIN Jhih Y..,14,1820,Jackie D.. / Crystal LAI,39,1634
7/1/2026,Round 1,MD,Fajar ALF.. / Muhamm.. (6) Rank 6 Elo 2116 (+11),24-26 / 21-4 / 21-8,LEE Fan.. / LEE Fang-.. Rank 18 Elo 1891 (-12),73,https://badmintonranks.com/tournament?id=14659,6,Malaysia_Open_2026,Fajar ALF.. / Muhamm.. (6),6,2116,LEE Fan.. / LEE Fang-..,18,1891
7/1/2026,Round 1,WD,Febriana .. / Meilysa Tri.. Rank 60 Elo 1890 (+31),21-9 / 21-23 / 21-19,Treesa J.. / GAYATRI .. Rank 20 Elo 1915 (-30),66,https://badmintonranks.com/tournament?id=14659,6,Malaysia_Open_2026,Febriana .. / Meilysa Tri..,60,1890,Treesa J.. / GAYATRI ..,20,1915
7/1/2026,Round 1,MD,Sabar Ka.. / Moh Rez.. (8) Rank 8 Elo 2164 (+16),21-18 / 21-9,Raymond.. / Nikolaus J.. Rank 23 Elo 2036 (-17),33,https://badmintonranks.com/tournament?id=14659,6,Malaysia_Open_2026,Sabar Ka.. / Moh Rez.. (8),8,2164,Raymond.. / Nikolaus J..,23,2036
7/1/2026,Round 1,WD,JIA Yi Fan / ZHANG .. (4) Rank 4 Elo 2342 (+3),21-19 / 21-10,HSU Ya .. / SUNG Yu-.. Rank 18 Elo 1830 (-3),37,https://badmintonranks.com/tournament?id=14659,6,Malaysia_Open_2026,JIA Yi Fan / ZHANG .. (4),4,2342,HSU Ya .. / SUNG Yu-..,18,1830
7/1/2026,Round 1,WS,Tomoka MIYAZAKI (8) Rank 9 Elo 2131 (+13),21-19 / 1-2 Ret.,SIM Yu Jin Rank 10 Elo 2227 (-13),24,https://badmintonranks.com/tournament?id=14659,6,Malaysia_Open_2026,Tomoka MIYAZAKI (8),9,2131,SIM Yu Jin,10,2227
7/1/2026,Round 1,XD,Akira KO.. / Natsu SAI.. Rank Elo 1788 (+42),22-20 / 21-23 / 22-20,Yuichi SH.. / Sayaka H.. Rank 20 Elo 1891 (-37),73,https://badmintonranks.com/tournament?id=14659,6,Malaysia_Open_2026,Akira KO.. / Natsu SAI..,,1788,Yuichi SH.. / Sayaka H..,20,1891
7/1/2026,Round 1,MS,Kunlavut VITIDSARN (2) Rank 2 Elo 2408 (+6),21-10 / 21-13,WANG Tzu Wei Rank 24 Elo 2048 (-6),48,https://badmintonranks.com/tournament?id=14659,6,Malaysia_Open_2026,Kunlavut VITIDSARN (2),2,2408,WANG Tzu Wei,24,2048
7/1/2026,Round 1,MD,KANG Mi.. / KI Dong Ju Rank 22 Elo 1927 (+15),23-21 / 18-21 / 21-14,HUANG .. / REN Xian.. Rank Elo 1760 (-20),81,https://badmintonranks.com/tournament?id=14659,6,Malaysia_Open_2026,KANG Mi.. / KI Dong Ju,22,1927,HUANG .. / REN Xian..,,1760
7/1/2026,Round 1,MS,Kodai NARAOKA (8) Rank 9 Elo 2248 (+11),21-18 / 21-18,CHI Yu Jen Rank 26 Elo 2030 (-12),70,https://badmintonranks.com/tournament?id=14659,6,Malaysia_Open_2026,Kodai NARAOKA (8),9,2248,CHI Yu Jen,26,2030
7/1/2026,Round 1,WS,PUSARLA V. Sindhu Rank 18 Elo 2104 (+9),21-13 / 22-20,SUNG Shuo Yun Rank 31 Elo 1832 (-11),51,https://badmintonranks.com/tournament?id=14659,6,Malaysia_Open_2026,PUSARLA V. Sindhu,18,2104,SUNG Shuo Yun,31,1832
7/1/2026,Round 1,XD,Dechapol.. / Supissar.. (3) Rank 3 Elo 2157 (+11),21-16 / 21-18,YE Hong .. / Nicole Go.. Rank 16 Elo 1927 (-12),38,https://badmintonranks.com/tournament?id=14659,6,Malaysia_Open_2026,Dechapol.. / Supissar.. (3),3,2157,YE Hong .. / Nicole Go..,16,1927
7/1/2026,Round 1,XD,Presley S.. / Jennie GA.. Rank 32 Elo 1755 (+46),21-15 / 18-21 / 21-15,DHRUV .. / Tanisha C.. Rank 17 Elo 1872 (-38),56,https://badmintonranks.com/tournament?id=14659,6,Malaysia_Open_2026,Presley S.. / Jennie GA..,32,1755,DHRUV .. / Tanisha C..,17,1872
7/1/2026,Round 1,XD,GOH Soo.. / LAI Shev.. (8) Rank 9 Elo 1965 (+14),15-21 / 21-19 / 21-14,WU Guan.. / LEE Chia .. Rank 38 Elo 1771 (-17),56,https://badmintonranks.com/tournament?id=14659,6,Malaysia_Open_2026,GOH Soo.. / LAI Shev.. (8),9,1965,WU Guan.. / LEE Chia ..,38,1771
7/1/2026,Round 1,MS,LU Guang Zu Rank 16 Elo 2125 (+20),21-17 / 21-15,NG Ka Long Angus Rank 23 Elo 2056 (-21),46,https://badmintonranks.com/tournament?id=14659,6,Malaysia_Open_2026,LU Guang Zu,16,2125,NG Ka Long Angus,23,2056
6/1/2026,Round 1,WS,CHEN Yu Fei (4) Rank 4 Elo 2563 (+2),10-21 / 21-13 / 21-16,Pitchamon OPATNIPUTH Rank 37 Elo 1926 (-2),64,https://badmintonranks.com/tournament?id=14659,6,Malaysia_Open_2026,CHEN Yu Fei (4),4,2563,Pitchamon OPATNIPUTH,37,1926
6/1/2026,Round 1,MS,Victor LAI Rank 22 Elo 1992 (+35),16-21 / 23-21 / 21-7,Yushi TANAKA Rank 19 Elo 2100 (-34),73,https://badmintonranks.com/tournament?id=14659,6,Malaysia_Open_2026,Victor LAI,22,1992,Yushi TANAKA,19,2100
6/1/2026,Round 1,MD,KIM Won .. / SEO Seu.. (1) Rank 1 Elo 2455 (+3),21-18 / 21-17,CHEN Bo.. / LIU Yi Rank 9 Elo 1960 (-3),45,https://badmintonranks.com/tournament?id=14659,6,Malaysia_Open_2026,KIM Won .. / SEO Seu.. (1),1,2455,CHEN Bo.. / LIU Yi,9,1960
6/1/2026,Round 1,WD,Kaho OS.. / Mai TANA.. Rank 28 Elo 1797 (+26),21-12 / 20-22 / 21-11,CHANG .. / YANG Chi.. Rank 15 Elo 1723 (-30),68,https://badmintonranks.com/tournament?id=14659,6,Malaysia_Open_2026,Kaho OS.. / Mai TANA..,28,1797,CHANG .. / YANG Chi..,15,1723
6/1/2026,Round 1,WS,Busanan ONGBAMRUN.. Rank 19 Elo 1998 (+34),21-16 / 21-18,Supanida KATETHONG Rank 15 Elo 2100 (-33),38,https://badmintonranks.com/tournament?id=14659,6,Malaysia_Open_2026,Busanan ONGBAMRUN..,19,1998,Supanida KATETHONG,15,2100
6/1/2026,Round 1,MD,Ben LANE / Sean VEN.. Rank 16 Elo 2032 (+18),16-21 / 21-16 / 21-15,CHOON.. / Muhamma.. Rank 33 Elo 1923 (-19),69,https://badmintonranks.com/tournament?id=14659,7,Malaysia_Open_2026,Ben LANE / Sean VEN..,16,2032,CHOON.. / Muhamma..,33,1923
6/1/2026,Round 1,MD,Nur Mohd.. / TAN Wee .. Rank 28 Elo 1840 (+30),11-21 / 24-22 / 21-11,ONG Yew.. / TEO Ee Yi Rank 29 Elo 1841 (-30),52,https://badmintonranks.com/tournament?id=14659,7,Malaysia_Open_2026,Nur Mohd.. / TAN Wee ..,28,1840,ONG Yew.. / TEO Ee Yi,29,1841
6/1/2026,Round 1,WD,KIM Hye .. / KONG H.. (3) Rank 3 Elo 2202 (+3),21-12 / 22-20,Julie MA.. / Ciara TOR.. Rank 40 Elo 1691 (-4),40,https://badmintonranks.com/tournament?id=14659,7,Malaysia_Open_2026,KIM Hye .. / KONG H.. (3),3,2202,Julie MA.. / Ciara TOR..,40,1691
6/1/2026,Round 1,WS,Line Højmark KJAERSF.. Rank 26 Elo 1867 (+28),21-13 / 21-16,HUANG Yu-Hsun Rank 40 Elo 1849 (-28),32,https://badmintonranks.com/tournament?id=14659,7,Malaysia_Open_2026,Line Højmark KJAERSF..,26,1867,HUANG Yu-Hsun,40,1849
6/1/2026,Round 1,MS,Anders ANTONSEN (3) Rank 3 Elo 2381 (+9),21-13 / 14-21 / 21-18,LOH Kean Yew Rank 10 Elo 2113 (-9),67,https://badmintonranks.com/tournament?id=14659,7,Malaysia_Open_2026,Anders ANTONSEN (3),3,2381,LOH Kean Yew,10,2113
6/1/2026,Round 1,WS,HAN Yue (5) Rank 5 Elo 2383 (+16),21-16 / 21-10,KIM Ga Eun Rank 16 Elo 2239 (-15),34,https://badmintonranks.com/tournament?id=14659,7,Malaysia_Open_2026,HAN Yue (5),5,2383,KIM Ga Eun,16,2239
6/1/2026,Round 1,WD,HSIEH P.. / HUNG E.. (7) Rank 9 Elo 1849 (+26),21-15 / 21-17,LIN Xiao .. / WANG Yu .. Rank 35 Elo 1803 (-27),34,https://badmintonranks.com/tournament?id=14659,7,Malaysia_Open_2026,HSIEH P.. / HUNG E.. (7),9,1849,LIN Xiao .. / WANG Yu ..,35,1803
6/1/2026,Round 1,WD,Ririna HI.. / Kokona IS.. Rank 37 Elo 1828 (+24),21-18 / 21-15,LUI Lok L.. / TSANG Hi.. Rank 31 Elo 1748 (-28),49,https://badmintonranks.com/tournament?id=14659,7,Malaysia_Open_2026,Ririna HI.. / Kokona IS..,37,1828,LUI Lok L.. / TSANG Hi..,31,1748
6/1/2026,Round 1,MD,MAN Wei.. / TEE Kai .. (5) Rank 5 Elo 2065 (+22),21-17 / 21-18,Kim AST.. / Anders Sk.. Rank 10 Elo 2010 (-22),42,https://badmintonranks.com/tournament?id=14659,7,Malaysia_Open_2026,MAN Wei.. / TEE Kai .. (5),5,2065,Kim AST.. / Anders Sk..,10,2010
6/1/2026,Round 1,MD,Hiroki MI.. / Kyohei YA.. Rank 26 Elo 1925 (+18),21-10 / 22-20,Hariharan.. / M.R.ARJU.. Rank 68 Elo 1792 (-21),38,https://badmintonranks.com/tournament?id=14659,7,Malaysia_Open_2026,Hiroki MI.. / Kyohei YA..,26,1925,Hariharan.. / M.R.ARJU..,68,1792
6/1/2026,Round 1,MS,CHOU Tien Chen (5) Rank 6 Elo 2213 (+22),21-14 / 21-12,LIN Chun-Yi Rank 12 Elo 2165 (-22),40,https://badmintonranks.com/tournament?id=14659,7,Malaysia_Open_2026,CHOU Tien Chen (5),6,2213,LIN Chun-Yi,12,2165
6/1/2026,Round 1,MS,Ayush SHETTY Rank 32 Elo 2000 (+36),21-12 / 21-17,LEE Zii Jia Rank 144 Elo 2129 (-35),39,https://badmintonranks.com/tournament?id=14659,7,Malaysia_Open_2026,Ayush SHETTY,32,2000,LEE Zii Jia,144,2129
6/1/2026,Round 1,XD,CHEN Ta.. / TOH Ee .. (4) Rank 4 Elo 2207 (+15),21-12 / 21-17,Jafar HID.. / Felisha Al.. Rank 10 Elo 2058 (-16),39,https://badmintonranks.com/tournament?id=14659,7,Malaysia_Open_2026,CHEN Ta.. / TOH Ee .. (4),4,2207,Jafar HID.. / Felisha Al..,10,2058
6/1/2026,Round 1,MS,SHI Yu Qi (1) Rank 1 Elo 2566 (+4),23-21 / 21-15,Rasmus GEMKE Rank 27 Elo 2115 (-4),52,https://badmintonranks.com/tournament?id=14659,7,Malaysia_Open_2026,SHI Yu Qi (1),1,2566,Rasmus GEMKE,27,2115
6/1/2026,Round 1,XD,Marvin S.. / Thuc Phu.. Rank 40 Elo 1821 (+22),18-21 / 21-19 / 21-12,YANG Po.. / HU Ling F.. Rank 18 Elo 1710 (-27),52,https://badmintonranks.com/tournament?id=14659,7,Malaysia_Open_2026,Marvin S.. / Thuc Phu..,40,1821,YANG Po.. / HU Ling F..,18,1710
6/1/2026,Round 1,MD,GOH Sze.. / Nur IZZU.. (7) Rank 7 Elo 2033 (+18),21-15 / 21-13,Daniel LU.. / Mads VES.. Rank 27 Elo 1919 (-19),38,https://badmintonranks.com/tournament?id=14659,7,Malaysia_Open_2026,GOH Sze.. / Nur IZZU.. (7),7,2033,Daniel LU.. / Mads VES..,27,1919
6/1/2026,Round 1,MS,LEE Cheuk Yiu Rank 18 Elo 2053 (+47),13-21 / 21-19 / 23-21,Christo POPOV (6) Rank 7 Elo 2447 (-46),74,https://badmintonranks.com/tournament?id=14659,7,Malaysia_Open_2026,LEE Cheuk Yiu,18,2053,Christo POPOV (6),7,2447
6/1/2026,Round 1,WS,Mia BLICHFELDT Rank 20 Elo 2212 (+13),21-15 / 21-23 / 22-20,Natsuki NIDAIRA Rank 28 Elo 2027 (-14),84,https://badmintonranks.com/tournament?id=14659,7,Malaysia_Open_2026,Mia BLICHFELDT,20,2212,Natsuki NIDAIRA,28,2027
6/1/2026,Round 1,MS,Kenta NISHIMOTO Rank 14 Elo 2113 (+23),21-14 / 14-21 / 21-5,Toma Junior POPOV Rank 15 Elo 2065 (-22),60,https://badmintonranks.com/tournament?id=14659,7,Malaysia_Open_2026,Kenta NISHIMOTO,14,2113,Toma Junior POPOV,15,2065
6/1/2026,Round 1,XD,GUO Xin .. / CHEN Fa.. (6) Rank 6 Elo 2120 (+9),21-16 / 21-10,Alexande.. / Julie MAC.. Rank 27 Elo 1836 (-10),29,https://badmintonranks.com/tournament?id=14659,7,Malaysia_Open_2026,GUO Xin .. / CHEN Fa.. (6),6,2120,Alexande.. / Julie MAC..,27,1836
6/1/2026,Round 1,XD,FENG Ya.. / HUANG .. (1) Rank 1 Elo 2505 (+0),14-2 Ret.,WONG Ti.. / LIM Chiew.. Rank 37 Elo 1699 (-0),7,https://badmintonranks.com/tournament?id=14659,8,Malaysia_Open_2026,FENG Ya.. / HUANG .. (1),1,2505,WONG Ti.. / LIM Chiew..,37,1699
6/1/2026,Round 1,XD,HOO Pan.. / CHENG S.. Rank 21 Elo 1895 (+43),20-22 / 21-18 / 21-17,Mathias .. / Alexandra .. Rank 12 Elo 2098 (-39),72,https://badmintonranks.com/tournament?id=14659,8,Malaysia_Open_2026,HOO Pan.. / CHENG S..,21,1895,Mathias .. / Alexandra ..,12,2098
6/1/2026,Round 1,MD,Kakeru K.. / Hiroki NIS.. Rank 34 Elo 1897 (+20),21-16 / 21-11,Takumi N.. / Yuichi SHI.. Rank 35 Elo 1791 (-23),32,https://badmintonranks.com/tournament?id=14659,8,Malaysia_Open_2026,Kakeru K.. / Hiroki NIS..,34,1897,Takumi N.. / Yuichi SHI..,35,1791
6/1/2026,Round 1,WS,Ratchanok INTANON (7) Rank 7 Elo 2222 (+5),21-11 / 21-11,Malvika BANSOD Rank 50 Elo 1857 (-6),35,https://badmintonranks.com/tournament?id=14659,8,Malaysia_Open_2026,Ratchanok INTANON (7),7,2222,Malvika BANSOD,50,1857
6/1/2026,Round 1,MS,Lakshya SEN Rank 13 Elo 2260 (+8),21-16 / 15-21 / 21-14,Jia Heng Jason TEH Rank 21 Elo 1951 (-7),70,https://badmintonranks.com/tournament?id=14659,8,Malaysia_Open_2026,Lakshya SEN,13,2260,Jia Heng Jason TEH,21,1951
6/1/2026,Round 1,MD,Takuro H.. / Yugo KOB.. Rank 11 Elo 2179 (+23),18-21 / 21-7 / 21-17,LIANG W.. / WANG C.. (4) Rank 4 Elo 2138 (-22),59,https://badmintonranks.com/tournament?id=14659,8,Malaysia_Open_2026,Takuro H.. / Yugo KOB..,11,2179,LIANG W.. / WANG C.. (4),4,2138
6/1/2026,Round 1,WD,Ornnicha .. / Sukitta SU.. Rank 47 Elo 1476 (+143),21-19 / 11-21 / 21-16,YEUNG .. / YEUNG .. (8) Rank 13 Elo 1834 (-54),70,https://badmintonranks.com/tournament?id=14659,8,Malaysia_Open_2026,Ornnicha .. / Sukitta SU..,47,1476,YEUNG .. / YEUNG .. (8),13,1834
6/1/2026,Round 1,XD,CHENG .. / ZHANG C.. Rank 14 Elo 1943 (+12),18-21 / 22-20 / 21-15,Hiroki MI.. / Nami MAT.. Rank Elo 1713 (-16),64,https://badmintonranks.com/tournament?id=14659,8,Malaysia_Open_2026,CHENG .. / ZHANG C..,14,1943,Hiroki MI.. / Nami MAT..,,1713
6/1/2026,Round 1,XD,TANG Ch.. / TSE Ying.. (7) Rank 8 Elo 2100 (+8),21-10 / 21-9,Jimmy W.. / LAI Pei Jin.. Rank 26 Elo 1812 (-10),34,https://badmintonranks.com/tournament?id=14659,8,Malaysia_Open_2026,TANG Ch.. / TSE Ying.. (7),8,2100,Jimmy W.. / LAI Pei Jin..,26,1812
6/1/2026,Round 1,WD,LIU Shen.. / TAN Ning (1) Rank 1 Elo 2363 (+2),21-8 / 21-16,Francesc.. / Jennie GA.. Rank 36 Elo 1788 (-2),36,https://badmintonranks.com/tournament?id=14659,8,Malaysia_Open_2026,LIU Shen.. / TAN Ning (1),1,2363,Francesc.. / Jennie GA..,36,1788
6/1/2026,Round 1,WS,AN Se Young (1) Rank 1 Elo 2817 (+1),19-21 / 21-16 / 21-18,Michelle LI Rank 12 Elo 2192 (-2),75,https://badmintonranks.com/tournament?id=14659,8,Malaysia_Open_2026,AN Se Young (1),1,2817,Michelle LI,12,2192
6/1/2026,Round 1,WD,Rui HIRO.. / Sayaka H.. Rank 16 Elo 1941 (+16),21-16 / 21-11,ONG Xin .. / Carmen TI.. Rank 26 Elo 1776 (-19),44,https://badmintonranks.com/tournament?id=14659,8,Malaysia_Open_2026,Rui HIRO.. / Sayaka H..,16,1941,ONG Xin .. / Carmen TI..,26,1776
6/1/2026,Round 1,XD,CHEN Ch.. / HSU Yin-.. Rank 28 Elo 1796 (+31),21-19 / 19-21 / 21-17,Mads VE.. / Christine .. Rank 24 Elo 1773 (-31),63,https://badmintonranks.com/tournament?id=14659,8,Malaysia_Open_2026,CHEN Ch.. / HSU Yin-..,28,1796,Mads VE.. / Christine ..,24,1773
6/1/2026,Round 1,WS,Nozomi OKUHARA Rank 30 Elo 2085 (+7),21-12 / 21-14,PAI Yu Po Rank 67 Elo 1750 (-9),33,https://badmintonranks.com/tournament?id=14659,8,Malaysia_Open_2026,Nozomi OKUHARA,30,2085,PAI Yu Po,67,1750
6/1/2026,Round 1,WD,JEONG .. / LEE Yeon .. Rank 19 Elo 1927 (+37),21-11 / 21-16,Arisa IGA.. / Chiharu S.. Rank 23 Elo 2049 (-35),44,https://badmintonranks.com/tournament?id=14659,8,Malaysia_Open_2026,JEONG .. / LEE Yeon ..,19,1927,Arisa IGA.. / Chiharu S..,23,2049
12/1/2025,Final,MD,KIM Won .. / SEO Seun.. Rank Elo 1851 (+50),19-21 / 21-12 / 21-12,CHEN Bo.. / LIU Yi Rank 18 Elo 2061 (-44),64,https://badmintonranks.com/tournament?id=14377,1,Malaysia_Open_2025,KIM Won .. / SEO Seun..,,1851,CHEN Bo.. / LIU Yi,18,2061
12/1/2025,Final,MS,SHI Yu Qi (1) Rank 1 Elo 2507 (+22),21-8 / 21-15,Anders ANTONSEN (2) Rank 2 Elo 2442 (-23),39,https://badmintonranks.com/tournament?id=14377,1,Malaysia_Open_2025,SHI Yu Qi (1),1,2507,Anders ANTONSEN (2),2,2442
12/1/2025,Final,XD,Dechapol.. / Supissara .. Rank 57 Elo 2117 (+49),21-13 / 19-21 / 21-18,FENG Ya.. / HUANG .. (1) Rank 1 Elo 2458 (-48),80,https://badmintonranks.com/tournament?id=14377,1,Malaysia_Open_2025,Dechapol.. / Supissara ..,57,2117,FENG Ya.. / HUANG .. (1),1,2458
12/1/2025,Final,WS,AN Se Young (1) Rank 1 Elo 2614 (+18),21-17 / 21-7,WANG Zhi Yi (2) Rank 2 Elo 2492 (-18),45,https://badmintonranks.com/tournament?id=14377,1,Malaysia_Open_2025,AN Se Young (1),1,2614,WANG Zhi Yi (2),2,2492
12/1/2025,Final,WD,Yuki FUK.. / Mayu MAT.. Rank 93 Elo 2081 (+29),17-21 / 21-15 / 21-15,JIA Yi Fan / ZHANG S.. Rank 129 Elo 2089 (-29),95,https://badmintonranks.com/tournament?id=14377,1,Malaysia_Open_2025,Yuki FUK.. / Mayu MAT..,93,2081,JIA Yi Fan / ZHANG S..,129,2089
11/1/2025,Semi final,MS,Anders ANTONSEN (2) Rank 2 Elo 2424 (+18),21-14 / 21-14,Kodai NARAOKA (8) Rank 8 Elo 2300 (-18),57,https://badmintonranks.com/tournament?id=14377,1,Malaysia_Open_2025,Anders ANTONSEN (2),2,2424,Kodai NARAOKA (8),8,2300
11/1/2025,Semi final,MD,CHEN Bo.. / LIU Yi Rank 18 Elo 2031 (+30),24-26 / 21-16 / 21-15,MAN Wei.. / TEE Kai .. Rank 14 Elo 2051 (-30),77,https://badmintonranks.com/tournament?id=14377,1,Malaysia_Open_2025,CHEN Bo.. / LIU Yi,18,2031,MAN Wei.. / TEE Kai ..,14,2051
11/1/2025,Semi final,XD,FENG Ya.. / HUANG .. (1) Rank 1 Elo 2447 (+11),21-19 / 21-14,CHEN Ta.. / TOH Ee .. (3) Rank 5 Elo 2223 (-12),50,https://badmintonranks.com/tournament?id=14377,1,Malaysia_Open_2025,FENG Ya.. / HUANG .. (1),1,2447,CHEN Ta.. / TOH Ee .. (3),5,2223
11/1/2025,Semi final,MS,SHI Yu Qi (1) Rank 1 Elo 2492 (+15),16-21 / 21-5 / 21-12,LI Shi Feng (7) Rank 7 Elo 2329 (-15),65,https://badmintonranks.com/tournament?id=14377,1,Malaysia_Open_2025,SHI Yu Qi (1),1,2492,LI Shi Feng (7),7,2329
11/1/2025,Semi final,MD,KIM Won .. / SEO Seun.. Rank Elo 1787 (+64),21-10 / 21-15,Satwiksai.. / Chirag S.. (7) Rank 9 Elo 2213 (-49),40,https://badmintonranks.com/tournament?id=14377,1,Malaysia_Open_2025,KIM Won .. / SEO Seun..,,1787,Satwiksai.. / Chirag S.. (7),9,2213
11/1/2025,Semi final,XD,Dechapol.. / Supissara .. Rank 57 Elo 2089 (+28),17-21 / 21-12 / 21-16,GOH Soo.. / LAI Shev.. (4) Rank 6 Elo 2094 (-28),63,https://badmintonranks.com/tournament?id=14377,1,Malaysia_Open_2025,Dechapol.. / Supissara ..,57,2089,GOH Soo.. / LAI Shev.. (4),6,2094
11/1/2025,Semi final,WD,JIA Yi Fan / ZHANG S.. Rank 129 Elo 2040 (+49),19-21 / 21-16 / 21-17,LIU Shen.. / TAN Ning (1) Rank 1 Elo 2385 (-47),91,https://badmintonranks.com/tournament?id=14377,1,Malaysia_Open_2025,JIA Yi Fan / ZHANG S..,129,2040,LIU Shen.. / TAN Ning (1),1,2385
11/1/2025,Semi final,WS,WANG Zhi Yi (2) Rank 2 Elo 2490 (+2),21-16 / 21-12,Pornpicha CHOEIKEEW.. Rank 44 Elo 1940 (-2),39,https://badmintonranks.com/tournament?id=14377,1,Malaysia_Open_2025,WANG Zhi Yi (2),2,2490,Pornpicha CHOEIKEEW..,44,1940
11/1/2025,Semi final,WD,Yuki FUK.. / Mayu MAT.. Rank 93 Elo 2046 (+35),21-13 / 23-21,LI Yi jing / LUO Xu .. (4) Rank 7 Elo 2140 (-34),61,https://badmintonranks.com/tournament?id=14377,1,Malaysia_Open_2025,Yuki FUK.. / Mayu MAT..,93,2046,LI Yi jing / LUO Xu .. (4),7,2140
11/1/2025,Semi final,WS,AN Se Young (1) Rank 1 Elo 2608 (+6),21-14 / 21-18,Ratchanok INTANON Rank 16 Elo 2227 (-6),50,https://badmintonranks.com/tournament?id=14377,1,Malaysia_Open_2025,AN Se Young (1),1,2608,Ratchanok INTANON,16,2227
10/1/2025,Quarter final,MS,Anders ANTONSEN (2) Rank 2 Elo 2401 (+23),21-15 / 21-13,Kunlavut VITIDSARN (5) Rank 5 Elo 2357 (-23),49,https://badmintonranks.com/tournament?id=14377,1,Malaysia_Open_2025,Anders ANTONSEN (2),2,2401,Kunlavut VITIDSARN (5),5,2357
10/1/2025,Quarter final,MD,Satwiksai.. / Chirag S.. (7) Rank 9 Elo 2203 (+10),26-24 / 21-15,ONG Yew.. / TEO Ee Yi Rank 24 Elo 1957 (-11),50,https://badmintonranks.com/tournament?id=14377,1,Malaysia_Open_2025,Satwiksai.. / Chirag S.. (7),9,2203,ONG Yew.. / TEO Ee Yi,24,1957
10/1/2025,Quarter final,MS,Kodai NARAOKA (8) Rank 8 Elo 2279 (+21),21-18 / 21-15,NG Ka Long Angus Rank 17 Elo 2211 (-21),61,https://badmintonranks.com/tournament?id=14377,1,Malaysia_Open_2025,Kodai NARAOKA (8),8,2279,NG Ka Long Angus,17,2211
10/1/2025,Quarter final,MD,MAN Wei.. / TEE Kai .. Rank 14 Elo 2038 (+13),21-15 / 21-11,Christo P.. / Toma Juni.. Rank 29 Elo 1831 (-15),31,https://badmintonranks.com/tournament?id=14377,1,Malaysia_Open_2025,MAN Wei.. / TEE Kai ..,14,2038,Christo P.. / Toma Juni..,29,1831
10/1/2025,Quarter final,MD,KIM Won .. / SEO Seun.. Rank Elo 1731 (+56),21-11 / 21-7,LEE Fan.. / LEE Fang-.. Rank 27 Elo 1891 (-42),30,https://badmintonranks.com/tournament?id=14377,1,Malaysia_Open_2025,KIM Won .. / SEO Seun..,,1731,LEE Fan.. / LEE Fang-..,27,1891
10/1/2025,Quarter final,XD,CHEN Ta.. / TOH Ee .. (3) Rank 5 Elo 2211 (+12),21-11 / 21-18,Hiroki MI.. / Natsu SAI.. Rank 14 Elo 1987 (-12),36,https://badmintonranks.com/tournament?id=14377,2,Malaysia_Open_2025,CHEN Ta.. / TOH Ee .. (3),5,2211,Hiroki MI.. / Natsu SAI..,14,1987
10/1/2025,Quarter final,WD,JIA Yi Fan / ZHANG S.. Rank 129 Elo 2021 (+19),21-12 / 21-11,Lanny Tri.. / Siti Fadia .. Rank 80 Elo 1910 (-20),36,https://badmintonranks.com/tournament?id=14377,2,Malaysia_Open_2025,JIA Yi Fan / ZHANG S..,129,2021,Lanny Tri.. / Siti Fadia ..,80,1910
10/1/2025,Quarter final,WD,LIU Shen.. / TAN Ning (1) Rank 1 Elo 2381 (+4),21-11 / 21-8,HSIEH P.. / HUNG En-.. Rank 25 Elo 1925 (-4),30,https://badmintonranks.com/tournament?id=14377,2,Malaysia_Open_2025,LIU Shen.. / TAN Ning (1),1,2381,HSIEH P.. / HUNG En-..,25,1925
10/1/2025,Quarter final,MS,SHI Yu Qi (1) Rank 1 Elo 2481 (+11),21-16 / 19-21 / 21-17,CHOU Tien Chen Rank 9 Elo 2248 (-11),76,https://badmintonranks.com/tournament?id=14377,2,Malaysia_Open_2025,SHI Yu Qi (1),1,2481,CHOU Tien Chen,9,2248
10/1/2025,Quarter final,MS,LI Shi Feng (7) Rank 7 Elo 2317 (+12),14-21 / 21-13 / 21-7,CHI Yu Jen Rank 32 Elo 2104 (-12),65,https://badmintonranks.com/tournament?id=14377,2,Malaysia_Open_2025,LI Shi Feng (7),7,2317,CHI Yu Jen,32,2104
10/1/2025,Quarter final,MD,CHEN Bo.. / LIU Yi Rank 18 Elo 1999 (+32),21-17 / 21-17,Ben LANE / Sean VEN.. Rank 13 Elo 2057 (-31),43,https://badmintonranks.com/tournament?id=14377,2,Malaysia_Open_2025,CHEN Bo.. / LIU Yi,18,1999,Ben LANE / Sean VEN..,13,2057
10/1/2025,Quarter final,WS,Pornpicha CHOEIKEEW.. Rank 44 Elo 1885 (+55),18-21 / 21-13 / 21-19,HAN Yue (3) Rank 5 Elo 2325 (-49),52,https://badmintonranks.com/tournament?id=14377,2,Malaysia_Open_2025,Pornpicha CHOEIKEEW..,44,1885,HAN Yue (3),5,2325
10/1/2025,Quarter final,XD,FENG Ya.. / HUANG .. (1) Rank 1 Elo 2444 (+3),21-19 / 21-14,YANG Po.. / HU Ling .. (6) Rank 10 Elo 1942 (-3),36,https://badmintonranks.com/tournament?id=14377,2,Malaysia_Open_2025,FENG Ya.. / HUANG .. (1),1,2444,YANG Po.. / HU Ling .. (6),10,1942
10/1/2025,Quarter final,XD,GOH Soo.. / LAI Shev.. (4) Rank 6 Elo 2070 (+24),21-15 / 22-20,CHENG .. / ZHANG .. (7) Rank 11 Elo 2020 (-23),47,https://badmintonranks.com/tournament?id=14377,2,Malaysia_Open_2025,GOH Soo.. / LAI Shev.. (4),6,2070,CHENG .. / ZHANG .. (7),11,2020
10/1/2025,Quarter final,WD,LI Yi jing / LUO Xu .. (4) Rank 7 Elo 2131 (+9),21-16 / 21-16,Misaki M.. / Chiharu S.. Rank Elo 1861 (-10),52,https://badmintonranks.com/tournament?id=14377,2,Malaysia_Open_2025,LI Yi jing / LUO Xu .. (4),7,2131,Misaki M.. / Chiharu S..,,1861
10/1/2025,Quarter final,XD,Dechapol.. / Supissara .. Rank 57 Elo 2059 (+30),21-12 / 14-21 / 21-7,Thom GI.. / Delphine .. Rank 15 Elo 2096 (-30),54,https://badmintonranks.com/tournament?id=14377,2,Malaysia_Open_2025,Dechapol.. / Supissara ..,57,2059,Thom GI.. / Delphine ..,15,2096
10/1/2025,Quarter final,WS,Ratchanok INTANON Rank 16 Elo 2203 (+24),21-13 / 15-21 / 21-16,Putri Kusuma WARDANI Rank 17 Elo 2167 (-24),68,https://badmintonranks.com/tournament?id=14377,2,Malaysia_Open_2025,Ratchanok INTANON,16,2203,Putri Kusuma WARDANI,17,2167
10/1/2025,Quarter final,WS,WANG Zhi Yi (2) Rank 2 Elo 2482 (+8),22-20 / 21-16,YEO Jia Min (7) Rank 12 Elo 2182 (-8),46,https://badmintonranks.com/tournament?id=14377,2,Malaysia_Open_2025,WANG Zhi Yi (2),2,2482,YEO Jia Min (7),12,2182
10/1/2025,Quarter final,WD,Yuki FUK.. / Mayu MAT.. Rank 93 Elo 1998 (+48),21-14 / 21-18,BAEK Ha.. / LEE So H.. (2) Rank 2 Elo 2316 (-45),61,https://badmintonranks.com/tournament?id=14377,2,Malaysia_Open_2025,Yuki FUK.. / Mayu MAT..,93,1998,BAEK Ha.. / LEE So H.. (2),2,2316
10/1/2025,Quarter final,WS,AN Se Young (1) Rank 1 Elo 2608 (+0),21-11 Ret.,ZHANG Beiwen Rank 15 Elo 2125 (-0),16,https://badmintonranks.com/tournament?id=14377,2,Malaysia_Open_2025,AN Se Young (1),1,2608,ZHANG Beiwen,15,2125
9/1/2025,Round 2,WS,HAN Yue (3) Rank 5 Elo 2320 (+5),21-18 / 21-11,Malvika BANSOD Rank 31 Elo 1938 (-6),37,https://badmintonranks.com/tournament?id=14377,2,Malaysia_Open_2025,HAN Yue (3),5,2320,Malvika BANSOD,31,1938
9/1/2025,Round 2,MS,CHOU Tien Chen Rank 9 Elo 2236 (+12),21-9 / 22-24 / 21-18,Yushi TANAKA Rank 27 Elo 2046 (-13),66,https://badmintonranks.com/tournament?id=14377,2,Malaysia_Open_2025,CHOU Tien Chen,9,2236,Yushi TANAKA,27,2046
9/1/2025,Round 2,MD,Satwiksai.. / Chirag S.. (7) Rank 9 Elo 2194 (+9),21-15 / 21-15,Nur Mohd.. / TAN Wee .. Rank 32 Elo 1919 (-9),43,https://badmintonranks.com/tournament?id=14377,2,Malaysia_Open_2025,Satwiksai.. / Chirag S.. (7),9,2194,Nur Mohd.. / TAN Wee ..,32,1919
9/1/2025,Round 2,WD,HSIEH P.. / HUNG En-.. Rank 25 Elo 1907 (+18),20-22 / 21-14 / 21-17,CHANG .. / YANG Chi.. Rank 23 Elo 1771 (-21),67,https://badmintonranks.com/tournament?id=14377,2,Malaysia_Open_2025,HSIEH P.. / HUNG En-..,25,1907,CHANG .. / YANG Chi..,23,1771
9/1/2025,Round 2,MD,Christo P.. / Toma Juni.. Rank 29 Elo 1789 (+42),7-21 / 26-24 / 21-13,Daniel LU.. / Mads VES.. Rank 26 Elo 1885 (-36),62,https://badmintonranks.com/tournament?id=14377,2,Malaysia_Open_2025,Christo P.. / Toma Juni..,29,1789,Daniel LU.. / Mads VES..,26,1885
9/1/2025,Round 2,WD,LIU Shen.. / TAN Ning (1) Rank 1 Elo 2381 (+0),21-6 / 21-5,Vivian H.. / LIM Chiew.. Rank 43 Elo 1582 (-1),30,https://badmintonranks.com/tournament?id=14377,3,Malaysia_Open_2025,LIU Shen.. / TAN Ning (1),1,2381,Vivian H.. / LIM Chiew..,43,1582
9/1/2025,Round 2,MD,LEE Fan.. / LEE Fang-.. Rank 27 Elo 1839 (+52),21-14 / 21-18,Aaron CH.. / SOH Wo.. (5) Rank 6 Elo 2152 (-44),47,https://badmintonranks.com/tournament?id=14377,3,Malaysia_Open_2025,LEE Fan.. / LEE Fang-..,27,1839,Aaron CH.. / SOH Wo.. (5),6,2152
9/1/2025,Round 2,WD,Misaki M.. / Chiharu S.. Rank Elo 1834 (+27),21-16 / 21-13,SUNG Sh.. / YU Chien .. Rank 22 Elo 1795 (-29),41,https://badmintonranks.com/tournament?id=14377,3,Malaysia_Open_2025,Misaki M.. / Chiharu S..,,1834,SUNG Sh.. / YU Chien ..,22,1795
9/1/2025,Round 2,WD,Lanny Tri.. / Siti Fadia .. Rank 80 Elo 1886 (+24),17-21 / 22-20 / 21-18,HSU Yin-.. / LIN Jhih Y.. Rank 26 Elo 1831 (-26),66,https://badmintonranks.com/tournament?id=14377,3,Malaysia_Open_2025,Lanny Tri.. / Siti Fadia ..,80,1886,HSU Yin-.. / LIN Jhih Y..,26,1831
9/1/2025,Round 2,MD,MAN Wei.. / TEE Kai .. Rank 14 Elo 2015 (+23),21-15 / 21-13,LEE Jhe-.. / YANG Po.. (8) Rank 10 Elo 1966 (-23),31,https://badmintonranks.com/tournament?id=14377,3,Malaysia_Open_2025,MAN Wei.. / TEE Kai ..,14,2015,LEE Jhe-.. / YANG Po.. (8),10,1966
9/1/2025,Round 2,XD,GOH Soo.. / LAI Shev.. (4) Rank 6 Elo 2064 (+6),21-10 / 21-17,Sathish K.. / Aadya VA.. Rank 34 Elo 1727 (-10),32,https://badmintonranks.com/tournament?id=14377,3,Malaysia_Open_2025,GOH Soo.. / LAI Shev.. (4),6,2064,Sathish K.. / Aadya VA..,34,1727
9/1/2025,Round 2,WS,Pornpicha CHOEIKEEW.. Rank 44 Elo 1847 (+38),19-21 / 21-16 / 21-17,LIN Hsiang Ti Rank 37 Elo 1939 (-34),68,https://badmintonranks.com/tournament?id=14377,3,Malaysia_Open_2025,Pornpicha CHOEIKEEW..,44,1847,LIN Hsiang Ti,37,1939
9/1/2025,Round 2,MD,Ben LANE / Sean VEN.. Rank 13 Elo 2026 (+31),21-16 / 21-14,Sabar Ka.. / Moh Reza.. Rank 11 Elo 2094 (-31),40,https://badmintonranks.com/tournament?id=14377,3,Malaysia_Open_2025,Ben LANE / Sean VEN..,13,2026,Sabar Ka.. / Moh Reza..,11,2094
9/1/2025,Round 2,WD,BAEK Ha.. / LEE So H.. (2) Rank 2 Elo 2314 (+2),21-14 / 21-10,HU Ling .. / JHENG Y.. Rank 57 Elo 1760 (-3),32,https://badmintonranks.com/tournament?id=14377,3,Malaysia_Open_2025,BAEK Ha.. / LEE So H.. (2),2,2314,HU Ling .. / JHENG Y..,57,1760
9/1/2025,Round 2,MS,Anders ANTONSEN (2) Rank 2 Elo 2385 (+16),21-23 / 21-18 / 21-14,Koki WATANABE Rank 11 Elo 2258 (-16),81,https://badmintonranks.com/tournament?id=14377,3,Malaysia_Open_2025,Anders ANTONSEN (2),2,2385,Koki WATANABE,11,2258
9/1/2025,Round 2,WS,ZHANG Beiwen Rank 15 Elo 2099 (+26),21-14 / 21-18,Mia BLICHFELDT Rank 27 Elo 2102 (-26),36,https://badmintonranks.com/tournament?id=14377,3,Malaysia_Open_2025,ZHANG Beiwen,15,2099,Mia BLICHFELDT,27,2102
9/1/2025,Round 2,MS,SHI Yu Qi (1) Rank 1 Elo 2470 (+11),21-18 / 21-16,LU Guang Zu Rank 16 Elo 2242 (-10),45,https://badmintonranks.com/tournament?id=14377,3,Malaysia_Open_2025,SHI Yu Qi (1),1,2470,LU Guang Zu,16,2242
9/1/2025,Round 2,MD,ONG Yew.. / TEO Ee Yi Rank 24 Elo 1934 (+23),23-21 / 16-21 / 21-18,JIN Yong / KANG Min.. Rank Elo 1885 (-25),69,https://badmintonranks.com/tournament?id=14377,3,Malaysia_Open_2025,ONG Yew.. / TEO Ee Yi,24,1934,JIN Yong / KANG Min..,,1885
9/1/2025,Round 2,WS,Putri Kusuma WARDANI Rank 17 Elo 2157 (+10),21-16 / 21-12,Julie Dawall JAKOBSEN Rank 36 Elo 1917 (-11),30,https://badmintonranks.com/tournament?id=14377,3,Malaysia_Open_2025,Putri Kusuma WARDANI,17,2157,Julie Dawall JAKOBSEN,36,1917
9/1/2025,Round 2,MS,LI Shi Feng (7) Rank 7 Elo 2307 (+10),21-8 / 15-21 / 23-21,PRANNOY H. S. Rank 26 Elo 2077 (-11),82,https://badmintonranks.com/tournament?id=14377,3,Malaysia_Open_2025,LI Shi Feng (7),7,2307,PRANNOY H. S.,26,2077
9/1/2025,Round 2,WS,Ratchanok INTANON Rank 16 Elo 2172 (+31),21-17 / 21-14,Pornpawee CHOCHU.. (8) Rank 13 Elo 2251 (-31),37,https://badmintonranks.com/tournament?id=14377,3,Malaysia_Open_2025,Ratchanok INTANON,16,2172,Pornpawee CHOCHU.. (8),13,2251
9/1/2025,Round 2,WD,Yuki FUK.. / Mayu MAT.. Rank 93 Elo 1978 (+20),21-19 / 21-17,KIM Hye .. / KONG He.. Rank 65 Elo 1888 (-22),59,https://badmintonranks.com/tournament?id=14377,3,Malaysia_Open_2025,Yuki FUK.. / Mayu MAT..,93,1978,KIM Hye .. / KONG He..,65,1888
9/1/2025,Round 2,WS,AN Se Young (1) Rank 1 Elo 2606 (+2),21-15 / 21-15,NGUYEN Thuy Linh Rank 34 Elo 1987 (-2),38,https://badmintonranks.com/tournament?id=14377,3,Malaysia_Open_2025,AN Se Young (1),1,2606,NGUYEN Thuy Linh,34,1987
9/1/2025,Round 2,XD,CHEN Ta.. / TOH Ee .. (3) Rank 5 Elo 2207 (+4),21-8 / 21-14,LU Ming .. / HUNG En-.. Rank 51 Elo 1764 (-5),30,https://badmintonranks.com/tournament?id=14377,3,Malaysia_Open_2025,CHEN Ta.. / TOH Ee .. (3),5,2207,LU Ming .. / HUNG En-..,51,1764
9/1/2025,Round 2,WD,JIA Yi Fan / ZHANG S.. Rank 129 Elo 1997 (+24),15-21 / 21-18 / 21-19,Treesa J.. / GAYATRI.. (6) Rank 11 Elo 1959 (-24),82,https://badmintonranks.com/tournament?id=14377,3,Malaysia_Open_2025,JIA Yi Fan / ZHANG S..,129,1997,Treesa J.. / GAYATRI.. (6),11,1959
9/1/2025,Round 2,WS,WANG Zhi Yi (2) Rank 2 Elo 2480 (+2),21-17 / 21-13,CHIU Pin-Chian Rank 32 Elo 1907 (-2),40,https://badmintonranks.com/tournament?id=14377,4,Malaysia_Open_2025,WANG Zhi Yi (2),2,2480,CHIU Pin-Chian,32,1907
9/1/2025,Round 2,MS,Kunlavut VITIDSARN (5) Rank 5 Elo 2341 (+16),21-7 / 21-10,Anthony Sinisuka GINTI.. Rank 10 Elo 2201 (-16),42,https://badmintonranks.com/tournament?id=14377,4,Malaysia_Open_2025,Kunlavut VITIDSARN (5),5,2341,Anthony Sinisuka GINTI..,10,2201
9/1/2025,Round 2,MS,Kodai NARAOKA (8) Rank 8 Elo 2256 (+23),21-14 / 21-14,LIN Chun-Yi Rank 14 Elo 2213 (-22),43,https://badmintonranks.com/tournament?id=14377,4,Malaysia_Open_2025,Kodai NARAOKA (8),8,2256,LIN Chun-Yi,14,2213
9/1/2025,Round 2,MS,CHI Yu Jen Rank 32 Elo 2073 (+31),15-21 / 21-14 / 21-12,LEE Cheuk Yiu Rank 21 Elo 2139 (-31),57,https://badmintonranks.com/tournament?id=14377,4,Malaysia_Open_2025,CHI Yu Jen,32,2073,LEE Cheuk Yiu,21,2139
9/1/2025,Round 2,WD,LI Yi jing / LUO Xu .. (4) Rank 7 Elo 2116 (+15),11-21 / 21-16 / 21-7,Benyapa .. / Nuntakarn.. Rank 18 Elo 1960 (-15),60,https://badmintonranks.com/tournament?id=14377,4,Malaysia_Open_2025,LI Yi jing / LUO Xu .. (4),7,2116,Benyapa .. / Nuntakarn..,18,1960
9/1/2025,Round 2,XD,YANG Po.. / HU Ling .. (6) Rank 10 Elo 1928 (+14),16-21 / 21-9 / 24-22,Callum H.. / Estelle VA.. Rank 35 Elo 1753 (-19),57,https://badmintonranks.com/tournament?id=14377,4,Malaysia_Open_2025,YANG Po.. / HU Ling .. (6),10,1928,Callum H.. / Estelle VA..,35,1753
9/1/2025,Round 2,XD,Thom GI.. / Delphine .. Rank 15 Elo 2071 (+25),18-21 / 21-12 / 22-20,GUO Xin .. / CHEN Fa.. (8) Rank 12 Elo 2061 (-25),77,https://badmintonranks.com/tournament?id=14377,4,Malaysia_Open_2025,Thom GI.. / Delphine ..,15,2071,GUO Xin .. / CHEN Fa.. (8),12,2061
9/1/2025,Round 2,MD,KIM Won .. / SEO Seun.. Rank Elo 1635 (+96),21-17 / 21-16,LIANG W.. / WANG C.. (2) Rank 2 Elo 2270 (-50),39,https://badmintonranks.com/tournament?id=14377,4,Malaysia_Open_2025,KIM Won .. / SEO Seun..,,1635,LIANG W.. / WANG C.. (2),2,2270
9/1/2025,Round 2,XD,Dechapol.. / Supissara .. Rank 57 Elo 2013 (+46),21-14 / 21-19,JIANG Zh.. / WEI Ya X.. (2) Rank 2 Elo 2346 (-44),32,https://badmintonranks.com/tournament?id=14377,4,Malaysia_Open_2025,Dechapol.. / Supissara ..,57,2013,JIANG Zh.. / WEI Ya X.. (2),2,2346
9/1/2025,Round 2,WS,YEO Jia Min (7) Rank 12 Elo 2148 (+34),21-14 / 21-10,GAO Fang jie Rank 18 Elo 2271 (-33),33,https://badmintonranks.com/tournament?id=14377,4,Malaysia_Open_2025,YEO Jia Min (7),12,2148,GAO Fang jie,18,2271
9/1/2025,Round 2,XD,FENG Ya.. / HUANG .. (1) Rank 1 Elo 2443 (+1),21-11 / 21-10,Alexande.. / Julie MAC.. Rank 50 Elo 1752 (-1),34,https://badmintonranks.com/tournament?id=14377,4,Malaysia_Open_2025,FENG Ya.. / HUANG .. (1),1,2443,Alexande.. / Julie MAC..,50,1752
9/1/2025,Round 2,MS,NG Ka Long Angus Rank 17 Elo 2190 (+21),23-21 / 10-21 / 21-17,Toma Junior POPOV Rank 19 Elo 2136 (-22),84,https://badmintonranks.com/tournament?id=14377,4,Malaysia_Open_2025,NG Ka Long Angus,17,2190,Toma Junior POPOV,19,2136
9/1/2025,Round 2,XD,CHENG .. / ZHANG .. (7) Rank 11 Elo 2006 (+14),21-13 / 22-20,DHRUV .. / Tanisha C.. Rank 69 Elo 1833 (-16),44,https://badmintonranks.com/tournament?id=14377,4,Malaysia_Open_2025,CHENG .. / ZHANG .. (7),11,2006,DHRUV .. / Tanisha C..,69,1833
9/1/2025,Round 2,MD,CHEN Bo.. / LIU Yi Rank 18 Elo 1969 (+30),21-17 / 16-21 / 21-15,CHIU Hsi.. / WANG Ch.. Rank 35 Elo 2008 (-30),59,https://badmintonranks.com/tournament?id=14377,4,Malaysia_Open_2025,CHEN Bo.. / LIU Yi,18,1969,CHIU Hsi.. / WANG Ch..,35,2008
9/1/2025,Round 2,XD,Hiroki MI.. / Natsu SAI.. Rank 14 Elo 1958 (+29),21-17 / 21-17,Dejan FE.. / Gloria E.. (5) Rank 8 Elo 1991 (-29),42,https://badmintonranks.com/tournament?id=14377,4,Malaysia_Open_2025,Hiroki MI.. / Natsu SAI..,14,1958,Dejan FE.. / Gloria E.. (5),8,1991
8/1/2025,Round 1,WD,HU Ling .. / JHENG Y.. Rank 57 Elo 1744 (+16),14-21 / 17-18 Ret.,Setyana .. / Sara THY.. Rank Elo 1781 (-15),40,https://badmintonranks.com/tournament?id=14377,4,Malaysia_Open_2025,HU Ling .. / JHENG Y..,57,1744,Setyana .. / Sara THY..,,1781
8/1/2025,Round 1,MD,Nur Mohd.. / TAN Wee .. Rank 32 Elo 1904 (+15),21-15 / 12-21 / 21-18,XIE Hao .. / ZENG Wei.. Rank 40 Elo 1734 (-20),60,https://badmintonranks.com/tournament?id=14377,4,Malaysia_Open_2025,Nur Mohd.. / TAN Wee ..,32,1904,XIE Hao .. / ZENG Wei..,40,1734
8/1/2025,Round 1,WS,Julie Dawall JAKOBSEN Rank 36 Elo 1904 (+13),21-14 / 21-12,AAKARSHI KASHYAP Rank 46 Elo 1691 (-19),36,https://badmintonranks.com/tournament?id=14377,4,Malaysia_Open_2025,Julie Dawall JAKOBSEN,36,1904,AAKARSHI KASHYAP,46,1691
8/1/2025,Round 1,MD,Satwiksai.. / Chirag S.. (7) Rank 9 Elo 2191 (+3),21-10 / 16-21 / 21-5,LU Ming .. / TANG Kai .. Rank 43 Elo 1705 (-5),56,https://badmintonranks.com/tournament?id=14377,4,Malaysia_Open_2025,Satwiksai.. / Chirag S.. (7),9,2191,LU Ming .. / TANG Kai ..,43,1705
8/1/2025,Round 1,MD,LEE Fan.. / LEE Fang-.. Rank 27 Elo 1811 (+28),21-16 / 21-12,LIU Kuan.. / YANG Po .. Rank 33 Elo 1771 (-30),37,https://badmintonranks.com/tournament?id=14377,4,Malaysia_Open_2025,LEE Fan.. / LEE Fang-..,27,1811,LIU Kuan.. / YANG Po ..,33,1771
8/1/2025,Round 1,WD,SUNG Sh.. / YU Chien .. Rank 22 Elo 1778 (+17),21-15 / 21-15,ONG Xin .. / Carmen TI.. Rank 125 Elo 1597 (-29),39,https://badmintonranks.com/tournament?id=14377,5,Malaysia_Open_2025,SUNG Sh.. / YU Chien ..,22,1778,ONG Xin .. / Carmen TI..,125,1597
8/1/2025,Round 1,WD,BAEK Ha.. / LEE So H.. (2) Rank 2 Elo 2313 (+1),21-9 / 21-6,Paulina C.. / Kornelia M.. Rank 69 Elo 1663 (-2),25,https://badmintonranks.com/tournament?id=14377,5,Malaysia_Open_2025,BAEK Ha.. / LEE So H.. (2),2,2313,Paulina C.. / Kornelia M..,69,1663
8/1/2025,Round 1,WS,Pornpawee CHOCHU.. (8) Rank 13 Elo 2247 (+4),21-17 / 18-21 / 21-8,Anupama UPADHYAYA Rank 45 Elo 1796 (-4),58,https://badmintonranks.com/tournament?id=14377,5,Malaysia_Open_2025,Pornpawee CHOCHU.. (8),13,2247,Anupama UPADHYAYA,45,1796
8/1/2025,Round 1,MD,Sabar Ka.. / Moh Reza.. Rank 11 Elo 2092 (+2),7-12 Ret.,Rasmus .. / Frederik S.. Rank 15 Elo 1887 (-3),12,https://badmintonranks.com/tournament?id=14377,5,Malaysia_Open_2025,Sabar Ka.. / Moh Reza..,11,2092,Rasmus .. / Frederik S..,15,1887
8/1/2025,Round 1,XD,Dechapol.. / Supissara .. Rank 57 Elo 1995 (+18),21-12 / 21-14,YE Hong .. / Nicole Go.. Rank 64 Elo 1875 (-19),29,https://badmintonranks.com/tournament?id=14377,5,Malaysia_Open_2025,Dechapol.. / Supissara ..,57,1995,YE Hong .. / Nicole Go..,64,1875
8/1/2025,Round 1,MD,Aaron CH.. / SOH Wo.. (5) Rank 6 Elo 2148 (+4),21-15 / 16-21 / 21-10,CHEN Z.. / Presley S.. Rank 37 Elo 1740 (-6),58,https://badmintonranks.com/tournament?id=14377,5,Malaysia_Open_2025,Aaron CH.. / SOH Wo.. (5),6,2148,CHEN Z.. / Presley S..,37,1740
8/1/2025,Round 1,XD,GUO Xin .. / CHEN Fa.. (8) Rank 12 Elo 2049 (+12),21-13 / 21-16,CHEN Ch.. / HSU Yin-.. Rank 30 Elo 1840 (-14),34,https://badmintonranks.com/tournament?id=14377,5,Malaysia_Open_2025,GUO Xin .. / CHEN Fa.. (8),12,2049,CHEN Ch.. / HSU Yin-..,30,1840
8/1/2025,Round 1,MS,LIN Chun-Yi Rank 14 Elo 2193 (+20),9-21 / 21-18 / 21-7,Rasmus GEMKE Rank 30 Elo 2127 (-21),58,https://badmintonranks.com/tournament?id=14377,5,Malaysia_Open_2025,LIN Chun-Yi,14,2193,Rasmus GEMKE,30,2127
8/1/2025,Round 1,WD,Misaki M.. / Chiharu S.. Rank Elo 1800 (+34),23-21 / 21-12,Tanisha .. / Ashwini P.. (8) Rank 16 Elo 1823 (-33),49,https://badmintonranks.com/tournament?id=14377,5,Malaysia_Open_2025,Misaki M.. / Chiharu S..,,1800,Tanisha .. / Ashwini P.. (8),16,1823
8/1/2025,Round 1,MD,JIN Yong / KANG Min.. Rank Elo 1868 (+17),21-18 / 21-14,CHEN Zh.. / LIN Yu Chi.. Rank 39 Elo 1716 (-23),39,https://badmintonranks.com/tournament?id=14377,5,Malaysia_Open_2025,JIN Yong / KANG Min..,,1868,CHEN Zh.. / LIN Yu Chi..,39,1716
8/1/2025,Round 1,XD,JIANG Zh.. / WEI Ya X.. (2) Rank 2 Elo 2343 (+3),18-21 / 21-8 / 23-21,Ruttanap.. / Jhenicha .. Rank 26 Elo 1869 (-4),55,https://badmintonranks.com/tournament?id=14377,5,Malaysia_Open_2025,JIANG Zh.. / WEI Ya X.. (2),2,2343,Ruttanap.. / Jhenicha ..,26,1869
8/1/2025,Round 1,MD,ONG Yew.. / TEO Ee Yi Rank 24 Elo 1889 (+45),15-21 / 21-17 / 21-13,Fajar ALF.. / Muhamm.. (4) Rank 4 Elo 2117 (-40),62,https://badmintonranks.com/tournament?id=14377,5,Malaysia_Open_2025,ONG Yew.. / TEO Ee Yi,24,1889,Fajar ALF.. / Muhamm.. (4),4,2117
8/1/2025,Round 1,WS,HAN Yue (3) Rank 5 Elo 2315 (+5),22-20 / 21-7,PAI Yu Po Rank 30 Elo 1900 (-5),38,https://badmintonranks.com/tournament?id=14377,5,Malaysia_Open_2025,HAN Yue (3),5,2315,PAI Yu Po,30,1900
8/1/2025,Round 1,WS,CHIU Pin-Chian Rank 32 Elo 1889 (+18),21-11 / 19-21 / 21-17,Lauren LAM Rank 41 Elo 1759 (-22),56,https://badmintonranks.com/tournament?id=14377,5,Malaysia_Open_2025,CHIU Pin-Chian,32,1889,Lauren LAM,41,1759
8/1/2025,Round 1,MS,Anders ANTONSEN (2) Rank 2 Elo 2379 (+6),21-17 / 21-10,WANG Tzu Wei Rank 24 Elo 2009 (-5),46,https://badmintonranks.com/tournament?id=14377,5,Malaysia_Open_2025,Anders ANTONSEN (2),2,2379,WANG Tzu Wei,24,2009
8/1/2025,Round 1,MS,Kodai NARAOKA (8) Rank 8 Elo 2244 (+12),23-21 / 21-9,Christo POPOV Rank 25 Elo 2042 (-12),41,https://badmintonranks.com/tournament?id=14377,5,Malaysia_Open_2025,Kodai NARAOKA (8),8,2244,Christo POPOV,25,2042
8/1/2025,Round 1,WD,Yuki FUK.. / Mayu MAT.. Rank 93 Elo 1969 (+9),21-16 / 21-17,Julie MA.. / Ciara TOR.. Rank 41 Elo 1701 (-14),43,https://badmintonranks.com/tournament?id=14377,5,Malaysia_Open_2025,Yuki FUK.. / Mayu MAT..,93,1969,Julie MA.. / Ciara TOR..,41,1701
8/1/2025,Round 1,WS,Malvika BANSOD Rank 31 Elo 1913 (+25),21-15 / 21-16,GOH Jin Wei Rank 42 Elo 1876 (-26),45,https://badmintonranks.com/tournament?id=14377,5,Malaysia_Open_2025,Malvika BANSOD,31,1913,GOH Jin Wei,42,1876
8/1/2025,Round 1,XD,Thom GI.. / Delphine .. Rank 15 Elo 2063 (+8),21-9 / 21-12,Mads VE.. / Christine .. Rank 28 Elo 1758 (-11),34,https://badmintonranks.com/tournament?id=14377,5,Malaysia_Open_2025,Thom GI.. / Delphine ..,15,2063,Mads VE.. / Christine ..,28,1758
8/1/2025,Round 1,WD,LI Yi jing / LUO Xu .. (4) Rank 7 Elo 2112 (+4),21-14 / 21-14,FAN Ka Y.. / YAU Mau .. Rank 63 Elo 1697 (-7),35,https://badmintonranks.com/tournament?id=14377,5,Malaysia_Open_2025,LI Yi jing / LUO Xu .. (4),7,2112,FAN Ka Y.. / YAU Mau ..,63,1697
8/1/2025,Round 1,WS,Pornpicha CHOEIKEEW.. Rank 44 Elo 1809 (+38),21-7 / 15-21 / 21-17,Kaoru SUGIYAMA Rank 39 Elo 1876 (-34),56,https://badmintonranks.com/tournament?id=14377,6,Malaysia_Open_2025,Pornpicha CHOEIKEEW..,44,1809,Kaoru SUGIYAMA,39,1876
8/1/2025,Round 1,WS,WANG Zhi Yi (2) Rank 2 Elo 2478 (+2),21-9 / 21-13,HSU Wen Chi Rank 29 Elo 1942 (-2),33,https://badmintonranks.com/tournament?id=14377,6,Malaysia_Open_2025,WANG Zhi Yi (2),2,2478,HSU Wen Chi,29,1942
8/1/2025,Round 1,MD,KIM Won .. / SEO Seun.. Rank Elo 1500 (+135),21-17 / 21-11,Junaidi A.. / YAP Roy .. Rank 23 Elo 1873 (-53),45,https://badmintonranks.com/tournament?id=14377,6,Malaysia_Open_2025,KIM Won .. / SEO Seun..,,1500,Junaidi A.. / YAP Roy ..,23,1873
8/1/2025,Round 1,MS,Anthony Sinisuka GINTI.. Rank 10 Elo 2182 (+19),21-12 / 21-18,LEE Chia Hao Rank 23 Elo 2095 (-19),41,https://badmintonranks.com/tournament?id=14377,6,Malaysia_Open_2025,Anthony Sinisuka GINTI..,10,2182,LEE Chia Hao,23,2095
8/1/2025,Round 1,MS,LI Shi Feng (7) Rank 7 Elo 2300 (+7),21-11 / 21-16,Priyanshu RAJAWAT Rank 34 Elo 1970 (-7),39,https://badmintonranks.com/tournament?id=14377,6,Malaysia_Open_2025,LI Shi Feng (7),7,2300,Priyanshu RAJAWAT,34,1970
8/1/2025,Round 1,WD,KIM Hye .. / KONG He.. Rank 65 Elo 1871 (+17),21-12 / 21-9,YEUNG .. / YEUNG .. (7) Rank 15 Elo 1714 (-23),41,https://badmintonranks.com/tournament?id=14377,6,Malaysia_Open_2025,KIM Hye .. / KONG He..,65,1871,YEUNG .. / YEUNG .. (7),15,1714
8/1/2025,Round 1,MS,Koki WATANABE Rank 11 Elo 2242 (+16),21-13 / 21-18,LOH Kean Yew Rank 13 Elo 2108 (-17),46,https://badmintonranks.com/tournament?id=14377,6,Malaysia_Open_2025,Koki WATANABE,11,2242,LOH Kean Yew,13,2108
8/1/2025,Round 1,XD,Sathish K.. / Aadya VA.. Rank 34 Elo 1699 (+28),21-13 / 21-15,Ashith S.. / Amrutha P.. Rank 54 Elo 1583 (-40),27,https://badmintonranks.com/tournament?id=14377,6,Malaysia_Open_2025,Sathish K.. / Aadya VA..,34,1699,Ashith S.. / Amrutha P..,54,1583
8/1/2025,Round 1,MD,LIANG W.. / WANG C.. (2) Rank 2 Elo 2265 (+5),21-18 / 21-18,KIM Gi Ju.. / KIM Sa R.. Rank 74 Elo 1860 (-5),34,https://badmintonranks.com/tournament?id=14377,6,Malaysia_Open_2025,LIANG W.. / WANG C.. (2),2,2265,KIM Gi Ju.. / KIM Sa R..,74,1860
8/1/2025,Round 1,WD,Benyapa .. / Nuntakarn.. Rank 18 Elo 1957 (+3),21-17 / 21-10,Rutaparn.. / Swetaparn.. Rank 38 Elo 1489 (-10),36,https://badmintonranks.com/tournament?id=14377,6,Malaysia_Open_2025,Benyapa .. / Nuntakarn..,18,1957,Rutaparn.. / Swetaparn..,38,1489
8/1/2025,Round 1,WS,GAO Fang jie Rank 18 Elo 2265 (+6),19-21 / 21-19 / 21-13,Kirsty GILMOUR Rank 28 Elo 1940 (-7),67,https://badmintonranks.com/tournament?id=14377,6,Malaysia_Open_2025,GAO Fang jie,18,2265,Kirsty GILMOUR,28,1940
8/1/2025,Round 1,MS,NG Ka Long Angus Rank 17 Elo 2157 (+33),16-21 / 21-19 / 21-11,WENG Hong Yang Rank 20 Elo 2265 (-33),76,https://badmintonranks.com/tournament?id=14377,6,Malaysia_Open_2025,NG Ka Long Angus,17,2157,WENG Hong Yang,20,2265
8/1/2025,Round 1,MS,Kunlavut VITIDSARN (5) Rank 5 Elo 2323 (+18),21-11 / 12-21 / 23-21,Alex LANIER Rank 18 Elo 2227 (-19),80,https://badmintonranks.com/tournament?id=14377,6,Malaysia_Open_2025,Kunlavut VITIDSARN (5),5,2323,Alex LANIER,18,2227
8/1/2025,Round 1,XD,CHENG .. / ZHANG .. (7) Rank 11 Elo 1991 (+15),21-8 / 21-12,Robin TA.. / Alexandra .. Rank 124 Elo 1823 (-17),29,https://badmintonranks.com/tournament?id=14377,6,Malaysia_Open_2025,CHENG .. / ZHANG .. (7),11,1991,Robin TA.. / Alexandra ..,124,1823
8/1/2025,Round 1,XD,GOH Soo.. / LAI Shev.. (4) Rank 6 Elo 2058 (+6),21-15 / 21-19,Presley S.. / Jennie GA.. Rank 106 Elo 1687 (-9),36,https://badmintonranks.com/tournament?id=14377,6,Malaysia_Open_2025,GOH Soo.. / LAI Shev.. (4),6,2058,Presley S.. / Jennie GA..,106,1687
8/1/2025,Round 1,MS,PRANNOY H. S. Rank 26 Elo 2059 (+18),21-12 / 17-21 / 21-15,Brian YANG Rank 28 Elo 1944 (-19),89,https://badmintonranks.com/tournament?id=14377,6,Malaysia_Open_2025,PRANNOY H. S.,26,2059,Brian YANG,28,1944
8/1/2025,Round 1,XD,DHRUV .. / Tanisha C.. Rank 69 Elo 1799 (+34),21-13 / 21-14,KO Sung .. / EOM Hye .. Rank 102 Elo 1819 (-33),30,https://badmintonranks.com/tournament?id=14377,6,Malaysia_Open_2025,DHRUV .. / Tanisha C..,69,1799,KO Sung .. / EOM Hye ..,102,1819
8/1/2025,Round 1,MS,Toma Junior POPOV Rank 19 Elo 2093 (+43),21-8 / 14-21 / 26-24,Jonatan CHRISTIE (3) Rank 3 Elo 2358 (-41),81,https://badmintonranks.com/tournament?id=14377,6,Malaysia_Open_2025,Toma Junior POPOV,19,2093,Jonatan CHRISTIE (3),3,2358
8/1/2025,Round 1,WS,YEO Jia Min (7) Rank 12 Elo 2137 (+11),21-16 / 21-13,SUNG Shuo Yun Rank 24 Elo 1907 (-12),45,https://badmintonranks.com/tournament?id=14377,6,Malaysia_Open_2025,YEO Jia Min (7),12,2137,SUNG Shuo Yun,24,1907
7/1/2025,Round 1,MS,CHI Yu Jen Rank 32 Elo 2032 (+41),21-14 / 21-7,Lakshya SEN Rank 12 Elo 2251 (-39),35,https://badmintonranks.com/tournament?id=14377,6,Malaysia_Open_2025,CHI Yu Jen,32,2032,Lakshya SEN,12,2251
7/1/2025,Round 1,WS,Putri Kusuma WARDANI Rank 17 Elo 2121 (+36),21-8 / 21-14,Gregoria Mariska TUN.. (4) Rank 6 Elo 2276 (-36),31,https://badmintonranks.com/tournament?id=14377,7,Malaysia_Open_2025,Putri Kusuma WARDANI,17,2121,Gregoria Mariska TUN.. (4),6,2276
7/1/2025,Round 1,MD,MAN Wei.. / TEE Kai .. Rank 14 Elo 1996 (+19),21-12 / 21-17,Kenya MI.. / Hiroki OK.. Rank 19 Elo 1903 (-21),38,https://badmintonranks.com/tournament?id=14377,7,Malaysia_Open_2025,MAN Wei.. / TEE Kai ..,14,1996,Kenya MI.. / Hiroki OK..,19,1903
7/1/2025,Round 1,WD,Vivian H.. / LIM Chiew.. Rank 43 Elo 1538 (+44),21-11 / 21-17,CHENG .. / SUN Yu H.. Rank 62 Elo 1414 (-61),34,https://badmintonranks.com/tournament?id=14377,7,Malaysia_Open_2025,Vivian H.. / LIM Chiew..,43,1538,CHENG .. / SUN Yu H..,62,1414
7/1/2025,Round 1,XD,CHEN Ta.. / TOH Ee .. (3) Rank 5 Elo 2206 (+1),21-8 / 21-9,WU Hsua.. / YANG Ch.. Rank 40 Elo 1639 (-4),27,https://badmintonranks.com/tournament?id=14377,7,Malaysia_Open_2025,CHEN Ta.. / TOH Ee .. (3),5,2206,WU Hsua.. / YANG Ch..,40,1639
7/1/2025,Round 1,WD,Lanny Tri.. / Siti Fadia .. Rank 80 Elo 1838 (+48),19-21 / 21-14 / 21-13,Pearly TA.. / THINAAH.. (3) Rank 6 Elo 2072 (-41),63,https://badmintonranks.com/tournament?id=14377,7,Malaysia_Open_2025,Lanny Tri.. / Siti Fadia ..,80,1838,Pearly TA.. / THINAAH.. (3),6,2072
7/1/2025,Round 1,MS,LEE Cheuk Yiu Rank 21 Elo 2093 (+46),21-17 / 21-13,Viktor AXELSEN (4) Rank 4 Elo 2462 (-45),38,https://badmintonranks.com/tournament?id=14377,7,Malaysia_Open_2025,LEE Cheuk Yiu,21,2093,Viktor AXELSEN (4),4,2462
7/1/2025,Round 1,WS,Ratchanok INTANON Rank 16 Elo 2167 (+5),21-11 / 21-6,LO Sin Yan Happy Rank 50 Elo 1762 (-6),32,https://badmintonranks.com/tournament?id=14377,7,Malaysia_Open_2025,Ratchanok INTANON,16,2167,LO Sin Yan Happy,50,1762
7/1/2025,Round 1,XD,YANG Po.. / HU Ling .. (6) Rank 10 Elo 1923 (+5),21-18 / 22-24 / 21-17,TANG Ch.. / NG Tsz Ya.. Rank Elo 1500 (-12),61,https://badmintonranks.com/tournament?id=14377,7,Malaysia_Open_2025,YANG Po.. / HU Ling .. (6),10,1923,TANG Ch.. / NG Tsz Ya..,,1500
7/1/2025,Round 1,WD,HSIEH P.. / HUNG En-.. Rank 25 Elo 1867 (+40),21-14 / 21-14,Febriana .. / Amallia C.. (5) Rank 9 Elo 1999 (-36),36,https://badmintonranks.com/tournament?id=14377,7,Malaysia_Open_2025,HSIEH P.. / HUNG En-..,25,1867,Febriana .. / Amallia C.. (5),9,1999
7/1/2025,Round 1,MD,Daniel LU.. / Mads VES.. Rank 26 Elo 1831 (+54),21-15 / 9-21 / 21-18,GOH Sze.. / Nur IZZU.. (3) Rank 3 Elo 2182 (-45),52,https://badmintonranks.com/tournament?id=14377,7,Malaysia_Open_2025,Daniel LU.. / Mads VES..,26,1831,GOH Sze.. / Nur IZZU.. (3),3,2182
7/1/2025,Round 1,MD,CHEN Bo.. / LIU Yi Rank 18 Elo 1950 (+19),21-11 / 17-21 / 21-18,Peeratch.. / Pakkapon .. Rank 30 Elo 1835 (-21),58,https://badmintonranks.com/tournament?id=14377,7,Malaysia_Open_2025,CHEN Bo.. / LIU Yi,18,1950,Peeratch.. / Pakkapon ..,30,1835
7/1/2025,Round 1,MD,CHIU Hsi.. / WANG Ch.. Rank 35 Elo 1963 (+45),21-16 / 18-21 / 22-20,Kim AST.. / Anders S.. (1) Rank 1 Elo 2234 (-42),63,https://badmintonranks.com/tournament?id=14377,7,Malaysia_Open_2025,CHIU Hsi.. / WANG Ch..,35,1963,Kim AST.. / Anders S.. (1),1,2234
7/1/2025,Round 1,WD,CHANG .. / YANG Chi.. Rank 23 Elo 1738 (+33),21-19 / 17-21 / 21-11,Polina B.. / Yevheniia .. Rank 24 Elo 1706 (-36),50,https://badmintonranks.com/tournament?id=14377,7,Malaysia_Open_2025,CHANG .. / YANG Chi..,23,1738,Polina B.. / Yevheniia ..,24,1706
7/1/2025,Round 1,WD,JIA Yi Fan / ZHANG S.. Rank 129 Elo 1987 (+10),21-17 / 21-10,GO Pei K.. / TEOH Mei.. Rank 73 Elo 1735 (-14),38,https://badmintonranks.com/tournament?id=14377,7,Malaysia_Open_2025,JIA Yi Fan / ZHANG S..,129,1987,GO Pei K.. / TEOH Mei..,73,1735
7/1/2025,Round 1,MD,Christo P.. / Toma Juni.. Rank 29 Elo 1753 (+36),21-17 / 21-12,Christoph.. / Matthew .. Rank 42 Elo 1757 (-35),39,https://badmintonranks.com/tournament?id=14377,7,Malaysia_Open_2025,Christo P.. / Toma Juni..,29,1753,Christoph.. / Matthew ..,42,1757
7/1/2025,Round 1,WS,AN Se Young (1) Rank 1 Elo 2605 (+1),21-12 / 21-13,Line CHRISTOPHERSEN Rank 35 Elo 1877 (-1),36,https://badmintonranks.com/tournament?id=14377,7,Malaysia_Open_2025,AN Se Young (1),1,2605,Line CHRISTOPHERSEN,35,1877
7/1/2025,Round 1,MS,LU Guang Zu Rank 16 Elo 2223 (+19),21-17 / 16-21 / 21-13,LEONG Jun Hao Rank 29 Elo 2137 (-19),80,https://badmintonranks.com/tournament?id=14377,7,Malaysia_Open_2025,LU Guang Zu,16,2223,LEONG Jun Hao,29,2137
7/1/2025,Round 1,XD,FENG Ya.. / HUANG .. (1) Rank 1 Elo 2442 (+1),21-17 / 21-12,Gregory .. / Jenny MAI.. Rank 41 Elo 1687 (-1),40,https://badmintonranks.com/tournament?id=14377,7,Malaysia_Open_2025,FENG Ya.. / HUANG .. (1),1,2442,Gregory .. / Jenny MAI..,41,1687
7/1/2025,Round 1,WD,LIU Shen.. / TAN Ning (1) Rank 1 Elo 2380 (+1),21-10 / 21-10,Julie FIN.. / Mai SURR.. Rank 48 Elo 1702 (-2),37,https://badmintonranks.com/tournament?id=14377,7,Malaysia_Open_2025,LIU Shen.. / TAN Ning (1),1,2380,Julie FIN.. / Mai SURR..,48,1702
7/1/2025,Round 1,XD,Hiroki MI.. / Natsu SAI.. Rank 14 Elo 1930 (+28),22-20 / 21-10,TAN Kian.. / LAI Pei Jin.. Rank 19 Elo 1930 (-27),37,https://badmintonranks.com/tournament?id=14377,7,Malaysia_Open_2025,Hiroki MI.. / Natsu SAI..,14,1930,TAN Kian.. / LAI Pei Jin..,19,1930
7/1/2025,Round 1,XD,Alexande.. / Julie MAC.. Rank 50 Elo 1712 (+40),21-17 / 21-15,HEE Yon.. / JIN Yu Jia Rank 126 Elo 1722 (-39),35,https://badmintonranks.com/tournament?id=14377,8,Malaysia_Open_2025,Alexande.. / Julie MAC..,50,1712,HEE Yon.. / JIN Yu Jia,126,1722
7/1/2025,Round 1,WS,Mia BLICHFELDT Rank 27 Elo 2071 (+31),15-21 / 21-14 / 21-16,Tomoka MIYAZAKI (6) Rank 11 Elo 2140 (-31),56,https://badmintonranks.com/tournament?id=14377,8,Malaysia_Open_2025,Mia BLICHFELDT,27,2071,Tomoka MIYAZAKI (6),11,2140
7/1/2025,Round 1,WS,NGUYEN Thuy Linh Rank 34 Elo 1955 (+32),21-16 / 21-19,Natsuki NIDAIRA Rank 22 Elo 2009 (-31),48,https://badmintonranks.com/tournament?id=14377,8,Malaysia_Open_2025,NGUYEN Thuy Linh,34,1955,Natsuki NIDAIRA,22,2009
7/1/2025,Round 1,MS,Yushi TANAKA Rank 27 Elo 2008 (+38),19-21 / 21-16 / 21-13,LEI Lan Xi Rank 22 Elo 2166 (-37),70,https://badmintonranks.com/tournament?id=14377,8,Malaysia_Open_2025,Yushi TANAKA,27,2008,LEI Lan Xi,22,2166
7/1/2025,Round 1,WD,Treesa J.. / GAYATRI.. (6) Rank 11 Elo 1951 (+8),21-10 / 21-10,Ornnicha .. / Sukitta SU.. Rank 42 Elo 1647 (-14),30,https://badmintonranks.com/tournament?id=14377,8,Malaysia_Open_2025,Treesa J.. / GAYATRI.. (6),11,1951,Ornnicha .. / Sukitta SU..,42,1647
7/1/2025,Round 1,MD,Ben LANE / Sean VEN.. Rank 13 Elo 1994 (+32),23-21 / 19-21 / 21-11,HE Ji Ting / REN Xian.. (6) Rank 7 Elo 2071 (-32),71,https://badmintonranks.com/tournament?id=14377,8,Malaysia_Open_2025,Ben LANE / Sean VEN..,13,1994,HE Ji Ting / REN Xian.. (6),7,2071
7/1/2025,Round 1,XD,LU Ming .. / HUNG En-.. Rank 51 Elo 1690 (+74),28-26 / 14-21 / 24-22,HOO Pan.. / CHENG S.. Rank 20 Elo 2048 (-46),66,https://badmintonranks.com/tournament?id=14377,8,Malaysia_Open_2025,LU Ming .. / HUNG En-..,51,1690,HOO Pan.. / CHENG S..,20,2048
7/1/2025,Round 1,WD,HSU Yin-.. / LIN Jhih Y.. Rank 26 Elo 1795 (+36),21-17 / 21-10,TENG Ch.. / YANG Ch.. Rank 67 Elo 1834 (-34),26,https://badmintonranks.com/tournament?id=14377,8,Malaysia_Open_2025,HSU Yin-.. / LIN Jhih Y..,26,1795,TENG Ch.. / YANG Ch..,67,1834
7/1/2025,Round 1,XD,Callum H.. / Estelle VA.. Rank 35 Elo 1744 (+9),15-21 / 21-11 / 21-6,Oleksii TI.. / Yevheniia .. Rank 56 Elo 1399 (-23),35,https://badmintonranks.com/tournament?id=14377,8,Malaysia_Open_2025,Callum H.. / Estelle VA..,35,1744,Oleksii TI.. / Yevheniia ..,56,1399
7/1/2025,Round 1,MS,SHI Yu Qi (1) Rank 1 Elo 2464 (+6),21-16 / 20-22 / 21-16,Kenta NISHIMOTO Rank 15 Elo 2120 (-6),77,https://badmintonranks.com/tournament?id=14377,8,Malaysia_Open_2025,SHI Yu Qi (1),1,2464,Kenta NISHIMOTO,15,2120
7/1/2025,Round 1,MS,CHOU Tien Chen Rank 9 Elo 2224 (+12),21-14 / 21-17,SU Li Yang Rank 33 Elo 2013 (-12),50,https://badmintonranks.com/tournament?id=14377,8,Malaysia_Open_2025,CHOU Tien Chen,9,2224,SU Li Yang,33,2013
7/1/2025,Round 1,XD,Dejan FE.. / Gloria E.. (5) Rank 8 Elo 1981 (+10),21-12 / 21-13,WONG Ti.. / LIM Chiew.. Rank 33 Elo 1732 (-14),34,https://badmintonranks.com/tournament?id=14377,8,Malaysia_Open_2025,Dejan FE.. / Gloria E.. (5),8,1981,WONG Ti.. / LIM Chiew..,33,1732
7/1/2025,Round 1,MD,LEE Jhe-.. / YANG Po.. (8) Rank 10 Elo 1952 (+14),21-18 / 16-21 / 21-16,CHIANG .. / WU Hsua.. Rank 52 Elo 1772 (-18),49,https://badmintonranks.com/tournament?id=14377,8,Malaysia_Open_2025,LEE Jhe-.. / YANG Po.. (8),10,1952,CHIANG .. / WU Hsua..,52,1772
7/1/2025,Round 1,WS,ZHANG Beiwen Rank 15 Elo 2068 (+31),21-14 / 20-22 / 21-14,Nozomi OKUHARA Rank 19 Elo 2138 (-31),48,https://badmintonranks.com/tournament?id=14377,8,Malaysia_Open_2025,ZHANG Beiwen,15,2068,Nozomi OKUHARA,19,2138
7/1/2025,Round 1,WS,LIN Hsiang Ti Rank 37 Elo 1939 (+0),W.O.,Busanan ONGBAMRU.. (5) Rank 10 Elo 2088 (-0),0,https://badmintonranks.com/tournament?id=14377,8,Malaysia_Open_2025,LIN Hsiang Ti,37,1939,Busanan ONGBAMRU.. (5),10,2088
14/1/2024,Final,MD,LIANG W.. / WANG C.. (1) Rank 1 Elo 2265 (+29),9-21 / 21-18 / 21-17,Satwiksai.. / Chirag S.. (2) Rank 2 Elo 2278 (-29),58,https://badmintonranks.com/tournament?id=10911,1,Malaysia_Open_2024,LIANG W.. / WANG C.. (1),1,2265,Satwiksai.. / Chirag S.. (2),2,2278
14/1/2024,Final,MS,Anders ANTONSEN Rank 9 Elo 2369 (+32),21-14 / 21-13,SHI Yu Qi (7) Rank 6 Elo 2425 (-32),55,https://badmintonranks.com/tournament?id=10911,1,Malaysia_Open_2024,Anders ANTONSEN,9,2369,SHI Yu Qi (7),6,2425
14/1/2024,Final,WD,LIU Shen.. / TAN Ning (8) Rank 8 Elo 2283 (+20),21-18 / 21-18,ZHANG .. / ZHENG .. (5) Rank 7 Elo 2193 (-21),52,https://badmintonranks.com/tournament?id=10911,1,Malaysia_Open_2024,LIU Shen.. / TAN Ning (8),8,2283,ZHANG .. / ZHENG .. (5),7,2193
14/1/2024,Final,WS,AN Se Young (1) Rank 1 Elo 2668 (+19),10-21 / 21-10 / 21-18,TAI Tzu Ying (4) Rank 4 Elo 2561 (-19),58,https://badmintonranks.com/tournament?id=10911,1,Malaysia_Open_2024,AN Se Young (1),1,2668,TAI Tzu Ying (4),4,2561
14/1/2024,Final,XD,Yuta WAT.. / Arisa IGA.. (2) Rank 2 Elo 2236 (+23),21-18 / 21-15,KIM Won .. / JEONG .. (7) Rank 7 Elo 2176 (-23),37,https://badmintonranks.com/tournament?id=10911,1,Malaysia_Open_2024,Yuta WAT.. / Arisa IGA.. (2),2,2236,KIM Won .. / JEONG .. (7),7,2176
13/1/2024,Semi final,MD,LIANG W.. / WANG C.. (1) Rank 1 Elo 2247 (+18),21-12 / 19-21 / 21-13,Takuro H.. / Yugo KO.. (7) Rank 7 Elo 2136 (-19),50,https://badmintonranks.com/tournament?id=10911,1,Malaysia_Open_2024,LIANG W.. / WANG C.. (1),1,2247,Takuro H.. / Yugo KO.. (7),7,2136
13/1/2024,Semi final,MS,SHI Yu Qi (7) Rank 6 Elo 2383 (+42),21-12 / 19-21 / 21-17,Viktor AXELSEN (1) Rank 1 Elo 2590 (-41),70,https://badmintonranks.com/tournament?id=10911,1,Malaysia_Open_2024,SHI Yu Qi (7),6,2383,Viktor AXELSEN (1),1,2590
13/1/2024,Semi final,MD,Satwiksai.. / Chirag S.. (2) Rank 2 Elo 2251 (+27),21-18 / 22-20,KANG Mi.. / SEO Seu.. (6) Rank 3 Elo 2248 (-27),47,https://badmintonranks.com/tournament?id=10911,1,Malaysia_Open_2024,Satwiksai.. / Chirag S.. (2),2,2251,KANG Mi.. / SEO Seu.. (6),3,2248
13/1/2024,Semi final,MS,Anders ANTONSEN Rank 9 Elo 2356 (+13),21-16 / 21-7,LIN Chun-Yi Rank 21 Elo 2164 (-13),41,https://badmintonranks.com/tournament?id=10911,1,Malaysia_Open_2024,Anders ANTONSEN,9,2356,LIN Chun-Yi,21,2164
13/1/2024,Semi final,WD,LIU Shen.. / TAN Ning (8) Rank 8 Elo 2268 (+15),21-11 / 21-16,Rin IWAN.. / Kie NAKA.. Rank 15 Elo 2091 (-14),47,https://badmintonranks.com/tournament?id=10911,1,Malaysia_Open_2024,LIU Shen.. / TAN Ning (8),8,2268,Rin IWAN.. / Kie NAKA..,15,2091
13/1/2024,Semi final,WS,AN Se Young (1) Rank 1 Elo 2663 (+5),21-17 / 21-11,ZHANG Yi Man Rank 17 Elo 2239 (-4),36,https://badmintonranks.com/tournament?id=10911,1,Malaysia_Open_2024,AN Se Young (1),1,2663,ZHANG Yi Man,17,2239
13/1/2024,Semi final,WD,ZHANG .. / ZHENG .. (5) Rank 7 Elo 2151 (+42),21-17 / 21-17,BAEK Ha.. / LEE So H.. (2) Rank 2 Elo 2361 (-41),45,https://badmintonranks.com/tournament?id=10911,1,Malaysia_Open_2024,ZHANG .. / ZHENG .. (5),7,2151,BAEK Ha.. / LEE So H.. (2),2,2361
13/1/2024,Semi final,XD,Yuta WAT.. / Arisa IGA.. (2) Rank 2 Elo 2206 (+30),21-15 / 12-21 / 21-15,JIANG Zh.. / WEI Ya X.. (5) Rank 5 Elo 2253 (-31),50,https://badmintonranks.com/tournament?id=10911,1,Malaysia_Open_2024,Yuta WAT.. / Arisa IGA.. (2),2,2206,JIANG Zh.. / WEI Ya X.. (5),5,2253
13/1/2024,Semi final,WS,TAI Tzu Ying (4) Rank 4 Elo 2529 (+32),17-21 / 21-15 / 21-18,CHEN Yu Fei (2) Rank 2 Elo 2599 (-32),72,https://badmintonranks.com/tournament?id=10911,1,Malaysia_Open_2024,TAI Tzu Ying (4),4,2529,CHEN Yu Fei (2),2,2599
13/1/2024,Semi final,XD,KIM Won .. / JEONG .. (7) Rank 7 Elo 2159 (+17),21-16 / 21-16,HEE Yon.. / TAN Wei .. Rank 22 Elo 2016 (-18),41,https://badmintonranks.com/tournament?id=10911,1,Malaysia_Open_2024,KIM Won .. / JEONG .. (7),7,2159,HEE Yon.. / TAN Wei ..,22,2016
12/1/2024,Quarter final,MD,KANG Mi.. / SEO Seu.. (6) Rank 3 Elo 2227 (+21),16-21 / 21-18 / 21-13,Aaron CH.. / SOH Wo.. (3) Rank 4 Elo 2156 (-21),64,https://badmintonranks.com/tournament?id=10911,1,Malaysia_Open_2024,KANG Mi.. / SEO Seu.. (6),3,2227,Aaron CH.. / SOH Wo.. (3),4,2156
12/1/2024,Quarter final,MS,SHI Yu Qi (7) Rank 6 Elo 2367 (+16),8-21 / 21-11 / 21-10,LU Guang Zu Rank 19 Elo 2230 (-16),61,https://badmintonranks.com/tournament?id=10911,1,Malaysia_Open_2024,SHI Yu Qi (7),6,2367,LU Guang Zu,19,2230
12/1/2024,Quarter final,MS,Viktor AXELSEN (1) Rank 1 Elo 2588 (+2),16-21 / 21-18 / 21-9,NG Ka Long Angus Rank 20 Elo 2084 (-3),61,https://badmintonranks.com/tournament?id=10911,1,Malaysia_Open_2024,Viktor AXELSEN (1),1,2588,NG Ka Long Angus,20,2084
12/1/2024,Quarter final,WD,LIU Shen.. / TAN Ning (8) Rank 8 Elo 2227 (+41),21-12 / 17-21 / 21-10,CHEN Qi.. / JIA Yi Fan (1) Rank 1 Elo 2445 (-41),68,https://badmintonranks.com/tournament?id=10911,1,Malaysia_Open_2024,LIU Shen.. / TAN Ning (8),8,2227,CHEN Qi.. / JIA Yi Fan (1),1,2445
12/1/2024,Quarter final,MD,Takuro H.. / Yugo KO.. (7) Rank 7 Elo 2117 (+19),21-15 / 21-9,ONG Yew.. / TEO Ee Yi Rank 12 Elo 2012 (-19),34,https://badmintonranks.com/tournament?id=10911,1,Malaysia_Open_2024,Takuro H.. / Yugo KO.. (7),7,2117,ONG Yew.. / TEO Ee Yi,12,2012
12/1/2024,Quarter final,MD,Satwiksai.. / Chirag S.. (2) Rank 2 Elo 2231 (+20),21-11 / 21-8,HE Ji Ting / REN Xian.. Rank 32 Elo 2154 (-21),35,https://badmintonranks.com/tournament?id=10911,2,Malaysia_Open_2024,Satwiksai.. / Chirag S.. (2),2,2231,HE Ji Ting / REN Xian..,32,2154
12/1/2024,Quarter final,WD,Rin IWAN.. / Kie NAKA.. Rank 15 Elo 2076 (+15),21-15 / 21-13,Tanisha .. / Ashwini P.. Rank 24 Elo 1905 (-16),39,https://badmintonranks.com/tournament?id=10911,2,Malaysia_Open_2024,Rin IWAN.. / Kie NAKA..,15,2076,Tanisha .. / Ashwini P..,24,1905
12/1/2024,Quarter final,MD,LIANG W.. / WANG C.. (1) Rank 1 Elo 2231 (+16),16-21 / 21-17 / 21-18,Fajar ALF.. / Muhamm.. (5) Rank 6 Elo 2080 (-16),54,https://badmintonranks.com/tournament?id=10911,2,Malaysia_Open_2024,LIANG W.. / WANG C.. (1),1,2231,Fajar ALF.. / Muhamm.. (5),6,2080
12/1/2024,Quarter final,MS,Anders ANTONSEN Rank 9 Elo 2332 (+24),16-21 / 21-12 / 21-7,Kodai NARAOKA (2) Rank 2 Elo 2301 (-24),77,https://badmintonranks.com/tournament?id=10911,2,Malaysia_Open_2024,Anders ANTONSEN,9,2332,Kodai NARAOKA (2),2,2301
12/1/2024,Quarter final,WS,ZHANG Yi Man Rank 17 Elo 2193 (+46),12-21 / 21-17 / 21-17,Akane YAMAGUCHI (3) Rank 3 Elo 2533 (-46),55,https://badmintonranks.com/tournament?id=10911,2,Malaysia_Open_2024,ZHANG Yi Man,17,2193,Akane YAMAGUCHI (3),3,2533
12/1/2024,Quarter final,WD,BAEK Ha.. / LEE So H.. (2) Rank 2 Elo 2356 (+5),21-13 / 21-14,LI Wen M.. / LIU Xuan .. Rank 16 Elo 1980 (-6),40,https://badmintonranks.com/tournament?id=10911,2,Malaysia_Open_2024,BAEK Ha.. / LEE So H.. (2),2,2356,LI Wen M.. / LIU Xuan ..,16,1980
12/1/2024,Quarter final,WD,ZHANG .. / ZHENG .. (5) Rank 7 Elo 2127 (+24),21-17 / 21-15,Rena MI.. / Ayako SA.. Rank 14 Elo 2097 (-24),42,https://badmintonranks.com/tournament?id=10911,2,Malaysia_Open_2024,ZHANG .. / ZHENG .. (5),7,2127,Rena MI.. / Ayako SA..,14,2097
12/1/2024,Quarter final,MS,LIN Chun-Yi Rank 21 Elo 2120 (+44),21-12 / 21-18,LI Shi Feng (3) Rank 3 Elo 2387 (-44),49,https://badmintonranks.com/tournament?id=10911,2,Malaysia_Open_2024,LIN Chun-Yi,21,2120,LI Shi Feng (3),3,2387
12/1/2024,Quarter final,WS,AN Se Young (1) Rank 1 Elo 2661 (+2),16-21 / 21-12 / 21-19,YEO Jia Min Rank 22 Elo 2112 (-2),62,https://badmintonranks.com/tournament?id=10911,2,Malaysia_Open_2024,AN Se Young (1),1,2661,YEO Jia Min,22,2112
12/1/2024,Quarter final,XD,Yuta WAT.. / Arisa IGA.. (2) Rank 2 Elo 2192 (+14),21-14 / 21-8,Hiroki MI.. / Natsu SAI.. Rank 13 Elo 2012 (-14),32,https://badmintonranks.com/tournament?id=10911,2,Malaysia_Open_2024,Yuta WAT.. / Arisa IGA.. (2),2,2192,Hiroki MI.. / Natsu SAI..,13,2012
12/1/2024,Quarter final,XD,JIANG Zh.. / WEI Ya X.. (5) Rank 5 Elo 2218 (+35),21-19 / 21-14,SEO Seu.. / CHAE Yu.. (3) Rank 4 Elo 2331 (-35),37,https://badmintonranks.com/tournament?id=10911,2,Malaysia_Open_2024,JIANG Zh.. / WEI Ya X.. (5),5,2218,SEO Seu.. / CHAE Yu.. (3),4,2331
12/1/2024,Quarter final,WS,TAI Tzu Ying (4) Rank 4 Elo 2511 (+18),21-16 / 21-15,HE Bing Jiao (6) Rank 6 Elo 2398 (-18),37,https://badmintonranks.com/tournament?id=10911,2,Malaysia_Open_2024,TAI Tzu Ying (4),4,2511,HE Bing Jiao (6),6,2398
12/1/2024,Quarter final,XD,KIM Won .. / JEONG .. (7) Rank 7 Elo 2110 (+49),21-11 / 18-21 / 21-17,ZHENG .. / HUANG .. (1) Rank 1 Elo 2542 (-48),58,https://badmintonranks.com/tournament?id=10911,2,Malaysia_Open_2024,KIM Won .. / JEONG .. (7),7,2110,ZHENG .. / HUANG .. (1),1,2542
12/1/2024,Quarter final,XD,HEE Yon.. / TAN Wei .. Rank 22 Elo 1973 (+43),21-16 / 21-19,Dechapol.. / Sapsiree .. (6) Rank 6 Elo 2170 (-40),48,https://badmintonranks.com/tournament?id=10911,2,Malaysia_Open_2024,HEE Yon.. / TAN Wei ..,22,1973,Dechapol.. / Sapsiree .. (6),6,2170
12/1/2024,Quarter final,WS,CHEN Yu Fei (2) Rank 2 Elo 2591 (+8),21-13 / 21-17,Gregoria Mariska TUN.. (7) Rank 7 Elo 2302 (-8),40,https://badmintonranks.com/tournament?id=10911,2,Malaysia_Open_2024,CHEN Yu Fei (2),2,2591,Gregoria Mariska TUN.. (7),7,2302
11/1/2024,Round 2,WD,Rena MI.. / Ayako SA.. Rank 14 Elo 2057 (+40),21-11 / 13-21 / 21-18,Nami MA.. / Chiharu .. (4) Rank 4 Elo 2280 (-40),63,https://badmintonranks.com/tournament?id=10911,2,Malaysia_Open_2024,Rena MI.. / Ayako SA..,14,2057,Nami MA.. / Chiharu .. (4),4,2280
11/1/2024,Round 2,MD,Fajar ALF.. / Muhamm.. (5) Rank 6 Elo 2065 (+15),21-13 / 21-12,LEE Fan.. / LEE Fang-.. Rank 25 Elo 1908 (-16),38,https://badmintonranks.com/tournament?id=10911,2,Malaysia_Open_2024,Fajar ALF.. / Muhamm.. (5),6,2065,LEE Fan.. / LEE Fang-..,25,1908
11/1/2024,Round 2,MD,LIANG W.. / WANG C.. (1) Rank 1 Elo 2225 (+6),21-14 / 21-14,Keiichiro .. / Yoshinori .. Rank 28 Elo 1885 (-7),32,https://badmintonranks.com/tournament?id=10911,2,Malaysia_Open_2024,LIANG W.. / WANG C.. (1),1,2225,Keiichiro .. / Yoshinori ..,28,1885
11/1/2024,Round 2,MS,LI Shi Feng (3) Rank 3 Elo 2370 (+17),13-21 / 21-16 / 21-18,WENG Hong Yang Rank 18 Elo 2247 (-17),82,https://badmintonranks.com/tournament?id=10911,2,Malaysia_Open_2024,LI Shi Feng (3),3,2370,WENG Hong Yang,18,2247
11/1/2024,Round 2,WD,BAEK Ha.. / LEE So H.. (2) Rank 2 Elo 2353 (+3),21-13 / 22-20,YEUNG .. / YEUNG P.. Rank 21 Elo 1828 (-3),47,https://badmintonranks.com/tournament?id=10911,2,Malaysia_Open_2024,BAEK Ha.. / LEE So H.. (2),2,2353,YEUNG .. / YEUNG P..,21,1828
11/1/2024,Round 2,WD,ZHANG .. / ZHENG .. (5) Rank 7 Elo 2120 (+7),21-14 / 21-8,Annie XU / Kerry XU Rank 31 Elo 1783 (-9),32,https://badmintonranks.com/tournament?id=10911,3,Malaysia_Open_2024,ZHANG .. / ZHENG .. (5),7,2120,Annie XU / Kerry XU,31,1783
11/1/2024,Round 2,WS,ZHANG Yi Man Rank 17 Elo 2184 (+9),21-8 / 21-10,HSU Wen Chi Rank 23 Elo 1909 (-10),28,https://badmintonranks.com/tournament?id=10911,3,Malaysia_Open_2024,ZHANG Yi Man,17,2184,HSU Wen Chi,23,1909
11/1/2024,Round 2,MD,Aaron CH.. / SOH Wo.. (3) Rank 4 Elo 2144 (+12),21-15 / 21-16,GOH Sze.. / Nur IZZUD.. Rank 26 Elo 1954 (-14),37,https://badmintonranks.com/tournament?id=10911,3,Malaysia_Open_2024,Aaron CH.. / SOH Wo.. (3),4,2144,GOH Sze.. / Nur IZZUD..,26,1954
11/1/2024,Round 2,WS,Akane YAMAGUCHI (3) Rank 3 Elo 2531 (+2),21-9 / 21-14,Kirsty GILMOUR Rank 25 Elo 1995 (-3),30,https://badmintonranks.com/tournament?id=10911,3,Malaysia_Open_2024,Akane YAMAGUCHI (3),3,2531,Kirsty GILMOUR,25,1995
11/1/2024,Round 2,WD,LI Wen M.. / LIU Xuan .. Rank 16 Elo 1945 (+35),19-21 / 22-20 / 21-14,Jongkolp.. / Rawinda .. Rank 10 Elo 2049 (-34),75,https://badmintonranks.com/tournament?id=10911,3,Malaysia_Open_2024,LI Wen M.. / LIU Xuan ..,16,1945,Jongkolp.. / Rawinda ..,10,2049
11/1/2024,Round 2,MD,KANG Mi.. / SEO Seu.. (6) Rank 3 Elo 2217 (+10),21-13 / 21-14,LEE Jhe-.. / YANG Po-.. Rank 17 Elo 1973 (-11),34,https://badmintonranks.com/tournament?id=10911,3,Malaysia_Open_2024,KANG Mi.. / SEO Seu.. (6),3,2217,LEE Jhe-.. / YANG Po-..,17,1973
11/1/2024,Round 2,MS,LIN Chun-Yi Rank 21 Elo 2082 (+38),21-18 / 21-16,Kunlavut VITIDSARN (5) Rank 7 Elo 2271 (-38),50,https://badmintonranks.com/tournament?id=10911,3,Malaysia_Open_2024,LIN Chun-Yi,21,2082,Kunlavut VITIDSARN (5),7,2271
11/1/2024,Round 2,MD,Takuro H.. / Yugo KO.. (7) Rank 7 Elo 2110 (+7),21-11 / 21-13,Alexande.. / Adam HA.. Rank 31 Elo 1776 (-8),30,https://badmintonranks.com/tournament?id=10911,3,Malaysia_Open_2024,Takuro H.. / Yugo KO.. (7),7,2110,Alexande.. / Adam HA..,31,1776
11/1/2024,Round 2,MS,Viktor AXELSEN (1) Rank 1 Elo 2584 (+4),21-17 / 20-22 / 21-17,LEE Cheuk Yiu Rank 17 Elo 2155 (-4),74,https://badmintonranks.com/tournament?id=10911,3,Malaysia_Open_2024,Viktor AXELSEN (1),1,2584,LEE Cheuk Yiu,17,2155
11/1/2024,Round 2,WS,HE Bing Jiao (6) Rank 6 Elo 2378 (+20),16-21 / 21-19 / 21-11,WANG Zhi Yi Rank 10 Elo 2295 (-19),77,https://badmintonranks.com/tournament?id=10911,3,Malaysia_Open_2024,HE Bing Jiao (6),6,2378,WANG Zhi Yi,10,2295
11/1/2024,Round 2,MS,Kodai NARAOKA (2) Rank 2 Elo 2293 (+8),22-20 / 20-22 / 21-16,Brian YANG Rank 26 Elo 2025 (-9),94,https://badmintonranks.com/tournament?id=10911,3,Malaysia_Open_2024,Kodai NARAOKA (2),2,2293,Brian YANG,26,2025
11/1/2024,Round 2,MD,ONG Yew.. / TEO Ee Yi Rank 12 Elo 1967 (+45),21-10 / 11-21 / 24-22,Kim AST.. / Anders S.. (4) Rank 5 Elo 2255 (-42),61,https://badmintonranks.com/tournament?id=10911,3,Malaysia_Open_2024,ONG Yew.. / TEO Ee Yi,12,1967,Kim AST.. / Anders S.. (4),5,2255
11/1/2024,Round 2,XD,HEE Yon.. / TAN Wei .. Rank 22 Elo 1948 (+25),21-14 / 23-21,Supak JO.. / Supissara .. Rank 20 Elo 1925 (-26),41,https://badmintonranks.com/tournament?id=10911,3,Malaysia_Open_2024,HEE Yon.. / TAN Wei ..,22,1948,Supak JO.. / Supissara ..,20,1925
11/1/2024,Round 2,MD,Satwiksai.. / Chirag S.. (2) Rank 2 Elo 2228 (+3),21-11 / 21-18,Lucas C.. / Ronan LA.. Rank 37 Elo 1733 (-4),39,https://badmintonranks.com/tournament?id=10911,3,Malaysia_Open_2024,Satwiksai.. / Chirag S.. (2),2,2228,Lucas C.. / Ronan LA..,37,1733
11/1/2024,Round 2,XD,JIANG Zh.. / WEI Ya X.. (5) Rank 5 Elo 2214 (+4),21-14 / 21-14,CHAN Pe.. / CHEAH Y.. Rank 41 Elo 1761 (-5),33,https://badmintonranks.com/tournament?id=10911,3,Malaysia_Open_2024,JIANG Zh.. / WEI Ya X.. (5),5,2214,CHAN Pe.. / CHEAH Y..,41,1761
11/1/2024,Round 2,MS,Anders ANTONSEN Rank 9 Elo 2320 (+12),21-14 / 21-17,Koki WATANABE Rank 23 Elo 2107 (-12),54,https://badmintonranks.com/tournament?id=10911,3,Malaysia_Open_2024,Anders ANTONSEN,9,2320,Koki WATANABE,23,2107
11/1/2024,Round 2,MS,NG Ka Long Angus Rank 20 Elo 2059 (+25),21-13 / 21-17,KIDAMBI Srikanth Rank 24 Elo 2044 (-25),38,https://badmintonranks.com/tournament?id=10911,3,Malaysia_Open_2024,NG Ka Long Angus,20,2059,KIDAMBI Srikanth,24,2044
11/1/2024,Round 2,WD,LIU Shen.. / TAN Ning (8) Rank 8 Elo 2220 (+7),21-19 / 21-10,LI Yi jing / LUO Xu m.. Rank 26 Elo 1892 (-8),43,https://badmintonranks.com/tournament?id=10911,3,Malaysia_Open_2024,LIU Shen.. / TAN Ning (8),8,2220,LI Yi jing / LUO Xu m..,26,1892
11/1/2024,Round 2,MD,HE Ji Ting / REN Xian.. Rank 32 Elo 2147 (+7),21-17 / 15-7 Ret.,Hendra S.. / Mohamma.. Rank 13 Elo 2063 (-8),30,https://badmintonranks.com/tournament?id=10911,3,Malaysia_Open_2024,HE Ji Ting / REN Xian..,32,2147,Hendra S.. / Mohamma..,13,2063
11/1/2024,Round 2,XD,Hiroki MI.. / Natsu SAI.. Rank 13 Elo 1978 (+34),24-22 / 21-14,CHEN Ta.. / TOH Ee .. (8) Rank 9 Elo 2072 (-32),42,https://badmintonranks.com/tournament?id=10911,3,Malaysia_Open_2024,Hiroki MI.. / Natsu SAI..,13,1978,CHEN Ta.. / TOH Ee .. (8),9,2072
11/1/2024,Round 2,WS,AN Se Young (1) Rank 1 Elo 2661 (+0),21-13 / 21-8,Yvonne LI Rank 27 Elo 1849 (-0),35,https://badmintonranks.com/tournament?id=10911,4,Malaysia_Open_2024,AN Se Young (1),1,2661,Yvonne LI,27,1849
11/1/2024,Round 2,WS,Gregoria Mariska TUN.. (7) Rank 7 Elo 2297 (+5),21-15 / 24-22,GOH Jin Wei Rank 31 Elo 1945 (-6),39,https://badmintonranks.com/tournament?id=10911,4,Malaysia_Open_2024,Gregoria Mariska TUN.. (7),7,2297,GOH Jin Wei,31,1945
11/1/2024,Round 2,MS,LU Guang Zu Rank 19 Elo 2198 (+32),23-21 / 25-23,Anthony Sinisuka GIN.. (4) Rank 4 Elo 2301 (-33),67,https://badmintonranks.com/tournament?id=10911,4,Malaysia_Open_2024,LU Guang Zu,19,2198,Anthony Sinisuka GIN.. (4),4,2301
11/1/2024,Round 2,MS,SHI Yu Qi (7) Rank 6 Elo 2359 (+8),21-13 / 21-5,Toma Junior POPOV Rank 25 Elo 2058 (-8),38,https://badmintonranks.com/tournament?id=10911,4,Malaysia_Open_2024,SHI Yu Qi (7),6,2359,Toma Junior POPOV,25,2058
11/1/2024,Round 2,XD,KIM Won .. / JEONG .. (7) Rank 7 Elo 2094 (+16),11-21 / 21-17 / 21-18,Kyohei Y.. / Naru SHI.. Rank 17 Elo 1951 (-16),60,https://badmintonranks.com/tournament?id=10911,4,Malaysia_Open_2024,KIM Won .. / JEONG .. (7),7,2094,Kyohei Y.. / Naru SHI..,17,1951
11/1/2024,Round 2,WS,TAI Tzu Ying (4) Rank 4 Elo 2505 (+6),21-7 / 21-11,Busanan ONGBAMRUN.. Rank 19 Elo 2139 (-6),34,https://badmintonranks.com/tournament?id=10911,4,Malaysia_Open_2024,TAI Tzu Ying (4),4,2505,Busanan ONGBAMRUN..,19,2139
11/1/2024,Round 2,XD,SEO Seu.. / CHAE Yu.. (3) Rank 4 Elo 2323 (+8),21-12 / 21-16,Dejan FE.. / Gloria Em.. Rank 14 Elo 2027 (-8),34,https://badmintonranks.com/tournament?id=10911,4,Malaysia_Open_2024,SEO Seu.. / CHAE Yu.. (3),4,2323,Dejan FE.. / Gloria Em..,14,2027
11/1/2024,Round 2,XD,Dechapol.. / Sapsiree .. (6) Rank 6 Elo 2160 (+10),21-15 / 21-12,GOH Soo.. / LAI Shevo.. Rank 15 Elo 1908 (-10),39,https://badmintonranks.com/tournament?id=10911,4,Malaysia_Open_2024,Dechapol.. / Sapsiree .. (6),6,2160,GOH Soo.. / LAI Shevo..,15,1908
11/1/2024,Round 2,XD,Yuta WAT.. / Arisa IGA.. (2) Rank 2 Elo 2182 (+10),21-15 / 21-11,Mathias T.. / Amalie M.. Rank 23 Elo 1931 (-11),38,https://badmintonranks.com/tournament?id=10911,4,Malaysia_Open_2024,Yuta WAT.. / Arisa IGA.. (2),2,2182,Mathias T.. / Amalie M..,23,1931
11/1/2024,Round 2,WD,CHEN Qi.. / JIA Yi Fan (1) Rank 1 Elo 2443 (+2),21-13 / 22-20,Maiken F.. / Sara THY.. Rank 20 Elo 1940 (-3),46,https://badmintonranks.com/tournament?id=10911,4,Malaysia_Open_2024,CHEN Qi.. / JIA Yi Fan (1),1,2443,Maiken F.. / Sara THY..,20,1940
11/1/2024,Round 2,WD,Tanisha .. / Ashwini P.. Rank 24 Elo 1857 (+48),21-19 / 13-21 / 21-15,Mayu MA.. / Wakana .. (7) Rank 9 Elo 2099 (-42),62,https://badmintonranks.com/tournament?id=10911,4,Malaysia_Open_2024,Tanisha .. / Ashwini P..,24,1857,Mayu MA.. / Wakana .. (7),9,2099
11/1/2024,Round 2,WS,CHEN Yu Fei (2) Rank 2 Elo 2584 (+7),21-15 / 21-18,Ratchanok INTANON Rank 13 Elo 2248 (-6),43,https://badmintonranks.com/tournament?id=10911,4,Malaysia_Open_2024,CHEN Yu Fei (2),2,2584,Ratchanok INTANON,13,2248
11/1/2024,Round 2,XD,ZHENG .. / HUANG .. (1) Rank 1 Elo 2540 (+2),21-18 / 21-17,Rehan N.. / Lisa Ayu K.. Rank 18 Elo 1946 (-2),42,https://badmintonranks.com/tournament?id=10911,4,Malaysia_Open_2024,ZHENG .. / HUANG .. (1),1,2540,Rehan N.. / Lisa Ayu K..,18,1946
11/1/2024,Round 2,WS,YEO Jia Min Rank 22 Elo 2068 (+44),16-21 / 21-19 / 22-20,HAN Yue (8) Rank 8 Elo 2369 (-43),64,https://badmintonranks.com/tournament?id=10911,4,Malaysia_Open_2024,YEO Jia Min,22,2068,HAN Yue (8),8,2369
11/1/2024,Round 2,WD,Rin IWAN.. / Kie NAKA.. Rank 15 Elo 2038 (+38),21-16 / 21-16,KIM So Y.. / KONG H.. (3) Rank 3 Elo 2222 (-38),49,https://badmintonranks.com/tournament?id=10911,4,Malaysia_Open_2024,Rin IWAN.. / Kie NAKA..,15,2038,KIM So Y.. / KONG H.. (3),3,2222
10/1/2024,Round 1,WD,Jongkolp.. / Rawinda .. Rank 10 Elo 2040 (+9),21-12 / 21-17,Setyana .. / Angela YU Rank 41 Elo 1777 (-12),34,https://badmintonranks.com/tournament?id=10911,4,Malaysia_Open_2024,Jongkolp.. / Rawinda ..,10,2040,Setyana .. / Angela YU,41,1777
10/1/2024,Round 1,XD,Hiroki MI.. / Natsu SAI.. Rank 13 Elo 1965 (+13),21-13 / 21-13,Vinson C.. / Jennie GA.. Rank 31 Elo 1772 (-17),35,https://badmintonranks.com/tournament?id=10911,4,Malaysia_Open_2024,Hiroki MI.. / Natsu SAI..,13,1965,Vinson C.. / Jennie GA..,31,1772
10/1/2024,Round 1,MS,WENG Hong Yang Rank 18 Elo 2228 (+19),21-15 / 21-16,Lakshya SEN Rank 16 Elo 2134 (-18),49,https://badmintonranks.com/tournament?id=10911,4,Malaysia_Open_2024,WENG Hong Yang,18,2228,Lakshya SEN,16,2134
10/1/2024,Round 1,WD,LI Wen M.. / LIU Xuan .. Rank 16 Elo 1933 (+12),21-15 / 21-16,Vivian H.. / LIM Chiew.. Rank 37 Elo 1705 (-17),43,https://badmintonranks.com/tournament?id=10911,4,Malaysia_Open_2024,LI Wen M.. / LIU Xuan ..,16,1933,Vivian H.. / LIM Chiew..,37,1705
10/1/2024,Round 1,WD,Annie XU / Kerry XU Rank 31 Elo 1729 (+54),19-21 / 21-16 / 21-16,Margot L.. / Anne TRAN Rank 22 Elo 1887 (-41),75,https://badmintonranks.com/tournament?id=10911,4,Malaysia_Open_2024,Annie XU / Kerry XU,31,1729,Margot L.. / Anne TRAN,22,1887
10/1/2024,Round 1,MS,LI Shi Feng (3) Rank 3 Elo 2365 (+5),23-21 / 15-21 / 21-18,LEE Chia Hao Rank 33 Elo 1996 (-6),79,https://badmintonranks.com/tournament?id=10911,5,Malaysia_Open_2024,LI Shi Feng (3),3,2365,LEE Chia Hao,33,1996
10/1/2024,Round 1,WD,ZHANG .. / ZHENG .. (5) Rank 7 Elo 2117 (+3),21-13 / 21-13,GO Pei K.. / LOW Yeen.. Rank 103 Elo 1639 (-5),46,https://badmintonranks.com/tournament?id=10911,5,Malaysia_Open_2024,ZHANG .. / ZHENG .. (5),7,2117,GO Pei K.. / LOW Yeen..,103,1639
10/1/2024,Round 1,WD,Rena MI.. / Ayako SA.. Rank 14 Elo 2046 (+11),21-17 / 21-9,Rui HIRO.. / Yuna KATO Rank 29 Elo 1811 (-13),42,https://badmintonranks.com/tournament?id=10911,5,Malaysia_Open_2024,Rena MI.. / Ayako SA..,14,2046,Rui HIRO.. / Yuna KATO,29,1811
10/1/2024,Round 1,WD,Nami MA.. / Chiharu .. (4) Rank 4 Elo 2279 (+1),21-11 / 21-9,Paula Lyn.. / Lauren LAM Rank 44 Elo 1599 (-3),38,https://badmintonranks.com/tournament?id=10911,5,Malaysia_Open_2024,Nami MA.. / Chiharu .. (4),4,2279,Paula Lyn.. / Lauren LAM,44,1599
10/1/2024,Round 1,MD,HE Ji Ting / REN Xian.. Rank 32 Elo 2116 (+31),21-19 / 21-15,LIU Yu C.. / OU Xuan .. (8) Rank 8 Elo 2188 (-30),37,https://badmintonranks.com/tournament?id=10911,5,Malaysia_Open_2024,HE Ji Ting / REN Xian..,32,2116,LIU Yu C.. / OU Xuan .. (8),8,2188
10/1/2024,Round 1,XD,CHAN Pe.. / CHEAH Y.. Rank 41 Elo 1727 (+34),11-21 / 26-24 / 21-8,CHANG .. / LEE Chih .. Rank 35 Elo 1686 (-37),63,https://badmintonranks.com/tournament?id=10911,5,Malaysia_Open_2024,CHAN Pe.. / CHEAH Y..,41,1727,CHANG .. / LEE Chih ..,35,1686
10/1/2024,Round 1,WS,GOH Jin Wei Rank 31 Elo 1918 (+27),21-18 / 21-11,SUNG Shuo Yun Rank 30 Elo 1909 (-27),40,https://badmintonranks.com/tournament?id=10911,5,Malaysia_Open_2024,GOH Jin Wei,31,1918,SUNG Shuo Yun,30,1909
10/1/2024,Round 1,MD,Lucas C.. / Ronan LA.. Rank 37 Elo 1649 (+84),21-16 / 9-21 / 21-19,KIM Won .. / NA Sung .. Rank Elo 2020 (-47),58,https://badmintonranks.com/tournament?id=10911,5,Malaysia_Open_2024,Lucas C.. / Ronan LA..,37,1649,KIM Won .. / NA Sung ..,,2020
10/1/2024,Round 1,MD,Aaron CH.. / SOH Wo.. (3) Rank 4 Elo 2130 (+14),20-22 / 21-13 / 21-13,Rasmus .. / Frederik S.. Rank 22 Elo 1959 (-15),62,https://badmintonranks.com/tournament?id=10911,5,Malaysia_Open_2024,Aaron CH.. / SOH Wo.. (3),4,2130,Rasmus .. / Frederik S..,22,1959
10/1/2024,Round 1,WS,Gregoria Mariska TUN.. (7) Rank 7 Elo 2292 (+5),20-22 / 21-18 / 21-14,Natsuki NIDAIRA Rank 34 Elo 1891 (-5),74,https://badmintonranks.com/tournament?id=10911,5,Malaysia_Open_2024,Gregoria Mariska TUN.. (7),7,2292,Natsuki NIDAIRA,34,1891
10/1/2024,Round 1,XD,JIANG Zh.. / WEI Ya X.. (5) Rank 5 Elo 2212 (+2),21-18 / 21-16,CHENG .. / ZHANG C.. Rank Elo 1712 (-4),37,https://badmintonranks.com/tournament?id=10911,5,Malaysia_Open_2024,JIANG Zh.. / WEI Ya X.. (5),5,2212,CHENG .. / ZHANG C..,,1712
10/1/2024,Round 1,XD,CHEN Ta.. / TOH Ee .. (8) Rank 9 Elo 2049 (+23),21-17 / 21-18,Thom GI.. / Delphine .. Rank 11 Elo 2018 (-24),47,https://badmintonranks.com/tournament?id=10911,5,Malaysia_Open_2024,CHEN Ta.. / TOH Ee .. (8),9,2049,Thom GI.. / Delphine ..,11,2018
10/1/2024,Round 1,MD,Hendra S.. / Mohamma.. Rank 13 Elo 2039 (+24),21-18 / 21-15,Akira KO.. / Taichi SAI.. Rank 14 Elo 2018 (-25),38,https://badmintonranks.com/tournament?id=10911,5,Malaysia_Open_2024,Hendra S.. / Mohamma..,13,2039,Akira KO.. / Taichi SAI..,14,2018
10/1/2024,Round 1,MD,KANG Mi.. / SEO Seu.. (6) Rank 3 Elo 2210 (+7),21-14 / 21-14,Ben LANE / Sean VEN.. Rank 20 Elo 1888 (-8),38,https://badmintonranks.com/tournament?id=10911,5,Malaysia_Open_2024,KANG Mi.. / SEO Seu.. (6),3,2210,Ben LANE / Sean VEN..,20,1888
10/1/2024,Round 1,MS,Anders ANTONSEN Rank 9 Elo 2295 (+25),21-14 / 21-11,PRANNOY H. S. (8) Rank 8 Elo 2293 (-25),43,https://badmintonranks.com/tournament?id=10911,5,Malaysia_Open_2024,Anders ANTONSEN,9,2295,PRANNOY H. S. (8),8,2293
10/1/2024,Round 1,MD,Satwiksai.. / Chirag S.. (2) Rank 2 Elo 2215 (+13),21-18 / 21-19,Muhamm.. / Bagas MA.. Rank 9 Elo 2031 (-14),44,https://badmintonranks.com/tournament?id=10911,5,Malaysia_Open_2024,Satwiksai.. / Chirag S.. (2),2,2215,Muhamm.. / Bagas MA..,9,2031
10/1/2024,Round 1,MS,LIN Chun-Yi Rank 21 Elo 2073 (+9),21-17 / 21-13,Kantaphon WANGCHA.. Rank 36 Elo 1803 (-12),38,https://badmintonranks.com/tournament?id=10911,5,Malaysia_Open_2024,LIN Chun-Yi,21,2073,Kantaphon WANGCHA..,36,1803
10/1/2024,Round 1,MD,GOH Sze.. / Nur IZZUD.. Rank 26 Elo 1942 (+12),21-17 / 22-20,Supak JO.. / Kittinupon.. Rank 33 Elo 1709 (-17),39,https://badmintonranks.com/tournament?id=10911,5,Malaysia_Open_2024,GOH Sze.. / Nur IZZUD..,26,1942,Supak JO.. / Kittinupon..,33,1709
10/1/2024,Round 1,WS,WANG Zhi Yi Rank 10 Elo 2292 (+3),21-14 / 21-14,Pornpicha CHOEIKEEW.. Rank 43 Elo 1805 (-3),36,https://badmintonranks.com/tournament?id=10911,5,Malaysia_Open_2024,WANG Zhi Yi,10,2292,Pornpicha CHOEIKEEW..,43,1805
10/1/2024,Round 1,MS,Koki WATANABE Rank 23 Elo 2101 (+6),12-8 Ret.,NG Tze Yong Rank 15 Elo 2160 (-6),13,https://badmintonranks.com/tournament?id=10911,5,Malaysia_Open_2024,Koki WATANABE,23,2101,NG Tze Yong,15,2160
10/1/2024,Round 1,WS,Ratchanok INTANON Rank 13 Elo 2246 (+2),21-19 / 21-10,THET Htar Thuzar Rank 42 Elo 1736 (-4),36,https://badmintonranks.com/tournament?id=10911,6,Malaysia_Open_2024,Ratchanok INTANON,13,2246,THET Htar Thuzar,42,1736
10/1/2024,Round 1,MS,Kunlavut VITIDSARN (5) Rank 7 Elo 2244 (+27),21-14 / 21-23 / 21-15,Kenta NISHIMOTO Rank 12 Elo 2261 (-26),102,https://badmintonranks.com/tournament?id=10911,6,Malaysia_Open_2024,Kunlavut VITIDSARN (5),7,2244,Kenta NISHIMOTO,12,2261
10/1/2024,Round 1,MD,LEE Jhe-.. / YANG Po-.. Rank 17 Elo 1951 (+22),20-22 / 22-20 / 21-12,CHEN Bo.. / LIU Yi Rank 27 Elo 1883 (-23),59,https://badmintonranks.com/tournament?id=10911,6,Malaysia_Open_2024,LEE Jhe-.. / YANG Po-..,17,1951,CHEN Bo.. / LIU Yi,27,1883
10/1/2024,Round 1,WS,HE Bing Jiao (6) Rank 6 Elo 2371 (+7),21-15 / 21-15,Mia BLICHFELDT Rank 18 Elo 2066 (-8),42,https://badmintonranks.com/tournament?id=10911,6,Malaysia_Open_2024,HE Bing Jiao (6),6,2371,Mia BLICHFELDT,18,2066
10/1/2024,Round 1,MS,Brian YANG Rank 26 Elo 1996 (+29),11-21 / 21-17 / 21-16,WANG Tzu Wei Rank 28 Elo 2026 (-28),63,https://badmintonranks.com/tournament?id=10911,6,Malaysia_Open_2024,Brian YANG,26,1996,WANG Tzu Wei,28,2026
10/1/2024,Round 1,WS,CHEN Yu Fei (2) Rank 2 Elo 2581 (+3),21-18 / 21-12,Aya OHORI Rank 15 Elo 2119 (-4),48,https://badmintonranks.com/tournament?id=10911,6,Malaysia_Open_2024,CHEN Yu Fei (2),2,2581,Aya OHORI,15,2119
10/1/2024,Round 1,MS,Kodai NARAOKA (2) Rank 2 Elo 2280 (+13),21-15 / 21-7,Christo POPOV Rank 27 Elo 2079 (-12),49,https://badmintonranks.com/tournament?id=10911,6,Malaysia_Open_2024,Kodai NARAOKA (2),2,2280,Christo POPOV,27,2079
10/1/2024,Round 1,XD,Mathias T.. / Amalie M.. Rank 23 Elo 1891 (+40),21-17 / 21-14,Rinov RI.. / Pitha Hani.. Rank 19 Elo 2038 (-37),34,https://badmintonranks.com/tournament?id=10911,6,Malaysia_Open_2024,Mathias T.. / Amalie M..,23,1891,Rinov RI.. / Pitha Hani..,19,2038
10/1/2024,Round 1,WD,BAEK Ha.. / LEE So H.. (2) Rank 2 Elo 2352 (+1),21-14 / 21-13,Anna Chi.. / TEOH Mei.. Rank 65 Elo 1731 (-2),43,https://badmintonranks.com/tournament?id=10911,6,Malaysia_Open_2024,BAEK Ha.. / LEE So H.. (2),2,2352,Anna Chi.. / TEOH Mei..,65,1731
10/1/2024,Round 1,XD,Dejan FE.. / Gloria Em.. Rank 14 Elo 2016 (+11),21-11 / 19-21 / 21-19,Marcus E.. / Lauren S.. Rank 28 Elo 1793 (-14),70,https://badmintonranks.com/tournament?id=10911,6,Malaysia_Open_2024,Dejan FE.. / Gloria Em..,14,2016,Marcus E.. / Lauren S..,28,1793
10/1/2024,Round 1,XD,Yuta WAT.. / Arisa IGA.. (2) Rank 2 Elo 2155 (+27),21-13 / 21-14,TANG Ch.. / TSE Ying .. Rank 8 Elo 2178 (-27),39,https://badmintonranks.com/tournament?id=10911,6,Malaysia_Open_2024,Yuta WAT.. / Arisa IGA.. (2),2,2155,TANG Ch.. / TSE Ying ..,8,2178
10/1/2024,Round 1,WS,Busanan ONGBAMRUN.. Rank 19 Elo 2114 (+25),17-21 / 22-20 / 21-10,GAO Fang jie Rank 33 Elo 2100 (-24),75,https://badmintonranks.com/tournament?id=10911,6,Malaysia_Open_2024,Busanan ONGBAMRUN..,19,2114,GAO Fang jie,33,2100
10/1/2024,Round 1,XD,SEO Seu.. / CHAE Yu.. (3) Rank 4 Elo 2319 (+4),21-12 / 21-11,Ty Alexan.. / Josephine.. Rank 29 Elo 1882 (-5),28,https://badmintonranks.com/tournament?id=10911,6,Malaysia_Open_2024,SEO Seu.. / CHAE Yu.. (3),4,2319,Ty Alexan.. / Josephine..,29,1882
10/1/2024,Round 1,WS,TAI Tzu Ying (4) Rank 4 Elo 2499 (+6),23-21 / 21-19,ZHANG Beiwen Rank 9 Elo 2174 (-6),40,https://badmintonranks.com/tournament?id=10911,6,Malaysia_Open_2024,TAI Tzu Ying (4),4,2499,ZHANG Beiwen,9,2174
10/1/2024,Round 1,WD,YEUNG .. / YEUNG P.. Rank 21 Elo 1811 (+17),21-17 / 21-16,Linda EF.. / Isabel LO.. Rank 32 Elo 1646 (-26),46,https://badmintonranks.com/tournament?id=10911,6,Malaysia_Open_2024,YEUNG .. / YEUNG P..,21,1811,Linda EF.. / Isabel LO..,32,1646
9/1/2024,Round 1,MS,Toma Junior POPOV Rank 25 Elo 2020 (+38),21-11 / 19-21 / 21-15,CHOU Tien Chen Rank 14 Elo 2185 (-37),78,https://badmintonranks.com/tournament?id=10911,6,Malaysia_Open_2024,Toma Junior POPOV,25,2020,CHOU Tien Chen,14,2185
9/1/2024,Round 1,WD,Mayu MA.. / Wakana .. (7) Rank 9 Elo 2095 (+4),21-12 / 21-11,Rutaparn.. / Swetaparn.. Rank 52 Elo 1644 (-6),37,https://badmintonranks.com/tournament?id=10911,6,Malaysia_Open_2024,Mayu MA.. / Wakana .. (7),9,2095,Rutaparn.. / Swetaparn..,52,1644
9/1/2024,Round 1,MD,Keiichiro .. / Yoshinori .. Rank 28 Elo 1854 (+31),22-20 / 21-16,Mark LA.. / Marvin SE.. Rank 24 Elo 1874 (-31),47,https://badmintonranks.com/tournament?id=10911,6,Malaysia_Open_2024,Keiichiro .. / Yoshinori ..,28,1854,Mark LA.. / Marvin SE..,24,1874
9/1/2024,Round 1,WD,Maiken F.. / Sara THY.. Rank 20 Elo 1921 (+19),21-13 / 21-11,Catherine.. / Josephine.. Rank 28 Elo 1806 (-22),32,https://badmintonranks.com/tournament?id=10911,6,Malaysia_Open_2024,Maiken F.. / Sara THY..,20,1921,Catherine.. / Josephine..,28,1806
9/1/2024,Round 1,MS,Anthony Sinisuka GIN.. (4) Rank 4 Elo 2295 (+6),21-18 / 21-12,SU Li Yang Rank 35 Elo 1929 (-6),49,https://badmintonranks.com/tournament?id=10911,6,Malaysia_Open_2024,Anthony Sinisuka GIN.. (4),4,2295,SU Li Yang,35,1929
9/1/2024,Round 1,MS,LU Guang Zu Rank 19 Elo 2166 (+32),16-21 / 21-19 / 21-15,LEE Zii Jia Rank 11 Elo 2255 (-32),77,https://badmintonranks.com/tournament?id=10911,7,Malaysia_Open_2024,LU Guang Zu,19,2166,LEE Zii Jia,11,2255
9/1/2024,Round 1,XD,Dechapol.. / Sapsiree .. (6) Rank 6 Elo 2150 (+10),21-15 / 21-10,Robin TA.. / Selena PI.. Rank 16 Elo 1906 (-11),33,https://badmintonranks.com/tournament?id=10911,7,Malaysia_Open_2024,Dechapol.. / Sapsiree .. (6),6,2150,Robin TA.. / Selena PI..,16,1906
9/1/2024,Round 1,WD,KIM So Y.. / KONG H.. (3) Rank 3 Elo 2217 (+5),21-11 / 21-11,LEE Chia.. / TENG Ch.. Rank 23 Elo 1830 (-6),35,https://badmintonranks.com/tournament?id=10911,7,Malaysia_Open_2024,KIM So Y.. / KONG H.. (3),3,2217,LEE Chia.. / TENG Ch..,23,1830
9/1/2024,Round 1,WD,Tanisha .. / Ashwini P.. Rank 24 Elo 1840 (+17),21-13 / 21-16,Francesc.. / Allison Qu.. Rank 36 Elo 1676 (-24),38,https://badmintonranks.com/tournament?id=10911,7,Malaysia_Open_2024,Tanisha .. / Ashwini P..,24,1840,Francesc.. / Allison Qu..,36,1676
9/1/2024,Round 1,MD,ONG Yew.. / TEO Ee Yi Rank 12 Elo 1948 (+19),21-14 / 21-15,LU Ching.. / YANG Po .. Rank 23 Elo 1836 (-21),41,https://badmintonranks.com/tournament?id=10911,7,Malaysia_Open_2024,ONG Yew.. / TEO Ee Yi,12,1948,LU Ching.. / YANG Po ..,23,1836
9/1/2024,Round 1,WD,CHEN Qi.. / JIA Yi Fan (1) Rank 1 Elo 2441 (+2),21-14 / 21-14,LEE Yu Li.. / SHIN Seu.. Rank 25 Elo 1807 (-2),46,https://badmintonranks.com/tournament?id=10911,7,Malaysia_Open_2024,CHEN Qi.. / JIA Yi Fan (1),1,2441,LEE Yu Li.. / SHIN Seu..,25,1807
9/1/2024,Round 1,MS,SHI Yu Qi (7) Rank 6 Elo 2347 (+12),20-22 / 21-12 / 21-10,Rasmus GEMKE Rank 29 Elo 2148 (-12),75,https://badmintonranks.com/tournament?id=10911,7,Malaysia_Open_2024,SHI Yu Qi (7),6,2347,Rasmus GEMKE,29,2148
9/1/2024,Round 1,WD,LIU Shen.. / TAN Ning (8) Rank 8 Elo 2205 (+15),22-20 / 21-15,Pearly TA.. / THINAAH .. Rank 12 Elo 2064 (-16),58,https://badmintonranks.com/tournament?id=10911,7,Malaysia_Open_2024,LIU Shen.. / TAN Ning (8),8,2205,Pearly TA.. / THINAAH ..,12,2064
9/1/2024,Round 1,MD,Fajar ALF.. / Muhamm.. (5) Rank 6 Elo 2056 (+9),21-16 / 21-13,DONG A.. / Nyl YAKU.. Rank 34 Elo 1790 (-12),29,https://badmintonranks.com/tournament?id=10911,7,Malaysia_Open_2024,Fajar ALF.. / Muhamm.. (5),6,2056,DONG A.. / Nyl YAKU..,34,1790
9/1/2024,Round 1,MD,LIANG W.. / WANG C.. (1) Rank 1 Elo 2217 (+8),21-12 / 21-19,MAN Wei.. / TEE Kai .. Rank 19 Elo 1920 (-9),30,https://badmintonranks.com/tournament?id=10911,7,Malaysia_Open_2024,LIANG W.. / WANG C.. (1),1,2217,MAN Wei.. / TEE Kai ..,19,1920
9/1/2024,Round 1,XD,GOH Soo.. / LAI Shevo.. Rank 15 Elo 1890 (+18),21-16 / 15-21 / 21-17,Gregory .. / Jenny MAI.. Rank 37 Elo 1762 (-23),60,https://badmintonranks.com/tournament?id=10911,7,Malaysia_Open_2024,GOH Soo.. / LAI Shevo..,15,1890,Gregory .. / Jenny MAI..,37,1762
9/1/2024,Round 1,MS,Viktor AXELSEN (1) Rank 1 Elo 2579 (+5),21-13 / 21-15,LOH Kean Yew Rank 10 Elo 2167 (-4),43,https://badmintonranks.com/tournament?id=10911,7,Malaysia_Open_2024,Viktor AXELSEN (1),1,2579,LOH Kean Yew,10,2167
9/1/2024,Round 1,MS,LEE Cheuk Yiu Rank 17 Elo 2141 (+14),21-13 / 18-21 / 21-19,Magnus JOHANNESEN Rank 32 Elo 1973 (-15),63,https://badmintonranks.com/tournament?id=10911,7,Malaysia_Open_2024,LEE Cheuk Yiu,17,2141,Magnus JOHANNESEN,32,1973
9/1/2024,Round 1,WD,Rin IWAN.. / Kie NAKA.. Rank 15 Elo 2032 (+6),14-8 Ret.,JEONG .. / KIM Hye J.. Rank 11 Elo 2080 (-6),13,https://badmintonranks.com/tournament?id=10911,7,Malaysia_Open_2024,Rin IWAN.. / Kie NAKA..,15,2032,JEONG .. / KIM Hye J..,11,2080
9/1/2024,Round 1,MD,LEE Fan.. / LEE Fang-.. Rank 25 Elo 1889 (+19),21-16 / 21-19,M.R.ARJ.. / DHRUV K.. Rank 43 Elo 1762 (-22),44,https://badmintonranks.com/tournament?id=10911,7,Malaysia_Open_2024,LEE Fan.. / LEE Fang-..,25,1889,M.R.ARJ.. / DHRUV K..,43,1762
9/1/2024,Round 1,WS,HAN Yue (8) Rank 8 Elo 2365 (+4),21-11 / 21-13,Putri Kusuma WARDANI Rank 32 Elo 1931 (-4),30,https://badmintonranks.com/tournament?id=10911,7,Malaysia_Open_2024,HAN Yue (8),8,2365,Putri Kusuma WARDANI,32,1931
9/1/2024,Round 1,MD,Kim AST.. / Anders S.. (4) Rank 5 Elo 2246 (+9),21-16 / 21-10,Leo Rolly.. / Daniel MA.. Rank 11 Elo 1976 (-9),35,https://badmintonranks.com/tournament?id=10911,7,Malaysia_Open_2024,Kim AST.. / Anders S.. (4),5,2246,Leo Rolly.. / Daniel MA..,11,1976
9/1/2024,Round 1,WD,LI Yi jing / LUO Xu m.. Rank 26 Elo 1874 (+18),21-18 / 21-16,Debora JI.. / Cheryl SEI.. Rank 33 Elo 1730 (-23),40,https://badmintonranks.com/tournament?id=10911,7,Malaysia_Open_2024,LI Yi jing / LUO Xu m..,26,1874,Debora JI.. / Cheryl SEI..,33,1730
9/1/2024,Round 1,WS,Kirsty GILMOUR Rank 25 Elo 1968 (+27),21-23 / 21-14 / 21-13,Neslihan ARIN Rank 37 Elo 1963 (-26),67,https://badmintonranks.com/tournament?id=10911,7,Malaysia_Open_2024,Kirsty GILMOUR,25,1968,Neslihan ARIN,37,1963
9/1/2024,Round 1,MS,KIDAMBI Srikanth Rank 24 Elo 1997 (+47),12-21 / 21-18 / 21-16,Jonatan CHRISTIE (6) Rank 5 Elo 2338 (-45),65,https://badmintonranks.com/tournament?id=10911,7,Malaysia_Open_2024,KIDAMBI Srikanth,24,1997,Jonatan CHRISTIE (6),5,2338
9/1/2024,Round 1,WS,HSU Wen Chi Rank 23 Elo 1877 (+32),21-14 / 21-16,PAI Yu Po Rank 29 Elo 1911 (-30),37,https://badmintonranks.com/tournament?id=10911,8,Malaysia_Open_2024,HSU Wen Chi,23,1877,PAI Yu Po,29,1911
9/1/2024,Round 1,MS,NG Ka Long Angus Rank 20 Elo 2025 (+34),21-15 / 21-9,Kanta TSUNEYAMA Rank 13 Elo 2143 (-34),38,https://badmintonranks.com/tournament?id=10911,8,Malaysia_Open_2024,NG Ka Long Angus,20,2025,Kanta TSUNEYAMA,13,2143
9/1/2024,Round 1,MD,Takuro H.. / Yugo KO.. (7) Rank 7 Elo 2086 (+24),21-16 / 21-15,LEE Yang / WANG Ch.. Rank 10 Elo 2069 (-25),41,https://badmintonranks.com/tournament?id=10911,8,Malaysia_Open_2024,Takuro H.. / Yugo KO.. (7),7,2086,LEE Yang / WANG Ch..,10,2069
9/1/2024,Round 1,WS,Yvonne LI Rank 27 Elo 1834 (+15),22-20 / 22-20,Lianne TAN Rank 48 Elo 1646 (-24),47,https://badmintonranks.com/tournament?id=10911,8,Malaysia_Open_2024,Yvonne LI,27,1834,Lianne TAN,48,1646
9/1/2024,Round 1,XD,Supak JO.. / Supissara .. Rank 20 Elo 1870 (+55),22-20 / 21-19,FENG Ya.. / HUANG .. (4) Rank 3 Elo 2347 (-48),43,https://badmintonranks.com/tournament?id=10911,8,Malaysia_Open_2024,Supak JO.. / Supissara ..,20,1870,FENG Ya.. / HUANG .. (4),3,2347
9/1/2024,Round 1,WS,YEO Jia Min Rank 22 Elo 2036 (+32),21-9 / 21-14,Michelle LI Rank 24 Elo 2112 (-31),31,https://badmintonranks.com/tournament?id=10911,8,Malaysia_Open_2024,YEO Jia Min,22,2036,Michelle LI,24,2112
9/1/2024,Round 1,XD,Kyohei Y.. / Naru SHI.. Rank 17 Elo 1930 (+21),21-15 / 18-21 / 21-11,Yuki KAN.. / Misaki MA.. Rank 21 Elo 1848 (-23),50,https://badmintonranks.com/tournament?id=10911,8,Malaysia_Open_2024,Kyohei Y.. / Naru SHI..,17,1930,Yuki KAN.. / Misaki MA..,21,1848
9/1/2024,Round 1,XD,Rehan N.. / Lisa Ayu K.. Rank 18 Elo 1923 (+23),21-15 / 12-21 / 21-17,Mark LA.. / Isabel LO.. Rank 30 Elo 1863 (-24),58,https://badmintonranks.com/tournament?id=10911,8,Malaysia_Open_2024,Rehan N.. / Lisa Ayu K..,18,1923,Mark LA.. / Isabel LO..,30,1863
9/1/2024,Round 1,XD,ZHENG .. / HUANG .. (1) Rank 1 Elo 2539 (+1),21-14 / 21-17,LEE Chu.. / NG Tsz Ya.. Rank 24 Elo 1970 (-2),33,https://badmintonranks.com/tournament?id=10911,8,Malaysia_Open_2024,ZHENG .. / HUANG .. (1),1,2539,LEE Chu.. / NG Tsz Ya..,24,1970
9/1/2024,Round 1,WS,ZHANG Yi Man Rank 17 Elo 2181 (+3),21-15 / 21-15,AAKARSHI KASHYAP Rank 40 Elo 1720 (-5),37,https://badmintonranks.com/tournament?id=10911,8,Malaysia_Open_2024,ZHANG Yi Man,17,2181,AAKARSHI KASHYAP,40,1720
9/1/2024,Round 1,MD,Alexande.. / Adam HA.. Rank 31 Elo 1744 (+32),24-22 / 17-21 / 21-17,Christo P.. / Toma Juni.. Rank 42 Elo 1709 (-36),61,https://badmintonranks.com/tournament?id=10911,8,Malaysia_Open_2024,Alexande.. / Adam HA..,31,1744,Christo P.. / Toma Juni..,42,1709
9/1/2024,Round 1,WS,Akane YAMAGUCHI (3) Rank 3 Elo 2527 (+4),21-15 / 22-20,Supanida KATETHONG Rank 16 Elo 2091 (-4),43,https://badmintonranks.com/tournament?id=10911,8,Malaysia_Open_2024,Akane YAMAGUCHI (3),3,2527,Supanida KATETHONG,16,2091
9/1/2024,Round 1,WS,AN Se Young (1) Rank 1 Elo 2660 (+1),21-16 / 21-10,Line Højmark KJAERSF.. Rank 20 Elo 2004 (-1),31,https://badmintonranks.com/tournament?id=10911,8,Malaysia_Open_2024,AN Se Young (1),1,2660,Line Højmark KJAERSF..,20,2004
9/1/2024,Round 1,XD,KIM Won .. / JEONG .. (7) Rank 7 Elo 2081 (+13),21-11 / 21-16,TAN Kian.. / LAI Pei Jin.. Rank 25 Elo 1888 (-15),38,https://badmintonranks.com/tournament?id=10911,8,Malaysia_Open_2024,KIM Won .. / JEONG .. (7),7,2081,TAN Kian.. / LAI Pei Jin..,25,1888
9/1/2024,Round 1,XD,HEE Yon.. / TAN Wei .. Rank 22 Elo 1907 (+41),15-21 / 21-19 / 21-12,YE Hong .. / LEE Chia .. Rank 12 Elo 2072 (-38),51,https://badmintonranks.com/tournament?id=10911,8,Malaysia_Open_2024,HEE Yon.. / TAN Wei ..,22,1907,YE Hong .. / LEE Chia ..,12,2072
15/1/2023,Final,MD,Fajar ALF.. / Muhamm.. (3) Rank 1 Elo 2214 (+23),21-18 / 18-21 / 21-13,LIANG W.. / WANG Ch.. Rank 17 Elo 2161 (-23),68,https://badmintonranks.com/tournament?id=13621,1,Malaysia_Open_2023,Fajar ALF.. / Muhamm.. (3),1,2214,LIANG W.. / WANG Ch..,17,2161
15/1/2023,Final,MS,Viktor AXELSEN (1) Rank 1 Elo 2656 (+8),21-6 / 21-15,Kodai NARAOKA Rank 7 Elo 2345 (-7),40,https://badmintonranks.com/tournament?id=13621,1,Malaysia_Open_2023,Viktor AXELSEN (1),1,2656,Kodai NARAOKA,7,2345
15/1/2023,Final,WS,Akane YAMAGUCHI (1) Rank 1 Elo 2581 (+20),12-21 / 21-19 / 21-11,AN Se Young (2) Rank 4 Elo 2485 (-20),69,https://badmintonranks.com/tournament?id=13621,1,Malaysia_Open_2023,Akane YAMAGUCHI (1),1,2581,AN Se Young (2),4,2485
15/1/2023,Final,WD,CHEN Qi.. / JIA Yi Fan (1) Rank 1 Elo 2375 (+8),21-16 / 21-10,BAEK Ha.. / LEE Yu Lim Rank 20 Elo 2076 (-9),52,https://badmintonranks.com/tournament?id=13621,1,Malaysia_Open_2023,CHEN Qi.. / JIA Yi Fan (1),1,2375,BAEK Ha.. / LEE Yu Lim,20,2076
15/1/2023,Final,XD,ZHENG .. / HUANG .. (1) Rank 1 Elo 2507 (+14),21-19 / 21-11,Yuta WAT.. / Arisa IGA.. (3) Rank 4 Elo 2316 (-14),44,https://badmintonranks.com/tournament?id=13621,1,Malaysia_Open_2023,ZHENG .. / HUANG .. (1),1,2507,Yuta WAT.. / Arisa IGA.. (3),4,2316
14/1/2023,Semi final,MD,Fajar ALF.. / Muhamm.. (3) Rank 1 Elo 2200 (+14),21-18 / 21-17,KANG Mi.. / SEO Seun.. Rank 18 Elo 2016 (-14),42,https://badmintonranks.com/tournament?id=13621,1,Malaysia_Open_2023,Fajar ALF.. / Muhamm.. (3),1,2200,KANG Mi.. / SEO Seun..,18,2016
14/1/2023,Semi final,MS,Viktor AXELSEN (1) Rank 1 Elo 2652 (+4),21-7 / 21-15,Kanta TSUNEYAMA Rank 26 Elo 2239 (-5),46,https://badmintonranks.com/tournament?id=13621,1,Malaysia_Open_2023,Viktor AXELSEN (1),1,2652,Kanta TSUNEYAMA,26,2239
14/1/2023,Semi final,MD,LIANG W.. / WANG Ch.. Rank 17 Elo 2126 (+35),21-16 / 11-21 / 21-15,Satwiksai.. / Chirag S.. (7) Rank 5 Elo 2232 (-35),64,https://badmintonranks.com/tournament?id=13621,1,Malaysia_Open_2023,LIANG W.. / WANG Ch..,17,2126,Satwiksai.. / Chirag S.. (7),5,2232
14/1/2023,Semi final,WS,Akane YAMAGUCHI (1) Rank 1 Elo 2560 (+21),21-18 / 21-16,TAI Tzu Ying (3) Rank 3 Elo 2488 (-22),41,https://badmintonranks.com/tournament?id=13621,1,Malaysia_Open_2023,Akane YAMAGUCHI (1),1,2560,TAI Tzu Ying (3),3,2488
14/1/2023,Semi final,MS,Kodai NARAOKA Rank 7 Elo 2319 (+26),21-17 / 19-21 / 21-17,Kunlavut VITIDSARN (8) Rank 9 Elo 2316 (-27),113,https://badmintonranks.com/tournament?id=13621,1,Malaysia_Open_2023,Kodai NARAOKA,7,2319,Kunlavut VITIDSARN (8),9,2316
14/1/2023,Semi final,WD,BAEK Ha.. / LEE Yu Lim Rank 20 Elo 2040 (+36),21-17 / 23-21,ZHANG .. / ZHENG .. (7) Rank 4 Elo 2151 (-35),72,https://badmintonranks.com/tournament?id=13621,1,Malaysia_Open_2023,BAEK Ha.. / LEE Yu Lim,20,2040,ZHANG .. / ZHENG .. (7),4,2151
14/1/2023,Semi final,WS,AN Se Young (2) Rank 4 Elo 2455 (+30),21-12 / 19-21 / 21-9,CHEN Yu Fei (4) Rank 2 Elo 2486 (-29),71,https://badmintonranks.com/tournament?id=13621,1,Malaysia_Open_2023,AN Se Young (2),4,2455,CHEN Yu Fei (4),2,2486
14/1/2023,Semi final,XD,ZHENG .. / HUANG .. (1) Rank 1 Elo 2505 (+2),21-16 / 21-18,Dejan FE.. / Gloria Em.. Rank 19 Elo 1990 (-3),43,https://badmintonranks.com/tournament?id=13621,1,Malaysia_Open_2023,ZHENG .. / HUANG .. (1),1,2505,Dejan FE.. / Gloria Em..,19,1990
14/1/2023,Semi final,WD,CHEN Qi.. / JIA Yi Fan (1) Rank 1 Elo 2369 (+6),21-9 / 2-0 Ret.,Apriyani .. / Siti Fadia .. Rank 11 Elo 2171 (-5),33,https://badmintonranks.com/tournament?id=13621,1,Malaysia_Open_2023,CHEN Qi.. / JIA Yi Fan (1),1,2369,Apriyani .. / Siti Fadia ..,11,2171
14/1/2023,Semi final,XD,Yuta WAT.. / Arisa IGA.. (3) Rank 4 Elo 2287 (+29),21-18 / 21-15,Dechapol.. / Sapsiree .. (2) Rank 3 Elo 2311 (-28),43,https://badmintonranks.com/tournament?id=13621,1,Malaysia_Open_2023,Yuta WAT.. / Arisa IGA.. (3),4,2287,Dechapol.. / Sapsiree .. (2),3,2311
13/1/2023,Quarter final,WS,TAI Tzu Ying (3) Rank 3 Elo 2485 (+3),21-6 / 21-8,HSU Wen Chi Rank 23 Elo 1981 (-2),25,https://badmintonranks.com/tournament?id=13621,1,Malaysia_Open_2023,TAI Tzu Ying (3),3,2485,HSU Wen Chi,23,1981
13/1/2023,Quarter final,MD,Fajar ALF.. / Muhamm.. (3) Rank 1 Elo 2180 (+20),14-21 / 21-16 / 21-17,ONG Yew.. / TEO Ee .. (8) Rank 7 Elo 2089 (-20),68,https://badmintonranks.com/tournament?id=13621,1,Malaysia_Open_2023,Fajar ALF.. / Muhamm.. (3),1,2180,ONG Yew.. / TEO Ee .. (8),7,2089
13/1/2023,Quarter final,WD,ZHANG .. / ZHENG .. (7) Rank 4 Elo 2143 (+8),21-19 / 21-19,LI Wen M.. / LIU Xuan .. Rank Elo 1841 (-9),49,https://badmintonranks.com/tournament?id=13621,1,Malaysia_Open_2023,ZHANG .. / ZHENG .. (7),4,2143,LI Wen M.. / LIU Xuan ..,,1841
13/1/2023,Quarter final,MD,LIANG W.. / WANG Ch.. Rank 17 Elo 2105 (+21),22-20 / 23-21,Kim AST.. / Anders S.. (6) Rank 8 Elo 2025 (-22),45,https://badmintonranks.com/tournament?id=13621,1,Malaysia_Open_2023,LIANG W.. / WANG Ch..,17,2105,Kim AST.. / Anders S.. (6),8,2025
13/1/2023,Quarter final,MD,Satwiksai.. / Chirag S.. (7) Rank 5 Elo 2204 (+28),17-21 / 22-20 / 21-9,LIU Yu C.. / OU Xuan .. Rank 6 Elo 2229 (-28),66,https://badmintonranks.com/tournament?id=13621,1,Malaysia_Open_2023,Satwiksai.. / Chirag S.. (7),5,2204,LIU Yu C.. / OU Xuan ..,6,2229
13/1/2023,Quarter final,MS,Viktor AXELSEN (1) Rank 1 Elo 2647 (+5),21-6 / 21-12,Kenta NISHIMOTO Rank 17 Elo 2254 (-5),38,https://badmintonranks.com/tournament?id=13621,2,Malaysia_Open_2023,Viktor AXELSEN (1),1,2647,Kenta NISHIMOTO,17,2254
13/1/2023,Quarter final,WS,Akane YAMAGUCHI (1) Rank 1 Elo 2557 (+3),21-12 / 21-11,Mia BLICHFELDT Rank 31 Elo 2048 (-2),34,https://badmintonranks.com/tournament?id=13621,2,Malaysia_Open_2023,Akane YAMAGUCHI (1),1,2557,Mia BLICHFELDT,31,2048
13/1/2023,Quarter final,MD,KANG Mi.. / SEO Seun.. Rank 18 Elo 1979 (+37),21-13 / 19-21 / 21-11,Hendra S.. / Mohamm.. (5) Rank 2 Elo 2101 (-36),54,https://badmintonranks.com/tournament?id=13621,2,Malaysia_Open_2023,KANG Mi.. / SEO Seun..,18,1979,Hendra S.. / Mohamm.. (5),2,2101
13/1/2023,Quarter final,WD,BAEK Ha.. / LEE Yu Lim Rank 20 Elo 2027 (+13),21-10 / 21-6,JIN Yu Jia / WONG Jia.. Rank 29 Elo 1816 (-15),41,https://badmintonranks.com/tournament?id=13621,2,Malaysia_Open_2023,BAEK Ha.. / LEE Yu Lim,20,2027,JIN Yu Jia / WONG Jia..,29,1816
13/1/2023,Quarter final,XD,ZHENG .. / HUANG .. (1) Rank 1 Elo 2501 (+4),21-15 / 21-6,Thom GI.. / Delphine .. (8) Rank 5 Elo 2040 (-3),37,https://badmintonranks.com/tournament?id=13621,2,Malaysia_Open_2023,ZHENG .. / HUANG .. (1),1,2501,Thom GI.. / Delphine .. (8),5,2040
13/1/2023,Quarter final,XD,Dejan FE.. / Gloria Em.. Rank 19 Elo 1965 (+25),21-16 / 21-19,KIM Won .. / JEONG N.. Rank 23 Elo 1929 (-26),46,https://badmintonranks.com/tournament?id=13621,2,Malaysia_Open_2023,Dejan FE.. / Gloria Em..,19,1965,KIM Won .. / JEONG N..,23,1929
13/1/2023,Quarter final,MS,Kanta TSUNEYAMA Rank 26 Elo 2199 (+40),21-14 / 21-16,Anthony Sinisuka GIN.. (6) Rank 4 Elo 2391 (-39),50,https://badmintonranks.com/tournament?id=13621,2,Malaysia_Open_2023,Kanta TSUNEYAMA,26,2199,Anthony Sinisuka GIN.. (6),4,2391
13/1/2023,Quarter final,MS,Kodai NARAOKA Rank 7 Elo 2296 (+23),21-16 / 19-21 / 21-10,PRANNOY H. S. Rank 8 Elo 2251 (-23),84,https://badmintonranks.com/tournament?id=13621,2,Malaysia_Open_2023,Kodai NARAOKA,7,2296,PRANNOY H. S.,8,2251
13/1/2023,Quarter final,XD,Dechapol.. / Sapsiree .. (2) Rank 3 Elo 2307 (+4),21-19 / 21-9,CHEN Ta.. / TOH Ee W.. Rank 147 Elo 1876 (-4),36,https://badmintonranks.com/tournament?id=13621,2,Malaysia_Open_2023,Dechapol.. / Sapsiree .. (2),3,2307,CHEN Ta.. / TOH Ee W..,147,1876
13/1/2023,Quarter final,WD,Apriyani .. / Siti Fadia .. Rank 11 Elo 2145 (+26),22-20 / 21-15,KIM So Y.. / KONG H.. (3) Rank 7 Elo 2131 (-25),62,https://badmintonranks.com/tournament?id=13621,2,Malaysia_Open_2023,Apriyani .. / Siti Fadia ..,11,2145,KIM So Y.. / KONG H.. (3),7,2131
13/1/2023,Quarter final,MS,Kunlavut VITIDSARN (8) Rank 9 Elo 2290 (+26),21-11 / 20-22 / 21-14,LOH Kean Yew (3) Rank 6 Elo 2287 (-26),80,https://badmintonranks.com/tournament?id=13621,2,Malaysia_Open_2023,Kunlavut VITIDSARN (8),9,2290,LOH Kean Yew (3),6,2287
13/1/2023,Quarter final,WS,CHEN Yu Fei (4) Rank 2 Elo 2467 (+19),21-18 / 21-19,Carolina MARIN Rank 9 Elo 2367 (-19),57,https://badmintonranks.com/tournament?id=13621,2,Malaysia_Open_2023,CHEN Yu Fei (4),2,2467,Carolina MARIN,9,2367
13/1/2023,Quarter final,XD,Yuta WAT.. / Arisa IGA.. (3) Rank 4 Elo 2271 (+16),21-17 / 21-17,SEO Seu.. / CHAE Yu.. (7) Rank 17 Elo 2124 (-16),42,https://badmintonranks.com/tournament?id=13621,2,Malaysia_Open_2023,Yuta WAT.. / Arisa IGA.. (3),4,2271,SEO Seu.. / CHAE Yu.. (7),17,2124
13/1/2023,Quarter final,WD,CHEN Qi.. / JIA Yi Fan (1) Rank 1 Elo 2365 (+4),21-17 / 21-17,Gabriela .. / Stefani ST.. Rank 14 Elo 1945 (-5),50,https://badmintonranks.com/tournament?id=13621,2,Malaysia_Open_2023,CHEN Qi.. / JIA Yi Fan (1),1,2365,Gabriela .. / Stefani ST..,14,1945
13/1/2023,Quarter final,WS,AN Se Young (2) Rank 4 Elo 2442 (+13),21-17 / 16-21 / 21-19,WANG Zhi Yi (8) Rank 8 Elo 2257 (-14),77,https://badmintonranks.com/tournament?id=13621,2,Malaysia_Open_2023,AN Se Young (2),4,2442,WANG Zhi Yi (8),8,2257
12/1/2023,Round 2,MD,Kim AST.. / Anders S.. (6) Rank 8 Elo 1992 (+33),21-13 / 21-9,Leo Rolly.. / Daniel MA.. Rank 14 Elo 2066 (-32),37,https://badmintonranks.com/tournament?id=13621,2,Malaysia_Open_2023,Kim AST.. / Anders S.. (6),8,1992,Leo Rolly.. / Daniel MA..,14,2066
12/1/2023,Round 2,MD,LIANG W.. / WANG Ch.. Rank 17 Elo 2073 (+32),20-22 / 21-12 / 21-19,Marcus G.. / Kevin SU.. (2) Rank 23 Elo 2152 (-31),56,https://badmintonranks.com/tournament?id=13621,2,Malaysia_Open_2023,LIANG W.. / WANG Ch..,17,2073,Marcus G.. / Kevin SU.. (2),23,2152
12/1/2023,Round 2,WD,JIN Yu Jia / WONG Jia.. Rank 29 Elo 1777 (+39),21-18 / 25-23,Supissar.. / Puttita SU.. Rank 30 Elo 1838 (-36),53,https://badmintonranks.com/tournament?id=13621,2,Malaysia_Open_2023,JIN Yu Jia / WONG Jia..,29,1777,Supissar.. / Puttita SU..,30,1838
12/1/2023,Round 2,MD,LIU Yu C.. / OU Xuan .. Rank 6 Elo 2212 (+17),21-10 / 23-21,Aaron CH.. / SOH Wo.. (4) Rank 3 Elo 2093 (-17),41,https://badmintonranks.com/tournament?id=13621,2,Malaysia_Open_2023,LIU Yu C.. / OU Xuan ..,6,2212,Aaron CH.. / SOH Wo.. (4),3,2093
12/1/2023,Round 2,MD,Hendra S.. / Mohamm.. (5) Rank 2 Elo 2078 (+23),21-19 / 21-17,Pramudy.. / Yeremia E.. Rank 24 Elo 2032 (-23),29,https://badmintonranks.com/tournament?id=13621,2,Malaysia_Open_2023,Hendra S.. / Mohamm.. (5),2,2078,Pramudy.. / Yeremia E..,24,2032
12/1/2023,Round 2,MD,Satwiksai.. / Chirag S.. (7) Rank 5 Elo 2195 (+9),21-19 / 22-20,Muhamm.. / Bagas MA.. Rank 11 Elo 1923 (-9),49,https://badmintonranks.com/tournament?id=13621,3,Malaysia_Open_2023,Satwiksai.. / Chirag S.. (7),5,2195,Muhamm.. / Bagas MA..,11,1923
12/1/2023,Round 2,XD,Dechapol.. / Sapsiree .. (2) Rank 3 Elo 2302 (+5),21-12 / 21-13,HEE Yon.. / TAN Wei .. Rank 13 Elo 1929 (-6),31,https://badmintonranks.com/tournament?id=13621,3,Malaysia_Open_2023,Dechapol.. / Sapsiree .. (2),3,2302,HEE Yon.. / TAN Wei ..,13,1929
12/1/2023,Round 2,XD,ZHENG .. / HUANG .. (1) Rank 1 Elo 2499 (+2),21-16 / 21-10,GOH Soo.. / LAI Shevo.. Rank 7 Elo 1975 (-3),30,https://badmintonranks.com/tournament?id=13621,3,Malaysia_Open_2023,ZHENG .. / HUANG .. (1),1,2499,GOH Soo.. / LAI Shevo..,7,1975
12/1/2023,Round 2,WD,KIM So Y.. / KONG H.. (3) Rank 7 Elo 2112 (+19),21-17 / 23-21,Benyapa .. / Nuntakarn.. Rank 9 Elo 2026 (-19),48,https://badmintonranks.com/tournament?id=13621,3,Malaysia_Open_2023,KIM So Y.. / KONG H.. (3),7,2112,Benyapa .. / Nuntakarn..,9,2026
12/1/2023,Round 2,XD,CHEN Ta.. / TOH Ee W.. Rank 147 Elo 1833 (+43),21-19 / 21-16,Rehan N.. / Lisa Ayu K.. Rank 12 Elo 1989 (-37),46,https://badmintonranks.com/tournament?id=13621,3,Malaysia_Open_2023,CHEN Ta.. / TOH Ee W..,147,1833,Rehan N.. / Lisa Ayu K..,12,1989
12/1/2023,Round 2,MD,KANG Mi.. / SEO Seun.. Rank 18 Elo 1944 (+35),21-18 / 21-17,LEE Yang / WANG Ch.. Rank 12 Elo 2047 (-34),47,https://badmintonranks.com/tournament?id=13621,3,Malaysia_Open_2023,KANG Mi.. / SEO Seun..,18,1944,LEE Yang / WANG Ch..,12,2047
12/1/2023,Round 2,MS,Kodai NARAOKA Rank 7 Elo 2281 (+15),15-21 / 21-19 / 21-15,NG Tze Yong Rank 25 Elo 2122 (-15),92,https://badmintonranks.com/tournament?id=13621,3,Malaysia_Open_2023,Kodai NARAOKA,7,2281,NG Tze Yong,25,2122
12/1/2023,Round 2,MS,Viktor AXELSEN (1) Rank 1 Elo 2647 (+0),W.O.,LIEW Daren Rank 31 Elo 1977 (-0),0,https://badmintonranks.com/tournament?id=13621,3,Malaysia_Open_2023,Viktor AXELSEN (1),1,2647,LIEW Daren,31,1977
12/1/2023,Round 2,WS,Mia BLICHFELDT Rank 31 Elo 2025 (+23),21-17 / 19-21 / 21-14,Aya OHORI Rank 36 Elo 1985 (-24),67,https://badmintonranks.com/tournament?id=13621,3,Malaysia_Open_2023,Mia BLICHFELDT,31,2025,Aya OHORI,36,1985
12/1/2023,Round 2,WS,CHEN Yu Fei (4) Rank 2 Elo 2460 (+7),21-13 / 10-21 / 21-13,Michelle LI Rank 14 Elo 2123 (-7),56,https://badmintonranks.com/tournament?id=13621,3,Malaysia_Open_2023,CHEN Yu Fei (4),2,2460,Michelle LI,14,2123
12/1/2023,Round 2,WD,Apriyani .. / Siti Fadia .. Rank 11 Elo 2125 (+20),21-16 / 13-21 / 21-15,JEONG .. / KIM Hye .. (5) Rank 3 Elo 2050 (-20),79,https://badmintonranks.com/tournament?id=13621,3,Malaysia_Open_2023,Apriyani .. / Siti Fadia ..,11,2125,JEONG .. / KIM Hye .. (5),3,2050
12/1/2023,Round 2,WD,BAEK Ha.. / LEE Yu Lim Rank 20 Elo 2023 (+4),21-2 / 21-6,Srivedya .. / Ishika JAI.. Rank 38 Elo 1608 (-9),27,https://badmintonranks.com/tournament?id=13621,3,Malaysia_Open_2023,BAEK Ha.. / LEE Yu Lim,20,2023,Srivedya .. / Ishika JAI..,38,1608
12/1/2023,Round 2,XD,Thom GI.. / Delphine .. (8) Rank 5 Elo 2033 (+7),21-18 / 13-21 / 21-12,HOO Pan.. / TEOH Mei.. Rank 157 Elo 1703 (-11),62,https://badmintonranks.com/tournament?id=13621,3,Malaysia_Open_2023,Thom GI.. / Delphine .. (8),5,2033,HOO Pan.. / TEOH Mei..,157,1703
12/1/2023,Round 2,WS,HSU Wen Chi Rank 23 Elo 1935 (+46),21-18 / 16-21 / 21-18,Gregoria Mariska TUNJ.. Rank 15 Elo 2230 (-42),71,https://badmintonranks.com/tournament?id=13621,3,Malaysia_Open_2023,HSU Wen Chi,23,1935,Gregoria Mariska TUNJ..,15,2230
12/1/2023,Round 2,MS,Kanta TSUNEYAMA Rank 26 Elo 2168 (+31),23-21 / 21-19,CHOU Tien Chen (4) Rank 5 Elo 2239 (-30),59,https://badmintonranks.com/tournament?id=13621,3,Malaysia_Open_2023,Kanta TSUNEYAMA,26,2168,CHOU Tien Chen (4),5,2239
12/1/2023,Round 2,MS,PRANNOY H. S. Rank 8 Elo 2237 (+14),21-9 / 15-21 / 21-16,Chico Aura DWI WARD.. Rank 19 Elo 2084 (-15),64,https://badmintonranks.com/tournament?id=13621,3,Malaysia_Open_2023,PRANNOY H. S.,8,2237,Chico Aura DWI WARD..,19,2084
12/1/2023,Round 2,MS,Anthony Sinisuka GIN.. (6) Rank 4 Elo 2377 (+14),21-14 / 17-21 / 21-17,Anders ANTONSEN Rank 30 Elo 2208 (-14),72,https://badmintonranks.com/tournament?id=13621,3,Malaysia_Open_2023,Anthony Sinisuka GIN.. (6),4,2377,Anders ANTONSEN,30,2208
12/1/2023,Round 2,MS,Kunlavut VITIDSARN (8) Rank 9 Elo 2284 (+6),21-14 / 21-17,Kantaphon WANGCHA.. Rank 32 Elo 1945 (-7),57,https://badmintonranks.com/tournament?id=13621,3,Malaysia_Open_2023,Kunlavut VITIDSARN (8),9,2284,Kantaphon WANGCHA..,32,1945
12/1/2023,Round 2,WS,Akane YAMAGUCHI (1) Rank 1 Elo 2553 (+4),21-15 / 21-15,Busanan ONGBAMRUN.. Rank 10 Elo 2157 (-5),41,https://badmintonranks.com/tournament?id=13621,3,Malaysia_Open_2023,Akane YAMAGUCHI (1),1,2553,Busanan ONGBAMRUN..,10,2157
12/1/2023,Round 2,MD,Fajar ALF.. / Muhamm.. (3) Rank 1 Elo 2170 (+10),8-21 / 21-19 / 21-16,Mark LA.. / Marvin SE.. Rank 16 Elo 1935 (-11),70,https://badmintonranks.com/tournament?id=13621,3,Malaysia_Open_2023,Fajar ALF.. / Muhamm.. (3),1,2170,Mark LA.. / Marvin SE..,16,1935
12/1/2023,Round 2,XD,SEO Seu.. / CHAE Yu.. (7) Rank 17 Elo 2116 (+8),21-13 / 21-15,YE Hong .. / LEE Chia .. Rank 27 Elo 1798 (-9),29,https://badmintonranks.com/tournament?id=13621,4,Malaysia_Open_2023,SEO Seu.. / CHAE Yu.. (7),17,2116,YE Hong .. / LEE Chia ..,27,1798
12/1/2023,Round 2,MD,ONG Yew.. / TEO Ee .. (8) Rank 7 Elo 2064 (+25),17-21 / 21-13 / 21-14,LU Ching.. / YANG Po .. Rank 15 Elo 2050 (-25),85,https://badmintonranks.com/tournament?id=13621,4,Malaysia_Open_2023,ONG Yew.. / TEO Ee .. (8),7,2064,LU Ching.. / YANG Po ..,15,2050
12/1/2023,Round 2,MS,Kenta NISHIMOTO Rank 17 Elo 2227 (+27),21-15 / 21-17,Jonatan CHRISTIE (5) Rank 3 Elo 2249 (-27),52,https://badmintonranks.com/tournament?id=13621,4,Malaysia_Open_2023,Kenta NISHIMOTO,17,2227,Jonatan CHRISTIE (5),3,2249
12/1/2023,Round 2,WS,WANG Zhi Yi (8) Rank 8 Elo 2249 (+8),21-13 / 21-10,PAI Yu Po Rank 37 Elo 1966 (-9),37,https://badmintonranks.com/tournament?id=13621,4,Malaysia_Open_2023,WANG Zhi Yi (8),8,2249,PAI Yu Po,37,1966
12/1/2023,Round 2,WS,TAI Tzu Ying (3) Rank 3 Elo 2475 (+10),21-10 / 21-13,HAN Yue Rank 11 Elo 2233 (-10),32,https://badmintonranks.com/tournament?id=13621,4,Malaysia_Open_2023,TAI Tzu Ying (3),3,2475,HAN Yue,11,2233
12/1/2023,Round 2,WS,Carolina MARIN Rank 9 Elo 2352 (+15),21-14 / 21-17,Pornpawee CHOCHUW.. Rank 12 Elo 2209 (-16),50,https://badmintonranks.com/tournament?id=13621,4,Malaysia_Open_2023,Carolina MARIN,9,2352,Pornpawee CHOCHUW..,12,2209
12/1/2023,Round 2,XD,Yuta WAT.. / Arisa IGA.. (3) Rank 4 Elo 2264 (+7),21-17 / 21-13,Yuki KAN.. / Misaki MA.. Rank 15 Elo 1949 (-8),46,https://badmintonranks.com/tournament?id=13621,4,Malaysia_Open_2023,Yuta WAT.. / Arisa IGA.. (3),4,2264,Yuki KAN.. / Misaki MA..,15,1949
12/1/2023,Round 2,WD,LI Wen M.. / LIU Xuan .. Rank Elo 1807 (+34),21-12 / 17-21 / 21-14,DU Yue / XIA Yu Tin.. Rank Elo 1831 (-32),89,https://badmintonranks.com/tournament?id=13621,4,Malaysia_Open_2023,LI Wen M.. / LIU Xuan ..,,1807,DU Yue / XIA Yu Tin..,,1831
12/1/2023,Round 2,WD,CHEN Qi.. / JIA Yi Fan (1) Rank 1 Elo 2363 (+2),21-7 / 21-9,Febriana .. / Amallia C.. Rank 19 Elo 1819 (-2),31,https://badmintonranks.com/tournament?id=13621,4,Malaysia_Open_2023,CHEN Qi.. / JIA Yi Fan (1),1,2363,Febriana .. / Amallia C..,19,1819
12/1/2023,Round 2,MS,LOH Kean Yew (3) Rank 6 Elo 2270 (+17),21-15 / 21-8,ZHAO Jun Peng Rank 12 Elo 2160 (-18),39,https://badmintonranks.com/tournament?id=13621,4,Malaysia_Open_2023,LOH Kean Yew (3),6,2270,ZHAO Jun Peng,12,2160
12/1/2023,Round 2,WD,Gabriela .. / Stefani ST.. Rank 14 Elo 1923 (+22),21-13 / 15-21 / 21-17,Treesa J.. / GAYATRI .. Rank 16 Elo 1853 (-24),69,https://badmintonranks.com/tournament?id=13621,4,Malaysia_Open_2023,Gabriela .. / Stefani ST..,14,1923,Treesa J.. / GAYATRI ..,16,1853
12/1/2023,Round 2,WD,ZHANG .. / ZHENG .. (7) Rank 4 Elo 2141 (+2),21-10 / 21-7,GO Pei K.. / TEOH Mei.. Rank 193 Elo 1640 (-5),33,https://badmintonranks.com/tournament?id=13621,4,Malaysia_Open_2023,ZHANG .. / ZHENG .. (7),4,2141,GO Pei K.. / TEOH Mei..,193,1640
12/1/2023,Round 2,XD,KIM Won .. / JEONG N.. Rank 23 Elo 1880 (+49),12-21 / 22-20 / 23-21,WANG Yi.. / HUANG .. (4) Rank 2 Elo 2201 (-44),74,https://badmintonranks.com/tournament?id=13621,4,Malaysia_Open_2023,KIM Won .. / JEONG N..,23,1880,WANG Yi.. / HUANG .. (4),2,2201
12/1/2023,Round 2,XD,Dejan FE.. / Gloria Em.. Rank 19 Elo 1928 (+37),21-17 / 21-16,TANG Ch.. / TSE Ying.. (5) Rank 26 Elo 2038 (-34),40,https://badmintonranks.com/tournament?id=13621,4,Malaysia_Open_2023,Dejan FE.. / Gloria Em..,19,1928,TANG Ch.. / TSE Ying.. (5),26,2038
12/1/2023,Round 2,WS,AN Se Young (2) Rank 4 Elo 2439 (+3),21-10 / 21-12,GOH Jin Wei Rank 33 Elo 1979 (-4),33,https://badmintonranks.com/tournament?id=13621,4,Malaysia_Open_2023,AN Se Young (2),4,2439,GOH Jin Wei,33,1979
11/1/2023,Round 1,MS,Kodai NARAOKA Rank 7 Elo 2255 (+26),13-21 / 21-17 / 21-19,LEE Zii Jia (2) Rank 2 Elo 2276 (-27),73,https://badmintonranks.com/tournament?id=13621,4,Malaysia_Open_2023,Kodai NARAOKA,7,2255,LEE Zii Jia (2),2,2276
11/1/2023,Round 1,MD,Marcus G.. / Kevin SU.. (2) Rank 23 Elo 2145 (+7),21-18 / 23-21,MAN Wei.. / TEE Kai .. Rank 19 Elo 1836 (-9),33,https://badmintonranks.com/tournament?id=13621,4,Malaysia_Open_2023,Marcus G.. / Kevin SU.. (2),23,2145,MAN Wei.. / TEE Kai ..,19,1836
11/1/2023,Round 1,MD,LIANG W.. / WANG Ch.. Rank 17 Elo 2057 (+16),16-21 / 21-11 / 21-17,GOH Sze.. / Nur IZZUD.. Rank 10 Elo 1918 (-17),54,https://badmintonranks.com/tournament?id=13621,4,Malaysia_Open_2023,LIANG W.. / WANG Ch..,17,2057,GOH Sze.. / Nur IZZUD..,10,1918
11/1/2023,Round 1,MD,Leo Rolly.. / Daniel MA.. Rank 14 Elo 2053 (+13),21-14 / 21-18,Akira KO.. / Taichi SAI.. Rank 26 Elo 1865 (-15),35,https://badmintonranks.com/tournament?id=13621,4,Malaysia_Open_2023,Leo Rolly.. / Daniel MA..,14,2053,Akira KO.. / Taichi SAI..,26,1865
11/1/2023,Round 1,MS,NG Tze Yong Rank 25 Elo 2111 (+11),21-4 / 21-10,Nhat NGUYEN Rank 28 Elo 1873 (-12),35,https://badmintonranks.com/tournament?id=13621,4,Malaysia_Open_2023,NG Tze Yong,25,2111,Nhat NGUYEN,28,1873
11/1/2023,Round 1,WS,WANG Zhi Yi (8) Rank 8 Elo 2237 (+12),21-16 / 21-10,ZHANG Yi Man Rank 18 Elo 2034 (-13),38,https://badmintonranks.com/tournament?id=13621,5,Malaysia_Open_2023,WANG Zhi Yi (8),8,2237,ZHANG Yi Man,18,2034
11/1/2023,Round 1,MD,Aaron CH.. / SOH Wo.. (4) Rank 3 Elo 2078 (+15),16-21 / 21-15 / 21-16,LEE Jhe-.. / YANG Po-.. Rank 38 Elo 1923 (-17),56,https://badmintonranks.com/tournament?id=13621,5,Malaysia_Open_2023,Aaron CH.. / SOH Wo.. (4),3,2078,LEE Jhe-.. / YANG Po-..,38,1923
11/1/2023,Round 1,MD,Kim AST.. / Anders S.. (6) Rank 8 Elo 1984 (+8),21-13 / 21-10,Keiichiro .. / Yoshinori .. Rank 31 Elo 1703 (-14),34,https://badmintonranks.com/tournament?id=13621,5,Malaysia_Open_2023,Kim AST.. / Anders S.. (6),8,1984,Keiichiro .. / Yoshinori ..,31,1703
11/1/2023,Round 1,WD,JIN Yu Jia / WONG Jia.. Rank 29 Elo 1744 (+33),20-22 / 21-14 / 21-19,Julie MA.. / Ciara TOR.. Rank 31 Elo 1709 (-35),57,https://badmintonranks.com/tournament?id=13621,5,Malaysia_Open_2023,JIN Yu Jia / WONG Jia..,29,1744,Julie MA.. / Ciara TOR..,31,1709
11/1/2023,Round 1,WS,PAI Yu Po Rank 37 Elo 1931 (+35),21-18 / 24-22,ZHANG Beiwen Rank 24 Elo 2026 (-33),39,https://badmintonranks.com/tournament?id=13621,5,Malaysia_Open_2023,PAI Yu Po,37,1931,ZHANG Beiwen,24,2026
11/1/2023,Round 1,MD,LIU Yu C.. / OU Xuan .. Rank 6 Elo 2201 (+11),21-19 / 24-22,Ben LANE / Sean VEN.. Rank 13 Elo 1991 (-12),38,https://badmintonranks.com/tournament?id=13621,5,Malaysia_Open_2023,LIU Yu C.. / OU Xuan ..,6,2201,Ben LANE / Sean VEN..,13,1991
11/1/2023,Round 1,WD,Supissar.. / Puttita SU.. Rank 30 Elo 1818 (+20),21-10 / 21-12,Ashwini B.. / Shikha GA.. Rank 36 Elo 1687 (-26),28,https://badmintonranks.com/tournament?id=13621,5,Malaysia_Open_2023,Supissar.. / Puttita SU..,30,1818,Ashwini B.. / Shikha GA..,36,1687
11/1/2023,Round 1,WS,Carolina MARIN Rank 9 Elo 2323 (+29),21-12 / 10-21 / 21-15,PUSARLA V. Sindhu (6) Rank 7 Elo 2377 (-29),59,https://badmintonranks.com/tournament?id=13621,5,Malaysia_Open_2023,Carolina MARIN,9,2323,PUSARLA V. Sindhu (6),7,2377
11/1/2023,Round 1,MD,Muhamm.. / Bagas MA.. Rank 11 Elo 1908 (+15),16-21 / 21-16 / 21-19,Supak JO.. / Kittinupon.. Rank 35 Elo 1742 (-20),56,https://badmintonranks.com/tournament?id=13621,5,Malaysia_Open_2023,Muhamm.. / Bagas MA..,11,1908,Supak JO.. / Kittinupon..,35,1742
11/1/2023,Round 1,WS,Pornpawee CHOCHUW.. Rank 12 Elo 2199 (+10),21-15 / 21-16,YEO Jia Min Rank 34 Elo 1948 (-10),39,https://badmintonranks.com/tournament?id=13621,5,Malaysia_Open_2023,Pornpawee CHOCHUW..,12,2199,YEO Jia Min,34,1948
11/1/2023,Round 1,WD,LI Wen M.. / LIU Xuan .. Rank Elo 1776 (+31),21-7 / 21-11,NG Tsz Y.. / TSANG Hi.. Rank 55 Elo 1744 (-32),27,https://badmintonranks.com/tournament?id=13621,5,Malaysia_Open_2023,LI Wen M.. / LIU Xuan ..,,1776,NG Tsz Y.. / TSANG Hi..,55,1744
11/1/2023,Round 1,MS,Chico Aura DWI WARD.. Rank 19 Elo 2064 (+20),21-11 / 16-21 / 25-23,Hans-Kristian Solberg VI.. Rank 39 Elo 1982 (-21),65,https://badmintonranks.com/tournament?id=13621,5,Malaysia_Open_2023,Chico Aura DWI WARD..,19,2064,Hans-Kristian Solberg VI..,39,1982
11/1/2023,Round 1,XD,Rehan N.. / Lisa Ayu K.. Rank 12 Elo 1978 (+11),18-21 / 21-15 / 21-7,CHAN Pe.. / GOH Liu .. Rank Elo 1752 (-15),58,https://badmintonranks.com/tournament?id=13621,5,Malaysia_Open_2023,Rehan N.. / Lisa Ayu K..,12,1978,CHAN Pe.. / GOH Liu ..,,1752
11/1/2023,Round 1,XD,CHEN Ta.. / TOH Ee W.. Rank 147 Elo 1781 (+52),21-15 / 21-10,TAN Kian.. / LAI Pei Ji.. (6) Rank 6 Elo 2002 (-41),31,https://badmintonranks.com/tournament?id=13621,5,Malaysia_Open_2023,CHEN Ta.. / TOH Ee W..,147,1781,TAN Kian.. / LAI Pei Ji.. (6),6,2002
11/1/2023,Round 1,MD,Satwiksai.. / Chirag S.. (7) Rank 5 Elo 2181 (+14),21-16 / 21-13,CHOI Sol.. / KIM Won .. Rank 9 Elo 2014 (-14),44,https://badmintonranks.com/tournament?id=13621,5,Malaysia_Open_2023,Satwiksai.. / Chirag S.. (7),5,2181,CHOI Sol.. / KIM Won ..,9,2014
11/1/2023,Round 1,MS,LOH Kean Yew (3) Rank 6 Elo 2257 (+13),21-19 / 23-21,LI Shi Feng Rank 20 Elo 2068 (-13),51,https://badmintonranks.com/tournament?id=13621,5,Malaysia_Open_2023,LOH Kean Yew (3),6,2257,LI Shi Feng,20,2068
11/1/2023,Round 1,MS,PRANNOY H. S. Rank 8 Elo 2212 (+25),22-24 / 21-12 / 21-18,Lakshya SEN (7) Rank 10 Elo 2195 (-24),61,https://badmintonranks.com/tournament?id=13621,5,Malaysia_Open_2023,PRANNOY H. S.,8,2212,Lakshya SEN (7),10,2195
11/1/2023,Round 1,WD,Srivedya .. / Ishika JAI.. Rank 38 Elo 1543 (+65),21-17 / 18-21 / 21-16,Clara AZ.. / Beatriz C.. Rank 43 Elo 1536 (-67),51,https://badmintonranks.com/tournament?id=13621,5,Malaysia_Open_2023,Srivedya .. / Ishika JAI..,38,1543,Clara AZ.. / Beatriz C..,43,1536
11/1/2023,Round 1,WS,Michelle LI Rank 14 Elo 2113 (+10),21-13 / 21-15,Line CHRISTOPHERSEN Rank 29 Elo 1862 (-11),32,https://badmintonranks.com/tournament?id=13621,5,Malaysia_Open_2023,Michelle LI,14,2113,Line CHRISTOPHERSEN,29,1862
11/1/2023,Round 1,WD,GO Pei K.. / TEOH Mei.. Rank 193 Elo 1558 (+82),21-13 / 21-13,Vivian H.. / LIM Chiew.. Rank 15 Elo 1668 (-57),35,https://badmintonranks.com/tournament?id=13621,5,Malaysia_Open_2023,GO Pei K.. / TEOH Mei..,193,1558,Vivian H.. / LIM Chiew..,15,1668
11/1/2023,Round 1,WD,DU Yue / XIA Yu Tin.. Rank Elo 1776 (+55),21-19 / 22-20,LEE So H.. / SHIN Se.. (4) Rank 10 Elo 2036 (-43),55,https://badmintonranks.com/tournament?id=13621,6,Malaysia_Open_2023,DU Yue / XIA Yu Tin..,,1776,LEE So H.. / SHIN Se.. (4),10,2036
11/1/2023,Round 1,MS,Kantaphon WANGCHA.. Rank 32 Elo 1910 (+35),21-16 / 17-21 / 21-13,Brian YANG Rank 22 Elo 1988 (-33),59,https://badmintonranks.com/tournament?id=13621,6,Malaysia_Open_2023,Kantaphon WANGCHA..,32,1910,Brian YANG,22,1988
11/1/2023,Round 1,WD,BAEK Ha.. / LEE Yu Lim Rank 20 Elo 1992 (+31),21-15 / 17-21 / 21-16,Jongkolp.. / Rawinda .. (6) Rank 5 Elo 2049 (-30),57,https://badmintonranks.com/tournament?id=13621,6,Malaysia_Open_2023,BAEK Ha.. / LEE Yu Lim,20,1992,Jongkolp.. / Rawinda .. (6),5,2049
11/1/2023,Round 1,MS,ZHAO Jun Peng Rank 12 Elo 2130 (+30),21-17 / 21-16,LU Guang Zu Rank 11 Elo 2186 (-29),46,https://badmintonranks.com/tournament?id=13621,6,Malaysia_Open_2023,ZHAO Jun Peng,12,2130,LU Guang Zu,11,2186
11/1/2023,Round 1,XD,HEE Yon.. / TAN Wei .. Rank 13 Elo 1917 (+12),21-16 / 21-10,Jones Ra.. / Linda EFL.. Rank 24 Elo 1681 (-18),30,https://badmintonranks.com/tournament?id=13621,6,Malaysia_Open_2023,HEE Yon.. / TAN Wei ..,13,1917,Jones Ra.. / Linda EFL..,24,1681
11/1/2023,Round 1,WS,AN Se Young (2) Rank 4 Elo 2438 (+1),21-9 / 21-13,Malvika BANSOD Rank 28 Elo 1749 (-1),31,https://badmintonranks.com/tournament?id=13621,6,Malaysia_Open_2023,AN Se Young (2),4,2438,Malvika BANSOD,28,1749
11/1/2023,Round 1,XD,Yuta WAT.. / Arisa IGA.. (3) Rank 4 Elo 2261 (+3),21-9 / 21-16,Gregory .. / Jenny MAI.. Rank 29 Elo 1787 (-4),26,https://badmintonranks.com/tournament?id=13621,6,Malaysia_Open_2023,Yuta WAT.. / Arisa IGA.. (3),4,2261,Gregory .. / Jenny MAI..,29,1787
11/1/2023,Round 1,XD,Yuki KAN.. / Misaki MA.. Rank 15 Elo 1932 (+17),21-17 / 21-18,Zacharia.. / Hediana J.. Rank 32 Elo 1778 (-20),35,https://badmintonranks.com/tournament?id=13621,6,Malaysia_Open_2023,Yuki KAN.. / Misaki MA..,15,1932,Zacharia.. / Hediana J..,32,1778
11/1/2023,Round 1,MS,Kunlavut VITIDSARN (8) Rank 9 Elo 2268 (+16),21-23 / 21-19 / 24-22,Shesar Hiren RHUSTAV.. Rank 24 Elo 2128 (-16),76,https://badmintonranks.com/tournament?id=13621,6,Malaysia_Open_2023,Kunlavut VITIDSARN (8),9,2268,Shesar Hiren RHUSTAV..,24,2128
11/1/2023,Round 1,XD,Dechapol.. / Sapsiree .. (2) Rank 3 Elo 2296 (+6),21-14 / 21-14,Supak JO.. / Supissara .. Rank 10 Elo 1935 (-6),32,https://badmintonranks.com/tournament?id=13621,6,Malaysia_Open_2023,Dechapol.. / Sapsiree .. (2),3,2296,Supak JO.. / Supissara ..,10,1935
11/1/2023,Round 1,WD,ZHANG .. / ZHENG .. (7) Rank 4 Elo 2119 (+22),21-15 / 19-21 / 21-16,Yuki FUK.. / Sayaka HI.. Rank 12 Elo 2069 (-23),70,https://badmintonranks.com/tournament?id=13621,6,Malaysia_Open_2023,ZHANG .. / ZHENG .. (7),4,2119,Yuki FUK.. / Sayaka HI..,12,2069
11/1/2023,Round 1,WS,GOH Jin Wei Rank 33 Elo 1957 (+22),21-11 / 21-18,Yvonne LI Rank 26 Elo 1884 (-22),39,https://badmintonranks.com/tournament?id=13621,6,Malaysia_Open_2023,GOH Jin Wei,33,1957,Yvonne LI,26,1884
11/1/2023,Round 1,XD,YE Hong .. / LEE Chia .. Rank 27 Elo 1772 (+26),21-19 / 23-21,LEE Jhe-.. / HSU Ya C.. Rank 50 Elo 1692 (-32),25,https://badmintonranks.com/tournament?id=13621,6,Malaysia_Open_2023,YE Hong .. / LEE Chia ..,27,1772,LEE Jhe-.. / HSU Ya C..,50,1692
11/1/2023,Round 1,WS,CHEN Yu Fei (4) Rank 2 Elo 2450 (+10),21-9 / 21-17,Nozomi OKUHARA Rank 13 Elo 2210 (-10),34,https://badmintonranks.com/tournament?id=13621,6,Malaysia_Open_2023,CHEN Yu Fei (4),2,2450,Nozomi OKUHARA,13,2210
11/1/2023,Round 1,XD,SEO Seu.. / CHAE Yu.. (7) Rank 17 Elo 2108 (+8),21-17 / 26-24,LEE Chu.. / NG Tsz Ya.. Rank 22 Elo 1828 (-11),38,https://badmintonranks.com/tournament?id=13621,6,Malaysia_Open_2023,SEO Seu.. / CHAE Yu.. (7),17,2108,LEE Chu.. / NG Tsz Ya..,22,1828
10/1/2023,Round 1,MD,LEE Yang / WANG Ch.. Rank 12 Elo 2017 (+30),21-13 / 21-15,Takuro H.. / Yugo KO.. (1) Rank 4 Elo 2061 (-30),32,https://badmintonranks.com/tournament?id=13621,6,Malaysia_Open_2023,LEE Yang / WANG Ch..,12,2017,Takuro H.. / Yugo KO.. (1),4,2061
10/1/2023,Round 1,MD,Fajar ALF.. / Muhamm.. (3) Rank 1 Elo 2168 (+2),19-21 / 21-16 / 21-15,Christo P.. / Toma Juni.. Rank 33 Elo 1622 (-4),58,https://badmintonranks.com/tournament?id=13621,6,Malaysia_Open_2023,Fajar ALF.. / Muhamm.. (3),1,2168,Christo P.. / Toma Juni..,33,1622
10/1/2023,Round 1,MD,Hendra S.. / Mohamm.. (5) Rank 2 Elo 2061 (+17),19-21 / 21-8 / 21-13,HE Ji Ting / ZHOU Ha.. Rank 20 Elo 1941 (-18),40,https://badmintonranks.com/tournament?id=13621,6,Malaysia_Open_2023,Hendra S.. / Mohamm.. (5),2,2061,HE Ji Ting / ZHOU Ha..,20,1941
10/1/2023,Round 1,MS,Viktor AXELSEN (1) Rank 1 Elo 2643 (+4),17-21 / 21-14 / 21-12,Rasmus GEMKE Rank 21 Elo 2208 (-4),65,https://badmintonranks.com/tournament?id=13621,6,Malaysia_Open_2023,Viktor AXELSEN (1),1,2643,Rasmus GEMKE,21,2208
10/1/2023,Round 1,MS,CHOU Tien Chen (4) Rank 5 Elo 2206 (+33),21-23 / 24-22 / 21-18,SHI Yu Qi Rank 34 Elo 2309 (-32),79,https://badmintonranks.com/tournament?id=13621,6,Malaysia_Open_2023,CHOU Tien Chen (4),5,2206,SHI Yu Qi,34,2309
10/1/2023,Round 1,WD,JEONG .. / KIM Hye .. (5) Rank 3 Elo 2040 (+10),21-16 / 21-11,Chloe CO.. / Lauren S.. Rank 95 Elo 1794 (-13),36,https://badmintonranks.com/tournament?id=13621,7,Malaysia_Open_2023,JEONG .. / KIM Hye .. (5),3,2040,Chloe CO.. / Lauren S..,95,1794
10/1/2023,Round 1,WD,Benyapa .. / Nuntakarn.. Rank 9 Elo 2022 (+4),21-16 / 21-15,Linda EF.. / Isabel LO.. Rank 26 Elo 1626 (-10),30,https://badmintonranks.com/tournament?id=13621,7,Malaysia_Open_2023,Benyapa .. / Nuntakarn..,9,2022,Linda EF.. / Isabel LO..,26,1626
10/1/2023,Round 1,MS,Kanta TSUNEYAMA Rank 26 Elo 2144 (+24),3-21 / 21-5 / 23-21,LEE Cheuk Yiu Rank 14 Elo 2128 (-25),52,https://badmintonranks.com/tournament?id=13621,7,Malaysia_Open_2023,Kanta TSUNEYAMA,26,2144,LEE Cheuk Yiu,14,2128
10/1/2023,Round 1,WS,Mia BLICHFELDT Rank 31 Elo 1995 (+30),21-19 / 21-7,KIM Ga Eun Rank 20 Elo 2047 (-30),35,https://badmintonranks.com/tournament?id=13621,7,Malaysia_Open_2023,Mia BLICHFELDT,31,1995,KIM Ga Eun,20,2047
10/1/2023,Round 1,MD,Mark LA.. / Marvin SE.. Rank 16 Elo 1921 (+14),21-19 / 21-7,Ruben JI.. / Ties VAN .. Rank 28 Elo 1735 (-19),32,https://badmintonranks.com/tournament?id=13621,7,Malaysia_Open_2023,Mark LA.. / Marvin SE..,16,1921,Ruben JI.. / Ties VAN ..,28,1735
10/1/2023,Round 1,MD,LU Ching.. / YANG Po .. Rank 15 Elo 2037 (+13),21-14 / 21-11,Alexande.. / Adam HA.. Rank 25 Elo 1839 (-15),29,https://badmintonranks.com/tournament?id=13621,7,Malaysia_Open_2023,LU Ching.. / YANG Po ..,15,2037,Alexande.. / Adam HA..,25,1839
10/1/2023,Round 1,XD,GOH Soo.. / LAI Shevo.. Rank 7 Elo 1963 (+12),21-15 / 21-13,CHANG .. / LEE Chih .. Rank 54 Elo 1746 (-16),27,https://badmintonranks.com/tournament?id=13621,7,Malaysia_Open_2023,GOH Soo.. / LAI Shevo..,7,1963,CHANG .. / LEE Chih ..,54,1746
10/1/2023,Round 1,XD,Thom GI.. / Delphine .. (8) Rank 5 Elo 2010 (+23),21-18 / 21-18,Rinov RI.. / Pitha Hani.. Rank 9 Elo 1969 (-23),45,https://badmintonranks.com/tournament?id=13621,7,Malaysia_Open_2023,Thom GI.. / Delphine .. (8),5,2010,Rinov RI.. / Pitha Hani..,9,1969
10/1/2023,Round 1,MD,ONG Yew.. / TEO Ee .. (8) Rank 7 Elo 2054 (+10),21-13 / 20-22 / 21-15,REN Xian.. / TAN Qiang Rank 27 Elo 1801 (-13),63,https://badmintonranks.com/tournament?id=13621,7,Malaysia_Open_2023,ONG Yew.. / TEO Ee .. (8),7,2054,REN Xian.. / TAN Qiang,27,1801
10/1/2023,Round 1,MD,Pramudy.. / Yeremia E.. Rank 24 Elo 2010 (+22),21-12 / 21-17,KO Sung .. / SHIN Bae.. Rank Elo 1949 (-23),28,https://badmintonranks.com/tournament?id=13621,7,Malaysia_Open_2023,Pramudy.. / Yeremia E..,24,2010,KO Sung .. / SHIN Bae..,,1949
10/1/2023,Round 1,WD,Treesa J.. / GAYATRI .. Rank 16 Elo 1832 (+21),21-19 / 21-14,YEUNG .. / YEUNG P.. Rank 28 Elo 1720 (-27),34,https://badmintonranks.com/tournament?id=13621,7,Malaysia_Open_2023,Treesa J.. / GAYATRI ..,16,1832,YEUNG .. / YEUNG P..,28,1720
10/1/2023,Round 1,MS,Anders ANTONSEN Rank 30 Elo 2195 (+13),8-21 / 22-20 / 21-19,WENG Hong Yang Rank 27 Elo 2009 (-14),75,https://badmintonranks.com/tournament?id=13621,7,Malaysia_Open_2023,Anders ANTONSEN,30,2195,WENG Hong Yang,27,2009
10/1/2023,Round 1,WD,Apriyani .. / Siti Fadia .. Rank 11 Elo 2117 (+8),21-16 / 21-15,LEE Chia.. / TENG Ch.. Rank 32 Elo 1835 (-10),33,https://badmintonranks.com/tournament?id=13621,7,Malaysia_Open_2023,Apriyani .. / Siti Fadia ..,11,2117,LEE Chia.. / TENG Ch..,32,1835
10/1/2023,Round 1,WD,Gabriela .. / Stefani ST.. Rank 14 Elo 1876 (+47),21-19 / 21-14,Pearly TA.. / THINAAH.. (8) Rank 6 Elo 2119 (-41),31,https://badmintonranks.com/tournament?id=13621,7,Malaysia_Open_2023,Gabriela .. / Stefani ST..,14,1876,Pearly TA.. / THINAAH.. (8),6,2119
10/1/2023,Round 1,MD,KANG Mi.. / SEO Seun.. Rank 18 Elo 1935 (+9),21-10 / 21-18,Krishna P.. / Vishnuvar.. Rank 32 Elo 1649 (-16),34,https://badmintonranks.com/tournament?id=13621,7,Malaysia_Open_2023,KANG Mi.. / SEO Seun..,18,1935,Krishna P.. / Vishnuvar..,32,1649
10/1/2023,Round 1,WD,KIM So Y.. / KONG H.. (3) Rank 7 Elo 2103 (+9),21-15 / 16-21 / 21-15,Rin IWAN.. / Kie NAKA.. Rank 22 Elo 1834 (-10),59,https://badmintonranks.com/tournament?id=13621,7,Malaysia_Open_2023,KIM So Y.. / KONG H.. (3),7,2103,Rin IWAN.. / Kie NAKA..,22,1834
10/1/2023,Round 1,XD,HOO Pan.. / TEOH Mei.. Rank 157 Elo 1617 (+86),21-11 / 15-21 / 21-19,Kyohei Y.. / Naru SHI.. Rank 16 Elo 1881 (-47),54,https://badmintonranks.com/tournament?id=13621,7,Malaysia_Open_2023,HOO Pan.. / TEOH Mei..,157,1617,Kyohei Y.. / Naru SHI..,16,1881
10/1/2023,Round 1,MS,Anthony Sinisuka GIN.. (6) Rank 4 Elo 2368 (+9),17-21 / 21-18 / 21-12,NG Ka Long Angus Rank 15 Elo 2120 (-10),65,https://badmintonranks.com/tournament?id=13621,7,Malaysia_Open_2023,Anthony Sinisuka GIN.. (6),4,2368,NG Ka Long Angus,15,2120
10/1/2023,Round 1,WS,HAN Yue Rank 11 Elo 2227 (+6),21-12 / 17-21 / 21-12,Saina NEHWAL Rank 30 Elo 1868 (-6),43,https://badmintonranks.com/tournament?id=13621,7,Malaysia_Open_2023,HAN Yue,11,2227,Saina NEHWAL,30,1868
10/1/2023,Round 1,WS,Aya OHORI Rank 36 Elo 1961 (+24),21-9 / 14-21 / 21-14,SIM Yu Jin Rank 49 Elo 1913 (-24),58,https://badmintonranks.com/tournament?id=13621,7,Malaysia_Open_2023,Aya OHORI,36,1961,SIM Yu Jin,49,1913
10/1/2023,Round 1,MS,Jonatan CHRISTIE (5) Rank 3 Elo 2234 (+15),21-19 / 21-13,WANG Tzu Wei Rank 18 Elo 2078 (-15),36,https://badmintonranks.com/tournament?id=13621,8,Malaysia_Open_2023,Jonatan CHRISTIE (5),3,2234,WANG Tzu Wei,18,2078
10/1/2023,Round 1,WS,Akane YAMAGUCHI (1) Rank 1 Elo 2550 (+3),17-21 / 21-13 / 21-15,Line Højmark KJAERSF.. Rank 16 Elo 2029 (-2),51,https://badmintonranks.com/tournament?id=13621,8,Malaysia_Open_2023,Akane YAMAGUCHI (1),1,2550,Line Højmark KJAERSF..,16,2029
10/1/2023,Round 1,WS,HSU Wen Chi Rank 23 Elo 1914 (+21),21-10 / 21-8,AAKARSHI KASHYAP Rank 32 Elo 1824 (-23),26,https://badmintonranks.com/tournament?id=13621,8,Malaysia_Open_2023,HSU Wen Chi,23,1914,AAKARSHI KASHYAP,32,1824
10/1/2023,Round 1,XD,Dejan FE.. / Gloria Em.. Rank 19 Elo 1892 (+36),21-16 / 21-14,Robin TA.. / Selena PI.. Rank 11 Elo 1991 (-34),32,https://badmintonranks.com/tournament?id=13621,8,Malaysia_Open_2023,Dejan FE.. / Gloria Em..,19,1892,Robin TA.. / Selena PI..,11,1991
10/1/2023,Round 1,XD,ZHENG .. / HUANG .. (1) Rank 1 Elo 2498 (+1),21-8 / 21-14,YANG Po.. / HU Ling F.. Rank 43 Elo 1744 (-1),27,https://badmintonranks.com/tournament?id=13621,8,Malaysia_Open_2023,ZHENG .. / HUANG .. (1),1,2498,YANG Po.. / HU Ling F..,43,1744
10/1/2023,Round 1,MS,LIEW Daren Rank 31 Elo 1945 (+32),21-15 / 14-21 / 21-17,Toma Junior POPOV Rank 23 Elo 2012 (-31),59,https://badmintonranks.com/tournament?id=13621,8,Malaysia_Open_2023,LIEW Daren,31,1945,Toma Junior POPOV,23,2012
10/1/2023,Round 1,WS,TAI Tzu Ying (3) Rank 3 Elo 2474 (+1),21-10 / 21-10,Clara AZURMENDI Rank 53 Elo 1749 (-1),24,https://badmintonranks.com/tournament?id=13621,8,Malaysia_Open_2023,TAI Tzu Ying (3),3,2474,Clara AZURMENDI,53,1749
10/1/2023,Round 1,XD,KIM Won .. / JEONG N.. Rank 23 Elo 1841 (+39),22-20 / 21-19,Mathias .. / Alexandra .. Rank 14 Elo 1940 (-35),41,https://badmintonranks.com/tournament?id=13621,8,Malaysia_Open_2023,KIM Won .. / JEONG N..,23,1841,Mathias .. / Alexandra ..,14,1940
10/1/2023,Round 1,WS,Busanan ONGBAMRUN.. Rank 10 Elo 2143 (+14),21-17 / 21-8,Kirsty GILMOUR Rank 17 Elo 1969 (-14),31,https://badmintonranks.com/tournament?id=13621,8,Malaysia_Open_2023,Busanan ONGBAMRUN..,10,2143,Kirsty GILMOUR,17,1969
10/1/2023,Round 1,MS,Kenta NISHIMOTO Rank 17 Elo 2203 (+24),21-19 / 21-14,KIDAMBI Srikanth Rank 13 Elo 2187 (-25),42,https://badmintonranks.com/tournament?id=13621,8,Malaysia_Open_2023,Kenta NISHIMOTO,17,2203,KIDAMBI Srikanth,13,2187
10/1/2023,Round 1,WD,Febriana .. / Amallia C.. Rank 19 Elo 1792 (+27),21-16 / 21-15,Margot L.. / Anne TRAN Rank 27 Elo 1738 (-31),32,https://badmintonranks.com/tournament?id=13621,8,Malaysia_Open_2023,Febriana .. / Amallia C..,19,1792,Margot L.. / Anne TRAN,27,1738
10/1/2023,Round 1,XD,TANG Ch.. / TSE Ying.. (5) Rank 26 Elo 2030 (+8),21-18 / 19-21 / 21-19,Adam HA.. / Julie MAC.. Rank 21 Elo 1738 (-11),50,https://badmintonranks.com/tournament?id=13621,8,Malaysia_Open_2023,TANG Ch.. / TSE Ying.. (5),26,2030,Adam HA.. / Julie MAC..,21,1738
10/1/2023,Round 1,WD,CHEN Qi.. / JIA Yi Fan (1) Rank 1 Elo 2362 (+1),21-11 / 21-14,Debora JI.. / Cheryl SEI.. Rank 23 Elo 1715 (-2),26,https://badmintonranks.com/tournament?id=13621,8,Malaysia_Open_2023,CHEN Qi.. / JIA Yi Fan (1),1,2362,Debora JI.. / Cheryl SEI..,23,1715
10/1/2023,Round 1,WS,Gregoria Mariska TUNJ.. Rank 15 Elo 2187 (+43),21-11 / 21-17,HE Bing Jiao (5) Rank 5 Elo 2502 (-43),37,https://badmintonranks.com/tournament?id=13621,8,Malaysia_Open_2023,Gregoria Mariska TUNJ..,15,2187,HE Bing Jiao (5),5,2502
10/1/2023,Round 1,XD,WANG Yi.. / HUANG .. (4) Rank 2 Elo 2187 (+14),21-17 / 23-21,Mark LA.. / Isabel LO.. Rank 8 Elo 2008 (-14),40,https://badmintonranks.com/tournament?id=13621,8,Malaysia_Open_2023,WANG Yi.. / HUANG .. (4),2,2187,Mark LA.. / Isabel LO..,8,2008
3/7/2022,Final,MD,Takuro H.. / Yugo KO.. (2) Rank 2 Elo 2204 (+28),24-22 / 16-21 / 21-9,Fajar ALF.. / Muhamm.. (6) Rank 7 Elo 2211 (-28),65,https://badmintonranks.com/tournament?id=12437,1,Malaysia_Open_2022,Takuro H.. / Yugo KO.. (2),2,2204,Fajar ALF.. / Muhamm.. (6),7,2211
3/7/2022,Final,MS,Viktor AXELSEN (1) Rank 1 Elo 2661 (+6),21-4 / 21-7,Kento MOMOTA (2) Rank 2 Elo 2294 (-6),34,https://badmintonranks.com/tournament?id=12437,1,Malaysia_Open_2022,Viktor AXELSEN (1),1,2661,Kento MOMOTA (2),2,2294
3/7/2022,Final,WS,Ratchanok INTANON (8) Rank 8 Elo 2347 (+42),21-15 / 13-21 / 21-16,CHEN Yu Fei (4) Rank 4 Elo 2552 (-41),65,https://badmintonranks.com/tournament?id=12437,1,Malaysia_Open_2022,Ratchanok INTANON (8),8,2347,CHEN Yu Fei (4),4,2552
3/7/2022,Final,WD,Apriyani .. / Siti Fadia .. Rank 133 Elo 2149 (+21),21-18 / 12-21 / 21-19,ZHANG .. / ZHENG Yu Rank 33 Elo 2069 (-22),71,https://badmintonranks.com/tournament?id=12437,1,Malaysia_Open_2022,Apriyani .. / Siti Fadia ..,133,2149,ZHANG .. / ZHENG Yu,33,2069
3/7/2022,Final,XD,ZHENG .. / HUANG .. (2) Rank 1 Elo 2413 (+23),21-13 / 21-18,Dechapol.. / Sapsiree .. (1) Rank 2 Elo 2356 (-23),35,https://badmintonranks.com/tournament?id=12437,1,Malaysia_Open_2022,ZHENG .. / HUANG .. (2),1,2413,Dechapol.. / Sapsiree .. (1),2,2356
2/7/2022,Semi final,MD,Takuro H.. / Yugo KO.. (2) Rank 2 Elo 2180 (+24),23-21 / 21-9,Aaron CH.. / SOH Wo.. (5) Rank 6 Elo 2134 (-24),41,https://badmintonranks.com/tournament?id=12437,1,Malaysia_Open_2022,Takuro H.. / Yugo KO.. (2),2,2180,Aaron CH.. / SOH Wo.. (5),6,2134
2/7/2022,Semi final,MS,Viktor AXELSEN (1) Rank 1 Elo 2656 (+5),21-15 / 20-22 / 21-11,Jonatan CHRISTIE (7) Rank 8 Elo 2259 (-5),71,https://badmintonranks.com/tournament?id=12437,1,Malaysia_Open_2022,Viktor AXELSEN (1),1,2656,Jonatan CHRISTIE (7),8,2259
2/7/2022,Semi final,MD,Fajar ALF.. / Muhamm.. (6) Rank 7 Elo 2192 (+19),21-14 / 21-12,GOH Sze.. / Nur IZZUD.. Rank 12 Elo 2076 (-18),37,https://badmintonranks.com/tournament?id=12437,1,Malaysia_Open_2022,Fajar ALF.. / Muhamm.. (6),7,2192,GOH Sze.. / Nur IZZUD..,12,2076
2/7/2022,Semi final,MS,Kento MOMOTA (2) Rank 2 Elo 2264 (+30),21-11 / 21-12,Kunlavut VITIDSARN Rank 18 Elo 2302 (-30),42,https://badmintonranks.com/tournament?id=12437,1,Malaysia_Open_2022,Kento MOMOTA (2),2,2264,Kunlavut VITIDSARN,18,2302
2/7/2022,Semi final,WS,CHEN Yu Fei (4) Rank 4 Elo 2522 (+30),19-21 / 21-13 / 21-15,TAI Tzu Ying (2) Rank 2 Elo 2572 (-30),68,https://badmintonranks.com/tournament?id=12437,1,Malaysia_Open_2022,CHEN Yu Fei (4),4,2522,TAI Tzu Ying (2),2,2572
2/7/2022,Semi final,WD,Apriyani .. / Siti Fadia .. Rank 133 Elo 2124 (+25),21-14 / 22-20,JEONG .. / KIM Hye J.. Rank 12 Elo 2092 (-25),44,https://badmintonranks.com/tournament?id=12437,1,Malaysia_Open_2022,Apriyani .. / Siti Fadia ..,133,2124,JEONG .. / KIM Hye J..,12,2092
2/7/2022,Semi final,WD,ZHANG .. / ZHENG Yu Rank 33 Elo 2030 (+39),11-21 / 21-19 / 21-17,Mayu MA.. / Wakana .. (5) Rank 6 Elo 2175 (-38),68,https://badmintonranks.com/tournament?id=12437,1,Malaysia_Open_2022,ZHANG .. / ZHENG Yu,33,2030,Mayu MA.. / Wakana .. (5),6,2175
2/7/2022,Semi final,WS,Ratchanok INTANON (8) Rank 8 Elo 2318 (+29),21-8 / 21-18,WANG Zhi Yi Rank 13 Elo 2342 (-28),38,https://badmintonranks.com/tournament?id=12437,1,Malaysia_Open_2022,Ratchanok INTANON (8),8,2318,WANG Zhi Yi,13,2342
2/7/2022,Semi final,XD,ZHENG .. / HUANG .. (2) Rank 1 Elo 2408 (+5),21-18 / 21-8,Mathias .. / Alexandra .. Rank 15 Elo 2024 (-5),31,https://badmintonranks.com/tournament?id=12437,1,Malaysia_Open_2022,ZHENG .. / HUANG .. (2),1,2408,Mathias .. / Alexandra ..,15,2024
2/7/2022,Semi final,XD,Dechapol.. / Sapsiree .. (1) Rank 2 Elo 2337 (+19),23-21 / 19-21 / 21-14,WANG Yi.. / HUANG .. (4) Rank 4 Elo 2242 (-19),74,https://badmintonranks.com/tournament?id=12437,1,Malaysia_Open_2022,Dechapol.. / Sapsiree .. (1),2,2337,WANG Yi.. / HUANG .. (4),4,2242
1/7/2022,Quarter final,MD,Aaron CH.. / SOH Wo.. (5) Rank 6 Elo 2113 (+21),21-13 / 20-22 / 21-19,Hendra S.. / Mohamm.. (3) Rank 3 Elo 2027 (-21),52,https://badmintonranks.com/tournament?id=12437,1,Malaysia_Open_2022,Aaron CH.. / SOH Wo.. (5),6,2113,Hendra S.. / Mohamm.. (3),3,2027
1/7/2022,Quarter final,MD,Fajar ALF.. / Muhamm.. (6) Rank 7 Elo 2177 (+15),21-13 / 21-9,ONG Yew.. / TEO Ee Yi Rank 10 Elo 2022 (-16),33,https://badmintonranks.com/tournament?id=12437,1,Malaysia_Open_2022,Fajar ALF.. / Muhamm.. (6),7,2177,ONG Yew.. / TEO Ee Yi,10,2022
1/7/2022,Quarter final,MS,Kento MOMOTA (2) Rank 2 Elo 2260 (+4),13-6 Ret.,Shesar Hiren RHUSTAV.. Rank 26 Elo 2189 (-4),13,https://badmintonranks.com/tournament?id=12437,1,Malaysia_Open_2022,Kento MOMOTA (2),2,2260,Shesar Hiren RHUSTAV..,26,2189
1/7/2022,Quarter final,WD,JEONG .. / KIM Hye J.. Rank 12 Elo 2073 (+19),21-13 / 21-15,DU Yue / LI Wen Me.. Rank 35 Elo 1970 (-20),37,https://badmintonranks.com/tournament?id=12437,1,Malaysia_Open_2022,JEONG .. / KIM Hye J..,12,2073,DU Yue / LI Wen Me..,35,1970
1/7/2022,Quarter final,MD,Takuro H.. / Yugo KO.. (2) Rank 2 Elo 2167 (+13),21-14 / 21-23 / 21-14,CHOI Sol.. / KIM Won .. Rank 54 Elo 1973 (-14),67,https://badmintonranks.com/tournament?id=12437,1,Malaysia_Open_2022,Takuro H.. / Yugo KO.. (2),2,2167,CHOI Sol.. / KIM Won ..,54,1973
1/7/2022,Quarter final,WD,Apriyani .. / Siti Fadia .. Rank 133 Elo 2084 (+40),14-21 / 21-13 / 21-16,CHEN Qi.. / JIA Yi Fan (1) Rank 1 Elo 2271 (-39),56,https://badmintonranks.com/tournament?id=12437,2,Malaysia_Open_2022,Apriyani .. / Siti Fadia ..,133,2084,CHEN Qi.. / JIA Yi Fan (1),1,2271
1/7/2022,Quarter final,MS,Jonatan CHRISTIE (7) Rank 8 Elo 2234 (+25),21-18 / 21-16,PRANNOY H. S. Rank 21 Elo 2220 (-25),44,https://badmintonranks.com/tournament?id=12437,2,Malaysia_Open_2022,Jonatan CHRISTIE (7),8,2234,PRANNOY H. S.,21,2220
1/7/2022,Quarter final,MS,Kunlavut VITIDSARN Rank 18 Elo 2282 (+20),15-21 / 21-10 / 21-17,LU Guang Zu Rank 27 Elo 2195 (-20),69,https://badmintonranks.com/tournament?id=12437,2,Malaysia_Open_2022,Kunlavut VITIDSARN,18,2282,LU Guang Zu,27,2195
1/7/2022,Quarter final,MS,Viktor AXELSEN (1) Rank 1 Elo 2651 (+5),18-21 / 21-17 / 21-12,Anthony Sinisuka GIN.. (6) Rank 6 Elo 2265 (-5),65,https://badmintonranks.com/tournament?id=12437,2,Malaysia_Open_2022,Viktor AXELSEN (1),1,2651,Anthony Sinisuka GIN.. (6),6,2265
1/7/2022,Quarter final,WD,Mayu MA.. / Wakana .. (5) Rank 6 Elo 2169 (+6),21-15 / 23-21,Anna Chi.. / TEOH Mei.. Rank 44 Elo 1819 (-7),44,https://badmintonranks.com/tournament?id=12437,2,Malaysia_Open_2022,Mayu MA.. / Wakana .. (5),6,2169,Anna Chi.. / TEOH Mei..,44,1819
1/7/2022,Quarter final,MD,GOH Sze.. / Nur IZZUD.. Rank 12 Elo 2047 (+29),21-11 / 22-20,LIU Yu C.. / OU Xuan .. Rank 45 Elo 2077 (-29),36,https://badmintonranks.com/tournament?id=12437,2,Malaysia_Open_2022,GOH Sze.. / Nur IZZUD..,12,2047,LIU Yu C.. / OU Xuan ..,45,2077
1/7/2022,Quarter final,WD,ZHANG .. / ZHENG Yu Rank 33 Elo 2017 (+13),21-13 / 21-14,Febby Va.. / Ribka SU.. Rank 70 Elo 1823 (-16),32,https://badmintonranks.com/tournament?id=12437,2,Malaysia_Open_2022,ZHANG .. / ZHENG Yu,33,2017,Febby Va.. / Ribka SU..,70,1823
1/7/2022,Quarter final,XD,Mathias .. / Alexandra .. Rank 15 Elo 2005 (+19),21-19 / 21-12,Robin TA.. / Selena PI.. Rank 21 Elo 1893 (-21),38,https://badmintonranks.com/tournament?id=12437,2,Malaysia_Open_2022,Mathias .. / Alexandra ..,15,2005,Robin TA.. / Selena PI..,21,1893
1/7/2022,Quarter final,WS,CHEN Yu Fei (4) Rank 4 Elo 2508 (+14),14-21 / 21-18 / 21-18,Nozomi OKUHARA (6) Rank 6 Elo 2337 (-15),66,https://badmintonranks.com/tournament?id=12437,2,Malaysia_Open_2022,CHEN Yu Fei (4),4,2508,Nozomi OKUHARA (6),6,2337
1/7/2022,Quarter final,XD,Dechapol.. / Sapsiree .. (1) Rank 2 Elo 2326 (+11),21-13 / 21-14,TANG Ch.. / TSE Ying.. (6) Rank 7 Elo 2093 (-11),38,https://badmintonranks.com/tournament?id=12437,2,Malaysia_Open_2022,Dechapol.. / Sapsiree .. (1),2,2326,TANG Ch.. / TSE Ying.. (6),7,2093
1/7/2022,Quarter final,XD,ZHENG .. / HUANG .. (2) Rank 1 Elo 2401 (+7),25-23 / 22-20,Thom GI.. / Delphine .. (8) Rank 10 Elo 2091 (-8),51,https://badmintonranks.com/tournament?id=12437,2,Malaysia_Open_2022,ZHENG .. / HUANG .. (2),1,2401,Thom GI.. / Delphine .. (8),10,2091
1/7/2022,Quarter final,WS,WANG Zhi Yi Rank 13 Elo 2332 (+10),9-21 / 21-10 / 21-17,Line Højmark KJAERSF.. Rank 29 Elo 2081 (-11),56,https://badmintonranks.com/tournament?id=12437,2,Malaysia_Open_2022,WANG Zhi Yi,13,2332,Line Højmark KJAERSF..,29,2081
1/7/2022,Quarter final,WS,Ratchanok INTANON (8) Rank 8 Elo 2309 (+9),22-20 / 21-12,HAN Yue Rank 23 Elo 2039 (-9),39,https://badmintonranks.com/tournament?id=12437,2,Malaysia_Open_2022,Ratchanok INTANON (8),8,2309,HAN Yue,23,2039
1/7/2022,Quarter final,XD,WANG Yi.. / HUANG .. (4) Rank 4 Elo 2239 (+3),21-8 / 21-16,KIM Won .. / JEONG N.. Rank 99 Elo 1773 (-5),29,https://badmintonranks.com/tournament?id=12437,2,Malaysia_Open_2022,WANG Yi.. / HUANG .. (4),4,2239,KIM Won .. / JEONG N..,99,1773
1/7/2022,Quarter final,WS,TAI Tzu Ying (2) Rank 2 Elo 2561 (+11),13-21 / 21-15 / 21-13,PUSARLA V. Sindhu (7) Rank 7 Elo 2326 (-11),53,https://badmintonranks.com/tournament?id=12437,2,Malaysia_Open_2022,TAI Tzu Ying (2),2,2561,PUSARLA V. Sindhu (7),7,2326
30/6/2022,Round 2,MD,LIU Yu C.. / OU Xuan .. Rank 45 Elo 2070 (+7),21-18 / 17-21 / 21-14,TAN Kian.. / TAN Wee .. Rank 64 Elo 1749 (-10),56,https://badmintonranks.com/tournament?id=12437,2,Malaysia_Open_2022,LIU Yu C.. / OU Xuan ..,45,2070,TAN Kian.. / TAN Wee ..,64,1749
30/6/2022,Round 2,MD,Aaron CH.. / SOH Wo.. (5) Rank 6 Elo 2104 (+9),21-16 / 21-13,HEE Yon.. / LOH Kean.. Rank 50 Elo 1852 (-11),31,https://badmintonranks.com/tournament?id=12437,2,Malaysia_Open_2022,Aaron CH.. / SOH Wo.. (5),6,2104,HEE Yon.. / LOH Kean..,50,1852
30/6/2022,Round 2,WD,Mayu MA.. / Wakana .. (5) Rank 6 Elo 2167 (+2),21-8 / 21-13,Supissar.. / Puttita SU.. Rank 195 Elo 1633 (-4),31,https://badmintonranks.com/tournament?id=12437,2,Malaysia_Open_2022,Mayu MA.. / Wakana .. (5),6,2167,Supissar.. / Puttita SU..,195,1633
30/6/2022,Round 2,MD,Takuro H.. / Yugo KO.. (2) Rank 2 Elo 2153 (+14),18-21 / 21-13 / 21-19,Muhamm.. / Bagas MA.. Rank 20 Elo 1980 (-15),60,https://badmintonranks.com/tournament?id=12437,2,Malaysia_Open_2022,Takuro H.. / Yugo KO.. (2),2,2153,Muhamm.. / Bagas MA..,20,1980
30/6/2022,Round 2,MD,CHOI Sol.. / KIM Won .. Rank 54 Elo 1956 (+17),18-21 / 21-11 / 25-23,Supak JO.. / Kittinupon.. Rank 33 Elo 1816 (-19),74,https://badmintonranks.com/tournament?id=12437,2,Malaysia_Open_2022,CHOI Sol.. / KIM Won ..,54,1956,Supak JO.. / Kittinupon..,33,1816
30/6/2022,Round 2,MD,GOH Sze.. / Nur IZZUD.. Rank 12 Elo 2047 (+0),W.O.,Satwiksai.. / Chirag S.. (7) Rank 8 Elo 2097 (-2),0,https://badmintonranks.com/tournament?id=12437,3,Malaysia_Open_2022,GOH Sze.. / Nur IZZUD..,12,2047,Satwiksai.. / Chirag S.. (7),8,2097
30/6/2022,Round 2,WD,Anna Chi.. / TEOH Mei.. Rank 44 Elo 1756 (+63),18-21 / 21-12 / 21-15,LEE So H.. / SHIN Se.. (2) Rank 3 Elo 2144 (-46),54,https://badmintonranks.com/tournament?id=12437,3,Malaysia_Open_2022,Anna Chi.. / TEOH Mei..,44,1756,LEE So H.. / SHIN Se.. (2),3,2144
30/6/2022,Round 2,MS,LU Guang Zu Rank 27 Elo 2175 (+20),21-18 / 21-11,WANG Tzu Wei Rank 16 Elo 2110 (-21),43,https://badmintonranks.com/tournament?id=12437,3,Malaysia_Open_2022,LU Guang Zu,27,2175,WANG Tzu Wei,16,2110
30/6/2022,Round 2,MS,Shesar Hiren RHUSTAV.. Rank 26 Elo 2146 (+43),21-19 / 19-21 / 21-16,LEE Zii Jia (5) Rank 5 Elo 2441 (-42),66,https://badmintonranks.com/tournament?id=12437,3,Malaysia_Open_2022,Shesar Hiren RHUSTAV..,26,2146,LEE Zii Jia (5),5,2441
30/6/2022,Round 2,WD,JEONG .. / KIM Hye J.. Rank 12 Elo 2048 (+25),21-14 / 21-13,Gabriela .. / Stefani S.. (8) Rank 9 Elo 2026 (-25),28,https://badmintonranks.com/tournament?id=12437,3,Malaysia_Open_2022,JEONG .. / KIM Hye J..,12,2048,Gabriela .. / Stefani S.. (8),9,2026
30/6/2022,Round 2,MD,Hendra S.. / Mohamm.. (3) Rank 3 Elo 2004 (+23),21-13 / 21-10,HE Ji Ting / ZHOU Ha.. Rank 103 Elo 1955 (-23),26,https://badmintonranks.com/tournament?id=12437,3,Malaysia_Open_2022,Hendra S.. / Mohamm.. (3),3,2004,HE Ji Ting / ZHOU Ha..,103,1955
30/6/2022,Round 2,WD,CHEN Qi.. / JIA Yi Fan (1) Rank 1 Elo 2270 (+1),21-12 / 21-9,LOW Yee.. / Valeree SI.. Rank 71 Elo 1678 (-3),29,https://badmintonranks.com/tournament?id=12437,3,Malaysia_Open_2022,CHEN Qi.. / JIA Yi Fan (1),1,2270,LOW Yee.. / Valeree SI..,71,1678
30/6/2022,Round 2,MS,Kento MOMOTA (2) Rank 2 Elo 2243 (+17),11-21 / 21-8 / 21-18,NG Ka Long Angus Rank 13 Elo 2117 (-17),55,https://badmintonranks.com/tournament?id=12437,3,Malaysia_Open_2022,Kento MOMOTA (2),2,2243,NG Ka Long Angus,13,2117
30/6/2022,Round 2,MS,Viktor AXELSEN (1) Rank 1 Elo 2649 (+2),15-21 / 21-6 / 21-13,LEE Cheuk Yiu Rank 15 Elo 2121 (-3),57,https://badmintonranks.com/tournament?id=12437,3,Malaysia_Open_2022,Viktor AXELSEN (1),1,2649,LEE Cheuk Yiu,15,2121
30/6/2022,Round 2,WD,DU Yue / LI Wen Me.. Rank 35 Elo 1957 (+13),19-21 / 21-16 / 23-21,Febriana .. / Amallia C.. Rank 68 Elo 1756 (-17),91,https://badmintonranks.com/tournament?id=12437,3,Malaysia_Open_2022,DU Yue / LI Wen Me..,35,1957,Febriana .. / Amallia C..,68,1756
30/6/2022,Round 2,MS,Kunlavut VITIDSARN Rank 18 Elo 2275 (+7),21-19 / 21-10,PARUPALLI Kashyap Rank 39 Elo 1948 (-7),44,https://badmintonranks.com/tournament?id=12437,3,Malaysia_Open_2022,Kunlavut VITIDSARN,18,2275,PARUPALLI Kashyap,39,1948
30/6/2022,Round 2,WD,Apriyani .. / Siti Fadia .. Rank 133 Elo 2041 (+43),21-16 / 21-15,Nami MA.. / Chiharu .. (6) Rank 5 Elo 2303 (-42),35,https://badmintonranks.com/tournament?id=12437,3,Malaysia_Open_2022,Apriyani .. / Siti Fadia ..,133,2041,Nami MA.. / Chiharu .. (6),5,2303
30/6/2022,Round 2,MD,ONG Yew.. / TEO Ee Yi Rank 10 Elo 1983 (+39),21-17 / 21-18,LEE Yang / WANG C.. (4) Rank 4 Elo 2157 (-38),41,https://badmintonranks.com/tournament?id=12437,3,Malaysia_Open_2022,ONG Yew.. / TEO Ee Yi,10,1983,LEE Yang / WANG C.. (4),4,2157
30/6/2022,Round 2,XD,Robin TA.. / Selena PI.. Rank 21 Elo 1874 (+19),21-14 / 21-12,William V.. / Anne TRAN Rank 64 Elo 1743 (-23),37,https://badmintonranks.com/tournament?id=12437,3,Malaysia_Open_2022,Robin TA.. / Selena PI..,21,1874,William V.. / Anne TRAN,64,1743
30/6/2022,Round 2,WS,CHEN Yu Fei (4) Rank 4 Elo 2500 (+8),21-12 / 21-19,Busanan ONGBAMRUN.. Rank 11 Elo 2196 (-7),47,https://badmintonranks.com/tournament?id=12437,3,Malaysia_Open_2022,CHEN Yu Fei (4),4,2500,Busanan ONGBAMRUN..,11,2196
30/6/2022,Round 2,MD,Fajar ALF.. / Muhamm.. (6) Rank 7 Elo 2164 (+13),21-23 / 21-14 / 21-14,Mark LA.. / Marvin SE.. Rank 13 Elo 1973 (-13),60,https://badmintonranks.com/tournament?id=12437,3,Malaysia_Open_2022,Fajar ALF.. / Muhamm.. (6),7,2164,Mark LA.. / Marvin SE..,13,1973
30/6/2022,Round 2,WS,Nozomi OKUHARA (6) Rank 6 Elo 2331 (+6),23-21 / 21-18,Iris WANG Rank 33 Elo 1986 (-6),44,https://badmintonranks.com/tournament?id=12437,3,Malaysia_Open_2022,Nozomi OKUHARA (6),6,2331,Iris WANG,33,1986
30/6/2022,Round 2,MS,Anthony Sinisuka GIN.. (6) Rank 6 Elo 2256 (+9),21-18 / 21-18,Sitthikom THAMMASIN Rank 33 Elo 1982 (-9),43,https://badmintonranks.com/tournament?id=12437,3,Malaysia_Open_2022,Anthony Sinisuka GIN.. (6),6,2256,Sitthikom THAMMASIN,33,1982
30/6/2022,Round 2,WD,ZHANG .. / ZHENG Yu Rank 33 Elo 1990 (+27),21-19 / 21-15,Pearly TA.. / THINAAH .. Rank 10 Elo 1989 (-27),48,https://badmintonranks.com/tournament?id=12437,3,Malaysia_Open_2022,ZHANG .. / ZHENG Yu,33,1990,Pearly TA.. / THINAAH ..,10,1989
30/6/2022,Round 2,WD,Febby Va.. / Ribka SU.. Rank 70 Elo 1811 (+12),21-12 / 21-8,Srivedya .. / Ishika JAI.. Rank 92 Elo 1558 (-24),24,https://badmintonranks.com/tournament?id=12437,3,Malaysia_Open_2022,Febby Va.. / Ribka SU..,70,1811,Srivedya .. / Ishika JAI..,92,1558
30/6/2022,Round 2,WS,Ratchanok INTANON (8) Rank 8 Elo 2299 (+10),15-21 / 21-12 / 21-18,ZHANG Beiwen Rank 16 Elo 2039 (-10),47,https://badmintonranks.com/tournament?id=12437,4,Malaysia_Open_2022,Ratchanok INTANON (8),8,2299,ZHANG Beiwen,16,2039
30/6/2022,Round 2,XD,Thom GI.. / Delphine .. (8) Rank 10 Elo 2080 (+11),23-21 / 21-18,Jones Ra.. / Linda EFL.. Rank 45 Elo 1836 (-12),52,https://badmintonranks.com/tournament?id=12437,4,Malaysia_Open_2022,Thom GI.. / Delphine .. (8),10,2080,Jones Ra.. / Linda EFL..,45,1836
30/6/2022,Round 2,XD,WANG Yi.. / HUANG .. (4) Rank 4 Elo 2235 (+4),21-19 / 21-11,Rehan N.. / Lisa Ayu K.. Rank 46 Elo 1810 (-5),37,https://badmintonranks.com/tournament?id=12437,4,Malaysia_Open_2022,WANG Yi.. / HUANG .. (4),4,2235,Rehan N.. / Lisa Ayu K..,46,1810
30/6/2022,Round 2,WS,HAN Yue Rank 23 Elo 1990 (+49),21-23 / 21-18 / 21-16,AN Se Young (3) Rank 3 Elo 2412 (-46),74,https://badmintonranks.com/tournament?id=12437,4,Malaysia_Open_2022,HAN Yue,23,1990,AN Se Young (3),3,2412
30/6/2022,Round 2,XD,Mathias .. / Alexandra .. Rank 15 Elo 1989 (+16),21-14 / 21-16,HEE Yon.. / TAN Wei .. Rank 39 Elo 1845 (-18),32,https://badmintonranks.com/tournament?id=12437,4,Malaysia_Open_2022,Mathias .. / Alexandra ..,15,1989,HEE Yon.. / TAN Wei ..,39,1845
30/6/2022,Round 2,XD,Dechapol.. / Sapsiree .. (1) Rank 2 Elo 2320 (+6),21-18 / 21-14,Supak JO.. / Supissara .. Rank 22 Elo 1966 (-7),36,https://badmintonranks.com/tournament?id=12437,4,Malaysia_Open_2022,Dechapol.. / Sapsiree .. (1),2,2320,Supak JO.. / Supissara ..,22,1966
30/6/2022,Round 2,MS,PRANNOY H. S. Rank 21 Elo 2188 (+32),21-15 / 21-7,CHOU Tien Chen (4) Rank 4 Elo 2292 (-33),35,https://badmintonranks.com/tournament?id=12437,4,Malaysia_Open_2022,PRANNOY H. S.,21,2188,CHOU Tien Chen (4),4,2292
30/6/2022,Round 2,WS,WANG Zhi Yi Rank 13 Elo 2324 (+8),21-19 / 21-13,Gregoria Mariska TUNJ.. Rank 31 Elo 2052 (-9),32,https://badmintonranks.com/tournament?id=12437,4,Malaysia_Open_2022,WANG Zhi Yi,13,2324,Gregoria Mariska TUNJ..,31,2052
30/6/2022,Round 2,XD,KIM Won .. / JEONG N.. Rank 99 Elo 1713 (+60),10-21 / 21-18 / 21-17,GOH Soo.. / LAI Shevo.. Rank 14 Elo 1920 (-43),53,https://badmintonranks.com/tournament?id=12437,4,Malaysia_Open_2022,KIM Won .. / JEONG N..,99,1713,GOH Soo.. / LAI Shevo..,14,1920
30/6/2022,Round 2,XD,ZHENG .. / HUANG .. (2) Rank 1 Elo 2399 (+2),21-16 / 21-10,CHEN Ta.. / Valeree SI.. Rank 49 Elo 1800 (-2),27,https://badmintonranks.com/tournament?id=12437,4,Malaysia_Open_2022,ZHENG .. / HUANG .. (2),1,2399,CHEN Ta.. / Valeree SI..,49,1800
30/6/2022,Round 2,WS,Line Højmark KJAERSF.. Rank 29 Elo 2034 (+47),21-19 / 19-21 / 21-13,Carolina MARIN (5) Rank 5 Elo 2395 (-45),74,https://badmintonranks.com/tournament?id=12437,4,Malaysia_Open_2022,Line Højmark KJAERSF..,29,2034,Carolina MARIN (5),5,2395
30/6/2022,Round 2,XD,TANG Ch.. / TSE Ying.. (6) Rank 7 Elo 2078 (+15),21-13 / 21-10,Rinov RI.. / Pitha Hani.. Rank 19 Elo 1915 (-15),26,https://badmintonranks.com/tournament?id=12437,4,Malaysia_Open_2022,TANG Ch.. / TSE Ying.. (6),7,2078,Rinov RI.. / Pitha Hani..,19,1915
30/6/2022,Round 2,WS,TAI Tzu Ying (2) Rank 2 Elo 2561 (+0),21-11 / 21-9,Kristin KUUBA Rank 51 Elo 1835 (-1),30,https://badmintonranks.com/tournament?id=12437,4,Malaysia_Open_2022,TAI Tzu Ying (2),2,2561,Kristin KUUBA,51,1835
30/6/2022,Round 2,MS,Jonatan CHRISTIE (7) Rank 8 Elo 2214 (+20),21-18 / 21-17,Kenta NISHIMOTO Rank 20 Elo 2131 (-20),52,https://badmintonranks.com/tournament?id=12437,4,Malaysia_Open_2022,Jonatan CHRISTIE (7),8,2214,Kenta NISHIMOTO,20,2131
30/6/2022,Round 2,WS,PUSARLA V. Sindhu (7) Rank 7 Elo 2315 (+11),19-21 / 21-9 / 21-14,Lalinrat CHAIWAN Rank 20 Elo 2084 (-11),57,https://badmintonranks.com/tournament?id=12437,4,Malaysia_Open_2022,PUSARLA V. Sindhu (7),7,2315,Lalinrat CHAIWAN,20,2084
29/6/2022,Round 1,MD,Supak JO.. / Kittinupon.. Rank 33 Elo 1801 (+15),15-21 / 21-14 / 21-13,Nur Mohd.. / LIM Khim .. Rank 111 Elo 1589 (-26),49,https://badmintonranks.com/tournament?id=12437,4,Malaysia_Open_2022,Supak JO.. / Kittinupon..,33,1801,Nur Mohd.. / LIM Khim ..,111,1589
29/6/2022,Round 1,WD,Anna Chi.. / TEOH Mei.. Rank 44 Elo 1747 (+9),21-12 / 21-5,Kate FR.. / Moya RYA.. Rank 85 Elo 1409 (-24),24,https://badmintonranks.com/tournament?id=12437,4,Malaysia_Open_2022,Anna Chi.. / TEOH Mei..,44,1747,Kate FR.. / Moya RYA..,85,1409
29/6/2022,Round 1,MS,LEE Zii Jia (5) Rank 5 Elo 2439 (+2),21-15 / 21-11,Nhat NGUYEN Rank 40 Elo 1895 (-2),47,https://badmintonranks.com/tournament?id=12437,4,Malaysia_Open_2022,LEE Zii Jia (5),5,2439,Nhat NGUYEN,40,1895
29/6/2022,Round 1,MS,Shesar Hiren RHUSTAV.. Rank 26 Elo 2137 (+9),15-21 / 11-9 Ret.,Rasmus GEMKE Rank 12 Elo 2104 (-9),41,https://badmintonranks.com/tournament?id=12437,4,Malaysia_Open_2022,Shesar Hiren RHUSTAV..,26,2137,Rasmus GEMKE,12,2104
29/6/2022,Round 1,WD,LEE So H.. / SHIN Se.. (2) Rank 3 Elo 2141 (+3),21-16 / 21-8,Margot L.. / Anne TRAN Rank 52 Elo 1631 (-5),33,https://badmintonranks.com/tournament?id=12437,4,Malaysia_Open_2022,LEE So H.. / SHIN Se.. (2),3,2141,Margot L.. / Anne TRAN,52,1631
29/6/2022,Round 1,MD,Aaron CH.. / SOH Wo.. (5) Rank 6 Elo 2088 (+16),21-18 / 21-19,Akira KO.. / Taichi SAI.. Rank 22 Elo 1941 (-16),42,https://badmintonranks.com/tournament?id=12437,5,Malaysia_Open_2022,Aaron CH.. / SOH Wo.. (5),6,2088,Akira KO.. / Taichi SAI..,22,1941
29/6/2022,Round 1,MS,Kento MOMOTA (2) Rank 2 Elo 2243 (+0),W.O.,Kantaphon WANGCHA.. Rank 23 Elo 1909 (-0),0,https://badmintonranks.com/tournament?id=12437,5,Malaysia_Open_2022,Kento MOMOTA (2),2,2243,Kantaphon WANGCHA..,23,1909
29/6/2022,Round 1,WD,Febby Va.. / Ribka SU.. Rank 70 Elo 1779 (+32),21-18 / 21-17,Vivian H.. / LIM Chiew.. Rank 36 Elo 1759 (-33),36,https://badmintonranks.com/tournament?id=12437,5,Malaysia_Open_2022,Febby Va.. / Ribka SU..,70,1779,Vivian H.. / LIM Chiew..,36,1759
29/6/2022,Round 1,MD,Muhamm.. / Bagas MA.. Rank 20 Elo 1972 (+8),21-19 / 21-6,Jones Ra.. / Jan Colin .. Rank 158 Elo 1658 (-13),28,https://badmintonranks.com/tournament?id=12437,5,Malaysia_Open_2022,Muhamm.. / Bagas MA..,20,1972,Jones Ra.. / Jan Colin ..,158,1658
29/6/2022,Round 1,MD,Takuro H.. / Yugo KO.. (2) Rank 2 Elo 2145 (+8),14-21 / 21-16 / 21-13,LU Ching.. / YANG Po .. Rank 24 Elo 1863 (-9),60,https://badmintonranks.com/tournament?id=12437,5,Malaysia_Open_2022,Takuro H.. / Yugo KO.. (2),2,2145,LU Ching.. / YANG Po ..,24,1863
29/6/2022,Round 1,WD,ZHANG .. / ZHENG Yu Rank 33 Elo 1960 (+30),21-10 / 21-8,Jongkolp.. / Rawinda .. (7) Rank 8 Elo 1999 (-29),32,https://badmintonranks.com/tournament?id=12437,5,Malaysia_Open_2022,ZHANG .. / ZHENG Yu,33,1960,Jongkolp.. / Rawinda .. (7),8,1999
29/6/2022,Round 1,WD,Mayu MA.. / Wakana .. (5) Rank 6 Elo 2164 (+3),21-11 / 21-14,Ashwini B.. / Shikha GA.. Rank 56 Elo 1671 (-5),29,https://badmintonranks.com/tournament?id=12437,5,Malaysia_Open_2022,Mayu MA.. / Wakana .. (5),6,2164,Ashwini B.. / Shikha GA..,56,1671
29/6/2022,Round 1,MD,CHOI Sol.. / KIM Won .. Rank 54 Elo 1917 (+39),24-22 / 14-21 / 21-17,Kim AST.. / Anders S.. (8) Rank 9 Elo 2067 (-36),73,https://badmintonranks.com/tournament?id=12437,5,Malaysia_Open_2022,CHOI Sol.. / KIM Won ..,54,1917,Kim AST.. / Anders S.. (8),9,2067
29/6/2022,Round 1,XD,ZHENG .. / HUANG .. (2) Rank 1 Elo 2397 (+2),21-17 / 21-18,HOO Pan.. / TOH Ee W.. Rank 183 Elo 1820 (-3),34,https://badmintonranks.com/tournament?id=12437,5,Malaysia_Open_2022,ZHENG .. / HUANG .. (2),1,2397,HOO Pan.. / TOH Ee W..,183,1820
29/6/2022,Round 1,MD,HEE Yon.. / LOH Kean.. Rank 50 Elo 1802 (+50),21-14 / 21-19,KANG Mi.. / SEO Seun.. Rank 46 Elo 2017 (-41),36,https://badmintonranks.com/tournament?id=12437,5,Malaysia_Open_2022,HEE Yon.. / LOH Kean..,50,1802,KANG Mi.. / SEO Seun..,46,2017
29/6/2022,Round 1,MD,HE Ji Ting / ZHOU Ha.. Rank 103 Elo 1944 (+11),21-10 / 21-12,BOON Xi.. / WONG Ti.. Rank 171 Elo 1694 (-16),26,https://badmintonranks.com/tournament?id=12437,5,Malaysia_Open_2022,HE Ji Ting / ZHOU Ha..,103,1944,BOON Xi.. / WONG Ti..,171,1694
29/6/2022,Round 1,WD,Pearly TA.. / THINAAH .. Rank 10 Elo 1971 (+18),22-20 / 21-14,LIU Xuan.. / XIA Yu Tin.. Rank 21 Elo 1848 (-20),42,https://badmintonranks.com/tournament?id=12437,5,Malaysia_Open_2022,Pearly TA.. / THINAAH ..,10,1971,LIU Xuan.. / XIA Yu Tin..,21,1848
29/6/2022,Round 1,MD,Hendra S.. / Mohamm.. (3) Rank 3 Elo 1994 (+10),17-21 / 21-15 / 21-14,REN Xian.. / TAN Qiang Rank 137 Elo 1750 (-14),50,https://badmintonranks.com/tournament?id=12437,5,Malaysia_Open_2022,Hendra S.. / Mohamm.. (3),3,1994,REN Xian.. / TAN Qiang,137,1750
29/6/2022,Round 1,MS,LU Guang Zu Rank 27 Elo 2163 (+12),21-16 / 21-23 / 21-18,NG Tze Yong Rank 48 Elo 1953 (-12),87,https://badmintonranks.com/tournament?id=12437,5,Malaysia_Open_2022,LU Guang Zu,27,2163,NG Tze Yong,48,1953
29/6/2022,Round 1,MS,NG Ka Long Angus Rank 13 Elo 2098 (+19),21-18 / 21-16,Mark CALJOUW Rank 28 Elo 2004 (-20),39,https://badmintonranks.com/tournament?id=12437,5,Malaysia_Open_2022,NG Ka Long Angus,13,2098,Mark CALJOUW,28,2004
29/6/2022,Round 1,MS,PARUPALLI Kashyap Rank 39 Elo 1911 (+37),21-12 / 21-17,HEO Kwang Hee Rank 32 Elo 2022 (-34),39,https://badmintonranks.com/tournament?id=12437,5,Malaysia_Open_2022,PARUPALLI Kashyap,39,1911,HEO Kwang Hee,32,2022
29/6/2022,Round 1,WS,TAI Tzu Ying (2) Rank 2 Elo 2560 (+1),21-13 / 21-9,Lianne TAN Rank 36 Elo 1805 (-1),29,https://badmintonranks.com/tournament?id=12437,5,Malaysia_Open_2022,TAI Tzu Ying (2),2,2560,Lianne TAN,36,1805
29/6/2022,Round 1,WS,Kristin KUUBA Rank 51 Elo 1782 (+53),21-12 / 21-18,Michelle LI Rank 12 Elo 2017 (-41),41,https://badmintonranks.com/tournament?id=12437,5,Malaysia_Open_2022,Kristin KUUBA,51,1782,Michelle LI,12,2017
29/6/2022,Round 1,WS,Busanan ONGBAMRUN.. Rank 11 Elo 2178 (+18),22-20 / 21-14,KIM Ga Eun Rank 19 Elo 2079 (-19),49,https://badmintonranks.com/tournament?id=12437,5,Malaysia_Open_2022,Busanan ONGBAMRUN..,11,2178,KIM Ga Eun,19,2079
29/6/2022,Round 1,MS,WANG Tzu Wei Rank 16 Elo 2084 (+26),21-17 / 21-7,Kevin CORDON Rank 36 Elo 2089 (-26),29,https://badmintonranks.com/tournament?id=12437,5,Malaysia_Open_2022,WANG Tzu Wei,16,2084,Kevin CORDON,36,2089
29/6/2022,Round 1,MS,Kunlavut VITIDSARN Rank 18 Elo 2257 (+18),21-19 / 14-21 / 21-15,ZHAO Jun Peng Rank 24 Elo 2161 (-18),78,https://badmintonranks.com/tournament?id=12437,6,Malaysia_Open_2022,Kunlavut VITIDSARN,18,2257,ZHAO Jun Peng,24,2161
29/6/2022,Round 1,WS,PUSARLA V. Sindhu (7) Rank 7 Elo 2294 (+21),21-13 / 21-17,Pornpawee CHOCHUW.. Rank 10 Elo 2239 (-21),40,https://badmintonranks.com/tournament?id=12437,6,Malaysia_Open_2022,PUSARLA V. Sindhu (7),7,2294,Pornpawee CHOCHUW..,10,2239
29/6/2022,Round 1,XD,William V.. / Anne TRAN Rank 64 Elo 1686 (+57),21-16 / 22-20,Mikkel MI.. / Rikke SØ.. Rank 38 Elo 1820 (-43),35,https://badmintonranks.com/tournament?id=12437,6,Malaysia_Open_2022,William V.. / Anne TRAN,64,1686,Mikkel MI.. / Rikke SØ..,38,1820
29/6/2022,Round 1,XD,CHEN Ta.. / Valeree SI.. Rank 49 Elo 1747 (+53),21-16 / 14-21 / 21-10,Yuki KAN.. / Misaki MA.. Rank 16 Elo 1924 (-40),54,https://badmintonranks.com/tournament?id=12437,6,Malaysia_Open_2022,CHEN Ta.. / Valeree SI..,49,1747,Yuki KAN.. / Misaki MA..,16,1924
29/6/2022,Round 1,WS,Lalinrat CHAIWAN Rank 20 Elo 2080 (+4),21-18 / 21-15,Fitriani FITRIANI Rank 47 Elo 1673 (-8),31,https://badmintonranks.com/tournament?id=12437,6,Malaysia_Open_2022,Lalinrat CHAIWAN,20,2080,Fitriani FITRIANI,47,1673
29/6/2022,Round 1,XD,Jones Ra.. / Linda EFL.. Rank 45 Elo 1815 (+21),21-17 / 21-18,SOONG .. / GOH Liu .. Rank 79 Elo 1690 (-27),40,https://badmintonranks.com/tournament?id=12437,6,Malaysia_Open_2022,Jones Ra.. / Linda EFL..,45,1815,SOONG .. / GOH Liu ..,79,1690
29/6/2022,Round 1,XD,Thom GI.. / Delphine .. (8) Rank 10 Elo 2076 (+4),21-15 / 19-21 / 21-16,GUO Xin .. / ZHANG S.. Rank 40 Elo 1671 (-8),54,https://badmintonranks.com/tournament?id=12437,6,Malaysia_Open_2022,Thom GI.. / Delphine .. (8),10,2076,GUO Xin .. / ZHANG S..,40,1671
29/6/2022,Round 1,WS,CHEN Yu Fei (4) Rank 4 Elo 2497 (+3),21-18 / 21-8,ZHANG Yi Man Rank 32 Elo 2024 (-3),33,https://badmintonranks.com/tournament?id=12437,6,Malaysia_Open_2022,CHEN Yu Fei (4),4,2497,ZHANG Yi Man,32,2024
29/6/2022,Round 1,XD,HEE Yon.. / TAN Wei .. Rank 39 Elo 1830 (+15),21-14 / 21-18,Hafiz FAI.. / Serena K.. Rank Elo 1634 (-24),26,https://badmintonranks.com/tournament?id=12437,6,Malaysia_Open_2022,HEE Yon.. / TAN Wei ..,39,1830,Hafiz FAI.. / Serena K..,,1634
29/6/2022,Round 1,XD,Mathias .. / Alexandra .. Rank 15 Elo 1939 (+50),15-21 / 21-17 / 22-20,Yuta WAT.. / Arisa IGA.. (3) Rank 3 Elo 2324 (-46),62,https://badmintonranks.com/tournament?id=12437,6,Malaysia_Open_2022,Mathias .. / Alexandra ..,15,1939,Yuta WAT.. / Arisa IGA.. (3),3,2324
29/6/2022,Round 1,WS,Nozomi OKUHARA (6) Rank 6 Elo 2328 (+3),21-13 / 21-9,Yvonne LI Rank 25 Elo 1837 (-3),29,https://badmintonranks.com/tournament?id=12437,6,Malaysia_Open_2022,Nozomi OKUHARA (6),6,2328,Yvonne LI,25,1837
29/6/2022,Round 1,XD,Robin TA.. / Selena PI.. Rank 21 Elo 1855 (+19),21-15 / 19-21 / 21-17,REDDY .. / Ashwini P.. Rank 103 Elo 1732 (-24),52,https://badmintonranks.com/tournament?id=12437,6,Malaysia_Open_2022,Robin TA.. / Selena PI..,21,1855,REDDY .. / Ashwini P..,103,1732
29/6/2022,Round 1,WS,Iris WANG Rank 33 Elo 1964 (+22),21-11 / 21-17,Saina NEHWAL Rank 24 Elo 1905 (-23),37,https://badmintonranks.com/tournament?id=12437,6,Malaysia_Open_2022,Iris WANG,33,1964,Saina NEHWAL,24,1905
28/6/2022,Round 1,MD,GOH Sze.. / Nur IZZUD.. Rank 12 Elo 2036 (+11),21-12 / 21-12,Keiichiro .. / Yoshinori .. Rank 31 Elo 1797 (-13),36,https://badmintonranks.com/tournament?id=12437,6,Malaysia_Open_2022,GOH Sze.. / Nur IZZUD..,12,2036,Keiichiro .. / Yoshinori ..,31,1797
28/6/2022,Round 1,MD,Satwiksai.. / Chirag S.. (7) Rank 8 Elo 2089 (+8),21-18 / 21-11,MAN Wei.. / TEE Kai .. Rank 38 Elo 1803 (-10),32,https://badmintonranks.com/tournament?id=12437,6,Malaysia_Open_2022,Satwiksai.. / Chirag S.. (7),8,2089,MAN Wei.. / TEE Kai ..,38,1803
28/6/2022,Round 1,MS,PRANNOY H. S. Rank 21 Elo 2173 (+15),21-14 / 17-21 / 21-18,LIEW Daren Rank 30 Elo 2017 (-16),62,https://badmintonranks.com/tournament?id=12437,6,Malaysia_Open_2022,PRANNOY H. S.,21,2173,LIEW Daren,30,2017
28/6/2022,Round 1,WD,LOW Yee.. / Valeree SI.. Rank 71 Elo 1587 (+91),17-21 / 21-16 / 21-19,Linda EF.. / Isabel LO.. Rank 24 Elo 1815 (-49),73,https://badmintonranks.com/tournament?id=12437,6,Malaysia_Open_2022,LOW Yee.. / Valeree SI..,71,1587,Linda EF.. / Isabel LO..,24,1815
28/6/2022,Round 1,MD,Fajar ALF.. / Muhamm.. (6) Rank 7 Elo 2162 (+2),21-18 / 21-9,GOH V S.. / LOW Juan.. Rank 79 Elo 1650 (-5),29,https://badmintonranks.com/tournament?id=12437,6,Malaysia_Open_2022,Fajar ALF.. / Muhamm.. (6),7,2162,GOH V S.. / LOW Juan..,79,1650
28/6/2022,Round 1,MS,Sitthikom THAMMASIN Rank 33 Elo 1946 (+36),21-16 / 16-21 / 21-19,Chico Aura DWI WARD.. Rank 45 Elo 2057 (-34),70,https://badmintonranks.com/tournament?id=12437,6,Malaysia_Open_2022,Sitthikom THAMMASIN,33,1946,Chico Aura DWI WARD..,45,2057
28/6/2022,Round 1,WD,Febriana .. / Amallia C.. Rank 68 Elo 1727 (+29),18-21 / 21-16 / 21-11,Francesc.. / Allison Qu.. Rank 90 Elo 1646 (-36),52,https://badmintonranks.com/tournament?id=12437,6,Malaysia_Open_2022,Febriana .. / Amallia C..,68,1727,Francesc.. / Allison Qu..,90,1646
28/6/2022,Round 1,MD,LEE Yang / WANG C.. (4) Rank 4 Elo 2150 (+7),21-9 / 21-15,Ruben JI.. / Ties VAN .. Rank 41 Elo 1814 (-8),26,https://badmintonranks.com/tournament?id=12437,7,Malaysia_Open_2022,LEE Yang / WANG C.. (4),4,2150,Ruben JI.. / Ties VAN ..,41,1814
28/6/2022,Round 1,MD,TAN Kian.. / TAN Wee .. Rank 64 Elo 1700 (+49),18-21 / 21-15 / 21-17,Jeppe BA.. / Lasse MØ.. Rank 30 Elo 1777 (-41),50,https://badmintonranks.com/tournament?id=12437,7,Malaysia_Open_2022,TAN Kian.. / TAN Wee ..,64,1700,Jeppe BA.. / Lasse MØ..,30,1777
28/6/2022,Round 1,MS,Kenta NISHIMOTO Rank 20 Elo 2118 (+13),15-21 / 21-18 / 22-20,Tommy SUGIARTO Rank 34 Elo 1938 (-15),66,https://badmintonranks.com/tournament?id=12437,7,Malaysia_Open_2022,Kenta NISHIMOTO,20,2118,Tommy SUGIARTO,34,1938
28/6/2022,Round 1,MD,ONG Yew.. / TEO Ee Yi Rank 10 Elo 1973 (+10),21-19 / 21-13,Junaidi A.. / Muhamma.. Rank 85 Elo 1714 (-14),30,https://badmintonranks.com/tournament?id=12437,7,Malaysia_Open_2022,ONG Yew.. / TEO Ee Yi,10,1973,Junaidi A.. / Muhamma..,85,1714
28/6/2022,Round 1,MS,Jonatan CHRISTIE (7) Rank 8 Elo 2200 (+14),21-14 / 13-21 / 21-7,Sameer VERMA Rank 29 Elo 2034 (-15),49,https://badmintonranks.com/tournament?id=12437,7,Malaysia_Open_2022,Jonatan CHRISTIE (7),8,2200,Sameer VERMA,29,2034
28/6/2022,Round 1,WD,JEONG .. / KIM Hye J.. Rank 12 Elo 2045 (+3),21-7 / 21-12,Haritha M.. / Ashna ROY Rank 98 Elo 1588 (-8),24,https://badmintonranks.com/tournament?id=12437,7,Malaysia_Open_2022,JEONG .. / KIM Hye J..,12,2045,Haritha M.. / Ashna ROY,98,1588
28/6/2022,Round 1,MS,CHOU Tien Chen (4) Rank 4 Elo 2282 (+10),21-16 / 21-9,Brian YANG Rank 31 Elo 2041 (-10),31,https://badmintonranks.com/tournament?id=12437,7,Malaysia_Open_2022,CHOU Tien Chen (4),4,2282,Brian YANG,31,2041
28/6/2022,Round 1,XD,Rinov RI.. / Pitha Hani.. Rank 19 Elo 1898 (+17),9-21 / 21-12 / 22-20,CHAN Pe.. / CHEAH Y.. Rank 71 Elo 1762 (-22),53,https://badmintonranks.com/tournament?id=12437,7,Malaysia_Open_2022,Rinov RI.. / Pitha Hani..,19,1898,CHAN Pe.. / CHEAH Y..,71,1762
28/6/2022,Round 1,MD,Mark LA.. / Marvin SE.. Rank 13 Elo 1969 (+4),19-21 / 21-10 / 21-15,Joshua M.. / Paul REY.. Rank 65 Elo 1521 (-10),49,https://badmintonranks.com/tournament?id=12437,7,Malaysia_Open_2022,Mark LA.. / Marvin SE..,13,1969,Joshua M.. / Paul REY..,65,1521
28/6/2022,Round 1,MS,Anthony Sinisuka GIN.. (6) Rank 6 Elo 2250 (+6),21-15 / 19-21 / 21-9,SAI PRANEETH B. Rank 19 Elo 1916 (-7),50,https://badmintonranks.com/tournament?id=12437,7,Malaysia_Open_2022,Anthony Sinisuka GIN.. (6),6,2250,SAI PRANEETH B.,19,1916
28/6/2022,Round 1,WD,Gabriela .. / Stefani S.. (8) Rank 9 Elo 2024 (+2),21-14 / 21-18,Mariia ST.. / Yelyzaveta.. Rank 69 Elo 1450 (-6),35,https://badmintonranks.com/tournament?id=12437,7,Malaysia_Open_2022,Gabriela .. / Stefani S.. (8),9,2024,Mariia ST.. / Yelyzaveta..,69,1450
28/6/2022,Round 1,XD,TANG Ch.. / TSE Ying.. (6) Rank 7 Elo 2073 (+5),21-18 / 21-18,CHOON.. / PECK Yen.. Rank Elo 1676 (-8),37,https://badmintonranks.com/tournament?id=12437,7,Malaysia_Open_2022,TANG Ch.. / TSE Ying.. (6),7,2073,CHOON.. / PECK Yen..,,1676
28/6/2022,Round 1,WS,ZHANG Beiwen Rank 16 Elo 2027 (+12),21-13 / 21-18,Julie Dawall JAKOBSEN Rank 39 Elo 1806 (-14),35,https://badmintonranks.com/tournament?id=12437,7,Malaysia_Open_2022,ZHANG Beiwen,16,2027,Julie Dawall JAKOBSEN,39,1806
28/6/2022,Round 1,WD,CHEN Qi.. / JIA Yi Fan (1) Rank 1 Elo 2265 (+5),21-17 / 21-8,Benyapa .. / Nuntakarn.. Rank 28 Elo 1868 (-5),26,https://badmintonranks.com/tournament?id=12437,7,Malaysia_Open_2022,CHEN Qi.. / JIA Yi Fan (1),1,2265,Benyapa .. / Nuntakarn..,28,1868
28/6/2022,Round 1,WD,DU Yue / LI Wen Me.. Rank 35 Elo 1952 (+5),21-4 / 21-7,Jaqueline.. / Samia LIM.. Rank 57 Elo 1571 (-12),24,https://badmintonranks.com/tournament?id=12437,7,Malaysia_Open_2022,DU Yue / LI Wen Me..,35,1952,Jaqueline.. / Samia LIM..,57,1571
28/6/2022,Round 1,MS,LEE Cheuk Yiu Rank 15 Elo 2081 (+40),21-19 / 21-12,LOH Kean Yew Rank 9 Elo 2292 (-39),39,https://badmintonranks.com/tournament?id=12437,7,Malaysia_Open_2022,LEE Cheuk Yiu,15,2081,LOH Kean Yew,9,2292
28/6/2022,Round 1,WS,HAN Yue Rank 23 Elo 1968 (+22),12-21 / 21-14 / 21-8,Line CHRISTOPHERSEN Rank 22 Elo 1910 (-23),40,https://badmintonranks.com/tournament?id=12437,7,Malaysia_Open_2022,HAN Yue,23,1968,Line CHRISTOPHERSEN,22,1910
28/6/2022,Round 1,WS,Ratchanok INTANON (8) Rank 8 Elo 2293 (+6),24-26 / 21-4 / 22-20,SIM Yu Jin Rank 46 Elo 1963 (-7),58,https://badmintonranks.com/tournament?id=12437,7,Malaysia_Open_2022,Ratchanok INTANON (8),8,2293,SIM Yu Jin,46,1963
28/6/2022,Round 1,MS,Viktor AXELSEN (1) Rank 1 Elo 2648 (+1),22-20 / 21-7,Brice LEVERDEZ Rank 38 Elo 1945 (-1),30,https://badmintonranks.com/tournament?id=12437,7,Malaysia_Open_2022,Viktor AXELSEN (1),1,2648,Brice LEVERDEZ,38,1945
28/6/2022,Round 1,WS,Carolina MARIN (5) Rank 5 Elo 2393 (+2),21-7 / 21-16,QI Xuefei Rank 45 Elo 1790 (-2),42,https://badmintonranks.com/tournament?id=12437,7,Malaysia_Open_2022,Carolina MARIN (5),5,2393,QI Xuefei,45,1790
28/6/2022,Round 1,XD,KIM Won .. / JEONG N.. Rank 99 Elo 1688 (+25),21-15 / 21-9,Venkat G.. / Juhi DEW.. Rank 56 Elo 1534 (-39),22,https://badmintonranks.com/tournament?id=12437,8,Malaysia_Open_2022,KIM Won .. / JEONG N..,99,1688,Venkat G.. / Juhi DEW..,56,1534
28/6/2022,Round 1,MD,LIU Yu C.. / OU Xuan .. Rank 45 Elo 2065 (+5),21-14 / 21-18,CHANG .. / YAP Roy .. Rank 133 Elo 1674 (-8),32,https://badmintonranks.com/tournament?id=12437,8,Malaysia_Open_2022,LIU Yu C.. / OU Xuan ..,45,2065,CHANG .. / YAP Roy ..,133,1674
28/6/2022,Round 1,WS,Line Højmark KJAERSF.. Rank 29 Elo 2010 (+24),21-14 / 10-21 / 21-16,Putri Kusuma WARDANI Rank 49 Elo 1977 (-24),56,https://badmintonranks.com/tournament?id=12437,8,Malaysia_Open_2022,Line Højmark KJAERSF..,29,2010,Putri Kusuma WARDANI,49,1977
28/6/2022,Round 1,XD,GOH Soo.. / LAI Shevo.. Rank 14 Elo 1887 (+33),21-18 / 19-21 / 21-18,TAN Kian.. / LAI Pei Ji.. (7) Rank 9 Elo 1937 (-31),60,https://badmintonranks.com/tournament?id=12437,8,Malaysia_Open_2022,GOH Soo.. / LAI Shevo..,14,1887,TAN Kian.. / LAI Pei Ji.. (7),9,1937
28/6/2022,Round 1,WS,AN Se Young (3) Rank 3 Elo 2409 (+3),21-12 / 21-15,YEO Jia Min Rank 18 Elo 1963 (-4),32,https://badmintonranks.com/tournament?id=12437,8,Malaysia_Open_2022,AN Se Young (3),3,2409,YEO Jia Min,18,1963
28/6/2022,Round 1,WD,Apriyani .. / Siti Fadia .. Rank 133 Elo 2031 (+10),22-20 / 21-9,Stine KU.. / Emma MO.. Rank 77 Elo 1782 (-12),31,https://badmintonranks.com/tournament?id=12437,8,Malaysia_Open_2022,Apriyani .. / Siti Fadia ..,133,2031,Stine KU.. / Emma MO..,77,1782
28/6/2022,Round 1,XD,Supak JO.. / Supissara .. Rank 22 Elo 1947 (+19),21-8 / 11-21 / 24-22,Kyohei Y.. / Naru SHI.. Rank 30 Elo 1836 (-21),49,https://badmintonranks.com/tournament?id=12437,8,Malaysia_Open_2022,Supak JO.. / Supissara ..,22,1947,Kyohei Y.. / Naru SHI..,30,1836
28/6/2022,Round 1,XD,Rehan N.. / Lisa Ayu K.. Rank 46 Elo 1778 (+32),23-21 / 8-21 / 21-18,CHANG .. / NG Wing .. Rank 25 Elo 1765 (-33),45,https://badmintonranks.com/tournament?id=12437,8,Malaysia_Open_2022,Rehan N.. / Lisa Ayu K..,46,1778,CHANG .. / NG Wing ..,25,1765
28/6/2022,Round 1,WS,WANG Zhi Yi Rank 13 Elo 2289 (+35),23-21 / 9-21 / 21-11,HE Bing Jiao Rank 9 Elo 2424 (-34),67,https://badmintonranks.com/tournament?id=12437,8,Malaysia_Open_2022,WANG Zhi Yi,13,2289,HE Bing Jiao,9,2424
28/6/2022,Round 1,XD,Dechapol.. / Sapsiree .. (1) Rank 2 Elo 2312 (+8),21-17 / 21-7,Mark LA.. / Isabel LO.. Rank 12 Elo 2012 (-8),29,https://badmintonranks.com/tournament?id=12437,8,Malaysia_Open_2022,Dechapol.. / Sapsiree .. (1),2,2312,Mark LA.. / Isabel LO..,12,2012
28/6/2022,Round 1,WS,Gregoria Mariska TUNJ.. Rank 31 Elo 2004 (+48),21-14 / 21-14,Akane YAMAGUCHI (1) Rank 1 Elo 2423 (-46),26,https://badmintonranks.com/tournament?id=12437,8,Malaysia_Open_2022,Gregoria Mariska TUNJ..,31,2004,Akane YAMAGUCHI (1),1,2423
28/6/2022,Round 1,WD,Nami MA.. / Chiharu .. (6) Rank 5 Elo 2301 (+2),21-15 / 21-11,Ashwini P.. / REDDY Si.. Rank 23 Elo 1691 (-2),34,https://badmintonranks.com/tournament?id=12437,8,Malaysia_Open_2022,Nami MA.. / Chiharu .. (6),5,2301,Ashwini P.. / REDDY Si..,23,1691
28/6/2022,Round 1,XD,WANG Yi.. / HUANG .. (4) Rank 4 Elo 2233 (+2),21-11 / 21-14,Fabricio .. / Jaqueline .. Rank 57 Elo 1700 (-3),24,https://badmintonranks.com/tournament?id=12437,8,Malaysia_Open_2022,WANG Yi.. / HUANG .. (4),4,2233,Fabricio .. / Jaqueline ..,57,1700
28/6/2022,Round 1,WD,Srivedya .. / Ishika JAI.. Rank 92 Elo 1558 (+0),W.O.,Yuki FUK.. / Sayaka HI.. Rank 2 Elo 2145 (-0),0,https://badmintonranks.com/tournament?id=12437,8,Malaysia_Open_2022,Srivedya .. / Ishika JAI..,92,1558,Yuki FUK.. / Sayaka HI..,2,2145
28/6/2022,Round 1,WD,Supissar.. / Puttita SU.. Rank 195 Elo 1633 (+0),W.O.,Ornnicha .. / Atitaya PO.. Rank Elo 1601 (-0),0,https://badmintonranks.com/tournament?id=12437,8,Malaysia_Open_2022,Supissar.. / Puttita SU..,195,1633,Ornnicha .. / Atitaya PO..,,1601
