date,tournament,round,type,winner_name,winner_rank,winner_elo,loser_name,loser_rank,loser_elo
2021-01-27,BWF World Tour Finals 2020,Group A,MS,Viktor AXELSEN,4,2533,Anthony Sinisuka GINTING,6,2399
2021-01-27,BWF World Tour Finals 2020,Group B,XD,GOH Soon Huat / LAI Shevon Jemie,12,2044,Mark LAMSFUSS / Isabel LOHAU,17,1918
2021-01-27,BWF World Tour Finals 2020,Group A,XD,Dechapol PUAVARANUKROH / Sapsiree TAERATTANACHAI,3,2276,Praveen JORDAN / Melati Daeva OKTAVIANTI,4,2216
2021-01-27,BWF World Tour Finals 2020,Group A,XD,SEO Seung Jae / CHAE Yu Jung,6,2150,Marcus ELLIS / Lauren SMITH,9,2053
2021-01-27,BWF World Tour Finals 2020,Group B,WS,Pornpawee CHOCHUWONG,13,2214,Ratchanok INTANON,5,2397
2021-01-27,BWF World Tour Finals 2020,Group A,MS,CHOU Tien Chen,2,2339,LEE Zii Jia,10,2306
2021-01-27,BWF World Tour Finals 2020,Group B,MS,WANG Tzu Wei,12,2189,NG Ka Long Angus,8,2317
2021-01-27,BWF World Tour Finals 2020,Group B,XD,Thom GICQUEL / Delphine DELRUE,15,1990,Hafiz FAIZAL / Gloria Emanuelle WIDJAJA,8,2059
2021-01-27,BWF World Tour Finals 2020,Group A,WD,Greysia POLII / Apriyani RAHAYU,8,2157,LEE So Hee / SHIN Se..,4,2205
2021-01-27,BWF World Tour Finals 2020,Group B,MS,Anders ANTONSEN,3,2392,KIDAMBI Srikanth,14,2112
2021-01-27,BWF World Tour Finals 2020,Group A,WS,Carolina MARIN,6,2525,Evgeniya KOSETSKAYA,25,1886
2021-01-27,BWF World Tour Finals 2020,Group B,WS,TAI Tzu Ying,1,2595,PUSARLA V. Sindhu,7,2294
2021-01-27,BWF World Tour Finals 2020,Group B,MD,Hendra SETIAWAN / Mohammad AHSAN,2,2302,Vladimir IVANOV / Ivan SOZONOV,24,1936
2021-01-27,BWF World Tour Finals 2020,Group A,WS,AN Se Young,9,2287,Michelle LI,10,2268
2021-01-27,BWF World Tour Finals 2020,Group A,MD,LEE Yang / WANG Chang,7,2264,ONG Yew Sin / TEO Ee Yi,15,2068
2021-01-27,BWF World Tour Finals 2020,Group A,WD,CHOW Mei Kuan / LEE Meng Yean,14,1877,Vivian HO / YAP Cheng Wen,25,1806
2021-01-27,BWF World Tour Finals 2020,Group B,WD,KIM So Yeong / KONG Hee Yong,6,2199,Linda EFLER / Isabel LOHAU,31,1711
2021-01-27,BWF World Tour Finals 2020,Group A,MD,Ben LANE / Sean VENDY,32,1922,Marcus ELLIS / Chris LANGRIDGE,22,2016
2021-01-27,BWF World Tour Finals 2020,Group B,WD,Jongkolphan KITITHARAKUL / Rawinda PRAJONGJAI,11,1983,Chloe COBB / Lauren SMITH,18,1858
2021-01-27,BWF World Tour Finals 2020,Group B,MD,Aaron CHIA / SOH Wooi Yik,9,2151,CHOI Sol Gyu / SEO Seung Jae,8,2092
2021-01-28,BWF World Tour Finals 2020,Group A,XD,Praveen JORDAN / Melati Daeva OKTAVIANTI,4,2205,Marcus ELLIS / Lauren SMITH,9,2044
2021-01-28,BWF World Tour Finals 2020,Group A,MS,Viktor AXELSEN,4,2541,LEE Zii Jia,10,2294
2021-01-28,BWF World Tour Finals 2020,Group B,XD,Hafiz FAIZAL / Gloria Emanuelle WIDJAJA,8,2044,Mark LAMSFUSS / Isabel LOHAU,17,1909
2021-01-28,BWF World Tour Finals 2020,Group A,XD,SEO Seung Jae / CHAE Yu Jung,6,2159,Dechapol PUAVARANUKROH / Sapsiree TAERATTANACHAI,3,2287
2021-01-28,BWF World Tour Finals 2020,Group B,MS,Anders ANTONSEN,3,2396,NG Ka Long Angus,8,2300
2021-01-28,BWF World Tour Finals 2020,Group A,MS,CHOU Tien Chen,2,2350,Anthony Sinisuka GINTING,6,2391
2021-01-28,BWF World Tour Finals 2020,Group B,XD,Thom GICQUEL / Delphine DELRUE,15,2006,GOH Soon Huat / LAI Shevon Jemie,12,2052
2021-01-28,BWF World Tour Finals 2020,Group B,WS,Pornpawee CHOCHUWONG,13,2233,TAI Tzu Ying,1,2598
2021-01-28,BWF World Tour Finals 2020,Group A,WS,AN Se Young,9,2299,Evgeniya KOSETSKAYA,25,1885
2021-01-28,BWF World Tour Finals 2020,Group A,WD,Greysia POLII / Apriyani RAHAYU,8,2172,Vivian HO / YAP Cheng Wen,25,1793
2021-01-28,BWF World Tour Finals 2020,Group A,WD,LEE So Hee / SHIN Se..,4,2190,CHOW Mei Kuan / LEE Meng Yean,14,1889
2021-01-28,BWF World Tour Finals 2020,Group B,WS,Ratchanok INTANON,5,2378,PUSARLA V. Sindhu,7,2290
2021-01-28,BWF World Tour Finals 2020,Group B,MS,WANG Tzu Wei,12,2206,KIDAMBI Srikanth,14,2108
2021-01-28,BWF World Tour Finals 2020,Group A,WS,Carolina MARIN,6,2525,Michelle LI,10,2256
2021-01-28,BWF World Tour Finals 2020,Group B,MD,Vladimir IVANOV / Ivan SOZONOV,24,1933,Aaron CHIA / SOH Wooi Yik,9,2162
2021-01-28,BWF World Tour Finals 2020,Group B,WD,KIM So Yeong / KONG Hee Yong,6,2200,Jongkolphan KITITHARAKUL / Rawinda PRAJONGJAI,11,1992
2021-01-28,BWF World Tour Finals 2020,Group B,WD,Chloe COBB / Lauren SMITH,18,1848,Linda EFLER / Isabel LOHAU,31,1708
2021-01-28,BWF World Tour Finals 2020,Group A,MD,ONG Yew Sin / TEO Ee Yi,15,2061,Marcus ELLIS / Chris LANGRIDGE,22,1999
2021-01-28,BWF World Tour Finals 2020,Group A,MD,LEE Yang / WANG Chang,7,2270,Ben LANE / Sean VENDY,32,1940
2021-01-28,BWF World Tour Finals 2020,Group B,MD,CHOI Sol Gyu / SEO Seung Jae,8,2082,Hendra SETIAWAN / Mohammad AHSAN,2,2304
2021-01-29,BWF World Tour Finals 2020,Group A,XD,Dechapol PUAVARANUKROH / Sapsiree TAERATTANACHAI,3,2270,Marcus ELLIS / Lauren SMITH,9,2036
2021-01-29,BWF World Tour Finals 2020,Group B,XD,Thom GICQUEL / Delphine DELRUE,15,2021,Mark LAMSFUSS / Isabel LOHAU,17,1900
2021-01-29,BWF World Tour Finals 2020,Group A,MS,Viktor AXELSEN,4,2546,CHOU Tien Chen,2,2364
2021-01-29,BWF World Tour Finals 2020,Group A,XD,SEO Seung Jae / CHAE Yu Jung,6,2176,Praveen JORDAN / Melati Daeva OKTAVIANTI,4,2212
2021-01-29,BWF World Tour Finals 2020,Group A,WS,Evgeniya KOSETSKAYA,25,1883,Michelle LI,10,2252
2021-01-29,BWF World Tour Finals 2020,Group B,WS,TAI Tzu Ying,1,2576,Ratchanok INTANON,5,2388
2021-01-29,BWF World Tour Finals 2020,Group B,MS,WANG Tzu Wei,12,2215,Anders ANTONSEN,3,2406
2021-01-29,BWF World Tour Finals 2020,Group B,XD,GOH Soon Huat / LAI Shevon Jemie,12,2038,Hafiz FAIZAL / Gloria Emanuelle WIDJAJA,8,2052
2021-01-29,BWF World Tour Finals 2020,Group B,WS,PUSARLA V. Sindhu,7,2280,Pornpawee CHOCHUWONG,13,2255
2021-01-29,BWF World Tour Finals 2020,Group A,MS,Anthony Sinisuka GINTING,6,2377,LEE Zii Jia,10,2289
2021-01-29,BWF World Tour Finals 2020,Group A,MD,Ben LANE / Sean VENDY,32,1936,ONG Yew Sin / TEO Ee Yi,15,2072
2021-01-29,BWF World Tour Finals 2020,Group A,WS,AN Se Young,9,2301,Carolina MARIN,6,2530
2021-01-29,BWF World Tour Finals 2020,Group B,MD,Hendra SETIAWAN / Mohammad AHSAN,2,2285,Aaron CHIA / SOH Wooi Yik,9,2142
2021-01-29,BWF World Tour Finals 2020,Group B,MS,NG Ka Long Angus,8,2291,KIDAMBI Srikanth,14,2098
2021-01-29,BWF World Tour Finals 2020,Group A,WD,CHOW Mei Kuan / LEE Meng Yean,14,1884,Greysia POLII / Apriyani RAHAYU,8,2174
2021-01-29,BWF World Tour Finals 2020,Group A,MD,LEE Yang / WANG Chang,7,2273,Marcus ELLIS / Chris LANGRIDGE,22,1988
2021-01-29,BWF World Tour Finals 2020,Group B,WD,Jongkolphan KITITHARAKUL / Rawinda PRAJONGJAI,11,1986,Linda EFLER / Isabel LOHAU,31,1696
2021-01-29,BWF World Tour Finals 2020,Group B,WD,KIM So Yeong / KONG Hee Yong,6,2206,Chloe COBB / Lauren SMITH,18,1857
2021-01-29,BWF World Tour Finals 2020,Group A,WD,LEE So Hee / SHIN Se..,4,2194,Vivian HO / YAP Cheng Wen,25,1790
2021-01-29,BWF World Tour Finals 2020,Group B,MD,CHOI Sol Gyu / SEO Seung Jae,8,2102,Vladimir IVANOV / Ivan SOZONOV,24,1955
2021-01-30,BWF World Tour Finals 2020,Semi final,XD,SEO Seung Jae / CHAE Yu Jung,6,2190,GOH Soon Huat / LAI Shevon Jemie,12,2051
2021-01-30,BWF World Tour Finals 2020,Semi final,MS,Viktor AXELSEN,4,2553,CHOU Tien Chen,2,2358
2021-01-30,BWF World Tour Finals 2020,Semi final,XD,Dechapol PUAVARANUKROH / Sapsiree TAERATTANACHAI,3,2275,Thom GICQUEL / Delphine DELRUE,15,2030
2021-01-30,BWF World Tour Finals 2020,Semi final,MS,Anders ANTONSEN,3,2387,WANG Tzu Wei,12,2234
2021-01-30,BWF World Tour Finals 2020,Semi final,WS,Carolina MARIN,6,2510,Pornpawee CHOCHUWONG,13,2244
2021-01-30,BWF World Tour Finals 2020,Semi final,MD,LEE Yang / WANG Chang,7,2277,Ben LANE / Sean VENDY,32,1955
2021-01-30,BWF World Tour Finals 2020,Semi final,WS,TAI Tzu Ying,1,2582,AN Se Young,9,2321
2021-01-30,BWF World Tour Finals 2020,Semi final,MD,Hendra SETIAWAN / Mohammad AHSAN,2,2292,CHOI Sol Gyu / SEO Seung Jae,8,2109
2021-01-30,BWF World Tour Finals 2020,Semi final,WD,KIM So Yeong / KONG Hee Yong,6,2209,Jongkolphan KITITHARAKUL / Rawinda PRAJONGJAI,11,1990
2021-01-30,BWF World Tour Finals 2020,Semi final,WD,LEE So Hee / SHIN Seung Chan,4,2196,CHOW Mei Kuan / LEE Meng Yean,14,1908
2021-01-31,BWF World Tour Finals 2020,Final,XD,Dechapol PUAVARANUKROH / Sapsiree TAERATTANACHAI,3,2280,SEO Seung Jae / CHAE Yu Jung,6,2199
2021-01-31,BWF World Tour Finals 2020,Final,MS,Anders ANTONSEN,3,2395,Viktor AXELSEN,4,2559
2021-01-31,BWF World Tour Finals 2020,Final,WS,TAI Tzu Ying,1,2587,Carolina MARIN,6,2515
2021-01-31,BWF World Tour Finals 2020,Final,MD,LEE Yang / WANG Chang,7,2281,Hendra SETIAWAN / Mohammad AHSAN,2,2299
2021-01-31,BWF World Tour Finals 2020,Final,WD,LEE So Hee / SHIN Seung Chan,4,2201,KIM So Yeong / KONG Hee Yong,6,2215
2021-11-23,Indonesia Open 2021,Round 1,XD,Dechapol PUAVARANUKROH / Sapsiree TAERATTANACHAI,2,2296,KIM Young Hyuk / CHAE Yu Jung,88,1780
2021-11-23,Indonesia Open 2021,Round 1,WS,YEO Jia Min,18,2035,Jordan HART,63,1616
2021-11-23,Indonesia Open 2021,Round 1,XD,CHAN Peng Soon / GOH Liu Ying,9,1840,Zachariah Josiahno SUMITRO / Hediana JULIMARBELA,95,1683
2021-11-23,Indonesia Open 2021,Round 1,MS,Kento MOMOTA,1,2516,Lakshya SEN,19,2135
2021-11-23,Indonesia Open 2021,Round 1,WS,Akane YAMAGUCHI,3,2502,Maria ULITINA,65,1670
2021-11-23,Indonesia Open 2021,Round 1,MS,Kenta NISHIMOTO,17,2100,Thomas ROUXEL,38,1881
2021-11-23,Indonesia Open 2021,Round 1,WD,JEONG Na Eun / KIM Hye Jeong,87,1876,Benyapa AIMSAARD / Nuntakarn AIMSAARD,46,1635
2021-11-23,Indonesia Open 2021,Round 1,WD,Chloe COBB / Lauren SMITH,13,1810,Julie FINNE-IPSEN / Mai SURROW,43,1523
2021-11-23,Indonesia Open 2021,Round 1,MD,Aaron CHIA / SOH Wooi Yik,6,2120,Mark LAMSFUSS / Marvin SEIDEL,16,1991
2021-11-23,Indonesia Open 2021,Round 1,XD,CHEN Tang Jie / PECK Yen Wei,42,1772,Yuki KANEKO / Misaki MATSUTOMO,17,1912
2021-11-23,Indonesia Open 2021,Round 1,WS,LéOnice HUET,60,1610,Clara AZURMENDI,46,1823
2021-11-23,Indonesia Open 2021,Round 1,XD,Jones Ralfy JANSEN / Linda EFLER,146,1686,Venkat Gaurav PRASAD / Juhi DEWANGAN,64,1508
2021-11-23,Indonesia Open 2021,Round 1,MD,ONG Yew Sin / TEO Ee Yi,12,2043,TAN Kian Meng / TAN Wee Kiong,134,1692
2021-11-23,Indonesia Open 2021,Round 1,WS,AN Se Young,6,2440,Ruselli HARTAWAN,43,1866
2021-11-23,Indonesia Open 2021,Round 1,MS,LOH Kean Yew,26,2188,PARUPALLI Kashyap,34,1951
2021-11-23,Indonesia Open 2021,Round 1,WS,Pornpawee CHOCHUWONG,10,2223,Lianne TAN,36,1782
2021-11-23,Indonesia Open 2021,Round 1,MD,KANG Min Hyuk / SEO Seung Jae,,1770,Hiroki OKAMURA / Masayuki MORIZONO,59,1690
2021-11-23,Indonesia Open 2021,Round 1,WD,Febriana Dwipuji KUSUMA / Amallia Cahaya PRATIWI,78,1523,Nita Violina MARWAH / Putri SYAIKAH,35,1704
2021-11-23,Indonesia Open 2021,Round 1,MS,CHOU Tien Chen,4,2263,LEE Cheuk Yiu,15,2195
2021-11-23,Indonesia Open 2021,Round 1,WD,BAEK Ha Na / LEE Yu Lim,82,1738,Linda EFLER / Isabel LOHAU,30,1702
2021-11-23,Indonesia Open 2021,Round 1,MD,Marcus Fernaldi GIDEON / Kevin Sanjaya SUKAMULJO,1,2265,Keiichiro MATSUI / Yoshinori TAKEUTI,43,1742
2021-11-23,Indonesia Open 2021,Round 1,WS,Lalinrat CHAIWAN,21,2086,Yulia Yosephine SUSANTO,90,1636
2021-11-23,Indonesia Open 2021,Round 1,MS,Kanta TSUNEYAMA,10,2216,NG Ka Long Angus,9,2170
2021-11-23,Indonesia Open 2021,Round 1,WS,Gregoria Mariska TUNJUNG,25,2060,Supanida KATETHONG,33,1868
2021-11-23,Indonesia Open 2021,Round 1,MD,CHOI Sol Gyu / KIM Won Ho,,1683,M.R.ARJUN / DHRUV KAPILA,41,1709
2021-11-23,Indonesia Open 2021,Round 1,MD,GOH Sze Fei / Nur IZZUDDIN,19,1923,Christo POPOV / Toma Junior POPOV,31,1686
2021-11-23,Indonesia Open 2021,Round 1,MS,Shesar Hiren RHUSTAVITO,20,2111,Sitthikom THAMMASIN,30,1976
2021-11-23,Indonesia Open 2021,Round 1,XD,KO Sung Hyun / EOM Hye Won,21,1936,Marcus ELLIS / Lauren SMITH,8,1939
2021-11-23,Indonesia Open 2021,Round 1,MS,Rasmus GEMKE,13,2100,LEE Zii Jia,7,2325
2021-11-23,Indonesia Open 2021,Round 1,WD,Pearly TAN / THINAAH Muralitharan,18,1847,Clara AZURMENDI / Beatriz CORRALES,68,1640
2021-11-23,Indonesia Open 2021,Round 1,WD,Fitriani FITRIANI / Yulia Yosephine SUSANTO,82,1540,Febby Valencia Dwijayanti GANI / Jesita Putri MIANTORO,,1707
2021-11-23,Indonesia Open 2021,Round 1,WD,Puttita SUPAJIRAKUL / Sapsiree TAERATTANACHAI,17,1982,Siti Fadia Silva RAMADHANTI / Ribka SUGIARTO,27,1866
2021-11-23,Indonesia Open 2021,Round 1,XD,TAN Kian Meng / LAI Pei Jing,12,1923,GOH Soon Huat / LAI Shevon Jemie,13,1949
2021-11-23,Indonesia Open 2021,Round 1,MS,Hans-Kristian Solberg VITTINGHUS,21,2085,Kantaphon WANGCHAROEN,18,1986
2021-11-23,Indonesia Open 2021,Round 1,WS,Sayaka TAKAHASHI,13,2230,Saena KAWAKAMI,44,1893
2021-11-23,Indonesia Open 2021,Round 1,XD,Adnan MAULANA / Mychelle Crhystine BANDASO,35,1781,Thom GICQUEL / Delphine DELRUE,11,1974
2021-11-23,Indonesia Open 2021,Round 1,MD,LEE Yang / WANG Chang,3,2282,GOH V Shem / LOW Juan Shen,156,1677
2021-11-23,Indonesia Open 2021,Round 1,XD,Mark LAMSFUSS / Isabel LOHAU,14,1918,Supak JOMKOH / Supissara PACHARAMONGKOL,26,1886
2021-11-23,Indonesia Open 2021,Round 1,MD,Satwiksairaj RANKIREDDY / Chirag SHETTY,11,2063,KIM Jae Hwan / NA Sung Seung,,1645
2021-11-24,Indonesia Open 2021,Round 1,MS,Viktor AXELSEN,2,2582,Koki WATANABE,40,1951
2021-11-24,Indonesia Open 2021,Round 1,XD,Mathias THYRRI / Alexandra BOE,15,1938,Rinov RIVALDY / Pitha Haningtyas MENTARI,20,1940
2021-11-24,Indonesia Open 2021,Round 1,MD,LU Ching Yao / YANG Po Hsuan,20,1914,Vladimir IVANOV / Ivan SOZONOV,15,1903
2021-11-24,Indonesia Open 2021,Round 1,XD,Takuro HOKI / Nami MATSUYAMA,,1655,REDDY .. / Ashwini PONNAPPA,99,1645
2021-11-24,Indonesia Open 2021,Round 1,MD,Pramudya KUSUMAWARDANA / Yeremia Erich Yoche Yacob RAMBITAN,28,1984,Ben LANE / Sean VENDY,17,1807
2021-11-24,Indonesia Open 2021,Round 1,XD,CHANG Tak Ching / NG Wing Yung,29,1711,Rehan Naufal KUSHARJANTO / Lisa Ayu KUSUMAWATI,52,1605
2021-11-24,Indonesia Open 2021,Round 1,XD,Hafiz FAIZAL / Gloria Emanuelle WIDJAJA,10,1968,Oliver LEIRUD / Anona PAK,60,1579
2021-11-24,Indonesia Open 2021,Round 1,MS,Christo POPOV,70,1825,Anthony Sinisuka GINTING,5,2302
2021-11-24,Indonesia Open 2021,Round 1,MS,WANG Tzu Wei,11,2080,Tommy SUGIARTO,24,2005
2021-11-24,Indonesia Open 2021,Round 1,XD,Praveen JORDAN / Melati Daeva OKTAVIANTI,5,2077,Yujiro NISHIKAWA / Saori OZAKI,104,1627
2021-11-24,Indonesia Open 2021,Round 1,MS,KIDAMBI Srikanth,14,2165,PRANNOY H. S.,31,2023
2021-11-24,Indonesia Open 2021,Round 1,MS,Anders ANTONSEN,3,2353,Kunlavut VITIDSARN,22,2145
2021-11-24,Indonesia Open 2021,Round 1,MS,Jonatan CHRISTIE,8,2230,LIEW Daren,36,1999
2021-11-24,Indonesia Open 2021,Round 1,MD,Takuro HOKI / Yugo KOBAYASHI,7,2211,Hendra SETIAWAN / Mohammad AHSAN,2,2121
2021-11-24,Indonesia Open 2021,Round 1,XD,Yuta WATANABE / Arisa IGAKI,4,2366,HOO Pang Ron / CHEAH Yee See,23,1868
2021-11-24,Indonesia Open 2021,Round 1,WS,Ratchanok INTANON,8,2226,KIM Ga Eun,19,2064
2021-11-24,Indonesia Open 2021,Round 1,WD,Gabriela STOEVA / Stefani STOEVA,11,1943,Ashwini PONNAPPA / REDDY Sikki Gupta,24,1712
2021-11-24,Indonesia Open 2021,Round 1,MS,SAI PRANEETH B.,16,1979,Toma Junior POPOV,33,1962
2021-11-24,Indonesia Open 2021,Round 1,MD,Mahiro KANEKO / Yunosuke KUBOTA,60,1667,Panjer Aji.. / Bryan Sid..,79,1603
2021-11-24,Indonesia Open 2021,Round 1,WD,Vivian HO / LIM Chiew Sien,110,1636,Melani M.. / Tryola NA..,,1533
2021-11-24,Indonesia Open 2021,Round 1,MD,Akira KOGA / Taichi SAITO,24,1875,Supak JOMKOH / Kittinupong KEDREN,48,1855
2021-11-24,Indonesia Open 2021,Round 1,MD,Fajar ALFIAN / Muhammad Shohibul FIKRI,8,2042,Leo Rolly CARNANDO / Daniel MARTHIN,27,1909
2021-11-24,Indonesia Open 2021,Round 1,MS,Chico Aura DWI WARDOYO,60,1944,Henrikho Wibowo KHO,,1500
2021-11-24,Indonesia Open 2021,Round 1,WS,PUSARLA V. Sindhu,7,2341,Aya OHORI,22,2073
2021-11-24,Indonesia Open 2021,Round 1,MD,Kim ASTRUP / Anders Skaarup RASMUSSEN,9,2024,Lucas CORVEE / Ronan LABAR,56,1671
2021-11-24,Indonesia Open 2021,Round 1,WS,Asuka TAKAHASHI,71,1783,Fitriani FITRIANI,41,1669
2021-11-24,Indonesia Open 2021,Round 1,WS,PAI Yu Po,39,1812,Line CHRISTOPHERSEN,27,1934
2021-11-24,Indonesia Open 2021,Round 1,XD,TANG Chun Man / TSE Ying Suet,7,2101,SEO Seung Jae / KIM Hye Jeong,,1473
2021-11-24,Indonesia Open 2021,Round 1,MD,Muhammad Shohibul FIKRI / Bagas MAULANA,30,1835,Sabar Karyaman GUTAMA / Moh Reza Pahlevi ISFAHANI,101,1795
2021-11-24,Indonesia Open 2021,Round 1,WS,Busanan ONGBAMRUNGPHAN,12,2180,Evgeniya KOSETSKAYA,24,1985
2021-11-24,Indonesia Open 2021,Round 1,WS,Yvonne LI,26,1870,Neslihan ARIN,28,2015
2021-11-24,Indonesia Open 2021,Round 1,WD,LEE Meng Yean / YAP Cheng Wen,134,1592,Alexandra BOE / Mette POULSEN,31,1707
2021-11-24,Indonesia Open 2021,Round 1,WD,Mayu MATSUMOTO / Ayako SAKURAMOTO,82,1849,Mariia STOLIARENKO / Yelyzaveta ZHARKA,101,1523
2021-11-24,Indonesia Open 2021,Round 1,WS,SIM Yu Jin,54,1798,Michelle LI,11,2137
2021-11-24,Indonesia Open 2021,Round 1,WS,Beatriz CORRALES,55,1702,Marie BATOMENE,59,1686
2021-11-24,Indonesia Open 2021,Round 1,XD,Kyohei YAMASHITA / Naru SHINOYA,67,1641,Dhruv KAPILA / REDDY Sikki Gupta,124,1748
2021-11-24,Indonesia Open 2021,Round 1,WD,Rin IWANAGA / Kie NAKANISHI,36,1793,Chisato HOSHI / Aoi MATSUSHIMA,37,1899
2021-11-25,Indonesia Open 2021,Round 2,XD,Hafiz FAIZAL / Gloria Emanuelle WIDJAJA,10,1974,Takuro HOKI / Nami MATSUYAMA,,1700
2021-11-25,Indonesia Open 2021,Round 2,XD,TAN Kian Meng / LAI Pei Jing,12,1953,Adnan MAULANA / Mychelle Crhystine BANDASO,35,1832
2021-11-25,Indonesia Open 2021,Round 2,MS,Viktor AXELSEN,2,2583,KIDAMBI Srikanth,14,2180
2021-11-25,Indonesia Open 2021,Round 2,XD,Dechapol PUAVARANUKROH / Sapsiree TAERATTANACHAI,2,2298,CHEN Tang Jie / PECK Yen Wei,42,1819
2021-11-25,Indonesia Open 2021,Round 2,MS,SAI PRANEETH B.,16,2005,Christo POPOV,70,1883
2021-11-25,Indonesia Open 2021,Round 2,MS,LOH Kean Yew,26,2199,Kento MOMOTA,1,2521
2021-11-25,Indonesia Open 2021,Round 2,XD,CHAN Peng Soon / GOH Liu Ying,9,1858,Jones Ralfy JANSEN / Linda EFLER,146,1708
2021-11-25,Indonesia Open 2021,Round 2,MD,Satwiksairaj RANKIREDDY / Chirag SHETTY,11,2063,KANG Min Hyuk / SEO Seung Jae,,1797
2021-11-25,Indonesia Open 2021,Round 2,MD,GOH Sze Fei / Nur IZZUDDIN,19,1935,LEE Yang / WANG Chang,3,2283
2021-11-25,Indonesia Open 2021,Round 2,MS,Hans-Kristian Solberg VITTINGHUS,21,2104,Kanta TSUNEYAMA,10,2238
2021-11-25,Indonesia Open 2021,Round 2,MD,Akira KOGA / Taichi SAITO,24,1902,LU Ching Yao / YANG Po Hsuan,20,1941
2021-11-25,Indonesia Open 2021,Round 2,XD,Mathias THYRRI / Alexandra BOE,15,1966,Praveen JORDAN / Melati Daeva OKTAVIANTI,5,2078
2021-11-25,Indonesia Open 2021,Round 2,MS,Jonatan CHRISTIE,8,2240,Chico Aura DWI WARDOYO,60,1948
2021-11-25,Indonesia Open 2021,Round 2,MD,Fajar ALFIAN / Muhammad Shohibul FIKRI,8,2058,Muhammad Shohibul FIKRI / Bagas MAULANA,30,1862
2021-11-25,Indonesia Open 2021,Round 2,MD,Kim ASTRUP / Anders Skaarup RASMUSSEN,9,2030,Mahiro KANEKO / Yunosuke KUBOTA,60,1704
2021-11-25,Indonesia Open 2021,Round 2,XD,KO Sung Hyun / EOM Hye Won,21,1964,Mark LAMSFUSS / Isabel LOHAU,14,1944
2021-11-25,Indonesia Open 2021,Round 2,MS,Anders ANTONSEN,3,2365,WANG Tzu Wei,11,2100
2021-11-25,Indonesia Open 2021,Round 2,WS,Akane YAMAGUCHI,3,2503,YEO Jia Min,18,2039
2021-11-25,Indonesia Open 2021,Round 2,WS,SIM Yu Jin,54,1855,Beatriz CORRALES,55,1740
2021-11-25,Indonesia Open 2021,Round 2,XD,TANG Chun Man / TSE Ying Suet,7,2102,Kyohei YAMASHITA / Naru SHINOYA,67,1703
2021-11-25,Indonesia Open 2021,Round 2,MD,Marcus Fernaldi GIDEON / Kevin Sanjaya SUKAMULJO,1,2267,CHOI Sol Gyu / KIM Won Ho,,1728
2021-11-25,Indonesia Open 2021,Round 2,MS,Kenta NISHIMOTO,17,2111,CHOU Tien Chen,4,2283
2021-11-25,Indonesia Open 2021,Round 2,MS,Rasmus GEMKE,13,2141,Shesar Hiren RHUSTAVITO,20,2127
2021-11-25,Indonesia Open 2021,Round 2,WD,Nami MATSUYAMA / Chiharu SHIDA,9,2164,Puttita SUPAJIRAKUL / Sapsiree TAERATTANACHAI,17,1982
2021-11-25,Indonesia Open 2021,Round 2,WS,PUSARLA V. Sindhu,7,2350,Yvonne LI,26,1911
2021-11-25,Indonesia Open 2021,Round 2,WS,Pornpawee CHOCHUWONG,10,2227,Gregoria Mariska TUNJUNG,25,2073
2021-11-25,Indonesia Open 2021,Round 2,WS,Lalinrat CHAIWAN,21,2089,Sayaka TAKAHASHI,13,2237
2021-11-25,Indonesia Open 2021,Round 2,MD,Takuro HOKI / Yugo KOBAYASHI,7,2230,Pramudya KUSUMAWARDANA / Yeremia Erich Yoche Yacob RAMBITAN,28,1998
2021-11-25,Indonesia Open 2021,Round 2,WD,Mayu MATSUMOTO / Ayako SAKURAMOTO,82,1857,Rin IWANAGA / Kie NAKANISHI,36,1835
2021-11-25,Indonesia Open 2021,Round 2,XD,Yuta WATANABE / Arisa IGAKI,4,2369,CHANG Tak Ching / NG Wing Yung,29,1738
2021-11-25,Indonesia Open 2021,Round 2,MD,ONG Yew Sin / TEO Ee Yi,12,2049,Aaron CHIA / SOH Wooi Yik,6,2137
2021-11-25,Indonesia Open 2021,Round 2,WD,Febriana Dwipuji KUSUMA / Amallia Cahaya PRATIWI,78,1627,Pearly TAN / THINAAH Muralitharan,18,1861
2021-11-25,Indonesia Open 2021,Round 2,WD,Greysia POLII / Apriyani RAHAYU,6,2209,Fitriani FITRIANI / Yulia Yosephine SUSANTO,82,1540
2021-11-25,Indonesia Open 2021,Round 2,WD,KIM So Yeong / KONG Hee Yong,4,2133,JEONG Na Eun / KIM Hye Jeong,87,1887
2021-11-25,Indonesia Open 2021,Round 2,WS,Ratchanok INTANON,8,2240,PAI Yu Po,39,1854
2021-11-25,Indonesia Open 2021,Round 2,WD,Jongkolphan KITITHARAKUL / Rawinda PRAJONGJAI,8,1912,Vivian HO / LIM Chiew Sien,110,1671
2021-11-25,Indonesia Open 2021,Round 2,WS,AN Se Young,6,2442,LéOnice HUET,60,1693
2021-11-25,Indonesia Open 2021,Round 2,WD,BAEK Ha Na / LEE Yu Lim,82,1771,Chloe COBB / Lauren SMITH,13,1821
2021-11-25,Indonesia Open 2021,Round 2,WD,Gabriela STOEVA / Stefani STOEVA,11,1955,LEE Meng Yean / YAP Cheng Wen,134,1666
2021-11-25,Indonesia Open 2021,Round 2,WS,Asuka TAKAHASHI,71,1805,Busanan ONGBAMRUNGPHAN,12,2193
2021-11-26,Indonesia Open 2021,Quarter final,MD,Takuro HOKI / Yugo KOBAYASHI,7,2241,Kim ASTRUP / Anders Skaarup RASMUSSEN,9,2037
2021-11-26,Indonesia Open 2021,Quarter final,MS,Viktor AXELSEN,2,2588,SAI PRANEETH B.,16,2022
2021-11-26,Indonesia Open 2021,Quarter final,MS,Jonatan CHRISTIE,8,2248,Anders ANTONSEN,3,2374
2021-11-26,Indonesia Open 2021,Quarter final,MD,Akira KOGA / Taichi SAITO,24,1934,Fajar ALFIAN / Muhammad Shohibul FIKRI,8,2071
2021-11-26,Indonesia Open 2021,Quarter final,WD,Nami MATSUYAMA / Chiharu SHIDA,9,2177,Febriana Dwipuji KUSUMA / Amallia Cahaya PRATIWI,78,1707
2021-11-26,Indonesia Open 2021,Quarter final,MS,LOH Kean Yew,26,2243,Hans-Kristian Solberg VITTINGHUS,21,2139
2021-11-26,Indonesia Open 2021,Quarter final,WD,BAEK Ha Na / LEE Yu Lim,82,1810,KIM So Yeong / KONG Hee Yong,4,2143
2021-11-26,Indonesia Open 2021,Quarter final,MD,Satwiksairaj RANKIREDDY / Chirag SHETTY,11,2072,GOH Sze Fei / Nur IZZUDDIN,19,1983
2021-11-26,Indonesia Open 2021,Quarter final,WD,Jongkolphan KITITHARAKUL / Rawinda PRAJONGJAI,8,1923,Gabriela STOEVA / Stefani STOEVA,11,1964
2021-11-26,Indonesia Open 2021,Quarter final,MS,Rasmus GEMKE,13,2146,Kenta NISHIMOTO,17,2148
2021-11-26,Indonesia Open 2021,Quarter final,MD,Marcus Fernaldi GIDEON / Kevin Sanjaya SUKAMULJO,1,2270,ONG Yew Sin / TEO Ee Yi,12,2081
2021-11-26,Indonesia Open 2021,Quarter final,XD,KO Sung Hyun / EOM Hye Won,21,1989,CHAN Peng Soon / GOH Liu Ying,9,1875
2021-11-26,Indonesia Open 2021,Quarter final,XD,Dechapol PUAVARANUKROH / Sapsiree TAERATTANACHAI,2,2301,TAN Kian Meng / LAI Pei Jing,12,1971
2021-11-26,Indonesia Open 2021,Quarter final,WD,Greysia POLII / Apriyani RAHAYU,6,2210,Mayu MATSUMOTO / Ayako SAKURAMOTO,82,1884
2021-11-26,Indonesia Open 2021,Quarter final,XD,Mathias THYRRI / Alexandra BOE,15,2001,Hafiz FAIZAL / Gloria Emanuelle WIDJAJA,10,1983
2021-11-26,Indonesia Open 2021,Quarter final,WS,Ratchanok INTANON,8,2245,Asuka TAKAHASHI,71,1863
2021-11-26,Indonesia Open 2021,Quarter final,WS,Pornpawee CHOCHUWONG,10,2242,Akane YAMAGUCHI,3,2506
2021-11-26,Indonesia Open 2021,Quarter final,XD,Yuta WATANABE / Arisa IGAKI,4,2370,TANG Chun Man / TSE Ying Suet,7,2107
2021-11-26,Indonesia Open 2021,Quarter final,WS,PUSARLA V. Sindhu,7,2353,SIM Yu Jin,54,1875
2021-11-26,Indonesia Open 2021,Quarter final,WS,AN Se Young,6,2442,Lalinrat CHAIWAN,21,2125
2021-11-27,Indonesia Open 2021,Semi final,MS,LOH Kean Yew,26,2262,Rasmus GEMKE,13,2173
2021-11-27,Indonesia Open 2021,Semi final,MD,Takuro HOKI / Yugo KOBAYASHI,7,2253,Akira KOGA / Taichi SAITO,24,1973
2021-11-27,Indonesia Open 2021,Semi final,MS,Viktor AXELSEN,2,2590,Jonatan CHRISTIE,8,2248
2021-11-27,Indonesia Open 2021,Semi final,MD,Marcus Fernaldi GIDEON / Kevin Sanjaya SUKAMULJO,1,2283,Satwiksairaj RANKIREDDY / Chirag SHETTY,11,2092
2021-11-27,Indonesia Open 2021,Semi final,WD,Nami MATSUYAMA / Chiharu SHIDA,9,2181,BAEK Ha Na / LEE Yu Lim,82,1867
2021-11-27,Indonesia Open 2021,Semi final,WD,Greysia POLII / Apriyani RAHAYU,6,2217,Jongkolphan KITITHARAKUL / Rawinda PRAJONGJAI,8,1955
2021-11-27,Indonesia Open 2021,Semi final,XD,Yuta WATANABE / Arisa IGAKI,4,2380,Mathias THYRRI / Alexandra BOE,15,2027
2021-11-27,Indonesia Open 2021,Semi final,WS,Ratchanok INTANON,8,2251,PUSARLA V. Sindhu,7,2356
2021-11-27,Indonesia Open 2021,Semi final,XD,Dechapol PUAVARANUKROH / Sapsiree TAERATTANACHAI,2,2308,KO Sung Hyun / EOM Hye Won,21,2008
2021-11-27,Indonesia Open 2021,Semi final,WS,AN Se Young,6,2450,Pornpawee CHOCHUWONG,10,2285
2021-11-28,Indonesia Open 2021,Final,MS,Viktor AXELSEN,2,2596,LOH Kean Yew,26,2282
2021-11-28,Indonesia Open 2021,Final,MD,Marcus Fernaldi GIDEON / Kevin Sanjaya SUKAMULJO,1,2296,Takuro HOKI / Yugo KOBAYASHI,7,2262
2021-11-28,Indonesia Open 2021,Final,XD,Dechapol PUAVARANUKROH / Sapsiree TAERATTANACHAI,2,2316,Yuta WATANABE / Arisa IGAKI,4,2386
2021-11-28,Indonesia Open 2021,Final,WD,Nami MATSUYAMA / Chiharu SHIDA,9,2188,Greysia POLII / Apriyani RAHAYU,6,2227
2021-11-28,Indonesia Open 2021,Final,WS,AN Se Young,6,2465,Ratchanok INTANON,8,2285
2021-12-01,BWF World Tour Finals 2021,Group A,MS,Lakshya SEN,21,2130,Kento MOMOTA,2,2477
2021-12-01,BWF World Tour Finals 2021,Group A,MD,Kim ASTRUP / Anders Skaarup RASMUSSEN,10,2024,Satwiksairaj RANKIREDDY / Chirag SHETTY,9,2079
2021-12-01,BWF World Tour Finals 2021,Group A,MD,Marcus Fernaldi GIDEON / Kevin Sanjaya SUKAMULJO,1,2321,LEE Yang / WANG Chang,3,2239
2021-12-01,BWF World Tour Finals 2021,Group A,MS,Viktor AXELSEN,1,2604,Rasmus GEMKE,10,2152
2021-12-01,BWF World Tour Finals 2021,Group B,XD,Dechapol PUAVARANUKROH / Sapsiree TAERATTANACHAI,2,2349,Praveen JORDAN / Melati Daeva OKTAVIANTI,5,2044
2021-12-01,BWF World Tour Finals 2021,Group B,MD,ONG Yew Sin / TEO Ee Yi,12,2068,Christo POPOV / Toma Junior POPOV,31,1669
2021-12-01,BWF World Tour Finals 2021,Group B,XD,TANG Chun Man / TSE Ying Suet,7,2097,Marcus ELLIS / Lauren SMITH,8,1911
2021-12-01,BWF World Tour Finals 2021,Group B,MD,Takuro HOKI / Yugo KOBAYASHI,6,2237,Pramudya KUSUMAWARDANA / Yeremia Erich Yoche Yacob RAMBITAN,27,1987
2021-12-01,BWF World Tour Finals 2021,Group A,WS,PUSARLA V. Sindhu,7,2322,Line CHRISTOPHERSEN,27,1897
2021-12-01,BWF World Tour Finals 2021,Group A,XD,Yuta WATANABE / Arisa IGAKI,4,2353,Mathias THYRRI / Alexandra BOE,14,2021
2021-12-01,BWF World Tour Finals 2021,Group A,WS,Pornpawee CHOCHUWONG,10,2270,Yvonne LI,24,1907
2021-12-01,BWF World Tour Finals 2021,Group A,XD,CHAN Peng Soon / GOH Liu Ying,9,1855,TAN Kian Meng / LAI Pei Jing,11,1964
2021-12-01,BWF World Tour Finals 2021,Group B,MS,LEE Zii Jia,8,2286,Kunlavut VITIDSARN,23,2133
2021-12-01,BWF World Tour Finals 2021,Group A,WD,Greysia POLII / Apriyani RAHAYU,6,2196,Jongkolphan KITITHARAKUL / Rawinda PRAJONGJAI,9,1945
2021-12-01,BWF World Tour Finals 2021,Group A,WD,KIM So Yeong / KONG Hee Yong,4,2096,Pearly TAN / THINAAH Muralitharan,17,1814
2021-12-01,BWF World Tour Finals 2021,Group B,MS,KIDAMBI Srikanth,14,2176,Toma Junior POPOV,33,1936
2021-12-01,BWF World Tour Finals 2021,Group B,WS,Akane YAMAGUCHI,3,2463,YEO Jia Min,17,2036
2021-12-01,BWF World Tour Finals 2021,Group B,WD,Gabriela STOEVA / Stefani STOEVA,11,1932,Chloe COBB / Lauren SMITH,13,1785
2021-12-01,BWF World Tour Finals 2021,Group B,WS,AN Se Young,6,2479,Busanan ONGBAMRUNGPHAN,12,2147
2021-12-01,BWF World Tour Finals 2021,Group B,WD,Nami MATSUYAMA / Chiharu SHIDA,7,2219,Ashwini PONNAPPA / REDDY Sikki Gupta,24,1696
2021-12-02,BWF World Tour Finals 2021,Group B,XD,Dechapol PUAVARANUKROH / Sapsiree TAERATTANACHAI,2,2357,TANG Chun Man / TSE Ying Suet,7,2110
2021-12-02,BWF World Tour Finals 2021,Group A,MD,LEE Yang / WANG Chang,3,2219,Kim ASTRUP / Anders Skaarup RASMUSSEN,10,2054
2021-12-02,BWF World Tour Finals 2021,Group A,MD,Marcus Fernaldi GIDEON / Kevin Sanjaya SUKAMULJO,1,2341,Satwiksairaj RANKIREDDY / Chirag SHETTY,9,2049
2021-12-02,BWF World Tour Finals 2021,Group A,MS,Viktor AXELSEN,1,2605,Lakshya SEN,21,2139
2021-12-02,BWF World Tour Finals 2021,Group B,XD,Praveen JORDAN / Melati Daeva OKTAVIANTI,5,2037,Marcus ELLIS / Lauren SMITH,8,1897
2021-12-02,BWF World Tour Finals 2021,Group B,MD,Takuro HOKI / Yugo KOBAYASHI,6,2247,Christo POPOV / Toma Junior POPOV,31,1661
2021-12-02,BWF World Tour Finals 2021,Group B,MD,ONG Yew Sin / TEO Ee Yi,12,2073,Pramudya KUSUMAWARDANA / Yeremia Erich Yoche Yacob RAMBITAN,27,1976
2021-12-02,BWF World Tour Finals 2021,Group A,XD,Yuta WATANABE / Arisa IGAKI,4,2360,TAN Kian Meng / LAI Pei Jing,11,1928
2021-12-02,BWF World Tour Finals 2021,Group A,WS,PUSARLA V. Sindhu,7,2326,Yvonne LI,24,1901
2021-12-02,BWF World Tour Finals 2021,Group A,WS,Pornpawee CHOCHUWONG,10,2276,Line CHRISTOPHERSEN,27,1892
2021-12-02,BWF World Tour Finals 2021,Group A,XD,CHAN Peng Soon / GOH Liu Ying,9,1893,Mathias THYRRI / Alexandra BOE,14,2014
2021-12-02,BWF World Tour Finals 2021,Group A,WD,Pearly TAN / THINAAH Muralitharan,17,1804,Jongkolphan KITITHARAKUL / Rawinda PRAJONGJAI,9,1934
2021-12-02,BWF World Tour Finals 2021,Group B,MS,Kunlavut VITIDSARN,23,2118,KIDAMBI Srikanth,14,2186
2021-12-02,BWF World Tour Finals 2021,Group A,WD,KIM So Yeong / KONG Hee Yong,4,2105,Greysia POLII / Apriyani RAHAYU,6,2206
2021-12-02,BWF World Tour Finals 2021,Group B,WD,Gabriela STOEVA / Stefani STOEVA,11,1949,Ashwini PONNAPPA / REDDY Sikki Gupta,24,1692
2021-12-02,BWF World Tour Finals 2021,Group B,WS,Akane YAMAGUCHI,3,2467,AN Se Young,6,2485
2021-12-02,BWF World Tour Finals 2021,Group B,MS,LEE Zii Jia,8,2300,Toma Junior POPOV,33,1925
2021-12-02,BWF World Tour Finals 2021,Group B,WS,Busanan ONGBAMRUNGPHAN,12,2140,YEO Jia Min,17,2032
2021-12-02,BWF World Tour Finals 2021,Group B,WD,Nami MATSUYAMA / Chiharu SHIDA,7,2221,Chloe COBB / Lauren SMITH,13,1765
2021-12-03,BWF World Tour Finals 2021,Group B,MD,Pramudya KUSUMAWARDANA / Yeremia Erich Yoche Yacob RAMBITAN,27,1957,Christo POPOV / Toma Junior POPOV,31,1658
2021-12-03,BWF World Tour Finals 2021,Group A,MD,Marcus Fernaldi GIDEON / Kevin Sanjaya SUKAMULJO,1,2341,Kim ASTRUP / Anders Skaarup RASMUSSEN,10,2040
2021-12-03,BWF World Tour Finals 2021,Group A,MD,LEE Yang / WANG Chang,3,2233,Satwiksairaj RANKIREDDY / Chirag SHETTY,9,2048
2021-12-03,BWF World Tour Finals 2021,Group A,MS,Lakshya SEN,21,2135,Rasmus GEMKE,10,2151
2021-12-03,BWF World Tour Finals 2021,Group B,MD,Takuro HOKI / Yugo KOBAYASHI,6,2249,ONG Yew Sin / TEO Ee Yi,12,2091
2021-12-03,BWF World Tour Finals 2021,Group B,XD,Dechapol PUAVARANUKROH / Sapsiree TAERATTANACHAI,2,2366,Marcus ELLIS / Lauren SMITH,8,1880
2021-12-03,BWF World Tour Finals 2021,Group A,XD,Yuta WATANABE / Arisa IGAKI,4,2363,CHAN Peng Soon / GOH Liu Ying,9,1931
2021-12-03,BWF World Tour Finals 2021,Group B,XD,TANG Chun Man / TSE Ying Suet,7,2100,Praveen JORDAN / Melati Daeva OKTAVIANTI,5,2053
2021-12-03,BWF World Tour Finals 2021,Group A,XD,Mathias THYRRI / Alexandra BOE,14,1979,TAN Kian Meng / LAI Pei Jing,11,1924
2021-12-03,BWF World Tour Finals 2021,Group A,WS,Pornpawee CHOCHUWONG,10,2281,PUSARLA V. Sindhu,7,2330
2021-12-03,BWF World Tour Finals 2021,Group A,WS,Line CHRISTOPHERSEN,27,1887,Yvonne LI,24,1896
2021-12-03,BWF World Tour Finals 2021,Group A,MS,Viktor AXELSEN,1,2608,Kento MOMOTA,2,2468
2021-12-03,BWF World Tour Finals 2021,Group B,WS,AN Se Young,6,2459,YEO Jia Min,17,2024
2021-12-03,BWF World Tour Finals 2021,Group A,WD,KIM So Yeong / KONG Hee Yong,4,2138,Jongkolphan KITITHARAKUL / Rawinda PRAJONGJAI,9,1897
2021-12-03,BWF World Tour Finals 2021,Group B,WD,Ashwini PONNAPPA / REDDY Sikki Gupta,24,1676,Chloe COBB / Lauren SMITH,13,1760
2021-12-03,BWF World Tour Finals 2021,Group A,WD,Greysia POLII / Apriyani RAHAYU,6,2173,Pearly TAN / THINAAH Muralitharan,17,1848
2021-12-03,BWF World Tour Finals 2021,Group B,MS,Kunlavut VITIDSARN,23,2149,Toma Junior POPOV,33,1919
2021-12-03,BWF World Tour Finals 2021,Group B,WS,Akane YAMAGUCHI,3,2493,Busanan ONGBAMRUNGPHAN,12,2147
2021-12-03,BWF World Tour Finals 2021,Group B,MS,LEE Zii Jia,8,2306,KIDAMBI Srikanth,14,2156
2021-12-03,BWF World Tour Finals 2021,Group B,WD,Nami MATSUYAMA / Chiharu SHIDA,7,2225,Gabriela STOEVA / Stefani STOEVA,11,1959
2021-12-04,BWF World Tour Finals 2021,Semi final,MS,Viktor AXELSEN,1,2608,Lakshya SEN,21,2135
2021-12-04,BWF World Tour Finals 2021,Semi final,MD,Marcus Fernaldi GIDEON / Kevin Sanjaya SUKAMULJO,1,2348,LEE Yang / WANG Chang,3,2233
2021-12-04,BWF World Tour Finals 2021,Semi final,MS,Kunlavut VITIDSARN,23,2160,LEE Zii Jia,8,2321
2021-12-04,BWF World Tour Finals 2021,Semi final,MD,Takuro HOKI / Yugo KOBAYASHI,6,2263,ONG Yew Sin / TEO Ee Yi,12,2077
2021-12-04,BWF World Tour Finals 2021,Semi final,WS,PUSARLA V. Sindhu,7,2301,Akane YAMAGUCHI,3,2499
2021-12-04,BWF World Tour Finals 2021,Semi final,XD,Dechapol PUAVARANUKROH / Sapsiree TAERATTANACHAI,2,2369,CHAN Peng Soon / GOH Liu Ying,9,1927
2021-12-04,BWF World Tour Finals 2021,Semi final,WS,AN Se Young,6,2459,Pornpawee CHOCHUWONG,10,2309
2021-12-04,BWF World Tour Finals 2021,Semi final,XD,Yuta WATANABE / Arisa IGAKI,4,2367,TANG Chun Man / TSE Ying Suet,7,2122
2021-12-04,BWF World Tour Finals 2021,Semi final,WD,Nami MATSUYAMA / Chiharu SHIDA,7,2234,Greysia POLII / Apriyani RAHAYU,6,2180
2021-12-04,BWF World Tour Finals 2021,Semi final,WD,KIM So Yeong / KONG Hee Yong,4,2148,Gabriela STOEVA / Stefani STOEVA,11,1949
2021-12-05,BWF World Tour Finals 2021,Final,MS,Viktor AXELSEN,1,2611,Kunlavut VITIDSARN,23,2199
2021-12-05,BWF World Tour Finals 2021,Final,MD,Takuro HOKI / Yugo KOBAYASHI,6,2277,Marcus Fernaldi GIDEON / Kevin Sanjaya SUKAMULJO,1,2366
2021-12-05,BWF World Tour Finals 2021,Final,WS,AN Se Young,6,2475,PUSARLA V. Sindhu,7,2342
2021-12-05,BWF World Tour Finals 2021,Final,XD,Dechapol PUAVARANUKROH / Sapsiree TAERATTANACHAI,2,2373,Yuta WATANABE / Arisa IGAKI,4,2378
2021-12-05,BWF World Tour Finals 2021,Final,WD,KIM So Yeong / KONG Hee Yong,4,2148,Nami MATSUYAMA / Chiharu SHIDA,7,2257
2021-12-12,BWF World Championships 2021,Round 1,WS,Lalinrat CHAIWAN,19,2118,Aliye DEMIRBAG,60,1835
2021-12-12,BWF World Championships 2021,Round 1,MS,Mark CALJOUW,28,2040,SAI PRANEETH B.,16,2020
2021-12-12,BWF World Championships 2021,Round 1,WS,Marie BATOMENE,58,1645,Natalia PERMINOVA,69,1517
2021-12-12,BWF World Championships 2021,Round 1,MS,KIDAMBI Srikanth,14,2141,Pablo ABIAN,53,1921
2021-12-12,BWF World Championships 2021,Round 1,MD,Christoph WEGNER / Matthew NOTTINGHAM,59,1720,Jaromir JANSA / Tomáš ŠVEJDA,96,1571
2021-12-12,BWF World Championships 2021,Round 1,MD,Ruben JILLE / Ties VAN DER LECQ,48,1640,Koceila MAMMERI / Youcef SABRI,63,1920
2021-12-12,BWF World Championships 2021,Round 1,MD,Joel EIPE / Rasmus KJÆR,55,1726,ATTRI Manu / REDDY Badri Narayana,39,1612
2021-12-12,BWF World Championships 2021,Round 1,MD,LEE Jhe-Huei / YANG Po Hsuan,31,1849,Fabricio AUGUSTO / Francielto JUNIOR,73,1734
2021-12-12,BWF World Championships 2021,Round 1,WD,Clara AZURMENDI / Beatriz CORRALES,63,1617,Siti Fadia Silva RAMADHANTI / Ribka SUGIARTO,27,1866
2021-12-12,BWF World Championships 2021,Round 1,MS,Brian YANG,41,1958,Bernardo ATILANO,135,1696
2021-12-12,BWF World Championships 2021,Round 1,WD,Alyssa TICSAY / Imke VAN DER AAA,46,1690,Pooja DANDU / SANJANA SANTOSH,55,1500
2021-12-12,BWF World Championships 2021,Round 1,WD,Christine BUSCH / Amalie SCHULZ,49,1596,Johanna GOLISZEWSKI / Clara NISTAD,48,1736
2021-12-12,BWF World Championships 2021,Round 1,MD,Fabien DELRUE / William VILLEGER,64,1514,Joshua MAYO / Paul REYNAUD,65,1470
2021-12-12,BWF World Championships 2021,Round 1,WD,NG Wing Yung / YEUNG Nga Ting,62,1614,Kati-Kreete TÜÜR / Helina RÜÜTEL,47,1528
2021-12-12,BWF World Championships 2021,Round 1,MS,ZHAO Jun Peng,42,1907,WANG Tzu Wei,12,2091
2021-12-12,BWF World Championships 2021,Round 1,MS,Kalle KOLJONEN,69,1886,Lino MUNOZ,72,1793
2021-12-12,BWF World Championships 2021,Round 1,WS,Lianne TAN,36,1777,Hsuan-Yu Wendy CHEN,75,1814
2021-12-12,BWF World Championships 2021,Round 1,MD,HUANG Dong Ping / LIU Cheng,25,1859,CHANG Tak Ching / YEUNG Man Hei,81,1607
2021-12-12,BWF World Championships 2021,Round 1,WD,Bengisu ERCETIN / Nazlican INCEKARA,45,1734,Adriana FIERRO / Sonia GONZALEZ,118,1500
2021-12-12,BWF World Championships 2021,Round 1,XD,Evgenij DIMOV / Evgenia DIMOVA,54,1533,Jona VANDENBULCKE / Lise JAQUENOD,84,1554
2021-12-12,BWF World Championships 2021,Round 1,WS,HAN Yue,30,1910,NGUYEN Thuy Linh,50,1772
2021-12-12,BWF World Championships 2021,Round 1,MS,Kevin CORDON,43,2054,Joran KWEEKEL,89,1805
2021-12-12,BWF World Championships 2021,Round 1,WS,Neslihan ARIN,28,1978,KISONA Selvaduray,59,1830
2021-12-12,BWF World Championships 2021,Round 1,MS,Koki WATANABE,40,1950,Anuoluwapo Juwon OPEYORI,127,1877
2021-12-12,BWF World Championships 2021,Round 1,MS,Kenta NISHIMOTO,17,2122,CHEAM June Wei,73,2016
2021-12-12,BWF World Championships 2021,Round 1,XD,Kyohei YAMASHITA / Naru SHINOYA,53,1696,Mathew FOGARTY / Isabel ZHUK,93,1500
2021-12-12,BWF World Championships 2021,Round 1,XD,Callum HEMMING / Jessica PUGH,48,1731,Simon WINZELER / Gronya SOMERVILLE,61,1682
2021-12-12,BWF World Championships 2021,Round 1,WS,Julie Dawall JAKOBSEN,40,1794,Ksenia POLIKARPOVA,66,1677
2021-12-12,BWF World Championships 2021,Round 1,XD,Oliver LEIRUD / Anona PAK,59,1579,Christoph WEGNER / Eleanor O'DONNELL,85,1604
2021-12-12,BWF World Championships 2021,Round 1,WD,Anastasija VOEVODINA / Olga MOROZOVA,43,1721,Linda EFLER / Isabel LOHAU,30,1666
2021-12-12,BWF World Championships 2021,Round 1,WD,Ekaterina BOLOTOVA / Alina DAVLETOVA,35,1732,Aminath NABEEHA / Fathimath NABAAHA,98,1514
2021-12-12,BWF World Championships 2021,Round 1,WD,Jacqueline FUNAOKA / Samia LIMA,59,1691,MANEESHA MAKKAR / Rutaparna PRAJONGJAI,68,1602
2021-12-12,BWF World Championships 2021,Round 1,WD,Ashwini PONNAPPA / REDDY Sikki Gupta,21,1730,Delphine DELRUE / Lea PALERMO,39,1652
2021-12-12,BWF World Championships 2021,Round 1,MS,CHOU Tien Chen,4,2246,Sitthikom THAMMASIN,30,1959
2021-12-12,BWF World Championships 2021,Round 1,XD,Mikkel MIKKELSEN / Rikke SØBY,40,1797,Philip BIRCH / Katharina FINK,92,1510
2021-12-12,BWF World Championships 2021,Round 1,XD,CHANG Tak Ching / NG Wing Yung,28,1737,Alberto ZAPATA / Lorena USEL,172,1579
2021-12-12,BWF World Championships 2021,Round 1,WS,Kirsty GILMOUR,21,2004,Aya OHORI,24,2064
2021-12-12,BWF World Championships 2021,Round 1,MS,LI Shi Feng,63,1958,Timothy LAM,94,1709
2021-12-12,BWF World Championships 2021,Round 1,WS,Evgeniya KOSETSKAYA,27,1972,Clara AZURMENDI,45,1775
2021-12-12,BWF World Championships 2021,Round 1,WS,Martina REPISKA,72,1631,Ruselli HARTAWAN,44,1863
2021-12-12,BWF World Championships 2021,Round 1,WS,Line CHRISTOPHERSEN,22,1916,Gregoria Mariska TUNJUNG,26,2058
2021-12-12,BWF World Championships 2021,Round 1,MD,Keiichiro MATSUI / Yoshinori TAKEUTI,43,1739,Giovanni TOTI / Kevin STROBL,136,1552
2021-12-12,BWF World Championships 2021,Round 1,MD,Alexander DUNN / Adam HALL,36,1758,Leo Rolly CARNANDO / Daniel MARTHIN,28,1891
2021-12-12,BWF World Championships 2021,Round 1,MD,Bjarne GEHNERT / Jan Colin STICHLING,68,1638,Anibal MOLINA / Jonathan MCDERMOTT,94,1576
2021-12-12,BWF World Championships 2021,Round 1,MD,Joan MORERA / Carlos PIOTTO,135,1499,Christo POPOV / Toma Junior POPOV,30,1644
2021-12-12,BWF World Championships 2021,Round 1,XD,OU Xuan Yi / FENG Xu Wei,46,1657,Niclas NOHR / Amalie MAGELUND,27,1863
2021-12-12,BWF World Championships 2021,Round 1,MS,LU Guang Zu,27,2075,Kunlavut VITIDSARN,18,2194
2021-12-12,BWF World Championships 2021,Round 1,MS,Nhat NGUYEN,51,1915,Jonatan CHRISTIE,8,2242
2021-12-12,BWF World Championships 2021,Round 1,XD,GUO Xin Wa / ZHANG Shu Xian,41,1697,Jonathan MCDERMOTT / Diana CORTES,70,1748
2021-12-12,BWF World Championships 2021,Round 1,MS,Thomas ROUXEL,38,1868,Anthony Sinisuka GINTING,5,2255
2021-12-12,BWF World Championships 2021,Round 1,MS,Kai SCHAEFER,76,1661,HEO Kwang Hee,29,2138
2021-12-12,BWF World Championships 2021,Round 1,XD,Saurabh VERMA / Anoushka PARIKH,104,1569,Rehan Naufal KUSHARJANTO / Lisa Ayu KUSUMAWATI,52,1567
2021-12-12,BWF World Championships 2021,Round 1,XD,YEUNG Wing Lee / NG Tsz Yau,80,1685,M.R. ARJUN / MANEESHA MAKKAR,60,1601
2021-12-12,BWF World Championships 2021,Round 1,MS,Michal ROGALSKI,125,1720,Kento MOMOTA,2,2467
2021-12-12,BWF World Championships 2021,Round 1,MS,Toby PENTY,52,1893,Toma Junior POPOV,31,1908
2021-12-12,BWF World Championships 2021,Round 1,MS,Luka WRABER,93,1606,Shesar Hiren RHUSTAVITO,23,2122
2021-12-12,BWF World Championships 2021,Round 1,MS,Niluka KARUNARATNE,124,1723,Tommy SUGIARTO,25,1984
2021-12-12,BWF World Championships 2021,Round 1,MS,Lakshya SEN,19,2132,Max WEISSKIRCHEN,59,1878
2021-12-13,BWF World Championships 2021,Round 1,WS,Line Højmark KJAERSFELDT,31,1894,QI Xuefei,42,1877
2021-12-13,BWF World Championships 2021,Round 1,MD,M.R. ARJUN / DHRUV KAPILA,41,1667,Daniel LUNDGAARD / Mathias THYRRI,45,1693
2021-12-13,BWF World Championships 2021,Round 1,WD,Alexandra BOE / Mette POULSEN,31,1655,TEOH Mei Xing / YAP Ling,77,1634
2021-12-13,BWF World Championships 2021,Round 1,WS,ZHANG Yi Man,46,1767,CHEUNG Ngan Yi,35,1899
2021-12-13,BWF World Championships 2021,Round 1,WS,Iris WANG,34,1846,Soraya DE VISCH EIJBERGEN,74,1679
2021-12-13,BWF World Championships 2021,Round 1,MS,Anders ANTONSEN,3,2371,Vladimir MALKOV,85,1899
2021-12-13,BWF World Championships 2021,Round 1,MS,PRANNOY H. S.,32,2007,NG Ka Long Angus,9,2148
2021-12-13,BWF World Championships 2021,Round 1,WD,NG Tsz Yau / YUEN Sin Yan,57,1574,Julie MACPHERSON / Ciara TORRANCE,41,1666
2021-12-13,BWF World Championships 2021,Round 1,MD,Callum HEMMING / Steven STALLWOOD,49,1754,Godwin OLOFUA / Anuoluwapo Juwon OPEYORI,53,1677
2021-12-13,BWF World Championships 2021,Round 1,MS,LOH Kean Yew,22,2274,Viktor AXELSEN,1,2616
2021-12-13,BWF World Championships 2021,Round 1,WD,Benyapa AIMSAARD / Nuntakarn AIMSAARD,44,1615,Serena ANITA / Katharina FINK,97,1489
2021-12-13,BWF World Championships 2021,Round 1,XD,HOO Pang Ron / CHEAH Yee See,23,1865,Ties VAN DER LECQ / Debora JILLE,74,1574
2021-12-13,BWF World Championships 2021,Round 1,MS,Kantaphon WANGCHAROEN,20,1967,Felix BURESTEDT,58,1831
2021-12-13,BWF World Championships 2021,Round 1,MS,Hans-Kristian Solberg VITTINGHUS,21,2120,NGUYEN Tien Minh,64,1804
2021-12-13,BWF World Championships 2021,Round 1,MD,Akira KOGA / Taichi SAITO,20,1964,DI Zi Jian / WANG Chang,40,1753
2021-12-13,BWF World Championships 2021,Round 1,MD,Torjus FLAATTEN / Vegard RIKHEIM,103,1533,Philip BIRCH / Dominik STIPSITS,84,1504
2021-12-13,BWF World Championships 2021,Round 1,WD,Chisato HOSHI / Aoi MATSUSHIMA,37,1862,Anastasiya PROKOPENKO / Valeriya RAKITINA,126,1519
2021-12-13,BWF World Championships 2021,Round 1,MS,LEE Zii Jia,7,2282,Jason Anthony HO-SHUE,45,1861
2021-12-13,BWF World Championships 2021,Round 1,MD,Hiroki OKAMURA / Masayuki MORIZONO,56,1658,Glib BEKEY / Mykhaylo MEDVEDEV,120,1500
2021-12-13,BWF World Championships 2021,Round 1,WD,Rin IWANAGA / Kie NAKANISHI,34,1806,Viktoriia ZHUK / Mariia SUBBOTINA,89,1643
2021-12-13,BWF World Championships 2021,Round 1,WS,Yvonne LI,23,1867,VU Thi Trang,57,1748
2021-12-13,BWF World Championships 2021,Round 1,MS,Luís Enrique PEÑALVER,66,1732,Luis Armando MONTOYA,105,1704
2021-12-13,BWF World Championships 2021,Round 1,WS,PAI Yu Po,38,1849,THET Htar Thuzar,77,1661
2021-12-13,BWF World Championships 2021,Round 1,MS,Rasmus GEMKE,10,2149,Brice LEVERDEZ,37,1980
2021-12-13,BWF World Championships 2021,Round 1,MD,OU Xuan Yi / ZHANG Nan,27,1807,Arun GEORGE / Sanyam SHUKLA,92,1654
2021-12-13,BWF World Championships 2021,Round 1,XD,Supak JOMKOH / Supissara PACHARAMONGKOL,26,1860,Fabricio AUGUSTO / Jacqueline FUNAOKA,58,1752
2021-12-13,BWF World Championships 2021,Round 1,XD,Patrick VIEIRA / Franziska STOLZ,79,1516,Utkarsh AGARWAL / Karishma WADKAR,102,1507
2021-12-13,BWF World Championships 2021,Round 1,XD,Adam HALL / Julie MACPHERSON,51,1699,LEE Jhe-Huei / HSU Ya Ching,24,1827
2021-12-13,BWF World Championships 2021,Round 1,WD,Aline MÜLLER / Jenjira STADELMANN,78,1644,Kate FFRENCH / Moya RYAN,83,1451
2021-12-13,BWF World Championships 2021,Round 1,MS,Kanta TSUNEYAMA,11,2204,Sergey SIRANT,74,1801
2021-12-13,BWF World Championships 2021,Round 1,MS,LEE Cheuk Yiu,15,2174,Howard SHU,112,1619
2021-12-13,BWF World Championships 2021,Round 1,WS,YIP Pui Yin,65,1636,Kristin KUUBA,47,1767
2021-12-13,BWF World Championships 2021,Round 1,XD,Mathias THYRRI / Mai SURROW,56,1693,Venkat Gaurav PRASAD / Juhi DEWANGAN,63,1469
2021-12-13,BWF World Championships 2021,Round 1,MS,Ygor COELHO,50,1821,Maxime MOREELS,100,1583
2021-12-13,BWF World Championships 2021,Round 1,MS,Ade Resky DWICAHYO,75,1762,Emre LALE,113,1723
2021-12-13,BWF World Championships 2021,Round 1,XD,Dejan FERDINANSYAH / Serena KOTHLOW,97,1683,Paul REYNAUD / Rachael DARRAGH,94,1516
2021-12-13,BWF World Championships 2021,Round 1,MS,LIEW Daren,36,1988,Misha ZILBERMAN,47,1838
2021-12-14,BWF World Championships 2021,Round 2,XD,CHANG Tak Ching / NG Wing Yung,28,1759,ZHENG Si Wei / HUANG Dong Ping,2,2249
2021-12-14,BWF World Championships 2021,Round 2,XD,Kyohei YAMASHITA / Naru SHINOYA,53,1696,Marcus ELLIS / Lauren SMITH,9,1876
2021-12-14,BWF World Championships 2021,Round 2,XD,Rodion ALIMOV / Alina DAVLETOVA,22,2000,OU Xuan Yi / FENG Xu Wei,46,1730
2021-12-14,BWF World Championships 2021,Round 2,MS,ZHAO Jun Peng,42,1951,Koki WATANABE,40,1972
2021-12-14,BWF World Championships 2021,Round 2,WS,Kirsty GILMOUR,21,2037,YEO Jia Min,16,2024
2021-12-14,BWF World Championships 2021,Round 2,XD,Yuki KANEKO / Misaki MATSUTOMO,18,1874,Callum HEMMING / Jessica PUGH,48,1764
2021-12-14,BWF World Championships 2021,Round 2,XD,Robin TABELING / Selena PIEK,20,1888,Oliver LEIRUD / Anona PAK,59,1645
2021-12-14,BWF World Championships 2021,Round 2,MD,GOH Sze Fei / Nur IZZUDDIN,18,1962,Alexander DUNN / Adam HALL,36,1758
2021-12-14,BWF World Championships 2021,Round 2,MS,Nhat NGUYEN,51,1915,Toby PENTY,52,1893
2021-12-14,BWF World Championships 2021,Round 2,XD,Thom GICQUEL / Delphine DELRUE,12,1933,Mikkel MIKKELSEN / Rikke SØBY,40,1808
2021-12-14,BWF World Championships 2021,Round 2,WD,Rachel HU / Kristen TSAI,23,1826,Alyssa TICSAY / Imke VAN DER AAA,46,1694
2021-12-14,BWF World Championships 2021,Round 2,MD,Takuro HOKI / Yugo KOBAYASHI,4,2311,HUANG Dong Ping / LIU Cheng,25,1871
2021-12-14,BWF World Championships 2021,Round 2,WD,Puttita SUPAJIRAKUL / Sapsiree TAERATTANACHAI,18,1968,Anastasija VOEVODINA / Olga MOROZOVA,43,1755
2021-12-14,BWF World Championships 2021,Round 2,MD,LEE Yang / WANG Chang,3,2215,Ruben JILLE / Ties VAN DER LECQ,48,1724
2021-12-14,BWF World Championships 2021,Round 2,WS,Mia BLICHFELDT,14,2100,Neslihan ARIN,28,1995
2021-12-14,BWF World Championships 2021,Round 2,WS,Pornpawee CHOCHUWONG,10,2293,Lianne TAN,36,1816
2021-12-14,BWF World Championships 2021,Round 2,WS,TAI Tzu Ying,1,2521,Evgeniya KOSETSKAYA,27,1986
2021-12-14,BWF World Championships 2021,Round 2,WD,Mayu MATSUMOTO / Wakana NAGAHARA,5,2230,Christine BUSCH / Amalie SCHULZ,49,1676
2021-12-14,BWF World Championships 2021,Round 2,WS,Michelle LI,11,2092,Julie Dawall JAKOBSEN,40,1817
2021-12-14,BWF World Championships 2021,Round 2,MD,ONG Yew Sin / TEO Ee Yi,12,2063,Joel EIPE / Rasmus KJÆR,55,1753
2021-12-14,BWF World Championships 2021,Round 2,WS,HE Bing Jiao,9,2310,Marie BATOMENE,58,1677
2021-12-14,BWF World Championships 2021,Round 2,WD,Gabriela STOEVA / Stefani STOEVA,10,1948,Bengisu ERCETIN / Nazlican INCEKARA,45,1750
2021-12-14,BWF World Championships 2021,Round 2,MS,Mark CALJOUW,28,2066,Kalle KOLJONEN,69,1908
2021-12-14,BWF World Championships 2021,Round 2,WD,Nami MATSUYAMA / Chiharu SHIDA,7,2221,Clara AZURMENDI / Beatriz CORRALES,63,1617
2021-12-14,BWF World Championships 2021,Round 2,MD,Fabien DELRUE / William VILLEGER,64,1580,Ben LANE / Sean VENDY,17,1790
2021-12-14,BWF World Championships 2021,Round 2,MS,LU Guang Zu,27,2111,CHOU Tien Chen,4,2255
2021-12-14,BWF World Championships 2021,Round 2,MS,Brian YANG,41,1969,Thomas ROUXEL,38,1868
2021-12-14,BWF World Championships 2021,Round 2,WD,CHEN Qi Ming / JIA Yi Fan,3,2264,Ines Lucia CASTILLO SILVA / Paula LALAGUNA,88,1528
2021-12-14,BWF World Championships 2021,Round 2,XD,Yuta WATANABE / Arisa IGAKI,4,2350,Evgenij DIMOV / Evgenia DIMOVA,54,1609
2021-12-14,BWF World Championships 2021,Round 2,MS,KIDAMBI Srikanth,14,2152,LI Shi Feng,63,1969
2021-12-14,BWF World Championships 2021,Round 2,WS,PUSARLA V. Sindhu,7,2324,Martina REPISKA,72,1631
2021-12-14,BWF World Championships 2021,Round 2,WS,HAN Yue,30,1928,Carolina MARIN,6,2439
2021-12-14,BWF World Championships 2021,Round 2,WS,ZHANG Yi Man,46,1815,Nozomi OKUHARA,5,2446
2021-12-14,BWF World Championships 2021,Round 2,WD,Chloe COBB / Lauren SMITH,13,1717,Jacqueline FUNAOKA / Samia LIMA,59,1691
2021-12-14,BWF World Championships 2021,Round 2,MD,Satwiksairaj RANKIREDDY / Chirag SHETTY,9,2047,LEE Jhe-Huei / YANG Po Hsuan,31,1870
2021-12-14,BWF World Championships 2021,Round 2,MD,Torjus FLAATTEN / Vegard RIKHEIM,103,1598,Hendra SETIAWAN / Mohammad AHSAN,2,2102
2021-12-14,BWF World Championships 2021,Round 2,MD,Bjarne GEHNERT / Jan Colin STICHLING,68,1638,Fajar ALFIAN / Muhammad Shohibul FIKRI,8,2034
2021-12-14,BWF World Championships 2021,Round 2,MD,Keiichiro MATSUI / Yoshinori TAKEUTI,43,1758,Marcus Fernaldi GIDEON / Kevin Sanjaya SUKAMULJO,1,2332
2021-12-14,BWF World Championships 2021,Round 2,MD,Christoph WEGNER / Matthew NOTTINGHAM,59,1744,LU Ching Yao / YANG Po Hsuan,22,1910
2021-12-14,BWF World Championships 2021,Round 2,MS,Lakshya SEN,19,2132,Kenta NISHIMOTO,17,2140
2021-12-14,BWF World Championships 2021,Round 2,MS,Kevin CORDON,43,2065,Michal ROGALSKI,125,1720
2021-12-14,BWF World Championships 2021,Round 2,XD,TAN Kian Meng / LAI Pei Jing,11,1901,Saurabh VERMA / Anoushka PARIKH,104,1569
2021-12-14,BWF World Championships 2021,Round 2,WD,NG Wing Yung / YEUNG Nga Ting,62,1656,Amalie MAGELUND / Freja RAVN,24,1814
2021-12-14,BWF World Championships 2021,Round 2,XD,YEUNG Wing Lee / NG Tsz Yau,80,1685,CHAN Peng Soon / GOH Liu Ying,8,1923
2021-12-14,BWF World Championships 2021,Round 2,XD,HOO Pang Ron / CHEAH Yee See,23,1874,Praveen JORDAN / Melati Daeva OKTAVIANTI,5,2030
2021-12-14,BWF World Championships 2021,Round 2,XD,Mathias THYRRI / Mai SURROW,56,1711,Rinov RIVALDY / Pitha Haningtyas MENTARI,21,1913
2021-12-14,BWF World Championships 2021,Round 2,WD,Rin IWANAGA / Kie NAKANISHI,34,1825,Greysia POLII / Apriyani RAHAYU,6,2157
2021-12-15,BWF World Championships 2021,Round 2,XD,GOH Soon Huat / LAI Shevon Jemie,14,1919,Supak JOMKOH / Supissara PACHARAMONGKOL,26,1881
2021-12-15,BWF World Championships 2021,Round 2,XD,Mark LAMSFUSS / Isabel LOHAU,15,1918,Dejan FERDINANSYAH / Serena KOTHLOW,97,1708
2021-12-15,BWF World Championships 2021,Round 2,XD,TANG Chun Man / TSE Ying Suet,7,2112,Adam HALL / Julie MACPHERSON,51,1756
2021-12-15,BWF World Championships 2021,Round 2,WS,Ratchanok INTANON,8,2271,YIP Pui Yin,65,1705
2021-12-15,BWF World Championships 2021,Round 2,MS,Kantaphon WANGCHAROEN,20,1984,Kai SCHAEFER,76,1661
2021-12-15,BWF World Championships 2021,Round 2,MD,Aaron CHIA / SOH Wooi Yik,7,2105,OU Xuan Yi / ZHANG Nan,27,1827
2021-12-15,BWF World Championships 2021,Round 2,XD,Mathias THYRRI / Alexandra BOE,13,2001,GUO Xin Wa / ZHANG Shu Xian,41,1697
2021-12-15,BWF World Championships 2021,Round 2,MS,LEE Cheuk Yiu,15,2176,Ade Resky DWICAHYO,75,1794
2021-12-15,BWF World Championships 2021,Round 2,MS,Anders ANTONSEN,3,2374,Niluka KARUNARATNE,124,1723
2021-12-15,BWF World Championships 2021,Round 2,WS,KIM Ga Eun,20,2049,Lalinrat CHAIWAN,19,2127
2021-12-15,BWF World Championships 2021,Round 2,MS,LOH Kean Yew,22,2320,Luka WRABER,93,1606
2021-12-15,BWF World Championships 2021,Round 2,MS,LEE Zii Jia,7,2286,Ygor COELHO,50,1834
2021-12-15,BWF World Championships 2021,Round 2,MS,Hans-Kristian Solberg VITTINGHUS,21,2128,Kanta TSUNEYAMA,11,2208
2021-12-15,BWF World Championships 2021,Round 2,WS,Akane YAMAGUCHI,3,2459,Line Højmark KJAERSFELDT,31,1922
2021-12-15,BWF World Championships 2021,Round 2,XD,Dechapol PUAVARANUKROH / Sapsiree TAERATTANACHAI,1,2401,Patrick VIEIRA / Franziska STOLZ,79,1589
2021-12-15,BWF World Championships 2021,Round 2,MD,HE Ji Ting / TAN Qiang,24,1881,Callum HEMMING / Steven STALLWOOD,49,1783
2021-12-15,BWF World Championships 2021,Round 2,WS,Line CHRISTOPHERSEN,22,1916,Busanan ONGBAMRUNGPHAN,12,2141
2021-12-15,BWF World Championships 2021,Round 2,MS,Rasmus GEMKE,10,2164,Luís Enrique PEÑALVER,66,1768
2021-12-15,BWF World Championships 2021,Round 2,WS,AN Se Young,4,2492,Iris WANG,34,1864
2021-12-15,BWF World Championships 2021,Round 2,WD,LEE So Hee / SHIN Se Eum,4,2188,Chisato HOSHI / Aoi MATSUSHIMA,37,1869
2021-12-15,BWF World Championships 2021,Round 2,WD,Jongkolphan KITITHARAKUL / Rawinda PRAJONGJAI,9,1886,Ekaterina BOLOTOVA / Alina DAVLETOVA,35,1732
2021-12-15,BWF World Championships 2021,Round 2,WD,NG Tsz Yau / YUEN Sin Yan,57,1652,Pearly TAN / THINAAH Muralitharan,16,1840
2021-12-15,BWF World Championships 2021,Round 2,MD,Kim ASTRUP / Anders Skaarup RASMUSSEN,10,2032,Akira KOGA / Taichi SAITO,20,1977
2021-12-15,BWF World Championships 2021,Round 2,MD,Mark LAMSFUSS / Marvin SEIDEL,16,1974,Joan MORERA / Carlos PIOTTO,135,1499
2021-12-15,BWF World Championships 2021,Round 2,WS,Sayaka TAKAHASHI,13,2201,PAI Yu Po,38,1864
2021-12-15,BWF World Championships 2021,Round 2,MD,GOH V Shem / TAN Wee Kiong,14,1938,Hiroki OKAMURA / Masayuki MORIZONO,56,1685
2021-12-15,BWF World Championships 2021,Round 2,WD,KIM So Yeong / KONG Hee Yong,2,2184,Aline MÜLLER / Jenjira STADELMANN,78,1668
2021-12-15,BWF World Championships 2021,Round 2,WD,LI Wen Mei / ZHENG Si Wei,15,2000,Benyapa AIMSAARD / Nuntakarn AIMSAARD,44,1651
2021-12-15,BWF World Championships 2021,Round 2,WD,Ashwini PONNAPPA / REDDY Sikki Gupta,21,1730,LIU Xuan Xuan / XIA Yu Ting,20,1876
2021-12-15,BWF World Championships 2021,Round 2,MD,Vladimir IVANOV / Ivan SOZONOV,15,1875,M.R. ARJUN / DHRUV KAPILA,41,1717
2021-12-15,BWF World Championships 2021,Round 2,WD,Maiken FRUERGAARD / Sara THYGESEN,17,1891,Alexandra BOE / Mette POULSEN,31,1700
2021-12-15,BWF World Championships 2021,Round 2,MS,PRANNOY H. S.,32,2045,LIEW Daren,36,2004
2021-12-15,BWF World Championships 2021,Round 2,WS,WANG Zhi Yi,17,2056,Yvonne LI,23,1887
2021-12-16,BWF World Championships 2021,Round 3,MD,Kim ASTRUP / Anders Skaarup RASMUSSEN,10,2055,Vladimir IVANOV / Ivan SOZONOV,15,1893
2021-12-16,BWF World Championships 2021,Round 3,MD,Mark LAMSFUSS / Marvin SEIDEL,16,1977,Torjus FLAATTEN / Vegard RIKHEIM,103,1598
2021-12-16,BWF World Championships 2021,Round 3,XD,GOH Soon Huat / LAI Shevon Jemie,14,1945,YEUNG Wing Lee / NG Tsz Yau,80,1685
2021-12-16,BWF World Championships 2021,Round 3,MS,ZHAO Jun Peng,42,1981,Nhat NGUYEN,51,1942
2021-12-16,BWF World Championships 2021,Round 3,MS,Lakshya SEN,19,2159,Kevin CORDON,43,2071
2021-12-16,BWF World Championships 2021,Round 3,MS,PRANNOY H. S.,32,2069,Rasmus GEMKE,10,2169
2021-12-16,BWF World Championships 2021,Round 3,WS,Akane YAMAGUCHI,3,2461,Sayaka TAKAHASHI,13,2208
2021-12-16,BWF World Championships 2021,Round 3,WS,AN Se Young,4,2494,WANG Zhi Yi,17,2071
2021-12-16,BWF World Championships 2021,Round 3,MS,LEE Zii Jia,7,2290,Hans-Kristian Solberg VITTINGHUS,21,2161
2021-12-16,BWF World Championships 2021,Round 3,MS,Anders ANTONSEN,3,2376,LEE Cheuk Yiu,15,2182
2021-12-16,BWF World Championships 2021,Round 3,XD,Kyohei YAMASHITA / Naru SHINOYA,53,1759,Robin TABELING / Selena PIEK,20,1900
2021-12-16,BWF World Championships 2021,Round 3,XD,Dechapol PUAVARANUKROH / Sapsiree TAERATTANACHAI,1,2401,Mathias THYRRI / Mai SURROW,56,1711
2021-12-16,BWF World Championships 2021,Round 3,WD,KIM So Yeong / KONG Hee Yong,2,2187,Maiken FRUERGAARD / Sara THYGESEN,17,1906
2021-12-16,BWF World Championships 2021,Round 3,MD,GOH V Shem / TAN Wee Kiong,14,1949,Bjarne GEHNERT / Jan Colin STICHLING,68,1638
2021-12-16,BWF World Championships 2021,Round 3,MS,LOH Kean Yew,22,2321,Kantaphon WANGCHAROEN,20,1992
2021-12-16,BWF World Championships 2021,Round 3,MD,HE Ji Ting / TAN Qiang,24,1903,Aaron CHIA / SOH Wooi Yik,7,2114
2021-12-16,BWF World Championships 2021,Round 3,WS,HE Bing Jiao,9,2311,Mia BLICHFELDT,14,2119
2021-12-16,BWF World Championships 2021,Round 3,MS,Mark CALJOUW,28,2081,Brian YANG,41,1989
2021-12-16,BWF World Championships 2021,Round 3,XD,Mark LAMSFUSS / Isabel LOHAU,15,1931,HOO Pang Ron / CHEAH Yee See,23,1874
2021-12-16,BWF World Championships 2021,Round 3,XD,TANG Chun Man / TSE Ying Suet,7,2118,Mathias THYRRI / Alexandra BOE,13,2010
2021-12-16,BWF World Championships 2021,Round 3,WD,Rin IWANAGA / Kie NAKANISHI,34,1825,LI Wen Mei / ZHENG Si Wei,15,2007
2021-12-16,BWF World Championships 2021,Round 3,WD,LEE So Hee / SHIN Se Eum,4,2196,NG Tsz Yau / YUEN Sin Yan,57,1725
2021-12-16,BWF World Championships 2021,Round 3,MD,Keiichiro MATSUI / Yoshinori TAKEUTI,43,1758,Fabien DELRUE / William VILLEGER,64,1674
2021-12-16,BWF World Championships 2021,Round 3,XD,Yuta WATANABE / Arisa IGAKI,4,2351,TAN Kian Meng / LAI Pei Jing,11,1908
2021-12-16,BWF World Championships 2021,Round 3,MD,LEE Yang / WANG Chang,3,2218,GOH Sze Fei / Nur IZZUDDIN,18,1976
2021-12-16,BWF World Championships 2021,Round 3,MS,KIDAMBI Srikanth,14,2166,LU Guang Zu,27,2148
2021-12-16,BWF World Championships 2021,Round 3,MD,Takuro HOKI / Yugo KOBAYASHI,4,2315,Christoph WEGNER / Matthew NOTTINGHAM,59,1744
2021-12-16,BWF World Championships 2021,Round 3,WD,CHEN Qi Ming / JIA Yi Fan,3,2265,Rachel HU / Kristen TSAI,23,1846
2021-12-16,BWF World Championships 2021,Round 3,MD,ONG Yew Sin / TEO Ee Yi,12,2070,Satwiksairaj RANKIREDDY / Chirag SHETTY,9,2062
2021-12-16,BWF World Championships 2021,Round 3,WS,Ratchanok INTANON,8,2273,Line CHRISTOPHERSEN,22,1925
2021-12-16,BWF World Championships 2021,Round 3,WS,HAN Yue,30,1928,Michelle LI,11,2102
2021-12-16,BWF World Championships 2021,Round 3,WD,Gabriela STOEVA / Stefani STOEVA,10,1962,Chloe COBB / Lauren SMITH,13,1755
2021-12-16,BWF World Championships 2021,Round 3,WD,Nami MATSUYAMA / Chiharu SHIDA,7,2222,Puttita SUPAJIRAKUL / Sapsiree TAERATTANACHAI,18,1981
2021-12-16,BWF World Championships 2021,Round 3,WS,ZHANG Yi Man,46,1815,KIM Ga Eun,20,2082
2021-12-16,BWF World Championships 2021,Round 3,WD,Jongkolphan KITITHARAKUL / Rawinda PRAJONGJAI,9,1903,Ashwini PONNAPPA / REDDY Sikki Gupta,21,1784
2021-12-16,BWF World Championships 2021,Round 3,XD,Yuki KANEKO / Misaki MATSUTOMO,18,1895,Thom GICQUEL / Delphine DELRUE,12,1952
2021-12-16,BWF World Championships 2021,Round 3,WD,Mayu MATSUMOTO / Wakana NAGAHARA,5,2232,NG Wing Yung / YEUNG Nga Ting,62,1724
2021-12-16,BWF World Championships 2021,Round 3,WS,PUSARLA V. Sindhu,7,2325,Pornpawee CHOCHUWONG,10,2297
2021-12-16,BWF World Championships 2021,Round 3,WS,TAI Tzu Ying,1,2524,Kirsty GILMOUR,21,2063
2021-12-17,BWF World Championships 2021,Quarter final,MD,Kim ASTRUP / Anders Skaarup RASMUSSEN,10,2071,Mark LAMSFUSS / Marvin SEIDEL,16,1983
2021-12-17,BWF World Championships 2021,Quarter final,MD,HE Ji Ting / TAN Qiang,24,1949,GOH V Shem / TAN Wee Kiong,14,1957
2021-12-17,BWF World Championships 2021,Quarter final,WD,LEE So Hee / SHIN Se Eum,4,2199,Jongkolphan KITITHARAKUL / Rawinda PRAJONGJAI,9,1923
2021-12-17,BWF World Championships 2021,Quarter final,WD,KIM So Yeong / KONG Hee Yong,2,2196,Rin IWANAGA / Kie NAKANISHI,34,1874
2021-12-17,BWF World Championships 2021,Quarter final,MS,LOH Kean Yew,22,2328,PRANNOY H. S.,32,2104
2021-12-17,BWF World Championships 2021,Quarter final,XD,Kyohei YAMASHITA / Naru SHINOYA,53,1810,Rodion ALIMOV / Alina DAVLETOVA,22,2025
2021-12-17,BWF World Championships 2021,Quarter final,MS,Anders ANTONSEN,3,2389,LEE Zii Jia,7,2307
2021-12-17,BWF World Championships 2021,Quarter final,XD,Yuta WATANABE / Arisa IGAKI,4,2355,Yuki KANEKO / Misaki MATSUTOMO,18,1930
2021-12-17,BWF World Championships 2021,Quarter final,WS,ZHANG Yi Man,46,1870,Ratchanok INTANON,8,2279
2021-12-17,BWF World Championships 2021,Quarter final,WS,Akane YAMAGUCHI,3,2471,AN Se Young,4,2498
2021-12-17,BWF World Championships 2021,Quarter final,XD,TANG Chun Man / TSE Ying Suet,7,2137,Mark LAMSFUSS / Isabel LOHAU,15,1956
2021-12-17,BWF World Championships 2021,Quarter final,MD,Takuro HOKI / Yugo KOBAYASHI,4,2317,Keiichiro MATSUI / Yoshinori TAKEUTI,43,1787
2021-12-17,BWF World Championships 2021,Quarter final,MD,ONG Yew Sin / TEO Ee Yi,12,2097,LEE Yang / WANG Chang,3,2229
2021-12-17,BWF World Championships 2021,Quarter final,WD,CHEN Qi Ming / JIA Yi Fan,3,2270,Nami MATSUYAMA / Chiharu SHIDA,7,2233
2021-12-17,BWF World Championships 2021,Quarter final,MS,Lakshya SEN,19,2180,ZHAO Jun Peng,42,2006
2021-12-17,BWF World Championships 2021,Quarter final,XD,Dechapol PUAVARANUKROH / Sapsiree TAERATTANACHAI,1,2402,GOH Soon Huat / LAI Shevon Jemie,14,1956
2021-12-17,BWF World Championships 2021,Quarter final,MS,KIDAMBI Srikanth,14,2192,Mark CALJOUW,28,2102
2021-12-17,BWF World Championships 2021,Quarter final,WS,HE Bing Jiao,9,2325,HAN Yue,30,1971
2021-12-17,BWF World Championships 2021,Quarter final,WD,Mayu MATSUMOTO / Wakana NAGAHARA,5,2234,Gabriela STOEVA / Stefani STOEVA,10,1975
2021-12-17,BWF World Championships 2021,Quarter final,WS,TAI Tzu Ying,1,2527,PUSARLA V. Sindhu,7,2350
2021-12-18,BWF World Championships 2021,Semi final,MS,LOH Kean Yew,22,2340,Anders ANTONSEN,3,2401
2021-12-18,BWF World Championships 2021,Semi final,MD,HE Ji Ting / TAN Qiang,24,1979,Kim ASTRUP / Anders Skaarup RASMUSSEN,10,2092
2021-12-18,BWF World Championships 2021,Semi final,MS,KIDAMBI Srikanth,14,2212,Lakshya SEN,19,2195
2021-12-18,BWF World Championships 2021,Semi final,MD,Takuro HOKI / Yugo KOBAYASHI,4,2320,ONG Yew Sin / TEO Ee Yi,12,2135
2021-12-18,BWF World Championships 2021,Semi final,WD,LEE So Hee / SHIN Se Eum,4,2208,KIM So Yeong / KONG Hee Yong,2,2203
2021-12-18,BWF World Championships 2021,Semi final,XD,Yuta WATANABE / Arisa IGAKI,4,2359,Kyohei YAMASHITA / Naru SHINOYA,53,1864
2021-12-18,BWF World Championships 2021,Semi final,WD,CHEN Qi Ming / JIA Yi Fan,3,2294,Mayu MATSUMOTO / Wakana NAGAHARA,5,2245
2021-12-18,BWF World Championships 2021,Semi final,XD,Dechapol PUAVARANUKROH / Sapsiree TAERATTANACHAI,1,2406,TANG Chun Man / TSE Ying Suet,7,2151
2021-12-18,BWF World Championships 2021,Semi final,WS,Akane YAMAGUCHI,3,2501,ZHANG Yi Man,46,1928
2021-12-18,BWF World Championships 2021,Semi final,WS,TAI Tzu Ying,1,2542,HE Bing Jiao,9,2331
2021-12-19,BWF World Championships 2021,Final,MS,LOH Kean Yew,22,2373,KIDAMBI Srikanth,14,2239
2021-12-19,BWF World Championships 2021,Final,MD,Takuro HOKI / Yugo KOBAYASHI,4,2334,HE Ji Ting / TAN Qiang,24,2018
2021-12-19,BWF World Championships 2021,Final,WD,CHEN Qi Ming / JIA Yi Fan,3,2318,LEE So Hee / SHIN Se Eum,4,2236
2021-12-19,BWF World Championships 2021,Final,WS,Akane YAMAGUCHI,3,2503,TAI Tzu Ying,1,2555
2021-12-19,BWF World Championships 2021,Final,XD,Dechapol PUAVARANUKROH / Sapsiree TAERATTANACHAI,1,2417,Yuta WATANABE / Arisa IGAKI,4,2362
2022-03-16,All England Open 2022,Round 1,XD,Mathias THYRRI / Amalie MAGELUND,,1681,GOH Soon Huat / LAI Shevon Jemie,13,1915
2022-03-16,All England Open 2022,Round 1,MS,HEO Kwang Hee,30,2113,LEE Cheuk Yiu,17,2114
2022-03-16,All England Open 2022,Round 1,MS,Brian YANG,33,2028,Sitthikom THAMMASIN,31,1948
2022-03-16,All England Open 2022,Round 1,MS,LEE Zii Jia,7,2319,Kenta NISHIMOTO,20,2144
2022-03-16,All England Open 2022,Round 1,WD,Debora JILLE / Cheryl SEINEN,62,1787,Clara AZURMENDI / Beatriz CORRALES,57,1611
2022-03-16,All England Open 2022,Round 1,MD,Aaron CHIA / SOH Wooi Yik,7,2056,Christoph WEGNER / Matthew NOTTINGHAM,54,1732
2022-03-16,All England Open 2022,Round 1,MS,Kento MOMOTA,2,2426,Hans-Kristian Solberg VITTINGHUS,22,2140
2022-03-16,All England Open 2022,Round 1,XD,Marcus ELLIS / Lauren SMITH,9,1890,Rinov RIVALDY / Pitha Haningtyas MENTARI,22,1915
2022-03-16,All England Open 2022,Round 1,WS,Sayaka TAKAHASHI,13,2199,Supanida KATETHONG,29,1961
2022-03-16,All England Open 2022,Round 1,XD,Thom GICQUEL / Delphine DELRUE,12,1919,Kyohei YAMASHITA / Naru SHINOYA,42,1834
2022-03-16,All England Open 2022,Round 1,XD,Jones Ralfy JANSEN / Linda EFLER,80,1751,Oliver LEIRUD / Anona PAK,57,1610
2022-03-16,All England Open 2022,Round 1,XD,Dechapol PUAVARANUKROH / Sapsiree TAERATTANACHAI,1,2447,CHEN Tang Jie / PECK Yen Wei,29,1831
2022-03-16,All England Open 2022,Round 1,XD,ZHENG Si Wei / HUANG Ya Qiong,2,2196,William VILLEGER / Anne TRAN,107,1675
2022-03-16,All England Open 2022,Round 1,XD,WANG Yi Lyu / HUANG Dong Ping,3,2246,Mikkel MIKKELSEN / Rikke SØBY,41,1799
2022-03-16,All England Open 2022,Round 1,XD,Yuta WATANABE / Arisa IGAKI,4,2297,Adham Hatem ELGAMAL / Doha HANY,50,1777
2022-03-16,All England Open 2022,Round 1,XD,Dejan FERDINANSYAH / Gloria Emanuelle WIDJAJA,,1726,Mathias THYRRI / Alexandra BOE,14,1955
2022-03-16,All England Open 2022,Round 1,XD,HOO Pang Ron / CHEAH Yee See,23,1822,Venkat Gaurav PRASAD / Juhi DEWANGAN,54,1624
2022-03-16,All England Open 2022,Round 1,XD,Praveen JORDAN / Melati Daeva OKTAVIANTI,5,2025,Ishaan BHATNAGAR / Tanisha CRASTO,75,1662
2022-03-16,All England Open 2022,Round 1,MS,Anders ANTONSEN,3,2365,LOH Kean Yew,9,2302
2022-03-16,All England Open 2022,Round 1,MS,LU Guang Zu,27,2112,ZHAO Jun Peng,35,2027
2022-03-16,All England Open 2022,Round 1,MS,NG Ka Long Angus,10,2057,Thomas ROUXEL,41,1837
2022-03-16,All England Open 2022,Round 1,XD,Supak JOMKOH / Supissara PACHARAMONGKOL,26,1853,Mark LAMSFUSS / Isabel LOHAU,15,1906
2022-03-16,All England Open 2022,Round 1,XD,TAN Kian Meng / LAI Pei Jing,10,1909,Adnan MAULANA / Mychelle Crhystine BANDASO,30,1821
2022-03-16,All England Open 2022,Round 1,XD,Yuki KANEKO / Misaki MATSUTOMO,17,1941,Robin TABELING / Selena PIEK,20,1861
2022-03-16,All England Open 2022,Round 1,MS,Anthony Sinisuka GINTING,5,2235,PARUPALLI Kashyap,36,1926
2022-03-16,All England Open 2022,Round 1,MS,KIDAMBI Srikanth,12,2238,Kantaphon WANGCHAROEN,21,1975
2022-03-16,All England Open 2022,Round 1,MS,Lakshya SEN,11,2294,Sourabh VERMA,38,1904
2022-03-16,All England Open 2022,Round 1,WS,Michelle LI,12,2077,AAKARSHI KASHYAP,53,1702
2022-03-16,All England Open 2022,Round 1,WS,Iris WANG,35,1860,QI Xuefei,43,1845
2022-03-16,All England Open 2022,Round 1,XD,ONG Yew Sin / GOH Liu Ying,,1639,Callum HEMMING / Jessica PUGH,49,1758
2022-03-16,All England Open 2022,Round 1,WS,PUSARLA V. Sindhu,7,2271,WANG Zhi Yi,17,2053
2022-03-16,All England Open 2022,Round 1,WS,Akane YAMAGUCHI,2,2501,Kristin KUUBA,48,1733
2022-03-16,All England Open 2022,Round 1,WS,AN Se Young,4,2444,Gregoria Mariska TUNJUNG,27,2085
2022-03-16,All England Open 2022,Round 1,MD,HE Ji Ting / TAN Qiang,19,2008,GOH Sze Fei / Nur IZZUDDIN,17,2059
2022-03-16,All England Open 2022,Round 1,MD,Ben LANE / Sean VENDY,18,1761,TAN Kian Meng / TAN Wee Kiong,105,1679
2022-03-16,All England Open 2022,Round 1,XD,Adam HALL / Julie MACPHERSON,46,1833,OU Xuan Yi / ZHANG Shu Xian,,1741
2022-03-16,All England Open 2022,Round 1,MD,Takuro HOKI / Yugo KOBAYASHI,4,2306,MAN Wei Chong / TEE Kai Wun,45,1827
2022-03-16,All England Open 2022,Round 1,WD,LIU Xuan Xuan / XIA Yu Ting,20,1837,Margot LAMBERT / Anne TRAN,79,1656
2022-03-16,All England Open 2022,Round 1,WD,LEE So Hee / SHIN Se..,2,2174,Gabriela STOEVA / Stefani STOEVA,9,2027
2022-03-16,All England Open 2022,Round 1,WS,Kirsty GILMOUR,19,2028,ZHANG Beiwen,15,2067
2022-03-16,All England Open 2022,Round 1,MS,Viktor AXELSEN,1,2536,SAI PRANEETH B.,19,1992
2022-03-16,All England Open 2022,Round 1,MD,Marcus Fernaldi GIDEON / Kevin Sanjaya SUKAMULJO,1,2324,Lucas CORVEE / Ronan LABAR,58,1653
2022-03-16,All England Open 2022,Round 1,WD,Pearly TAN / THINAAH Muralitharan,15,1750,Jaqueline.. / Samia LIMA,59,1626
2022-03-16,All England Open 2022,Round 1,WS,Saina NEHWAL,25,1924,Beatriz CORRALES,51,1698
2022-03-16,All England Open 2022,Round 1,MS,Mark CALJOUW,25,2071,Sameer VERMA,26,2064
2022-03-16,All England Open 2022,Round 1,WD,Rin IWANAGA / Kie NAKANISHI,25,1859,Ashwini PONNAPPA / REDDY Sikki Gupta,19,1770
2022-03-16,All England Open 2022,Round 1,MD,Akira KOGA / Taichi SAITO,22,1925,Christo POPOV / Toma Junior POPOV,30,1612
2022-03-16,All England Open 2022,Round 1,MD,Muhammad Shohibul FIKRI / Bagas MAULANA,28,1870,Pramudya KUSUMAWARDANA / Yeremia Erich Yoche Yacob RAMBITAN,21,1887
2022-03-16,All England Open 2022,Round 1,WD,JEONG Na Eun / KIM Hye Jeong,64,1891,CHEN Qi Ming / JIA Yi Fan,1,2353
2022-03-16,All England Open 2022,Round 1,WD,Rachel HU / Kristen TSAI,21,1840,Srivedya GURAZADA / Ishika JAISWAL,115,1638
2022-03-16,All England Open 2022,Round 1,WD,Supissara PACHARAMONGKOL / Puttita SUPAJIRAKUL,,1552,JAKKAM.. / Poorvisha ..,58,1510
2022-03-16,All England Open 2022,Round 1,WD,KIM So Yeong / KONG Hee Yong,3,2146,Vivian HO / LIM Chiew Sien,48,1730
2022-03-16,All England Open 2022,Round 1,MD,Kim ASTRUP / Anders Skaarup RASMUSSEN,10,2071,Ruben JILLE / Ties VAN DER LECQ,51,1743
2022-03-16,All England Open 2022,Round 1,MS,CHOU Tien Chen,4,2215,Shesar Hiren RHUSTAVITO,23,2098
2022-03-16,All England Open 2022,Round 1,WD,Nami MATSUYAMA / Chiharu SHIDA,7,2173,Linda EFLER / Isabel LOHAU,30,1608
2022-03-16,All England Open 2022,Round 1,WD,Johanna GOLISZEWSKI / Clara NISTAD,50,1690,Kati-Kreete TÜÜR / Helina RÜÜTEL,49,1464
2022-03-16,All England Open 2022,Round 1,MD,Mark LAMSFUSS / Marvin SEIDEL,16,1934,Krishna Prasad GARAGA / Vishnuvardhan Goud PANJALA,46,1772
2022-03-16,All England Open 2022,Round 1,MD,ONG Yew Sin / TEO Ee Yi,11,2079,Callum HEMMING / Steven STALLWOOD,50,1722
2022-03-16,All England Open 2022,Round 1,WD,Greysia POLII / Apriyani RAHAYU,6,2151,Maiken FRUERGAARD / Sara THYGESEN,16,1866
2022-03-16,All England Open 2022,Round 1,MD,Satwiksairaj RANKIREDDY / Chirag SHETTY,8,2094,Alexander DUNN / Adam HALL,36,1709
2022-03-16,All England Open 2022,Round 1,MD,Keiichiro MATSUI / Yoshinori TAKEUTI,35,1811,Fabien DELRUE / William VILLEGER,42,1715
2022-03-16,All England Open 2022,Round 1,WD,Chloe COBB / Jessica PUGH,,1615,Christine BUSCH / Amalie SCHULZ,47,1676
2022-03-16,All England Open 2022,Round 1,WD,Jongkolphan KITITHARAKUL / Rawinda PRAJONGJAI,8,1939,Julie MACPHERSON / Ciara TORRANCE,41,1641
2022-03-16,All England Open 2022,Round 1,MD,Leo Rolly CARNANDO / Daniel MARTHIN,29,1898,Fajar ALFIAN / Muhammad Shohibul FIKRI,9,2006
2022-03-16,All England Open 2022,Round 1,WD,Treesa JOLLY / GAYATRI GOPICHAND,46,1798,Benyapa AIMSAARD / Nuntakarn AIMSAARD,35,1831
2022-03-16,All England Open 2022,Round 1,MD,LIU Yu Chen / ZHOU Hao Dong,,1810,Supak JOMKOH / Kittinupong KEDREN,44,1834
2022-03-16,All England Open 2022,Round 1,MD,LIU Cheng / ZHANG Nan,85,1738,Jeppe BAY / Lasse MØLHEDE,71,1798
2022-03-16,All England Open 2022,Round 1,MD,Hendra SETIAWAN / Mohammad AHSAN,2,2103,M.R.ARJUN / DHRUV KAPILA,40,1735
2022-03-16,All England Open 2022,Round 1,MS,Jonatan CHRISTIE,8,2220,Brice LEVERDEZ,39,1955
2022-03-16,All England Open 2022,Round 1,MS,Kunlavut VITIDSARN,18,2274,PRANNOY H. S.,24,2105
2022-03-16,All England Open 2022,Round 1,WS,CHEN Yu Fei,3,2444,ZHANG Yi Man,34,2014
2022-03-16,All England Open 2022,Round 1,WS,Busanan ONGBAMRUNGPHAN,11,2147,LéOnice HUET,57,1678
2022-03-16,All England Open 2022,Round 1,WS,HE Bing Jiao,9,2416,Maria ULITINA,58,1708
2022-03-16,All England Open 2022,Round 1,WS,TAI Tzu Ying,1,2484,Lianne TAN,36,1799
2022-03-16,All England Open 2022,Round 1,WS,Julie Dawall JAKOBSEN,41,1783,Yvonne LI,23,1908
2022-03-16,All England Open 2022,Round 1,WS,Clara AZURMENDI,46,1740,Line Højmark KJAERSFELDT,32,1915
2022-03-16,All England Open 2022,Round 1,WS,Nozomi OKUHARA,5,2438,Line CHRISTOPHERSEN,22,1915
2022-03-16,All England Open 2022,Round 1,WS,HAN Yue,28,1969,Marie BATOMENE,60,1674
2022-03-16,All England Open 2022,Round 1,MS,LIEW Daren,37,1978,Toma Junior POPOV,32,1930
2022-03-16,All England Open 2022,Round 1,WD,ZHANG .. / ZHENG Yu,54,1841,Yuki FUKUSHIMA / Sayaka HIROTA,4,2170
2022-03-17,All England Open 2022,Round 2,MS,Jonatan CHRISTIE,8,2229,Kunlavut VITIDSARN,18,2288
2022-03-17,All England Open 2022,Round 2,XD,Dechapol PUAVARANUKROH / Sapsiree TAERATTANACHAI,1,2448,Mathias THYRRI / Amalie MAGELUND,,1750
2022-03-17,All England Open 2022,Round 2,XD,Yuki KANEKO / Misaki MATSUTOMO,17,1963,Marcus ELLIS / Lauren SMITH,9,1921
2022-03-17,All England Open 2022,Round 2,MS,Kento MOMOTA,2,2429,HEO Kwang Hee,30,2139
2022-03-17,All England Open 2022,Round 2,XD,TAN Kian Meng / LAI Pei Jing,10,1930,Supak JOMKOH / Supissara PACHARAMONGKOL,26,1888
2022-03-17,All England Open 2022,Round 2,MS,LEE Zii Jia,7,2333,Brian YANG,33,2049
2022-03-17,All England Open 2022,Round 2,MD,HE Ji Ting / TAN Qiang,19,2039,Aaron CHIA / SOH Wooi Yik,7,2063
2022-03-17,All England Open 2022,Round 2,XD,ZHENG Si Wei / HUANG Ya Qiong,2,2199,ONG Yew Sin / GOH Liu Ying,,1705
2022-03-17,All England Open 2022,Round 2,WD,ZHANG .. / ZHENG Yu,54,1895,Chloe COBB / Jessica PUGH,,1678
2022-03-17,All England Open 2022,Round 2,WD,Jongkolphan KITITHARAKUL / Rawinda PRAJONGJAI,8,1947,Debora JILLE / Cheryl SEINEN,62,1805
2022-03-17,All England Open 2022,Round 2,XD,WANG Yi Lyu / HUANG Dong Ping,3,2250,Adam HALL / Julie MACPHERSON,46,1856
2022-03-17,All England Open 2022,Round 2,XD,Thom GICQUEL / Delphine DELRUE,12,1940,Jones Ralfy JANSEN / Linda EFLER,80,1774
2022-03-17,All England Open 2022,Round 2,MD,Kim ASTRUP / Anders Skaarup RASMUSSEN,10,2078,Keiichiro MATSUI / Yoshinori TAKEUTI,35,1834
2022-03-17,All England Open 2022,Round 2,XD,Praveen JORDAN / Melati Daeva OKTAVIANTI,5,2031,HOO Pang Ron / CHEAH Yee See,23,1838
2022-03-17,All England Open 2022,Round 2,XD,Yuta WATANABE / Arisa IGAKI,4,2300,Dejan FERDINANSYAH / Gloria Emanuelle WIDJAJA,,1787
2022-03-17,All England Open 2022,Round 2,MS,CHOU Tien Chen,4,2232,LIEW Daren,37,2001
2022-03-17,All England Open 2022,Round 2,WD,LEE So Hee / SHIN Se..,2,2190,LIU Xuan Xuan / XIA Yu Ting,20,1853
2022-03-17,All England Open 2022,Round 2,MD,Takuro HOKI / Yugo KOBAYASHI,4,2309,Ben LANE / Sean VENDY,18,1788
2022-03-17,All England Open 2022,Round 2,MS,LU Guang Zu,27,2132,NG Ka Long Angus,10,2069
2022-03-17,All England Open 2022,Round 2,WD,Treesa JOLLY / GAYATRI GOPICHAND,46,1834,Greysia POLII / Apriyani RAHAYU,6,2159
2022-03-17,All England Open 2022,Round 2,WS,CHEN Yu Fei,3,2444,Julie Dawall JAKOBSEN,41,1829
2022-03-17,All England Open 2022,Round 2,MS,Anthony Sinisuka GINTING,5,2243,KIDAMBI Srikanth,12,2248
2022-03-17,All England Open 2022,Round 2,WS,Nozomi OKUHARA,5,2441,HAN Yue,28,1977
2022-03-17,All England Open 2022,Round 2,MD,Leo Rolly CARNANDO / Daniel MARTHIN,29,1935,LIU Yu Chen / ZHOU Hao Dong,,1844
2022-03-17,All England Open 2022,Round 2,MS,Viktor AXELSEN,1,2538,Mark CALJOUW,25,2097
2022-03-17,All England Open 2022,Round 2,MD,Satwiksairaj RANKIREDDY / Chirag SHETTY,8,2099,Mark LAMSFUSS / Marvin SEIDEL,16,1950
2022-03-17,All England Open 2022,Round 2,WD,KIM So Yeong / KONG Hee Yong,3,2150,Rachel HU / Kristen TSAI,21,1854
2022-03-17,All England Open 2022,Round 2,WS,Iris WANG,35,1889,Michelle LI,12,2083
2022-03-17,All England Open 2022,Round 2,WS,Sayaka TAKAHASHI,13,2209,PUSARLA V. Sindhu,7,2282
2022-03-17,All England Open 2022,Round 2,MS,Lakshya SEN,11,2299,Anders ANTONSEN,3,2386
2022-03-17,All England Open 2022,Round 2,MD,Hendra SETIAWAN / Mohammad AHSAN,2,2108,LIU Cheng / ZHANG Nan,85,1782
2022-03-17,All England Open 2022,Round 2,WD,Nami MATSUYAMA / Chiharu SHIDA,7,2175,Johanna GOLISZEWSKI / Clara NISTAD,50,1708
2022-03-17,All England Open 2022,Round 2,WS,Akane YAMAGUCHI,2,2502,Saina NEHWAL,25,1936
2022-03-17,All England Open 2022,Round 2,WD,JEONG Na Eun / KIM Hye Jeong,64,1946,Supissara PACHARAMONGKOL / Puttita SUPAJIRAKUL,,1610
2022-03-17,All England Open 2022,Round 2,WS,TAI Tzu Ying,1,2485,Busanan ONGBAMRUNGPHAN,11,2150
2022-03-17,All England Open 2022,Round 2,WS,HE Bing Jiao,9,2417,Clara AZURMENDI,46,1794
2022-03-17,All England Open 2022,Round 2,WS,AN Se Young,4,2450,Kirsty GILMOUR,19,2058
2022-03-17,All England Open 2022,Round 2,WD,Pearly TAN / THINAAH Muralitharan,15,1774,Rin IWANAGA / Kie NAKANISHI,25,1881
2022-03-17,All England Open 2022,Round 2,MD,Marcus Fernaldi GIDEON / Kevin Sanjaya SUKAMULJO,1,2325,Akira KOGA / Taichi SAITO,22,1933
2022-03-17,All England Open 2022,Round 2,MD,Muhammad Shohibul FIKRI / Bagas MAULANA,28,1901,ONG Yew Sin / TEO Ee Yi,11,2085
2022-03-18,All England Open 2022,Quarter final,MS,CHOU Tien Chen,4,2243,Jonatan CHRISTIE,8,2259
2022-03-18,All England Open 2022,Quarter final,WS,Akane YAMAGUCHI,2,2503,Sayaka TAKAHASHI,13,2241
2022-03-18,All England Open 2022,Quarter final,XD,WANG Yi Lyu / HUANG Dong Ping,3,2255,Praveen JORDAN / Melati Daeva OKTAVIANTI,5,2044
2022-03-18,All England Open 2022,Quarter final,XD,ZHENG Si Wei / HUANG Ya Qiong,2,2201,TAN Kian Meng / LAI Pei Jing,10,1955
2022-03-18,All England Open 2022,Quarter final,MS,Viktor AXELSEN,1,2542,Anthony Sinisuka GINTING,5,2269
2022-03-18,All England Open 2022,Quarter final,WS,CHEN Yu Fei,3,2446,HE Bing Jiao,9,2419
2022-03-18,All England Open 2022,Quarter final,XD,Dechapol PUAVARANUKROH / Sapsiree TAERATTANACHAI,1,2449,Thom GICQUEL / Delphine DELRUE,12,1956
2022-03-18,All England Open 2022,Quarter final,XD,Yuta WATANABE / Arisa IGAKI,4,2302,Yuki KANEKO / Misaki MATSUTOMO,17,1987
2022-03-18,All England Open 2022,Quarter final,MD,HE Ji Ting / TAN Qiang,19,2068,Leo Rolly CARNANDO / Daniel MARTHIN,29,1956
2022-03-18,All England Open 2022,Quarter final,MS,LEE Zii Jia,7,2341,Kento MOMOTA,2,2437
2022-03-18,All England Open 2022,Quarter final,MS,Lakshya SEN,11,2331,LU Guang Zu,27,2154
2022-03-18,All England Open 2022,Quarter final,MD,Hendra SETIAWAN / Mohammad AHSAN,2,2115,Kim ASTRUP / Anders Skaarup RASMUSSEN,10,2088
2022-03-18,All England Open 2022,Quarter final,MD,Muhammad Shohibul FIKRI / Bagas MAULANA,28,1944,Takuro HOKI / Yugo KOBAYASHI,4,2311
2022-03-18,All England Open 2022,Quarter final,WD,ZHANG .. / ZHENG Yu,54,1908,Jongkolphan KITITHARAKUL / Rawinda PRAJONGJAI,8,1964
2022-03-18,All England Open 2022,Quarter final,WD,Treesa JOLLY / GAYATRI GOPICHAND,46,1856,LEE So Hee / SHIN Se..,2,2191
2022-03-18,All England Open 2022,Quarter final,MD,Marcus Fernaldi GIDEON / Kevin Sanjaya SUKAMULJO,1,2330,Satwiksairaj RANKIREDDY / Chirag SHETTY,8,2114
2022-03-18,All England Open 2022,Quarter final,WS,AN Se Young,4,2455,Iris WANG,35,1933
2022-03-18,All England Open 2022,Quarter final,WD,Nami MATSUYAMA / Chiharu SHIDA,7,2178,KIM So Yeong / KONG Hee Yong,3,2158
2022-03-18,All England Open 2022,Quarter final,WD,JEONG Na Eun / KIM Hye Jeong,64,1953,Pearly TAN / THINAAH Muralitharan,15,1819
2022-03-18,All England Open 2022,Quarter final,WS,TAI Tzu Ying,1,2492,Nozomi OKUHARA,5,2444
2022-03-19,All England Open 2022,Semi final,MS,Viktor AXELSEN,1,2551,CHOU Tien Chen,4,2271
2022-03-19,All England Open 2022,Semi final,XD,WANG Yi Lyu / HUANG Dong Ping,3,2267,ZHENG Si Wei / HUANG Ya Qiong,2,2212
2022-03-19,All England Open 2022,Semi final,WD,ZHANG .. / ZHENG Yu,54,1942,Treesa JOLLY / GAYATRI GOPICHAND,46,1911
2022-03-19,All England Open 2022,Semi final,MD,Hendra SETIAWAN / Mohammad AHSAN,2,2140,HE Ji Ting / TAN Qiang,19,2087
2022-03-19,All England Open 2022,Semi final,WS,Akane YAMAGUCHI,2,2513,CHEN Yu Fei,3,2446
2022-03-19,All England Open 2022,Semi final,MS,Lakshya SEN,11,2331,LEE Zii Jia,7,2375
2022-03-19,All England Open 2022,Semi final,XD,Yuta WATANABE / Arisa IGAKI,4,2310,Dechapol PUAVARANUKROH / Sapsiree TAERATTANACHAI,1,2452
2022-03-19,All England Open 2022,Semi final,WD,Nami MATSUYAMA / Chiharu SHIDA,7,2203,JEONG Na Eun / KIM Hye Jeong,64,1971
2022-03-19,All England Open 2022,Semi final,MD,Muhammad Shohibul FIKRI / Bagas MAULANA,28,1996,Marcus Fernaldi GIDEON / Kevin Sanjaya SUKAMULJO,1,2342
2022-03-19,All England Open 2022,Semi final,WS,AN Se Young,4,2458,TAI Tzu Ying,1,2515
2022-03-20,All England Open 2022,Final,MS,Viktor AXELSEN,1,2560,Lakshya SEN,11,2362
2022-03-20,All England Open 2022,Final,XD,Yuta WATANABE / Arisa IGAKI,4,2348,WANG Yi Lyu / HUANG Dong Ping,3,2290
2022-03-20,All England Open 2022,Final,WD,Nami MATSUYAMA / Chiharu SHIDA,7,2215,ZHANG .. / ZHENG Yu,54,1969
2022-03-20,All England Open 2022,Final,MD,Muhammad Shohibul FIKRI / Bagas MAULANA,28,2047,Hendra SETIAWAN / Mohammad AHSAN,2,2164
2022-03-20,All England Open 2022,Final,WS,Akane YAMAGUCHI,2,2535,AN Se Young,4,2489
2022-06-14,Indonesia Open 2022,Round 1,MD,KANG Min Hyuk / SEO Seung Jae,56,2006,Sabar Karyaman GUTAMA / Moh Reza Pahlevi ISFAHANI,77,1771
2022-06-14,Indonesia Open 2022,Round 1,WD,Vivian HO / LIM Chiew Sien,35,1757,Jaqueline.. / Samia LIMA,58,1603
2022-06-14,Indonesia Open 2022,Round 1,MD,ONG Yew Sin / TEO Ee Yi,10,1973,Jeppe BAY / Lasse MØLHEDE,32,1794
2022-06-14,Indonesia Open 2022,Round 1,MD,Akira KOGA / Taichi SAITO,22,1950,Mark LAMSFUSS / Marvin SEIDEL,13,2000
2022-06-14,Indonesia Open 2022,Round 1,MS,Sameer VERMA,30,2026,Thomas ROUXEL,43,1829
2022-06-14,Indonesia Open 2022,Round 1,MD,Takuro HOKI / Yugo KOBAYASHI,2,2164,ATTRI Manu / REDDY Badri Narayana,45,1562
2022-06-14,Indonesia Open 2022,Round 1,MD,Marcus Fernaldi GIDEON / Kevin Sanjaya SUKAMULJO,1,2263,Wahyu Nayaka Arya PANKARYANIRA / Ade Yusuf SANTOSO,36,1716
2022-06-14,Indonesia Open 2022,Round 1,XD,Yuta WATANABE / Arisa IGAKI,3,2324,Robin TABELING / Selena PIEK,21,1859
2022-06-14,Indonesia Open 2022,Round 1,WS,AN Se Young,3,2423,Neslihan ARIN,27,2001
2022-06-14,Indonesia Open 2022,Round 1,MS,Viktor AXELSEN,1,2618,Kanta TSUNEYAMA,14,2139
2022-06-14,Indonesia Open 2022,Round 1,MD,Leo Rolly CARNANDO / Daniel MARTHIN,23,1955,Fabien DELRUE / William VILLEGER,35,1669
2022-06-14,Indonesia Open 2022,Round 1,WD,DU Yue / LI Wen Mei,45,1938,LOW Yeen Yuan / Valeree SIETSEMA,73,1601
2022-06-14,Indonesia Open 2022,Round 1,WD,Ashwini PONNAPPA / REDDY Sikki Gupta,23,1653,Srivedya GURAZADA / Ishika JAISWAL,107,1605
2022-06-14,Indonesia Open 2022,Round 1,XD,HOO Pang Ron / TOH Ee Wei,,1726,Yuki KANEKO / Misaki MATSUTOMO,16,1967
2022-06-14,Indonesia Open 2022,Round 1,XD,SOONG .. / GOH Liu Ying,,1637,Hafiz FAIZAL / Serena KOTHLOW,,1682
2022-06-14,Indonesia Open 2022,Round 1,WS,Kirsty GILMOUR,17,2109,Line CHRISTOPHERSEN,22,1924
2022-06-14,Indonesia Open 2022,Round 1,MD,CHOI Sol Gyu / KIM Won Ho,83,1764,Christoph WEGNER / Matthew NOTTINGHAM,51,1692
2022-06-14,Indonesia Open 2022,Round 1,MS,LU Guang Zu,25,2141,Kenta NISHIMOTO,20,2143
2022-06-14,Indonesia Open 2022,Round 1,MD,Kim ASTRUP / Anders Skaarup RASMUSSEN,9,2041,LU Ching Yao / YANG Po Hsuan,24,1880
2022-06-14,Indonesia Open 2022,Round 1,WS,WANG Zhi Yi,14,2157,Michelle LI,12,2035
2022-06-14,Indonesia Open 2022,Round 1,XD,Thom GICQUEL / Delphine DELRUE,10,2056,Fabricio AUGUSTO / Jaqueline ..,61,1710
2022-06-14,Indonesia Open 2022,Round 1,WD,Jongkolphan KITITHARAKUL / Rawinda PRAJONGJAI,8,1915,Rachel HU / Kristen TSAI,20,1919
2022-06-14,Indonesia Open 2022,Round 1,WS,Carolina MARIN,5,2433,Julie Dawall JAKOBSEN,39,1807
2022-06-14,Indonesia Open 2022,Round 1,MS,Anthony Sinisuka GINTING,6,2232,Tommy SUGIARTO,33,1947
2022-06-14,Indonesia Open 2022,Round 1,WD,CHEN Qi Ming / JIA Yi Fan,1,2306,BAEK Ha Na / LEE Yu Lim,42,1882
2022-06-14,Indonesia Open 2022,Round 1,XD,SEO Seung Jae / CHAE Yu Jung,6,2053,Rinov RIVALDY / Pitha Haningtyas MENTARI,19,1915
2022-06-14,Indonesia Open 2022,Round 1,MS,LEE Zii Jia,5,2428,Sitthikom THAMMASIN,32,1949
2022-06-14,Indonesia Open 2022,Round 1,WS,Sayaka TAKAHASHI,13,2201,ZHANG Beiwen,16,2042
2022-06-14,Indonesia Open 2022,Round 1,XD,GOH Soon Huat / LAI Shevon Jemie,14,1870,Dechapol PUAVARANUKROH / Sapsiree TAERATTANACHAI,1,2360
2022-06-14,Indonesia Open 2022,Round 1,XD,Mark LAMSFUSS / Isabel LOHAU,12,2025,Rehan Naufal KUSHARJANTO / Lisa Ayu KUSUMAWATI,46,1792
2022-06-14,Indonesia Open 2022,Round 1,WS,Busanan ONGBAMRUNGPHAN,11,2176,HAN Yue,23,1981
2022-06-14,Indonesia Open 2022,Round 1,MS,LOH Kean Yew,9,2290,HEO Kwang Hee,31,2032
2022-06-14,Indonesia Open 2022,Round 1,WD,Debora JILLE / Cheryl SEINEN,41,1787,Mariia STOLIARENKO / Yelyzaveta ZHARKA,68,1473
2022-06-14,Indonesia Open 2022,Round 1,MS,Toma Junior POPOV,26,2039,Nhat NGUYEN,39,1913
2022-06-14,Indonesia Open 2022,Round 1,WS,Akane YAMAGUCHI,1,2457,Mia BLICHFELDT,15,2067
2022-06-14,Indonesia Open 2022,Round 1,WD,Nami MATSUYAMA / Chiharu SHIDA,7,2260,Julie FINNE-IPSEN / Mai SURROW,54,1509
2022-06-14,Indonesia Open 2022,Round 1,XD,CHANG Tak Ching / NG Wing Yung,27,1749,Ishaan BHATNAGAR / Tanisha CRASTO,47,1653
2022-06-14,Indonesia Open 2022,Round 1,WS,HE Bing Jiao,9,2412,PUSARLA V. Sindhu,7,2312
2022-06-14,Indonesia Open 2022,Round 1,WD,LIU Xuan Xuan / XIA Yu Ting,22,1843,Julie MACPHERSON / Ciara TORRANCE,46,1564
2022-06-14,Indonesia Open 2022,Round 1,MS,Hans-Kristian Solberg VITTINGHUS,21,2081,SAI PRANEETH B.,19,1933
2022-06-15,Indonesia Open 2022,Round 1,MS,Brice LEVERDEZ,41,1910,KIDAMBI Srikanth,11,2303
2022-06-15,Indonesia Open 2022,Round 1,WS,Line Højmark KJAERSFELDT,33,1947,Lianne TAN,36,1825
2022-06-15,Indonesia Open 2022,Round 1,MD,LEE Yang / WANG Chang,4,2180,Supak JOMKOH / Kittinupong KEDREN,33,1808
2022-06-15,Indonesia Open 2022,Round 1,WS,TAI Tzu Ying,2,2516,YEO Jia Min,18,1965
2022-06-15,Indonesia Open 2022,Round 1,MS,ZHAO Jun Peng,35,2042,Mark CALJOUW,27,2029
2022-06-15,Indonesia Open 2022,Round 1,XD,KO Sung Hyun / EOM Hye Won,17,1994,Kyohei YAMASHITA / Naru SHINOYA,31,1855
2022-06-15,Indonesia Open 2022,Round 1,WD,Yuki FUKUSHIMA / Sayaka HIROTA,4,2079,Benyapa AIMSAARD / Nuntakarn AIMSAARD,28,1882
2022-06-15,Indonesia Open 2022,Round 1,WS,Ratchanok INTANON,8,2317,Pornpawee CHOCHUWONG,10,2260
2022-06-15,Indonesia Open 2022,Round 1,MS,Rasmus GEMKE,13,2072,Kento MOMOTA,2,2282
2022-06-15,Indonesia Open 2022,Round 1,WS,Iris WANG,31,1945,Yvonne LI,25,1860
2022-06-15,Indonesia Open 2022,Round 1,MD,Muhammad Shohibul FIKRI / Bagas MAULANA,20,1969,Alexander DUNN / Adam HALL,31,1806
2022-06-15,Indonesia Open 2022,Round 1,MS,PRANNOY H. S.,23,2126,Lakshya SEN,10,2249
2022-06-15,Indonesia Open 2022,Round 1,XD,Mathias THYRRI / Alexandra BOE,15,1871,TAN Kian Meng / LAI Pei Jing,9,1972
2022-06-15,Indonesia Open 2022,Round 1,WD,LEE So Hee / SHIN Se..,2,2142,Febby Valencia Dwijayanti GANI / Ribka SUGIARTO,81,1786
2022-06-15,Indonesia Open 2022,Round 1,WD,Pearly TAN / THINAAH Muralitharan,10,1978,Anna Cheong Ching Yik / TEOH Mei Xing,44,1762
2022-06-15,Indonesia Open 2022,Round 1,MS,Jonatan CHRISTIE,8,2230,Kantaphon WANGCHAROEN,22,1917
2022-06-15,Indonesia Open 2022,Round 1,WD,JEONG Na Eun / KIM Hye Jeong,17,2038,Haritha M.. / Ashna ROY,111,1596
2022-06-15,Indonesia Open 2022,Round 1,WD,Febriana Dwipuji KUSUMA / Amallia Cahaya PRATIWI,84,1695,Margot LAMBERT / Anne TRAN,55,1672
2022-06-15,Indonesia Open 2022,Round 1,WD,Apriyani RAHAYU / Siti Fadia Silva RAMADHANTI,40,1986,Mayu MATSUMOTO / Wakana NAGAHARA,5,2203
2022-06-15,Indonesia Open 2022,Round 1,MD,Ruben JILLE / Ties VAN DER LECQ,44,1801,Christo POPOV / Toma Junior POPOV,28,1704
2022-06-15,Indonesia Open 2022,Round 1,MS,NG Ka Long Angus,12,2089,Shesar Hiren RHUSTAVITO,24,2168
2022-06-15,Indonesia Open 2022,Round 1,MD,Fajar ALFIAN / Muhammad Shohibul FIKRI,6,2175,GOH Sze Fei / Nur IZZUDDIN,12,2053
2022-06-15,Indonesia Open 2022,Round 1,WD,ZHANG .. / ZHENG Yu,38,1975,Ashwini BHAT K / Shikha GAUTAM,60,1684
2022-06-15,Indonesia Open 2022,Round 1,XD,CHAN Peng Soon / CHEAH Yee See,,1711,Marcus ELLIS / Lauren SMITH,11,1866
2022-06-15,Indonesia Open 2022,Round 1,MS,CHOU Tien Chen,4,2299,Kunlavut VITIDSARN,18,2281
2022-06-15,Indonesia Open 2022,Round 1,MD,M.R.ARJUN / DHRUV KAPILA,40,1693,Keiichiro MATSUI / Yoshinori TAKEUTI,30,1839
2022-06-15,Indonesia Open 2022,Round 1,MD,Pramudya KUSUMAWARDANA / Yeremia Erich Yoche Yacob RAMBITAN,16,2040,Ben LANE / Sean VENDY,19,1743
2022-06-15,Indonesia Open 2022,Round 1,MD,LIU Yu Chen / OU Xuan Yi,75,1913,Hendra SETIAWAN / Mohammad AHSAN,3,2028
2022-06-15,Indonesia Open 2022,Round 1,XD,CHEN Tang Jie / Valeree SIETSEMA,,1711,CHOONG Hon Jian / PECK Yen Wei,,1715
2022-06-15,Indonesia Open 2022,Round 1,MS,LEE Cheuk Yiu,17,2039,LIEW Daren,28,2043
2022-06-15,Indonesia Open 2022,Round 1,WD,Gabriela STOEVA / Stefani STOEVA,9,2051,Rin IWANAGA / Kie NAKANISHI,19,1934
2022-06-15,Indonesia Open 2022,Round 1,WS,CHEN Yu Fei,4,2502,KIM Ga Eun,19,2083
2022-06-15,Indonesia Open 2022,Round 1,WS,Nozomi OKUHARA,6,2330,PAI Yu Po,41,1826
2022-06-15,Indonesia Open 2022,Round 1,XD,Praveen JORDAN / Melati Daeva OKTAVIANTI,5,1995,Adam HALL / Julie MACPHERSON,41,1808
2022-06-15,Indonesia Open 2022,Round 1,XD,WANG Yi Lyu / HUANG Dong Ping,4,2242,HEE Yong KWON / TAN Wei Qiang,39,1836
2022-06-15,Indonesia Open 2022,Round 1,MD,Aaron CHIA / SOH Wooi Yik,7,2081,KIM Gi Jung / KIM Sa Rang,113,1792
2022-06-15,Indonesia Open 2022,Round 1,XD,ZHENG Si Wei / HUANG Ya Qiong,2,2342,GUO Xin Wa / ZHANG Shu Xian,42,1673
2022-06-15,Indonesia Open 2022,Round 1,WS,Lalinrat CHAIWAN,21,2067,Gregoria Mariska TUNJUNG,30,2027
2022-06-15,Indonesia Open 2022,Round 1,WS,ZHANG Yi Man,32,2023,Supanida KATETHONG,26,1996
2022-06-15,Indonesia Open 2022,Round 1,XD,Supak JOMKOH / Supissara PACHARAMONGKOL,22,1941,KIM Won Ho / JEONG Na Eun,119,1705
2022-06-16,Indonesia Open 2022,Round 2,WS,Line Højmark KJAERSFELDT,33,1965,Ratchanok INTANON,8,2338
2022-06-16,Indonesia Open 2022,Round 2,MD,Fajar ALFIAN / Muhammad Shohibul FIKRI,6,2192,Muhammad Shohibul FIKRI / Bagas MAULANA,20,1984
2022-06-16,Indonesia Open 2022,Round 2,XD,ZHENG Si Wei / HUANG Ya Qiong,2,2343,Supak JOMKOH / Supissara PACHARAMONGKOL,22,1952
2022-06-16,Indonesia Open 2022,Round 2,WS,TAI Tzu Ying,2,2518,Iris WANG,31,1966
2022-06-16,Indonesia Open 2022,Round 2,MS,Rasmus GEMKE,13,2112,Brice LEVERDEZ,41,1960
2022-06-16,Indonesia Open 2022,Round 2,MD,Takuro HOKI / Yugo KOBAYASHI,2,2166,ONG Yew Sin / TEO Ee Yi,10,1987
2022-06-16,Indonesia Open 2022,Round 2,MD,CHOI Sol Gyu / KIM Won Ho,83,1792,Akira KOGA / Taichi SAITO,22,1981
2022-06-16,Indonesia Open 2022,Round 2,MS,LEE Cheuk Yiu,17,2066,CHOU Tien Chen,4,2323
2022-06-16,Indonesia Open 2022,Round 2,XD,Mathias THYRRI / Alexandra BOE,15,1908,KO Sung Hyun / EOM Hye Won,17,2011
2022-06-16,Indonesia Open 2022,Round 2,WD,Apriyani RAHAYU / Siti Fadia Silva RAMADHANTI,40,2028,ZHANG .. / ZHENG Yu,38,1983
2022-06-16,Indonesia Open 2022,Round 2,MD,KANG Min Hyuk / SEO Seung Jae,56,2016,Marcus Fernaldi GIDEON / Kevin Sanjaya SUKAMULJO,1,2265
2022-06-16,Indonesia Open 2022,Round 2,WS,CHEN Yu Fei,4,2506,ZHANG Yi Man,32,2028
2022-06-16,Indonesia Open 2022,Round 2,MS,ZHAO Jun Peng,35,2067,Jonatan CHRISTIE,8,2237
2022-06-16,Indonesia Open 2022,Round 2,MS,PRANNOY H. S.,23,2161,NG Ka Long Angus,12,2121
2022-06-16,Indonesia Open 2022,Round 2,WS,HE Bing Jiao,9,2430,Busanan ONGBAMRUNGPHAN,11,2188
2022-06-16,Indonesia Open 2022,Round 2,WS,Nozomi OKUHARA,6,2332,Lalinrat CHAIWAN,21,2090
2022-06-16,Indonesia Open 2022,Round 2,MD,LIU Yu Chen / OU Xuan Yi,75,1950,M.R.ARJUN / DHRUV KAPILA,40,1751
2022-06-16,Indonesia Open 2022,Round 2,MD,Kim ASTRUP / Anders Skaarup RASMUSSEN,9,2056,Leo Rolly CARNANDO / Daniel MARTHIN,23,1964
2022-06-16,Indonesia Open 2022,Round 2,MS,Anthony Sinisuka GINTING,6,2240,Hans-Kristian Solberg VITTINGHUS,21,2096
2022-06-16,Indonesia Open 2022,Round 2,WS,AN Se Young,3,2427,Kirsty GILMOUR,17,2122
2022-06-16,Indonesia Open 2022,Round 2,WD,LEE So Hee / SHIN Se..,2,2148,Febriana Dwipuji KUSUMA / Amallia Cahaya PRATIWI,84,1733
2022-06-16,Indonesia Open 2022,Round 2,MD,Pramudya KUSUMAWARDANA / Yeremia Erich Yoche Yacob RAMBITAN,16,2048,LEE Yang / WANG Chang,4,2185
2022-06-16,Indonesia Open 2022,Round 2,WD,Jongkolphan KITITHARAKUL / Rawinda PRAJONGJAI,8,1943,Debora JILLE / Cheryl SEINEN,41,1796
2022-06-16,Indonesia Open 2022,Round 2,MD,Aaron CHIA / SOH Wooi Yik,7,2089,Ruben JILLE / Ties VAN DER LECQ,44,1825
2022-06-16,Indonesia Open 2022,Round 2,XD,CHEN Tang Jie / Valeree SIETSEMA,,1751,Praveen JORDAN / Melati Daeva OKTAVIANTI,5,2008
2022-06-16,Indonesia Open 2022,Round 2,MS,Viktor AXELSEN,1,2621,LU Guang Zu,25,2166
2022-06-16,Indonesia Open 2022,Round 2,WD,Yuki FUKUSHIMA / Sayaka HIROTA,4,2092,Pearly TAN / THINAAH Muralitharan,10,1990
2022-06-16,Indonesia Open 2022,Round 2,XD,WANG Yi Lyu / HUANG Dong Ping,4,2246,CHAN Peng Soon / CHEAH Yee See,,1766
2022-06-16,Indonesia Open 2022,Round 2,XD,Yuta WATANABE / Arisa IGAKI,3,2327,SOONG .. / GOH Liu Ying,,1692
2022-06-16,Indonesia Open 2022,Round 2,XD,Thom GICQUEL / Delphine DELRUE,10,2063,Mark LAMSFUSS / Isabel LOHAU,12,2036
2022-06-16,Indonesia Open 2022,Round 2,WD,JEONG Na Eun / KIM Hye Jeong,17,2042,Gabriela STOEVA / Stefani STOEVA,9,2051
2022-06-16,Indonesia Open 2022,Round 2,WD,DU Yue / LI Wen Mei,45,1945,Vivian HO / LIM Chiew Sien,35,1777
2022-06-16,Indonesia Open 2022,Round 2,WD,CHEN Qi Ming / JIA Yi Fan,1,2310,Ashwini PONNAPPA / REDDY Sikki Gupta,23,1693
2022-06-16,Indonesia Open 2022,Round 2,MS,LOH Kean Yew,9,2300,Toma Junior POPOV,26,2056
2022-06-16,Indonesia Open 2022,Round 2,XD,SEO Seung Jae / CHAE Yu Jung,6,2069,CHANG Tak Ching / NG Wing Yung,27,1775
2022-06-16,Indonesia Open 2022,Round 2,WS,WANG Zhi Yi,14,2174,Carolina MARIN,5,2434
2022-06-16,Indonesia Open 2022,Round 2,XD,HOO Pang Ron / TOH Ee Wei,,1787,GOH Soon Huat / LAI Shevon Jemie,14,1925
2022-06-16,Indonesia Open 2022,Round 2,MS,LEE Zii Jia,5,2431,Sameer VERMA,30,2039
2022-06-16,Indonesia Open 2022,Round 2,WS,Akane YAMAGUCHI,1,2462,Sayaka TAKAHASHI,13,2216
2022-06-16,Indonesia Open 2022,Round 2,WD,Nami MATSUYAMA / Chiharu SHIDA,7,2261,LIU Xuan Xuan / XIA Yu Ting,22,1853
2022-06-17,Indonesia Open 2022,Quarter final,MD,Kim ASTRUP / Anders Skaarup RASMUSSEN,9,2075,Takuro HOKI / Yugo KOBAYASHI,2,2179
2022-06-17,Indonesia Open 2022,Quarter final,MS,PRANNOY H. S.,23,2183,Rasmus GEMKE,13,2127
2022-06-17,Indonesia Open 2022,Quarter final,MD,LIU Yu Chen / OU Xuan Yi,75,1963,Fajar ALFIAN / Muhammad Shohibul FIKRI,6,2204
2022-06-17,Indonesia Open 2022,Quarter final,MS,Viktor AXELSEN,1,2625,Anthony Sinisuka GINTING,6,2255
2022-06-17,Indonesia Open 2022,Quarter final,MD,CHOI Sol Gyu / KIM Won Ho,83,1841,KANG Min Hyuk / SEO Seung Jae,56,2059
2022-06-17,Indonesia Open 2022,Quarter final,WS,TAI Tzu Ying,2,2520,Line Højmark KJAERSFELDT,33,2013
2022-06-17,Indonesia Open 2022,Quarter final,MS,ZHAO Jun Peng,35,2105,LEE Cheuk Yiu,17,2108
2022-06-17,Indonesia Open 2022,Quarter final,MS,LEE Zii Jia,5,2436,LOH Kean Yew,9,2310
2022-06-17,Indonesia Open 2022,Quarter final,MD,Aaron CHIA / SOH Wooi Yik,7,2098,Pramudya KUSUMAWARDANA / Yeremia Erich Yoche Yacob RAMBITAN,16,2084
2022-06-17,Indonesia Open 2022,Quarter final,WS,CHEN Yu Fei,4,2509,Nozomi OKUHARA,6,2342
2022-06-17,Indonesia Open 2022,Quarter final,WD,Yuki FUKUSHIMA / Sayaka HIROTA,4,2110,JEONG Na Eun / KIM Hye Jeong,17,2069
2022-06-17,Indonesia Open 2022,Quarter final,WD,Jongkolphan KITITHARAKUL / Rawinda PRAJONGJAI,8,1959,CHEN Qi Ming / JIA Yi Fan,1,2311
2022-06-17,Indonesia Open 2022,Quarter final,WD,Nami MATSUYAMA / Chiharu SHIDA,7,2265,DU Yue / LI Wen Mei,45,1960
2022-06-17,Indonesia Open 2022,Quarter final,XD,WANG Yi Lyu / HUANG Dong Ping,4,2249,CHEN Tang Jie / Valeree SIETSEMA,,1751
2022-06-17,Indonesia Open 2022,Quarter final,WS,HE Bing Jiao,9,2440,AN Se Young,3,2435
2022-06-17,Indonesia Open 2022,Quarter final,WD,LEE So Hee / SHIN Se..,2,2152,Apriyani RAHAYU / Siti Fadia Silva RAMADHANTI,40,2050
2022-06-17,Indonesia Open 2022,Quarter final,XD,ZHENG Si Wei / HUANG Ya Qiong,2,2348,Mathias THYRRI / Alexandra BOE,15,1945
2022-06-17,Indonesia Open 2022,Quarter final,WS,WANG Zhi Yi,14,2215,Akane YAMAGUCHI,1,2466
2022-06-17,Indonesia Open 2022,Quarter final,XD,Yuta WATANABE / Arisa IGAKI,3,2329,Thom GICQUEL / Delphine DELRUE,10,2087
2022-06-17,Indonesia Open 2022,Quarter final,XD,SEO Seung Jae / CHAE Yu Jung,6,2077,HOO Pang Ron / TOH Ee Wei,,1832
2022-06-18,Indonesia Open 2022,Semi final,MD,CHOI Sol Gyu / KIM Won Ho,83,1890,Kim ASTRUP / Anders Skaarup RASMUSSEN,9,2110
2022-06-18,Indonesia Open 2022,Semi final,MS,ZHAO Jun Peng,35,2132,PRANNOY H. S.,23,2206
2022-06-18,Indonesia Open 2022,Semi final,WD,Yuki FUKUSHIMA / Sayaka HIROTA,4,2134,LEE So Hee / SHIN Se..,2,2171
2022-06-18,Indonesia Open 2022,Semi final,MD,LIU Yu Chen / OU Xuan Yi,75,2008,Aaron CHIA / SOH Wooi Yik,7,2124
2022-06-18,Indonesia Open 2022,Semi final,MS,Viktor AXELSEN,1,2630,LEE Zii Jia,5,2453
2022-06-18,Indonesia Open 2022,Semi final,WD,Nami MATSUYAMA / Chiharu SHIDA,7,2273,Jongkolphan KITITHARAKUL / Rawinda PRAJONGJAI,8,2009
2022-06-18,Indonesia Open 2022,Semi final,WS,TAI Tzu Ying,2,2523,CHEN Yu Fei,4,2524
2022-06-18,Indonesia Open 2022,Semi final,XD,ZHENG Si Wei / HUANG Ya Qiong,2,2352,WANG Yi Lyu / HUANG Dong Ping,4,2252
2022-06-18,Indonesia Open 2022,Semi final,WS,WANG Zhi Yi,14,2258,HE Bing Jiao,9,2466
2022-06-18,Indonesia Open 2022,Semi final,XD,Yuta WATANABE / Arisa IGAKI,3,2339,SEO Seung Jae / CHAE Yu Jung,6,2088
2022-06-19,Indonesia Open 2022,Final,MD,LIU Yu Chen / OU Xuan Yi,75,2045,CHOI Sol Gyu / KIM Won Ho,83,1937
2022-06-19,Indonesia Open 2022,Final,MS,Viktor AXELSEN,1,2645,ZHAO Jun Peng,35,2165
2022-06-19,Indonesia Open 2022,Final,WD,Nami MATSUYAMA / Chiharu SHIDA,7,2283,Yuki FUKUSHIMA / Sayaka HIROTA,4,2164
2022-06-19,Indonesia Open 2022,Final,WS,TAI Tzu Ying,2,2550,WANG Zhi Yi,14,2300
2022-06-19,Indonesia Open 2022,Final,XD,ZHENG Si Wei / HUANG Ya Qiong,2,2372,Yuta WATANABE / Arisa IGAKI,3,2349
2022-06-28,Malaysia_Open_2022,Round 1,MD,GOH Sze Fei / Nur IZZUDDIN,12,2036,Keiichiro MATSUI / Yoshinori TAKEUTI,31,1797
2022-06-28,Malaysia_Open_2022,Round 1,MD,Satwiksairaj RANKIREDDY / Chirag SHETTY,8,2089,MAN Wei Chong / TEE Kai Wun,38,1803
2022-06-28,Malaysia_Open_2022,Round 1,MS,PRANNOY H. S.,21,2173,LIEW Daren,30,2017
2022-06-28,Malaysia_Open_2022,Round 1,WD,LOW Yeen Yuan / Valeree SIETSEMA,71,1587,Linda EFLER / Isabel LOHAU,24,1815
2022-06-28,Malaysia_Open_2022,Round 1,MD,Fajar ALFIAN / Muhammad Shohibul FIKRI,7,2162,GOH V Shem / LOW Juan Shen,79,1650
2022-06-28,Malaysia_Open_2022,Round 1,MS,Sitthikom THAMMASIN,33,1946,Chico Aura DWI WARDOYO,45,2057
2022-06-28,Malaysia_Open_2022,Round 1,WD,Febriana Dwipuji KUSUMA / Amallia Cahaya PRATIWI,68,1727,Francesca CORBETT / Allison Qu..,90,1646
2022-06-28,Malaysia_Open_2022,Round 1,MD,LEE Yang / WANG Chang,4,2150,Ruben JILLE / Ties VAN DER LECQ,41,1814
2022-06-28,Malaysia_Open_2022,Round 1,MD,TAN Kian Meng / TAN Wee Kiong,64,1700,Jeppe BAY / Lasse MØLHEDE,30,1777
2022-06-28,Malaysia_Open_2022,Round 1,MS,Kenta NISHIMOTO,20,2118,Tommy SUGIARTO,34,1938
2022-06-28,Malaysia_Open_2022,Round 1,MD,ONG Yew Sin / TEO Ee Yi,10,1973,Junaidi ARIFFIN / Muhammad Shohibul FIKRI,85,1714
2022-06-28,Malaysia_Open_2022,Round 1,MS,Jonatan CHRISTIE,8,2200,Sameer VERMA,29,2034
2022-06-28,Malaysia_Open_2022,Round 1,WD,JEONG Na Eun / KIM Hye Jeong,12,2045,Haritha M.. / Ashna ROY,98,1588
2022-06-28,Malaysia_Open_2022,Round 1,MS,CHOU Tien Chen,4,2282,Brian YANG,31,2041
2022-06-28,Malaysia_Open_2022,Round 1,XD,Rinov RIVALDY / Pitha Haningtyas MENTARI,19,1898,CHAN Peng Soon / CHEAH Yee See,71,1762
2022-06-28,Malaysia_Open_2022,Round 1,MD,Mark LAMSFUSS / Marvin SEIDEL,13,1969,Joshua MAYO / Paul REYNAUD,65,1521
2022-06-28,Malaysia_Open_2022,Round 1,MS,Anthony Sinisuka GINTING,6,2250,SAI PRANEETH B.,19,1916
2022-06-28,Malaysia_Open_2022,Round 1,WD,Gabriela STOEVA / Stefani STOEVA,9,2024,Mariia STOLIARENKO / Yelyzaveta ZHARKA,69,1450
2022-06-28,Malaysia_Open_2022,Round 1,XD,TANG Chun Man / TSE Ying Suet,7,2073,CHOONG Hon Jian / PECK Yen Wei,,1676
2022-06-28,Malaysia_Open_2022,Round 1,WS,ZHANG Beiwen,16,2027,Julie Dawall JAKOBSEN,39,1806
2022-06-28,Malaysia_Open_2022,Round 1,WD,CHEN Qi Ming / JIA Yi Fan,1,2265,Benyapa AIMSAARD / Nuntakarn AIMSAARD,28,1868
2022-06-28,Malaysia_Open_2022,Round 1,WD,DU Yue / LI Wen Mei,35,1952,Jaqueline.. / Samia LIMA,57,1571
2022-06-28,Malaysia_Open_2022,Round 1,MS,LEE Cheuk Yiu,15,2081,LOH Kean Yew,9,2292
2022-06-28,Malaysia_Open_2022,Round 1,WS,HAN Yue,23,1968,Line CHRISTOPHERSEN,22,1910
2022-06-28,Malaysia_Open_2022,Round 1,WS,Ratchanok INTANON,8,2293,SIM Yu Jin,46,1963
2022-06-28,Malaysia_Open_2022,Round 1,MS,Viktor AXELSEN,1,2648,Brice LEVERDEZ,38,1945
2022-06-28,Malaysia_Open_2022,Round 1,WS,Carolina MARIN,5,2393,QI Xuefei,45,1790
2022-06-28,Malaysia_Open_2022,Round 1,XD,KIM Won Ho / JEONG Na Eun,99,1688,Venkat Gaurav PRASAD / Juhi DEWANGAN,56,1534
2022-06-28,Malaysia_Open_2022,Round 1,MD,LIU Yu Chen / OU Xuan Yi,45,2065,CHANG Tak Ching / YAP Roy King,133,1674
2022-06-28,Malaysia_Open_2022,Round 1,WS,Line Højmark KJAERSFELDT,29,2010,Putri Kusuma WARDANI,49,1977
2022-06-28,Malaysia_Open_2022,Round 1,XD,GOH Soon Huat / LAI Shevon Jemie,14,1887,TAN Kian Meng / LAI Pei Jing,9,1937
2022-06-28,Malaysia_Open_2022,Round 1,WS,AN Se Young,3,2409,YEO Jia Min,18,1963
2022-06-28,Malaysia_Open_2022,Round 1,WD,Apriyani RAHAYU / Siti Fadia Silva RAMADHANTI,133,2031,Stine KUUSISTO / Emma MOSZCZYNSKI,77,1782
2022-06-28,Malaysia_Open_2022,Round 1,XD,Supak JOMKOH / Supissara PACHARAMONGKOL,22,1947,Kyohei YAMASHITA / Naru SHINOYA,30,1836
2022-06-28,Malaysia_Open_2022,Round 1,XD,Rehan Naufal KUSHARJANTO / Lisa Ayu KUSUMAWATI,46,1778,CHANG Tak Ching / NG Wing Yung,25,1765
2022-06-28,Malaysia_Open_2022,Round 1,WS,WANG Zhi Yi,13,2289,HE Bing Jiao,9,2424
2022-06-28,Malaysia_Open_2022,Round 1,XD,Dechapol PUAVARANUKROH / Sapsiree TAERATTANACHAI,2,2312,Mark LAMSFUSS / Isabel LOHAU,12,2012
2022-06-28,Malaysia_Open_2022,Round 1,WS,Gregoria Mariska TUNJUNG,31,2004,Akane YAMAGUCHI,1,2423
2022-06-28,Malaysia_Open_2022,Round 1,WD,Nami MATSUYAMA / Chiharu SHIDA,5,2301,Ashwini PONNAPPA / REDDY Sikki Gupta,23,1691
2022-06-28,Malaysia_Open_2022,Round 1,XD,WANG Yi Lyu / HUANG Dong Ping,4,2233,Fabricio AUGUSTO / Jaqueline ..,57,1700
2022-06-28,Malaysia_Open_2022,Round 1,WD,Srivedya GURAZADA / Ishika JAISWAL,92,1558,Yuki FUKUSHIMA / Sayaka HIROTA,2,2145
2022-06-28,Malaysia_Open_2022,Round 1,WD,Supissara PACHARAMONGKOL / Puttita SUPAJIRAKUL,195,1633,Ornnicha JONGSATHAPORNPARN / Atitaya PO..,,1601
2022-06-29,Malaysia_Open_2022,Round 1,MD,Supak JOMKOH / Kittinupong KEDREN,33,1801,Nur Mohd Azriyn Ayub / LIM Khim Wah,111,1589
2022-06-29,Malaysia_Open_2022,Round 1,WD,Anna Cheong Ching Yik / TEOH Mei Xing,44,1747,Kate FROST / Moya RYAN,85,1409
2022-06-29,Malaysia_Open_2022,Round 1,MS,LEE Zii Jia,5,2439,Nhat NGUYEN,40,1895
2022-06-29,Malaysia_Open_2022,Round 1,MS,Shesar Hiren RHUSTAVITO,26,2137,Rasmus GEMKE,12,2104
2022-06-29,Malaysia_Open_2022,Round 1,WD,LEE So Hee / SHIN Se..,3,2141,Margot LAMBERT / Anne TRAN,52,1631
2022-06-29,Malaysia_Open_2022,Round 1,MD,Aaron CHIA / SOH Wooi Yik,6,2088,Akira KOGA / Taichi SAITO,22,1941
2022-06-29,Malaysia_Open_2022,Round 1,MS,Kento MOMOTA,2,2243,Kantaphon WANGCHAROEN,23,1909
2022-06-29,Malaysia_Open_2022,Round 1,WD,Febby Valencia Dwijayanti GANI / Ribka SUGIARTO,70,1779,Vivian HO / LIM Chiew Sien,36,1759
2022-06-29,Malaysia_Open_2022,Round 1,MD,Muhammad Shohibul FIKRI / Bagas MAULANA,20,1972,Jones Ralfy JANSEN / Jan Colin STICHLING,158,1658
2022-06-29,Malaysia_Open_2022,Round 1,MD,Takuro HOKI / Yugo KOBAYASHI,2,2145,LU Ching Yao / YANG Po Hsuan,24,1863
2022-06-29,Malaysia_Open_2022,Round 1,WD,ZHANG .. / ZHENG Yu,33,1960,Jongkolphan KITITHARAKUL / Rawinda PRAJONGJAI,8,1999
2022-06-29,Malaysia_Open_2022,Round 1,WD,Mayu MATSUMOTO / Wakana NAGAHARA,6,2164,Ashwini BHAT K / Shikha GAUTAM,56,1671
2022-06-29,Malaysia_Open_2022,Round 1,MD,CHOI Sol Gyu / KIM Won Ho,54,1917,Kim ASTRUP / Anders Skaarup RASMUSSEN,9,2067
2022-06-29,Malaysia_Open_2022,Round 1,XD,ZHENG Si Wei / HUANG Ya Qiong,1,2397,HOO Pang Ron / TOH Ee Wei,183,1820
2022-06-29,Malaysia_Open_2022,Round 1,MD,HEE Yong KWON / LOH Kean Yew,50,1802,KANG Min Hyuk / SEO Seung Jae,46,2017
2022-06-29,Malaysia_Open_2022,Round 1,MD,HE Ji Ting / ZHOU Hao Dong,103,1944,BOON Xin Yuan / WONG Tien Ci,171,1694
2022-06-29,Malaysia_Open_2022,Round 1,WD,Pearly TAN / THINAAH Muralitharan,10,1971,LIU Xuan Xuan / XIA Yu Ting,21,1848
2022-06-29,Malaysia_Open_2022,Round 1,MD,Hendra SETIAWAN / Mohammad AHSAN,3,1994,REN Xiang Yu / TAN Qiang,137,1750
2022-06-29,Malaysia_Open_2022,Round 1,MS,LU Guang Zu,27,2163,NG Tze Yong,48,1953
2022-06-29,Malaysia_Open_2022,Round 1,MS,NG Ka Long Angus,13,2098,Mark CALJOUW,28,2004
2022-06-29,Malaysia_Open_2022,Round 1,MS,PARUPALLI Kashyap,39,1911,HEO Kwang Hee,32,2022
2022-06-29,Malaysia_Open_2022,Round 1,WS,TAI Tzu Ying,2,2560,Lianne TAN,36,1805
2022-06-29,Malaysia_Open_2022,Round 1,WS,Kristin KUUBA,51,1782,Michelle LI,12,2017
2022-06-29,Malaysia_Open_2022,Round 1,WS,Busanan ONGBAMRUNGPHAN,11,2178,KIM Ga Eun,19,2079
2022-06-29,Malaysia_Open_2022,Round 1,MS,WANG Tzu Wei,16,2084,Kevin CORDON,36,2089
2022-06-29,Malaysia_Open_2022,Round 1,MS,Kunlavut VITIDSARN,18,2257,ZHAO Jun Peng,24,2161
2022-06-29,Malaysia_Open_2022,Round 1,WS,PUSARLA V. Sindhu,7,2294,Pornpawee CHOCHUWONG,10,2239
2022-06-29,Malaysia_Open_2022,Round 1,XD,William VILLEGER / Anne TRAN,64,1686,Mikkel MIKKELSEN / Rikke SØBY,38,1820
2022-06-29,Malaysia_Open_2022,Round 1,XD,CHEN Tang Jie / Valeree SIETSEMA,49,1747,Yuki KANEKO / Misaki MATSUTOMO,16,1924
2022-06-29,Malaysia_Open_2022,Round 1,WS,Lalinrat CHAIWAN,20,2080,Fitriani FITRIANI,47,1673
2022-06-29,Malaysia_Open_2022,Round 1,XD,Jones Ralfy JANSEN / Linda EFLER,45,1815,SOONG .. / GOH Liu Ying,79,1690
2022-06-29,Malaysia_Open_2022,Round 1,XD,Thom GICQUEL / Delphine DELRUE,10,2076,GUO Xin Wa / ZHANG Shu Xian,40,1671
2022-06-29,Malaysia_Open_2022,Round 1,WS,CHEN Yu Fei,4,2497,ZHANG Yi Man,32,2024
2022-06-29,Malaysia_Open_2022,Round 1,XD,HEE Yong KWON / TAN Wei Qiang,39,1830,Hafiz FAIZAL / Serena KOTHLOW,,1634
2022-06-29,Malaysia_Open_2022,Round 1,XD,Mathias THYRRI / Alexandra BOE,15,1939,Yuta WATANABE / Arisa IGAKI,3,2324
2022-06-29,Malaysia_Open_2022,Round 1,WS,Nozomi OKUHARA,6,2328,Yvonne LI,25,1837
2022-06-29,Malaysia_Open_2022,Round 1,XD,Robin TABELING / Selena PIEK,21,1855,REDDY .. / Ashwini PONNAPPA,103,1732
2022-06-29,Malaysia_Open_2022,Round 1,WS,Iris WANG,33,1964,Saina NEHWAL,24,1905
2022-06-30,Malaysia_Open_2022,Round 2,MD,LIU Yu Chen / OU Xuan Yi,45,2070,TAN Kian Meng / TAN Wee Kiong,64,1749
2022-06-30,Malaysia_Open_2022,Round 2,MD,Aaron CHIA / SOH Wooi Yik,6,2104,HEE Yong KWON / LOH Kean Yew,50,1852
2022-06-30,Malaysia_Open_2022,Round 2,WD,Mayu MATSUMOTO / Wakana NAGAHARA,6,2167,Supissara PACHARAMONGKOL / Puttita SUPAJIRAKUL,195,1633
2022-06-30,Malaysia_Open_2022,Round 2,MD,Takuro HOKI / Yugo KOBAYASHI,2,2153,Muhammad Shohibul FIKRI / Bagas MAULANA,20,1980
2022-06-30,Malaysia_Open_2022,Round 2,MD,CHOI Sol Gyu / KIM Won Ho,54,1956,Supak JOMKOH / Kittinupong KEDREN,33,1816
2022-06-30,Malaysia_Open_2022,Round 2,MD,GOH Sze Fei / Nur IZZUDDIN,12,2047,Satwiksairaj RANKIREDDY / Chirag SHETTY,8,2097
2022-06-30,Malaysia_Open_2022,Round 2,WD,Anna Cheong Ching Yik / TEOH Mei Xing,44,1756,LEE So Hee / SHIN Se..,3,2144
2022-06-30,Malaysia_Open_2022,Round 2,MS,LU Guang Zu,27,2175,WANG Tzu Wei,16,2110
2022-06-30,Malaysia_Open_2022,Round 2,MS,Shesar Hiren RHUSTAVITO,26,2146,LEE Zii Jia,5,2441
2022-06-30,Malaysia_Open_2022,Round 2,WD,JEONG Na Eun / KIM Hye Jeong,12,2048,Gabriela STOEVA / Stefani STOEVA,9,2026
2022-06-30,Malaysia_Open_2022,Round 2,MD,Hendra SETIAWAN / Mohammad AHSAN,3,2004,HE Ji Ting / ZHOU Hao Dong,103,1955
2022-06-30,Malaysia_Open_2022,Round 2,WD,CHEN Qi Ming / JIA Yi Fan,1,2270,LOW Yeen Yuan / Valeree SIETSEMA,71,1678
2022-06-30,Malaysia_Open_2022,Round 2,MS,Kento MOMOTA,2,2243,NG Ka Long Angus,13,2117
2022-06-30,Malaysia_Open_2022,Round 2,MS,Viktor AXELSEN,1,2649,LEE Cheuk Yiu,15,2121
2022-06-30,Malaysia_Open_2022,Round 2,WD,DU Yue / LI Wen Mei,35,1957,Febriana Dwipuji KUSUMA / Amallia Cahaya PRATIWI,68,1756
2022-06-30,Malaysia_Open_2022,Round 2,MS,Kunlavut VITIDSARN,18,2275,PARUPALLI Kashyap,39,1948
2022-06-30,Malaysia_Open_2022,Round 2,WD,Apriyani RAHAYU / Siti Fadia Silva RAMADHANTI,133,2041,Nami MATSUYAMA / Chiharu SHIDA,5,2303
2022-06-30,Malaysia_Open_2022,Round 2,MD,ONG Yew Sin / TEO Ee Yi,10,1983,LEE Yang / WANG Chang,4,2157
2022-06-30,Malaysia_Open_2022,Round 2,XD,Robin TABELING / Selena PIEK,21,1874,William VILLEGER / Anne TRAN,64,1743
2022-06-30,Malaysia_Open_2022,Round 2,WS,CHEN Yu Fei,4,2500,Busanan ONGBAMRUNGPHAN,11,2196
2022-06-30,Malaysia_Open_2022,Round 2,MD,Fajar ALFIAN / Muhammad Shohibul FIKRI,7,2164,Mark LAMSFUSS / Marvin SEIDEL,13,1973
2022-06-30,Malaysia_Open_2022,Round 2,WS,Nozomi OKUHARA,6,2331,Iris WANG,33,1986
2022-06-30,Malaysia_Open_2022,Round 2,MS,Anthony Sinisuka GINTING,6,2256,Sitthikom THAMMASIN,33,1982
2022-06-30,Malaysia_Open_2022,Round 2,WD,ZHANG .. / ZHENG Yu,33,1990,Pearly TAN / THINAAH Muralitharan,10,1989
2022-06-30,Malaysia_Open_2022,Round 2,WD,Febby Valencia Dwijayanti GANI / Ribka SUGIARTO,70,1811,Srivedya GURAZADA / Ishika JAISWAL,92,1558
2022-06-30,Malaysia_Open_2022,Round 2,WS,Ratchanok INTANON,8,2299,ZHANG Beiwen,16,2039
2022-06-30,Malaysia_Open_2022,Round 2,XD,Thom GICQUEL / Delphine DELRUE,10,2080,Jones Ralfy JANSEN / Linda EFLER,45,1836
2022-06-30,Malaysia_Open_2022,Round 2,XD,WANG Yi Lyu / HUANG Dong Ping,4,2235,Rehan Naufal KUSHARJANTO / Lisa Ayu KUSUMAWATI,46,1810
2022-06-30,Malaysia_Open_2022,Round 2,WS,HAN Yue,23,1990,AN Se Young,3,2412
2022-06-30,Malaysia_Open_2022,Round 2,XD,Mathias THYRRI / Alexandra BOE,15,1989,HEE Yong KWON / TAN Wei Qiang,39,1845
2022-06-30,Malaysia_Open_2022,Round 2,XD,Dechapol PUAVARANUKROH / Sapsiree TAERATTANACHAI,2,2320,Supak JOMKOH / Supissara PACHARAMONGKOL,22,1966
2022-06-30,Malaysia_Open_2022,Round 2,MS,PRANNOY H. S.,21,2188,CHOU Tien Chen,4,2292
2022-06-30,Malaysia_Open_2022,Round 2,WS,WANG Zhi Yi,13,2324,Gregoria Mariska TUNJUNG,31,2052
2022-06-30,Malaysia_Open_2022,Round 2,XD,KIM Won Ho / JEONG Na Eun,99,1713,GOH Soon Huat / LAI Shevon Jemie,14,1920
2022-06-30,Malaysia_Open_2022,Round 2,XD,ZHENG Si Wei / HUANG Ya Qiong,1,2399,CHEN Tang Jie / Valeree SIETSEMA,49,1800
2022-06-30,Malaysia_Open_2022,Round 2,WS,Line Højmark KJAERSFELDT,29,2034,Carolina MARIN,5,2395
2022-06-30,Malaysia_Open_2022,Round 2,XD,TANG Chun Man / TSE Ying Suet,7,2078,Rinov RIVALDY / Pitha Haningtyas MENTARI,19,1915
2022-06-30,Malaysia_Open_2022,Round 2,WS,TAI Tzu Ying,2,2561,Kristin KUUBA,51,1835
2022-06-30,Malaysia_Open_2022,Round 2,MS,Jonatan CHRISTIE,8,2214,Kenta NISHIMOTO,20,2131
2022-06-30,Malaysia_Open_2022,Round 2,WS,PUSARLA V. Sindhu,7,2315,Lalinrat CHAIWAN,20,2084
2022-07-01,Malaysia_Open_2022,Quarter final,MD,Aaron CHIA / SOH Wooi Yik,6,2113,Hendra SETIAWAN / Mohammad AHSAN,3,2027
2022-07-01,Malaysia_Open_2022,Quarter final,MD,Fajar ALFIAN / Muhammad Shohibul FIKRI,7,2177,ONG Yew Sin / TEO Ee Yi,10,2022
2022-07-01,Malaysia_Open_2022,Quarter final,MS,Kento MOMOTA,2,2260,Shesar Hiren RHUSTAVITO,26,2189
2022-07-01,Malaysia_Open_2022,Quarter final,WD,JEONG Na Eun / KIM Hye Jeong,12,2073,DU Yue / LI Wen Mei,35,1970
2022-07-01,Malaysia_Open_2022,Quarter final,MD,Takuro HOKI / Yugo KOBAYASHI,2,2167,CHOI Sol Gyu / KIM Won Ho,54,1973
2022-07-01,Malaysia_Open_2022,Quarter final,WD,Apriyani RAHAYU / Siti Fadia Silva RAMADHANTI,133,2084,CHEN Qi Ming / JIA Yi Fan,1,2271
2022-07-01,Malaysia_Open_2022,Quarter final,MS,Jonatan CHRISTIE,8,2234,PRANNOY H. S.,21,2220
2022-07-01,Malaysia_Open_2022,Quarter final,MS,Kunlavut VITIDSARN,18,2282,LU Guang Zu,27,2195
2022-07-01,Malaysia_Open_2022,Quarter final,MS,Viktor AXELSEN,1,2651,Anthony Sinisuka GINTING,6,2265
2022-07-01,Malaysia_Open_2022,Quarter final,WD,Mayu MATSUMOTO / Wakana NAGAHARA,6,2169,Anna Cheong Ching Yik / TEOH Mei Xing,44,1819
2022-07-01,Malaysia_Open_2022,Quarter final,MD,GOH Sze Fei / Nur IZZUDDIN,12,2047,LIU Yu Chen / OU Xuan Yi,45,2077
2022-07-01,Malaysia_Open_2022,Quarter final,WD,ZHANG .. / ZHENG Yu,33,2017,Febby Valencia Dwijayanti GANI / Ribka SUGIARTO,70,1823
2022-07-01,Malaysia_Open_2022,Quarter final,XD,Mathias THYRRI / Alexandra BOE,15,2005,Robin TABELING / Selena PIEK,21,1893
2022-07-01,Malaysia_Open_2022,Quarter final,WS,CHEN Yu Fei,4,2508,Nozomi OKUHARA,6,2337
2022-07-01,Malaysia_Open_2022,Quarter final,XD,Dechapol PUAVARANUKROH / Sapsiree TAERATTANACHAI,2,2326,TANG Chun Man / TSE Ying Suet,7,2093
2022-07-01,Malaysia_Open_2022,Quarter final,XD,ZHENG Si Wei / HUANG Ya Qiong,1,2401,Thom GICQUEL / Delphine DELRUE,10,2091
2022-07-01,Malaysia_Open_2022,Quarter final,WS,WANG Zhi Yi,13,2332,Line Højmark KJAERSFELDT,29,2081
2022-07-01,Malaysia_Open_2022,Quarter final,WS,Ratchanok INTANON,8,2309,HAN Yue,23,2039
2022-07-01,Malaysia_Open_2022,Quarter final,XD,WANG Yi Lyu / HUANG Dong Ping,4,2239,KIM Won Ho / JEONG Na Eun,99,1773
2022-07-01,Malaysia_Open_2022,Quarter final,WS,TAI Tzu Ying,2,2561,PUSARLA V. Sindhu,7,2326
2022-07-02,Malaysia_Open_2022,Semi final,MD,Takuro HOKI / Yugo KOBAYASHI,2,2180,Aaron CHIA / SOH Wooi Yik,6,2134
2022-07-02,Malaysia_Open_2022,Semi final,MS,Viktor AXELSEN,1,2656,Jonatan CHRISTIE,8,2259
2022-07-02,Malaysia_Open_2022,Semi final,MD,Fajar ALFIAN / Muhammad Shohibul FIKRI,7,2192,GOH Sze Fei / Nur IZZUDDIN,12,2076
2022-07-02,Malaysia_Open_2022,Semi final,MS,Kento MOMOTA,2,2264,Kunlavut VITIDSARN,18,2302
2022-07-02,Malaysia_Open_2022,Semi final,WS,CHEN Yu Fei,4,2522,TAI Tzu Ying,2,2572
2022-07-02,Malaysia_Open_2022,Semi final,WD,Apriyani RAHAYU / Siti Fadia Silva RAMADHANTI,133,2124,JEONG Na Eun / KIM Hye Jeong,12,2092
2022-07-02,Malaysia_Open_2022,Semi final,WD,ZHANG .. / ZHENG Yu,33,2030,Mayu MATSUMOTO / Wakana NAGAHARA,6,2175
2022-07-02,Malaysia_Open_2022,Semi final,WS,Ratchanok INTANON,8,2318,WANG Zhi Yi,13,2342
2022-07-02,Malaysia_Open_2022,Semi final,XD,ZHENG Si Wei / HUANG Ya Qiong,1,2408,Mathias THYRRI / Alexandra BOE,15,2024
2022-07-02,Malaysia_Open_2022,Semi final,XD,Dechapol PUAVARANUKROH / Sapsiree TAERATTANACHAI,2,2337,WANG Yi Lyu / HUANG Dong Ping,4,2242
2022-07-03,Malaysia_Open_2022,Final,MD,Takuro HOKI / Yugo KOBAYASHI,2,2204,Fajar ALFIAN / Muhammad Shohibul FIKRI,7,2211
2022-07-03,Malaysia_Open_2022,Final,MS,Viktor AXELSEN,1,2661,Kento MOMOTA,2,2294
2022-07-03,Malaysia_Open_2022,Final,WS,Ratchanok INTANON,8,2347,CHEN Yu Fei,4,2552
2022-07-03,Malaysia_Open_2022,Final,WD,Apriyani RAHAYU / Siti Fadia Silva RAMADHANTI,133,2149,ZHANG .. / ZHENG Yu,33,2069
2022-07-03,Malaysia_Open_2022,Final,XD,ZHENG Si Wei / HUANG Ya Qiong,1,2413,Dechapol PUAVARANUKROH / Sapsiree TAERATTANACHAI,2,2356
2022-08-22,BWF World Championships 2022,Round 1,MS,Kento MOMOTA,2,2263,Lino MUNOZ,82,1729
2022-08-22,BWF World Championships 2022,Round 1,WD,Siti Fadia Silva RAMADHANTI / Ribka SUGIARTO,28,1882,CHANG Tak Ching / YANG Ching Tun,75,1501
2022-08-22,BWF World Championships 2022,Round 1,WD,Debora JILLE / Cheryl SEINEN,38,1777,Mariia STOLIARENKO / Yelyzaveta ZHARKA,63,1426
2022-08-22,BWF World Championships 2022,Round 1,MS,LOH Kean Yew,8,2221,Pablo ABIAN,58,1843
2022-08-22,BWF World Championships 2022,Round 1,MD,HEE Yong KWON / LOH Kean Yew,41,1850,Christo POPOV / Toma Junior POPOV,28,1675
2022-08-22,BWF World Championships 2022,Round 1,MS,PRANNOY H. S.,18,2208,Luka WRABER,94,1572
2022-08-22,BWF World Championships 2022,Round 1,MS,ZHAO Jun Peng,23,2123,Anuoluwapo Juwon OPEYORI,114,1911
2022-08-22,BWF World Championships 2022,Round 1,MS,KIDAMBI Srikanth,13,2179,Nhat NGUYEN,39,1945
2022-08-22,BWF World Championships 2022,Round 1,MS,WONG Wing Ki Vincent,67,1708,Julien CARRAGGI,113,1715
2022-08-22,BWF World Championships 2022,Round 1,WS,Iris WANG,32,1936,Ksenia POLIKARPOVA,81,1554
2022-08-22,BWF World Championships 2022,Round 1,WD,Benyapa AIMSAARD / Nuntakarn AIMSAARD,29,1799,Kati-Kreete TÜÜR / Helina RÜÜTEL,54,1511
2022-08-22,BWF World Championships 2022,Round 1,WD,LIU Xuan Xuan / XIA Yu Ting,24,1816,Jacqueline FUNAOKA / Samia LIMA,61,1550
2022-08-22,BWF World Championships 2022,Round 1,MD,Lucas CORVEE / Ronan LABAR,56,1668,Adham Hatem ELGAMAL / Ahmed SALAH,85,1771
2022-08-22,BWF World Championships 2022,Round 1,MS,Luís Enrique PEÑALVER,74,1780,Daniel NIKOLOV,117,1708
2022-08-22,BWF World Championships 2022,Round 1,MS,Jan LOUDA,99,1807,Misha ZILBERMAN,47,1903
2022-08-22,BWF World Championships 2022,Round 1,WD,Pooja DANDU / SANJANA SANTOSH,95,1500,Ines Lucia CASTILLO SILVA / Paula LALAGUNA,100,1500
2022-08-22,BWF World Championships 2022,Round 1,XD,CHEN Tang Jie / PECK Yen Wei,28,1905,Mathew FOGARTY / Isabel ZHUK,118,1500
2022-08-22,BWF World Championships 2022,Round 1,MS,Georges Julien PAUL,104,1804,Luis Armando MONTOYA,124,1584
2022-08-22,BWF World Championships 2022,Round 1,MS,NG Ka Long Angus,11,2127,HEO Kwang Hee,32,1965
2022-08-22,BWF World Championships 2022,Round 1,MD,M.R. ARJUN / DHRUV KAPILA,35,1798,Supak JOMKOH / Kittinupong KEDREN,33,1802
2022-08-22,BWF World Championships 2022,Round 1,MS,Lakshya SEN,10,2262,Hans-Kristian Solberg VITTINGHUS,19,2044
2022-08-22,BWF World Championships 2022,Round 1,MS,LEE Zii Jia,5,2399,Brice LEVERDEZ,40,1927
2022-08-22,BWF World Championships 2022,Round 1,MS,Kevin CORDON,41,2032,Niluka KARUNARATNE,122,1723
2022-08-22,BWF World Championships 2022,Round 1,MS,LEE Cheuk Yiu,15,2075,Abhinav MANOTA,105,1708
2022-08-22,BWF World Championships 2022,Round 1,MS,Kodai NARAOKA,31,2085,DANYLO BOSNIUK,98,1715
2022-08-22,BWF World Championships 2022,Round 1,MD,Christoph WEGNER / Matthew NOTTINGHAM,53,1677,Ondrej KRAPL / Adam MENDREK,97,1599
2022-08-22,BWF World Championships 2022,Round 1,WS,KIM Ga Eun,19,2048,Line Højmark KJAERSFELDT,25,2057
2022-08-22,BWF World Championships 2022,Round 1,MS,Kunlavut VITIDSARN,17,2272,Tommy SUGIARTO,34,1917
2022-08-22,BWF World Championships 2022,Round 1,MS,Kenta NISHIMOTO,21,2098,Anders ANTONSEN,3,2197
2022-08-22,BWF World Championships 2022,Round 1,WD,Vivian HO / LIM Chiew Sien,35,1701,Linda EFLER / Isabel LOHAU,26,1744
2022-08-22,BWF World Championships 2022,Round 1,MS,WANG Tzu Wei,16,2078,NGUYEN Tien Minh,91,1844
2022-08-22,BWF World Championships 2022,Round 1,WS,ZHANG Wen Yu,71,1793,THET Htar Thuzar,73,1669
2022-08-22,BWF World Championships 2022,Round 1,MS,Felix BURESTEDT,63,1785,Adham Hatem ELGAMAL,107,1788
2022-08-22,BWF World Championships 2022,Round 1,MS,Kai SCHAEFER,81,1807,Kantaphon WANGCHAROEN,22,1883
2022-08-22,BWF World Championships 2022,Round 1,MS,LU Guang Zu,24,2154,Toby PENTY,52,1889
2022-08-22,BWF World Championships 2022,Round 1,MD,Hiroki OKAMURA / Masayuki MORIZONO,52,1671,ATTRI Manu / REDDY Badri Narayana,57,1558
2022-08-22,BWF World Championships 2022,Round 1,WS,LéOnice HUET,55,1586,Kristin KUUBA,46,1824
2022-08-22,BWF World Championships 2022,Round 1,MS,Jason Anthony HO-SHUE,53,1772,Howard SHU,134,1627
2022-08-22,BWF World Championships 2022,Round 1,MS,Mark CALJOUW,28,1991,Jia Heng Jason TEH,86,1846
2022-08-22,BWF World Championships 2022,Round 1,MS,Viktor AXELSEN,1,2667,LIEW Daren,29,1985
2022-08-22,BWF World Championships 2022,Round 1,WS,Line CHRISTOPHERSEN,21,1874,Malvika BANSOD,47,1761
2022-08-22,BWF World Championships 2022,Round 1,MS,SHI Yu Qi,25,2087,Ade Resky DWICAHYO,80,1811
2022-08-22,BWF World Championships 2022,Round 1,WS,NGUYEN Thuy Linh,60,1813,Aya OHORI,27,2002
2022-08-22,BWF World Championships 2022,Round 1,XD,Ties VAN DER LECQ / Debora JILLE,77,1613,Jonathan MCDERMOTT / Diana CORTES,64,1792
2022-08-22,BWF World Championships 2022,Round 1,MS,CHOU Tien Chen,4,2251,SAI PRANEETH B.,20,1931
2022-08-22,BWF World Championships 2022,Round 1,XD,Ishaan BHATNAGAR / Tanisha CRASTO,41,1645,Patrick VIEIRA / Franziska STOLZ,70,1574
2022-08-22,BWF World Championships 2022,Round 1,WS,Gregoria Mariska TUNJUNG,24,2120,Kirsty GILMOUR,17,2032
2022-08-22,BWF World Championships 2022,Round 1,XD,Kyohei YAMASHITA / Naru SHINOYA,29,1815,William VILLEGER / Anne TRAN,55,1720
2022-08-22,BWF World Championships 2022,Round 1,MS,Jonatan CHRISTIE,7,2191,Toma Junior POPOV,27,2046
2022-08-22,BWF World Championships 2022,Round 1,MS,Rasmus GEMKE,12,2095,Kalle KOLJONEN,69,1800
2022-08-22,BWF World Championships 2022,Round 1,XD,Fabricio AUGUSTO / Jacqueline FUNAOKA,60,1666,Anton KASHUBA / Alžběta BACÍKOVÁ,79,1654
2022-08-22,BWF World Championships 2022,Round 1,MD,Jaromir JANSA / Tomáš ŠVEJDA,105,1443,Glib BEKEY / Mykhaylo MEDVEDEV,120,1438
2022-08-22,BWF World Championships 2022,Round 1,XD,Rehan Naufal KUSHARJANTO / Lisa Ayu KUSUMAWATI,44,1758,LEE Jhe-Huei / HSU Ya Ching,25,1763
2022-08-22,BWF World Championships 2022,Round 1,MD,Bjarne GEHNERT / Jan Colin STICHLING,70,1580,Torjus FLAATTEN / Vegard RIKHEIM,62,1569
2022-08-22,BWF World Championships 2022,Round 1,MD,Keiichiro MATSUI / Yoshinori TAKEUTI,34,1757,KANG Min Hyuk / KIM Jae Hwan,65,1642
2022-08-22,BWF World Championships 2022,Round 1,WD,YEUNG Wing Lee / YEUNG Pak Hon,60,1767,Kate FFRENCH / Moya RYAN,82,1349
2022-08-22,BWF World Championships 2022,Round 1,WS,HAN Yue,22,2049,QI Xuefei,43,1777
2022-08-22,BWF World Championships 2022,Round 1,WS,SIM Yu Jin,42,1955,YEO Jia Min,18,2033
2022-08-22,BWF World Championships 2022,Round 1,MS,Anthony Sinisuka GINTING,6,2315,Ygor COELHO,51,1850
2022-08-22,BWF World Championships 2022,Round 1,MS,Sitthikom THAMMASIN,33,1962,Kanta TSUNEYAMA,14,2167
2022-08-22,BWF World Championships 2022,Round 1,XD,Misha ZILBERMAN / Svetlana ZILBERMAN,90,1472,Adham Hatem ELGAMAL / Doha Hany ABDELAZIZ,51,1678
2022-08-22,BWF World Championships 2022,Round 1,XD,HEE Yong KWON / TAN Wei Qiang,33,1937,Callum HEMMING / Jessica PUGH,46,1765
2022-08-22,BWF World Championships 2022,Round 1,XD,LEE Yang / YANG Ching Tun,62,1619,Sachin DIAS / Thilini HENDAHEWA,170,1676
2022-08-22,BWF World Championships 2022,Round 1,WD,Ashwini PONNAPPA / REDDY Sikki Gupta,25,1661,Aminath NABEEHA / Fathimath NABAAHA,103,1472
2022-08-22,BWF World Championships 2022,Round 1,MS,NG Tze Yong,42,2137,Chico Aura DWI WARDOYO,35,2125
2022-08-22,BWF World Championships 2022,Round 1,MS,Bernardo ATILANO,138,1680,Max WEISSKIRCHEN,57,1817
2022-08-23,BWF World Championships 2022,Round 2,WS,Akane YAMAGUCHI,1,2360,Gregoria Mariska TUNJUNG,24,2140
2022-08-23,BWF World Championships 2022,Round 2,XD,ZHENG Si Wei / HUANG Dong Ping,2,2444,Ties VAN DER LECQ / Debora JILLE,77,1694
2022-08-23,BWF World Championships 2022,Round 2,WS,HE Bing Jiao,9,2325,Iris WANG,32,1942
2022-08-23,BWF World Championships 2022,Round 2,XD,SEO Seung Jae / CHAE Yu Jung,6,2077,Fabricio AUGUSTO / Jacqueline FUNAOKA,60,1711
2022-08-23,BWF World Championships 2022,Round 2,XD,Rehan Naufal KUSHARJANTO / Lisa Ayu KUSUMAWATI,44,1795,CHANG Tak Ching / NG Wing Yung,24,1727
2022-08-23,BWF World Championships 2022,Round 2,XD,Supak JOMKOH / Supissara PACHARAMONGKOL,20,1997,Ishaan BHATNAGAR / Tanisha CRASTO,41,1684
2022-08-23,BWF World Championships 2022,Round 2,WS,WANG Zhi Yi,11,2307,Line CHRISTOPHERSEN,21,1895
2022-08-23,BWF World Championships 2022,Round 2,WS,Sayaka TAKAHASHI,14,2212,KIM Ga Eun,19,2076
2022-08-23,BWF World Championships 2022,Round 2,XD,Rinov RIVALDY / Pitha Haningtyas MENTARI,18,1961,LEE Yang / YANG Ching Tun,62,1619
2022-08-23,BWF World Championships 2022,Round 2,XD,WANG Yi Lyu / HUANG Dong Ping,4,2227,CHEN Tang Jie / PECK Yen Wei,28,1907
2022-08-23,BWF World Championships 2022,Round 2,MS,Jonatan CHRISTIE,7,2207,Kai SCHAEFER,81,1847
2022-08-23,BWF World Championships 2022,Round 2,XD,Kyohei YAMASHITA / Naru SHINOYA,29,1839,Mathias THYRRI / Alexandra BOE,13,1995
2022-08-23,BWF World Championships 2022,Round 2,XD,TAN Kian Meng / LAI Pei Jing,11,1934,Misha ZILBERMAN / Svetlana ZILBERMAN,90,1602
2022-08-23,BWF World Championships 2022,Round 2,WS,ZHANG Beiwen,16,1979,LéOnice HUET,55,1682
2022-08-23,BWF World Championships 2022,Round 2,WS,Carolina MARIN,5,2350,ZHANG Wen Yu,71,1815
2022-08-23,BWF World Championships 2022,Round 2,WS,AN Se Young,3,2437,NGUYEN Thuy Linh,60,1862
2022-08-23,BWF World Championships 2022,Round 2,WS,Saina NEHWAL,33,1941,Nozomi OKUHARA,6,2322
2022-08-23,BWF World Championships 2022,Round 2,WS,HAN Yue,22,2059,PUSARLA V. Sindhu,7,2404
2022-08-23,BWF World Championships 2022,Round 2,MS,Viktor AXELSEN,1,2668,Mark CALJOUW,28,2008
2022-08-23,BWF World Championships 2022,Round 2,MS,Anthony Sinisuka GINTING,6,2318,Georges Julien PAUL,104,1819
2022-08-23,BWF World Championships 2022,Round 2,MS,LEE Cheuk Yiu,15,2081,Jan LOUDA,99,1849
2022-08-23,BWF World Championships 2022,Round 2,MS,SHI Yu Qi,25,2097,Rasmus GEMKE,12,2103
2022-08-23,BWF World Championships 2022,Round 2,MS,Sitthikom THAMMASIN,33,2005,NG Tze Yong,42,2163
2022-08-23,BWF World Championships 2022,Round 2,MS,WANG Tzu Wei,16,2089,LU Guang Zu,24,2163
2022-08-23,BWF World Championships 2022,Round 2,MS,CHOU Tien Chen,4,2258,Jason Anthony HO-SHUE,53,1793
2022-08-23,BWF World Championships 2022,Round 1,XD,GUO Xin Wa / ZHANG Shu Xian,32,1790,Vinson CHIU / Jennie Gail HORLADOR,72,1647
2022-08-23,BWF World Championships 2022,Round 1,MD,Alexander DUNN / Adam HALL,36,1781,Job CASTELEIJN / Luis Armando MONTOYA,81,1817
2022-08-23,BWF World Championships 2022,Round 1,WD,Julie MACPHERSON / Ciara TORRANCE,47,1574,Francesca CORBETT / Allison QUEK,77,1549
2022-08-23,BWF World Championships 2022,Round 1,WD,JIN Yu Jia / WONG Jia Lin,80,1703,Serena ANITA / Katharina FINK,109,1357
2022-08-23,BWF World Championships 2022,Round 1,WD,BAEK Ha Na / LEE Yu Lim,39,1877,Johanna GOLISZEWSKI / Clara NISTAD,46,1693
2022-08-23,BWF World Championships 2022,Round 1,MD,Fabien DELRUE / William VILLEGER,39,1655,Krishna Prasad GARAGA / Vishnuvardhan Goud PANJALA,48,1594
2022-08-23,BWF World Championships 2022,Round 1,MD,Anibal MOLINA / Jonathan MCDERMOTT,93,1559,Jonathan MCDERMOTT / Dylan SOROOSH,,1526
2022-08-23,BWF World Championships 2022,Round 1,MD,Jeppe BAY / Lasse MØLHEDE,32,1719,Buwanek NILUKA / Sachin DIAS,96,1678
2022-08-23,BWF World Championships 2022,Round 1,WD,Margot LAMBERT / Anne TRAN,52,1626,Febriana Dwipuji KUSUMA / Amallia Cahaya PRATIWI,43,1816
2022-08-23,BWF World Championships 2022,Round 1,MD,LU Ching Yao / YANG Po Hsuan,23,1873,Joan MORERA / Carlos PIOTTO,109,1506
2022-08-23,BWF World Championships 2022,Round 1,MD,LEE Jhe-Huei / YANG Po Hsuan,40,1818,Ruben JILLE / Ties VAN DER LECQ,42,1806
2022-08-23,BWF World Championships 2022,Round 1,WS,Yvonne LI,26,1831,Doha HANY,92,1611
2022-08-23,BWF World Championships 2022,Round 1,WD,Ashwini BHAT K / Shikha GAUTAM,53,1661,Martina CORPUS / Judith MAIR,84,1614
2022-08-23,BWF World Championships 2022,Round 1,XD,Zachariah Josiahno SUMITRO / Hediana JULIMARBELA,52,1708,Mikkel MIKKELSEN / Rikke SØBY,35,1765
2022-08-23,BWF World Championships 2022,Round 1,XD,Alexander DUNN / Ciara TORRANCE,120,1545,Philip BIRCH / Katharina FINK,94,1518
2022-08-23,BWF World Championships 2022,Round 1,XD,Hiroki MIDORIKAWA / Natsu SAITO,59,1719,Fabien DELRUE / Vimala HERATHI,75,1627
2022-08-23,BWF World Championships 2022,Round 1,WS,Saina NEHWAL,33,1922,CHEUNG Ngan Yi,50,1802
2022-08-23,BWF World Championships 2022,Round 1,WD,Catherine CHOI / Josephine WU,56,1742,Flavie VANACKER / Emilie VESTERGAARD,106,1517
2022-08-23,BWF World Championships 2022,Round 1,MD,Joshua MAYO / Paul REYNAUD,64,1461,Fabricio AUGUSTO / Francielto JUNIOR,84,1619
2022-08-23,BWF World Championships 2022,Round 1,WS,Lalinrat CHAIWAN,20,2068,PAI Yu Po,38,1835
2022-08-23,BWF World Championships 2022,Round 1,WD,Anna CHING / TEOH Mei Xing,33,1873,Stine KUUSISTO / Emma MOSZCZYNSKI,68,1766
2022-08-23,BWF World Championships 2022,Round 1,WS,Soniia CHEAH,40,1780,Putri Kusuma WARDANI,44,1930
2022-08-23,BWF World Championships 2022,Round 1,WS,YIP Pui Yin,87,1671,Lianne TAN,37,1800
2022-08-23,BWF World Championships 2022,Round 1,XD,Gregory MAIRS / Jenny MAINZER,78,1664,Venkat Gaurav PRASAD / Juhi DEWANGAN,57,1495
2022-08-23,BWF World Championships 2022,Round 1,WS,VU Thi Trang,80,1707,KISONA Selvaduray,54,1766
2022-08-23,BWF World Championships 2022,Round 1,WS,Martina REPISKA,78,1551,Maria ULITINA,58,1697
2022-08-23,BWF World Championships 2022,Round 1,XD,YANG Po Hsuan / HU Ling Fang,34,1741,Adam HALL / Julie MACPHERSON,39,1802
2022-08-23,BWF World Championships 2022,Round 1,XD,CHOI Sol Gyu / SHIN Seung Chan,99,1650,Jones Ralfy JANSEN / Linda EFLER,38,1793
2022-08-23,BWF World Championships 2022,Round 1,WD,Treesa JOLLY / GAYATRI GOPICHAND,37,1840,LOW Yeen Yuan / Valeree SIETSEMA,64,1651
2022-08-24,BWF World Championships 2022,Round 2,WD,JEONG Na Eun / KIM Hye Rin,10,2076,Anna CHING / TEOH Mei Xing,33,1895
2022-08-24,BWF World Championships 2022,Round 2,WS,TAI Tzu Ying,2,2531,Martina REPISKA,78,1645
2022-08-24,BWF World Championships 2022,Round 2,MD,Alexander DUNN / Adam HALL,36,1819,Muhammad Shohibul FIKRI / Bagas MAULANA,19,1907
2022-08-24,BWF World Championships 2022,Round 2,MS,PRANNOY H. S.,18,2210,Kento MOMOTA,2,2265
2022-08-24,BWF World Championships 2022,Round 2,XD,TANG Chun Man / TSE Ying Suet,7,2024,GUO Xin Wa / ZHANG Shu Xian,32,1811
2022-08-24,BWF World Championships 2022,Round 2,MD,Jeppe BAY / Lasse MØLHEDE,32,1754,GOH V Shem / TAN Wee Kiong,15,1862
2022-08-24,BWF World Championships 2022,Round 2,WD,JIN Yu Jia / WONG Jia Lin,80,1713,Yuki FUKUSHIMA / Sayaka HIROTA,2,2116
2022-08-24,BWF World Championships 2022,Round 2,WS,Busanan ONGBAMRUNGPHAN,12,2135,Yvonne LI,26,1845
2022-08-24,BWF World Championships 2022,Round 2,MD,Satwiksairaj RANKIREDDY / Chirag SHETTY,7,2097,Anibal MOLINA / Jonathan MCDERMOTT,93,1619
2022-08-24,BWF World Championships 2022,Round 2,MS,ZHAO Jun Peng,23,2123,KIDAMBI Srikanth,13,2190
2022-08-24,BWF World Championships 2022,Round 2,WD,KIM So Yeong / KONG Hee Yong,4,2070,Ashwini BHAT K / Shikha GAUTAM,53,1702
2022-08-24,BWF World Championships 2022,Round 2,MS,Lakshya SEN,10,2274,Luís Enrique PEÑALVER,74,1807
2022-08-24,BWF World Championships 2022,Round 2,XD,HEE Yong KWON / TAN Wei Qiang,33,1937,Yuki KANEKO / Misaki MATSUTOMO,16,1897
2022-08-24,BWF World Championships 2022,Round 2,WD,DU Yue / LI Wen Mei,19,2001,LIU Xuan Xuan / XIA Yu Ting,24,1827
2022-08-24,BWF World Championships 2022,Round 2,WD,Puttita SUPAJIRAKUL / Sapsiree TAERATTANACHAI,20,1897,Margot LAMBERT / Anne TRAN,52,1705
2022-08-24,BWF World Championships 2022,Round 2,WD,Pearly TAN / THINAAH Muralitharan,11,2073,Treesa JOLLY / GAYATRI GOPICHAND,37,1855
2022-08-24,BWF World Championships 2022,Round 2,MD,LEE Yang / WANG Chang,4,2070,LEE Jhe-Huei / YANG Po Hsuan,40,1849
2022-08-24,BWF World Championships 2022,Round 2,MD,Aaron CHIA / SOH Wooi Yik,6,2117,LU Ching Yao / YANG Po Hsuan,23,1880
2022-08-24,BWF World Championships 2022,Round 2,XD,Mark LAMSFUSS / Isabel LOHAU,12,1970,Hiroki MIDORIKAWA / Natsu SAITO,59,1749
2022-08-24,BWF World Championships 2022,Round 2,WD,ZHANG Shu Xian / ZHENG Si Wei,13,2048,Julie MACPHERSON / Ciara TORRANCE,47,1632
2022-08-24,BWF World Championships 2022,Round 2,MD,Takuro HOKI / Yugo KOBAYASHI,2,2205,Fabien DELRUE / William VILLEGER,39,1694
2022-08-24,BWF World Championships 2022,Round 2,WD,Nami MATSUYAMA / Chiharu SHIDA,5,2265,Catherine CHOI / Josephine WU,56,1759
2022-08-24,BWF World Championships 2022,Round 2,MS,LEE Zii Jia,5,2402,Bernardo ATILANO,138,1680
2022-08-24,BWF World Championships 2022,Round 2,WS,VU Thi Trang,80,1755,Mia BLICHFELDT,15,2062
2022-08-24,BWF World Championships 2022,Round 2,WD,Gabriela STOEVA / Stefani STOEVA,9,1945,BAEK Ha Na / LEE Yu Lim,39,1893
2022-08-24,BWF World Championships 2022,Round 2,MS,Kenta NISHIMOTO,21,2133,Felix BURESTEDT,63,1820
2022-08-24,BWF World Championships 2022,Round 2,WD,Rin IWANAGA / Kie NAKANISHI,21,1934,Debora JILLE / Cheryl SEINEN,38,1785
2022-08-24,BWF World Championships 2022,Round 2,WS,CHEN Yu Fei,4,2522,Soniia CHEAH,40,1829
2022-08-24,BWF World Championships 2022,Round 2,MD,Akira KOGA / Taichi SAITO,22,1913,Keiichiro MATSUI / Yoshinori TAKEUTI,34,1782
2022-08-24,BWF World Championships 2022,Round 2,WD,Mayu MATSUMOTO / Wakana NAGAHARA,6,2102,Benyapa AIMSAARD / Nuntakarn AIMSAARD,29,1810
2022-08-24,BWF World Championships 2022,Round 2,WS,Pornpawee CHOCHUWONG,10,2200,SIM Yu Jin,42,1955
2022-08-24,BWF World Championships 2022,Round 2,MS,NG Ka Long Angus,11,2142,WONG Wing Ki Vincent,67,1750
2022-08-24,BWF World Championships 2022,Round 2,XD,GOH Soon Huat / LAI Shevon Jemie,14,1963,Gregory MAIRS / Jenny MAINZER,78,1690
2022-08-24,BWF World Championships 2022,Round 2,MD,Fajar ALFIAN / Muhammad Shohibul FIKRI,5,2219,Hiroki OKAMURA / Masayuki MORIZONO,52,1703
2022-08-24,BWF World Championships 2022,Round 2,XD,Dechapol PUAVARANUKROH / Sapsiree TAERATTANACHAI,1,2337,CHOI Sol Gyu / SHIN Seung Chan,99,1718
2022-08-24,BWF World Championships 2022,Round 2,MD,GOH Sze Fei / Nur IZZUDDIN,12,2005,Joshua MAYO / Paul REYNAUD,64,1585
2022-08-24,BWF World Championships 2022,Round 2,MD,Marcus Fernaldi GIDEON / Kevin Sanjaya SUKAMULJO,1,2224,Jaromir JANSA / Tomáš ŠVEJDA,105,1533
2022-08-24,BWF World Championships 2022,Round 2,MS,LOH Kean Yew,8,2227,Kevin CORDON,41,2039
2022-08-24,BWF World Championships 2022,Round 2,XD,Yuta WATANABE / Arisa IGAKI,3,2249,Alexander DUNN / Ciara TORRANCE,120,1608
2022-08-24,BWF World Championships 2022,Round 2,WD,Jongkolphan KITITHARAKUL / Rawinda PRAJONGJAI,8,1941,Siti Fadia Silva RAMADHANTI / Ribka SUGIARTO,28,1888
2022-08-24,BWF World Championships 2022,Round 2,MS,Kunlavut VITIDSARN,17,2278,Kodai NARAOKA,31,2090
2022-08-24,BWF World Championships 2022,Round 2,MD,Hendra SETIAWAN / Mohammad AHSAN,3,2049,Lucas CORVEE / Ronan LABAR,56,1728
2022-08-24,BWF World Championships 2022,Round 2,MD,M.R. ARJUN / DHRUV KAPILA,35,1832,Kim ASTRUP / Anders Skaarup RASMUSSEN,8,2004
2022-08-24,BWF World Championships 2022,Round 2,XD,Robin TABELING / Selena PIEK,21,1912,Zachariah Josiahno SUMITRO / Hediana JULIMARBELA,52,1756
2022-08-24,BWF World Championships 2022,Round 2,MD,Ben LANE / Sean VENDY,18,1860,Bjarne GEHNERT / Jan Colin STICHLING,70,1639
2022-08-24,BWF World Championships 2022,Round 2,MD,HEE Yong KWON / LOH Kean Yew,41,1867,ONG Yew Sin / TEO Ee Yi,10,1984
2022-08-24,BWF World Championships 2022,Round 2,WD,CHEN Qi Ming / JIA Yi Fan,1,2284,Ashwini PONNAPPA / REDDY Sikki Gupta,25,1685
2022-08-24,BWF World Championships 2022,Round 2,MD,Mark LAMSFUSS / Marvin SEIDEL,13,1929,Christoph WEGNER / Matthew NOTTINGHAM,53,1712
2022-08-24,BWF World Championships 2022,Round 2,WD,Maiken FRUERGAARD / Sara THYGESEN,16,1761,YEUNG Wing Lee / YEUNG Pak Hon,60,1773
2022-08-24,BWF World Championships 2022,Round 2,WD,LEE So Hee / SHIN Se Eum,3,2090,Pooja DANDU / SANJANA SANTOSH,95,1579
2022-08-24,BWF World Championships 2022,Round 2,WS,Ratchanok INTANON,8,2366,Lalinrat CHAIWAN,20,2079
2022-08-24,BWF World Championships 2022,Round 2,WD,Vivian HO / LIM Chiew Sien,35,1748,Rachel HU / Kristen TSAI,23,1884
2022-08-24,BWF World Championships 2022,Round 2,WS,Michelle LI,13,2038,YIP Pui Yin,87,1733
2022-08-24,BWF World Championships 2022,Round 2,XD,Thom GICQUEL / Delphine DELRUE,9,2083,YANG Po Hsuan / HU Ling Fang,34,1785
2022-08-25,BWF World Championships 2022,Round 3,WD,Puttita SUPAJIRAKUL / Sapsiree TAERATTANACHAI,20,1911,Gabriela STOEVA / Stefani STOEVA,9,1969
2022-08-25,BWF World Championships 2022,Round 3,MS,Kunlavut VITIDSARN,17,2291,Kenta NISHIMOTO,21,2140
2022-08-25,BWF World Championships 2022,Round 3,MD,CHOI Sol Gyu / SEO Seung Jae,11,2024,LEE Yang / WANG Chang,4,2082
2022-08-25,BWF World Championships 2022,Round 3,WD,ZHANG Shu Xian / ZHENG Si Wei,13,2053,JIN Yu Jia / WONG Jia Lin,80,1713
2022-08-25,BWF World Championships 2022,Round 3,MS,LOH Kean Yew,8,2240,NG Ka Long Angus,11,2147
2022-08-25,BWF World Championships 2022,Round 3,WD,KIM So Yeong / KONG Hee Yong,4,2076,JEONG Na Eun / KIM Hye Rin,10,2090
2022-08-25,BWF World Championships 2022,Round 3,MS,ZHAO Jun Peng,23,2155,LEE Zii Jia,5,2403
2022-08-25,BWF World Championships 2022,Round 3,MS,PRANNOY H. S.,18,2240,Lakshya SEN,10,2277
2022-08-25,BWF World Championships 2022,Round 3,MS,Anthony Sinisuka GINTING,6,2321,SHI Yu Qi,25,2124
2022-08-25,BWF World Championships 2022,Round 3,MD,Aaron CHIA / SOH Wooi Yik,6,2128,GOH Sze Fei / Nur IZZUDDIN,12,2010
2022-08-25,BWF World Championships 2022,Round 3,WD,Nami MATSUYAMA / Chiharu SHIDA,5,2268,Pearly TAN / THINAAH Muralitharan,11,2085
2022-08-25,BWF World Championships 2022,Round 3,MD,Takuro HOKI / Yugo KOBAYASHI,2,2208,Alexander DUNN / Adam HALL,36,1860
2022-08-25,BWF World Championships 2022,Round 3,XD,TAN Kian Meng / LAI Pei Jing,11,1941,Kyohei YAMASHITA / Naru SHINOYA,29,1884
2022-08-25,BWF World Championships 2022,Round 3,WS,Busanan ONGBAMRUNGPHAN,12,2143,Saina NEHWAL,33,1941
2022-08-25,BWF World Championships 2022,Round 3,MS,Viktor AXELSEN,1,2669,Sitthikom THAMMASIN,33,2044
2022-08-25,BWF World Championships 2022,Round 3,MD,Satwiksairaj RANKIREDDY / Chirag SHETTY,7,2100,Jeppe BAY / Lasse MØLHEDE,32,1802
2022-08-25,BWF World Championships 2022,Round 3,WS,HAN Yue,22,2059,WANG Zhi Yi,11,2311
2022-08-25,BWF World Championships 2022,Round 3,XD,Mark LAMSFUSS / Isabel LOHAU,12,1982,Dechapol PUAVARANUKROH / Sapsiree TAERATTANACHAI,1,2338
2022-08-25,BWF World Championships 2022,Round 3,XD,WANG Yi Lyu / HUANG Dong Ping,4,2234,Rinov RIVALDY / Pitha Haningtyas MENTARI,18,1968
2022-08-25,BWF World Championships 2022,Round 3,MS,CHOU Tien Chen,4,2261,LEE Cheuk Yiu,15,2092
2022-08-25,BWF World Championships 2022,Round 3,XD,Yuta WATANABE / Arisa IGAKI,3,2250,Robin TABELING / Selena PIEK,21,1929
2022-08-25,BWF World Championships 2022,Round 3,XD,TANG Chun Man / TSE Ying Suet,7,2037,HEE Yong KWON / TAN Wei Qiang,33,1962
2022-08-25,BWF World Championships 2022,Round 3,XD,ZHENG Si Wei / HUANG Dong Ping,2,2445,Supak JOMKOH / Supissara PACHARAMONGKOL,20,2005
2022-08-25,BWF World Championships 2022,Round 3,XD,GOH Soon Huat / LAI Shevon Jemie,14,1973,Thom GICQUEL / Delphine DELRUE,9,2091
2022-08-25,BWF World Championships 2022,Round 3,MD,Fajar ALFIAN / Muhammad Shohibul FIKRI,5,2222,Akira KOGA / Taichi SAITO,22,1931
2022-08-25,BWF World Championships 2022,Round 3,XD,SEO Seung Jae / CHAE Yu Jung,6,2083,Rehan Naufal KUSHARJANTO / Lisa Ayu KUSUMAWATI,44,1823
2022-08-25,BWF World Championships 2022,Round 3,WS,TAI Tzu Ying,2,2531,VU Thi Trang,80,1818
2022-08-25,BWF World Championships 2022,Round 3,WS,Akane YAMAGUCHI,1,2372,Sayaka TAKAHASHI,14,2229
2022-08-25,BWF World Championships 2022,Round 3,WD,CHEN Qi Ming / JIA Yi Fan,1,2286,Maiken FRUERGAARD / Sara THYGESEN,16,1798
2022-08-25,BWF World Championships 2022,Round 3,MS,Jonatan CHRISTIE,7,2213,WANG Tzu Wei,16,2122
2022-08-25,BWF World Championships 2022,Round 3,WS,Carolina MARIN,5,2352,HE Bing Jiao,9,2330
2022-08-25,BWF World Championships 2022,Round 3,WD,Mayu MATSUMOTO / Wakana NAGAHARA,6,2110,DU Yue / LI Wen Mei,19,2015
2022-08-25,BWF World Championships 2022,Round 3,MD,Ben LANE / Sean VENDY,18,1874,Marcus Fernaldi GIDEON / Kevin Sanjaya SUKAMULJO,1,2225
2022-08-25,BWF World Championships 2022,Round 3,WD,Jongkolphan KITITHARAKUL / Rawinda PRAJONGJAI,8,1965,Rin IWANAGA / Kie NAKANISHI,21,1951
2022-08-25,BWF World Championships 2022,Round 3,WS,CHEN Yu Fei,4,2523,Pornpawee CHOCHUWONG,10,2210
2022-08-25,BWF World Championships 2022,Round 3,MD,M.R. ARJUN / DHRUV KAPILA,35,1879,HEE Yong KWON / LOH Kean Yew,41,1907
2022-08-25,BWF World Championships 2022,Round 3,MD,Hendra SETIAWAN / Mohammad AHSAN,3,2056,Mark LAMSFUSS / Marvin SEIDEL,13,1942
2022-08-25,BWF World Championships 2022,Round 3,WD,LEE So Hee / SHIN Se Eum,3,2092,Vivian HO / LIM Chiew Sien,35,1748
2022-08-25,BWF World Championships 2022,Round 3,WS,Michelle LI,13,2046,Ratchanok INTANON,8,2374
2022-08-25,BWF World Championships 2022,Round 3,WS,AN Se Young,3,2439,ZHANG Beiwen,16,1988
2022-08-26,BWF World Championships 2022,Quarter final,XD,WANG Yi Lyu / HUANG Dong Ping,4,2244,SEO Seung Jae / CHAE Yu Jung,6,2093
2022-08-26,BWF World Championships 2022,Quarter final,WS,Akane YAMAGUCHI,1,2388,Carolina MARIN,5,2377
2022-08-26,BWF World Championships 2022,Quarter final,WS,AN Se Young,3,2442,HAN Yue,22,2103
2022-08-26,BWF World Championships 2022,Quarter final,XD,Yuta WATANABE / Arisa IGAKI,3,2258,GOH Soon Huat / LAI Shevon Jemie,14,2011
2022-08-26,BWF World Championships 2022,Quarter final,XD,ZHENG Si Wei / HUANG Dong Ping,2,2449,TAN Kian Meng / LAI Pei Jing,11,1966
2022-08-26,BWF World Championships 2022,Quarter final,WS,TAI Tzu Ying,2,2532,Busanan ONGBAMRUNGPHAN,12,2156
2022-08-26,BWF World Championships 2022,Quarter final,XD,Mark LAMSFUSS / Isabel LOHAU,12,2033,TANG Chun Man / TSE Ying Suet,7,2059
2022-08-26,BWF World Championships 2022,Quarter final,MS,Viktor AXELSEN,1,2671,Anthony Sinisuka GINTING,6,2334
2022-08-26,BWF World Championships 2022,Quarter final,WS,CHEN Yu Fei,4,2530,Michelle LI,13,2094
2022-08-26,BWF World Championships 2022,Quarter final,MS,Kunlavut VITIDSARN,17,2307,LOH Kean Yew,8,2248
2022-08-26,BWF World Championships 2022,Quarter final,MS,CHOU Tien Chen,4,2276,Jonatan CHRISTIE,7,2233
2022-08-26,BWF World Championships 2022,Quarter final,WD,Puttita SUPAJIRAKUL / Sapsiree TAERATTANACHAI,20,1946,ZHANG Shu Xian / ZHENG Si Wei,13,2060
2022-08-26,BWF World Championships 2022,Quarter final,MS,ZHAO Jun Peng,23,2199,PRANNOY H. S.,18,2270
2022-08-26,BWF World Championships 2022,Quarter final,WD,KIM So Yeong / KONG Hee Yong,4,2105,Nami MATSUYAMA / Chiharu SHIDA,5,2282
2022-08-26,BWF World Championships 2022,Quarter final,MD,Satwiksairaj RANKIREDDY / Chirag SHETTY,7,2109,Takuro HOKI / Yugo KOBAYASHI,2,2214
2022-08-26,BWF World Championships 2022,Quarter final,MD,Aaron CHIA / SOH Wooi Yik,6,2146,CHOI Sol Gyu / SEO Seung Jae,11,2056
2022-08-26,BWF World Championships 2022,Quarter final,MD,Hendra SETIAWAN / Mohammad AHSAN,3,2075,M.R. ARJUN / DHRUV KAPILA,35,1912
2022-08-26,BWF World Championships 2022,Quarter final,WD,Mayu MATSUMOTO / Wakana NAGAHARA,6,2130,LEE So Hee / SHIN Se Eum,3,2099
2022-08-26,BWF World Championships 2022,Quarter final,MD,Fajar ALFIAN / Muhammad Shohibul FIKRI,5,2230,Ben LANE / Sean VENDY,18,1928
2022-08-26,BWF World Championships 2022,Quarter final,WD,CHEN Qi Ming / JIA Yi Fan,1,2289,Jongkolphan KITITHARAKUL / Rawinda PRAJONGJAI,8,1993
2022-08-27,BWF World Championships 2022,Semi final,WS,Akane YAMAGUCHI,1,2414,AN Se Young,3,2449
2022-08-27,BWF World Championships 2022,Semi final,XD,ZHENG Si Wei / HUANG Dong Ping,2,2452,WANG Yi Lyu / HUANG Dong Ping,4,2260
2022-08-27,BWF World Championships 2022,Semi final,WS,CHEN Yu Fei,4,2534,TAI Tzu Ying,2,2538
2022-08-27,BWF World Championships 2022,Semi final,XD,Yuta WATANABE / Arisa IGAKI,3,2268,Mark LAMSFUSS / Isabel LOHAU,12,2063
2022-08-27,BWF World Championships 2022,Semi final,MS,Viktor AXELSEN,1,2678,CHOU Tien Chen,4,2300
2022-08-27,BWF World Championships 2022,Semi final,MS,Kunlavut VITIDSARN,17,2330,ZHAO Jun Peng,23,2232
2022-08-27,BWF World Championships 2022,Semi final,WD,KIM So Yeong / KONG Hee Yong,4,2146,Puttita SUPAJIRAKUL / Sapsiree TAERATTANACHAI,20,1985
2022-08-27,BWF World Championships 2022,Semi final,MD,Aaron CHIA / SOH Wooi Yik,6,2167,Satwiksairaj RANKIREDDY / Chirag SHETTY,7,2145
2022-08-27,BWF World Championships 2022,Semi final,WD,CHEN Qi Ming / JIA Yi Fan,1,2297,Mayu MATSUMOTO / Wakana NAGAHARA,6,2156
2022-08-27,BWF World Championships 2022,Semi final,MD,Hendra SETIAWAN / Mohammad AHSAN,3,2091,Fajar ALFIAN / Muhammad Shohibul FIKRI,5,2239
2022-08-28,BWF World Championships 2022,Final,XD,ZHENG Si Wei / HUANG Dong Ping,2,2466,Yuta WATANABE / Arisa IGAKI,3,2282
2022-08-28,BWF World Championships 2022,Final,WS,Akane YAMAGUCHI,1,2445,CHEN Yu Fei,4,2562
2022-08-28,BWF World Championships 2022,Final,MS,Viktor AXELSEN,1,2683,Kunlavut VITIDSARN,17,2350
2022-08-28,BWF World Championships 2022,Final,WD,CHEN Qi Ming / JIA Yi Fan,1,2314,KIM So Yeong / KONG Hee Yong,4,2162
2022-08-28,BWF World Championships 2022,Final,MD,Aaron CHIA / SOH Wooi Yik,6,2193,Hendra SETIAWAN / Mohammad AHSAN,3,2131
2022-12-07,BWF World Tour Finals 2022,Group A,XD,ZHENG Si Wei / HUANG Ya Qiong,3,2474,Thom GICQUEL / Delphine DELRUE,10,2023
2022-12-07,BWF World Tour Finals 2022,Group B,MD,Hendra SETIAWAN / Mohammad AHSAN,6,2015,Aaron CHIA / SOH Wooi Yik,4,2182
2022-12-07,BWF World Tour Finals 2022,Group B,MD,LIU Yu Chen / OU Xuan Yi,11,2080,Kim ASTRUP / Anders Skaarup RASMUSSEN,5,1983
2022-12-07,BWF World Tour Finals 2022,Group A,XD,Rinov RIVALDY / Pitha Haningtyas MENTARI,13,1907,GOH Soon Huat / LAI Shevon Jemie,11,2022
2022-12-07,BWF World Tour Finals 2022,Group A,MS,Viktor AXELSEN,1,2668,LU Guang Zu,17,2187
2022-12-07,BWF World Tour Finals 2022,Group A,MD,Takuro HOKI / Yugo KOBAYASHI,1,2090,ONG Yew Sin / TEO Ee Yi,8,2043
2022-12-07,BWF World Tour Finals 2022,Group A,MS,Kodai NARAOKA,14,2216,PRANNOY H. S.,12,2215
2022-12-07,BWF World Tour Finals 2022,Group B,MS,LOH Kean Yew,3,2287,CHOU Tien Chen,4,2277
2022-12-07,BWF World Tour Finals 2022,Group A,WS,Akane YAMAGUCHI,1,2502,AN Se Young,2,2478
2022-12-07,BWF World Tour Finals 2022,Group A,WD,Jongkolphan KITITHARAKUL / Rawinda PRAJONGJAI,6,2048,Benyapa AIMSAARD / Nuntakarn AIMSAARD,13,1966
2022-12-07,BWF World Tour Finals 2022,Group B,WS,Ratchanok INTANON,7,2362,Busanan ONGBAMRUNGPHAN,10,2169
2022-12-07,BWF World Tour Finals 2022,Group A,MD,Fajar ALFIAN / Muhammad Shohibul FIKRI,3,2206,CHOI Sol Gyu / KIM Won Ho,15,2017
2022-12-07,BWF World Tour Finals 2022,Group B,MS,Anthony Sinisuka GINTING,7,2298,Jonatan CHRISTIE,5,2213
2022-12-07,BWF World Tour Finals 2022,Group A,WS,Gregoria Mariska TUNJUNG,18,2161,CHEN Yu Fei,4,2459
2022-12-07,BWF World Tour Finals 2022,Group B,XD,TAN Kian Meng / LAI Pei Jing,8,1943,WANG Yi Lyu / HUANG Dong Ping,4,2239
2022-12-07,BWF World Tour Finals 2022,Group A,WD,JEONG Na Eun / KIM Hye Rin,5,2080,Vivian HO / LIM Chiew Sien,24,1702
2022-12-07,BWF World Tour Finals 2022,Group B,WD,Apriyani RAHAYU / Siti Fadia Silva RAMADHANTI,14,2131,Pearly TAN / THINAAH Muralitharan,9,2193
2022-12-07,BWF World Tour Finals 2022,Group B,WS,HE Bing Jiao,5,2490,TAI Tzu Ying,3,2464
2022-12-07,BWF World Tour Finals 2022,Group B,XD,Dechapol PUAVARANUKROH / Sapsiree TAERATTANACHAI,1,2268,Supak JOMKOH / Supissara PACHARAMONGKOL,12,1980
2022-12-07,BWF World Tour Finals 2022,Group B,WD,CHEN Qi Ming / JIA Yi Fan,1,2305,ZHANG .. / ZHENG Yu,7,2081
2022-12-08,BWF World Tour Finals 2022,Group B,MD,LIU Yu Chen / OU Xuan Yi,11,2099,Aaron CHIA / SOH Wooi Yik,4,2145
2022-12-08,BWF World Tour Finals 2022,Group B,WS,HE Bing Jiao,5,2514,Ratchanok INTANON,7,2374
2022-12-08,BWF World Tour Finals 2022,Group A,MS,Viktor AXELSEN,1,2671,Kodai NARAOKA,14,2241
2022-12-08,BWF World Tour Finals 2022,Group B,MD,Hendra SETIAWAN / Mohammad AHSAN,6,2053,Kim ASTRUP / Anders Skaarup RASMUSSEN,5,1964
2022-12-08,BWF World Tour Finals 2022,Group A,XD,Thom GICQUEL / Delphine DELRUE,10,2020,GOH Soon Huat / LAI Shevon Jemie,11,1987
2022-12-08,BWF World Tour Finals 2022,Group A,XD,ZHENG Si Wei / HUANG Ya Qiong,3,2478,Rinov RIVALDY / Pitha Haningtyas MENTARI,13,1944
2022-12-08,BWF World Tour Finals 2022,Group A,WD,JEONG Na Eun / KIM Hye Rin,5,2086,Jongkolphan KITITHARAKUL / Rawinda PRAJONGJAI,6,2068
2022-12-08,BWF World Tour Finals 2022,Group B,WS,TAI Tzu Ying,3,2441,Busanan ONGBAMRUNGPHAN,10,2156
2022-12-08,BWF World Tour Finals 2022,Group A,MS,LU Guang Zu,17,2184,PRANNOY H. S.,12,2190
2022-12-08,BWF World Tour Finals 2022,Group B,XD,Dechapol PUAVARANUKROH / Sapsiree TAERATTANACHAI,1,2276,TAN Kian Meng / LAI Pei Jing,8,1989
2022-12-08,BWF World Tour Finals 2022,Group A,WD,Benyapa AIMSAARD / Nuntakarn AIMSAARD,13,1946,Vivian HO / LIM Chiew Sien,24,1693
2022-12-08,BWF World Tour Finals 2022,Group B,MS,Jonatan CHRISTIE,5,2194,LOH Kean Yew,3,2311
2022-12-08,BWF World Tour Finals 2022,Group B,XD,WANG Yi Lyu / HUANG Dong Ping,4,2196,Supak JOMKOH / Supissara PACHARAMONGKOL,12,1972
2022-12-08,BWF World Tour Finals 2022,Group A,MD,Fajar ALFIAN / Muhammad Shohibul FIKRI,3,2219,Takuro HOKI / Yugo KOBAYASHI,1,2113
2022-12-08,BWF World Tour Finals 2022,Group A,MD,ONG Yew Sin / TEO Ee Yi,8,2020,CHOI Sol Gyu / KIM Won Ho,15,2004
2022-12-08,BWF World Tour Finals 2022,Group B,MS,Anthony Sinisuka GINTING,7,2318,CHOU Tien Chen,4,2253
2022-12-08,BWF World Tour Finals 2022,Group B,WD,ZHANG .. / ZHENG Yu,7,2069,Apriyani RAHAYU / Siti Fadia Silva RAMADHANTI,14,2161
2022-12-08,BWF World Tour Finals 2022,Group A,WS,CHEN Yu Fei,4,2416,Akane YAMAGUCHI,1,2525
2022-12-08,BWF World Tour Finals 2022,Group B,WD,CHEN Qi Ming / JIA Yi Fan,1,2315,Pearly TAN / THINAAH Muralitharan,9,2163
2022-12-08,BWF World Tour Finals 2022,Group A,WS,AN Se Young,2,2454,Gregoria Mariska TUNJUNG,18,2204
2022-12-09,BWF World Tour Finals 2022,Group B,MD,LIU Yu Chen / OU Xuan Yi,11,2128,Hendra SETIAWAN / Mohammad AHSAN,6,2073
2022-12-09,BWF World Tour Finals 2022,Group B,WS,TAI Tzu Ying,3,2449,Ratchanok INTANON,7,2359
2022-12-09,BWF World Tour Finals 2022,Group B,MD,Kim ASTRUP / Anders Skaarup RASMUSSEN,5,1944,Aaron CHIA / SOH Wooi Yik,4,2116
2022-12-09,BWF World Tour Finals 2022,Group A,XD,Rinov RIVALDY / Pitha Haningtyas MENTARI,13,1942,Thom GICQUEL / Delphine DELRUE,10,2044
2022-12-09,BWF World Tour Finals 2022,Group B,WS,HE Bing Jiao,5,2529,Busanan ONGBAMRUNGPHAN,10,2148
2022-12-09,BWF World Tour Finals 2022,Group A,MS,Kodai NARAOKA,14,2237,LU Guang Zu,17,2210
2022-12-09,BWF World Tour Finals 2022,Group A,XD,ZHENG Si Wei / HUANG Ya Qiong,3,2480,GOH Soon Huat / LAI Shevon Jemie,11,1963
2022-12-09,BWF World Tour Finals 2022,Group A,MS,PRANNOY H. S.,12,2164,Viktor AXELSEN,1,2675
2022-12-09,BWF World Tour Finals 2022,Group A,MD,CHOI Sol Gyu / KIM Won Ho,15,1979,Takuro HOKI / Yugo KOBAYASHI,1,2095
2022-12-09,BWF World Tour Finals 2022,Group B,XD,Dechapol PUAVARANUKROH / Sapsiree TAERATTANACHAI,1,2285,WANG Yi Lyu / HUANG Dong Ping,4,2207
2022-12-09,BWF World Tour Finals 2022,Group B,XD,TAN Kian Meng / LAI Pei Jing,8,1981,Supak JOMKOH / Supissara PACHARAMONGKOL,12,1960
2022-12-09,BWF World Tour Finals 2022,Group B,MS,Anthony Sinisuka GINTING,7,2338,LOH Kean Yew,3,2278
2022-12-09,BWF World Tour Finals 2022,Group A,MD,ONG Yew Sin / TEO Ee Yi,8,2045,Fajar ALFIAN / Muhammad Shohibul FIKRI,3,2237
2022-12-09,BWF World Tour Finals 2022,Group A,WD,Benyapa AIMSAARD / Nuntakarn AIMSAARD,13,1956,JEONG Na Eun / KIM Hye Rin,5,2110
2022-12-09,BWF World Tour Finals 2022,Group A,WD,Jongkolphan KITITHARAKUL / Rawinda PRAJONGJAI,6,2043,Vivian HO / LIM Chiew Sien,24,1678
2022-12-09,BWF World Tour Finals 2022,Group B,MS,Jonatan CHRISTIE,5,2227,CHOU Tien Chen,4,2232
2022-12-09,BWF World Tour Finals 2022,Group B,WD,ZHANG .. / ZHENG Yu,7,2102,Pearly TAN / THINAAH Muralitharan,9,2148
2022-12-09,BWF World Tour Finals 2022,Group A,WS,CHEN Yu Fei,4,2449,AN Se Young,2,2464
2022-12-09,BWF World Tour Finals 2022,Group A,WS,Akane YAMAGUCHI,1,2492,Gregoria Mariska TUNJUNG,18,2194
2022-12-09,BWF World Tour Finals 2022,Group B,WD,CHEN Qi Ming / JIA Yi Fan,1,2330,Apriyani RAHAYU / Siti Fadia Silva RAMADHANTI,14,2129
2022-12-10,BWF World Tour Finals 2022,Semi final,XD,Dechapol PUAVARANUKROH / Sapsiree TAERATTANACHAI,1,2304,Rinov RIVALDY / Pitha Haningtyas MENTARI,13,1977
2022-12-10,BWF World Tour Finals 2022,Semi final,MS,Viktor AXELSEN,1,2627,Kodai NARAOKA,14,2260
2022-12-10,BWF World Tour Finals 2022,Semi final,XD,ZHENG Si Wei / HUANG Ya Qiong,3,2480,TAN Kian Meng / LAI Pei Jing,8,2006
2022-12-10,BWF World Tour Finals 2022,Semi final,MS,Anthony Sinisuka GINTING,7,2359,Jonatan CHRISTIE,5,2253
2022-12-10,BWF World Tour Finals 2022,Semi final,MD,LIU Yu Chen / OU Xuan Yi,11,2150,Fajar ALFIAN / Muhammad Shohibul FIKRI,3,2199
2022-12-10,BWF World Tour Finals 2022,Semi final,WS,TAI Tzu Ying,3,2468,HE Bing Jiao,5,2534
2022-12-10,BWF World Tour Finals 2022,Semi final,MD,Hendra SETIAWAN / Mohammad AHSAN,6,2051,ONG Yew Sin / TEO Ee Yi,8,2084
2022-12-10,BWF World Tour Finals 2022,Semi final,WS,Akane YAMAGUCHI,1,2500,CHEN Yu Fei,4,2475
2022-12-10,BWF World Tour Finals 2022,Semi final,WD,Benyapa AIMSAARD / Nuntakarn AIMSAARD,13,1994,JEONG Na Eun / KIM Hye Jeong,5,2074
2022-12-10,BWF World Tour Finals 2022,Semi final,WD,CHEN Qi Ming / JIA Yi Fan,1,2342,ZHANG .. / ZHENG Yu,7,2131
2022-12-11,BWF World Tour Finals 2022,Final,XD,ZHENG Si Wei / HUANG Ya Qiong,3,2483,Dechapol PUAVARANUKROH / Sapsiree TAERATTANACHAI,1,2311
2022-12-11,BWF World Tour Finals 2022,Final,MS,Viktor AXELSEN,1,2633,Anthony Sinisuka GINTING,7,2378
2022-12-11,BWF World Tour Finals 2022,Final,WD,CHEN Qi Ming / JIA Yi Fan,1,2355,Benyapa AIMSAARD / Nuntakarn AIMSAARD,13,2029
2022-12-11,BWF World Tour Finals 2022,Final,MD,LIU Yu Chen / OU Xuan Yi,11,2181,Hendra SETIAWAN / Mohammad AHSAN,6,2081
2022-12-11,BWF World Tour Finals 2022,Final,WS,Akane YAMAGUCHI,1,2525,TAI Tzu Ying,3,2499
2023-01-10,Malaysia_Open_2023,Round 1,MD,LEE Yang / WANG Chang,12,2017,Takuro HOKI / Yugo KOBAYASHI,4,2061
2023-01-10,Malaysia_Open_2023,Round 1,MD,Fajar ALFIAN / Muhammad Shohibul FIKRI,1,2168,Christo POPOV / Toma Junior POPOV,33,1622
2023-01-10,Malaysia_Open_2023,Round 1,MD,Hendra SETIAWAN / Mohammad AHSAN,2,2061,HE Ji Ting / ZHOU Hao Dong,20,1941
2023-01-10,Malaysia_Open_2023,Round 1,MS,Viktor AXELSEN,1,2643,Rasmus GEMKE,21,2208
2023-01-10,Malaysia_Open_2023,Round 1,MS,CHOU Tien Chen,5,2206,SHI Yu Qi,34,2309
2023-01-10,Malaysia_Open_2023,Round 1,WD,JEONG Na Eun / KIM Hye Rin,3,2040,Chloe COBB / Lauren SMITH,95,1794
2023-01-10,Malaysia_Open_2023,Round 1,WD,Benyapa AIMSAARD / Nuntakarn AIMSAARD,9,2022,Linda EFLER / Isabel LOHAU,26,1626
2023-01-10,Malaysia_Open_2023,Round 1,MS,Kanta TSUNEYAMA,26,2144,LEE Cheuk Yiu,14,2128
2023-01-10,Malaysia_Open_2023,Round 1,WS,Mia BLICHFELDT,31,1995,KIM Ga Eun,20,2047
2023-01-10,Malaysia_Open_2023,Round 1,MD,Mark LAMSFUSS / Marvin SEIDEL,16,1921,Ruben JILLE / Ties VAN DER LECQ,28,1735
2023-01-10,Malaysia_Open_2023,Round 1,MD,LU Ching Yao / YANG Po Hsuan,15,2037,Alexander DUNN / Adam HALL,25,1839
2023-01-10,Malaysia_Open_2023,Round 1,XD,GOH Soon Huat / LAI Shevon Jemie,7,1963,CHANG Tak Ching / LEE Chih Chen,54,1746
2023-01-10,Malaysia_Open_2023,Round 1,XD,Thom GICQUEL / Delphine DELRUE,5,2010,Rinov RIVALDY / Pitha Haningtyas MENTARI,9,1969
2023-01-10,Malaysia_Open_2023,Round 1,MD,ONG Yew Sin / TEO Ee Yi,7,2054,REN Xiang Yu / TAN Qiang,27,1801
2023-01-10,Malaysia_Open_2023,Round 1,MD,Pramudya KUSUMAWARDANA / Yeremia Erich Yoche Yacob RAMBITAN,24,2010,KO Sung Hyun / SHIN Baek Cheol,,1949
2023-01-10,Malaysia_Open_2023,Round 1,WD,Treesa JOLLY / GAYATRI GOPICHAND,16,1832,YEUNG .. / YEUNG Pak Hon,28,1720
2023-01-10,Malaysia_Open_2023,Round 1,MS,Anders ANTONSEN,30,2195,WENG Hong Yang,27,2009
2023-01-10,Malaysia_Open_2023,Round 1,WD,Apriyani RAHAYU / Siti Fadia Silva RAMADHANTI,11,2117,LEE Chia.. / TENG Chun Hsun,32,1835
2023-01-10,Malaysia_Open_2023,Round 1,WD,Gabriela STOEVA / Stefani STOEVA,14,1876,Pearly TAN / THINAAH Muralitharan,6,2119
2023-01-10,Malaysia_Open_2023,Round 1,MD,KANG Min Hyuk / SEO Seung Jae,18,1935,Krishna Prasad GARAGA / Vishnuvardhan Goud PANJALA,32,1649
2023-01-10,Malaysia_Open_2023,Round 1,WD,KIM So Yeong / KONG Hee Yong,7,2103,Rin IWANAGA / Kie NAKANISHI,22,1834
2023-01-10,Malaysia_Open_2023,Round 1,XD,HOO Pang Ron / TEOH Mei Xing,157,1617,Kyohei YAMASHITA / Naru SHINOYA,16,1881
2023-01-10,Malaysia_Open_2023,Round 1,MS,Anthony Sinisuka GINTING,4,2368,NG Ka Long Angus,15,2120
2023-01-10,Malaysia_Open_2023,Round 1,WS,HAN Yue,11,2227,Saina NEHWAL,30,1868
2023-01-10,Malaysia_Open_2023,Round 1,WS,Aya OHORI,36,1961,SIM Yu Jin,49,1913
2023-01-10,Malaysia_Open_2023,Round 1,MS,Jonatan CHRISTIE,3,2234,WANG Tzu Wei,18,2078
2023-01-10,Malaysia_Open_2023,Round 1,WS,Akane YAMAGUCHI,1,2550,Line Højmark KJAERSFELDT,16,2029
2023-01-10,Malaysia_Open_2023,Round 1,WS,HSU Wen Chi,23,1914,AAKARSHI KASHYAP,32,1824
2023-01-10,Malaysia_Open_2023,Round 1,XD,Dejan FERDINANSYAH / Gloria Emanuelle WIDJAJA,19,1892,Robin TABELING / Selena PIEK,11,1991
2023-01-10,Malaysia_Open_2023,Round 1,XD,ZHENG Si Wei / HUANG Ya Qiong,1,2498,YANG Po Hsuan / HU Ling Fang,43,1744
2023-01-10,Malaysia_Open_2023,Round 1,MS,LIEW Daren,31,1945,Toma Junior POPOV,23,2012
2023-01-10,Malaysia_Open_2023,Round 1,WS,TAI Tzu Ying,3,2474,Clara AZURMENDI,53,1749
2023-01-10,Malaysia_Open_2023,Round 1,XD,KIM Won Ho / JEONG Na Eun,23,1841,Mathias THYRRI / Alexandra BOE,14,1940
2023-01-10,Malaysia_Open_2023,Round 1,WS,Busanan ONGBAMRUNGPHAN,10,2143,Kirsty GILMOUR,17,1969
2023-01-10,Malaysia_Open_2023,Round 1,MS,Kenta NISHIMOTO,17,2203,KIDAMBI Srikanth,13,2187
2023-01-10,Malaysia_Open_2023,Round 1,WD,Febriana Dwipuji KUSUMA / Amallia Cahaya PRATIWI,19,1792,Margot LAMBERT / Anne TRAN,27,1738
2023-01-10,Malaysia_Open_2023,Round 1,XD,TANG Chun Man / TSE Ying Suet,26,2030,Adam HALL / Julie MACPHERSON,21,1738
2023-01-10,Malaysia_Open_2023,Round 1,WD,CHEN Qi Ming / JIA Yi Fan,1,2362,Debora JILLE / Cheryl SEINEN,23,1715
2023-01-10,Malaysia_Open_2023,Round 1,WS,Gregoria Mariska TUNJUNG,15,2187,HE Bing Jiao,5,2502
2023-01-10,Malaysia_Open_2023,Round 1,XD,WANG Yi Lyu / HUANG Dong Ping,2,2187,Mark LAMSFUSS / Isabel LOHAU,8,2008
2023-01-11,Malaysia_Open_2023,Round 1,MS,Kodai NARAOKA,7,2255,LEE Zii Jia,2,2276
2023-01-11,Malaysia_Open_2023,Round 1,MD,Marcus Fernaldi GIDEON / Kevin Sanjaya SUKAMULJO,23,2145,MAN Wei Chong / TEE Kai Wun,19,1836
2023-01-11,Malaysia_Open_2023,Round 1,MD,LIANG Wei Keng / WANG Chang,17,2057,GOH Sze Fei / Nur IZZUDDIN,10,1918
2023-01-11,Malaysia_Open_2023,Round 1,MD,Leo Rolly CARNANDO / Daniel MARTHIN,14,2053,Akira KOGA / Taichi SAITO,26,1865
2023-01-11,Malaysia_Open_2023,Round 1,MS,NG Tze Yong,25,2111,Nhat NGUYEN,28,1873
2023-01-11,Malaysia_Open_2023,Round 1,WS,WANG Zhi Yi,8,2237,ZHANG Yi Man,18,2034
2023-01-11,Malaysia_Open_2023,Round 1,MD,Aaron CHIA / SOH Wooi Yik,3,2078,LEE Jhe-Huei / YANG Po Hsuan,38,1923
2023-01-11,Malaysia_Open_2023,Round 1,MD,Kim ASTRUP / Anders Skaarup RASMUSSEN,8,1984,Keiichiro MATSUI / Yoshinori TAKEUTI,31,1703
2023-01-11,Malaysia_Open_2023,Round 1,WD,JIN Yu Jia / WONG Jia Lin,29,1744,Julie MACPHERSON / Ciara TORRANCE,31,1709
2023-01-11,Malaysia_Open_2023,Round 1,WS,PAI Yu Po,37,1931,ZHANG Beiwen,24,2026
2023-01-11,Malaysia_Open_2023,Round 1,MD,LIU Yu Chen / OU Xuan Yi,6,2201,Ben LANE / Sean VENDY,13,1991
2023-01-11,Malaysia_Open_2023,Round 1,WD,Supissara PACHARAMONGKOL / Puttita SUPAJIRAKUL,30,1818,Ashwini BHAT K / Shikha GAUTAM,36,1687
2023-01-11,Malaysia_Open_2023,Round 1,WS,Carolina MARIN,9,2323,PUSARLA V. Sindhu,7,2377
2023-01-11,Malaysia_Open_2023,Round 1,MD,Muhammad Shohibul FIKRI / Bagas MAULANA,11,1908,Supak JOMKOH / Kittinupong KEDREN,35,1742
2023-01-11,Malaysia_Open_2023,Round 1,WS,Pornpawee CHOCHUWONG,12,2199,YEO Jia Min,34,1948
2023-01-11,Malaysia_Open_2023,Round 1,WD,LI Wen Mei / LIU Xuan Xuan,,1776,NG Tsz Yau / TSANG Hiu Yan,55,1744
2023-01-11,Malaysia_Open_2023,Round 1,MS,Chico Aura DWI WARDOYO,19,2064,Hans-Kristian Solberg VITTINGHUS,39,1982
2023-01-11,Malaysia_Open_2023,Round 1,XD,Rehan Naufal KUSHARJANTO / Lisa Ayu KUSUMAWATI,12,1978,CHAN Peng Soon / GOH Liu Ying,,1752
2023-01-11,Malaysia_Open_2023,Round 1,XD,CHEN Tang Jie / TOH Ee Wei,147,1781,TAN Kian Meng / LAI Pei Jing,6,2002
2023-01-11,Malaysia_Open_2023,Round 1,MD,Satwiksairaj RANKIREDDY / Chirag SHETTY,5,2181,CHOI Sol Gyu / KIM Won Ho,9,2014
2023-01-11,Malaysia_Open_2023,Round 1,MS,LOH Kean Yew,6,2257,LI Shi Feng,20,2068
2023-01-11,Malaysia_Open_2023,Round 1,MS,PRANNOY H. S.,8,2212,Lakshya SEN,10,2195
2023-01-11,Malaysia_Open_2023,Round 1,WD,Srivedya GURAZADA / Ishika JAISWAL,38,1543,Clara AZURMENDI / Beatriz CORRALES,43,1536
2023-01-11,Malaysia_Open_2023,Round 1,WS,Michelle LI,14,2113,Line CHRISTOPHERSEN,29,1862
2023-01-11,Malaysia_Open_2023,Round 1,WD,GO Pei Kee / TEOH Mei Xing,193,1558,Vivian HO / LIM Chiew Sien,15,1668
2023-01-11,Malaysia_Open_2023,Round 1,WD,DU Yue / XIA Yu Ting,,1776,LEE So Hee / SHIN Se..,10,2036
2023-01-11,Malaysia_Open_2023,Round 1,MS,Kantaphon WANGCHAROEN,32,1910,Brian YANG,22,1988
2023-01-11,Malaysia_Open_2023,Round 1,WD,BAEK Ha Na / LEE Yu Lim,20,1992,Jongkolphan KITITHARAKUL / Rawinda PRAJONGJAI,5,2049
2023-01-11,Malaysia_Open_2023,Round 1,MS,ZHAO Jun Peng,12,2130,LU Guang Zu,11,2186
2023-01-11,Malaysia_Open_2023,Round 1,XD,HEE Yong KWON / TAN Wei Qiang,13,1917,Jones Ralfy JANSEN / Linda EFLER,24,1681
2023-01-11,Malaysia_Open_2023,Round 1,WS,AN Se Young,4,2438,Malvika BANSOD,28,1749
2023-01-11,Malaysia_Open_2023,Round 1,XD,Yuta WATANABE / Arisa IGAKI,4,2261,Gregory MAIRS / Jenny MAINZER,29,1787
2023-01-11,Malaysia_Open_2023,Round 1,XD,Yuki KANEKO / Misaki MATSUTOMO,15,1932,Zachariah Josiahno SUMITRO / Hediana JULIMARBELA,32,1778
2023-01-11,Malaysia_Open_2023,Round 1,MS,Kunlavut VITIDSARN,9,2268,Shesar Hiren RHUSTAVITO,24,2128
2023-01-11,Malaysia_Open_2023,Round 1,XD,Dechapol PUAVARANUKROH / Sapsiree TAERATTANACHAI,3,2296,Supak JOMKOH / Supissara PACHARAMONGKOL,10,1935
2023-01-11,Malaysia_Open_2023,Round 1,WD,ZHANG .. / ZHENG Yu,4,2119,Yuki FUKUSHIMA / Sayaka HIROTA,12,2069
2023-01-11,Malaysia_Open_2023,Round 1,WS,GOH Jin Wei,33,1957,Yvonne LI,26,1884
2023-01-11,Malaysia_Open_2023,Round 1,XD,YE Hong / LEE Chia Hsin,27,1772,LEE Jhe-Huei / HSU Ya Ching,50,1692
2023-01-11,Malaysia_Open_2023,Round 1,WS,CHEN Yu Fei,2,2450,Nozomi OKUHARA,13,2210
2023-01-11,Malaysia_Open_2023,Round 1,XD,SEO Seung Jae / CHAE Yu Jung,17,2108,LEE Chun Hei / NG Tsz Yau,22,1828
2023-01-12,Malaysia_Open_2023,Round 2,MD,Kim ASTRUP / Anders Skaarup RASMUSSEN,8,1992,Leo Rolly CARNANDO / Daniel MARTHIN,14,2066
2023-01-12,Malaysia_Open_2023,Round 2,MD,LIANG Wei Keng / WANG Chang,17,2073,Marcus Fernaldi GIDEON / Kevin Sanjaya SUKAMULJO,23,2152
2023-01-12,Malaysia_Open_2023,Round 2,WD,JIN Yu Jia / WONG Jia Lin,29,1777,Supissara PACHARAMONGKOL / Puttita SUPAJIRAKUL,30,1838
2023-01-12,Malaysia_Open_2023,Round 2,MD,LIU Yu Chen / OU Xuan Yi,6,2212,Aaron CHIA / SOH Wooi Yik,3,2093
2023-01-12,Malaysia_Open_2023,Round 2,MD,Hendra SETIAWAN / Mohammad AHSAN,2,2078,Pramudya KUSUMAWARDANA / Yeremia Erich Yoche Yacob RAMBITAN,24,2032
2023-01-12,Malaysia_Open_2023,Round 2,MD,Satwiksairaj RANKIREDDY / Chirag SHETTY,5,2195,Muhammad Shohibul FIKRI / Bagas MAULANA,11,1923
2023-01-12,Malaysia_Open_2023,Round 2,XD,Dechapol PUAVARANUKROH / Sapsiree TAERATTANACHAI,3,2302,HEE Yong KWON / TAN Wei Qiang,13,1929
2023-01-12,Malaysia_Open_2023,Round 2,XD,ZHENG Si Wei / HUANG Ya Qiong,1,2499,GOH Soon Huat / LAI Shevon Jemie,7,1975
2023-01-12,Malaysia_Open_2023,Round 2,WD,KIM So Yeong / KONG Hee Yong,7,2112,Benyapa AIMSAARD / Nuntakarn AIMSAARD,9,2026
2023-01-12,Malaysia_Open_2023,Round 2,XD,CHEN Tang Jie / TOH Ee Wei,147,1833,Rehan Naufal KUSHARJANTO / Lisa Ayu KUSUMAWATI,12,1989
2023-01-12,Malaysia_Open_2023,Round 2,MD,KANG Min Hyuk / SEO Seung Jae,18,1944,LEE Yang / WANG Chang,12,2047
2023-01-12,Malaysia_Open_2023,Round 2,MS,Kodai NARAOKA,7,2281,NG Tze Yong,25,2122
2023-01-12,Malaysia_Open_2023,Round 2,MS,Viktor AXELSEN,1,2647,LIEW Daren,31,1977
2023-01-12,Malaysia_Open_2023,Round 2,WS,Mia BLICHFELDT,31,2025,Aya OHORI,36,1985
2023-01-12,Malaysia_Open_2023,Round 2,WS,CHEN Yu Fei,2,2460,Michelle LI,14,2123
2023-01-12,Malaysia_Open_2023,Round 2,WD,Apriyani RAHAYU / Siti Fadia Silva RAMADHANTI,11,2125,JEONG Na Eun / KIM Hye Rin,3,2050
2023-01-12,Malaysia_Open_2023,Round 2,WD,BAEK Ha Na / LEE Yu Lim,20,2023,Srivedya GURAZADA / Ishika JAISWAL,38,1608
2023-01-12,Malaysia_Open_2023,Round 2,XD,Thom GICQUEL / Delphine DELRUE,5,2033,HOO Pang Ron / TEOH Mei Xing,157,1703
2023-01-12,Malaysia_Open_2023,Round 2,WS,HSU Wen Chi,23,1935,Gregoria Mariska TUNJUNG,15,2230
2023-01-12,Malaysia_Open_2023,Round 2,MS,Kanta TSUNEYAMA,26,2168,CHOU Tien Chen,5,2239
2023-01-12,Malaysia_Open_2023,Round 2,MS,PRANNOY H. S.,8,2237,Chico Aura DWI WARDOYO,19,2084
2023-01-12,Malaysia_Open_2023,Round 2,MS,Anthony Sinisuka GINTING,4,2377,Anders ANTONSEN,30,2208
2023-01-12,Malaysia_Open_2023,Round 2,MS,Kunlavut VITIDSARN,9,2284,Kantaphon WANGCHAROEN,32,1945
2023-01-12,Malaysia_Open_2023,Round 2,WS,Akane YAMAGUCHI,1,2553,Busanan ONGBAMRUNGPHAN,10,2157
2023-01-12,Malaysia_Open_2023,Round 2,MD,Fajar ALFIAN / Muhammad Shohibul FIKRI,1,2170,Mark LAMSFUSS / Marvin SEIDEL,16,1935
2023-01-12,Malaysia_Open_2023,Round 2,XD,SEO Seung Jae / CHAE Yu Jung,17,2116,YE Hong / LEE Chia Hsin,27,1798
2023-01-12,Malaysia_Open_2023,Round 2,MD,ONG Yew Sin / TEO Ee Yi,7,2064,LU Ching Yao / YANG Po Hsuan,15,2050
2023-01-12,Malaysia_Open_2023,Round 2,MS,Kenta NISHIMOTO,17,2227,Jonatan CHRISTIE,3,2249
2023-01-12,Malaysia_Open_2023,Round 2,WS,WANG Zhi Yi,8,2249,PAI Yu Po,37,1966
2023-01-12,Malaysia_Open_2023,Round 2,WS,TAI Tzu Ying,3,2475,HAN Yue,11,2233
2023-01-12,Malaysia_Open_2023,Round 2,WS,Carolina MARIN,9,2352,Pornpawee CHOCHUWONG,12,2209
2023-01-12,Malaysia_Open_2023,Round 2,XD,Yuta WATANABE / Arisa IGAKI,4,2264,Yuki KANEKO / Misaki MATSUTOMO,15,1949
2023-01-12,Malaysia_Open_2023,Round 2,WD,LI Wen Mei / LIU Xuan Xuan,,1807,DU Yue / XIA Yu Ting,,1831
2023-01-12,Malaysia_Open_2023,Round 2,WD,CHEN Qi Ming / JIA Yi Fan,1,2363,Febriana Dwipuji KUSUMA / Amallia Cahaya PRATIWI,19,1819
2023-01-12,Malaysia_Open_2023,Round 2,MS,LOH Kean Yew,6,2270,ZHAO Jun Peng,12,2160
2023-01-12,Malaysia_Open_2023,Round 2,WD,Gabriela STOEVA / Stefani STOEVA,14,1923,Treesa JOLLY / GAYATRI GOPICHAND,16,1853
2023-01-12,Malaysia_Open_2023,Round 2,WD,ZHANG .. / ZHENG Yu,4,2141,GO Pei Kee / TEOH Mei Xing,193,1640
2023-01-12,Malaysia_Open_2023,Round 2,XD,KIM Won Ho / JEONG Na Eun,23,1880,WANG Yi Lyu / HUANG Dong Ping,2,2201
2023-01-12,Malaysia_Open_2023,Round 2,XD,Dejan FERDINANSYAH / Gloria Emanuelle WIDJAJA,19,1928,TANG Chun Man / TSE Ying Suet,26,2038
2023-01-12,Malaysia_Open_2023,Round 2,WS,AN Se Young,4,2439,GOH Jin Wei,33,1979
2023-01-13,Malaysia_Open_2023,Quarter final,WS,TAI Tzu Ying,3,2485,HSU Wen Chi,23,1981
2023-01-13,Malaysia_Open_2023,Quarter final,MD,Fajar ALFIAN / Muhammad Shohibul FIKRI,1,2180,ONG Yew Sin / TEO Ee Yi,7,2089
2023-01-13,Malaysia_Open_2023,Quarter final,WD,ZHANG .. / ZHENG Yu,4,2143,LI Wen Mei / LIU Xuan Xuan,,1841
2023-01-13,Malaysia_Open_2023,Quarter final,MD,LIANG Wei Keng / WANG Chang,17,2105,Kim ASTRUP / Anders Skaarup RASMUSSEN,8,2025
2023-01-13,Malaysia_Open_2023,Quarter final,MD,Satwiksairaj RANKIREDDY / Chirag SHETTY,5,2204,LIU Yu Chen / OU Xuan Yi,6,2229
2023-01-13,Malaysia_Open_2023,Quarter final,MS,Viktor AXELSEN,1,2647,Kenta NISHIMOTO,17,2254
2023-01-13,Malaysia_Open_2023,Quarter final,WS,Akane YAMAGUCHI,1,2557,Mia BLICHFELDT,31,2048
2023-01-13,Malaysia_Open_2023,Quarter final,MD,KANG Min Hyuk / SEO Seung Jae,18,1979,Hendra SETIAWAN / Mohammad AHSAN,2,2101
2023-01-13,Malaysia_Open_2023,Quarter final,WD,BAEK Ha Na / LEE Yu Lim,20,2027,JIN Yu Jia / WONG Jia Lin,29,1816
2023-01-13,Malaysia_Open_2023,Quarter final,XD,ZHENG Si Wei / HUANG Ya Qiong,1,2501,Thom GICQUEL / Delphine DELRUE,5,2040
2023-01-13,Malaysia_Open_2023,Quarter final,XD,Dejan FERDINANSYAH / Gloria Emanuelle WIDJAJA,19,1965,KIM Won Ho / JEONG Na Eun,23,1929
2023-01-13,Malaysia_Open_2023,Quarter final,MS,Kanta TSUNEYAMA,26,2199,Anthony Sinisuka GINTING,4,2391
2023-01-13,Malaysia_Open_2023,Quarter final,MS,Kodai NARAOKA,7,2296,PRANNOY H. S.,8,2251
2023-01-13,Malaysia_Open_2023,Quarter final,XD,Dechapol PUAVARANUKROH / Sapsiree TAERATTANACHAI,3,2307,CHEN Tang Jie / TOH Ee Wei,147,1876
2023-01-13,Malaysia_Open_2023,Quarter final,WD,Apriyani RAHAYU / Siti Fadia Silva RAMADHANTI,11,2145,KIM So Yeong / KONG Hee Yong,7,2131
2023-01-13,Malaysia_Open_2023,Quarter final,MS,Kunlavut VITIDSARN,9,2290,LOH Kean Yew,6,2287
2023-01-13,Malaysia_Open_2023,Quarter final,WS,CHEN Yu Fei,2,2467,Carolina MARIN,9,2367
2023-01-13,Malaysia_Open_2023,Quarter final,XD,Yuta WATANABE / Arisa IGAKI,4,2271,SEO Seung Jae / CHAE Yu Jung,17,2124
2023-01-13,Malaysia_Open_2023,Quarter final,WD,CHEN Qi Ming / JIA Yi Fan,1,2365,Gabriela STOEVA / Stefani STOEVA,14,1945
2023-01-13,Malaysia_Open_2023,Quarter final,WS,AN Se Young,4,2442,WANG Zhi Yi,8,2257
2023-01-14,Malaysia_Open_2023,Semi final,MD,Fajar ALFIAN / Muhammad Shohibul FIKRI,1,2200,KANG Min Hyuk / SEO Seung Jae,18,2016
2023-01-14,Malaysia_Open_2023,Semi final,MS,Viktor AXELSEN,1,2652,Kanta TSUNEYAMA,26,2239
2023-01-14,Malaysia_Open_2023,Semi final,MD,LIANG Wei Keng / WANG Chang,17,2126,Satwiksairaj RANKIREDDY / Chirag SHETTY,5,2232
2023-01-14,Malaysia_Open_2023,Semi final,WS,Akane YAMAGUCHI,1,2560,TAI Tzu Ying,3,2488
2023-01-14,Malaysia_Open_2023,Semi final,MS,Kodai NARAOKA,7,2319,Kunlavut VITIDSARN,9,2316
2023-01-14,Malaysia_Open_2023,Semi final,WD,BAEK Ha Na / LEE Yu Lim,20,2040,ZHANG .. / ZHENG Yu,4,2151
2023-01-14,Malaysia_Open_2023,Semi final,WS,AN Se Young,4,2455,CHEN Yu Fei,2,2486
2023-01-14,Malaysia_Open_2023,Semi final,XD,ZHENG Si Wei / HUANG Ya Qiong,1,2505,Dejan FERDINANSYAH / Gloria Emanuelle WIDJAJA,19,1990
2023-01-14,Malaysia_Open_2023,Semi final,WD,CHEN Qi Ming / JIA Yi Fan,1,2369,Apriyani RAHAYU / Siti Fadia Silva RAMADHANTI,11,2171
2023-01-14,Malaysia_Open_2023,Semi final,XD,Yuta WATANABE / Arisa IGAKI,4,2287,Dechapol PUAVARANUKROH / Sapsiree TAERATTANACHAI,3,2311
2023-01-15,Malaysia_Open_2023,Final,MD,Fajar ALFIAN / Muhammad Shohibul FIKRI,1,2214,LIANG Wei Keng / WANG Chang,17,2161
2023-01-15,Malaysia_Open_2023,Final,MS,Viktor AXELSEN,1,2656,Kodai NARAOKA,7,2345
2023-01-15,Malaysia_Open_2023,Final,WS,Akane YAMAGUCHI,1,2581,AN Se Young,4,2485
2023-01-15,Malaysia_Open_2023,Final,WD,CHEN Qi Ming / JIA Yi Fan,1,2375,BAEK Ha Na / LEE Yu Lim,20,2076
2023-01-15,Malaysia_Open_2023,Final,XD,ZHENG Si Wei / HUANG Ya Qiong,1,2507,Yuta WATANABE / Arisa IGAKI,4,2316
2023-03-14,All England Open 2023,Round 1,XD,Kyohei YAMASHITA / Naru SHINOYA,18,1941,Marcus ELLIS / Lauren SMITH,57,1846
2023-03-14,All England Open 2023,Round 1,MS,Viktor AXELSEN,1,2633,LEE Cheuk Yiu,21,2111
2023-03-14,All England Open 2023,Round 1,MD,Kim ASTRUP / Anders Skaarup RASMUSSEN,7,1954,Mark LAMSFUSS / Marvin SEIDEL,16,1941
2023-03-14,All England Open 2023,Round 1,WS,Gregoria Mariska TUNJUNG,14,2180,Line Højmark KJAERSFELDT,21,2051
2023-03-14,All England Open 2023,Round 1,MS,Lakshya SEN,19,2144,CHOU Tien Chen,5,2186
2023-03-14,All England Open 2023,Round 1,XD,ZHENG Si Wei / HUANG Ya Qiong,1,2488,Mathias THYRRI / Amalie MAGELUND,29,1760
2023-03-14,All England Open 2023,Round 1,MD,Takuro HOKI / Yugo KOBAYASHI,4,2007,Keiichiro MATSUI / Yoshinori TAKEUTI,31,1742
2023-03-14,All England Open 2023,Round 1,WS,HAN Yue,10,2207,YEO Jia Min,36,1882
2023-03-14,All England Open 2023,Round 1,WS,Lalinrat CHAIWAN,31,2053,Ratchanok INTANON,8,2321
2023-03-14,All England Open 2023,Round 1,MS,NG Tze Yong,28,2080,Shesar Hiren RHUSTAVITO,26,2110
2023-03-14,All England Open 2023,Round 1,XD,Rehan Naufal KUSHARJANTO / Lisa Ayu KUSUMAWATI,15,1927,Jones Ralfy JANSEN / Linda EFLER,26,1576
2023-03-14,All England Open 2023,Round 1,MS,Anders ANTONSEN,18,2170,Rasmus GEMKE,23,2249
2023-03-14,All England Open 2023,Round 1,WD,Margot LAMBERT / Anne TRAN,31,1675,Vivian HO / LIM Chiew Sien,19,1659
2023-03-14,All England Open 2023,Round 1,MD,HE Ji Ting / ZHOU Hao Dong,21,1924,LU Ching Yao / YANG Po Hsuan,14,1936
2023-03-14,All England Open 2023,Round 1,WS,WANG Zhi Yi,6,2262,Saena KAWAKAMI,25,1973
2023-03-14,All England Open 2023,Round 1,MD,ONG Yew Sin / TEO Ee Yi,8,2010,LEE Yang / WANG Chang,17,2013
2023-03-14,All England Open 2023,Round 1,XD,TAN Kian Meng / LAI Pei Jing,6,1882,Rinov RIVALDY / Pitha Haningtyas MENTARI,11,1945
2023-03-14,All England Open 2023,Round 1,WD,ZHANG .. / ZHENG Yu,3,2116,Rui HIROKAMI / Yuna KATO,25,1786
2023-03-14,All England Open 2023,Round 1,WS,Yvonne LI,30,1786,GOH Jin Wei,29,1947
2023-03-14,All England Open 2023,Round 1,MD,LEE Jhe-Huei / YANG Po Hsuan,26,1958,Christo POPOV / Toma Junior POPOV,33,1690
2023-03-14,All England Open 2023,Round 1,WD,CHEN Qi Ming / JIA Yi Fan,1,2399,Rin IWANAGA / Kie NAKANISHI,16,1881
2023-03-14,All England Open 2023,Round 1,XD,Thom GICQUEL / Delphine DELRUE,5,2020,KO Sung Hyun / EOM Hye Won,48,1965
2023-03-14,All England Open 2023,Round 1,WS,Pornpawee CHOCHUWONG,11,2208,Nozomi OKUHARA,13,2177
2023-03-14,All England Open 2023,Round 1,WD,LEE Chia.. / TENG Chun Hsun,30,1799,Gabriela STOEVA / Stefani STOEVA,13,1983
2023-03-14,All England Open 2023,Round 1,WD,Maiken FRUERGAARD / Sara THYGESEN,26,1845,Debora JILLE / Cheryl SEINEN,28,1569
2023-03-14,All England Open 2023,Round 1,WD,Mayu MATSUMOTO / Wakana NAGAHARA,11,2061,Pearly TAN / THINAAH Muralitharan,7,2068
2023-03-14,All England Open 2023,Round 1,MS,Anthony Sinisuka GINTING,3,2295,Kantaphon WANGCHAROEN,30,1952
2023-03-14,All England Open 2023,Round 1,XD,LEE Chun Hei / NG Tsz Yau,23,1891,Hiroki MIDORIKAWA / Natsu SAITO,22,1868
2023-03-14,All England Open 2023,Round 1,WD,Chloe COBB / Lauren SMITH,59,1755,Srivedya GURAZADA / Ishika JAISWAL,39,1555
2023-03-14,All England Open 2023,Round 1,MS,ZHAO Jun Peng,13,2122,LOH Kean Yew,8,2192
2023-03-14,All England Open 2023,Round 1,XD,Yuki KANEKO / Misaki MATSUTOMO,16,1949,CHEN Tang Jie / TOH Ee Wei,36,1898
2023-03-14,All England Open 2023,Round 1,WD,KIM So Yeong / KONG Hee Yong,6,2059,Linda EFLER / Isabel LOHAU,21,1685
2023-03-14,All England Open 2023,Round 1,MS,PRANNOY H. S.,9,2164,WANG Tzu Wei,24,2032
2023-03-14,All England Open 2023,Round 1,MD,Muhammad Shohibul FIKRI / Bagas MAULANA,12,1938,KIM Gi Jung / KIM Sa Rang,51,1880
2023-03-14,All England Open 2023,Round 1,WS,CHEN Yu Fei,4,2457,Michelle LI,15,2112
2023-03-15,All England Open 2023,Round 1,MD,LIU Yu Chen / OU Xuan Yi,5,2151,Ben LANE / Sean VENDY,18,1984
2023-03-15,All England Open 2023,Round 1,WD,BAEK Ha Na / LEE So Hee,20,2189,Ashwini BHAT K / Shikha GAUTAM,36,1678
2023-03-15,All England Open 2023,Round 1,XD,SEO Seung Jae / CHAE Yu Jung,9,2065,GOH Soon Huat / LAI Shevon Jemie,8,1952
2023-03-15,All England Open 2023,Round 1,WS,Akane YAMAGUCHI,1,2633,Mia BLICHFELDT,23,2014
2023-03-15,All England Open 2023,Round 1,MD,Lucas CORVEE / Ronan LABAR,36,1726,Ruben JILLE / Ties VAN DER LECQ,29,1568
2023-03-15,All England Open 2023,Round 1,MS,Chico Aura DWI WARDOYO,17,2139,LIEW Daren,32,1964
2023-03-15,All England Open 2023,Round 1,WS,ZHANG Beiwen,18,2028,Supanida KATETHONG,22,2035
2023-03-15,All England Open 2023,Round 1,WS,AN Se Young,2,2573,HSU Wen Chi,16,1998
2023-03-15,All England Open 2023,Round 1,MD,REN Xiang Yu / TAN Qiang,23,1789,M.R.ARJUN / DHRUV KAPILA,25,1870
2023-03-15,All England Open 2023,Round 1,XD,Zachariah Josiahno SUMITRO / Hediana JULIMARBELA,30,1758,Mark LAMSFUSS / Isabel LOHAU,7,1942
2023-03-15,All England Open 2023,Round 1,MD,Hendra SETIAWAN / Mohammad AHSAN,3,2031,Pramudya KUSUMAWARDANA / Yeremia Erich Yoche Yacob RAMBITAN,20,1983
2023-03-15,All England Open 2023,Round 1,XD,Robin TABELING / Selena PIEK,13,1940,Adam HALL / Julie MACPHERSON,27,1689
2023-03-15,All England Open 2023,Round 1,MS,WENG Hong Yang,27,1945,Jonatan CHRISTIE,2,2342
2023-03-15,All England Open 2023,Round 1,XD,KIM Won Ho / JEONG Na Eun,12,2059,Gregory MAIRS / Jenny MAINZER,32,1799
2023-03-15,All England Open 2023,Round 1,WS,Busanan ONGBAMRUNGPHAN,12,2168,Aya OHORI,32,1873
2023-03-15,All England Open 2023,Round 1,WD,Nami MATSUYAMA / Chiharu SHIDA,2,2199,Catherine CHOI / Josephine WU,35,1673
2023-03-15,All England Open 2023,Round 1,XD,Supak JOMKOH / Supissara PACHARAMONGKOL,14,1904,HEE Yong KWON / TAN Wei Qiang,21,1888
2023-03-15,All England Open 2023,Round 1,MD,Jeppe BAY / Lasse MØLHEDE,28,1791,Akira KOGA / Taichi SAITO,22,1874
2023-03-15,All England Open 2023,Round 1,MS,Kenta NISHIMOTO,15,2181,Brian YANG,29,2001
2023-03-15,All England Open 2023,Round 1,MS,Kunlavut VITIDSARN,7,2404,Kento MOMOTA,20,2186
2023-03-15,All England Open 2023,Round 1,WS,PAI Yu Po,28,1948,Line CHRISTOPHERSEN,26,1900
2023-03-15,All England Open 2023,Round 1,XD,YE Hong / LEE Chia Hsin,24,1803,FENG Yan Zhe / HUANG Dong Ping,10,2195
2023-03-15,All England Open 2023,Round 1,WS,TAI Tzu Ying,3,2466,KIM Ga Eun,20,2044
2023-03-15,All England Open 2023,Round 1,MS,KIDAMBI Srikanth,22,2134,Toma Junior POPOV,25,1993
2023-03-15,All England Open 2023,Round 1,WD,LI Wen Mei / LIU Xuan Xuan,52,1882,NG Tsz Yau / TSANG Hiu Yan,34,1690
2023-03-15,All England Open 2023,Round 1,XD,Praveen JORDAN / Melati Daeva OKTAVIANTI,43,1927,Dejan FERDINANSYAH / Gloria Emanuelle WIDJAJA,17,1978
2023-03-15,All England Open 2023,Round 1,MD,Satwiksairaj RANKIREDDY / Chirag SHETTY,6,2198,Krishna Prasad GARAGA / Vishnuvardhan Goud PANJALA,37,1676
2023-03-15,All England Open 2023,Round 1,WD,Apriyani RAHAYU / Siti Fadia Silva RAMADHANTI,5,2130,Jaqueline.. / Samia LIMA,43,1700
2023-03-15,All England Open 2023,Round 1,WS,Carolina MARIN,7,2392,Kirsty GILMOUR,19,1967
2023-03-15,All England Open 2023,Round 1,XD,Dechapol PUAVARANUKROH / Sapsiree TAERATTANACHAI,4,2241,Mathias THYRRI / Alexandra BOE,19,1922
2023-03-15,All England Open 2023,Round 1,MS,LI Shi Feng,14,2172,NG Ka Long Angus,11,2277
2023-03-15,All England Open 2023,Round 1,MD,Leo Rolly CARNANDO / Daniel MARTHIN,11,2141,Aaron CHIA / SOH Wooi Yik,2,2104
2023-03-15,All England Open 2023,Round 1,WD,Yuki FUKUSHIMA / Sayaka HIROTA,9,2052,Julie MACPHERSON / Ciara TORRANCE,33,1651
2023-03-15,All England Open 2023,Round 1,WS,HE Bing Jiao,5,2413,Iris WANG,24,1862
2023-03-15,All England Open 2023,Round 1,MS,SHI Yu Qi,12,2262,Kanta TSUNEYAMA,16,2222
2023-03-15,All England Open 2023,Round 1,XD,Yuta WATANABE / Arisa IGAKI,2,2334,TANG Chun Man / TSE Ying Suet,20,1941
2023-03-15,All England Open 2023,Round 1,MS,Kodai NARAOKA,6,2236,LU Guang Zu,10,2183
2023-03-15,All England Open 2023,Round 1,MD,LIANG Wei Keng / WANG Chang,10,2167,Supak JOMKOH / Kittinupong KEDREN,32,1819
2023-03-15,All England Open 2023,Round 1,WD,Supissara PACHARAMONGKOL / Puttita SUPAJIRAKUL,24,1764,JIN Yu Jia / WONG Jia Lin,22,1744
2023-03-15,All England Open 2023,Round 1,WS,ZHANG Yi Man,17,2110,PUSARLA V. Sindhu,9,2267
2023-03-15,All England Open 2023,Round 1,MD,Fajar ALFIAN / Muhammad Shohibul FIKRI,1,2176,KANG Min Hyuk / SEO Seung Jae,13,2078
2023-03-15,All England Open 2023,Round 1,MD,Alexander DUNN / Adam HALL,24,1794,CHOI Sol Gyu / KIM Won Ho,9,2041
2023-03-15,All England Open 2023,Round 1,WD,YEUNG .. / YEUNG Pak Hon,32,1712,JEONG Na Eun / KIM Hye Rin,4,2053
2023-03-15,All England Open 2023,Round 1,MS,LEE Zii Jia,4,2155,Sitthikom THAMMASIN,33,2046
2023-03-15,All England Open 2023,Round 1,WD,Treesa JOLLY / GAYATRI GOPICHAND,17,1887,Jongkolphan KITITHARAKUL / Rawinda PRAJONGJAI,8,1991
2023-03-16,All England Open 2023,Round 2,MS,LEE Zii Jia,4,2173,Kenta NISHIMOTO,15,2194
2023-03-16,All England Open 2023,Round 2,XD,Dechapol PUAVARANUKROH / Sapsiree TAERATTANACHAI,4,2248,Praveen JORDAN / Melati Daeva OKTAVIANTI,43,1959
2023-03-16,All England Open 2023,Round 2,MS,SHI Yu Qi,12,2284,Kunlavut VITIDSARN,7,2416
2023-03-16,All England Open 2023,Round 2,MS,Kodai NARAOKA,6,2240,KIDAMBI Srikanth,22,2150
2023-03-16,All England Open 2023,Round 2,WD,CHEN Qi Ming / JIA Yi Fan,1,2402,Maiken FRUERGAARD / Sara THYGESEN,26,1855
2023-03-16,All England Open 2023,Round 2,MS,Anthony Sinisuka GINTING,3,2301,PRANNOY H. S.,9,2180
2023-03-16,All England Open 2023,Round 2,MD,HE Ji Ting / ZHOU Hao Dong,21,1953,Kim ASTRUP / Anders Skaarup RASMUSSEN,7,1981
2023-03-16,All England Open 2023,Round 2,WS,CHEN Yu Fei,4,2464,Pornpawee CHOCHUWONG,11,2231
2023-03-16,All England Open 2023,Round 2,WS,TAI Tzu Ying,3,2470,Busanan ONGBAMRUNGPHAN,12,2176
2023-03-16,All England Open 2023,Round 2,XD,Robin TABELING / Selena PIEK,13,1951,Zachariah Josiahno SUMITRO / Hediana JULIMARBELA,30,1811
2023-03-16,All England Open 2023,Round 2,XD,SEO Seung Jae / CHAE Yu Jung,9,2084,Supak JOMKOH / Supissara PACHARAMONGKOL,14,1932
2023-03-16,All England Open 2023,Round 2,MD,LIU Yu Chen / OU Xuan Yi,5,2165,REN Xiang Yu / TAN Qiang,23,1830
2023-03-16,All England Open 2023,Round 2,MD,Hendra SETIAWAN / Mohammad AHSAN,3,2054,Lucas CORVEE / Ronan LABAR,36,1748
2023-03-16,All England Open 2023,Round 2,WD,KIM So Yeong / KONG Hee Yong,6,2064,LEE Chia.. / TENG Chun Hsun,30,1848
2023-03-16,All England Open 2023,Round 2,MS,WENG Hong Yang,27,1996,Chico Aura DWI WARDOYO,17,2153
2023-03-16,All England Open 2023,Round 2,MS,NG Tze Yong,28,2109,Viktor AXELSEN,1,2635
2023-03-16,All England Open 2023,Round 2,MS,Anders ANTONSEN,18,2202,Lakshya SEN,19,2173
2023-03-16,All England Open 2023,Round 2,XD,KIM Won Ho / JEONG Na Eun,12,2069,Yuta WATANABE / Arisa IGAKI,2,2339
2023-03-16,All England Open 2023,Round 2,WS,HE Bing Jiao,5,2415,ZHANG Yi Man,17,2147
2023-03-16,All England Open 2023,Round 2,WS,AN Se Young,2,2575,PAI Yu Po,28,1972
2023-03-16,All England Open 2023,Round 2,MD,LIANG Wei Keng / WANG Chang,10,2173,Satwiksairaj RANKIREDDY / Chirag SHETTY,6,2200
2023-03-16,All England Open 2023,Round 2,MD,Fajar ALFIAN / Muhammad Shohibul FIKRI,1,2195,LEE Jhe-Huei / YANG Po Hsuan,26,1968
2023-03-16,All England Open 2023,Round 2,WD,ZHANG .. / ZHENG Yu,3,2123,Margot LAMBERT / Anne TRAN,31,1717
2023-03-16,All England Open 2023,Round 2,MD,Leo Rolly CARNANDO / Daniel MARTHIN,11,2164,Jeppe BAY / Lasse MØLHEDE,28,1832
2023-03-16,All England Open 2023,Round 2,WD,BAEK Ha Na / LEE So Hee,20,2192,Nami MATSUYAMA / Chiharu SHIDA,2,2201
2023-03-16,All England Open 2023,Round 2,MD,Takuro HOKI / Yugo KOBAYASHI,4,2017,Alexander DUNN / Adam HALL,24,1848
2023-03-16,All England Open 2023,Round 2,WS,Gregoria Mariska TUNJUNG,14,2196,Lalinrat CHAIWAN,31,2097
2023-03-16,All England Open 2023,Round 2,WD,LI Wen Mei / LIU Xuan Xuan,52,1896,YEUNG .. / YEUNG Pak Hon,32,1782
2023-03-16,All England Open 2023,Round 2,WS,Carolina MARIN,7,2396,ZHANG Beiwen,18,2055
2023-03-16,All England Open 2023,Round 2,WD,Mayu MATSUMOTO / Wakana NAGAHARA,11,2088,Chloe COBB / Lauren SMITH,59,1772
2023-03-16,All England Open 2023,Round 2,XD,Yuki KANEKO / Misaki MATSUTOMO,16,1973,TAN Kian Meng / LAI Pei Jing,6,1917
2023-03-16,All England Open 2023,Round 2,MS,LI Shi Feng,14,2186,ZHAO Jun Peng,13,2153
2023-03-16,All England Open 2023,Round 2,WD,Treesa JOLLY / GAYATRI GOPICHAND,17,1925,Yuki FUKUSHIMA / Sayaka HIROTA,9,2054
2023-03-16,All England Open 2023,Round 2,MD,Muhammad Shohibul FIKRI / Bagas MAULANA,12,1961,ONG Yew Sin / TEO Ee Yi,8,2037
2023-03-16,All England Open 2023,Round 2,XD,Rehan Naufal KUSHARJANTO / Lisa Ayu KUSUMAWATI,15,1933,Thom GICQUEL / Delphine DELRUE,5,2042
2023-03-16,All England Open 2023,Round 2,WS,WANG Zhi Yi,6,2271,HAN Yue,10,2214
2023-03-16,All England Open 2023,Round 2,WS,Akane YAMAGUCHI,1,2635,Yvonne LI,30,1815
2023-03-16,All England Open 2023,Round 2,XD,Kyohei YAMASHITA / Naru SHINOYA,18,1962,YE Hong / LEE Chia Hsin,24,1862
2023-03-16,All England Open 2023,Round 2,WD,Apriyani RAHAYU / Siti Fadia Silva RAMADHANTI,5,2134,Supissara PACHARAMONGKOL / Puttita SUPAJIRAKUL,24,1797
2023-03-16,All England Open 2023,Round 2,XD,ZHENG Si Wei / HUANG Ya Qiong,1,2489,LEE Chun Hei / NG Tsz Yau,23,1918
2023-03-17,All England Open 2023,Quarter final,XD,SEO Seung Jae / CHAE Yu Jung,9,2099,Dechapol PUAVARANUKROH / Sapsiree TAERATTANACHAI,4,2257
2023-03-17,All England Open 2023,Quarter final,MS,LI Shi Feng,14,2209,NG Tze Yong,28,2159
2023-03-17,All England Open 2023,Quarter final,WS,AN Se Young,2,2577,Carolina MARIN,7,2402
2023-03-17,All England Open 2023,Quarter final,XD,KIM Won Ho / JEONG Na Eun,12,2086,Robin TABELING / Selena PIEK,13,1968
2023-03-17,All England Open 2023,Quarter final,MD,Fajar ALFIAN / Muhammad Shohibul FIKRI,1,2206,Muhammad Shohibul FIKRI / Bagas MAULANA,12,1995
2023-03-17,All England Open 2023,Quarter final,WS,TAI Tzu Ying,3,2478,HE Bing Jiao,5,2424
2023-03-17,All England Open 2023,Quarter final,MS,Anders ANTONSEN,18,2226,Anthony Sinisuka GINTING,3,2318
2023-03-17,All England Open 2023,Quarter final,MD,HE Ji Ting / ZHOU Hao Dong,21,1983,Takuro HOKI / Yugo KOBAYASHI,4,2032
2023-03-17,All England Open 2023,Quarter final,WD,ZHANG .. / ZHENG Yu,3,2128,Mayu MATSUMOTO / Wakana NAGAHARA,11,2096
2023-03-17,All England Open 2023,Quarter final,WD,KIM So Yeong / KONG Hee Yong,6,2076,CHEN Qi Ming / JIA Yi Fan,1,2404
2023-03-17,All England Open 2023,Quarter final,MD,Hendra SETIAWAN / Mohammad AHSAN,3,2062,LIU Yu Chen / OU Xuan Yi,5,2172
2023-03-17,All England Open 2023,Quarter final,WS,CHEN Yu Fei,4,2474,Gregoria Mariska TUNJUNG,14,2215
2023-03-17,All England Open 2023,Quarter final,MS,LEE Zii Jia,4,2201,Kodai NARAOKA,6,2259
2023-03-17,All England Open 2023,Quarter final,MD,LIANG Wei Keng / WANG Chang,10,2201,Leo Rolly CARNANDO / Daniel MARTHIN,11,2171
2023-03-17,All England Open 2023,Quarter final,WS,Akane YAMAGUCHI,1,2635,WANG Zhi Yi,6,2292
2023-03-17,All England Open 2023,Quarter final,MS,SHI Yu Qi,12,2320,WENG Hong Yang,27,2034
2023-03-17,All England Open 2023,Quarter final,WD,BAEK Ha Na / LEE So Hee,20,2218,Apriyani RAHAYU / Siti Fadia Silva RAMADHANTI,5,2141
2023-03-17,All England Open 2023,Quarter final,XD,ZHENG Si Wei / HUANG Ya Qiong,1,2491,Yuki KANEKO / Misaki MATSUTOMO,16,1996
2023-03-17,All England Open 2023,Quarter final,WD,Treesa JOLLY / GAYATRI GOPICHAND,17,1963,LI Wen Mei / LIU Xuan Xuan,52,1916
2023-03-17,All England Open 2023,Quarter final,XD,Rehan Naufal KUSHARJANTO / Lisa Ayu KUSUMAWATI,15,1970,Kyohei YAMASHITA / Naru SHINOYA,18,1982
2023-03-18,All England Open 2023,Semi final,MS,LI Shi Feng,14,2233,Anders ANTONSEN,18,2260
2023-03-18,All England Open 2023,Semi final,MD,Fajar ALFIAN / Muhammad Shohibul FIKRI,1,2218,HE Ji Ting / ZHOU Hao Dong,21,2015
2023-03-18,All England Open 2023,Semi final,WS,AN Se Young,2,2577,TAI Tzu Ying,3,2501
2023-03-18,All England Open 2023,Semi final,XD,SEO Seung Jae / CHAE Yu Jung,9,2138,KIM Won Ho / JEONG Na Eun,12,2105
2023-03-18,All England Open 2023,Semi final,WD,KIM So Yeong / KONG Hee Yong,6,2124,ZHANG .. / ZHENG Yu,3,2153
2023-03-18,All England Open 2023,Semi final,MS,SHI Yu Qi,12,2328,LEE Zii Jia,4,2232
2023-03-18,All England Open 2023,Semi final,MD,Hendra SETIAWAN / Mohammad AHSAN,3,2098,LIANG Wei Keng / WANG Chang,10,2226
2023-03-18,All England Open 2023,Semi final,WS,CHEN Yu Fei,4,2484,Akane YAMAGUCHI,1,2642
2023-03-18,All England Open 2023,Semi final,XD,ZHENG Si Wei / HUANG Ya Qiong,1,2494,Rehan Naufal KUSHARJANTO / Lisa Ayu KUSUMAWATI,15,2000
2023-03-18,All England Open 2023,Semi final,WD,BAEK Ha Na / LEE So Hee,20,2239,Treesa JOLLY / GAYATRI GOPICHAND,17,1988
2023-03-19,All England Open 2023,Final,MS,LI Shi Feng,14,2262,SHI Yu Qi,12,2348
2023-03-19,All England Open 2023,Final,MD,Fajar ALFIAN / Muhammad Shohibul FIKRI,1,2231,Hendra SETIAWAN / Mohammad AHSAN,3,2136
2023-03-19,All England Open 2023,Final,WS,AN Se Young,2,2598,CHEN Yu Fei,4,2523
2023-03-19,All England Open 2023,Final,XD,ZHENG Si Wei / HUANG Ya Qiong,1,2497,SEO Seung Jae / CHAE Yu Jung,9,2163
2023-03-19,All England Open 2023,Final,WD,KIM So Yeong / KONG Hee Yong,6,2154,BAEK Ha Na / LEE So Hee,20,2250
2023-06-13,Indonesia Open 2023,Round 1,WS,Carolina MARIN,6,2364,GOH Jin Wei,31,1915
2023-06-13,Indonesia Open 2023,Round 1,WD,JEONG Na Eun / KIM Hye Rin,7,2023,Srivedya GURAZADA / Ishika JAISWAL,40,1484
2023-06-13,Indonesia Open 2023,Round 1,WD,YEUNG .. / YEUNG Pak Hon,28,1796,Julie MACPHERSON / Ciara TORRANCE,33,1577
2023-06-13,Indonesia Open 2023,Round 1,MD,Leo Rolly CARNANDO / Daniel MARTHIN,10,2015,Ayato ENDO / Yuta TAKEI,28,1854
2023-06-13,Indonesia Open 2023,Round 1,MD,HE Ji Ting / ZHOU Hao Dong,14,1972,Lucas CORVEE / Ronan LABAR,32,1745
2023-06-13,Indonesia Open 2023,Round 1,MS,Viktor AXELSEN,1,2546,WENG Hong Yang,25,2128
2023-06-13,Indonesia Open 2023,Round 1,XD,Mathias THYRRI / Amalie MAGELUND,27,1832,Marcus ELLIS / Lauren SMITH,46,1779
2023-06-13,Indonesia Open 2023,Round 1,MS,Brian YANG,26,2045,Nhat NGUYEN,32,1852
2023-06-13,Indonesia Open 2023,Round 1,MD,Satwiksairaj RANKIREDDY / Chirag SHETTY,6,2105,Christo POPOV / Toma Junior POPOV,42,1607
2023-06-13,Indonesia Open 2023,Round 1,WS,Putri Kusuma WARDANI,39,1909,Iris WANG,36,1850
2023-06-13,Indonesia Open 2023,Round 1,XD,Hiroki MIDORIKAWA / Natsu SAITO,24,1830,CHEN Tang Jie / TOH Ee Wei,16,2033
2023-06-13,Indonesia Open 2023,Round 1,XD,Rehan Naufal KUSHARJANTO / Lisa Ayu KUSUMAWATI,12,1935,GOH Soon Huat / LAI Shevon Jemie,8,1986
2023-06-13,Indonesia Open 2023,Round 1,MD,Fajar ALFIAN / Muhammad Shohibul FIKRI,1,2142,Jeppe BAY / Lasse MØLHEDE,30,1870
2023-06-13,Indonesia Open 2023,Round 1,MS,WANG Tzu Wei,28,1961,Kantaphon WANGCHAROEN,29,1890
2023-06-13,Indonesia Open 2023,Round 1,WD,ZHANG .. / ZHENG Yu,3,2095,Margot LAMBERT / Anne TRAN,29,1741
2023-06-13,Indonesia Open 2023,Round 1,WS,Ratchanok INTANON,8,2181,HSU Wen Chi,18,1957
2023-06-13,Indonesia Open 2023,Round 1,MD,ONG Yew Sin / TEO Ee Yi,8,2096,M.R.ARJUN / DHRUV KAPILA,23,1826
2023-06-13,Indonesia Open 2023,Round 1,MD,REN Xiang Yu / TAN Qiang,19,1947,LEE Jhe-Huei / YANG Po Hsuan,20,1886
2023-06-13,Indonesia Open 2023,Round 1,XD,Dechapol PUAVARANUKROH / Sapsiree TAERATTANACHAI,2,2172,Zachariah Josiahno SUMITRO / Hediana JULIMARBELA,32,1653
2023-06-13,Indonesia Open 2023,Round 1,WS,PUSARLA V. Sindhu,14,2169,Gregoria Mariska TUNJUNG,9,2295
2023-06-13,Indonesia Open 2023,Round 1,MS,PRANNOY H. S.,9,2218,Kenta NISHIMOTO,12,2126
2023-06-13,Indonesia Open 2023,Round 1,MS,NG Ka Long Angus,16,2195,Kento MOMOTA,33,2143
2023-06-13,Indonesia Open 2023,Round 1,WD,Meilysa Trias PUSPITASARI / Rachel Allessya ROSE,42,1707,Vivian HO / LIM Chiew Sien,22,1679
2023-06-13,Indonesia Open 2023,Round 1,WS,TAI Tzu Ying,3,2564,HAN Yue,10,2239
2023-06-13,Indonesia Open 2023,Round 1,MS,CHOU Tien Chen,8,2154,Christo POPOV,30,2016
2023-06-13,Indonesia Open 2023,Round 1,WD,Rin IWANAGA / Kie NAKANISHI,18,1968,Treesa JOLLY / GAYATRI GOPICHAND,16,1918
2023-06-13,Indonesia Open 2023,Round 1,XD,ZHENG Si Wei / HUANG Ya Qiong,1,2433,Adnan MAULANA / Nita Violina MARWAH,38,1820
2023-06-13,Indonesia Open 2023,Round 1,WS,YEO Jia Min,28,2018,Nozomi OKUHARA,22,2156
2023-06-13,Indonesia Open 2023,Round 1,XD,JIANG Zhen Bang / WEI Ya Xin,10,2055,Yuki KANEKO / Misaki MATSUTOMO,20,1973
2023-06-13,Indonesia Open 2023,Round 1,MD,KANG Min Hyuk / SEO Seung Jae,12,2120,LU Ching Yao / YANG Po Hsuan,16,1849
2023-06-13,Indonesia Open 2023,Round 1,MS,SHI Yu Qi,6,2283,NG Tze Yong,21,2115
2023-06-13,Indonesia Open 2023,Round 1,WS,Pornpawee CHOCHUWONG,11,2262,Supanida KATETHONG,19,2092
2023-06-13,Indonesia Open 2023,Round 1,XD,FENG Yan Zhe / HUANG Dong Ping,5,2102,HEE Yong KWON / TAN Wei Qiang,25,1795
2023-06-13,Indonesia Open 2023,Round 1,WD,Febriana Dwipuji KUSUMA / Amallia Cahaya PRATIWI,13,1832,Lanny Tria MAYASARI / Ribka SUGIARTO,26,1776
2023-06-14,Indonesia Open 2023,Round 1,WS,Yvonne LI,26,1848,Clara AZURMENDI,40,1738
2023-06-14,Indonesia Open 2023,Round 1,WS,Saena KAWAKAMI,24,1940,Aya OHORI,21,1923
2023-06-14,Indonesia Open 2023,Round 1,MD,LIANG Wei Keng / WANG Chang,2,2226,Kevin LEE / Ty Alexander LEONG,46,1695
2023-06-14,Indonesia Open 2023,Round 1,WS,CHEN Yu Fei,4,2507,Natsuki NIDAIRA,25,1968
2023-06-14,Indonesia Open 2023,Round 1,MS,Priyanshu RAJAWAT,34,1941,Kunlavut VITIDSARN,3,2406
2023-06-14,Indonesia Open 2023,Round 1,WD,Yuki FUKUSHIMA / Sayaka HIROTA,9,2088,Chloe COBB / Lauren SMITH,25,1739
2023-06-14,Indonesia Open 2023,Round 1,WS,HE Bing Jiao,5,2414,PAI Yu Po,23,1939
2023-06-14,Indonesia Open 2023,Round 1,MD,Keiichiro MATSUI / Yoshinori TAKEUTI,36,1688,MAN Wei Chong / TEE Kai Wun,22,1933
2023-06-14,Indonesia Open 2023,Round 1,XD,Robin TABELING / Selena PIEK,13,1961,Kyohei YAMASHITA / Naru SHINOYA,17,2004
2023-06-14,Indonesia Open 2023,Round 1,WD,LEE Chia.. / TENG Chun Hsun,24,1767,Debora JILLE / Cheryl SEINEN,32,1537
2023-06-14,Indonesia Open 2023,Round 1,MD,CHOI Sol Gyu / KIM Won Ho,9,2063,SU Ching Heng / YE Hong,27,1797
2023-06-14,Indonesia Open 2023,Round 1,MD,Takuro HOKI / Yugo KOBAYASHI,4,2168,Alexander DUNN / Adam HALL,26,1807
2023-06-14,Indonesia Open 2023,Round 1,WD,CHEN Qi Ming / JIA Yi Fan,1,2386,LI Wen Mei / LIU Xuan Xuan,15,1954
2023-06-14,Indonesia Open 2023,Round 1,WD,BAEK Ha Na / LEE So Hee,2,2270,Rui HIROKAMI / Yuna KATO,19,1809
2023-06-14,Indonesia Open 2023,Round 1,MD,Pramudya KUSUMAWARDANA / Yeremia Erich Yoche Yacob RAMBITAN,25,1942,Ben LANE / Sean VENDY,17,1944
2023-06-14,Indonesia Open 2023,Round 1,XD,Mathias THYRRI / Alexandra BOE,9,2141,YANG Po Hsuan / HU Ling Fang,30,1822
2023-06-14,Indonesia Open 2023,Round 1,WD,Catherine CHOI / Josephine WU,31,1691,Ridya Aul.. / Kelly LARI..,70,1566
2023-06-14,Indonesia Open 2023,Round 1,WD,Benyapa AIMSAARD / Nuntakarn AIMSAARD,11,2064,Annie XU / Kerry XU,36,1661
2023-06-14,Indonesia Open 2023,Round 1,MS,Anthony Sinisuka GINTING,2,2398,Hans-Kristian Solberg VITTINGHUS,39,1927
2023-06-14,Indonesia Open 2023,Round 1,XD,SEO Seung Jae / CHAE Yu Jung,4,2125,Dejan FERDINANSYAH / Gloria Emanuelle WIDJAJA,14,1922
2023-06-14,Indonesia Open 2023,Round 1,MS,Toma Junior POPOV,27,2016,LIN Chun-Yi,24,2107
2023-06-14,Indonesia Open 2023,Round 1,MD,LIU Yu Chen / OU Xuan Yi,5,2078,Kim ASTRUP / Anders Skaarup RASMUSSEN,11,1866
2023-06-14,Indonesia Open 2023,Round 1,WS,WANG Zhi Yi,7,2234,THET Htar Thuzar,57,1730
2023-06-14,Indonesia Open 2023,Round 1,MD,Aaron CHIA / SOH Wooi Yik,3,2117,Muhammad Shohibul FIKRI / Bagas MAULANA,13,2059
2023-06-14,Indonesia Open 2023,Round 1,MS,Kodai NARAOKA,4,2236,Anders ANTONSEN,18,2264
2023-06-14,Indonesia Open 2023,Round 1,XD,TAN Kian Meng / LAI Pei Jing,18,1792,Gregory MAIRS / Jenny MAINZER,29,1773
2023-06-14,Indonesia Open 2023,Round 1,MD,Hendra SETIAWAN / Mohammad AHSAN,7,2074,Supak JOMKOH / Kittinupong KEDREN,29,1681
2023-06-14,Indonesia Open 2023,Round 1,WD,Apriyani RAHAYU / Siti Fadia Silva RAMADHANTI,6,2042,Linda EFLER / Isabel LOHAU,34,1682
2023-06-14,Indonesia Open 2023,Round 1,XD,Praveen JORDAN / Melati Daeva OKTAVIANTI,28,1979,CHAN Peng Soon / CHEAH Yee See,33,1760
2023-06-14,Indonesia Open 2023,Round 1,MS,Jonatan CHRISTIE,7,2229,Kanta TSUNEYAMA,15,2173
2023-06-14,Indonesia Open 2023,Round 1,WD,Mayu MATSUMOTO / Wakana NAGAHARA,10,2089,KIM So Yeong / KONG Hee Yong,4,2170
2023-06-14,Indonesia Open 2023,Round 1,MS,KIDAMBI Srikanth,22,2074,LU Guang Zu,13,2196
2023-06-14,Indonesia Open 2023,Round 1,XD,Rinov RIVALDY / Pitha Haningtyas MENTARI,15,2013,Thom GICQUEL / Delphine DELRUE,7,2024
2023-06-14,Indonesia Open 2023,Round 1,MD,Akira KOGA / Taichi SAITO,24,1954,LEE Yang / WANG Chang,18,2039
2023-06-14,Indonesia Open 2023,Round 1,WD,Rena MIYAURA / Ayako SAKURAMOTO,17,1948,Nami MATSUYAMA / Chiharu SHIDA,5,2153
2023-06-14,Indonesia Open 2023,Round 1,MS,Lakshya SEN,20,2137,LEE Zii Jia,11,2214
2023-06-14,Indonesia Open 2023,Round 1,WS,AN Se Young,2,2695,AAKARSHI KASHYAP,43,1708
2023-06-14,Indonesia Open 2023,Round 1,WS,KIM Ga Eun,27,2049,Michelle LI,13,2207
2023-06-14,Indonesia Open 2023,Round 1,MS,LOH Kean Yew,5,2157,Chico Aura DWI WARDOYO,23,2068
2023-06-14,Indonesia Open 2023,Round 1,XD,TANG Chun Man / TSE Ying Suet,21,1906,KIM Won Ho / JEONG Na Eun,6,2171
2023-06-14,Indonesia Open 2023,Round 1,XD,LEE Chun Hei / NG Tsz Yau,23,1885,YE Hong / LEE Chia Hsin,22,1898
2023-06-14,Indonesia Open 2023,Round 1,WD,Jongkolphan KITITHARAKUL / Rawinda PRAJONGJAI,8,1974,JIN Yu Jia / WONG Jia Lin,23,1718
2023-06-14,Indonesia Open 2023,Round 1,WS,Kirsty GILMOUR,33,1925,ZHANG Beiwen,15,2041
2023-06-14,Indonesia Open 2023,Round 1,MS,LI Shi Feng,10,2261,LEE Cheuk Yiu,14,2173
2023-06-14,Indonesia Open 2023,Round 1,WS,Akane YAMAGUCHI,1,2575,ZHANG Yi Man,17,2101
2023-06-14,Indonesia Open 2023,Round 1,XD,Yuta WATANABE / Arisa IGAKI,3,2244,Supak JOMKOH / Supissara PACHARAMONGKOL,11,1971
2023-06-15,Indonesia Open 2023,Round 2,MD,Pramudya KUSUMAWARDANA / Yeremia Erich Yoche Yacob RAMBITAN,25,1970,Hendra SETIAWAN / Mohammad AHSAN,7,2079
2023-06-15,Indonesia Open 2023,Round 2,MD,LIANG Wei Keng / WANG Chang,2,2228,Keiichiro MATSUI / Yoshinori TAKEUTI,36,1755
2023-06-15,Indonesia Open 2023,Round 2,WS,AN Se Young,2,2695,Kirsty GILMOUR,33,1962
2023-06-15,Indonesia Open 2023,Round 2,WS,HE Bing Jiao,5,2417,Yvonne LI,26,1869
2023-06-15,Indonesia Open 2023,Round 2,WS,CHEN Yu Fei,4,2509,Saena KAWAKAMI,24,1966
2023-06-15,Indonesia Open 2023,Round 2,WD,Yuki FUKUSHIMA / Sayaka HIROTA,9,2094,LEE Chia.. / TENG Chun Hsun,24,1781
2023-06-15,Indonesia Open 2023,Round 2,WD,JEONG Na Eun / KIM Hye Rin,7,2025,YEUNG .. / YEUNG Pak Hon,28,1810
2023-06-15,Indonesia Open 2023,Round 2,MS,CHOU Tien Chen,8,2170,Brian YANG,26,2058
2023-06-15,Indonesia Open 2023,Round 2,MD,KANG Min Hyuk / SEO Seung Jae,12,2129,Takuro HOKI / Yugo KOBAYASHI,4,2173
2023-06-15,Indonesia Open 2023,Round 2,WD,Apriyani RAHAYU / Siti Fadia Silva RAMADHANTI,6,2048,Catherine CHOI / Josephine WU,31,1718
2023-06-15,Indonesia Open 2023,Round 2,WD,ZHANG .. / ZHENG Yu,3,2101,Meilysa Trias PUSPITASARI / Rachel Allessya ROSE,42,1744
2023-06-15,Indonesia Open 2023,Round 2,MS,Anthony Sinisuka GINTING,2,2401,Priyanshu RAJAWAT,34,1941
2023-06-15,Indonesia Open 2023,Round 2,MD,Fajar ALFIAN / Muhammad Shohibul FIKRI,1,2151,REN Xiang Yu / TAN Qiang,19,1969
2023-06-15,Indonesia Open 2023,Round 2,WS,KIM Ga Eun,27,2086,WANG Zhi Yi,7,2236
2023-06-15,Indonesia Open 2023,Round 2,MD,Leo Rolly CARNANDO / Daniel MARTHIN,10,2030,ONG Yew Sin / TEO Ee Yi,8,2105
2023-06-15,Indonesia Open 2023,Round 2,MS,Jonatan CHRISTIE,7,2250,Toma Junior POPOV,27,2049
2023-06-15,Indonesia Open 2023,Round 2,XD,FENG Yan Zhe / HUANG Dong Ping,5,2110,Mathias THYRRI / Alexandra BOE,9,2148
2023-06-15,Indonesia Open 2023,Round 2,MS,Viktor AXELSEN,1,2550,WANG Tzu Wei,28,1983
2023-06-15,Indonesia Open 2023,Round 2,MD,Satwiksairaj RANKIREDDY / Chirag SHETTY,6,2106,HE Ji Ting / ZHOU Hao Dong,14,1983
2023-06-15,Indonesia Open 2023,Round 2,MD,Akira KOGA / Taichi SAITO,24,1988,LIU Yu Chen / OU Xuan Yi,5,2090
2023-06-15,Indonesia Open 2023,Round 2,WD,BAEK Ha Na / LEE So Hee,2,2273,Rin IWANAGA / Kie NAKANISHI,18,1991
2023-06-15,Indonesia Open 2023,Round 2,WD,CHEN Qi Ming / JIA Yi Fan,1,2390,Febriana Dwipuji KUSUMA / Amallia Cahaya PRATIWI,13,1858
2023-06-15,Indonesia Open 2023,Round 2,MS,PRANNOY H. S.,9,2237,NG Ka Long Angus,16,2216
2023-06-15,Indonesia Open 2023,Round 2,WD,Rena MIYAURA / Ayako SAKURAMOTO,17,1990,Jongkolphan KITITHARAKUL / Rawinda PRAJONGJAI,8,1984
2023-06-15,Indonesia Open 2023,Round 2,WS,Akane YAMAGUCHI,1,2578,Putri Kusuma WARDANI,39,1932
2023-06-15,Indonesia Open 2023,Round 2,MS,Kodai NARAOKA,4,2263,SHI Yu Qi,6,2297
2023-06-15,Indonesia Open 2023,Round 2,XD,Dechapol PUAVARANUKROH / Sapsiree TAERATTANACHAI,2,2174,JIANG Zhen Bang / WEI Ya Xin,10,2075
2023-06-15,Indonesia Open 2023,Round 2,MD,Aaron CHIA / SOH Wooi Yik,3,2138,CHOI Sol Gyu / KIM Won Ho,9,2067
2023-06-15,Indonesia Open 2023,Round 2,WS,TAI Tzu Ying,3,2571,PUSARLA V. Sindhu,14,2204
2023-06-15,Indonesia Open 2023,Round 2,XD,Robin TABELING / Selena PIEK,13,1991,SEO Seung Jae / CHAE Yu Jung,4,2137
2023-06-15,Indonesia Open 2023,Round 2,XD,Rinov RIVALDY / Pitha Haningtyas MENTARI,15,2040,TAN Kian Meng / LAI Pei Jing,18,1823
2023-06-15,Indonesia Open 2023,Round 2,XD,Yuta WATANABE / Arisa IGAKI,3,2252,LEE Chun Hei / NG Tsz Yau,23,1915
2023-06-15,Indonesia Open 2023,Round 2,MS,KIDAMBI Srikanth,22,2108,Lakshya SEN,20,2169
2023-06-15,Indonesia Open 2023,Round 2,WD,Mayu MATSUMOTO / Wakana NAGAHARA,10,2121,Benyapa AIMSAARD / Nuntakarn AIMSAARD,11,2068
2023-06-15,Indonesia Open 2023,Round 2,WS,Ratchanok INTANON,8,2192,Pornpawee CHOCHUWONG,11,2276
2023-06-15,Indonesia Open 2023,Round 2,XD,TANG Chun Man / TSE Ying Suet,21,1952,Praveen JORDAN / Melati Daeva OKTAVIANTI,28,1991
2023-06-15,Indonesia Open 2023,Round 2,WS,Carolina MARIN,6,2367,YEO Jia Min,28,2025
2023-06-15,Indonesia Open 2023,Round 2,XD,Mathias THYRRI / Amalie MAGELUND,27,1858,Rehan Naufal KUSHARJANTO / Lisa Ayu KUSUMAWATI,12,1966
2023-06-15,Indonesia Open 2023,Round 2,XD,ZHENG Si Wei / HUANG Ya Qiong,1,2434,Hiroki MIDORIKAWA / Natsu SAITO,24,1877
2023-06-15,Indonesia Open 2023,Round 2,MS,LI Shi Feng,10,2280,LOH Kean Yew,5,2176
2023-06-16,Indonesia Open 2023,Quarter final,MD,Pramudya KUSUMAWARDANA / Yeremia Erich Yoche Yacob RAMBITAN,25,2005,LIANG Wei Keng / WANG Chang,2,2231
2023-06-16,Indonesia Open 2023,Quarter final,MD,KANG Min Hyuk / SEO Seung Jae,12,2158,Leo Rolly CARNANDO / Daniel MARTHIN,10,2062
2023-06-16,Indonesia Open 2023,Quarter final,MD,Aaron CHIA / SOH Wooi Yik,3,2159,Akira KOGA / Taichi SAITO,24,2022
2023-06-16,Indonesia Open 2023,Quarter final,MS,Anthony Sinisuka GINTING,2,2405,Jonatan CHRISTIE,7,2263
2023-06-16,Indonesia Open 2023,Quarter final,MS,Viktor AXELSEN,1,2552,CHOU Tien Chen,8,2188
2023-06-16,Indonesia Open 2023,Quarter final,WD,BAEK Ha Na / LEE So Hee,2,2282,CHEN Qi Ming / JIA Yi Fan,1,2392
2023-06-16,Indonesia Open 2023,Quarter final,WD,Yuki FUKUSHIMA / Sayaka HIROTA,9,2101,Apriyani RAHAYU / Siti Fadia Silva RAMADHANTI,6,2055
2023-06-16,Indonesia Open 2023,Quarter final,WD,Mayu MATSUMOTO / Wakana NAGAHARA,10,2143,Rena MIYAURA / Ayako SAKURAMOTO,17,2016
2023-06-16,Indonesia Open 2023,Quarter final,MS,PRANNOY H. S.,9,2261,Kodai NARAOKA,4,2291
2023-06-16,Indonesia Open 2023,Quarter final,MD,Satwiksairaj RANKIREDDY / Chirag SHETTY,6,2123,Fajar ALFIAN / Muhammad Shohibul FIKRI,1,2164
2023-06-16,Indonesia Open 2023,Quarter final,XD,ZHENG Si Wei / HUANG Ya Qiong,1,2436,Mathias THYRRI / Amalie MAGELUND,27,1897
2023-06-16,Indonesia Open 2023,Quarter final,WD,JEONG Na Eun / KIM Hye Rin,7,2037,ZHANG .. / ZHENG Yu,3,2107
2023-06-16,Indonesia Open 2023,Quarter final,MS,LI Shi Feng,10,2298,KIDAMBI Srikanth,22,2139
2023-06-16,Indonesia Open 2023,Quarter final,WS,AN Se Young,2,2696,HE Bing Jiao,5,2419
2023-06-16,Indonesia Open 2023,Quarter final,WS,CHEN Yu Fei,4,2511,KIM Ga Eun,27,2123
2023-06-16,Indonesia Open 2023,Quarter final,XD,FENG Yan Zhe / HUANG Dong Ping,5,2138,Dechapol PUAVARANUKROH / Sapsiree TAERATTANACHAI,2,2192
2023-06-16,Indonesia Open 2023,Quarter final,XD,Yuta WATANABE / Arisa IGAKI,3,2259,Rinov RIVALDY / Pitha Haningtyas MENTARI,15,2052
2023-06-16,Indonesia Open 2023,Quarter final,WS,Carolina MARIN,6,2373,TAI Tzu Ying,3,2576
2023-06-16,Indonesia Open 2023,Quarter final,WS,Ratchanok INTANON,8,2224,Akane YAMAGUCHI,1,2579
2023-06-16,Indonesia Open 2023,Quarter final,XD,TANG Chun Man / TSE Ying Suet,21,1982,Robin TABELING / Selena PIEK,13,2029
2023-06-17,Indonesia Open 2023,Semi final,MS,Anthony Sinisuka GINTING,2,2421,LI Shi Feng,10,2313
2023-06-17,Indonesia Open 2023,Semi final,MD,Aaron CHIA / SOH Wooi Yik,3,2175,Pramudya KUSUMAWARDANA / Yeremia Erich Yoche Yacob RAMBITAN,25,2048
2023-06-17,Indonesia Open 2023,Semi final,WD,Yuki FUKUSHIMA / Sayaka HIROTA,9,2124,Mayu MATSUMOTO / Wakana NAGAHARA,10,2160
2023-06-17,Indonesia Open 2023,Semi final,MS,Viktor AXELSEN,1,2558,PRANNOY H. S.,9,2289
2023-06-17,Indonesia Open 2023,Semi final,MD,Satwiksairaj RANKIREDDY / Chirag SHETTY,6,2153,KANG Min Hyuk / SEO Seung Jae,12,2177
2023-06-17,Indonesia Open 2023,Semi final,WD,BAEK Ha Na / LEE So Hee,2,2316,JEONG Na Eun / KIM Hye Rin,7,2069
2023-06-17,Indonesia Open 2023,Semi final,WS,Carolina MARIN,6,2413,Ratchanok INTANON,8,2270
2023-06-17,Indonesia Open 2023,Semi final,XD,Yuta WATANABE / Arisa IGAKI,3,2271,TANG Chun Man / TSE Ying Suet,21,2014
2023-06-17,Indonesia Open 2023,Semi final,WS,CHEN Yu Fei,4,2516,AN Se Young,2,2705
2023-06-17,Indonesia Open 2023,Semi final,XD,ZHENG Si Wei / HUANG Ya Qiong,1,2438,FENG Yan Zhe / HUANG Dong Ping,5,2169
2023-06-18,Indonesia Open 2023,Final,MS,Viktor AXELSEN,1,2567,Anthony Sinisuka GINTING,2,2440
2023-06-18,Indonesia Open 2023,Final,MD,Satwiksairaj RANKIREDDY / Chirag SHETTY,6,2182,Aaron CHIA / SOH Wooi Yik,3,2193
2023-06-18,Indonesia Open 2023,Final,WD,BAEK Ha Na / LEE So Hee,2,2327,Yuki FUKUSHIMA / Sayaka HIROTA,9,2154
2023-06-18,Indonesia Open 2023,Final,WS,CHEN Yu Fei,4,2556,Carolina MARIN,6,2430
2023-06-18,Indonesia Open 2023,Final,XD,ZHENG Si Wei / HUANG Ya Qiong,1,2448,Yuta WATANABE / Arisa IGAKI,3,2281
2023-08-21,BWF World Championships 2023,Round 1,MS,DANYLO BOSNIUK,106,1572,Anthony Sinisuka GINTING,2,2361
2023-08-21,BWF World Championships 2023,Round 1,MS,Julien CARRAGGI,52,1874,Milan DRATVA,129,1499
2023-08-21,BWF World Championships 2023,Round 1,MD,Kevin LEE / Ty Alexander LEONG,45,1640,Christoph WEGNER / Matthew NOTTINGHAM,44,1667
2023-08-21,BWF World Championships 2023,Round 1,MS,Toma Junior POPOV,24,2062,Tobias KUENZI,112,1655
2023-08-21,BWF World Championships 2023,Round 1,MS,Uriel Francisco CANJURA,62,1830,B. R. Sankeerth,136,1652
2023-08-21,BWF World Championships 2023,Round 1,MD,Ondrej KRAPL / Adam MENDREK,55,1586,Torjus FLAATTEN / Vegard RIKHEIM,67,1519
2023-08-21,BWF World Championships 2023,Round 1,MS,NG Ka Long Angus,17,2137,Bernardo ATILANO,84,1635
2023-08-21,BWF World Championships 2023,Round 1,MS,Kodai NARAOKA,4,2256,Luka WRABER,110,1518
2023-08-21,BWF World Championships 2023,Round 1,MS,LEE Cheuk Yiu,16,2128,Max WEISSKIRCHEN,130,1744
2023-08-21,BWF World Championships 2023,Round 1,MS,Rasmus GEMKE,25,2121,Mark CALJOUW,54,1948
2023-08-21,BWF World Championships 2023,Round 1,MS,SHI Yu Qi,8,2282,Luís Enrique PEÑALVER,60,1694
2023-08-21,BWF World Championships 2023,Round 1,MS,Jia Heng Jason TEH,98,1781,Jan LOUDA,40,1911
2023-08-21,BWF World Championships 2023,Round 1,MS,Kanta TSUNEYAMA,18,2083,Adham Hatem ELGAMAL,128,1724
2023-08-21,BWF World Championships 2023,Round 1,MD,Giovanni TOTI / David SALAS,99,1591,Jose GUERRERO / Diego MINONI,103,1550
2023-08-21,BWF World Championships 2023,Round 1,MS,Anders ANTONSEN,12,2316,Misha ZILBERMAN,33,1852
2023-08-21,BWF World Championships 2023,Round 1,MS,Viktor AXELSEN,1,2621,Nhat NGUYEN,37,1802
2023-08-21,BWF World Championships 2023,Round 1,MS,Kenta NISHIMOTO,15,2118,KIDAMBI Srikanth,20,2111
2023-08-21,BWF World Championships 2023,Round 1,WD,Kirsten DEBAERE / Alyssa TICSAY,64,1681,Aminath NABEEHA / Fathimath NABAAHA,95,1339
2023-08-21,BWF World Championships 2023,Round 1,WD,Jacqueline FUNAOKA / Samia LIMA,54,1618,Abbygael NEYRA / Annie LADDHA,67,1678
2023-08-21,BWF World Championships 2023,Round 1,WD,Maiken FRUERGAARD / Sara THYGESEN,20,1841,Catherine CHOI / Josephine WU,30,1667
2023-08-21,BWF World Championships 2023,Round 1,WS,Rachael DARRAGH,81,1617,Doha HANY,134,1536
2023-08-21,BWF World Championships 2023,Round 1,MS,WANG Tzu Wei,29,2000,Giovanni TOTI,92,1663
2023-08-21,BWF World Championships 2023,Round 1,MS,NG Tze Yong,22,2153,ZHAO Jun Peng,26,2044
2023-08-21,BWF World Championships 2023,Round 1,MD,Jeppe BAY / Lasse MØLHEDE,31,1871,Ivan RUSINOV / Iliyan STOYANOV,101,1458
2023-08-21,BWF World Championships 2023,Round 1,MD,Christian VOGT / Alvin MOREL,48,1712,Jarred ELIAS / Robert SUMMERS,97,1733
2023-08-21,BWF World Championships 2023,Round 1,MS,Kantaphon WANGCHAROEN,34,1811,Fabio CAPONIO,108,1649
2023-08-21,BWF World Championships 2023,Round 1,MD,LEE Jhe-Huei / YANG Po Hsuan,21,1831,Rory EASON / Zach RUSS,58,1605
2023-08-21,BWF World Championships 2023,Round 1,WD,Julie MACPHERSON / Ciara TORRANCE,35,1579,Kaitlyn EA / Gronya SOMERVILLE,57,1598
2023-08-21,BWF World Championships 2023,Round 1,MD,Supak JOMKOH / Kittinupong KEDREN,40,1664,Ade Reski DWICAHYO / Azmy QOTB,92,1588
2023-08-21,BWF World Championships 2023,Round 1,MD,Akira KOGA / Taichi SAITO,18,2010,Fabricio AUGUSTO / Francielto JUNIOR,115,1551
2023-08-21,BWF World Championships 2023,Round 1,MS,LU Guang Zu,14,2161,Joran KWEEKEL,82,1812
2023-08-21,BWF World Championships 2023,Round 1,MS,Christo POPOV,31,2063,NGUYEN Hai Dang,86,1639
2023-08-21,BWF World Championships 2023,Round 1,MS,LEE Zii Jia,13,2149,Jonatan CHRISTIE,5,2293
2023-08-21,BWF World Championships 2023,Round 1,MS,JEON Hyeok Jin,51,1961,Bahaedeen Ahmad ALSAMMAK,87,1689
2023-08-21,BWF World Championships 2023,Round 1,MS,LI Shi Feng,6,2326,Dmitriy PANARIN,91,1689
2023-08-21,BWF World Championships 2023,Round 1,WD,Lanny Tria MAYASARI / Ribka SUGIARTO,31,1748,Stine KUUSISTO / Emma MOSZCZYNSKI,48,1631
2023-08-21,BWF World Championships 2023,Round 1,MS,Brian YANG,27,1931,Kai SCHAEFER,63,1691
2023-08-21,BWF World Championships 2023,Round 1,MS,Ygor COELHO,56,1814,Job CASTILLO,123,1714
2023-08-21,BWF World Championships 2023,Round 1,WS,PAI Yu Po,23,1935,KISONA Selvaduray,57,1715
2023-08-21,BWF World Championships 2023,Round 1,MS,Lakshya SEN,11,2244,Georges Julien PAUL,111,1827
2023-08-21,BWF World Championships 2023,Round 1,MS,Chico Aura DWI WARDOYO,21,2076,Nathan TANG,114,1664
2023-08-21,BWF World Championships 2023,Round 1,WS,HSU Wen Chi,20,1945,Clara AZURMENDI,40,1705
2023-08-21,BWF World Championships 2023,Round 1,XD,Gregory MAIRS / Jenny MAINZER,34,1741,Mihajlo TABOROVIC / Andjela VISIC,60,1694
2023-08-21,BWF World Championships 2023,Round 1,MS,CHOU Tien Chen,10,2127,Kevin CORDON,53,1947
2023-08-21,BWF World Championships 2023,Round 1,MS,Kunlavut VITIDSARN,3,2341,Jonathan MATIAS,65,1789
2023-08-21,BWF World Championships 2023,Round 1,WD,Serena ANITA / Katharina FINK,82,1209,Amy ACKROYD / Deidre LYNCH,72,1787
2023-08-21,BWF World Championships 2023,Round 1,MS,LOH Kean Yew,7,2149,Pablo ABIAN,85,1806
2023-08-21,BWF World Championships 2023,Round 1,WD,CHANG Tak Ching / YANG Ching Tun,37,1723,Kati-Kreete TÜÜR / Helina RÜÜTEL,51,1608
2023-08-21,BWF World Championships 2023,Round 1,WD,LEE Chia Ying / TENG Chun Hsun,21,1828,Mariia STOLIARENKO / Yelyzaveta ZHARKA,50,1492
2023-08-21,BWF World Championships 2023,Round 1,MS,Howard SHU,104,1585,Anuoluwapo Juwon OPEYORI,99,1948
2023-08-21,BWF World Championships 2023,Round 1,XD,Dejan FERDINANSYAH / Gloria Emanuelle WIDJAJA,19,1908,Yuki KANEKO / Misaki MATSUTOMO,22,1840
2023-08-21,BWF World Championships 2023,Round 1,MS,PRANNOY H. S.,9,2299,Kalle KOLJONEN,57,1852
2023-08-21,BWF World Championships 2023,Round 1,XD,Mark LAMSFUSS / Isabel LOHAU,24,1853,Ties VAN DER LECQ / Debora JILLE,90,1673
2023-08-21,BWF World Championships 2023,Round 1,WS,Yvonne LI,24,1818,LéOnice HUET,59,1614
2023-08-21,BWF World Championships 2023,Round 1,XD,Iliyan STOYANOV / Hristomira POPOVA,77,1493,Jonathan MCDERMOTT / Diana CORTES,81,1693
2023-08-21,BWF World Championships 2023,Round 1,WS,Nozomi OKUHARA,36,2123,NGUYEN Thuy Linh,25,1956
2023-08-21,BWF World Championships 2023,Round 1,WS,Kirsty GILMOUR,27,2007,Lianne TAN,41,1678
2023-08-21,BWF World Championships 2023,Round 1,MS,Ade Resky DWICAHYO,75,1805,Justin MA,142,1558
2023-08-21,BWF World Championships 2023,Round 1,WS,Putri Kusuma WARDANI,33,1932,Polina BUHROVA,64,1640
2023-08-21,BWF World Championships 2023,Round 1,XD,YANG Po Hsuan / HU Ling Fang,32,1812,Nyl YAKURA / Crystal LAI,79,1646
2023-08-21,BWF World Championships 2023,Round 1,XD,Vinson CHIU / Jennie Gail HORLADOR,30,1758,Fabricio AUGUSTO / Jacqueline FUNAOKA,49,1785
2023-08-21,BWF World Championships 2023,Round 1,XD,Misha ZILBERMAN / Svetlana ZILBERMAN,69,1528,Adham Hatem ELGAMAL / Doha Hany ABDELAZIZ,65,1613
2023-08-21,BWF World Championships 2023,Round 1,XD,Adam HALL / Julie MACPHERSON,40,1703,Rohan KAPOOR / REDDY Sikki Gupta,33,1767
2023-08-21,BWF World Championships 2023,Round 1,WS,GOH Jin Wei,35,1814,Vivien SANDORHAZI,65,1672
2023-08-21,BWF World Championships 2023,Round 1,WS,YEO Jia Min,22,2044,QI Xuefei,54,1863
2023-08-22,BWF World Championships 2023,Round 2,WS,HE Bing Jiao,5,2418,Putri Kusuma WARDANI,33,1941
2023-08-22,BWF World Championships 2023,Round 2,WS,Mia BLICHFELDT,17,2163,Rachael DARRAGH,81,1659
2023-08-22,BWF World Championships 2023,Round 2,XD,GOH Soon Huat / LAI Shevon Jemie,10,1916,Iliyan STOYANOV / Hristomira POPOVA,77,1615
2023-08-22,BWF World Championships 2023,Round 2,XD,FENG Yan Zhe / HUANG Dong Ping,3,2279,Gregory MAIRS / Jenny MAINZER,34,1774
2023-08-22,BWF World Championships 2023,Round 2,XD,ZHENG Si Wei / HUANG Dong Ping,1,2390,Mark LAMSFUSS / Isabel LOHAU,24,1869
2023-08-22,BWF World Championships 2023,Round 2,WS,ZHANG Beiwen,10,2175,Kirsty GILMOUR,27,2015
2023-08-22,BWF World Championships 2023,Round 2,MS,CHOU Tien Chen,10,2141,Howard SHU,104,1692
2023-08-22,BWF World Championships 2023,Round 2,MS,Kunlavut VITIDSARN,3,2343,Ygor COELHO,56,1838
2023-08-22,BWF World Championships 2023,Round 2,MS,Viktor AXELSEN,1,2622,Christo POPOV,31,2067
2023-08-22,BWF World Championships 2023,Round 2,MS,PRANNOY H. S.,9,2303,Chico Aura DWI WARDOYO,21,2081
2023-08-22,BWF World Championships 2023,Round 2,WS,WANG Zhi Yi,11,2205,Yvonne LI,24,1833
2023-08-22,BWF World Championships 2023,Round 2,XD,KIM Won Ho / JEONG Na Eun,6,2129,Adam HALL / Julie MACPHERSON,40,1752
2023-08-22,BWF World Championships 2023,Round 2,XD,Mathias THYRRI / Alexandra BOE,11,2079,YANG Po Hsuan / HU Ling Fang,32,1830
2023-08-22,BWF World Championships 2023,Round 2,WS,Ratchanok INTANON,7,2269,HSU Wen Chi,20,1957
2023-08-22,BWF World Championships 2023,Round 2,XD,YE Hong / LEE Chia Ying,14,1998,Vinson CHIU / Jennie Gail HORLADOR,30,1798
2023-08-22,BWF World Championships 2023,Round 2,WS,Nozomi OKUHARA,36,2138,PUSARLA V. Sindhu,15,2108
2023-08-22,BWF World Championships 2023,Round 2,WS,CHEN Yu Fei,3,2516,PAI Yu Po,23,1948
2023-08-22,BWF World Championships 2023,Round 2,MS,LOH Kean Yew,7,2156,Ade Resky DWICAHYO,75,1818
2023-08-22,BWF World Championships 2023,Round 2,WS,AN Se Young,1,2734,GOH Jin Wei,35,1834
2023-08-22,BWF World Championships 2023,Round 2,MS,Lakshya SEN,11,2249,JEON Hyeok Jin,51,1971
2023-08-22,BWF World Championships 2023,Round 2,XD,JIANG Zhen Bang / WEI Ya Xin,7,2104,Misha ZILBERMAN / Svetlana ZILBERMAN,69,1618
2023-08-22,BWF World Championships 2023,Round 2,MS,LI Shi Feng,6,2328,Kantaphon WANGCHAROEN,34,1829
2023-08-22,BWF World Championships 2023,Round 2,XD,Dejan FERDINANSYAH / Gloria Emanuelle WIDJAJA,19,1932,Robin TABELING / Selena PIEK,9,2048
2023-08-22,BWF World Championships 2023,Round 2,MS,WANG Tzu Wei,29,2007,LU Guang Zu,14,2168
2023-08-22,BWF World Championships 2023,Round 1,WD,HSU Ya Ching / LIN Wan Ching,25,1831,Lorna BOYLAN / Kobita DONI,90,1666
2023-08-22,BWF World Championships 2023,Round 1,WD,Francesca CORBETT / Allison QUEK,42,1673,Ines Lucia CASTILLO SILVA / Paula LALAGUNA,78,1517
2023-08-22,BWF World Championships 2023,Round 1,WD,JIN Yu Jia / WONG Jia Lin,24,1709,Chloe COBB / Lauren SMITH,29,1716
2023-08-22,BWF World Championships 2023,Round 1,MD,Kenneth JONASSEN / LIM Ming Ee,157,1712,Joshua MAYO / Paul REYNAUD,54,1412
2023-08-22,BWF World Championships 2023,Round 1,MD,MAN Wei Chong / TEE Kai Wun,25,1868,Lucas CORVEE / Ronan LABAR,32,1728
2023-08-22,BWF World Championships 2023,Round 1,WD,Vivian HO / LIM Chiew Sien,32,1550,Moa SJOO / Tilda SJOO,56,1571
2023-08-22,BWF World Championships 2023,Round 1,WD,Anna CHING / TEOH Mei Xing,,1724,Annie XU / Kerry XU,36,1652
2023-08-22,BWF World Championships 2023,Round 1,WD,YEUNG Wing Lee / YEUNG Pak Hon,27,1768,Linda EFLER / Isabel LOHAU,34,1725
2023-08-22,BWF World Championships 2023,Round 1,MD,Ben LANE / Sean VENDY,17,1911,Anibal MOLINA / Jonathan MCDERMOTT,72,1690
2023-08-22,BWF World Championships 2023,Round 1,WS,Neslihan ARIN,52,1935,Tiffany HO,89,1598
2023-08-22,BWF World Championships 2023,Round 1,WS,Line Højmark KJAERSFELDT,30,1996,ZHANG Wen Yu,48,1699
2023-08-22,BWF World Championships 2023,Round 1,MD,REN Xiang Yu / TAN Qiang,20,1971,Jun Liang LOO / LOH Kean Yew,71,1693
2023-08-22,BWF World Championships 2023,Round 1,WS,Line CHRISTOPHERSEN,32,1893,Ines Lucia CASTILLO SILVA,86,1624
2023-08-22,BWF World Championships 2023,Round 1,XD,Ty Alexander LEONG / Josephine WU,38,1698,Philip BIRCH / Katharina FINK,74,1572
2023-08-22,BWF World Championships 2023,Round 1,WS,Juliana Viana VIEIRA,73,1721,INSYIRAH Khan,99,1678
2023-08-22,BWF World Championships 2023,Round 1,MD,Bjarne GEHNERT / Jan Colin STICHLING,50,1624,Job CASTELEIJN / Luis Armando MONTOYA,74,1712
2023-08-22,BWF World Championships 2023,Round 1,XD,LEE Chun Hei / NG Tsz Yau,25,1924,Davi SILVA / Sania LIMA,53,1732
2023-08-22,BWF World Championships 2023,Round 1,MD,Alexander DUNN / Adam HALL,24,1774,DONG A Ran / Nyl YAKURA,42,1671
2023-08-22,BWF World Championships 2023,Round 1,MD,Christo POPOV / Toma Junior POPOV,41,1707,Mark LAMSFUSS / Marvin SEIDEL,23,1904
2023-08-22,BWF World Championships 2023,Round 1,WS,KIM Ga Eun,18,2174,Kristin KUUBA,46,1783
2023-08-22,BWF World Championships 2023,Round 1,WD,Margot LAMBERT / Anne TRAN,26,1771,LUI Lok Hang Angus / NG Wing Yung,49,1751
2023-08-22,BWF World Championships 2023,Round 1,WD,Debora JILLE / Cheryl SEINEN,33,1731,Ashwini BHAT K / Shikha GAUTAM,44,1604
2023-08-22,BWF World Championships 2023,Round 1,XD,HEE Yong KWON / TAN Wei Qiang,29,1743,Mathias THYRRI / Amalie MAGELUND,23,1937
2023-08-22,BWF World Championships 2023,Round 1,XD,TAN Kian Meng / LAI Pei Jing,21,1832,Hussein HASAN HELO / Fathimath NABAAHA,87,1324
2023-08-22,BWF World Championships 2023,Round 1,XD,Marcus ELLIS / Lauren SMITH,31,1829,Kenneth JONASSEN / Gronya SOMERVILLE,48,1789
2023-08-22,BWF World Championships 2023,Round 1,MD,Pharanyu CHAIMANEE / Worrapol TEERAWIWATANA,46,1725,Vinson CHIU / Joshua YUAN,47,1642
2023-08-22,BWF World Championships 2023,Round 1,XD,Rinov RIVALDY / Pitha Haningtyas MENTARI,17,2009,Hiroki MIDORIKAWA / Natsu SAITO,16,2031
2023-08-22,BWF World Championships 2023,Round 1,WS,Iris WANG,37,1814,Jenjira STADELMANN,58,1790
2023-08-22,BWF World Championships 2023,Round 1,XD,Jones Ralfy JANSEN / Linda EFLER,52,1504,Venkat Gaurav PRASAD / Juhi DEWANGAN,125,1517
2023-08-22,BWF World Championships 2023,Round 1,WS,THET Htar Thuzar,61,1733,Haramara GAITAN,90,1648
2023-08-22,BWF World Championships 2023,Round 1,XD,TANG Chun Man / TSE Ying Suet,20,2019,Alvin MOREL / Alyssa Ysobel BAUTISTA,61,1602
2023-08-23,BWF World Championships 2023,Round 2,MD,HE Ji Ting / ZHOU Hao Dong,16,1973,Ondrej KRAPL / Adam MENDREK,55,1635
2023-08-23,BWF World Championships 2023,Round 2,MD,Muhammad Shohibul FIKRI / Bagas MAULANA,15,2002,Bjarne GEHNERT / Jan Colin STICHLING,50,1690
2023-08-23,BWF World Championships 2023,Round 2,MD,LEE Jhe-Huei / YANG Po Hsuan,21,1844,Fajar ALFIAN / Muhammad Shohibul FIKRI,1,2145
2023-08-23,BWF World Championships 2023,Round 2,MD,Kim ASTRUP / Anders Skaarup RASMUSSEN,11,2038,Alexander DUNN / Adam HALL,24,1779
2023-08-23,BWF World Championships 2023,Round 2,WD,BAEK Ha Na / LEE So Hee,2,2275,Francesca CORBETT / Allison QUEK,42,1699
2023-08-23,BWF World Championships 2023,Round 2,MD,Aaron CHIA / SOH Wooi Yik,4,2090,Jeppe BAY / Lasse MØLHEDE,31,1877
2023-08-23,BWF World Championships 2023,Round 2,WD,Yuki FUKUSHIMA / Sayaka HIROTA,5,2160,Vivian HO / LIM Chiew Sien,32,1622
2023-08-23,BWF World Championships 2023,Round 2,MD,Hendra SETIAWAN / Mohammad AHSAN,8,2023,Giovanni TOTI / David SALAS,99,1643
2023-08-23,BWF World Championships 2023,Round 2,MD,LIANG Wei Keng / WANG Chang,3,2153,Christo POPOV / Toma Junior POPOV,41,1770
2023-08-23,BWF World Championships 2023,Round 2,MS,Anders ANTONSEN,12,2319,NG Tze Yong,22,2171
2023-08-23,BWF World Championships 2023,Round 2,MD,LEE Yang / WANG Chang,12,2163,Akira KOGA / Taichi SAITO,18,2014
2023-08-23,BWF World Championships 2023,Round 2,MS,LEE Zii Jia,13,2186,Brian YANG,27,1933
2023-08-23,BWF World Championships 2023,Round 2,WD,Apriyani RAHAYU / Siti Fadia Silva RAMADHANTI,12,2006,Debora JILLE / Cheryl SEINEN,33,1756
2023-08-23,BWF World Championships 2023,Round 2,MD,KANG Min Hyuk / SEO Seung Jae,6,2213,Christian VOGT / Alvin MOREL,48,1755
2023-08-23,BWF World Championships 2023,Round 2,WS,HAN Yue,9,2253,Line Højmark KJAERSFELDT,30,2005
2023-08-23,BWF World Championships 2023,Round 2,WS,Gregoria Mariska TUNJUNG,8,2279,YEO Jia Min,22,2044
2023-08-23,BWF World Championships 2023,Round 2,WD,LI Wen Mei / LIU Xuan Xuan,14,1989,JIN Yu Jia / WONG Jia Lin,24,1751
2023-08-23,BWF World Championships 2023,Round 2,MD,ONG Yew Sin / TEO Ee Yi,9,2009,Pharanyu CHAIMANEE / Worrapol TEERAWIWATANA,46,1755
2023-08-23,BWF World Championships 2023,Round 2,MS,SHI Yu Qi,8,2284,Rasmus GEMKE,25,2135
2023-08-23,BWF World Championships 2023,Round 2,MS,NG Ka Long Angus,17,2140,Uriel Francisco CANJURA,62,1847
2023-08-23,BWF World Championships 2023,Round 2,MD,Satwiksairaj RANKIREDDY / Chirag SHETTY,2,2258,Kenneth JONASSEN / LIM Ming Ee,157,1724
2023-08-23,BWF World Championships 2023,Round 2,WD,Pearly TAN / THINAAH Muralitharan,11,2071,Julie MACPHERSON / Ciara TORRANCE,35,1644
2023-08-23,BWF World Championships 2023,Round 2,WD,Mayu MATSUMOTO / Wakana NAGAHARA,4,2164,Serena ANITA / Katharina FINK,82,1446
2023-08-23,BWF World Championships 2023,Round 2,MD,Leo Rolly CARNANDO / Daniel MARTHIN,10,1976,Ben LANE / Sean VENDY,17,1924
2023-08-23,BWF World Championships 2023,Round 2,WD,YEUNG Wing Lee / YEUNG Pak Hon,27,1799,Gabriela STOEVA / Stefani STOEVA,16,1940
2023-08-23,BWF World Championships 2023,Round 2,WS,Busanan ONGBAMRUNGPHAN,13,2148,KIM Ga Eun,18,2179
2023-08-23,BWF World Championships 2023,Round 2,MD,LIU Yu Chen / OU Xuan Yi,7,2060,Supak JOMKOH / Kittinupong KEDREN,40,1701
2023-08-23,BWF World Championships 2023,Round 2,WS,TAI Tzu Ying,4,2550,Line CHRISTOPHERSEN,32,1904
2023-08-23,BWF World Championships 2023,Round 2,MD,MAN Wei Chong / TEE Kai Wun,25,1886,CHOI Sol Gyu / KIM Won Ho,14,2046
2023-08-23,BWF World Championships 2023,Round 2,MD,LU Ching Yao / YANG Po Hsuan,13,1945,Kevin LEE / Ty Alexander LEONG,45,1694
2023-08-23,BWF World Championships 2023,Round 2,WD,Nami MATSUYAMA / Chiharu SHIDA,7,2133,LEE Chia Ying / TENG Chun Hsun,21,1837
2023-08-23,BWF World Championships 2023,Round 2,MS,LEE Cheuk Yiu,16,2133,Jia Heng Jason TEH,98,1829
2023-08-23,BWF World Championships 2023,Round 2,WD,ZHANG Shu Xian / ZHENG Si Wei,6,2047,Jacqueline FUNAOKA / Samia LIMA,54,1681
2023-08-23,BWF World Championships 2023,Round 2,WD,KIM So Yeong / KONG Hee Yong,3,2321,HSU Ya Ching / LIN Wan Ching,25,1849
2023-08-23,BWF World Championships 2023,Round 2,WS,Akane YAMAGUCHI,2,2496,Neslihan ARIN,52,1942
2023-08-23,BWF World Championships 2023,Round 2,WS,Pornpawee CHOCHUWONG,12,2178,Juliana Viana VIEIRA,73,1756
2023-08-23,BWF World Championships 2023,Round 2,XD,CHEN Tang Jie / TOH Ee Wei,18,2004,LEE Chun Hei / NG Tsz Yau,25,1938
2023-08-23,BWF World Championships 2023,Round 2,MS,Kenta NISHIMOTO,15,2144,Julien CARRAGGI,52,1881
2023-08-23,BWF World Championships 2023,Round 2,WD,Febriana Dwipuji KUSUMA / Amallia Cahaya PRATIWI,18,1885,Margot LAMBERT / Anne TRAN,26,1805
2023-08-23,BWF World Championships 2023,Round 2,MS,Kodai NARAOKA,4,2257,Toma Junior POPOV,24,2067
2023-08-23,BWF World Championships 2023,Round 2,WD,Jongkolphan KITITHARAKUL / Rawinda PRAJONGJAI,8,1978,Anna CHING / TEOH Mei Xing,,1755
2023-08-23,BWF World Championships 2023,Round 2,WD,Rin IWANAGA / Kie NAKANISHI,15,2011,Maiken FRUERGAARD / Sara THYGESEN,20,1858
2023-08-23,BWF World Championships 2023,Round 2,MS,Kanta TSUNEYAMA,18,2089,DANYLO BOSNIUK,106,1572
2023-08-23,BWF World Championships 2023,Round 2,XD,Dechapol PUAVARANUKROH / Sapsiree TAERATTANACHAI,4,2226,TANG Chun Man / TSE Ying Suet,20,2023
2023-08-23,BWF World Championships 2023,Round 2,XD,Thom GICQUEL / Delphine DELRUE,8,1959,Marcus ELLIS / Lauren SMITH,31,1857
2023-08-23,BWF World Championships 2023,Round 2,XD,Rinov RIVALDY / Pitha Haningtyas MENTARI,17,2039,Kyohei YAMASHITA / Naru SHINOYA,15,1934
2023-08-23,BWF World Championships 2023,Round 2,WS,Carolina MARIN,6,2431,Iris WANG,37,1844
2023-08-23,BWF World Championships 2023,Round 2,WD,Treesa JOLLY / GAYATRI GOPICHAND,19,1900,CHANG Tak Ching / YANG Ching Tun,37,1750
2023-08-23,BWF World Championships 2023,Round 2,XD,SEO Seung Jae / CHAE Yu Jung,5,2131,HEE Yong KWON / TAN Wei Qiang,29,1800
2023-08-23,BWF World Championships 2023,Round 2,XD,Rehan Naufal KUSHARJANTO / Lisa Ayu KUSUMAWATI,13,1878,Jones Ralfy JANSEN / Linda EFLER,52,1584
2023-08-23,BWF World Championships 2023,Round 2,WS,THET Htar Thuzar,61,1763,Michelle LI,14,2137
2023-08-23,BWF World Championships 2023,Round 2,XD,Yuta WATANABE / Arisa IGAKI,2,2310,Ty Alexander LEONG / Josephine WU,38,1726
2023-08-23,BWF World Championships 2023,Round 2,WD,CHEN Qi Ming / JIA Yi Fan,1,2384,Lanny Tria MAYASARI / Ribka SUGIARTO,31,1773
2023-08-23,BWF World Championships 2023,Round 2,XD,Supak JOMKOH / Supissara PACHARAMONGKOL,12,1971,TAN Kian Meng / LAI Pei Jing,21,1835
2023-08-23,BWF World Championships 2023,Round 2,WD,Kirsten DEBAERE / Alyssa TICSAY,64,1692,Benyapa AIMSAARD / Nuntakarn AIMSAARD,9,2053
2023-08-24,BWF World Championships 2023,Round 3,MS,Anders ANTONSEN,12,2335,LEE Zii Jia,13,2196
2023-08-24,BWF World Championships 2023,Round 3,WS,Gregoria Mariska TUNJUNG,8,2289,HAN Yue,9,2263
2023-08-24,BWF World Championships 2023,Round 3,MS,WANG Tzu Wei,29,2046,LI Shi Feng,6,2331
2023-08-24,BWF World Championships 2023,Round 3,WS,TAI Tzu Ying,4,2551,Pornpawee CHOCHUWONG,12,2182
2023-08-24,BWF World Championships 2023,Round 3,MS,Kodai NARAOKA,4,2270,LEE Cheuk Yiu,16,2141
2023-08-24,BWF World Championships 2023,Round 3,WS,Akane YAMAGUCHI,2,2498,Busanan ONGBAMRUNGPHAN,13,2177
2023-08-24,BWF World Championships 2023,Round 3,MS,SHI Yu Qi,8,2300,NG Ka Long Angus,17,2148
2023-08-24,BWF World Championships 2023,Round 3,MD,KANG Min Hyuk / SEO Seung Jae,6,2216,LEE Jhe-Huei / YANG Po Hsuan,21,1898
2023-08-24,BWF World Championships 2023,Round 3,MS,Viktor AXELSEN,1,2624,CHOU Tien Chen,10,2144
2023-08-24,BWF World Championships 2023,Round 3,WS,Carolina MARIN,6,2433,THET Htar Thuzar,61,1776
2023-08-24,BWF World Championships 2023,Round 3,MS,Kenta NISHIMOTO,15,2153,Kanta TSUNEYAMA,18,2091
2023-08-24,BWF World Championships 2023,Round 3,WS,CHEN Yu Fei,3,2518,Mia BLICHFELDT,17,2165
2023-08-24,BWF World Championships 2023,Round 3,MD,Hendra SETIAWAN / Mohammad AHSAN,8,2028,HE Ji Ting / ZHOU Hao Dong,16,1980
2023-08-24,BWF World Championships 2023,Round 3,MS,Kunlavut VITIDSARN,3,2346,Lakshya SEN,11,2258
2023-08-24,BWF World Championships 2023,Round 3,WS,WANG Zhi Yi,11,2210,HE Bing Jiao,5,2421
2023-08-24,BWF World Championships 2023,Round 3,WS,AN Se Young,1,2734,ZHANG Beiwen,10,2190
2023-08-24,BWF World Championships 2023,Round 3,MD,Muhammad Shohibul FIKRI / Bagas MAULANA,15,2010,Takuro HOKI / Yugo KOBAYASHI,5,2183
2023-08-24,BWF World Championships 2023,Round 3,MS,PRANNOY H. S.,9,2314,LOH Kean Yew,7,2163
2023-08-24,BWF World Championships 2023,Round 3,WD,Yuki FUKUSHIMA / Sayaka HIROTA,5,2163,LI Wen Mei / LIU Xuan Xuan,14,2000
2023-08-24,BWF World Championships 2023,Round 3,MD,Kim ASTRUP / Anders Skaarup RASMUSSEN,11,2048,ONG Yew Sin / TEO Ee Yi,9,2019
2023-08-24,BWF World Championships 2023,Round 3,MD,LIU Yu Chen / OU Xuan Yi,7,2066,LU Ching Yao / YANG Po Hsuan,13,1955
2023-08-24,BWF World Championships 2023,Round 3,MD,Aaron CHIA / SOH Wooi Yik,4,2102,LEE Yang / WANG Chang,12,2179
2023-08-24,BWF World Championships 2023,Round 3,XD,Yuta WATANABE / Arisa IGAKI,2,2312,Rehan Naufal KUSHARJANTO / Lisa Ayu KUSUMAWATI,13,1887
2023-08-24,BWF World Championships 2023,Round 3,MD,LIANG Wei Keng / WANG Chang,3,2158,MAN Wei Chong / TEE Kai Wun,25,1886
2023-08-24,BWF World Championships 2023,Round 3,XD,Mathias THYRRI / Alexandra BOE,11,2089,FENG Yan Zhe / HUANG Dong Ping,3,2282
2023-08-24,BWF World Championships 2023,Round 3,WS,Nozomi OKUHARA,36,2162,Ratchanok INTANON,7,2276
2023-08-24,BWF World Championships 2023,Round 3,WD,KIM So Yeong / KONG Hee Yong,3,2324,YEUNG Wing Lee / YEUNG Pak Hon,27,1846
2023-08-24,BWF World Championships 2023,Round 3,WD,Apriyani RAHAYU / Siti Fadia Silva RAMADHANTI,12,2017,BAEK Ha Na / LEE So Hee,2,2277
2023-08-24,BWF World Championships 2023,Round 3,MD,Satwiksairaj RANKIREDDY / Chirag SHETTY,2,2260,Leo Rolly CARNANDO / Daniel MARTHIN,10,2000
2023-08-24,BWF World Championships 2023,Round 3,WD,Jongkolphan KITITHARAKUL / Rawinda PRAJONGJAI,8,1990,Febriana Dwipuji KUSUMA / Amallia Cahaya PRATIWI,18,1908
2023-08-24,BWF World Championships 2023,Round 3,XD,JIANG Zhen Bang / WEI Ya Xin,7,2107,GOH Soon Huat / LAI Shevon Jemie,10,1925
2023-08-24,BWF World Championships 2023,Round 3,XD,ZHENG Si Wei / HUANG Dong Ping,1,2392,Dejan FERDINANSYAH / Gloria Emanuelle WIDJAJA,19,1970
2023-08-24,BWF World Championships 2023,Round 3,WD,ZHANG Shu Xian / ZHENG Si Wei,6,2053,Kirsten DEBAERE / Alyssa TICSAY,64,1692
2023-08-24,BWF World Championships 2023,Round 3,XD,KIM Won Ho / JEONG Na Eun,6,2134,YE Hong / LEE Chia Ying,14,2011
2023-08-24,BWF World Championships 2023,Round 3,XD,CHEN Tang Jie / TOH Ee Wei,18,2027,Thom GICQUEL / Delphine DELRUE,8,1980
2023-08-24,BWF World Championships 2023,Round 3,WD,Pearly TAN / THINAAH Muralitharan,11,2076,Mayu MATSUMOTO / Wakana NAGAHARA,4,2165
2023-08-24,BWF World Championships 2023,Round 3,WD,Nami MATSUYAMA / Chiharu SHIDA,7,2141,Rin IWANAGA / Kie NAKANISHI,15,2028
2023-08-24,BWF World Championships 2023,Round 3,XD,SEO Seung Jae / CHAE Yu Jung,5,2138,Supak JOMKOH / Supissara PACHARAMONGKOL,12,1988
2023-08-24,BWF World Championships 2023,Round 3,XD,Dechapol PUAVARANUKROH / Sapsiree TAERATTANACHAI,4,2238,Rinov RIVALDY / Pitha Haningtyas MENTARI,17,2058
2023-08-24,BWF World Championships 2023,Round 3,WD,CHEN Qi Ming / JIA Yi Fan,1,2385,Treesa JOLLY / GAYATRI GOPICHAND,19,1917
2023-08-25,BWF World Championships 2023,Quarter final,MS,Kodai NARAOKA,4,2287,SHI Yu Qi,8,2315
2023-08-25,BWF World Championships 2023,Quarter final,MS,Anders ANTONSEN,12,2352,Kenta NISHIMOTO,15,2176
2023-08-25,BWF World Championships 2023,Quarter final,MD,KANG Min Hyuk / SEO Seung Jae,6,2224,Hendra SETIAWAN / Mohammad AHSAN,8,2052
2023-08-25,BWF World Championships 2023,Quarter final,WS,Carolina MARIN,6,2434,TAI Tzu Ying,4,2557
2023-08-25,BWF World Championships 2023,Quarter final,WS,Akane YAMAGUCHI,2,2498,Gregoria Mariska TUNJUNG,8,2314
2023-08-25,BWF World Championships 2023,Quarter final,MD,Aaron CHIA / SOH Wooi Yik,4,2136,LIU Yu Chen / OU Xuan Yi,7,2085
2023-08-25,BWF World Championships 2023,Quarter final,MS,PRANNOY H. S.,9,2330,Viktor AXELSEN,1,2627
2023-08-25,BWF World Championships 2023,Quarter final,WS,CHEN Yu Fei,3,2524,WANG Zhi Yi,11,2252
2023-08-25,BWF World Championships 2023,Quarter final,MS,Kunlavut VITIDSARN,3,2366,WANG Tzu Wei,29,2093
2023-08-25,BWF World Championships 2023,Quarter final,MD,Kim ASTRUP / Anders Skaarup RASMUSSEN,11,2073,Satwiksairaj RANKIREDDY / Chirag SHETTY,2,2270
2023-08-25,BWF World Championships 2023,Quarter final,WS,AN Se Young,1,2737,Nozomi OKUHARA,36,2198
2023-08-25,BWF World Championships 2023,Quarter final,MD,LIANG Wei Keng / WANG Chang,3,2167,Muhammad Shohibul FIKRI / Bagas MAULANA,15,2051
2023-08-25,BWF World Championships 2023,Quarter final,XD,JIANG Zhen Bang / WEI Ya Xin,7,2121,Mathias THYRRI / Alexandra BOE,11,2130
2023-08-25,BWF World Championships 2023,Quarter final,WD,CHEN Qi Ming / JIA Yi Fan,1,2389,Nami MATSUYAMA / Chiharu SHIDA,7,2160
2023-08-25,BWF World Championships 2023,Quarter final,XD,Yuta WATANABE / Arisa IGAKI,2,2316,CHEN Tang Jie / TOH Ee Wei,18,2051
2023-08-25,BWF World Championships 2023,Quarter final,WD,ZHANG Shu Xian / ZHENG Si Wei,6,2059,Pearly TAN / THINAAH Muralitharan,11,2110
2023-08-25,BWF World Championships 2023,Quarter final,XD,ZHENG Si Wei / HUANG Dong Ping,1,2397,KIM Won Ho / JEONG Na Eun,6,2152
2023-08-25,BWF World Championships 2023,Quarter final,WD,Apriyani RAHAYU / Siti Fadia Silva RAMADHANTI,12,2062,Yuki FUKUSHIMA / Sayaka HIROTA,5,2178
2023-08-25,BWF World Championships 2023,Quarter final,XD,SEO Seung Jae / CHAE Yu Jung,5,2154,Dechapol PUAVARANUKROH / Sapsiree TAERATTANACHAI,4,2252
2023-08-25,BWF World Championships 2023,Quarter final,WD,KIM So Yeong / KONG Hee Yong,3,2327,Jongkolphan KITITHARAKUL / Rawinda PRAJONGJAI,8,2012
2023-08-26,BWF World Championships 2023,Semi final,MS,Kodai NARAOKA,4,2317,Anders ANTONSEN,12,2366
2023-08-26,BWF World Championships 2023,Semi final,MD,KANG Min Hyuk / SEO Seung Jae,6,2239,Aaron CHIA / SOH Wooi Yik,4,2159
2023-08-26,BWF World Championships 2023,Semi final,MS,Kunlavut VITIDSARN,3,2375,PRANNOY H. S.,9,2377
2023-08-26,BWF World Championships 2023,Semi final,WS,AN Se Young,1,2739,CHEN Yu Fei,3,2533
2023-08-26,BWF World Championships 2023,Semi final,MD,Kim ASTRUP / Anders Skaarup RASMUSSEN,11,2116,LIANG Wei Keng / WANG Chang,3,2186
2023-08-26,BWF World Championships 2023,Semi final,WS,Carolina MARIN,6,2471,Akane YAMAGUCHI,2,2512
2023-08-26,BWF World Championships 2023,Semi final,XD,ZHENG Si Wei / HUANG Dong Ping,1,2408,JIANG Zhen Bang / WEI Ya Xin,7,2150
2023-08-26,BWF World Championships 2023,Semi final,WD,Apriyani RAHAYU / Siti Fadia Silva RAMADHANTI,12,2100,KIM So Yeong / KONG Hee Yong,3,2335
2023-08-26,BWF World Championships 2023,Semi final,XD,SEO Seung Jae / CHAE Yu Jung,5,2190,Yuta WATANABE / Arisa IGAKI,2,2326
2023-08-26,BWF World Championships 2023,Semi final,WD,CHEN Qi Ming / JIA Yi Fan,1,2400,ZHANG Shu Xian / ZHENG Si Wei,6,2091
2023-08-27,BWF World Championships 2023,Final,MD,KANG Min Hyuk / SEO Seung Jae,6,2260,Kim ASTRUP / Anders Skaarup RASMUSSEN,11,2150
2023-08-27,BWF World Championships 2023,Final,MS,Kunlavut VITIDSARN,3,2403,Kodai NARAOKA,4,2349
2023-08-27,BWF World Championships 2023,Final,WS,AN Se Young,1,2752,Carolina MARIN,6,2502
2023-08-27,BWF World Championships 2023,Final,WD,CHEN Qi Ming / JIA Yi Fan,1,2408,Apriyani RAHAYU / Siti Fadia Silva RAMADHANTI,12,2145
2023-08-27,BWF World Championships 2023,Final,XD,SEO Seung Jae / CHAE Yu Jung,5,2228,ZHENG Si Wei / HUANG Dong Ping,1,2418
2023-09-05,China Open 2023,Round 1,WD,Nami MATSUYAMA / Chiharu SHIDA,7,2148,Margot LAMBERT / Anne TRAN,27,1779
2023-09-05,China Open 2023,Round 1,MD,Keiichiro MATSUI / Yoshinori TAKEUTI,28,1823,M.R.ARJUN / DHRUV KAPILA,34,1811
2023-09-05,China Open 2023,Round 1,WD,Mayu MATSUMOTO / Wakana NAGAHARA,6,2131,Gabriela STOEVA / Stefani STOEVA,19,1900
2023-09-05,China Open 2023,Round 1,MD,LIU Yu Chen / OU Xuan Yi,7,2061,Christo POPOV / Toma Junior POPOV,39,1763
2023-09-05,China Open 2023,Round 1,MS,WANG Tzu Wei,26,2083,Kenta NISHIMOTO,13,2161
2023-09-05,China Open 2023,Round 1,WD,Maiken FRUERGAARD / Sara THYGESEN,20,1840,LEE Chia.. / TENG Chun Hsun,21,1827
2023-09-05,China Open 2023,Round 1,WD,HSU Ya Ching / LIN Wan Ching,24,1845,LI Yi jing / LUO Xu Min,28,1891
2023-09-05,China Open 2023,Round 1,MD,Takuro HOKI / Yugo KOBAYASHI,5,2143,Supak JOMKOH / Kittinupong KEDREN,36,1692
2023-09-05,China Open 2023,Round 1,WS,Carolina MARIN,6,2491,HSU Wen Chi,20,1949
2023-09-05,China Open 2023,Round 1,MD,LEE Fang Jen / LEE Fang Chih,26,1866,Mark LAMSFUSS / Marvin SEIDEL,25,1860
2023-09-05,China Open 2023,Round 1,MS,Viktor AXELSEN,1,2581,Chico Aura DWI WARDOYO,21,2069
2023-09-05,China Open 2023,Round 1,XD,Kyohei YAMASHITA / Naru SHINOYA,19,1913,Vinson CHIU / Jennie GAI,30,1781
2023-09-05,China Open 2023,Round 1,MD,LEE Jhe-Huei / YANG Po Hsuan,20,1889,LU Ching Yao / YANG Po Hsuan,12,1935
2023-09-05,China Open 2023,Round 1,WS,AN Se Young,1,2763,Mia BLICHFELDT,13,2159
2023-09-05,China Open 2023,Round 1,MD,Kim ASTRUP / Anders Skaarup RASMUSSEN,9,2130,Fajar ALFIAN / Muhammad Shohibul FIKRI,1,2099
2023-09-05,China Open 2023,Round 1,WD,Yuki FUKUSHIMA / Sayaka HIROTA,4,2141,Linda EFLER / Isabel LOHAU,33,1691
2023-09-05,China Open 2023,Round 1,XD,SEO Seung Jae / CHAE Yu Jung,5,2271,Mathias THYRRI / Alexandra BOE,9,2102
2023-09-05,China Open 2023,Round 1,MS,Brian YANG,27,1922,Misha ZILBERMAN,34,1848
2023-09-05,China Open 2023,Round 1,MS,Jonatan CHRISTIE,9,2256,WENG Hong Yang,19,2204
2023-09-05,China Open 2023,Round 1,MD,Akira KOGA / Taichi SAITO,17,1998,Alexander DUNN / Adam HALL,24,1766
2023-09-05,China Open 2023,Round 1,MS,Anders ANTONSEN,10,2334,Lakshya SEN,12,2237
2023-09-05,China Open 2023,Round 1,WD,YEUNG .. / YEUNG Pak Hon,25,1842,Rin IWANAGA / Kie NAKANISHI,16,2008
2023-09-05,China Open 2023,Round 1,WD,Pearly TAN / THINAAH Muralitharan,11,2078,Debora JILLE / Cheryl SEINEN,32,1742
2023-09-05,China Open 2023,Round 1,MD,LIANG Wei Keng / WANG Chang,3,2152,Leo Rolly CARNANDO / Daniel MARTHIN,11,1990
2023-09-05,China Open 2023,Round 1,XD,Praveen JORDAN / Melati Daeva OKTAVIANTI,26,1937,JIANG Zhen Bang / WEI Ya Xin,7,2139
2023-09-05,China Open 2023,Round 1,XD,TAN Kian Meng / LAI Pei Jing,23,1815,GOH Soon Huat / LAI Shevon Jemie,12,1909
2023-09-05,China Open 2023,Round 1,WD,CHEN Qi Ming / JIA Yi Fan,1,2419,Treesa JOLLY / GAYATRI GOPICHAND,17,1914
2023-09-05,China Open 2023,Round 1,WD,Paula Lynn OBANANA / Lauren LAM,43,1588,KIM So Yeong / KONG Hee Yong,3,2291
2023-09-05,China Open 2023,Round 1,WS,TAI Tzu Ying,4,2520,PAI Yu Po,23,1946
2023-09-05,China Open 2023,Round 1,WS,GAO Fang jie,26,2104,Natsuki NIDAIRA,31,1976
2023-09-05,China Open 2023,Round 1,WS,ZHANG Yi Man,19,2128,Busanan ONGBAMRUNGPHAN,15,2176
2023-09-05,China Open 2023,Round 1,MS,Shesar Hiren RHUSTAVITO,45,2026,Priyanshu RAJAWAT,28,1996
2023-09-05,China Open 2023,Round 1,MS,LOH Kean Yew,8,2147,Christo POPOV,29,2065
2023-09-05,China Open 2023,Round 1,MS,NG Tze Yong,22,2156,PRANNOY H. S.,6,2349
2023-09-05,China Open 2023,Round 1,WS,NGUYEN Thuy Linh,27,1941,Gregoria Mariska TUNJUNG,8,2300
2023-09-05,China Open 2023,Round 1,XD,Rinov RIVALDY / Pitha Haningtyas MENTARI,18,2043,CHANG Tak Ching / LEE Chih Chen,28,1664
2023-09-05,China Open 2023,Round 1,WS,WANG Zhi Yi,11,2242,YEO Jia Min,22,2033
2023-09-05,China Open 2023,Round 1,XD,Dejan FERDINANSYAH / Gloria Emanuelle WIDJAJA,16,1965,YANG Po Hsuan / HU Ling Fang,31,1818
2023-09-05,China Open 2023,Round 1,XD,ZHENG Si Wei / HUANG Ya Qiong,1,2375,Mark LAMSFUSS / Isabel LOHAU,25,1866
2023-09-05,China Open 2023,Round 1,WS,HAN Yue,9,2238,Pornpawee CHOCHUWONG,12,2176
2023-09-05,China Open 2023,Round 1,XD,Dechapol PUAVARANUKROH / Sapsiree TAERATTANACHAI,4,2217,Gregory MAIRS / Jenny MAINZER,34,1770
2023-09-06,China Open 2023,Round 1,WD,Rena MIYAURA / Ayako SAKURAMOTO,13,1990,ZHANG .. / ZHENG Yu,5,2083
2023-09-06,China Open 2023,Round 1,WD,Anna Cheong Ching Yik / TEOH Mei Xing,,1739,Febriana Dwipuji KUSUMA / Amallia Cahaya PRATIWI,15,1885
2023-09-06,China Open 2023,Round 1,XD,TANG Chun Man / TSE Ying Suet,22,2010,Rehan Naufal KUSHARJANTO / Lisa Ayu KUSUMAWATI,14,1882
2023-09-06,China Open 2023,Round 1,WD,LIU Sheng Shu / TAN Ning,18,2044,LEE Yu Lim / SHIN Seung Chan,22,1866
2023-09-06,China Open 2023,Round 1,MD,LEE Yang / WANG Chang,14,2146,SU Ching Heng / YE Hong,29,1758
2023-09-06,China Open 2023,Round 1,MD,HE Ji Ting / ZHOU Hao Dong,16,1956,CHANG Tak Ching / PO Li-Wei,27,1817
2023-09-06,China Open 2023,Round 1,WS,HE Bing Jiao,5,2379,SUNG Shuo Yun,29,1920
2023-09-06,China Open 2023,Round 1,MS,SHI Yu Qi,5,2286,Magnus JOHANNESEN,32,1954
2023-09-06,China Open 2023,Round 1,WS,Saena KAWAKAMI,32,1892,Supanida KATETHONG,16,2121
2023-09-06,China Open 2023,Round 1,MD,KANG Min Hyuk / SEO Seung Jae,4,2280,Hendra SETIAWAN / Mohammad AHSAN,10,2037
2023-09-06,China Open 2023,Round 1,XD,Thom GICQUEL / Delphine DELRUE,8,1955,CHENG Chi Ya / CHEN Fang Hui,27,1870
2023-09-06,China Open 2023,Round 1,MS,LIN Chun-Yi,24,2053,Toma Junior POPOV,23,2053
2023-09-06,China Open 2023,Round 1,MD,ONG Yew Sin / TEO Ee Yi,8,1994,REN Xiang Yu / TAN Qiang,19,1966
2023-09-06,China Open 2023,Round 1,MD,Aaron CHIA / SOH Wooi Yik,6,2137,CHOI Sol Gyu / KIM Won Ho,15,2043
2023-09-06,China Open 2023,Round 1,XD,Yuta WATANABE / Arisa IGAKI,2,2288,LEE Chun Hei / NG Tsz Yau,24,1915
2023-09-06,China Open 2023,Round 1,WD,JEONG Na Eun / KIM Hye Jeong,12,2049,Benyapa AIMSAARD / Nuntakarn AIMSAARD,10,2049
2023-09-06,China Open 2023,Round 1,WD,Vivian HO / LIM Chiew Sien,35,1617,Rui HIROKAMI / Yuna KATO,23,1801
2023-09-06,China Open 2023,Round 1,MS,Rasmus GEMKE,25,2119,Kantaphon WANGCHAROEN,33,1826
2023-09-06,China Open 2023,Round 1,MS,Kanta TSUNEYAMA,17,2069,Anthony Sinisuka GINTING,2,2361
2023-09-06,China Open 2023,Round 1,XD,Hiroki MIDORIKAWA / Natsu SAITO,17,2002,Supak JOMKOH / Supissara PACHARAMONGKOL,13,1971
2023-09-06,China Open 2023,Round 1,WD,Apriyani RAHAYU / Siti Fadia Silva RAMADHANTI,9,2135,Jongkolphan KITITHARAKUL / Rawinda PRAJONGJAI,8,2004
2023-09-06,China Open 2023,Round 1,WD,BAEK Ha Na / LEE So Hee,2,2233,LI Wen Mei / LIU Xuan Xuan,14,1984
2023-09-06,China Open 2023,Round 1,MD,Pramudya KUSUMAWARDANA / Yeremia Erich Yoche Yacob RAMBITAN,22,2017,Ayato ENDO / Yuta TAKEI,32,1760
2023-09-06,China Open 2023,Round 1,MD,Rasmus KJÆR / Frederik SØGAARD,31,1862,Lucas CORVEE / Ronan LABAR,30,1703
2023-09-06,China Open 2023,Round 1,MS,Kodai NARAOKA,3,2325,LEE Zii Jia,14,2179
2023-09-06,China Open 2023,Round 1,MS,LEE Cheuk Yiu,16,2123,ZHAO Jun Peng,31,2025
2023-09-06,China Open 2023,Round 1,WS,CHEN Yu Fei,3,2520,ZHANG Beiwen,10,2188
2023-09-06,China Open 2023,Round 1,MS,LU Guang Zu,15,2130,NG Ka Long Angus,18,2132
2023-09-06,China Open 2023,Round 1,MD,Muhammad Shohibul FIKRI / Bagas MAULANA,13,2032,Satwiksairaj RANKIREDDY / Chirag SHETTY,2,2228
2023-09-06,China Open 2023,Round 1,WS,Line Højmark KJAERSFELDT,30,1994,Lauren LAM,40,1704
2023-09-06,China Open 2023,Round 1,WS,Yvonne LI,24,1827,Kirsty GILMOUR,25,1999
2023-09-06,China Open 2023,Round 1,MS,LI Shi Feng,7,2286,CHOU Tien Chen,11,2141
2023-09-06,China Open 2023,Round 1,WS,KIM Ga Eun,18,2150,Lianne TAN,41,1666
2023-09-06,China Open 2023,Round 1,XD,YE Hong / LEE Chia Hsin,15,1993,Robin TABELING / Selena PIEK,10,2012
2023-09-06,China Open 2023,Round 1,WS,Aya OHORI,21,1950,GOH Jin Wei,35,1834
2023-09-06,China Open 2023,Round 1,WS,Akane YAMAGUCHI,2,2481,Putri Kusuma WARDANI,33,1938
2023-09-06,China Open 2023,Round 1,XD,FENG Yan Zhe / HUANG Dong Ping,3,2241,HEE Yong KWON / TAN Wei Qiang,33,1791
2023-09-06,China Open 2023,Round 1,XD,CHEN Tang Jie / TOH Ee Wei,11,2041,Rohan KAPOOR / REDDY Sikki Gupta,32,1725
2023-09-06,China Open 2023,Round 1,XD,KIM Won Ho / JEONG Na Eun,6,2141,Yuki KANEKO / Misaki MATSUTOMO,20,1814
2023-09-07,China Open 2023,Round 2,WD,BAEK Ha Na / LEE So Hee,2,2243,Vivian HO / LIM Chiew Sien,35,1694
2023-09-07,China Open 2023,Round 2,WD,Rena MIYAURA / Ayako SAKURAMOTO,13,2024,Anna Cheong Ching Yik / TEOH Mei Xing,,1790
2023-09-07,China Open 2023,Round 2,MD,ONG Yew Sin / TEO Ee Yi,8,2018,Rasmus KJÆR / Frederik SØGAARD,31,1879
2023-09-07,China Open 2023,Round 2,MD,KANG Min Hyuk / SEO Seung Jae,4,2290,LEE Yang / WANG Chang,14,2151
2023-09-07,China Open 2023,Round 2,WD,Mayu MATSUMOTO / Wakana NAGAHARA,6,2141,Maiken FRUERGAARD / Sara THYGESEN,20,1869
2023-09-07,China Open 2023,Round 2,WD,Nami MATSUYAMA / Chiharu SHIDA,7,2153,HSU Ya Ching / LIN Wan Ching,24,1879
2023-09-07,China Open 2023,Round 2,MS,LU Guang Zu,15,2155,LI Shi Feng,7,2301
2023-09-07,China Open 2023,Round 2,WD,LIU Sheng Shu / TAN Ning,18,2058,Paula Lynn OBANANA / Lauren LAM,43,1588
2023-09-07,China Open 2023,Round 2,MD,Muhammad Shohibul FIKRI / Bagas MAULANA,13,2071,Pramudya KUSUMAWARDANA / Yeremia Erich Yoche Yacob RAMBITAN,22,2026
2023-09-07,China Open 2023,Round 2,WS,HE Bing Jiao,5,2383,Saena KAWAKAMI,32,1937
2023-09-07,China Open 2023,Round 2,MS,Kodai NARAOKA,3,2340,LIN Chun-Yi,24,2079
2023-09-07,China Open 2023,Round 2,MD,Aaron CHIA / SOH Wooi Yik,6,2156,HE Ji Ting / ZHOU Hao Dong,16,1972
2023-09-07,China Open 2023,Round 2,WD,Apriyani RAHAYU / Siti Fadia Silva RAMADHANTI,9,2151,JEONG Na Eun / KIM Hye Jeong,12,2075
2023-09-07,China Open 2023,Round 2,WS,CHEN Yu Fei,3,2527,Aya OHORI,21,1968
2023-09-07,China Open 2023,Round 2,MS,Kanta TSUNEYAMA,17,2112,LEE Cheuk Yiu,16,2142
2023-09-07,China Open 2023,Round 2,MS,SHI Yu Qi,5,2292,Rasmus GEMKE,25,2127
2023-09-07,China Open 2023,Round 2,MS,Viktor AXELSEN,1,2583,WANG Tzu Wei,26,2115
2023-09-07,China Open 2023,Round 2,WD,CHEN Qi Ming / JIA Yi Fan,1,2421,YEUNG .. / YEUNG Pak Hon,25,1886
2023-09-07,China Open 2023,Round 2,MD,LIU Yu Chen / OU Xuan Yi,7,2069,LEE Fang Jen / LEE Fang Chih,26,1895
2023-09-07,China Open 2023,Round 2,MD,Kim ASTRUP / Anders Skaarup RASMUSSEN,9,2153,LEE Jhe-Huei / YANG Po Hsuan,20,1922
2023-09-07,China Open 2023,Round 2,WS,Carolina MARIN,6,2493,GAO Fang jie,26,2121
2023-09-07,China Open 2023,Round 2,WS,Line Højmark KJAERSFELDT,30,2003,Yvonne LI,24,1872
2023-09-07,China Open 2023,Round 2,MS,LOH Kean Yew,8,2166,Anders ANTONSEN,10,2353
2023-09-07,China Open 2023,Round 2,MD,LIANG Wei Keng / WANG Chang,3,2167,Akira KOGA / Taichi SAITO,17,2009
2023-09-07,China Open 2023,Round 2,MD,Takuro HOKI / Yugo KOBAYASHI,5,2147,Keiichiro MATSUI / Yoshinori TAKEUTI,28,1853
2023-09-07,China Open 2023,Round 2,WD,Yuki FUKUSHIMA / Sayaka HIROTA,4,2145,Pearly TAN / THINAAH Muralitharan,11,2085
2023-09-07,China Open 2023,Round 2,WS,TAI Tzu Ying,4,2522,ZHANG Yi Man,19,2158
2023-09-07,China Open 2023,Round 2,WS,AN Se Young,1,2764,WANG Zhi Yi,11,2254
2023-09-07,China Open 2023,Round 2,WS,Akane YAMAGUCHI,2,2483,KIM Ga Eun,18,2151
2023-09-07,China Open 2023,Round 2,MS,Jonatan CHRISTIE,9,2278,Brian YANG,27,1944
2023-09-07,China Open 2023,Round 2,XD,Thom GICQUEL / Delphine DELRUE,8,1976,Hiroki MIDORIKAWA / Natsu SAITO,17,2026
2023-09-07,China Open 2023,Round 2,WS,HAN Yue,9,2259,NGUYEN Thuy Linh,27,1989
2023-09-07,China Open 2023,Round 2,XD,Yuta WATANABE / Arisa IGAKI,2,2293,TANG Chun Man / TSE Ying Suet,22,2027
2023-09-07,China Open 2023,Round 2,XD,YE Hong / LEE Chia Hsin,15,2021,FENG Yan Zhe / HUANG Dong Ping,3,2245
2023-09-07,China Open 2023,Round 2,XD,Dechapol PUAVARANUKROH / Sapsiree TAERATTANACHAI,4,2221,Rinov RIVALDY / Pitha Haningtyas MENTARI,18,2049
2023-09-07,China Open 2023,Round 2,XD,TAN Kian Meng / LAI Pei Jing,23,1855,Praveen JORDAN / Melati Daeva OKTAVIANTI,26,1979
2023-09-07,China Open 2023,Round 2,MS,Shesar Hiren RHUSTAVITO,45,2050,NG Tze Yong,22,2194
2023-09-07,China Open 2023,Round 2,XD,ZHENG Si Wei / HUANG Ya Qiong,1,2378,Dejan FERDINANSYAH / Gloria Emanuelle WIDJAJA,16,1981
2023-09-07,China Open 2023,Round 2,XD,SEO Seung Jae / CHAE Yu Jung,5,2285,Kyohei YAMASHITA / Naru SHINOYA,19,1931
2023-09-07,China Open 2023,Round 2,XD,CHEN Tang Jie / TOH Ee Wei,11,2048,KIM Won Ho / JEONG Na Eun,6,2148
2023-09-08,China Open 2023,Quarter final,MS,Viktor AXELSEN,1,2586,LOH Kean Yew,8,2204
2023-09-08,China Open 2023,Quarter final,MD,KANG Min Hyuk / SEO Seung Jae,4,2306,Muhammad Shohibul FIKRI / Bagas MAULANA,13,2094
2023-09-08,China Open 2023,Quarter final,MS,LU Guang Zu,15,2191,Kanta TSUNEYAMA,17,2140
2023-09-08,China Open 2023,Quarter final,MS,Jonatan CHRISTIE,9,2284,Shesar Hiren RHUSTAVITO,45,2086
2023-09-08,China Open 2023,Quarter final,MS,SHI Yu Qi,5,2306,Kodai NARAOKA,3,2349
2023-09-08,China Open 2023,Quarter final,MD,Aaron CHIA / SOH Wooi Yik,6,2169,ONG Yew Sin / TEO Ee Yi,8,2034
2023-09-08,China Open 2023,Quarter final,WS,CHEN Yu Fei,3,2529,HE Bing Jiao,5,2386
2023-09-08,China Open 2023,Quarter final,WS,Akane YAMAGUCHI,2,2489,Line Højmark KJAERSFELDT,30,2020
2023-09-08,China Open 2023,Quarter final,WD,Rena MIYAURA / Ayako SAKURAMOTO,13,2034,LIU Sheng Shu / TAN Ning,18,2061
2023-09-08,China Open 2023,Quarter final,WD,Nami MATSUYAMA / Chiharu SHIDA,7,2162,Mayu MATSUMOTO / Wakana NAGAHARA,6,2150
2023-09-08,China Open 2023,Quarter final,WD,BAEK Ha Na / LEE So Hee,2,2245,Apriyani RAHAYU / Siti Fadia Silva RAMADHANTI,9,2171
2023-09-08,China Open 2023,Quarter final,WD,CHEN Qi Ming / JIA Yi Fan,1,2423,Yuki FUKUSHIMA / Sayaka HIROTA,4,2166
2023-09-08,China Open 2023,Quarter final,MD,Takuro HOKI / Yugo KOBAYASHI,5,2155,Kim ASTRUP / Anders Skaarup RASMUSSEN,9,2164
2023-09-08,China Open 2023,Quarter final,MD,LIANG Wei Keng / WANG Chang,3,2181,LIU Yu Chen / OU Xuan Yi,7,2083
2023-09-08,China Open 2023,Quarter final,XD,TAN Kian Meng / LAI Pei Jing,23,1895,Dechapol PUAVARANUKROH / Sapsiree TAERATTANACHAI,4,2235
2023-09-08,China Open 2023,Quarter final,WS,TAI Tzu Ying,4,2527,Carolina MARIN,6,2498
2023-09-08,China Open 2023,Quarter final,WS,AN Se Young,1,2767,HAN Yue,9,2268
2023-09-08,China Open 2023,Quarter final,XD,Thom GICQUEL / Delphine DELRUE,8,2006,Yuta WATANABE / Arisa IGAKI,2,2302
2023-09-08,China Open 2023,Quarter final,XD,CHEN Tang Jie / TOH Ee Wei,11,2081,YE Hong / LEE Chia Hsin,15,2062
2023-09-08,China Open 2023,Quarter final,XD,SEO Seung Jae / CHAE Yu Jung,5,2291,ZHENG Si Wei / HUANG Ya Qiong,1,2382
2023-09-09,China Open 2023,Semi final,MD,Aaron CHIA / SOH Wooi Yik,6,2186,KANG Min Hyuk / SEO Seung Jae,4,2318
2023-09-09,China Open 2023,Semi final,MD,LIANG Wei Keng / WANG Chang,3,2200,Takuro HOKI / Yugo KOBAYASHI,5,2182
2023-09-09,China Open 2023,Semi final,MS,LU Guang Zu,15,2214,SHI Yu Qi,5,2336
2023-09-09,China Open 2023,Semi final,MS,Viktor AXELSEN,1,2592,Jonatan CHRISTIE,9,2297
2023-09-09,China Open 2023,Semi final,WS,Akane YAMAGUCHI,2,2493,CHEN Yu Fei,3,2545
2023-09-09,China Open 2023,Semi final,WS,AN Se Young,1,2770,TAI Tzu Ying,4,2551
2023-09-09,China Open 2023,Semi final,WD,BAEK Ha Na / LEE So Hee,2,2266,Rena MIYAURA / Ayako SAKURAMOTO,13,2064
2023-09-09,China Open 2023,Semi final,XD,Thom GICQUEL / Delphine DELRUE,8,2053,CHEN Tang Jie / TOH Ee Wei,11,2107
2023-09-09,China Open 2023,Semi final,WD,CHEN Qi Ming / JIA Yi Fan,1,2433,Nami MATSUYAMA / Chiharu SHIDA,7,2188
2023-09-09,China Open 2023,Semi final,XD,SEO Seung Jae / CHAE Yu Jung,5,2324,TAN Kian Meng / LAI Pei Jing,23,1947
2023-09-10,China Open 2023,Final,MD,LIANG Wei Keng / WANG Chang,3,2226,Aaron CHIA / SOH Wooi Yik,6,2223
2023-09-10,China Open 2023,Final,MS,Viktor AXELSEN,1,2600,LU Guang Zu,15,2250
2023-09-10,China Open 2023,Final,WS,AN Se Young,1,2782,Akane YAMAGUCHI,2,2523
2023-09-10,China Open 2023,Final,WD,CHEN Qi Ming / JIA Yi Fan,1,2444,BAEK Ha Na / LEE So Hee,2,2278
2023-09-10,China Open 2023,Final,XD,SEO Seung Jae / CHAE Yu Jung,5,2330,Thom GICQUEL / Delphine DELRUE,8,2085
2023-12-13,BWF World Tour Finals 2023,Group A,XD,FENG Yan Zhe / HUANG Dong Ping,4,2311,CHEN Tang Jie / TOH Ee Wei,8,2040
2023-12-13,BWF World Tour Finals 2023,Group B,MS,Jonatan CHRISTIE,6,2355,Kunlavut VITIDSARN,5,2315
2023-12-13,BWF World Tour Finals 2023,Group A,MS,SHI Yu Qi,7,2292,Viktor AXELSEN,1,2577
2023-12-13,BWF World Tour Finals 2023,Group B,XD,SEO Seung Jae / CHAE Yu Jung,3,2323,KIM Won Ho / JEONG Na Eun,7,2121
2023-12-13,BWF World Tour Finals 2023,Group B,MS,Anders ANTONSEN,11,2270,LI Shi Feng,3,2341
2023-12-13,BWF World Tour Finals 2023,Group A,XD,Yuta WATANABE / Arisa IGAKI,2,2200,Dechapol PUAVARANUKROH / Sapsiree TAERATTANACHAI,6,2165
2023-12-13,BWF World Tour Finals 2023,Group B,WS,CHEN Yu Fei,2,2648,HAN Yue,8,2385
2023-12-13,BWF World Tour Finals 2023,Group A,MS,Anthony Sinisuka GINTING,4,2243,Kodai NARAOKA,2,2350
2023-12-13,BWF World Tour Finals 2023,Group B,XD,ZHENG Si Wei / HUANG Ya Qiong,1,2481,TANG Chun Man / TSE Ying Suet,10,2178
2023-12-13,BWF World Tour Finals 2023,Group B,WS,Carolina MARIN,5,2375,ZHANG Beiwen,9,2206
2023-12-13,BWF World Tour Finals 2023,Group A,WD,Apriyani RAHAYU / Siti Fadia Silva RAMADHANTI,7,2194,Mayu MATSUMOTO / Wakana NAGAHARA,8,2124
2023-12-13,BWF World Tour Finals 2023,Group B,MD,Kim ASTRUP / Anders Skaarup RASMUSSEN,3,2258,KANG Min Hyuk / SEO Seung Jae,6,2111
2023-12-13,BWF World Tour Finals 2023,Group A,WD,CHEN Qi Ming / JIA Yi Fan,1,2377,LIU Sheng Shu / TAN Ning,9,2198
2023-12-13,BWF World Tour Finals 2023,Group B,MD,Fajar ALFIAN / Muhammad Shohibul FIKRI,5,2023,Muhammad Shohibul FIKRI / Bagas MAULANA,10,2099
2023-12-13,BWF World Tour Finals 2023,Group A,MD,LIU Yu Chen / OU Xuan Yi,8,2146,LIANG Wei Keng / WANG Chang,1,2225
2023-12-13,BWF World Tour Finals 2023,Group A,MD,Takuro HOKI / Yugo KOBAYASHI,7,2091,Aaron CHIA / SOH Wooi Yik,4,2210
2023-12-13,BWF World Tour Finals 2023,Group A,WS,TAI Tzu Ying,4,2403,Gregoria Mariska TUNJUNG,7,2291
2023-12-13,BWF World Tour Finals 2023,Group B,WD,Nami MATSUYAMA / Chiharu SHIDA,4,2297,Jongkolphan KITITHARAKUL / Rawinda PRAJONGJAI,10,2076
2023-12-13,BWF World Tour Finals 2023,Group B,WD,BAEK Ha Na / LEE So Hee,2,2297,KIM So Yeong / KONG Hee Yong,3,2242
2023-12-13,BWF World Tour Finals 2023,Group A,WS,KIM Ga Eun,13,2192,AN Se Young,1,2739
2023-12-14,BWF World Tour Finals 2023,Group B,MS,Jonatan CHRISTIE,6,2377,Anders ANTONSEN,11,2301
2023-12-14,BWF World Tour Finals 2023,Group A,XD,FENG Yan Zhe / HUANG Dong Ping,4,2320,Dechapol PUAVARANUKROH / Sapsiree TAERATTANACHAI,6,2142
2023-12-14,BWF World Tour Finals 2023,Group B,XD,SEO Seung Jae / CHAE Yu Jung,3,2335,TANG Chun Man / TSE Ying Suet,10,2171
2023-12-14,BWF World Tour Finals 2023,Group B,MS,LI Shi Feng,3,2311,Kunlavut VITIDSARN,5,2293
2023-12-14,BWF World Tour Finals 2023,Group A,MS,Viktor AXELSEN,1,2535,Kodai NARAOKA,2,2317
2023-12-14,BWF World Tour Finals 2023,Group A,XD,CHEN Tang Jie / TOH Ee Wei,8,2031,Yuta WATANABE / Arisa IGAKI,2,2223
2023-12-14,BWF World Tour Finals 2023,Group A,MS,Anthony Sinisuka GINTING,4,2276,SHI Yu Qi,7,2334
2023-12-14,BWF World Tour Finals 2023,Group B,XD,ZHENG Si Wei / HUANG Ya Qiong,1,2488,KIM Won Ho / JEONG Na Eun,7,2108
2023-12-14,BWF World Tour Finals 2023,Group B,MD,Fajar ALFIAN / Muhammad Shohibul FIKRI,5,2055,Kim ASTRUP / Anders Skaarup RASMUSSEN,3,2273
2023-12-14,BWF World Tour Finals 2023,Group B,WS,CHEN Yu Fei,2,2657,ZHANG Beiwen,9,2192
2023-12-14,BWF World Tour Finals 2023,Group B,WS,Carolina MARIN,5,2389,HAN Yue,8,2376
2023-12-14,BWF World Tour Finals 2023,Group B,MD,KANG Min Hyuk / SEO Seung Jae,6,2096,Muhammad Shohibul FIKRI / Bagas MAULANA,10,2068
2023-12-14,BWF World Tour Finals 2023,Group A,MD,LIANG Wei Keng / WANG Chang,1,2194,Takuro HOKI / Yugo KOBAYASHI,7,2125
2023-12-14,BWF World Tour Finals 2023,Group A,WS,TAI Tzu Ying,4,2421,KIM Ga Eun,13,2241
2023-12-14,BWF World Tour Finals 2023,Group A,WD,CHEN Qi Ming / JIA Yi Fan,1,2390,Apriyani RAHAYU / Siti Fadia Silva RAMADHANTI,7,2214
2023-12-14,BWF World Tour Finals 2023,Group B,WD,Nami MATSUYAMA / Chiharu SHIDA,4,2308,KIM So Yeong / KONG Hee Yong,3,2220
2023-12-14,BWF World Tour Finals 2023,Group A,MD,LIU Yu Chen / OU Xuan Yi,8,2178,Aaron CHIA / SOH Wooi Yik,4,2176
2023-12-14,BWF World Tour Finals 2023,Group A,WS,AN Se Young,1,2691,Gregoria Mariska TUNJUNG,7,2274
2023-12-14,BWF World Tour Finals 2023,Group B,WD,BAEK Ha Na / LEE So Hee,2,2318,Jongkolphan KITITHARAKUL / Rawinda PRAJONGJAI,10,2065
2023-12-14,BWF World Tour Finals 2023,Group A,WD,LIU Sheng Shu / TAN Ning,9,2185,Mayu MATSUMOTO / Wakana NAGAHARA,8,2104
2023-12-15,BWF World Tour Finals 2023,Group A,XD,FENG Yan Zhe / HUANG Dong Ping,4,2333,Yuta WATANABE / Arisa IGAKI,2,2185
2023-12-15,BWF World Tour Finals 2023,Group A,XD,Dechapol PUAVARANUKROH / Sapsiree TAERATTANACHAI,6,2129,CHEN Tang Jie / TOH Ee Wei,8,2070
2023-12-15,BWF World Tour Finals 2023,Group B,XD,TANG Chun Man / TSE Ying Suet,10,2156,KIM Won Ho / JEONG Na Eun,7,2103
2023-12-15,BWF World Tour Finals 2023,Group B,MS,LI Shi Feng,3,2335,Jonatan CHRISTIE,6,2397
2023-12-15,BWF World Tour Finals 2023,Group B,XD,ZHENG Si Wei / HUANG Ya Qiong,1,2493,SEO Seung Jae / CHAE Yu Jung,3,2349
2023-12-15,BWF World Tour Finals 2023,Group A,MS,Viktor AXELSEN,1,2546,Anthony Sinisuka GINTING,4,2305
2023-12-15,BWF World Tour Finals 2023,Group A,MS,SHI Yu Qi,7,2305,Kodai NARAOKA,2,2306
2023-12-15,BWF World Tour Finals 2023,Group B,MS,Anders ANTONSEN,11,2281,Kunlavut VITIDSARN,5,2269
2023-12-15,BWF World Tour Finals 2023,Group B,MD,Kim ASTRUP / Anders Skaarup RASMUSSEN,3,2234,Muhammad Shohibul FIKRI / Bagas MAULANA,10,2044
2023-12-15,BWF World Tour Finals 2023,Group B,WS,Carolina MARIN,5,2413,CHEN Yu Fei,2,2660
2023-12-15,BWF World Tour Finals 2023,Group B,WS,HAN Yue,8,2351,ZHANG Beiwen,9,2189
2023-12-15,BWF World Tour Finals 2023,Group A,WD,CHEN Qi Ming / JIA Yi Fan,1,2404,Mayu MATSUMOTO / Wakana NAGAHARA,8,2096
2023-12-15,BWF World Tour Finals 2023,Group A,WS,Gregoria Mariska TUNJUNG,7,2270,KIM Ga Eun,13,2227
2023-12-15,BWF World Tour Finals 2023,Group A,WS,AN Se Young,1,2695,TAI Tzu Ying,4,2434
2023-12-15,BWF World Tour Finals 2023,Group B,MD,KANG Min Hyuk / SEO Seung Jae,6,2119,Fajar ALFIAN / Muhammad Shohibul FIKRI,5,2095
2023-12-15,BWF World Tour Finals 2023,Group A,MD,LIU Yu Chen / OU Xuan Yi,8,2203,Takuro HOKI / Yugo KOBAYASHI,7,2104
2023-12-15,BWF World Tour Finals 2023,Group A,MD,LIANG Wei Keng / WANG Chang,1,2214,Aaron CHIA / SOH Wooi Yik,4,2151
2023-12-15,BWF World Tour Finals 2023,Group A,WD,LIU Sheng Shu / TAN Ning,9,2193,Apriyani RAHAYU / Siti Fadia Silva RAMADHANTI,7,2200
2023-12-15,BWF World Tour Finals 2023,Group B,WD,KIM So Yeong / KONG Hee Yong,3,2201,Jongkolphan KITITHARAKUL / Rawinda PRAJONGJAI,10,2055
2023-12-15,BWF World Tour Finals 2023,Group B,WD,BAEK Ha Na / LEE So Hee,2,2328,Nami MATSUYAMA / Chiharu SHIDA,4,2327
2023-12-16,BWF World Tour Finals 2023,Semi final,XD,FENG Yan Zhe / HUANG Dong Ping,4,2348,Yuta WATANABE / Arisa IGAKI,2,2169
2023-12-16,BWF World Tour Finals 2023,Semi final,XD,ZHENG Si Wei / HUANG Ya Qiong,1,2509,SEO Seung Jae / CHAE Yu Jung,3,2334
2023-12-16,BWF World Tour Finals 2023,Semi final,MS,Viktor AXELSEN,1,2556,Anders ANTONSEN,11,2305
2023-12-16,BWF World Tour Finals 2023,Semi final,MS,SHI Yu Qi,7,2330,Jonatan CHRISTIE,6,2367
2023-12-16,BWF World Tour Finals 2023,Semi final,WS,Carolina MARIN,5,2454,CHEN Yu Fei,2,2620
2023-12-16,BWF World Tour Finals 2023,Semi final,WS,TAI Tzu Ying,4,2425,AN Se Young,1,2704
2023-12-16,BWF World Tour Finals 2023,Semi final,MD,LIANG Wei Keng / WANG Chang,1,2235,Fajar ALFIAN / Muhammad Shohibul FIKRI,5,2071
2023-12-16,BWF World Tour Finals 2023,Semi final,WD,CHEN Qi Ming / JIA Yi Fan,1,2404,LIU Sheng Shu / TAN Ning,9,2219
2023-12-16,BWF World Tour Finals 2023,Semi final,MD,KANG Min Hyuk / SEO Seung Jae,6,2143,LIU Yu Chen / OU Xuan Yi,8,2221
2023-12-16,BWF World Tour Finals 2023,Semi final,WD,BAEK Ha Na / LEE So Hee,2,2353,Nami MATSUYAMA / Chiharu SHIDA,4,2302
2023-12-17,BWF World Tour Finals 2023,Final,MS,Viktor AXELSEN,1,2567,SHI Yu Qi,7,2360
2023-12-17,BWF World Tour Finals 2023,Final,XD,ZHENG Si Wei / HUANG Ya Qiong,1,2523,FENG Yan Zhe / HUANG Dong Ping,4,2362
2023-12-17,BWF World Tour Finals 2023,Final,WS,TAI Tzu Ying,4,2470,Carolina MARIN,5,2492
2023-12-17,BWF World Tour Finals 2023,Final,WD,CHEN Qi Ming / JIA Yi Fan,1,2417,BAEK Ha Na / LEE So Hee,2,2376
2023-12-17,BWF World Tour Finals 2023,Final,MD,KANG Min Hyuk / SEO Seung Jae,6,2176,LIANG Wei Keng / WANG Chang,1,2250
2024-01-09,Malaysia_Open_2024,Round 1,MS,Toma Junior POPOV,25,2020,CHOU Tien Chen,14,2185
2024-01-09,Malaysia_Open_2024,Round 1,WD,Mayu MATSUMOTO / Wakana NAGAHARA,9,2095,Rutaparn.. / Swetaparn DEESOM,52,1644
2024-01-09,Malaysia_Open_2024,Round 1,MD,Keiichiro MATSUI / Yoshinori TAKEUTI,28,1854,Mark LAMSFUSS / Marvin SEIDEL,24,1874
2024-01-09,Malaysia_Open_2024,Round 1,WD,Maiken FRUERGAARD / Sara THYGESEN,20,1921,Catherine CHOI / Josephine WU,28,1806
2024-01-09,Malaysia_Open_2024,Round 1,MS,Anthony Sinisuka GINTING,4,2295,SU Li Yang,35,1929
2024-01-09,Malaysia_Open_2024,Round 1,MS,LU Guang Zu,19,2166,LEE Zii Jia,11,2255
2024-01-09,Malaysia_Open_2024,Round 1,XD,Dechapol PUAVARANUKROH / Sapsiree TAERATTANACHAI,6,2150,Robin TABELING / Selena PIEK,16,1906
2024-01-09,Malaysia_Open_2024,Round 1,WD,KIM So Yeong / KONG Hee Yong,3,2217,LEE Chia.. / TENG Chun Hsun,23,1830
2024-01-09,Malaysia_Open_2024,Round 1,WD,Tanisha CRASTO / Ashwini PONNAPPA,24,1840,Francesca CORBETT / Allison Qu..,36,1676
2024-01-09,Malaysia_Open_2024,Round 1,MD,ONG Yew Sin / TEO Ee Yi,12,1948,LU Ching Yao / YANG Po Hsuan,23,1836
2024-01-09,Malaysia_Open_2024,Round 1,WD,CHEN Qi Ming / JIA Yi Fan,1,2441,LEE Yu Lim / SHIN Seung Chan,25,1807
2024-01-09,Malaysia_Open_2024,Round 1,MS,SHI Yu Qi,6,2347,Rasmus GEMKE,29,2148
2024-01-09,Malaysia_Open_2024,Round 1,WD,LIU Sheng Shu / TAN Ning,8,2205,Pearly TAN / THINAAH Muralitharan,12,2064
2024-01-09,Malaysia_Open_2024,Round 1,MD,Fajar ALFIAN / Muhammad Shohibul FIKRI,6,2056,DONG A Ran / Nyl YAKURA,34,1790
2024-01-09,Malaysia_Open_2024,Round 1,MD,LIANG Wei Keng / WANG Chang,1,2217,MAN Wei Chong / TEE Kai Wun,19,1920
2024-01-09,Malaysia_Open_2024,Round 1,XD,GOH Soon Huat / LAI Shevon Jemie,15,1890,Gregory MAIRS / Jenny MAINZER,37,1762
2024-01-09,Malaysia_Open_2024,Round 1,MS,Viktor AXELSEN,1,2579,LOH Kean Yew,10,2167
2024-01-09,Malaysia_Open_2024,Round 1,MS,LEE Cheuk Yiu,17,2141,Magnus JOHANNESEN,32,1973
2024-01-09,Malaysia_Open_2024,Round 1,WD,Rin IWANAGA / Kie NAKANISHI,15,2032,JEONG Na Eun / KIM Hye Jeong,11,2080
2024-01-09,Malaysia_Open_2024,Round 1,MD,LEE Fang Jen / LEE Fang Chih,25,1889,M.R.ARJUN / DHRUV KAPILA,43,1762
2024-01-09,Malaysia_Open_2024,Round 1,WS,HAN Yue,8,2365,Putri Kusuma WARDANI,32,1931
2024-01-09,Malaysia_Open_2024,Round 1,MD,Kim ASTRUP / Anders Skaarup RASMUSSEN,5,2246,Leo Rolly CARNANDO / Daniel MARTHIN,11,1976
2024-01-09,Malaysia_Open_2024,Round 1,WD,LI Yi jing / LUO Xu Min,26,1874,Debora JILLE / Cheryl SEINEN,33,1730
2024-01-09,Malaysia_Open_2024,Round 1,WS,Kirsty GILMOUR,25,1968,Neslihan ARIN,37,1963
2024-01-09,Malaysia_Open_2024,Round 1,MS,KIDAMBI Srikanth,24,1997,Jonatan CHRISTIE,5,2338
2024-01-09,Malaysia_Open_2024,Round 1,WS,HSU Wen Chi,23,1877,PAI Yu Po,29,1911
2024-01-09,Malaysia_Open_2024,Round 1,MS,NG Ka Long Angus,20,2025,Kanta TSUNEYAMA,13,2143
2024-01-09,Malaysia_Open_2024,Round 1,MD,Takuro HOKI / Yugo KOBAYASHI,7,2086,LEE Yang / WANG Chang,10,2069
2024-01-09,Malaysia_Open_2024,Round 1,WS,Yvonne LI,27,1834,Lianne TAN,48,1646
2024-01-09,Malaysia_Open_2024,Round 1,XD,Supak JOMKOH / Supissara PACHARAMONGKOL,20,1870,FENG Yan Zhe / HUANG Dong Ping,3,2347
2024-01-09,Malaysia_Open_2024,Round 1,WS,YEO Jia Min,22,2036,Michelle LI,24,2112
2024-01-09,Malaysia_Open_2024,Round 1,XD,Kyohei YAMASHITA / Naru SHINOYA,17,1930,Yuki KANEKO / Misaki MATSUTOMO,21,1848
2024-01-09,Malaysia_Open_2024,Round 1,XD,Rehan Naufal KUSHARJANTO / Lisa Ayu KUSUMAWATI,18,1923,Mark LAMSFUSS / Isabel LOHAU,30,1863
2024-01-09,Malaysia_Open_2024,Round 1,XD,ZHENG Si Wei / HUANG Ya Qiong,1,2539,LEE Chun Hei / NG Tsz Yau,24,1970
2024-01-09,Malaysia_Open_2024,Round 1,WS,ZHANG Yi Man,17,2181,AAKARSHI KASHYAP,40,1720
2024-01-09,Malaysia_Open_2024,Round 1,MD,Alexander DUNN / Adam HALL,31,1744,Christo POPOV / Toma Junior POPOV,42,1709
2024-01-09,Malaysia_Open_2024,Round 1,WS,Akane YAMAGUCHI,3,2527,Supanida KATETHONG,16,2091
2024-01-09,Malaysia_Open_2024,Round 1,WS,AN Se Young,1,2660,Line Højmark KJAERSFELDT,20,2004
2024-01-09,Malaysia_Open_2024,Round 1,XD,KIM Won Ho / JEONG Na Eun,7,2081,TAN Kian Meng / LAI Pei Jing,25,1888
2024-01-09,Malaysia_Open_2024,Round 1,XD,HEE Yong KWON / TAN Wei Qiang,22,1907,YE Hong / LEE Chia Hsin,12,2072
2024-01-10,Malaysia_Open_2024,Round 1,WD,Jongkolphan KITITHARAKUL / Rawinda PRAJONGJAI,10,2040,Setyana MAPASA / Angela YU,41,1777
2024-01-10,Malaysia_Open_2024,Round 1,XD,Hiroki MIDORIKAWA / Natsu SAITO,13,1965,Vinson CHIU / Jennie GAI,31,1772
2024-01-10,Malaysia_Open_2024,Round 1,MS,WENG Hong Yang,18,2228,Lakshya SEN,16,2134
2024-01-10,Malaysia_Open_2024,Round 1,WD,LI Wen Mei / LIU Xuan Xuan,16,1933,Vivian HO / LIM Chiew Sien,37,1705
2024-01-10,Malaysia_Open_2024,Round 1,WD,Annie XU / Kerry XU,31,1729,Margot LAMBERT / Anne TRAN,22,1887
2024-01-10,Malaysia_Open_2024,Round 1,MS,LI Shi Feng,3,2365,LEE Chia Hao,33,1996
2024-01-10,Malaysia_Open_2024,Round 1,WD,ZHANG .. / ZHENG Yu,7,2117,GO Pei Kee / LOW Yeen Yuan,103,1639
2024-01-10,Malaysia_Open_2024,Round 1,WD,Rena MIYAURA / Ayako SAKURAMOTO,14,2046,Rui HIROKAMI / Yuna KATO,29,1811
2024-01-10,Malaysia_Open_2024,Round 1,WD,Nami MATSUYAMA / Chiharu SHIDA,4,2279,Paula Lynn OBANANA / Lauren LAM,44,1599
2024-01-10,Malaysia_Open_2024,Round 1,MD,HE Ji Ting / REN Xiang Yu,32,2116,LIU Yu Chen / OU Xuan Yi,8,2188
2024-01-10,Malaysia_Open_2024,Round 1,XD,CHAN Peng Soon / CHEAH Yee See,41,1727,CHANG Tak Ching / LEE Chih Chen,35,1686
2024-01-10,Malaysia_Open_2024,Round 1,WS,GOH Jin Wei,31,1918,SUNG Shuo Yun,30,1909
2024-01-10,Malaysia_Open_2024,Round 1,MD,Lucas CORVEE / Ronan LABAR,37,1649,KIM Won Ho / NA Sung Seung,,2020
2024-01-10,Malaysia_Open_2024,Round 1,MD,Aaron CHIA / SOH Wooi Yik,4,2130,Rasmus KJÆR / Frederik SØGAARD,22,1959
2024-01-10,Malaysia_Open_2024,Round 1,WS,Gregoria Mariska TUNJUNG,7,2292,Natsuki NIDAIRA,34,1891
2024-01-10,Malaysia_Open_2024,Round 1,XD,JIANG Zhen Bang / WEI Ya Xin,5,2212,CHENG Chi Ya / ZHANG Chi,,1712
2024-01-10,Malaysia_Open_2024,Round 1,XD,CHEN Tang Jie / TOH Ee Wei,9,2049,Thom GICQUEL / Delphine DELRUE,11,2018
2024-01-10,Malaysia_Open_2024,Round 1,MD,Hendra SETIAWAN / Mohammad AHSAN,13,2039,Akira KOGA / Taichi SAITO,14,2018
2024-01-10,Malaysia_Open_2024,Round 1,MD,KANG Min Hyuk / SEO Seung Jae,3,2210,Ben LANE / Sean VENDY,20,1888
2024-01-10,Malaysia_Open_2024,Round 1,MS,Anders ANTONSEN,9,2295,PRANNOY H. S.,8,2293
2024-01-10,Malaysia_Open_2024,Round 1,MD,Satwiksairaj RANKIREDDY / Chirag SHETTY,2,2215,Muhammad Shohibul FIKRI / Bagas MAULANA,9,2031
2024-01-10,Malaysia_Open_2024,Round 1,MS,LIN Chun-Yi,21,2073,Kantaphon WANGCHAROEN,36,1803
2024-01-10,Malaysia_Open_2024,Round 1,MD,GOH Sze Fei / Nur IZZUDDIN,26,1942,Supak JOMKOH / Kittinupong KEDREN,33,1709
2024-01-10,Malaysia_Open_2024,Round 1,WS,WANG Zhi Yi,10,2292,Pornpicha CHOEIKEEWONG,43,1805
2024-01-10,Malaysia_Open_2024,Round 1,MS,Koki WATANABE,23,2101,NG Tze Yong,15,2160
2024-01-10,Malaysia_Open_2024,Round 1,WS,Ratchanok INTANON,13,2246,THET Htar Thuzar,42,1736
2024-01-10,Malaysia_Open_2024,Round 1,MS,Kunlavut VITIDSARN,7,2244,Kenta NISHIMOTO,12,2261
2024-01-10,Malaysia_Open_2024,Round 1,MD,LEE Jhe-Huei / YANG Po Hsuan,17,1951,CHEN Bo Yang / LIU Yi,27,1883
2024-01-10,Malaysia_Open_2024,Round 1,WS,HE Bing Jiao,6,2371,Mia BLICHFELDT,18,2066
2024-01-10,Malaysia_Open_2024,Round 1,MS,Brian YANG,26,1996,WANG Tzu Wei,28,2026
2024-01-10,Malaysia_Open_2024,Round 1,WS,CHEN Yu Fei,2,2581,Aya OHORI,15,2119
2024-01-10,Malaysia_Open_2024,Round 1,MS,Kodai NARAOKA,2,2280,Christo POPOV,27,2079
2024-01-10,Malaysia_Open_2024,Round 1,XD,Mathias THYRRI / Amalie MAGELUND,23,1891,Rinov RIVALDY / Pitha Haningtyas MENTARI,19,2038
2024-01-10,Malaysia_Open_2024,Round 1,WD,BAEK Ha Na / LEE So Hee,2,2352,Anna Cheong Ching Yik / TEOH Mei Xing,65,1731
2024-01-10,Malaysia_Open_2024,Round 1,XD,Dejan FERDINANSYAH / Gloria Emanuelle WIDJAJA,14,2016,Marcus ELLIS / Lauren SMITH,28,1793
2024-01-10,Malaysia_Open_2024,Round 1,XD,Yuta WATANABE / Arisa IGAKI,2,2155,TANG Chun Man / TSE Ying Suet,8,2178
2024-01-10,Malaysia_Open_2024,Round 1,WS,Busanan ONGBAMRUNGPHAN,19,2114,GAO Fang jie,33,2100
2024-01-10,Malaysia_Open_2024,Round 1,XD,SEO Seung Jae / CHAE Yu Jung,4,2319,Ty Alexander LEONG / Josephine WU,29,1882
2024-01-10,Malaysia_Open_2024,Round 1,WS,TAI Tzu Ying,4,2499,ZHANG Beiwen,9,2174
2024-01-10,Malaysia_Open_2024,Round 1,WD,YEUNG .. / YEUNG Pak Hon,21,1811,Linda EFLER / Isabel LOHAU,32,1646
2024-01-11,Malaysia_Open_2024,Round 2,WD,Rena MIYAURA / Ayako SAKURAMOTO,14,2057,Nami MATSUYAMA / Chiharu SHIDA,4,2280
2024-01-11,Malaysia_Open_2024,Round 2,MD,Fajar ALFIAN / Muhammad Shohibul FIKRI,6,2065,LEE Fang Jen / LEE Fang Chih,25,1908
2024-01-11,Malaysia_Open_2024,Round 2,MD,LIANG Wei Keng / WANG Chang,1,2225,Keiichiro MATSUI / Yoshinori TAKEUTI,28,1885
2024-01-11,Malaysia_Open_2024,Round 2,MS,LI Shi Feng,3,2370,WENG Hong Yang,18,2247
2024-01-11,Malaysia_Open_2024,Round 2,WD,BAEK Ha Na / LEE So Hee,2,2353,YEUNG .. / YEUNG Pak Hon,21,1828
2024-01-11,Malaysia_Open_2024,Round 2,WD,ZHANG .. / ZHENG Yu,7,2120,Annie XU / Kerry XU,31,1783
2024-01-11,Malaysia_Open_2024,Round 2,WS,ZHANG Yi Man,17,2184,HSU Wen Chi,23,1909
2024-01-11,Malaysia_Open_2024,Round 2,MD,Aaron CHIA / SOH Wooi Yik,4,2144,GOH Sze Fei / Nur IZZUDDIN,26,1954
2024-01-11,Malaysia_Open_2024,Round 2,WS,Akane YAMAGUCHI,3,2531,Kirsty GILMOUR,25,1995
2024-01-11,Malaysia_Open_2024,Round 2,WD,LI Wen Mei / LIU Xuan Xuan,16,1945,Jongkolphan KITITHARAKUL / Rawinda PRAJONGJAI,10,2049
2024-01-11,Malaysia_Open_2024,Round 2,MD,KANG Min Hyuk / SEO Seung Jae,3,2217,LEE Jhe-Huei / YANG Po Hsuan,17,1973
2024-01-11,Malaysia_Open_2024,Round 2,MS,LIN Chun-Yi,21,2082,Kunlavut VITIDSARN,7,2271
2024-01-11,Malaysia_Open_2024,Round 2,MD,Takuro HOKI / Yugo KOBAYASHI,7,2110,Alexander DUNN / Adam HALL,31,1776
2024-01-11,Malaysia_Open_2024,Round 2,MS,Viktor AXELSEN,1,2584,LEE Cheuk Yiu,17,2155
2024-01-11,Malaysia_Open_2024,Round 2,WS,HE Bing Jiao,6,2378,WANG Zhi Yi,10,2295
2024-01-11,Malaysia_Open_2024,Round 2,MS,Kodai NARAOKA,2,2293,Brian YANG,26,2025
2024-01-11,Malaysia_Open_2024,Round 2,MD,ONG Yew Sin / TEO Ee Yi,12,1967,Kim ASTRUP / Anders Skaarup RASMUSSEN,5,2255
2024-01-11,Malaysia_Open_2024,Round 2,XD,HEE Yong KWON / TAN Wei Qiang,22,1948,Supak JOMKOH / Supissara PACHARAMONGKOL,20,1925
2024-01-11,Malaysia_Open_2024,Round 2,MD,Satwiksairaj RANKIREDDY / Chirag SHETTY,2,2228,Lucas CORVEE / Ronan LABAR,37,1733
2024-01-11,Malaysia_Open_2024,Round 2,XD,JIANG Zhen Bang / WEI Ya Xin,5,2214,CHAN Peng Soon / CHEAH Yee See,41,1761
2024-01-11,Malaysia_Open_2024,Round 2,MS,Anders ANTONSEN,9,2320,Koki WATANABE,23,2107
2024-01-11,Malaysia_Open_2024,Round 2,MS,NG Ka Long Angus,20,2059,KIDAMBI Srikanth,24,2044
2024-01-11,Malaysia_Open_2024,Round 2,WD,LIU Sheng Shu / TAN Ning,8,2220,LI Yi jing / LUO Xu Min,26,1892
2024-01-11,Malaysia_Open_2024,Round 2,MD,HE Ji Ting / REN Xiang Yu,32,2147,Hendra SETIAWAN / Mohammad AHSAN,13,2063
2024-01-11,Malaysia_Open_2024,Round 2,XD,Hiroki MIDORIKAWA / Natsu SAITO,13,1978,CHEN Tang Jie / TOH Ee Wei,9,2072
2024-01-11,Malaysia_Open_2024,Round 2,WS,AN Se Young,1,2661,Yvonne LI,27,1849
2024-01-11,Malaysia_Open_2024,Round 2,WS,Gregoria Mariska TUNJUNG,7,2297,GOH Jin Wei,31,1945
2024-01-11,Malaysia_Open_2024,Round 2,MS,LU Guang Zu,19,2198,Anthony Sinisuka GINTING,4,2301
2024-01-11,Malaysia_Open_2024,Round 2,MS,SHI Yu Qi,6,2359,Toma Junior POPOV,25,2058
2024-01-11,Malaysia_Open_2024,Round 2,XD,KIM Won Ho / JEONG Na Eun,7,2094,Kyohei YAMASHITA / Naru SHINOYA,17,1951
2024-01-11,Malaysia_Open_2024,Round 2,WS,TAI Tzu Ying,4,2505,Busanan ONGBAMRUNGPHAN,19,2139
2024-01-11,Malaysia_Open_2024,Round 2,XD,SEO Seung Jae / CHAE Yu Jung,4,2323,Dejan FERDINANSYAH / Gloria Emanuelle WIDJAJA,14,2027
2024-01-11,Malaysia_Open_2024,Round 2,XD,Dechapol PUAVARANUKROH / Sapsiree TAERATTANACHAI,6,2160,GOH Soon Huat / LAI Shevon Jemie,15,1908
2024-01-11,Malaysia_Open_2024,Round 2,XD,Yuta WATANABE / Arisa IGAKI,2,2182,Mathias THYRRI / Amalie MAGELUND,23,1931
2024-01-11,Malaysia_Open_2024,Round 2,WD,CHEN Qi Ming / JIA Yi Fan,1,2443,Maiken FRUERGAARD / Sara THYGESEN,20,1940
2024-01-11,Malaysia_Open_2024,Round 2,WD,Tanisha CRASTO / Ashwini PONNAPPA,24,1857,Mayu MATSUMOTO / Wakana NAGAHARA,9,2099
2024-01-11,Malaysia_Open_2024,Round 2,WS,CHEN Yu Fei,2,2584,Ratchanok INTANON,13,2248
2024-01-11,Malaysia_Open_2024,Round 2,XD,ZHENG Si Wei / HUANG Ya Qiong,1,2540,Rehan Naufal KUSHARJANTO / Lisa Ayu KUSUMAWATI,18,1946
2024-01-11,Malaysia_Open_2024,Round 2,WS,YEO Jia Min,22,2068,HAN Yue,8,2369
2024-01-11,Malaysia_Open_2024,Round 2,WD,Rin IWANAGA / Kie NAKANISHI,15,2038,KIM So Yeong / KONG Hee Yong,3,2222
2024-01-12,Malaysia_Open_2024,Quarter final,MD,KANG Min Hyuk / SEO Seung Jae,3,2227,Aaron CHIA / SOH Wooi Yik,4,2156
2024-01-12,Malaysia_Open_2024,Quarter final,MS,SHI Yu Qi,6,2367,LU Guang Zu,19,2230
2024-01-12,Malaysia_Open_2024,Quarter final,MS,Viktor AXELSEN,1,2588,NG Ka Long Angus,20,2084
2024-01-12,Malaysia_Open_2024,Quarter final,WD,LIU Sheng Shu / TAN Ning,8,2227,CHEN Qi Ming / JIA Yi Fan,1,2445
2024-01-12,Malaysia_Open_2024,Quarter final,MD,Takuro HOKI / Yugo KOBAYASHI,7,2117,ONG Yew Sin / TEO Ee Yi,12,2012
2024-01-12,Malaysia_Open_2024,Quarter final,MD,Satwiksairaj RANKIREDDY / Chirag SHETTY,2,2231,HE Ji Ting / REN Xiang Yu,32,2154
2024-01-12,Malaysia_Open_2024,Quarter final,WD,Rin IWANAGA / Kie NAKANISHI,15,2076,Tanisha CRASTO / Ashwini PONNAPPA,24,1905
2024-01-12,Malaysia_Open_2024,Quarter final,MD,LIANG Wei Keng / WANG Chang,1,2231,Fajar ALFIAN / Muhammad Shohibul FIKRI,6,2080
2024-01-12,Malaysia_Open_2024,Quarter final,MS,Anders ANTONSEN,9,2332,Kodai NARAOKA,2,2301
2024-01-12,Malaysia_Open_2024,Quarter final,WS,ZHANG Yi Man,17,2193,Akane YAMAGUCHI,3,2533
2024-01-12,Malaysia_Open_2024,Quarter final,WD,BAEK Ha Na / LEE So Hee,2,2356,LI Wen Mei / LIU Xuan Xuan,16,1980
2024-01-12,Malaysia_Open_2024,Quarter final,WD,ZHANG .. / ZHENG Yu,7,2127,Rena MIYAURA / Ayako SAKURAMOTO,14,2097
2024-01-12,Malaysia_Open_2024,Quarter final,MS,LIN Chun-Yi,21,2120,LI Shi Feng,3,2387
2024-01-12,Malaysia_Open_2024,Quarter final,WS,AN Se Young,1,2661,YEO Jia Min,22,2112
2024-01-12,Malaysia_Open_2024,Quarter final,XD,Yuta WATANABE / Arisa IGAKI,2,2192,Hiroki MIDORIKAWA / Natsu SAITO,13,2012
2024-01-12,Malaysia_Open_2024,Quarter final,XD,JIANG Zhen Bang / WEI Ya Xin,5,2218,SEO Seung Jae / CHAE Yu Jung,4,2331
2024-01-12,Malaysia_Open_2024,Quarter final,WS,TAI Tzu Ying,4,2511,HE Bing Jiao,6,2398
2024-01-12,Malaysia_Open_2024,Quarter final,XD,KIM Won Ho / JEONG Na Eun,7,2110,ZHENG Si Wei / HUANG Ya Qiong,1,2542
2024-01-12,Malaysia_Open_2024,Quarter final,XD,HEE Yong KWON / TAN Wei Qiang,22,1973,Dechapol PUAVARANUKROH / Sapsiree TAERATTANACHAI,6,2170
2024-01-12,Malaysia_Open_2024,Quarter final,WS,CHEN Yu Fei,2,2591,Gregoria Mariska TUNJUNG,7,2302
2024-01-13,Malaysia_Open_2024,Semi final,MD,LIANG Wei Keng / WANG Chang,1,2247,Takuro HOKI / Yugo KOBAYASHI,7,2136
2024-01-13,Malaysia_Open_2024,Semi final,MS,SHI Yu Qi,6,2383,Viktor AXELSEN,1,2590
2024-01-13,Malaysia_Open_2024,Semi final,MD,Satwiksairaj RANKIREDDY / Chirag SHETTY,2,2251,KANG Min Hyuk / SEO Seung Jae,3,2248
2024-01-13,Malaysia_Open_2024,Semi final,MS,Anders ANTONSEN,9,2356,LIN Chun-Yi,21,2164
2024-01-13,Malaysia_Open_2024,Semi final,WD,LIU Sheng Shu / TAN Ning,8,2268,Rin IWANAGA / Kie NAKANISHI,15,2091
2024-01-13,Malaysia_Open_2024,Semi final,WS,AN Se Young,1,2663,ZHANG Yi Man,17,2239
2024-01-13,Malaysia_Open_2024,Semi final,WD,ZHANG .. / ZHENG Yu,7,2151,BAEK Ha Na / LEE So Hee,2,2361
2024-01-13,Malaysia_Open_2024,Semi final,XD,Yuta WATANABE / Arisa IGAKI,2,2206,JIANG Zhen Bang / WEI Ya Xin,5,2253
2024-01-13,Malaysia_Open_2024,Semi final,WS,TAI Tzu Ying,4,2529,CHEN Yu Fei,2,2599
2024-01-13,Malaysia_Open_2024,Semi final,XD,KIM Won Ho / JEONG Na Eun,7,2159,HEE Yong KWON / TAN Wei Qiang,22,2016
2024-01-14,Malaysia_Open_2024,Final,MD,LIANG Wei Keng / WANG Chang,1,2265,Satwiksairaj RANKIREDDY / Chirag SHETTY,2,2278
2024-01-14,Malaysia_Open_2024,Final,MS,Anders ANTONSEN,9,2369,SHI Yu Qi,6,2425
2024-01-14,Malaysia_Open_2024,Final,WD,LIU Sheng Shu / TAN Ning,8,2283,ZHANG .. / ZHENG Yu,7,2193
2024-01-14,Malaysia_Open_2024,Final,WS,AN Se Young,1,2668,TAI Tzu Ying,4,2561
2024-01-14,Malaysia_Open_2024,Final,XD,Yuta WATANABE / Arisa IGAKI,2,2236,KIM Won Ho / JEONG Na Eun,7,2176
2024-03-12,All England Open 2024,Round 1,WD,Apriyani RAHAYU / Siti Fadia Silva RAMADHANTI,9,2124,Treesa JOLLY / GAYATRI GOPICHAND,22,2026
2024-03-12,All England Open 2024,Round 1,WS,Gregoria Mariska TUNJUNG,7,2236,YEO Jia Min,19,2141
2024-03-12,All England Open 2024,Round 1,WD,Pearly TAN / THINAAH Muralitharan,16,1989,Vivian HO / LIM Chiew Sien,36,1683
2024-03-12,All England Open 2024,Round 1,MD,Kim ASTRUP / Anders Skaarup RASMUSSEN,4,2198,Christo POPOV / Toma Junior POPOV,42,1704
2024-03-12,All England Open 2024,Round 1,MS,Viktor AXELSEN,1,2504,KIDAMBI Srikanth,26,2008
2024-03-12,All England Open 2024,Round 1,XD,Marcus ELLIS / Lauren SMITH,28,1807,Gregory MAIRS / Jenny MAINZER,40,1693
2024-03-12,All England Open 2024,Round 1,XD,GOH Soon Huat / LAI Shevon Jemie,14,1917,CHANG Tak Ching / LEE Chih Chen,36,1727
2024-03-12,All England Open 2024,Round 1,WD,Rena MIYAURA / Ayako SAKURAMOTO,11,2100,Mayu MATSUMOTO / Wakana NAGAHARA,8,2217
2024-03-12,All England Open 2024,Round 1,WS,ZHANG Beiwen,10,2187,Line Højmark KJAERSFELDT,23,1958
2024-03-12,All England Open 2024,Round 1,XD,ZHENG Si Wei / HUANG Ya Qiong,1,2471,Vinson CHIU / Jennie GAI,31,1677
2024-03-12,All England Open 2024,Round 1,MD,Supak JOMKOH / Kittinupong KEDREN,30,1914,Lucas CORVEE / Ronan LABAR,36,1790
2024-03-12,All England Open 2024,Round 1,XD,Dejan FERDINANSYAH / Gloria Emanuelle WIDJAJA,19,1981,JIANG Zhen Bang / WEI Ya Xin,5,2231
2024-03-12,All England Open 2024,Round 1,XD,Mathias THYRRI / Alexandra BOE,10,2069,Hiroki MIDORIKAWA / Natsu SAITO,11,2076
2024-03-12,All England Open 2024,Round 1,MS,Anthony Sinisuka GINTING,5,2255,LEE Chia Hao,35,1921
2024-03-12,All England Open 2024,Round 1,XD,TANG Chun Man / TSE Ying Suet,8,2180,Rehan Naufal KUSHARJANTO / Lisa Ayu KUSUMAWATI,16,2012
2024-03-12,All England Open 2024,Round 1,MS,WENG Hong Yang,15,2194,LIN Chun-Yi,21,2111
2024-03-12,All England Open 2024,Round 1,WS,Pornpawee CHOCHUWONG,16,2169,Kirsty GILMOUR,25,1995
2024-03-12,All England Open 2024,Round 1,MD,LIU Yu Chen / OU Xuan Yi,8,2115,ONG Yew Sin / TEO Ee Yi,12,1964
2024-03-12,All England Open 2024,Round 1,MS,Kenta NISHIMOTO,12,2166,Brian YANG,22,2077
2024-03-12,All England Open 2024,Round 1,MS,SU Li Yang,32,2045,PRANNOY H. S.,8,2190
2024-03-12,All England Open 2024,Round 1,WD,LIU Sheng Shu / TAN Ning,3,2299,LI Wen Mei / LIU Xuan Xuan,15,2007
2024-03-12,All England Open 2024,Round 1,MD,Aaron CHIA / SOH Wooi Yik,5,2102,GOH Sze Fei / Nur IZZUDDIN,19,1920
2024-03-12,All England Open 2024,Round 1,WS,PAI Yu Po,30,1858,AAKARSHI KASHYAP,43,1757
2024-03-12,All England Open 2024,Round 1,XD,TAN Kian Meng / LAI Pei Jing,25,1910,Thom GICQUEL / Delphine DELRUE,13,1997
2024-03-12,All England Open 2024,Round 1,MD,Muhammad Shohibul FIKRI / Bagas MAULANA,9,2031,Alexander DUNN / Adam HALL,32,1735
2024-03-12,All England Open 2024,Round 1,MS,Toma Junior POPOV,27,2000,LI Shi Feng,4,2253
2024-03-12,All England Open 2024,Round 1,WD,Paula Lynn OBANANA / Lauren LAM,42,1632,Jeslyn CHOW / Eliana ZHANG,78,1664
2024-03-12,All England Open 2024,Round 1,WS,PUSARLA V. Sindhu,11,2248,Yvonne LI,26,1868
2024-03-12,All England Open 2024,Round 1,MS,Koki WATANABE,20,2127,WANG Tzu Wei,23,2063
2024-03-12,All England Open 2024,Round 1,MD,CHANG Tak Ching / PO Li-Wei,39,1784,Kevin LEE / Ty Alexander LEONG,37,1742
2024-03-12,All England Open 2024,Round 1,WS,HAN Yue,8,2268,Supanida KATETHONG,17,2055
2024-03-12,All England Open 2024,Round 1,WD,Benyapa AIMSAARD / Nuntakarn AIMSAARD,14,2104,LEE Chia.. / TENG Chun Hsun,25,1781
2024-03-12,All England Open 2024,Round 1,MS,Christo POPOV,24,2112,LEE Cheuk Yiu,13,2129
2024-03-13,All England Open 2024,Round 1,WD,CHEN Qi Ming / JIA Yi Fan,1,2451,HSU Ya Ching / LIN Wan Ching,26,1833
2024-03-13,All England Open 2024,Round 1,WD,BAEK Ha Na / LEE So Hee,2,2277,Francesca CORBETT / Allison Qu..,34,1775
2024-03-13,All England Open 2024,Round 1,MD,Fajar ALFIAN / Muhammad Shohibul FIKRI,7,2089,LEE Fang Jen / LEE Fang Chih,21,1899
2024-03-13,All England Open 2024,Round 1,WS,WANG Zhi Yi,9,2402,Aya OHORI,12,2262
2024-03-13,All England Open 2024,Round 1,MD,LEE Jhe-Huei / YANG Po Hsuan,15,2158,Vinson CHIU / Joshua YUAN,43,1543
2024-03-13,All England Open 2024,Round 1,XD,Yuta WATANABE / Arisa IGAKI,2,2234,Kyohei YAMASHITA / Naru SHINOYA,21,1919
2024-03-13,All England Open 2024,Round 1,WD,Rin IWANAGA / Kie NAKANISHI,13,2058,Rutaparn.. / Swetaparn DEESOM,51,1584
2024-03-13,All England Open 2024,Round 1,XD,FENG Yan Zhe / HUANG Dong Ping,4,2357,Kenneth .. / Gronya SOMERVILLE,43,1855
2024-03-13,All England Open 2024,Round 1,MD,Akira KOGA / Taichi SAITO,16,1962,MAN Wei Chong / TEE Kai Wun,18,1911
2024-03-13,All England Open 2024,Round 1,XD,KIM Won Ho / JEONG Na Eun,7,2205,Ty Alexander LEONG / Josephine WU,29,1853
2024-03-13,All England Open 2024,Round 1,XD,LEE Chun Hei / NG Tsz Yau,23,1937,Yuki KANEKO / Misaki MATSUTOMO,26,1865
2024-03-13,All England Open 2024,Round 1,MD,Satwiksairaj RANKIREDDY / Chirag SHETTY,1,2343,Hendra SETIAWAN / Mohammad AHSAN,14,2011
2024-03-13,All England Open 2024,Round 1,MD,Rasmus KJÆR / Frederik SØGAARD,17,1965,LU Ching Yao / YANG Po Hsuan,25,1876
2024-03-13,All England Open 2024,Round 1,WS,Carolina MARIN,5,2392,SUNG Shuo Yun,29,1888
2024-03-13,All England Open 2024,Round 1,WS,Busanan ONGBAMRUNGPHAN,21,2161,GAO Fang jie,33,2100
2024-03-13,All England Open 2024,Round 1,MD,HE Ji Ting / REN Xiang Yu,13,2096,KANG Min Hyuk / SEO Seung Jae,2,2314
2024-03-13,All England Open 2024,Round 1,XD,Robin TABELING / Selena PIEK,15,1996,Mathias THYRRI / Amalie MAGELUND,22,1874
2024-03-13,All England Open 2024,Round 1,MS,SHI Yu Qi,2,2497,Rasmus GEMKE,28,2169
2024-03-13,All England Open 2024,Round 1,MS,Lakshya SEN,18,2209,Magnus JOHANNESEN,33,1964
2024-03-13,All England Open 2024,Round 1,MS,Anders ANTONSEN,3,2404,Kanta TSUNEYAMA,19,2074
2024-03-13,All England Open 2024,Round 1,MS,Chico Aura DWI WARDOYO,29,2121,Priyanshu RAJAWAT,30,1974
2024-03-13,All England Open 2024,Round 1,MS,Kunlavut VITIDSARN,7,2290,LU Guang Zu,17,2217
2024-03-13,All England Open 2024,Round 1,WD,Tanisha CRASTO / Ashwini PONNAPPA,23,1850,YEUNG .. / YEUNG Pak Hon,18,1740
2024-03-13,All England Open 2024,Round 1,WD,KIM So Yeong / KONG Hee Yong,4,2133,LI Yi jing / LUO Xu Min,21,1967
2024-03-13,All England Open 2024,Round 1,MD,LIANG Wei Keng / WANG Chang,3,2225,DONG A Ran / Nyl YAKURA,34,1742
2024-03-13,All England Open 2024,Round 1,XD,HEE Yong KWON / TAN Wei Qiang,20,1954,YANG Po Hsuan / HU Ling Fang,30,1749
2024-03-13,All England Open 2024,Round 1,XD,Supak JOMKOH / Supissara PACHARAMONGKOL,17,1844,Ruttanapon KETSAOPAR / Jhenicha SUDJAIPRAPARAT,34,1801
2024-03-13,All England Open 2024,Round 1,MS,Jonatan CHRISTIE,9,2208,CHOU Tien Chen,14,2145
2024-03-13,All England Open 2024,Round 1,WS,Akane YAMAGUCHI,4,2489,ZHANG Yi Man,15,2243
2024-03-13,All England Open 2024,Round 1,WD,Nami MATSUYAMA / Chiharu SHIDA,5,2259,Jongkolphan KITITHARAKUL / Rawinda PRAJONGJAI,10,2040
2024-03-13,All England Open 2024,Round 1,WS,AN Se Young,1,2719,HSU Wen Chi,27,1956
2024-03-13,All England Open 2024,Round 1,MD,Takuro HOKI / Yugo KOBAYASHI,6,2147,Ben LANE / Sean VENDY,22,1859
2024-03-13,All England Open 2024,Round 1,WS,HE Bing Jiao,6,2402,GOH Jin Wei,34,1909
2024-03-13,All England Open 2024,Round 1,WS,CHEN Yu Fei,2,2536,NGUYEN Thuy Linh,22,2055
2024-03-13,All England Open 2024,Round 1,WS,KIM Ga Eun,13,2171,Ratchanok INTANON,14,2173
2024-03-13,All England Open 2024,Round 1,WD,Yuki FUKUSHIMA / Sayaka HIROTA,7,2137,Maiken FRUERGAARD / Sara THYGESEN,19,1924
2024-03-13,All England Open 2024,Round 1,WD,ZHANG .. / ZHENG Yu,6,2183,JEONG Na Eun / KIM Hye Jeong,12,2106
2024-03-13,All England Open 2024,Round 1,MD,LEE Yang / WANG Chang,10,1986,Leo Rolly CARNANDO / Daniel MARTHIN,11,1969
2024-03-13,All England Open 2024,Round 1,XD,CHEN Tang Jie / TOH Ee Wei,9,2068,Dechapol PUAVARANUKROH / Sapsiree TAERATTANACHAI,6,2277
2024-03-13,All England Open 2024,Round 1,WD,Setyana MAPASA / Angela YU,35,1861,Debora JILLE / Cheryl SEINEN,32,1713
2024-03-13,All England Open 2024,Round 1,WD,Catherine CHOI / Josephine WU,28,1756,Annie XU / Kerry XU,30,1690
2024-03-13,All England Open 2024,Round 1,MS,LEE Zii Jia,10,2245,Kodai NARAOKA,6,2248
2024-03-13,All England Open 2024,Round 1,XD,YE Hong / LEE Chia Hsin,12,2078,SEO Seung Jae / CHAE Yu Jung,3,2284
2024-03-13,All England Open 2024,Round 1,WS,Michelle LI,24,2044,Mia BLICHFELDT,20,2136
2024-03-13,All England Open 2024,Round 1,MD,Kenya MITSUI / Hiroki OKAMURA,27,1874,Ondřej KRÁL / Adam MENDREK,47,1763
2024-03-13,All England Open 2024,Round 1,WS,TAI Tzu Ying,3,2596,Nozomi OKUHARA,18,2112
2024-03-13,All England Open 2024,Round 1,MS,LOH Kean Yew,11,2196,NG Ka Long Angus,25,2074
2024-03-14,All England Open 2024,Round 2,WD,Yuki FUKUSHIMA / Sayaka HIROTA,7,2148,Setyana MAPASA / Angela YU,35,1879
2024-03-14,All England Open 2024,Round 2,MD,Muhammad Shohibul FIKRI / Bagas MAULANA,9,2039,Satwiksairaj RANKIREDDY / Chirag SHETTY,1,2349
2024-03-14,All England Open 2024,Round 2,WD,BAEK Ha Na / LEE So Hee,2,2279,Rin IWANAGA / Kie NAKANISHI,13,2061
2024-03-14,All England Open 2024,Round 2,MD,Fajar ALFIAN / Muhammad Shohibul FIKRI,7,2102,Akira KOGA / Taichi SAITO,16,1986
2024-03-14,All England Open 2024,Round 2,MD,Aaron CHIA / SOH Wooi Yik,5,2115,CHANG Tak Ching / PO Li-Wei,39,1814
2024-03-14,All England Open 2024,Round 2,MD,HE Ji Ting / REN Xiang Yu,13,2137,Rasmus KJÆR / Frederik SØGAARD,17,1986
2024-03-14,All England Open 2024,Round 2,WS,Carolina MARIN,5,2395,WANG Zhi Yi,9,2418
2024-03-14,All England Open 2024,Round 2,XD,Yuta WATANABE / Arisa IGAKI,2,2241,LEE Chun Hei / NG Tsz Yau,23,1959
2024-03-14,All England Open 2024,Round 2,MD,LEE Yang / WANG Chang,10,2012,LIANG Wei Keng / WANG Chang,3,2228
2024-03-14,All England Open 2024,Round 2,MD,LEE Jhe-Huei / YANG Po Hsuan,15,2159,LIU Yu Chen / OU Xuan Yi,8,2130
2024-03-14,All England Open 2024,Round 2,MD,Supak JOMKOH / Kittinupong KEDREN,30,1933,Kim ASTRUP / Anders Skaarup RASMUSSEN,4,2201
2024-03-14,All England Open 2024,Round 2,WD,KIM So Yeong / KONG Hee Yong,4,2139,Catherine CHOI / Josephine WU,28,1785
2024-03-14,All England Open 2024,Round 2,WD,Nami MATSUYAMA / Chiharu SHIDA,5,2270,Paula Lynn OBANANA / Lauren LAM,42,1688
2024-03-14,All England Open 2024,Round 2,WS,CHEN Yu Fei,2,2539,Busanan ONGBAMRUNGPHAN,21,2183
2024-03-14,All England Open 2024,Round 2,XD,ZHENG Si Wei / HUANG Ya Qiong,1,2471,Mathias THYRRI / Alexandra BOE,10,2096
2024-03-14,All England Open 2024,Round 2,XD,KIM Won Ho / JEONG Na Eun,7,2211,HEE Yong KWON / TAN Wei Qiang,20,1967
2024-03-14,All England Open 2024,Round 2,WD,ZHANG .. / ZHENG Yu,6,2203,Tanisha CRASTO / Ashwini PONNAPPA,23,1872
2024-03-14,All England Open 2024,Round 2,XD,Dejan FERDINANSYAH / Gloria Emanuelle WIDJAJA,19,2025,Marcus ELLIS / Lauren SMITH,28,1829
2024-03-14,All England Open 2024,Round 2,MD,Takuro HOKI / Yugo KOBAYASHI,6,2155,Kenya MITSUI / Hiroki OKAMURA,27,1894
2024-03-14,All England Open 2024,Round 2,MS,Lakshya SEN,18,2219,Anders ANTONSEN,3,2411
2024-03-14,All England Open 2024,Round 2,WD,Pearly TAN / THINAAH Muralitharan,16,1997,CHEN Qi Ming / JIA Yi Fan,1,2452
2024-03-14,All England Open 2024,Round 2,WS,Gregoria Mariska TUNJUNG,7,2255,ZHANG Beiwen,10,2198
2024-03-14,All England Open 2024,Round 2,XD,FENG Yan Zhe / HUANG Dong Ping,4,2360,GOH Soon Huat / LAI Shevon Jemie,14,1931
2024-03-14,All England Open 2024,Round 2,MS,SHI Yu Qi,2,2503,Chico Aura DWI WARDOYO,29,2137
2024-03-14,All England Open 2024,Round 2,WS,Akane YAMAGUCHI,4,2499,Pornpawee CHOCHUWONG,16,2183
2024-03-14,All England Open 2024,Round 2,MS,Viktor AXELSEN,1,2507,WENG Hong Yang,15,2213
2024-03-14,All England Open 2024,Round 2,MS,Jonatan CHRISTIE,9,2229,Kunlavut VITIDSARN,7,2310
2024-03-14,All England Open 2024,Round 2,WD,Benyapa AIMSAARD / Nuntakarn AIMSAARD,14,2111,LIU Sheng Shu / TAN Ning,3,2307
2024-03-14,All England Open 2024,Round 2,MS,LEE Zii Jia,10,2271,LOH Kean Yew,11,2213
2024-03-14,All England Open 2024,Round 2,MS,Christo POPOV,24,2139,SU Li Yang,32,2082
2024-03-14,All England Open 2024,Round 2,XD,TANG Chun Man / TSE Ying Suet,8,2194,TAN Kian Meng / LAI Pei Jing,25,1946
2024-03-14,All England Open 2024,Round 2,XD,Robin TABELING / Selena PIEK,15,2014,CHEN Tang Jie / TOH Ee Wei,9,2109
2024-03-14,All England Open 2024,Round 2,WS,TAI Tzu Ying,3,2599,KIM Ga Eun,13,2197
2024-03-14,All England Open 2024,Round 2,WS,HAN Yue,8,2280,PAI Yu Po,30,1880
2024-03-14,All England Open 2024,Round 2,MS,Koki WATANABE,20,2149,Toma Junior POPOV,27,2044
2024-03-14,All England Open 2024,Round 2,WD,Rena MIYAURA / Ayako SAKURAMOTO,11,2134,Apriyani RAHAYU / Siti Fadia Silva RAMADHANTI,9,2143
2024-03-14,All England Open 2024,Round 2,XD,YE Hong / LEE Chia Hsin,12,2118,Supak JOMKOH / Supissara PACHARAMONGKOL,17,1871
2024-03-14,All England Open 2024,Round 2,WS,HE Bing Jiao,6,2405,Michelle LI,24,2077
2024-03-14,All England Open 2024,Round 2,WS,AN Se Young,1,2720,PUSARLA V. Sindhu,11,2249
2024-03-14,All England Open 2024,Round 2,MS,Anthony Sinisuka GINTING,5,2262,Kenta NISHIMOTO,12,2185
2024-03-15,All England Open 2024,Quarter final,MD,Aaron CHIA / SOH Wooi Yik,5,2123,Muhammad Shohibul FIKRI / Bagas MAULANA,9,2085
2024-03-15,All England Open 2024,Quarter final,MD,Takuro HOKI / Yugo KOBAYASHI,6,2165,HE Ji Ting / REN Xiang Yu,13,2153
2024-03-15,All England Open 2024,Quarter final,MD,Fajar ALFIAN / Muhammad Shohibul FIKRI,7,2120,LEE Yang / WANG Chang,10,2054
2024-03-15,All England Open 2024,Quarter final,XD,Robin TABELING / Selena PIEK,15,2048,YE Hong / LEE Chia Hsin,12,2128
2024-03-15,All England Open 2024,Quarter final,MS,Jonatan CHRISTIE,9,2261,SHI Yu Qi,2,2509
2024-03-15,All England Open 2024,Quarter final,MD,LEE Jhe-Huei / YANG Po Hsuan,15,2183,Supak JOMKOH / Kittinupong KEDREN,30,1979
2024-03-15,All England Open 2024,Quarter final,WS,Carolina MARIN,5,2422,CHEN Yu Fei,2,2545
2024-03-15,All England Open 2024,Quarter final,MS,Lakshya SEN,18,2258,LEE Zii Jia,10,2292
2024-03-15,All England Open 2024,Quarter final,XD,Yuta WATANABE / Arisa IGAKI,2,2249,KIM Won Ho / JEONG Na Eun,7,2222
2024-03-15,All England Open 2024,Quarter final,MS,Anthony Sinisuka GINTING,5,2282,Viktor AXELSEN,1,2515
2024-03-15,All England Open 2024,Quarter final,WD,BAEK Ha Na / LEE So Hee,2,2291,Yuki FUKUSHIMA / Sayaka HIROTA,7,2158
2024-03-15,All England Open 2024,Quarter final,WS,TAI Tzu Ying,3,2603,HE Bing Jiao,6,2411
2024-03-15,All England Open 2024,Quarter final,WD,KIM So Yeong / KONG Hee Yong,4,2145,ZHANG .. / ZHENG Yu,6,2210
2024-03-15,All England Open 2024,Quarter final,MS,Christo POPOV,24,2161,Koki WATANABE,20,2167
2024-03-15,All England Open 2024,Quarter final,XD,FENG Yan Zhe / HUANG Dong Ping,4,2364,TANG Chun Man / TSE Ying Suet,8,2204
2024-03-15,All England Open 2024,Quarter final,XD,ZHENG Si Wei / HUANG Ya Qiong,1,2477,Dejan FERDINANSYAH / Gloria Emanuelle WIDJAJA,19,2038
2024-03-15,All England Open 2024,Quarter final,WS,AN Se Young,1,2723,HAN Yue,8,2284
2024-03-15,All England Open 2024,Quarter final,WD,Nami MATSUYAMA / Chiharu SHIDA,5,2272,Benyapa AIMSAARD / Nuntakarn AIMSAARD,14,2150
2024-03-15,All England Open 2024,Quarter final,WD,Rena MIYAURA / Ayako SAKURAMOTO,11,2161,Pearly TAN / THINAAH Muralitharan,16,2047
2024-03-15,All England Open 2024,Quarter final,WS,Akane YAMAGUCHI,4,2506,Gregoria Mariska TUNJUNG,7,2277
2024-03-16,All England Open 2024,Semi final,MD,Fajar ALFIAN / Muhammad Shohibul FIKRI,7,2142,Takuro HOKI / Yugo KOBAYASHI,6,2191
2024-03-16,All England Open 2024,Semi final,XD,ZHENG Si Wei / HUANG Ya Qiong,1,2481,FENG Yan Zhe / HUANG Dong Ping,4,2379
2024-03-16,All England Open 2024,Semi final,MD,Aaron CHIA / SOH Wooi Yik,5,2148,LEE Jhe-Huei / YANG Po Hsuan,15,2196
2024-03-16,All England Open 2024,Semi final,WS,Carolina MARIN,5,2458,TAI Tzu Ying,3,2617
2024-03-16,All England Open 2024,Semi final,XD,Yuta WATANABE / Arisa IGAKI,2,2274,Robin TABELING / Selena PIEK,15,2082
2024-03-16,All England Open 2024,Semi final,MS,Jonatan CHRISTIE,9,2269,Lakshya SEN,18,2288
2024-03-16,All England Open 2024,Semi final,WS,Akane YAMAGUCHI,4,2517,AN Se Young,1,2727
2024-03-16,All England Open 2024,Semi final,WD,BAEK Ha Na / LEE So Hee,2,2308,KIM So Yeong / KONG Hee Yong,4,2178
2024-03-16,All England Open 2024,Semi final,MS,Anthony Sinisuka GINTING,5,2325,Christo POPOV,24,2189
2024-03-16,All England Open 2024,Semi final,WD,Nami MATSUYAMA / Chiharu SHIDA,5,2275,Rena MIYAURA / Ayako SAKURAMOTO,11,2180
2024-03-17,All England Open 2024,Final,MD,Fajar ALFIAN / Muhammad Shohibul FIKRI,7,2174,Aaron CHIA / SOH Wooi Yik,5,2179
2024-03-17,All England Open 2024,Final,XD,ZHENG Si Wei / HUANG Ya Qiong,1,2500,Yuta WATANABE / Arisa IGAKI,2,2288
2024-03-17,All England Open 2024,Final,MS,Jonatan CHRISTIE,9,2298,Anthony Sinisuka GINTING,5,2342
2024-03-17,All England Open 2024,Final,WS,Carolina MARIN,5,2497,Akane YAMAGUCHI,4,2559
2024-03-17,All England Open 2024,Final,WD,BAEK Ha Na / LEE So Hee,2,2325,Nami MATSUYAMA / Chiharu SHIDA,5,2295
2024-06-04,Indonesia Open 2024,Round 1,MS,Priyanshu RAJAWAT,34,1972,PRANNOY H. S.,10,2117
2024-06-04,Indonesia Open 2024,Round 1,WD,Treesa JOLLY / GAYATRI GOPICHAND,25,2012,CHENG Chi Ya / SUN Yu H..,63,1430
2024-06-04,Indonesia Open 2024,Round 1,MD,LEE Jhe-Huei / YANG Po Hsuan,12,2082,LOW Hang Yee / NG Eng Cheong,53,1660
2024-06-04,Indonesia Open 2024,Round 1,MS,Kenta NISHIMOTO,12,2190,Anthony Sinisuka GINTING,9,2239
2024-06-04,Indonesia Open 2024,Round 1,WD,Mayu MATSUMOTO / Wakana NAGAHARA,7,2179,Julie FINNE-IPSEN / Mai SURROW,55,1640
2024-06-04,Indonesia Open 2024,Round 1,XD,TANG Chun Man / TSE Ying Suet,7,2153,CHOONG Hon Jian / GO Pei Kee,48,1681
2024-06-04,Indonesia Open 2024,Round 1,MD,Rasmus KJÆR / Frederik SØGAARD,15,1892,CHEN Bo Yang / LIU Yi,21,1913
2024-06-04,Indonesia Open 2024,Round 1,MD,LU Ching Yao / YANG Po Hsuan,25,1816,Bjarne GEHNERT / Jan Colin STICHLING,54,1657
2024-06-04,Indonesia Open 2024,Round 1,MD,Aaron CHIA / SOH Wooi Yik,5,2162,Vinson CHIU / Joshua YUAN,42,1625
2024-06-04,Indonesia Open 2024,Round 1,WD,LI Yi jing / LUO Xu Min,22,1950,Ornnicha JONGSATHAPORNPARN / Sukitta SUWACHAI,158,1545
2024-06-04,Indonesia Open 2024,Round 1,MD,MAN Wei Chong / TEE Kai Wun,20,1962,KANG Min Hyuk / SEO Seung Jae,3,2257
2024-06-04,Indonesia Open 2024,Round 1,MS,Kantaphon WANGCHAROEN,51,1823,Chico Aura DWI WARDOYO,27,2141
2024-06-04,Indonesia Open 2024,Round 1,MS,Anders ANTONSEN,5,2331,LEE Cheuk Yiu,16,2067
2024-06-04,Indonesia Open 2024,Round 1,MD,Sabar Karyaman GUTAMA / Moh Reza Pahlevi ISFAHANI,29,1917,Rahmat HIDAYAT / Yeremia Erich Yoche Yacob RAMBITAN,101,1808
2024-06-04,Indonesia Open 2024,Round 1,WS,Gregoria Mariska TUNJUNG,9,2358,Putri Kusuma WARDANI,32,1909
2024-06-04,Indonesia Open 2024,Round 1,WS,Supanida KATETHONG,15,2158,Pornpawee CHOCHUWONG,18,2257
2024-06-04,Indonesia Open 2024,Round 1,WD,Apriyani RAHAYU / Siti Fadia Silva RAMADHANTI,9,2107,Jongkolphan KITITHARAKUL / Rawinda PRAJONGJAI,10,2067
2024-06-04,Indonesia Open 2024,Round 1,MS,Lakshya SEN,14,2233,Kanta TSUNEYAMA,29,2003
2024-06-04,Indonesia Open 2024,Round 1,XD,Dechapol PUAVARANUKROH / Sapsiree TAERATTANACHAI,6,2152,Supak JOMKOH / Supissara PACHARAMONGKOL,22,1906
2024-06-04,Indonesia Open 2024,Round 1,WS,WANG Zhi Yi,6,2443,GOH Jin Wei,33,1914
2024-06-04,Indonesia Open 2024,Round 1,MS,Kunlavut VITIDSARN,8,2282,LOH Kean Yew,13,2156
2024-06-04,Indonesia Open 2024,Round 1,WD,Margot LAMBERT / Anne TRAN,16,1998,LI Wen Mei / LIU Xuan Xuan,17,2050
2024-06-04,Indonesia Open 2024,Round 1,MD,LEE Yang / WANG Chang,10,2061,CHOONG Hon Jian / Muhammad Shohibul FIKRI,26,1891
2024-06-04,Indonesia Open 2024,Round 1,MS,WENG Hong Yang,19,2207,Kiran GEORGE,36,2012
2024-06-04,Indonesia Open 2024,Round 1,WS,Ester Nurumi Tri WARDOYO,35,2006,Nozomi OKUHARA,16,2203
2024-06-04,Indonesia Open 2024,Round 1,WS,Kirsty GILMOUR,22,2034,NGUYEN Thuy Linh,23,1971
2024-06-04,Indonesia Open 2024,Round 1,WS,Pornpicha CHOEIKEEWONG,40,1747,Michelle LI,36,2049
2024-06-04,Indonesia Open 2024,Round 1,MS,LEE Zii Jia,7,2358,NG Ka Long Angus,21,2141
2024-06-04,Indonesia Open 2024,Round 1,XD,Dejan FERDINANSYAH / Gloria Emanuelle WIDJAJA,18,2004,YE Hong / LEE Chia Hsin,11,2074
2024-06-04,Indonesia Open 2024,Round 1,XD,Adnan MAULANA / Nita Violina MARWAH,46,1723,Jan Colin STICHLING / Isabel LOHAU,200,1713
2024-06-04,Indonesia Open 2024,Round 1,WD,Pearly TAN / THINAAH Muralitharan,13,1998,SUNG Shuo Yun / YU Chien Hui,42,1743
2024-06-04,Indonesia Open 2024,Round 1,WS,HE Bing Jiao,8,2410,Line Højmark KJAERSFELDT,21,1962
2024-06-04,Indonesia Open 2024,Round 1,XD,REDDY .. / REDDY Sikki Gupta,45,1741,Vinson CHIU / Jennie GAI,31,1735
2024-06-04,Indonesia Open 2024,Round 1,XD,LEE Chun Hei / NG Tsz Yau,23,1951,GOH Soon Huat / LAI Shevon Jemie,16,2088
2024-06-04,Indonesia Open 2024,Round 1,XD,SEO Seung Jae / CHAE Yu Jung,3,2318,CHEN Tang Jie / TOH Ee Wei,9,2111
2024-06-05,Indonesia Open 2024,Round 1,XD,KIM Won Ho / JEONG Na Eun,8,2168,Hiroki MIDORIKAWA / Natsu SAITO,10,2006
2024-06-05,Indonesia Open 2024,Round 1,WS,Ratchanok INTANON,13,2089,AAKARSHI KASHYAP,41,1681
2024-06-05,Indonesia Open 2024,Round 1,WS,CHEN Yu Fei,2,2554,Yvonne LI,30,1865
2024-06-05,Indonesia Open 2024,Round 1,WD,ZHANG .. / ZHENG Yu,5,2213,HSU Ya Ching / LIN Wan Ching,27,1810
2024-06-05,Indonesia Open 2024,Round 1,MD,Christo POPOV / Toma Junior POPOV,37,1695,Alexander DUNN / Adam HALL,32,1704
2024-06-05,Indonesia Open 2024,Round 1,WS,SUNG Shuo Yun,31,1880,Akane YAMAGUCHI,5,2451
2024-06-05,Indonesia Open 2024,Round 1,MD,LIANG Wei Keng / WANG Chang,2,2228,XIE Hao Nan / ZENG Wei Han,60,1755
2024-06-05,Indonesia Open 2024,Round 1,XD,TAN Kian Meng / LAI Pei Jing,21,1924,Koceila MAMMERI / Tanina Violette MAMMERI,47,1916
2024-06-05,Indonesia Open 2024,Round 1,WD,Maiken FRUERGAARD / Sara THYGESEN,24,1850,Jesita Putri MIANTORO / Febi SETIANINGRUM,45,1794
2024-06-05,Indonesia Open 2024,Round 1,MD,GOH Sze Fei / Nur IZZUDDIN,13,2063,DONG A Ran / Nyl YAKURA,35,1746
2024-06-05,Indonesia Open 2024,Round 1,XD,Mathias THYRRI / Alexandra BOE,14,2086,Yuta WATANABE / Arisa IGAKI,4,2207
2024-06-05,Indonesia Open 2024,Round 1,WS,Aya OHORI,11,2254,PAI Yu Po,28,1919
2024-06-05,Indonesia Open 2024,Round 1,MS,CHOU Tien Chen,11,2274,LIN Chun-Yi,17,2151
2024-06-05,Indonesia Open 2024,Round 1,XD,Robin TABELING / Selena PIEK,13,2045,Presley SHIN Jian Da / Allison Qu..,36,1836
2024-06-05,Indonesia Open 2024,Round 1,MD,Muhammad Shohibul FIKRI / Bagas MAULANA,11,2032,LIU Yu Chen / OU Xuan Yi,9,2041
2024-06-05,Indonesia Open 2024,Round 1,WD,Tanisha CRASTO / Ashwini PONNAPPA,20,1829,Jackie D.. / Crystal LAI,62,1679
2024-06-05,Indonesia Open 2024,Round 1,MD,Hendra SETIAWAN / Mohammad AHSAN,16,1953,Supak JOMKOH / Kittinupong KEDREN,22,1958
2024-06-05,Indonesia Open 2024,Round 1,WD,LIU Sheng Shu / TAN Ning,4,2276,Febriana Dwipuji KUSUMA / Amallia Cahaya PRATIWI,15,1911
2024-06-05,Indonesia Open 2024,Round 1,WD,CHANG Tak Ching / YANG Ching Tun,33,1749,Polina BUHROVA / Yevheniia KANTEMYR,68,1664
2024-06-05,Indonesia Open 2024,Round 1,MS,LEONG Jun Hao,32,2125,Jonatan CHRISTIE,3,2412
2024-06-05,Indonesia Open 2024,Round 1,MS,Rasmus GEMKE,26,2142,Kodai NARAOKA,6,2242
2024-06-05,Indonesia Open 2024,Round 1,MD,Leo Rolly CARNANDO / Daniel MARTHIN,14,1918,Fajar ALFIAN / Muhammad Shohibul FIKRI,7,2196
2024-06-05,Indonesia Open 2024,Round 1,MD,Kim ASTRUP / Anders Skaarup RASMUSSEN,4,2198,LEE Fang Jen / LEE Fang Chih,23,1861
2024-06-05,Indonesia Open 2024,Round 1,XD,JIANG Zhen Bang / WEI Ya Xin,5,2228,YAP Roy King / Valeree SIETSEMA,52,1725
2024-06-05,Indonesia Open 2024,Round 1,XD,YANG Po Hsuan / HU Ling Fang,24,1946,Rinov RIVALDY / Pitha Haningtyas MENTARI,15,2024
2024-06-05,Indonesia Open 2024,Round 1,MS,LI Shi Feng,4,2274,Brian YANG,25,1997
2024-06-05,Indonesia Open 2024,Round 1,XD,FENG Yan Zhe / HUANG Dong Ping,2,2372,GUO Xin Wa / CHEN Fang Hui,79,1923
2024-06-05,Indonesia Open 2024,Round 1,WS,HSU Wen Chi,26,1961,PUSARLA V. Sindhu,12,2251
2024-06-05,Indonesia Open 2024,Round 1,MS,Toma Junior POPOV,23,2073,WANG Tzu Wei,22,1991
2024-06-05,Indonesia Open 2024,Round 1,MS,SHI Yu Qi,2,2560,LEI Lan Xi,33,1988
2024-06-05,Indonesia Open 2024,Round 1,MD,Kenya MITSUI / Hiroki OKAMURA,24,1908,Koceila MAMMERI / Youcef Sabri MEDEL,62,1818
2024-06-05,Indonesia Open 2024,Round 1,XD,Yuki KANEKO / Misaki MATSUTOMO,28,1878,HEE Yong KWON / TAN Wei Qiang,17,1928
2024-06-05,Indonesia Open 2024,Round 1,WD,KIM So Yeong / KONG Hee Yong,6,2123,Rutaparn.. / Swetaparn DEESOM,48,1585
2024-06-05,Indonesia Open 2024,Round 1,MS,Christo POPOV,24,2036,Julien CARRAGGI,45,1808
2024-06-05,Indonesia Open 2024,Round 1,WS,GAO Fang jie,27,2096,THET Htar Thuzar,43,1626
2024-06-05,Indonesia Open 2024,Round 1,WS,Carolina MARIN,3,2503,ZHANG Yi Man,17,2198
2024-06-05,Indonesia Open 2024,Round 1,MS,LU Guang Zu,15,2169,SU Li Yang,30,2004
2024-06-05,Indonesia Open 2024,Round 1,MD,HE Ji Ting / REN Xiang Yu,8,2244,Takuro HOKI / Yugo KOBAYASHI,6,2205
2024-06-05,Indonesia Open 2024,Round 1,WD,YEUNG .. / YEUNG Pak Hon,21,1735,Vivian HO / LIM Chiew Sien,39,1650
2024-06-05,Indonesia Open 2024,Round 1,XD,ZHENG Si Wei / HUANG Ya Qiong,1,2513,Rehan Naufal KUSHARJANTO / Lisa Ayu KUSUMAWATI,19,1948
2024-06-05,Indonesia Open 2024,Round 1,WD,Nami MATSUYAMA / Chiharu SHIDA,3,2264,Francesca CORBETT / Allison Qu..,37,1845
2024-06-05,Indonesia Open 2024,Round 1,WS,HAN Yue,7,2288,ZHANG Beiwen,10,2116
2024-06-05,Indonesia Open 2024,Round 1,WS,AN Se Young,1,2684,Tomoka MIYAZAKI,24,2017
2024-06-06,Indonesia Open 2024,Round 2,WD,LIU Sheng Shu / TAN Ning,4,2282,CHANG Tak Ching / YANG Ching Tun,33,1776
2024-06-06,Indonesia Open 2024,Round 2,MD,Kim ASTRUP / Anders Skaarup RASMUSSEN,4,2205,Kenya MITSUI / Hiroki OKAMURA,24,1929
2024-06-06,Indonesia Open 2024,Round 2,MS,LEE Zii Jia,7,2369,WENG Hong Yang,19,2220
2024-06-06,Indonesia Open 2024,Round 2,MS,Kunlavut VITIDSARN,8,2298,Priyanshu RAJAWAT,34,2009
2024-06-06,Indonesia Open 2024,Round 2,WD,ZHANG .. / ZHENG Yu,5,2218,Maiken FRUERGAARD / Sara THYGESEN,24,1875
2024-06-06,Indonesia Open 2024,Round 2,WS,AN Se Young,1,2685,Pornpicha CHOEIKEEWONG,40,1808
2024-06-06,Indonesia Open 2024,Round 2,XD,KIM Won Ho / JEONG Na Eun,8,2183,Robin TABELING / Selena PIEK,13,2057
2024-06-06,Indonesia Open 2024,Round 2,WS,HE Bing Jiao,8,2414,Kirsty GILMOUR,22,2056
2024-06-06,Indonesia Open 2024,Round 2,WD,CHEN Qi Ming / JIA Yi Fan,1,2450,Margot LAMBERT / Anne TRAN,16,2028
2024-06-06,Indonesia Open 2024,Round 2,MD,Sabar Karyaman GUTAMA / Moh Reza Pahlevi ISFAHANI,29,1936,LEE Yang / WANG Chang,10,2076
2024-06-06,Indonesia Open 2024,Round 2,MD,Muhammad Shohibul FIKRI / Bagas MAULANA,11,2059,Christo POPOV / Toma Junior POPOV,37,1737
2024-06-06,Indonesia Open 2024,Round 2,MD,LIANG Wei Keng / WANG Chang,2,2231,Hendra SETIAWAN / Mohammad AHSAN,16,1980
2024-06-06,Indonesia Open 2024,Round 2,XD,TANG Chun Man / TSE Ying Suet,7,2156,LEE Chun Hei / NG Tsz Yau,23,1988
2024-06-06,Indonesia Open 2024,Round 2,WD,Pearly TAN / THINAAH Muralitharan,13,2008,Apriyani RAHAYU / Siti Fadia Silva RAMADHANTI,9,2129
2024-06-06,Indonesia Open 2024,Round 2,XD,ZHENG Si Wei / HUANG Ya Qiong,1,2515,REDDY .. / REDDY Sikki Gupta,45,1777
2024-06-06,Indonesia Open 2024,Round 2,MD,LEE Jhe-Huei / YANG Po Hsuan,12,2086,HE Ji Ting / REN Xiang Yu,8,2266
2024-06-06,Indonesia Open 2024,Round 2,XD,TAN Kian Meng / LAI Pei Jing,21,1951,Mathias THYRRI / Alexandra BOE,14,2100
2024-06-06,Indonesia Open 2024,Round 2,MS,Anders ANTONSEN,5,2340,Kantaphon WANGCHAROEN,51,1877
2024-06-06,Indonesia Open 2024,Round 2,MS,Lakshya SEN,14,2243,Kenta NISHIMOTO,12,2219
2024-06-06,Indonesia Open 2024,Round 2,WD,BAEK Ha Na / LEE So Hee,2,2374,Tanisha CRASTO / Ashwini PONNAPPA,20,1847
2024-06-06,Indonesia Open 2024,Round 2,MD,GOH Sze Fei / Nur IZZUDDIN,13,2071,Leo Rolly CARNANDO / Daniel MARTHIN,14,1964
2024-06-06,Indonesia Open 2024,Round 2,WS,Gregoria Mariska TUNJUNG,9,2362,Supanida KATETHONG,15,2191
2024-06-06,Indonesia Open 2024,Round 2,MD,MAN Wei Chong / TEE Kai Wun,20,2008,Rasmus KJÆR / Frederik SØGAARD,15,1922
2024-06-06,Indonesia Open 2024,Round 2,WS,SUNG Shuo Yun,31,1880,Ratchanok INTANON,13,2093
2024-06-06,Indonesia Open 2024,Round 2,WD,KIM So Yeong / KONG Hee Yong,6,2125,YEUNG .. / YEUNG Pak Hon,21,1763
2024-06-06,Indonesia Open 2024,Round 2,XD,FENG Yan Zhe / HUANG Dong Ping,2,2375,Yuki KANEKO / Misaki MATSUTOMO,28,1911
2024-06-06,Indonesia Open 2024,Round 2,WS,CHEN Yu Fei,2,2555,Aya OHORI,11,2260
2024-06-06,Indonesia Open 2024,Round 2,MS,SHI Yu Qi,2,2562,LU Guang Zu,15,2183
2024-06-06,Indonesia Open 2024,Round 2,MS,LEONG Jun Hao,32,2168,CHOU Tien Chen,11,2291
2024-06-06,Indonesia Open 2024,Round 2,MS,LI Shi Feng,4,2282,Christo POPOV,24,2047
2024-06-06,Indonesia Open 2024,Round 2,WS,WANG Zhi Yi,6,2445,Ester Nurumi Tri WARDOYO,35,2046
2024-06-06,Indonesia Open 2024,Round 2,WD,LI Yi jing / LUO Xu Min,22,1955,Nami MATSUYAMA / Chiharu SHIDA,3,2268
2024-06-06,Indonesia Open 2024,Round 2,MD,LU Ching Yao / YANG Po Hsuan,25,1834,Aaron CHIA / SOH Wooi Yik,5,2165
2024-06-06,Indonesia Open 2024,Round 2,MS,Toma Junior POPOV,23,2093,Rasmus GEMKE,26,2174
2024-06-06,Indonesia Open 2024,Round 2,XD,Dechapol PUAVARANUKROH / Sapsiree TAERATTANACHAI,6,2162,Adnan MAULANA / Nita Violina MARWAH,46,1760
2024-06-06,Indonesia Open 2024,Round 2,XD,JIANG Zhen Bang / WEI Ya Xin,5,2231,YANG Po Hsuan / HU Ling Fang,24,1979
2024-06-06,Indonesia Open 2024,Round 2,WS,Carolina MARIN,3,2510,HSU Wen Chi,26,2007
2024-06-06,Indonesia Open 2024,Round 2,WS,HAN Yue,7,2302,GAO Fang jie,27,2099
2024-06-06,Indonesia Open 2024,Round 2,WD,Mayu MATSUMOTO / Wakana NAGAHARA,7,2181,Treesa JOLLY / GAYATRI GOPICHAND,25,2014
2024-06-06,Indonesia Open 2024,Round 2,XD,Dejan FERDINANSYAH / Gloria Emanuelle WIDJAJA,18,2036,SEO Seung Jae / CHAE Yu Jung,3,2330
2024-06-07,Indonesia Open 2024,Quarter final,WD,LIU Sheng Shu / TAN Ning,4,2284,ZHANG .. / ZHENG Yu,5,2224
2024-06-07,Indonesia Open 2024,Quarter final,MD,Kim ASTRUP / Anders Skaarup RASMUSSEN,4,2213,Muhammad Shohibul FIKRI / Bagas MAULANA,11,2066
2024-06-07,Indonesia Open 2024,Quarter final,MD,LIANG Wei Keng / WANG Chang,2,2241,GOH Sze Fei / Nur IZZUDDIN,13,2089
2024-06-07,Indonesia Open 2024,Quarter final,WD,BAEK Ha Na / LEE So Hee,2,2376,KIM So Yeong / KONG Hee Yong,6,2131
2024-06-07,Indonesia Open 2024,Quarter final,WD,Mayu MATSUMOTO / Wakana NAGAHARA,7,2195,LI Yi jing / LUO Xu Min,22,2002
2024-06-07,Indonesia Open 2024,Quarter final,MD,Sabar Karyaman GUTAMA / Moh Reza Pahlevi ISFAHANI,29,1974,LEE Jhe-Huei / YANG Po Hsuan,12,2124
2024-06-07,Indonesia Open 2024,Quarter final,MS,Anders ANTONSEN,5,2343,Lakshya SEN,14,2267
2024-06-07,Indonesia Open 2024,Quarter final,MD,MAN Wei Chong / TEE Kai Wun,20,2028,LU Ching Yao / YANG Po Hsuan,25,1887
2024-06-07,Indonesia Open 2024,Quarter final,WD,CHEN Qi Ming / JIA Yi Fan,1,2454,Pearly TAN / THINAAH Muralitharan,13,2044
2024-06-07,Indonesia Open 2024,Quarter final,WS,AN Se Young,1,2686,HE Bing Jiao,8,2419
2024-06-07,Indonesia Open 2024,Quarter final,WS,WANG Zhi Yi,6,2450,Gregoria Mariska TUNJUNG,9,2375
2024-06-07,Indonesia Open 2024,Quarter final,MS,Kunlavut VITIDSARN,8,2306,LEE Zii Jia,7,2384
2024-06-07,Indonesia Open 2024,Quarter final,MS,LI Shi Feng,4,2293,LEONG Jun Hao,32,2202
2024-06-07,Indonesia Open 2024,Quarter final,MS,SHI Yu Qi,2,2567,Toma Junior POPOV,23,2125
2024-06-07,Indonesia Open 2024,Quarter final,XD,ZHENG Si Wei / HUANG Ya Qiong,1,2516,TANG Chun Man / TSE Ying Suet,7,2170
2024-06-07,Indonesia Open 2024,Quarter final,XD,TAN Kian Meng / LAI Pei Jing,21,1989,KIM Won Ho / JEONG Na Eun,8,2199
2024-06-07,Indonesia Open 2024,Quarter final,XD,JIANG Zhen Bang / WEI Ya Xin,5,2241,FENG Yan Zhe / HUANG Dong Ping,2,2379
2024-06-07,Indonesia Open 2024,Quarter final,XD,Dechapol PUAVARANUKROH / Sapsiree TAERATTANACHAI,6,2166,Dejan FERDINANSYAH / Gloria Emanuelle WIDJAJA,18,2080
2024-06-07,Indonesia Open 2024,Quarter final,WS,CHEN Yu Fei,2,2563,SUNG Shuo Yun,31,1925
2024-06-07,Indonesia Open 2024,Quarter final,WS,Carolina MARIN,3,2513,HAN Yue,7,2314
2024-06-08,Indonesia Open 2024,Semi final,MD,MAN Wei Chong / TEE Kai Wun,20,2045,Sabar Karyaman GUTAMA / Moh Reza Pahlevi ISFAHANI,29,2013
2024-06-08,Indonesia Open 2024,Semi final,MS,Anders ANTONSEN,5,2364,Kunlavut VITIDSARN,8,2339
2024-06-08,Indonesia Open 2024,Semi final,MD,LIANG Wei Keng / WANG Chang,2,2256,Kim ASTRUP / Anders Skaarup RASMUSSEN,4,2229
2024-06-08,Indonesia Open 2024,Semi final,MS,SHI Yu Qi,2,2571,LI Shi Feng,4,2312
2024-06-08,Indonesia Open 2024,Semi final,WD,BAEK Ha Na / LEE So Hee,2,2386,LIU Sheng Shu / TAN Ning,4,2306
2024-06-08,Indonesia Open 2024,Semi final,WD,CHEN Qi Ming / JIA Yi Fan,1,2458,Mayu MATSUMOTO / Wakana NAGAHARA,7,2208
2024-06-08,Indonesia Open 2024,Semi final,WS,CHEN Yu Fei,2,2564,Carolina MARIN,3,2526
2024-06-08,Indonesia Open 2024,Semi final,XD,JIANG Zhen Bang / WEI Ya Xin,5,2277,TAN Kian Meng / LAI Pei Jing,21,2032
2024-06-08,Indonesia Open 2024,Semi final,WS,AN Se Young,1,2695,WANG Zhi Yi,6,2470
2024-06-08,Indonesia Open 2024,Semi final,XD,ZHENG Si Wei / HUANG Ya Qiong,1,2522,Dechapol PUAVARANUKROH / Sapsiree TAERATTANACHAI,6,2187
2024-06-09,Indonesia Open 2024,Final,MD,LIANG Wei Keng / WANG Chang,2,2281,MAN Wei Chong / TEE Kai Wun,20,2070
2024-06-09,Indonesia Open 2024,Final,MS,SHI Yu Qi,2,2581,Anders ANTONSEN,5,2389
2024-06-09,Indonesia Open 2024,Final,WS,CHEN Yu Fei,2,2588,AN Se Young,1,2706
2024-06-09,Indonesia Open 2024,Final,WD,BAEK Ha Na / LEE So Hee,2,2407,CHEN Qi Ming / JIA Yi Fan,1,2469
2024-06-09,Indonesia Open 2024,Final,XD,JIANG Zhen Bang / WEI Ya Xin,5,2287,ZHENG Si Wei / HUANG Ya Qiong,1,2529
2024-09-17,China Open 2024,Round 1,MD,Muhammad Shohibul FIKRI / Daniel MARTHIN,88,1997,CHIU Hsiang Chieh / WANG Chang,92,1962
2024-09-17,China Open 2024,Round 1,MS,LEE Chia Hao,22,2158,LU Guang Zu,16,2236
2024-09-17,China Open 2024,Round 1,WS,Aya OHORI,9,2256,Ratchanok INTANON,20,2111
2024-09-17,China Open 2024,Round 1,MD,Rasmus KJÆR / Frederik SØGAARD,14,1879,LIN Bing Wei / SU Ching Heng,31,1748
2024-09-17,China Open 2024,Round 1,WS,WANG Zhi Yi,5,2442,Mia BLICHFELDT,33,2029
2024-09-17,China Open 2024,Round 1,WD,SUNG Shuo Yun / YU Chien Hui,37,1702,Julie FINNE-IPSEN / Mai SURROW,48,1624
2024-09-17,China Open 2024,Round 1,WD,Polina BUHROVA / Yevheniia KANTEMYR,43,1499,Jacqueline FUNAOKA / Catherine CHOI,169,1581
2024-09-17,China Open 2024,Round 1,MD,LIANG Wei Keng / WANG Chang,1,2306,Christo POPOV / Toma Junior POPOV,33,1727
2024-09-17,China Open 2024,Round 1,MS,Anthony Sinisuka GINTING,10,2207,Chico Aura DWI WARDOYO,32,1987
2024-09-17,China Open 2024,Round 1,MS,SHI Yu Qi,1,2468,Kantaphon WANGCHAROEN,37,1938
2024-09-17,China Open 2024,Round 1,WS,Line Højmark KJAERSFELDT,18,2057,LIANG Ting Yu,57,1783
2024-09-17,China Open 2024,Round 1,XD,Mads VESTERGAARD / Christine BUSCH,24,1801,GUO Xin Wa / CHEN Fang Hui,37,2016
2024-09-17,China Open 2024,Round 1,MS,Koki WATANABE,15,2137,LEE Zii Jia,3,2373
2024-09-17,China Open 2024,Round 1,MS,Kodai NARAOKA,6,2215,Takuma OBAYASHI,33,2015
2024-09-17,China Open 2024,Round 1,MS,Kunlavut VITIDSARN,7,2390,SU Li Yang,35,2013
2024-09-17,China Open 2024,Round 1,WD,LEE Yu Lim / SHIN Seung Chan,20,1980,Ornnicha JONGSATHAPORNPARN / Sukitta SUWACHAI,88,1572
2024-09-17,China Open 2024,Round 1,WS,Pornpawee CHOCHUWONG,16,2250,KIM Ga Eun,13,2214
2024-09-17,China Open 2024,Round 1,MD,Junaidi ARIFFIN / YAP Roy King,41,1887,CHEN Zhi Xian / Presley SHIN Jian Da,46,1714
2024-09-17,China Open 2024,Round 1,XD,GOH Soon Huat / LAI Shevon Jemie,12,2019,HEE Yong KWON / TAN Wei Qiang,15,1765
2024-09-17,China Open 2024,Round 1,MS,Brian YANG,24,1959,Priyanshu RAJAWAT,36,2038
2024-09-17,China Open 2024,Round 1,MD,MAN Wei Chong / TEE Kai Wun,13,2018,XIE Hao Nan / ZENG Wei Han,44,1781
2024-09-17,China Open 2024,Round 1,MD,GOH Sze Fei / Nur IZZUDDIN,12,2100,CHEN Bo Yang / LIU Yi,21,1925
2024-09-17,China Open 2024,Round 1,MD,Ben LANE / Sean VENDY,15,1960,LOW Hang Yee / NG Eng Cheong,57,1618
2024-09-17,China Open 2024,Round 1,WD,LI Wen Mei / ZHANG Shu Xian,80,1937,CHANG Tak Ching / YANG Ching Tun,29,1752
2024-09-17,China Open 2024,Round 1,MS,WANG Tzu Wei,23,2021,Christo POPOV,26,2014
2024-09-17,China Open 2024,Round 1,XD,CHENG Chi Ya / ZHANG Chi,22,2071,Oleksii TIUNOV / Yevheniia KANTEMYR,68,1500
2024-09-17,China Open 2024,Round 1,WS,SUNG Shuo Yun,26,1875,GOH Jin Wei,35,1920
2024-09-17,China Open 2024,Round 1,WD,LI Yi jing / LUO Xu Min,18,1951,Laksika KANLAHA / Phataimas MUENWONG,21,1893
2024-09-17,China Open 2024,Round 1,XD,Hiroki MIDORIKAWA / Natsu SAITO,20,1941,YE Hong / LEE Chia Hsin,10,2013
2024-09-17,China Open 2024,Round 1,XD,WANG Chang / HSU Yin-Hui,,1663,Pakkapon TEERARATSAKUL / Phataimas MUENWONG,26,1882
2024-09-18,China Open 2024,Round 1,WS,Tomoka MIYAZAKI,21,1996,Lalinrat CHAIWAN,100,1899
2024-09-18,China Open 2024,Round 1,MS,Toma Junior POPOV,19,2123,LEONG Jun Hao,29,2116
2024-09-18,China Open 2024,Round 1,XD,JIANG Zhen Bang / WEI Ya Xin,2,2397,CHIU Hsiang Chieh / LIN Jhih Yong,97,1654
2024-09-18,China Open 2024,Round 1,MS,Kenta NISHIMOTO,13,2106,Kiran GEORGE,40,1928
2024-09-18,China Open 2024,Round 1,MD,Daniel LUNDGAARD / Mads VESTERGAARD,29,1746,Pongsakorn THONGKHAM / Wongsathorn THONGKHAM,79,1539
2024-09-18,China Open 2024,Round 1,WS,Julie Dawall JAKOBSEN,38,1878,TAI Tzu Ying,4,2455
2024-09-18,China Open 2024,Round 1,MD,Leo Rolly CARNANDO / Bagas MAULANA,70,2054,Kenya MITSUI / Hiroki OKAMURA,19,1928
2024-09-18,China Open 2024,Round 1,WS,GAO Fang jie,34,2082,HAN Yue,6,2338
2024-09-18,China Open 2024,Round 1,MD,LEE Fang Jen / LEE Fang Chih,28,1828,Sabar Karyaman GUTAMA / Moh Reza Pahlevi ISFAHANI,17,2040
2024-09-18,China Open 2024,Round 1,MD,Andreas SONDERGAARD / Jesper TOFT,24,1887,Supak JOMKOH / Kittinupong KEDREN,16,1950
2024-09-18,China Open 2024,Round 1,WD,TENG Chun Hsun / YANG Ching Tun,110,1787,Rutaparn.. / Swetaparn DEESOM,47,1396
2024-09-18,China Open 2024,Round 1,MD,Kim ASTRUP / Anders Skaarup RASMUSSEN,2,2140,Hendra SETIAWAN / Mohammad AHSAN,22,1930
2024-09-18,China Open 2024,Round 1,XD,CHEN Tang Jie / TOH Ee Wei,9,2184,Sathish Kumar KARUNAKARAN / Aadya VARIYATH,36,1697
2024-09-18,China Open 2024,Round 1,MD,ONG Yew Sin / TEO Ee Yi,23,1859,LEE Jhe-Huei / YANG Po Hsuan,10,2025
2024-09-18,China Open 2024,Round 1,MS,Jonatan CHRISTIE,8,2327,Rasmus GEMKE,27,2104
2024-09-18,China Open 2024,Round 1,WS,Busanan ONGBAMRUNGPHAN,12,2251,Polina BUHROVA,60,1712
2024-09-18,China Open 2024,Round 1,MS,Anders ANTONSEN,5,2283,NG Ka Long Angus,21,2115
2024-09-18,China Open 2024,Round 1,WS,Kirsty GILMOUR,25,2035,Samiya Imad FAROOQUI,72,1694
2024-09-18,China Open 2024,Round 1,MS,LEI Lan Xi,28,2113,Viktor AXELSEN,2,2554
2024-09-18,China Open 2024,Round 1,MS,WENG Hong Yang,25,2114,LEE Cheuk Yiu,14,2123
2024-09-18,China Open 2024,Round 1,WS,ZHANG Yi Man,19,2123,Lauren LAM,51,1745
2024-09-18,China Open 2024,Round 1,MD,HE Ji Ting / REN Xiang Yu,7,2172,Peeratchai ROAJANAWONG / Pakkapon TEERARATSAKUL,27,1882
2024-09-18,China Open 2024,Round 1,MD,Fajar ALFIAN / Muhammad Shohibul FIKRI,6,2113,CHOI Sol Gyu / HEO Kwang Hee,161,1607
2024-09-18,China Open 2024,Round 1,MD,KANG Min Hyuk / SEO Seung Jae,3,2234,CHOONG Hon Jian / Muhammad Shohibul FIKRI,18,1898
2024-09-18,China Open 2024,Round 1,MS,CHOU Tien Chen,9,2259,LI Shi Feng,4,2246
2024-09-18,China Open 2024,Round 1,MS,LOH Kean Yew,11,2090,Yushi TANAKA,30,2026
2024-09-18,China Open 2024,Round 1,WS,CHIU Pin-Chian,41,1834,AAKARSHI KASHYAP,40,1687
2024-09-18,China Open 2024,Round 1,XD,Dejan FERDINANSYAH / Gloria Emanuelle WIDJAJA,16,1937,LEE Chun Hei / NG Tsz Yau,21,1975
2024-09-18,China Open 2024,Round 1,WS,YEO Jia Min,17,2086,ZHANG Wen Yu,48,1761
2024-09-18,China Open 2024,Round 1,WS,Malvika BANSOD,43,1762,Gregoria Mariska TUNJUNG,7,2334
2024-09-18,China Open 2024,Round 1,WS,NGUYEN Thuy Linh,28,1981,THET Htar Thuzar,54,1626
2024-09-18,China Open 2024,Round 1,WD,YEUNG .. / YEUNG Pak Hon,16,1752,HSU Yin-Hui / LIN Jhih Yong,34,1798
2024-09-18,China Open 2024,Round 1,XD,TAN Kian Meng / LAI Pei Jing,17,1992,REDDY .. / REDDY Sikki Gupta,30,1791
2024-09-18,China Open 2024,Round 1,XD,FENG Yan Zhe / HUANG Dong Ping,3,2296,LIN Bing Wei / LIN Chih-..,56,1674
2024-09-18,China Open 2024,Round 1,XD,Jesper TOFT / Amalie MAGELUND,51,1901,WU Hsuan Yi / YANG Ching Tun,52,1706
2024-09-18,China Open 2024,Round 1,WS,Akane YAMAGUCHI,8,2456,PAI Yu Po,27,1917
2024-09-18,China Open 2024,Round 1,WD,HSIEH Pei Lan / HUNG En-Tzu,73,1759,Treesa JOLLY / GAYATRI GOPICHAND,23,1955
2024-09-18,China Open 2024,Round 1,XD,HOO Pang Ron / CHENG Su Yin,32,1774,YANG Po Hsuan / HU Ling Fang,13,2000
2024-09-19,China Open 2024,Round 2,WD,LI Wen Mei / ZHANG Shu Xian,80,1952,KIM So Yeong / KONG Hee Yong,9,2112
2024-09-19,China Open 2024,Round 2,MS,Kodai NARAOKA,6,2227,LEE Chia Hao,22,2189
2024-09-19,China Open 2024,Round 2,WD,BAEK Ha Na / LEE So Hee,2,2296,Polina BUHROVA / Yevheniia KANTEMYR,43,1593
2024-09-19,China Open 2024,Round 2,MD,HE Ji Ting / REN Xiang Yu,7,2180,Daniel LUNDGAARD / Mads VESTERGAARD,29,1763
2024-09-19,China Open 2024,Round 2,WD,JEONG Na Eun / KIM Hye Rin,11,2137,HSIEH Pei Lan / HUNG En-Tzu,73,1811
2024-09-19,China Open 2024,Round 2,MD,Fajar ALFIAN / Muhammad Shohibul FIKRI,6,2116,Andreas SONDERGAARD / Jesper TOFT,24,1921
2024-09-19,China Open 2024,Round 2,WD,JIA Yi Fan / ZHENG Yu,,1997,SUNG Shuo Yun / YU Chien Hui,37,1733
2024-09-19,China Open 2024,Round 2,MS,Koki WATANABE,15,2178,WANG Tzu Wei,23,2046
2024-09-19,China Open 2024,Round 2,MS,Kunlavut VITIDSARN,7,2396,Brian YANG,24,1992
2024-09-19,China Open 2024,Round 2,WS,Pornpawee CHOCHUWONG,16,2273,Line Højmark KJAERSFELDT,18,2066
2024-09-19,China Open 2024,Round 2,WD,TENG Chun Hsun / YANG Ching Tun,110,1793,Nami MATSUYAMA / Chiharu SHIDA,4,2180
2024-09-19,China Open 2024,Round 2,MD,Kim ASTRUP / Anders Skaarup RASMUSSEN,2,2152,Leo Rolly CARNANDO / Bagas MAULANA,70,2071
2024-09-19,China Open 2024,Round 2,MD,ONG Yew Sin / TEO Ee Yi,23,1902,LEE Fang Jen / LEE Fang Chih,28,1876
2024-09-19,China Open 2024,Round 2,MS,Anders ANTONSEN,5,2297,LOH Kean Yew,11,2111
2024-09-19,China Open 2024,Round 2,WS,Aya OHORI,9,2271,NGUYEN Thuy Linh,28,1987
2024-09-19,China Open 2024,Round 2,MD,Rasmus KJÆR / Frederik SØGAARD,14,1898,Ben LANE / Sean VENDY,15,1967
2024-09-19,China Open 2024,Round 2,MS,Jonatan CHRISTIE,8,2338,Toma Junior POPOV,19,2149
2024-09-19,China Open 2024,Round 2,MS,LEI Lan Xi,28,2161,Kenta NISHIMOTO,13,2119
2024-09-19,China Open 2024,Round 2,XD,GOH Soon Huat / LAI Shevon Jemie,12,2029,Supak JOMKOH / Supissara PACHARAMONGKOL,23,1942
2024-09-19,China Open 2024,Round 2,MD,GOH Sze Fei / Nur IZZUDDIN,12,2114,Junaidi ARIFFIN / YAP Roy King,41,1902
2024-09-19,China Open 2024,Round 2,MD,Muhammad Shohibul FIKRI / Daniel MARTHIN,88,2021,LIANG Wei Keng / WANG Chang,1,2308
2024-09-19,China Open 2024,Round 2,WD,LEE Yu Lim / SHIN Seung Chan,20,1984,Rin IWANAGA / Kie NAKANISHI,6,2173
2024-09-19,China Open 2024,Round 2,MS,Anthony Sinisuka GINTING,10,2218,SHI Yu Qi,1,2471
2024-09-19,China Open 2024,Round 2,XD,Hiroki MIDORIKAWA / Natsu SAITO,20,1941,TANG Chun Man / TSE Ying Suet,8,2174
2024-09-19,China Open 2024,Round 2,MS,WENG Hong Yang,25,2140,CHOU Tien Chen,9,2283
2024-09-19,China Open 2024,Round 2,WD,LIU Sheng Shu / TAN Ning,3,2365,YEUNG .. / YEUNG Pak Hon,16,1792
2024-09-19,China Open 2024,Round 2,WS,Tomoka MIYAZAKI,21,2015,Julie Dawall JAKOBSEN,38,1934
2024-09-19,China Open 2024,Round 2,XD,FENG Yan Zhe / HUANG Dong Ping,3,2297,WANG Chang / HSU Yin-Hui,,1663
2024-09-19,China Open 2024,Round 2,MD,MAN Wei Chong / TEE Kai Wun,13,2029,KANG Min Hyuk / SEO Seung Jae,3,2240
2024-09-19,China Open 2024,Round 2,WS,Malvika BANSOD,43,1829,Kirsty GILMOUR,25,2041
2024-09-19,China Open 2024,Round 2,WD,LI Yi jing / LUO Xu Min,18,1951,Pearly TAN / THINAAH Muralitharan,8,2226
2024-09-19,China Open 2024,Round 2,XD,CHENG Chi Ya / ZHANG Chi,22,2073,Mads VESTERGAARD / Christine BUSCH,24,1851
2024-09-19,China Open 2024,Round 2,WS,WANG Zhi Yi,5,2446,ZHANG Yi Man,19,2129
2024-09-19,China Open 2024,Round 2,WS,GAO Fang jie,34,2124,SUNG Shuo Yun,26,1908
2024-09-19,China Open 2024,Round 2,WS,YEO Jia Min,17,2093,Busanan ONGBAMRUNGPHAN,12,2254
2024-09-19,China Open 2024,Round 2,XD,Jesper TOFT / Amalie MAGELUND,51,1915,TAN Kian Meng / LAI Pei Jing,17,2005
2024-09-19,China Open 2024,Round 2,XD,Dejan FERDINANSYAH / Gloria Emanuelle WIDJAJA,16,1949,CHEN Tang Jie / TOH Ee Wei,9,2187
2024-09-19,China Open 2024,Round 2,WS,Akane YAMAGUCHI,8,2459,CHIU Pin-Chian,41,1852
2024-09-19,China Open 2024,Round 2,XD,HOO Pang Ron / CHENG Su Yin,32,1827,YAP Roy King / Valeree SIETSEMA,54,1749
2024-09-20,China Open 2024,Quarter final,MS,Kunlavut VITIDSARN,7,2400,Anthony Sinisuka GINTING,10,2260
2024-09-20,China Open 2024,Quarter final,MD,HE Ji Ting / REN Xiang Yu,7,2184,Kim ASTRUP / Anders Skaarup RASMUSSEN,2,2172
2024-09-20,China Open 2024,Quarter final,MS,Kodai NARAOKA,6,2249,Koki WATANABE,15,2194
2024-09-20,China Open 2024,Quarter final,WD,JIA Yi Fan / ZHENG Yu,,2007,LEE Yu Lim / SHIN Seung Chan,20,2024
2024-09-20,China Open 2024,Quarter final,MS,WENG Hong Yang,25,2176,Anders ANTONSEN,5,2310
2024-09-20,China Open 2024,Quarter final,WD,LI Yi jing / LUO Xu Min,18,1996,LIU Sheng Shu / TAN Ning,3,2367
2024-09-20,China Open 2024,Quarter final,WD,LI Wen Mei / ZHANG Shu Xian,80,1990,BAEK Ha Na / LEE So Hee,2,2297
2024-09-20,China Open 2024,Quarter final,MD,ONG Yew Sin / TEO Ee Yi,23,1928,Fajar ALFIAN / Muhammad Shohibul FIKRI,6,2129
2024-09-20,China Open 2024,Quarter final,WS,WANG Zhi Yi,5,2453,GAO Fang jie,34,2135
2024-09-20,China Open 2024,Quarter final,WD,JEONG Na Eun / KIM Hye Rin,11,2143,TENG Chun Hsun / YANG Ching Tun,110,1852
2024-09-20,China Open 2024,Quarter final,MS,Jonatan CHRISTIE,8,2351,LEI Lan Xi,28,2183
2024-09-20,China Open 2024,Quarter final,WS,Aya OHORI,9,2280,Pornpawee CHOCHUWONG,16,2284
2024-09-20,China Open 2024,Quarter final,WS,Akane YAMAGUCHI,8,2460,Malvika BANSOD,43,1876
2024-09-20,China Open 2024,Quarter final,MD,Muhammad Shohibul FIKRI / Daniel MARTHIN,88,2065,Rasmus KJÆR / Frederik SØGAARD,14,1932
2024-09-20,China Open 2024,Quarter final,XD,GOH Soon Huat / LAI Shevon Jemie,12,2049,JIANG Zhen Bang / WEI Ya Xin,2,2398
2024-09-20,China Open 2024,Quarter final,MD,GOH Sze Fei / Nur IZZUDDIN,12,2126,MAN Wei Chong / TEE Kai Wun,13,2070
2024-09-20,China Open 2024,Quarter final,WS,Tomoka MIYAZAKI,21,2035,YEO Jia Min,17,2130
2024-09-20,China Open 2024,Quarter final,XD,FENG Yan Zhe / HUANG Dong Ping,3,2299,Jesper TOFT / Amalie MAGELUND,51,1950
2024-09-20,China Open 2024,Quarter final,XD,CHENG Chi Ya / ZHANG Chi,22,2084,Hiroki MIDORIKAWA / Natsu SAITO,20,1985
2024-09-20,China Open 2024,Quarter final,XD,Dejan FERDINANSYAH / Gloria Emanuelle WIDJAJA,16,1992,HOO Pang Ron / CHENG Su Yin,32,1851
2024-09-21,China Open 2024,Semi final,MS,Kodai NARAOKA,6,2272,Kunlavut VITIDSARN,7,2416
2024-09-21,China Open 2024,Semi final,MD,HE Ji Ting / REN Xiang Yu,7,2210,ONG Yew Sin / TEO Ee Yi,23,1972
2024-09-21,China Open 2024,Semi final,MS,WENG Hong Yang,25,2212,Jonatan CHRISTIE,8,2365
2024-09-21,China Open 2024,Semi final,MD,GOH Sze Fei / Nur IZZUDDIN,12,2148,Muhammad Shohibul FIKRI / Daniel MARTHIN,88,2082
2024-09-21,China Open 2024,Semi final,WD,LI Wen Mei / ZHANG Shu Xian,80,2038,JIA Yi Fan / ZHENG Yu,,2036
2024-09-21,China Open 2024,Semi final,WD,LI Yi jing / LUO Xu Min,18,2046,JEONG Na Eun / KIM Hye Rin,11,2152
2024-09-21,China Open 2024,Semi final,WS,WANG Zhi Yi,5,2460,Aya OHORI,9,2306
2024-09-21,China Open 2024,Semi final,XD,FENG Yan Zhe / HUANG Dong Ping,3,2305,Dejan FERDINANSYAH / Gloria Emanuelle WIDJAJA,16,2009
2024-09-21,China Open 2024,Semi final,WS,Tomoka MIYAZAKI,21,2070,Akane YAMAGUCHI,8,2462
2024-09-21,China Open 2024,Semi final,XD,GOH Soon Huat / LAI Shevon Jemie,12,2097,CHENG Chi Ya / ZHANG Chi,22,2103
2024-09-22,China Open 2024,Final,MD,GOH Sze Fei / Nur IZZUDDIN,12,2170,HE Ji Ting / REN Xiang Yu,7,2221
2024-09-22,China Open 2024,Final,MS,WENG Hong Yang,25,2250,Kodai NARAOKA,6,2309
2024-09-22,China Open 2024,Final,WS,WANG Zhi Yi,5,2476,Tomoka MIYAZAKI,21,2120
2024-09-22,China Open 2024,Final,XD,FENG Yan Zhe / HUANG Dong Ping,3,2313,GOH Soon Huat / LAI Shevon Jemie,12,2125
2024-09-22,China Open 2024,Final,WD,LI Yi jing / LUO Xu Min,18,2082,LI Wen Mei / ZHANG Shu Xian,80,2066
2024-12-11,BWF World Tour Finals 2024,Group A,MD,Kim ASTRUP / Anders Skaarup RASMUSSEN,3,2177,GOH Sze Fei / Nur IZZUDDIN,7,2173
2024-12-11,BWF World Tour Finals 2024,Group A,MD,LEE Yang / WANG Chang,13,2206,LEE Jhe-Huei / YANG Po Hsuan,10,1924
2024-12-11,BWF World Tour Finals 2024,Group A,MS,Anders ANTONSEN,2,2437,LI Shi Feng,6,2282
2024-12-11,BWF World Tour Finals 2024,Group B,MD,Fajar ALFIAN / Muhammad Shohibul FIKRI,4,2147,Sabar Karyaman GUTAMA / Moh Reza Pahlevi ISFAHANI,11,2071
2024-12-11,BWF World Tour Finals 2024,Group B,WD,CHEN Qi Ming / JIA Yi Fan,3,2467,Rin IWANAGA / Kie NAKANISHI,5,2164
2024-12-11,BWF World Tour Finals 2024,Group B,MD,Aaron CHIA / SOH Wooi Yik,5,2128,HE Ji Ting / REN Xiang Yu,6,2127
2024-12-11,BWF World Tour Finals 2024,Group A,WS,WANG Zhi Yi,2,2432,Busanan ONGBAMRUNGPHAN,12,2126
2024-12-11,BWF World Tour Finals 2024,Group A,MS,LEE Zii Jia,8,2270,CHOU Tien Chen,9,2244
2024-12-11,BWF World Tour Finals 2024,Group B,WD,BAEK Ha Na / LEE So Hee,2,2234,Febriana Dwipuji KUSUMA / Amallia Cahaya PRATIWI,10,1972
2024-12-11,BWF World Tour Finals 2024,Group A,XD,JIANG Zhen Bang / WEI Ya Xin,2,2308,ZHENG Si Wei / HUANG Ya Qiong,3,2509
2024-12-11,BWF World Tour Finals 2024,Group A,WS,Aya OHORI,9,2177,Gregoria Mariska TUNJUNG,6,2314
2024-12-11,BWF World Tour Finals 2024,Group B,MS,Kunlavut VITIDSARN,5,2349,Kodai NARAOKA,7,2237
2024-12-11,BWF World Tour Finals 2024,Group B,MS,SHI Yu Qi,1,2427,Jonatan CHRISTIE,4,2366
2024-12-11,BWF World Tour Finals 2024,Group A,WD,Nami MATSUYAMA / Chiharu SHIDA,4,2177,Pearly TAN / THINAAH Muralitharan,6,2140
2024-12-11,BWF World Tour Finals 2024,Group B,WS,HAN Yue,8,2264,Akane YAMAGUCHI,4,2380
2024-12-11,BWF World Tour Finals 2024,Group A,XD,TANG Chun Man / TSE Ying Suet,6,2116,YANG Po Hsuan / HU Ling Fang,14,1945
2024-12-11,BWF World Tour Finals 2024,Group A,WD,LIU Sheng Shu / TAN Ning,1,2397,Treesa JOLLY / GAYATRI GOPICHAND,13,1924
2024-12-11,BWF World Tour Finals 2024,Group B,WS,AN Se Young,1,2682,Supanida KATETHONG,10,2214
2024-12-11,BWF World Tour Finals 2024,Group B,XD,CHEN Tang Jie / TOH Ee Wei,8,2153,GOH Soon Huat / LAI Shevon Jemie,10,2052
2024-12-11,BWF World Tour Finals 2024,Group B,XD,Dejan FERDINANSYAH / Gloria Emanuelle WIDJAJA,13,1993,Hiroki MIDORIKAWA / Natsu SAITO,21,1989
2024-12-12,BWF World Tour Finals 2024,Group B,MD,Aaron CHIA / SOH Wooi Yik,5,2154,Fajar ALFIAN / Muhammad Shohibul FIKRI,4,2167
2024-12-12,BWF World Tour Finals 2024,Group A,MS,LEE Zii Jia,8,2294,Anders ANTONSEN,2,2451
2024-12-12,BWF World Tour Finals 2024,Group A,MD,GOH Sze Fei / Nur IZZUDDIN,7,2148,LEE Jhe-Huei / YANG Po Hsuan,10,1915
2024-12-12,BWF World Tour Finals 2024,Group A,MS,LI Shi Feng,6,2267,CHOU Tien Chen,9,2220
2024-12-12,BWF World Tour Finals 2024,Group B,MD,Sabar Karyaman GUTAMA / Moh Reza Pahlevi ISFAHANI,11,2051,HE Ji Ting / REN Xiang Yu,6,2102
2024-12-12,BWF World Tour Finals 2024,Group A,MD,Kim ASTRUP / Anders Skaarup RASMUSSEN,3,2202,LEE Yang / WANG Chang,13,2214
2024-12-12,BWF World Tour Finals 2024,Group A,WS,Gregoria Mariska TUNJUNG,6,2280,Busanan ONGBAMRUNGPHAN,12,2118
2024-12-12,BWF World Tour Finals 2024,Group B,WS,HAN Yue,8,2297,Supanida KATETHONG,10,2211
2024-12-12,BWF World Tour Finals 2024,Group B,WD,Febriana Dwipuji KUSUMA / Amallia Cahaya PRATIWI,10,1962,Rin IWANAGA / Kie NAKANISHI,5,2157
2024-12-12,BWF World Tour Finals 2024,Group B,WD,CHEN Qi Ming / JIA Yi Fan,3,2474,BAEK Ha Na / LEE So Hee,2,2244
2024-12-12,BWF World Tour Finals 2024,Group B,MS,Jonatan CHRISTIE,4,2345,Kodai NARAOKA,7,2219
2024-12-12,BWF World Tour Finals 2024,Group B,WS,Akane YAMAGUCHI,4,2346,AN Se Young,1,2685
2024-12-12,BWF World Tour Finals 2024,Group A,WS,Aya OHORI,9,2212,WANG Zhi Yi,2,2440
2024-12-12,BWF World Tour Finals 2024,Group B,MS,SHI Yu Qi,1,2448,Kunlavut VITIDSARN,5,2366
2024-12-12,BWF World Tour Finals 2024,Group A,XD,ZHENG Si Wei / HUANG Ya Qiong,3,2471,TANG Chun Man / TSE Ying Suet,6,2130
2024-12-12,BWF World Tour Finals 2024,Group A,WD,Treesa JOLLY / GAYATRI GOPICHAND,13,1921,Pearly TAN / THINAAH Muralitharan,6,2117
2024-12-12,BWF World Tour Finals 2024,Group A,WD,LIU Sheng Shu / TAN Ning,1,2400,Nami MATSUYAMA / Chiharu SHIDA,4,2200
2024-12-12,BWF World Tour Finals 2024,Group A,XD,JIANG Zhen Bang / WEI Ya Xin,2,2346,YANG Po Hsuan / HU Ling Fang,14,1930
2024-12-12,BWF World Tour Finals 2024,Group B,XD,GOH Soon Huat / LAI Shevon Jemie,10,2034,Hiroki MIDORIKAWA / Natsu SAITO,21,1962
2024-12-12,BWF World Tour Finals 2024,Group B,XD,CHEN Tang Jie / TOH Ee Wei,8,2172,Dejan FERDINANSYAH / Gloria Emanuelle WIDJAJA,13,2019
2024-12-13,BWF World Tour Finals 2024,Group A,MS,CHOU Tien Chen,9,2198,Anders ANTONSEN,2,2415
2024-12-13,BWF World Tour Finals 2024,Group B,MD,Sabar Karyaman GUTAMA / Moh Reza Pahlevi ISFAHANI,11,2081,Aaron CHIA / SOH Wooi Yik,5,2180
2024-12-13,BWF World Tour Finals 2024,Group A,MD,LEE Jhe-Huei / YANG Po Hsuan,10,1903,Kim ASTRUP / Anders Skaarup RASMUSSEN,3,2229
2024-12-13,BWF World Tour Finals 2024,Group B,MS,Jonatan CHRISTIE,4,2362,Kunlavut VITIDSARN,5,2347
2024-12-13,BWF World Tour Finals 2024,Group B,MS,Kodai NARAOKA,7,2203,SHI Yu Qi,1,2467
2024-12-13,BWF World Tour Finals 2024,Group B,MD,Fajar ALFIAN / Muhammad Shohibul FIKRI,4,2141,HE Ji Ting / REN Xiang Yu,6,2072
2024-12-13,BWF World Tour Finals 2024,Group A,MD,GOH Sze Fei / Nur IZZUDDIN,7,2158,LEE Yang / WANG Chang,13,2188
2024-12-13,BWF World Tour Finals 2024,Group A,MS,LI Shi Feng,6,2289,LEE Zii Jia,8,2330
2024-12-13,BWF World Tour Finals 2024,Group B,WD,BAEK Ha Na / LEE So Hee,2,2233,Rin IWANAGA / Kie NAKANISHI,5,2118
2024-12-13,BWF World Tour Finals 2024,Group B,WD,CHEN Qi Ming / JIA Yi Fan,3,2485,Febriana Dwipuji KUSUMA / Amallia Cahaya PRATIWI,10,2003
2024-12-13,BWF World Tour Finals 2024,Group A,WS,WANG Zhi Yi,2,2400,Gregoria Mariska TUNJUNG,6,2294
2024-12-13,BWF World Tour Finals 2024,Group B,WS,Akane YAMAGUCHI,4,2390,Supanida KATETHONG,10,2192
2024-12-13,BWF World Tour Finals 2024,Group A,WD,Nami MATSUYAMA / Chiharu SHIDA,4,2188,Treesa JOLLY / GAYATRI GOPICHAND,13,1963
2024-12-13,BWF World Tour Finals 2024,Group A,WD,LIU Sheng Shu / TAN Ning,1,2412,Pearly TAN / THINAAH Muralitharan,6,2079
2024-12-13,BWF World Tour Finals 2024,Group A,WS,Aya OHORI,9,2252,Busanan ONGBAMRUNGPHAN,12,2104
2024-12-13,BWF World Tour Finals 2024,Group B,WS,AN Se Young,1,2641,HAN Yue,8,2316
2024-12-13,BWF World Tour Finals 2024,Group A,XD,ZHENG Si Wei / HUANG Ya Qiong,3,2477,YANG Po Hsuan / HU Ling Fang,14,1925
2024-12-13,BWF World Tour Finals 2024,Group A,XD,JIANG Zhen Bang / WEI Ya Xin,2,2351,TANG Chun Man / TSE Ying Suet,6,2123
2024-12-13,BWF World Tour Finals 2024,Group B,XD,CHEN Tang Jie / TOH Ee Wei,8,2187,Hiroki MIDORIKAWA / Natsu SAITO,21,1941
2024-12-13,BWF World Tour Finals 2024,Group B,XD,GOH Soon Huat / LAI Shevon Jemie,10,2055,Dejan FERDINANSYAH / Gloria Emanuelle WIDJAJA,13,2004
2024-12-14,BWF World Tour Finals 2024,Semi final,MS,Anders ANTONSEN,2,2376,Jonatan CHRISTIE,4,2386
2024-12-14,BWF World Tour Finals 2024,Semi final,MD,Kim ASTRUP / Anders Skaarup RASMUSSEN,3,2185,Sabar Karyaman GUTAMA / Moh Reza Pahlevi ISFAHANI,11,2114
2024-12-14,BWF World Tour Finals 2024,Semi final,MS,SHI Yu Qi,1,2426,CHOU Tien Chen,9,2238
2024-12-14,BWF World Tour Finals 2024,Semi final,MD,GOH Sze Fei / Nur IZZUDDIN,7,2186,Fajar ALFIAN / Muhammad Shohibul FIKRI,4,2141
2024-12-14,BWF World Tour Finals 2024,Semi final,WD,Nami MATSUYAMA / Chiharu SHIDA,4,2199,CHEN Qi Ming / JIA Yi Fan,3,2488
2024-12-14,BWF World Tour Finals 2024,Semi final,WD,BAEK Ha Na / LEE So Hee,2,2250,LIU Sheng Shu / TAN Ning,1,2419
2024-12-14,BWF World Tour Finals 2024,Semi final,WS,WANG Zhi Yi,2,2418,AN Se Young,1,2648
2024-12-14,BWF World Tour Finals 2024,Semi final,XD,ZHENG Si Wei / HUANG Ya Qiong,3,2479,JIANG Zhen Bang / WEI Ya Xin,2,2361
2024-12-14,BWF World Tour Finals 2024,Semi final,WS,HAN Yue,8,2310,Aya OHORI,9,2267
2024-12-14,BWF World Tour Finals 2024,Semi final,XD,CHEN Tang Jie / TOH Ee Wei,8,2197,GOH Soon Huat / LAI Shevon Jemie,10,2077
2024-12-15,BWF World Tour Finals 2024,Final,MS,SHI Yu Qi,1,2439,Anders ANTONSEN,2,2404
2024-12-15,BWF World Tour Finals 2024,Final,MD,Kim ASTRUP / Anders Skaarup RASMUSSEN,3,2206,GOH Sze Fei / Nur IZZUDDIN,7,2209
2024-12-15,BWF World Tour Finals 2024,Final,WD,BAEK Ha Na / LEE So Hee,2,2289,Nami MATSUYAMA / Chiharu SHIDA,4,2244
2024-12-15,BWF World Tour Finals 2024,Final,XD,ZHENG Si Wei / HUANG Ya Qiong,3,2497,CHEN Tang Jie / TOH Ee Wei,8,2215
2024-12-15,BWF World Tour Finals 2024,Final,WS,WANG Zhi Yi,2,2460,HAN Yue,8,2333
2025-01-07,Malaysia_Open_2025,Round 1,MS,CHI Yu Jen,32,2032,Lakshya SEN,12,2251
2025-01-07,Malaysia_Open_2025,Round 1,WS,Putri Kusuma WARDANI,17,2121,Gregoria Mariska TUNJUNG,6,2276
2025-01-07,Malaysia_Open_2025,Round 1,MD,MAN Wei Chong / TEE Kai Wun,14,1996,Kenya MITSUI / Hiroki OKAMURA,19,1903
2025-01-07,Malaysia_Open_2025,Round 1,WD,Vivian HO / LIM Chiew Sien,43,1538,CHENG Chi Ya / SUN Yu H..,62,1414
2025-01-07,Malaysia_Open_2025,Round 1,XD,CHEN Tang Jie / TOH Ee Wei,5,2206,WU Hsuan Yi / YANG Ching Tun,40,1639
2025-01-07,Malaysia_Open_2025,Round 1,WD,Lanny Tria MAYASARI / Siti Fadia Silva RAMADHANTI,80,1838,Pearly TAN / THINAAH Muralitharan,6,2072
2025-01-07,Malaysia_Open_2025,Round 1,MS,LEE Cheuk Yiu,21,2093,Viktor AXELSEN,4,2462
2025-01-07,Malaysia_Open_2025,Round 1,WS,Ratchanok INTANON,16,2167,LO Sin Yan Happy,50,1762
2025-01-07,Malaysia_Open_2025,Round 1,XD,YANG Po Hsuan / HU Ling Fang,10,1923,TANG Chun Man / NG Tsz Yau,,1500
2025-01-07,Malaysia_Open_2025,Round 1,WD,HSIEH Pei Lan / HUNG En-Tzu,25,1867,Febriana Dwipuji KUSUMA / Amallia Cahaya PRATIWI,9,1999
2025-01-07,Malaysia_Open_2025,Round 1,MD,Daniel LUNDGAARD / Mads VESTERGAARD,26,1831,GOH Sze Fei / Nur IZZUDDIN,3,2182
2025-01-07,Malaysia_Open_2025,Round 1,MD,CHEN Bo Yang / LIU Yi,18,1950,Peeratchai ROAJANAWONG / Pakkapon TEERARATSAKUL,30,1835
2025-01-07,Malaysia_Open_2025,Round 1,MD,CHIU Hsiang Chieh / WANG Chang,35,1963,Kim ASTRUP / Anders Skaarup RASMUSSEN,1,2234
2025-01-07,Malaysia_Open_2025,Round 1,WD,CHANG Tak Ching / YANG Ching Tun,23,1738,Polina BUHROVA / Yevheniia KANTEMYR,24,1706
2025-01-07,Malaysia_Open_2025,Round 1,WD,JIA Yi Fan / ZHANG Shu Xian,129,1987,GO Pei Kee / TEOH Mei Xing,73,1735
2025-01-07,Malaysia_Open_2025,Round 1,MD,Christo POPOV / Toma Junior POPOV,29,1753,Christoph WEGNER / Matthew NOTTINGHAM,42,1757
2025-01-07,Malaysia_Open_2025,Round 1,WS,AN Se Young,1,2605,Line CHRISTOPHERSEN,35,1877
2025-01-07,Malaysia_Open_2025,Round 1,MS,LU Guang Zu,16,2223,LEONG Jun Hao,29,2137
2025-01-07,Malaysia_Open_2025,Round 1,XD,FENG Yan Zhe / HUANG Dong Ping,1,2442,Gregory MAIRS / Jenny MAINZER,41,1687
2025-01-07,Malaysia_Open_2025,Round 1,WD,LIU Sheng Shu / TAN Ning,1,2380,Julie FINNE-IPSEN / Mai SURROW,48,1702
2025-01-07,Malaysia_Open_2025,Round 1,XD,Hiroki MIDORIKAWA / Natsu SAITO,14,1930,TAN Kian Meng / LAI Pei Jing,19,1930
2025-01-07,Malaysia_Open_2025,Round 1,XD,Alexander DUNN / Julie MACPHERSON,50,1712,HEE Yong KWON / JIN Yu Jia,126,1722
2025-01-07,Malaysia_Open_2025,Round 1,WS,Mia BLICHFELDT,27,2071,Tomoka MIYAZAKI,11,2140
2025-01-07,Malaysia_Open_2025,Round 1,WS,NGUYEN Thuy Linh,34,1955,Natsuki NIDAIRA,22,2009
2025-01-07,Malaysia_Open_2025,Round 1,MS,Yushi TANAKA,27,2008,LEI Lan Xi,22,2166
2025-01-07,Malaysia_Open_2025,Round 1,WD,Treesa JOLLY / GAYATRI GOPICHAND,11,1951,Ornnicha JONGSATHAPORNPARN / Sukitta SUWACHAI,42,1647
2025-01-07,Malaysia_Open_2025,Round 1,MD,Ben LANE / Sean VENDY,13,1994,HE Ji Ting / REN Xiang Yu,7,2071
2025-01-07,Malaysia_Open_2025,Round 1,XD,LU Ming Yang / HUNG En-Tzu,51,1690,HOO Pang Ron / CHENG Su Yin,20,2048
2025-01-07,Malaysia_Open_2025,Round 1,WD,HSU Yin-Hui / LIN Jhih Yong,26,1795,TENG Chun Hsun / YANG Ching Tun,67,1834
2025-01-07,Malaysia_Open_2025,Round 1,XD,Callum HEMMING / Estelle VAN ZANDT,35,1744,Oleksii TIUNOV / Yevheniia KANTEMYR,56,1399
2025-01-07,Malaysia_Open_2025,Round 1,MS,SHI Yu Qi,1,2464,Kenta NISHIMOTO,15,2120
2025-01-07,Malaysia_Open_2025,Round 1,MS,CHOU Tien Chen,9,2224,SU Li Yang,33,2013
2025-01-07,Malaysia_Open_2025,Round 1,XD,Dejan FERDINANSYAH / Gloria Emanuelle WIDJAJA,8,1981,WONG Tien Ci / LIM Chiew Sien,33,1732
2025-01-07,Malaysia_Open_2025,Round 1,MD,LEE Jhe-Huei / YANG Po Hsuan,10,1952,CHIANG Chien Wei / WU Hsuan Yi,52,1772
2025-01-07,Malaysia_Open_2025,Round 1,WS,ZHANG Beiwen,15,2068,Nozomi OKUHARA,19,2138
2025-01-07,Malaysia_Open_2025,Round 1,WS,LIN Hsiang Ti,37,1939,Busanan ONGBAMRUNGPHAN,10,2088
2025-01-08,Malaysia_Open_2025,Round 1,WD,HU Ling Fang / JHENG Yu Chieh,57,1744,Setyana MAPASA / Sara THYGESEN,,1781
2025-01-08,Malaysia_Open_2025,Round 1,MD,Nur Mohd Azriyn Ayub / TAN Wee Kiong,32,1904,XIE Hao Nan / ZENG Wei Han,40,1734
2025-01-08,Malaysia_Open_2025,Round 1,WS,Julie Dawall JAKOBSEN,36,1904,AAKARSHI KASHYAP,46,1691
2025-01-08,Malaysia_Open_2025,Round 1,MD,Satwiksairaj RANKIREDDY / Chirag SHETTY,9,2191,LU Ming Yang / TANG Kai ..,43,1705
2025-01-08,Malaysia_Open_2025,Round 1,MD,LEE Fang Jen / LEE Fang Chih,27,1811,LIU Kuan Han / YANG Po Hsuan,33,1771
2025-01-08,Malaysia_Open_2025,Round 1,WD,SUNG Shuo Yun / YU Chien Hui,22,1778,ONG Xin Yee / Carmen TING,125,1597
2025-01-08,Malaysia_Open_2025,Round 1,WD,BAEK Ha Na / LEE So Hee,2,2313,Paulina CHALUPSKA / Kornelia MARCHEWKA,69,1663
2025-01-08,Malaysia_Open_2025,Round 1,WS,Pornpawee CHOCHUWONG,13,2247,Anupama UPADHYAYA,45,1796
2025-01-08,Malaysia_Open_2025,Round 1,MD,Sabar Karyaman GUTAMA / Moh Reza Pahlevi ISFAHANI,11,2092,Rasmus KJÆR / Frederik SØGAARD,15,1887
2025-01-08,Malaysia_Open_2025,Round 1,XD,Dechapol PUAVARANUKROH / Supissara PACHARAMONGKOL,57,1995,YE Hong / Nicole Gonzales CHAN,64,1875
2025-01-08,Malaysia_Open_2025,Round 1,MD,Aaron CHIA / SOH Wooi Yik,6,2148,CHEN Zhi Xian / Presley SHIN Jian Da,37,1740
2025-01-08,Malaysia_Open_2025,Round 1,XD,GUO Xin Wa / CHEN Fang Hui,12,2049,CHEN Ching Chen / HSU Yin-Hui,30,1840
2025-01-08,Malaysia_Open_2025,Round 1,MS,LIN Chun-Yi,14,2193,Rasmus GEMKE,30,2127
2025-01-08,Malaysia_Open_2025,Round 1,WD,Misaki MATSUTOMO / Chiharu SHIDA,,1800,Tanisha CRASTO / Ashwini PONNAPPA,16,1823
2025-01-08,Malaysia_Open_2025,Round 1,MD,JIN Yong / KANG Min Hyuk,,1868,CHEN Zhi Xian / LIN Yu Chieh,39,1716
2025-01-08,Malaysia_Open_2025,Round 1,XD,JIANG Zhen Bang / WEI Ya Xin,2,2343,Ruttanapon KETSAOPAR / Jhenicha SUDJAIPRAPARAT,26,1869
2025-01-08,Malaysia_Open_2025,Round 1,MD,ONG Yew Sin / TEO Ee Yi,24,1889,Fajar ALFIAN / Muhammad Shohibul FIKRI,4,2117
2025-01-08,Malaysia_Open_2025,Round 1,WS,HAN Yue,5,2315,PAI Yu Po,30,1900
2025-01-08,Malaysia_Open_2025,Round 1,WS,CHIU Pin-Chian,32,1889,Lauren LAM,41,1759
2025-01-08,Malaysia_Open_2025,Round 1,MS,Anders ANTONSEN,2,2379,WANG Tzu Wei,24,2009
2025-01-08,Malaysia_Open_2025,Round 1,MS,Kodai NARAOKA,8,2244,Christo POPOV,25,2042
2025-01-08,Malaysia_Open_2025,Round 1,WD,Yuki FUKUSHIMA / Mayu MATSUMOTO,93,1969,Julie MACPHERSON / Ciara TORRANCE,41,1701
2025-01-08,Malaysia_Open_2025,Round 1,WS,Malvika BANSOD,31,1913,GOH Jin Wei,42,1876
2025-01-08,Malaysia_Open_2025,Round 1,XD,Thom GICQUEL / Delphine DELRUE,15,2063,Mads VESTERGAARD / Christine BUSCH,28,1758
2025-01-08,Malaysia_Open_2025,Round 1,WD,LI Yi jing / LUO Xu Min,7,2112,FAN Ka Yan / YAU Mau Ying,63,1697
2025-01-08,Malaysia_Open_2025,Round 1,WS,Pornpicha CHOEIKEEWONG,44,1809,Kaoru SUGIYAMA,39,1876
2025-01-08,Malaysia_Open_2025,Round 1,WS,WANG Zhi Yi,2,2478,HSU Wen Chi,29,1942
2025-01-08,Malaysia_Open_2025,Round 1,MD,KIM Won Ho / SEO Seung Jae,,1500,Junaidi ARIFFIN / YAP Roy King,23,1873
2025-01-08,Malaysia_Open_2025,Round 1,MS,Anthony Sinisuka GINTING,10,2182,LEE Chia Hao,23,2095
2025-01-08,Malaysia_Open_2025,Round 1,MS,LI Shi Feng,7,2300,Priyanshu RAJAWAT,34,1970
2025-01-08,Malaysia_Open_2025,Round 1,WD,KIM Hye Rin / KONG Hee Yong,65,1871,YEUNG .. / YEUNG ..,15,1714
2025-01-08,Malaysia_Open_2025,Round 1,MS,Koki WATANABE,11,2242,LOH Kean Yew,13,2108
2025-01-08,Malaysia_Open_2025,Round 1,XD,Sathish Kumar KARUNAKARAN / Aadya VARIYATH,34,1699,Ashith SURYA / Amrutha PRAMUTHESH,54,1583
2025-01-08,Malaysia_Open_2025,Round 1,MD,LIANG Wei Keng / WANG Chang,2,2265,KIM Gi Jung / KIM Sa Rang,74,1860
2025-01-08,Malaysia_Open_2025,Round 1,WD,Benyapa AIMSAARD / Nuntakarn AIMSAARD,18,1957,Rutaparn.. / Swetaparn DEESOM,38,1489
2025-01-08,Malaysia_Open_2025,Round 1,WS,GAO Fang jie,18,2265,Kirsty GILMOUR,28,1940
2025-01-08,Malaysia_Open_2025,Round 1,MS,NG Ka Long Angus,17,2157,WENG Hong Yang,20,2265
2025-01-08,Malaysia_Open_2025,Round 1,MS,Kunlavut VITIDSARN,5,2323,Alex LANIER,18,2227
2025-01-08,Malaysia_Open_2025,Round 1,XD,CHENG Chi Ya / ZHANG ..,11,1991,Robin TABELING / Alexandra BOE,124,1823
2025-01-08,Malaysia_Open_2025,Round 1,XD,GOH Soon Huat / LAI Shevon Jemie,6,2058,Presley SHIN Jian Da / Jennie GAI,106,1687
2025-01-08,Malaysia_Open_2025,Round 1,MS,PRANNOY H. S.,26,2059,Brian YANG,28,1944
2025-01-08,Malaysia_Open_2025,Round 1,XD,Dhruv KAPILA / Tanisha CRASTO,69,1799,KO Sung Hyun / EOM Hye Won,102,1819
2025-01-08,Malaysia_Open_2025,Round 1,MS,Toma Junior POPOV,19,2093,Jonatan CHRISTIE,3,2358
2025-01-08,Malaysia_Open_2025,Round 1,WS,YEO Jia Min,12,2137,SUNG Shuo Yun,24,1907
2025-01-09,Malaysia_Open_2025,Round 2,WS,HAN Yue,5,2320,Malvika BANSOD,31,1938
2025-01-09,Malaysia_Open_2025,Round 2,MS,CHOU Tien Chen,9,2236,Yushi TANAKA,27,2046
2025-01-09,Malaysia_Open_2025,Round 2,MD,Satwiksairaj RANKIREDDY / Chirag SHETTY,9,2194,Nur Mohd Azriyn Ayub / TAN Wee Kiong,32,1919
2025-01-09,Malaysia_Open_2025,Round 2,WD,HSIEH Pei Lan / HUNG En-Tzu,25,1907,CHANG Tak Ching / YANG Ching Tun,23,1771
2025-01-09,Malaysia_Open_2025,Round 2,MD,Christo POPOV / Toma Junior POPOV,29,1789,Daniel LUNDGAARD / Mads VESTERGAARD,26,1885
2025-01-09,Malaysia_Open_2025,Round 2,WD,LIU Sheng Shu / TAN Ning,1,2381,Vivian HO / LIM Chiew Sien,43,1582
2025-01-09,Malaysia_Open_2025,Round 2,MD,LEE Fang Jen / LEE Fang Chih,27,1839,Aaron CHIA / SOH Wooi Yik,6,2152
2025-01-09,Malaysia_Open_2025,Round 2,WD,Misaki MATSUTOMO / Chiharu SHIDA,,1834,SUNG Shuo Yun / YU Chien Hui,22,1795
2025-01-09,Malaysia_Open_2025,Round 2,WD,Lanny Tria MAYASARI / Siti Fadia Silva RAMADHANTI,80,1886,HSU Yin-Hui / LIN Jhih Yong,26,1831
2025-01-09,Malaysia_Open_2025,Round 2,MD,MAN Wei Chong / TEE Kai Wun,14,2015,LEE Jhe-Huei / YANG Po Hsuan,10,1966
2025-01-09,Malaysia_Open_2025,Round 2,XD,GOH Soon Huat / LAI Shevon Jemie,6,2064,Sathish Kumar KARUNAKARAN / Aadya VARIYATH,34,1727
2025-01-09,Malaysia_Open_2025,Round 2,WS,Pornpicha CHOEIKEEWONG,44,1847,LIN Hsiang Ti,37,1939
2025-01-09,Malaysia_Open_2025,Round 2,MD,Ben LANE / Sean VENDY,13,2026,Sabar Karyaman GUTAMA / Moh Reza Pahlevi ISFAHANI,11,2094
2025-01-09,Malaysia_Open_2025,Round 2,WD,BAEK Ha Na / LEE So Hee,2,2314,HU Ling Fang / JHENG Yu Chieh,57,1760
2025-01-09,Malaysia_Open_2025,Round 2,MS,Anders ANTONSEN,2,2385,Koki WATANABE,11,2258
2025-01-09,Malaysia_Open_2025,Round 2,WS,ZHANG Beiwen,15,2099,Mia BLICHFELDT,27,2102
2025-01-09,Malaysia_Open_2025,Round 2,MS,SHI Yu Qi,1,2470,LU Guang Zu,16,2242
2025-01-09,Malaysia_Open_2025,Round 2,MD,ONG Yew Sin / TEO Ee Yi,24,1934,JIN Yong / KANG Min Hyuk,,1885
2025-01-09,Malaysia_Open_2025,Round 2,WS,Putri Kusuma WARDANI,17,2157,Julie Dawall JAKOBSEN,36,1917
2025-01-09,Malaysia_Open_2025,Round 2,MS,LI Shi Feng,7,2307,PRANNOY H. S.,26,2077
2025-01-09,Malaysia_Open_2025,Round 2,WS,Ratchanok INTANON,16,2172,Pornpawee CHOCHUWONG,13,2251
2025-01-09,Malaysia_Open_2025,Round 2,WD,Yuki FUKUSHIMA / Mayu MATSUMOTO,93,1978,KIM Hye Rin / KONG Hee Yong,65,1888
2025-01-09,Malaysia_Open_2025,Round 2,WS,AN Se Young,1,2606,NGUYEN Thuy Linh,34,1987
2025-01-09,Malaysia_Open_2025,Round 2,XD,CHEN Tang Jie / TOH Ee Wei,5,2207,LU Ming Yang / HUNG En-Tzu,51,1764
2025-01-09,Malaysia_Open_2025,Round 2,WD,JIA Yi Fan / ZHANG Shu Xian,129,1997,Treesa JOLLY / GAYATRI GOPICHAND,11,1959
2025-01-09,Malaysia_Open_2025,Round 2,WS,WANG Zhi Yi,2,2480,CHIU Pin-Chian,32,1907
2025-01-09,Malaysia_Open_2025,Round 2,MS,Kunlavut VITIDSARN,5,2341,Anthony Sinisuka GINTING,10,2201
2025-01-09,Malaysia_Open_2025,Round 2,MS,Kodai NARAOKA,8,2256,LIN Chun-Yi,14,2213
2025-01-09,Malaysia_Open_2025,Round 2,MS,CHI Yu Jen,32,2073,LEE Cheuk Yiu,21,2139
2025-01-09,Malaysia_Open_2025,Round 2,WD,LI Yi jing / LUO Xu Min,7,2116,Benyapa AIMSAARD / Nuntakarn AIMSAARD,18,1960
2025-01-09,Malaysia_Open_2025,Round 2,XD,YANG Po Hsuan / HU Ling Fang,10,1928,Callum HEMMING / Estelle VAN ZANDT,35,1753
2025-01-09,Malaysia_Open_2025,Round 2,XD,Thom GICQUEL / Delphine DELRUE,15,2071,GUO Xin Wa / CHEN Fang Hui,12,2061
2025-01-09,Malaysia_Open_2025,Round 2,MD,KIM Won Ho / SEO Seung Jae,,1635,LIANG Wei Keng / WANG Chang,2,2270
2025-01-09,Malaysia_Open_2025,Round 2,XD,Dechapol PUAVARANUKROH / Supissara PACHARAMONGKOL,57,2013,JIANG Zhen Bang / WEI Ya Xin,2,2346
2025-01-09,Malaysia_Open_2025,Round 2,WS,YEO Jia Min,12,2148,GAO Fang jie,18,2271
2025-01-09,Malaysia_Open_2025,Round 2,XD,FENG Yan Zhe / HUANG Dong Ping,1,2443,Alexander DUNN / Julie MACPHERSON,50,1752
2025-01-09,Malaysia_Open_2025,Round 2,MS,NG Ka Long Angus,17,2190,Toma Junior POPOV,19,2136
2025-01-09,Malaysia_Open_2025,Round 2,XD,CHENG Chi Ya / ZHANG ..,11,2006,Dhruv KAPILA / Tanisha CRASTO,69,1833
2025-01-09,Malaysia_Open_2025,Round 2,MD,CHEN Bo Yang / LIU Yi,18,1969,CHIU Hsiang Chieh / WANG Chang,35,2008
2025-01-09,Malaysia_Open_2025,Round 2,XD,Hiroki MIDORIKAWA / Natsu SAITO,14,1958,Dejan FERDINANSYAH / Gloria Emanuelle WIDJAJA,8,1991
2025-01-10,Malaysia_Open_2025,Quarter final,MS,Anders ANTONSEN,2,2401,Kunlavut VITIDSARN,5,2357
2025-01-10,Malaysia_Open_2025,Quarter final,MD,Satwiksairaj RANKIREDDY / Chirag SHETTY,9,2203,ONG Yew Sin / TEO Ee Yi,24,1957
2025-01-10,Malaysia_Open_2025,Quarter final,MS,Kodai NARAOKA,8,2279,NG Ka Long Angus,17,2211
2025-01-10,Malaysia_Open_2025,Quarter final,MD,MAN Wei Chong / TEE Kai Wun,14,2038,Christo POPOV / Toma Junior POPOV,29,1831
2025-01-10,Malaysia_Open_2025,Quarter final,MD,KIM Won Ho / SEO Seung Jae,,1731,LEE Fang Jen / LEE Fang Chih,27,1891
2025-01-10,Malaysia_Open_2025,Quarter final,XD,CHEN Tang Jie / TOH Ee Wei,5,2211,Hiroki MIDORIKAWA / Natsu SAITO,14,1987
2025-01-10,Malaysia_Open_2025,Quarter final,WD,JIA Yi Fan / ZHANG Shu Xian,129,2021,Lanny Tria MAYASARI / Siti Fadia Silva RAMADHANTI,80,1910
2025-01-10,Malaysia_Open_2025,Quarter final,WD,LIU Sheng Shu / TAN Ning,1,2381,HSIEH Pei Lan / HUNG En-Tzu,25,1925
2025-01-10,Malaysia_Open_2025,Quarter final,MS,SHI Yu Qi,1,2481,CHOU Tien Chen,9,2248
2025-01-10,Malaysia_Open_2025,Quarter final,MS,LI Shi Feng,7,2317,CHI Yu Jen,32,2104
2025-01-10,Malaysia_Open_2025,Quarter final,MD,CHEN Bo Yang / LIU Yi,18,1999,Ben LANE / Sean VENDY,13,2057
2025-01-10,Malaysia_Open_2025,Quarter final,WS,Pornpicha CHOEIKEEWONG,44,1885,HAN Yue,5,2325
2025-01-10,Malaysia_Open_2025,Quarter final,XD,FENG Yan Zhe / HUANG Dong Ping,1,2444,YANG Po Hsuan / HU Ling Fang,10,1942
2025-01-10,Malaysia_Open_2025,Quarter final,XD,GOH Soon Huat / LAI Shevon Jemie,6,2070,CHENG Chi Ya / ZHANG ..,11,2020
2025-01-10,Malaysia_Open_2025,Quarter final,WD,LI Yi jing / LUO Xu Min,7,2131,Misaki MATSUTOMO / Chiharu SHIDA,,1861
2025-01-10,Malaysia_Open_2025,Quarter final,XD,Dechapol PUAVARANUKROH / Supissara PACHARAMONGKOL,57,2059,Thom GICQUEL / Delphine DELRUE,15,2096
2025-01-10,Malaysia_Open_2025,Quarter final,WS,Ratchanok INTANON,16,2203,Putri Kusuma WARDANI,17,2167
2025-01-10,Malaysia_Open_2025,Quarter final,WS,WANG Zhi Yi,2,2482,YEO Jia Min,12,2182
2025-01-10,Malaysia_Open_2025,Quarter final,WD,Yuki FUKUSHIMA / Mayu MATSUMOTO,93,1998,BAEK Ha Na / LEE So Hee,2,2316
2025-01-10,Malaysia_Open_2025,Quarter final,WS,AN Se Young,1,2608,ZHANG Beiwen,15,2125
2025-01-11,Malaysia_Open_2025,Semi final,MS,Anders ANTONSEN,2,2424,Kodai NARAOKA,8,2300
2025-01-11,Malaysia_Open_2025,Semi final,MD,CHEN Bo Yang / LIU Yi,18,2031,MAN Wei Chong / TEE Kai Wun,14,2051
2025-01-11,Malaysia_Open_2025,Semi final,XD,FENG Yan Zhe / HUANG Dong Ping,1,2447,CHEN Tang Jie / TOH Ee Wei,5,2223
2025-01-11,Malaysia_Open_2025,Semi final,MS,SHI Yu Qi,1,2492,LI Shi Feng,7,2329
2025-01-11,Malaysia_Open_2025,Semi final,MD,KIM Won Ho / SEO Seung Jae,,1787,Satwiksairaj RANKIREDDY / Chirag SHETTY,9,2213
2025-01-11,Malaysia_Open_2025,Semi final,XD,Dechapol PUAVARANUKROH / Supissara PACHARAMONGKOL,57,2089,GOH Soon Huat / LAI Shevon Jemie,6,2094
2025-01-11,Malaysia_Open_2025,Semi final,WD,JIA Yi Fan / ZHANG Shu Xian,129,2040,LIU Sheng Shu / TAN Ning,1,2385
2025-01-11,Malaysia_Open_2025,Semi final,WS,WANG Zhi Yi,2,2490,Pornpicha CHOEIKEEWONG,44,1940
2025-01-11,Malaysia_Open_2025,Semi final,WD,Yuki FUKUSHIMA / Mayu MATSUMOTO,93,2046,LI Yi jing / LUO Xu Min,7,2140
2025-01-11,Malaysia_Open_2025,Semi final,WS,AN Se Young,1,2608,Ratchanok INTANON,16,2227
2025-01-12,Malaysia_Open_2025,Final,MD,KIM Won Ho / SEO Seung Jae,,1851,CHEN Bo Yang / LIU Yi,18,2061
2025-01-12,Malaysia_Open_2025,Final,MS,SHI Yu Qi,1,2507,Anders ANTONSEN,2,2442
2025-01-12,Malaysia_Open_2025,Final,XD,Dechapol PUAVARANUKROH / Supissara PACHARAMONGKOL,57,2117,FENG Yan Zhe / HUANG Dong Ping,1,2458
2025-01-12,Malaysia_Open_2025,Final,WS,AN Se Young,1,2614,WANG Zhi Yi,2,2492
2025-01-12,Malaysia_Open_2025,Final,WD,Yuki FUKUSHIMA / Mayu MATSUMOTO,93,2081,JIA Yi Fan / ZHANG Shu Xian,129,2089
2025-03-11,All England Open 2025,Round 1,MD,Muhammad Shohibul FIKRI / Daniel MARTHIN,16,2021,Kim ASTRUP / Anders Skaarup RASMUSSEN,1,2149
2025-03-11,All England Open 2025,Round 1,MD,LIU Kuan Han / YANG Po Hsuan,25,1704,Christo POPOV / Toma Junior POPOV,19,1895
2025-03-11,All England Open 2025,Round 1,WS,Kirsty GILMOUR,33,1885,SUNG Shuo Yun,19,1943
2025-03-11,All England Open 2025,Round 1,WD,Francesca CORBETT / Jennie GAI,,1671,Amalie Cecilie KUDSK / Signe SCHULZ,43,1693
2025-03-11,All England Open 2025,Round 1,XD,CHEN Ching Chen / HSU Yin-Hui,21,1801,TAN Kian Meng / LAI Pei Jing,16,1903
2025-03-11,All England Open 2025,Round 1,MD,Ben LANE / Sean VENDY,11,2017,ONG Yew Sin / TEO Ee Yi,31,1900
2025-03-11,All England Open 2025,Round 1,WD,HSIEH Pei Lan / HUNG En-Tzu,16,1887,Tanisha CRASTO / Ashwini PONNAPPA,19,1782
2025-03-11,All England Open 2025,Round 1,MD,Rasmus KJÆR / Frederik SØGAARD,15,1908,Aaron CHIA / SOH Wooi Yik,5,2049
2025-03-11,All England Open 2025,Round 1,MD,LEE Jhe-Huei / YANG Po Hsuan,10,1895,Kenya MITSUI / Hiroki OKAMURA,22,1874
2025-03-11,All England Open 2025,Round 1,MS,NG Ka Long Angus,19,2099,LEE Zii Jia,7,2293
2025-03-11,All England Open 2025,Round 1,WD,LI Yi jing / LUO Xu Min,6,2059,Polina BUHROVA / Yevheniia KANTEMYR,22,1643
2025-03-11,All England Open 2025,Round 1,WS,Tomoka MIYAZAKI,8,2098,Julie Dawall JAKOBSEN,34,1891
2025-03-11,All England Open 2025,Round 1,WD,JIA Yi Fan / ZHANG Shu Xian,27,2085,Julie MACPHERSON / Ciara TORRANCE,37,1636
2025-03-11,All England Open 2025,Round 1,MS,SHI Yu Qi,1,2504,Chico Aura DWI WARDOYO,34,1951
2025-03-11,All England Open 2025,Round 1,MD,Leo Rolly CARNANDO / Bagas MAULANA,18,1994,LEE Fang Jen / LEE Fang Chih,21,1878
2025-03-11,All England Open 2025,Round 1,XD,Thom GICQUEL / Delphine DELRUE,8,2059,ZHU Yi J.. / ZHANG Chi,82,1776
2025-03-11,All England Open 2025,Round 1,WS,ZHANG Beiwen,14,2172,Ratchanok INTANON,9,2211
2025-03-11,All England Open 2025,Round 1,WS,Malvika BANSOD,28,1899,YEO Jia Min,12,2226
2025-03-11,All England Open 2025,Round 1,XD,KI Dong Ju / JEONG Na Eun,,1778,HOO Pang Ron / CHENG Su Yin,13,1930
2025-03-11,All England Open 2025,Round 1,MS,LOH Kean Yew,14,2122,Jia Heng Jason TEH,23,2108
2025-03-11,All England Open 2025,Round 1,MS,Lakshya SEN,15,2170,SU Li Yang,37,1957
2025-03-11,All England Open 2025,Round 1,XD,JIANG Zhen Bang / HUANG Dong Ping,,2015,HEE Yong KWON / JIN Yu Jia,46,1685
2025-03-11,All England Open 2025,Round 1,MS,Jonatan CHRISTIE,2,2346,LEONG Jun Hao,24,2127
2025-03-11,All England Open 2025,Round 1,WD,Rin IWANAGA / Kie NAKANISHI,4,2102,YEUNG .. / YEUNG Pak Hon,14,1835
2025-03-11,All England Open 2025,Round 1,WD,Yuki FUKUSHIMA / Mayu MATSUMOTO,24,2098,HU Ling Fang / JHENG Yu Chieh,32,1767
2025-03-11,All England Open 2025,Round 1,WS,Putri Kusuma WARDANI,11,2121,Supanida KATETHONG,7,2139
2025-03-11,All England Open 2025,Round 1,XD,GUO Xin Wa / CHEN Fang Hui,7,2078,Sathish Kumar KARUNAKARAN / Aadya VARIYATH,36,1692
2025-03-11,All England Open 2025,Round 1,WS,Akane YAMAGUCHI,3,2399,NGUYEN Thuy Linh,29,2025
2025-03-11,All England Open 2025,Round 1,WD,Febriana Dwipuji KUSUMA / Amallia Cahaya PRATIWI,8,1916,Laksika KANLAHA / Phataimas MUENWONG,13,1883
2025-03-11,All England Open 2025,Round 1,XD,LU Ming Yang / HUNG En-Tzu,39,1751,Rasmus KJÆR / Amalie Cecilie KUDSK,38,1803
2025-03-11,All England Open 2025,Round 1,MS,CHOU Tien Chen,9,2206,Christo POPOV,27,2033
2025-03-11,All England Open 2025,Round 1,MS,LI Shi Feng,6,2254,Brian YANG,33,1895
2025-03-11,All England Open 2025,Round 1,MS,Toma Junior POPOV,17,2140,PRANNOY H. S.,29,2034
2025-03-11,All England Open 2025,Round 1,XD,Alexander DUNN / Julie MACPHERSON,33,1695,Ty Alexander LEONG / Josephine WU,77,1747
2025-03-11,All England Open 2025,Round 1,MD,HUANG Di / LIU Yang,37,1801,Junaidi ARIFFIN / YAP Roy King,17,1939
2025-03-11,All England Open 2025,Round 1,XD,GOH Soon Huat / LAI Shevon Jemie,3,2035,Dechapol PUAVARANUKROH / Supissara PACHARAMONGKOL,14,2171
2025-03-12,All England Open 2025,Round 1,MD,HE Ji Ting / REN Xiang Yu,6,1977,MAN Wei Chong / TEE Kai Wun,7,2094
2025-03-12,All England Open 2025,Round 1,MS,Kenta NISHIMOTO,16,2141,LEI Lan Xi,28,2069
2025-03-12,All England Open 2025,Round 1,WD,LIU Sheng Shu / TAN Ning,2,2292,Jacqueline FUNAOKA / Catherine CHOI,71,1573
2025-03-12,All England Open 2025,Round 1,MS,LIN Chun-Yi,12,2239,Viktor AXELSEN,4,2489
2025-03-12,All England Open 2025,Round 1,MD,XIE Hao Nan / ZENG Wei Han,33,1852,CHIU Hsiang Chieh / WANG Chang,20,1909
2025-03-12,All England Open 2025,Round 1,XD,Ruttanapon KETSAOPAR / Jhenicha SUDJAIPRAPARAT,18,1906,Dhruv KAPILA / Tanisha CRASTO,20,1798
2025-03-12,All England Open 2025,Round 1,MD,Satwiksairaj RANKIREDDY / Chirag SHETTY,12,2136,Daniel LUNDGAARD / Mads VESTERGAARD,28,1802
2025-03-12,All England Open 2025,Round 1,WD,Benyapa AIMSAARD / Nuntakarn AIMSAARD,20,1931,Paulina CHALUPSKA / Kornelia MARCHEWKA,51,1650
2025-03-12,All England Open 2025,Round 1,WS,Pornpawee CHOCHUWONG,6,2291,Natsuki NIDAIRA,23,2016
2025-03-12,All England Open 2025,Round 1,XD,Gregory MAIRS / Jenny MAINZER,44,1664,Hiroki MIDORIKAWA / Natsu SAITO,12,2046
2025-03-12,All England Open 2025,Round 1,WS,CHIU Pin-Chian,27,1886,Busanan ONGBAMRUNGPHAN,10,2069
2025-03-12,All England Open 2025,Round 1,MD,Peeratchai ROAJANAWONG / Pakkapon TEERARATSAKUL,29,1812,Andreas SONDERGAARD / Jesper TOFT,24,1822
2025-03-12,All England Open 2025,Round 1,WD,KIM Hye Rin / KONG Hee Yong,11,2149,JEONG Na Eun / LEE Yeon Woo,197,1790
2025-03-12,All England Open 2025,Round 1,WD,Gabriela STOEVA / Stefani STOEVA,12,1979,CHANG Tak Ching / YANG Ching Tun,18,1763
2025-03-12,All England Open 2025,Round 1,MS,Alex LANIER,10,2266,Rasmus GEMKE,30,2051
2025-03-12,All England Open 2025,Round 1,MS,Anders ANTONSEN,3,2398,CHI Yu Jen,32,2092
2025-03-12,All England Open 2025,Round 1,MS,WANG Tzu Wei,25,2061,LU Guang Zu,20,2217
2025-03-12,All England Open 2025,Round 1,MD,KIM Won Ho / SEO Seung Jae,43,2089,Dechapol PUAVARANUKROH / Kittinupong KEDREN,42,1986
2025-03-12,All England Open 2025,Round 1,WD,Nami MATSUYAMA / Chiharu SHIDA,3,2218,Julie FINNE-IPSEN / Mai SURROW,41,1735
2025-03-12,All England Open 2025,Round 1,WD,Treesa JOLLY / GAYATRI GOPICHAND,9,1914,SUNG Shuo Yun / YU Chien Hui,15,1655
2025-03-12,All England Open 2025,Round 1,MD,Sabar Karyaman GUTAMA / Moh Reza Pahlevi ISFAHANI,8,2025,LIANG Wei Keng / WANG Chang,3,2184
2025-03-12,All England Open 2025,Round 1,WS,HAN Yue,4,2219,PAI Yu Po,32,1873
2025-03-12,All England Open 2025,Round 1,WS,AN Se Young,1,2675,GAO Fang jie,15,2208
2025-03-12,All England Open 2025,Round 1,WS,HSU Wen Chi,26,2014,Mia BLICHFELDT,24,2087
2025-03-12,All England Open 2025,Round 1,MS,Kunlavut VITIDSARN,5,2389,WENG Hong Yang,13,2253
2025-03-12,All England Open 2025,Round 1,MD,KANG Min Hyuk / KI Dong Ju,45,1982,Nur Mohd Azriyn Ayub / TAN Wee Kiong,23,1833
2025-03-12,All England Open 2025,Round 1,MD,GOH Sze Fei / Nur IZZUDDIN,2,2210,KIM Gi Jung / KIM Sa Rang,61,1855
2025-03-12,All England Open 2025,Round 1,WS,CHEN Yu Fei,13,2524,Line Højmark KJAERSFELDT,22,1905
2025-03-12,All England Open 2025,Round 1,WS,KIM Ga Eun,21,2177,PUSARLA V. Sindhu,16,2146
2025-03-12,All England Open 2025,Round 1,WS,WANG Zhi Yi,2,2463,Nozomi OKUHARA,30,2076
2025-03-12,All England Open 2025,Round 1,WD,BAEK Ha Na / LEE So Hee,1,2217,Priya KONJENGBAM / Shruti MISHRA,46,1719
2025-03-12,All England Open 2025,Round 1,XD,YANG Po Hsuan / HU Ling Fang,6,1894,Callum HEMMING / Estelle VAN ZANDT,35,1689
2025-03-12,All England Open 2025,Round 1,WS,SIM Yu Jin,17,2156,Kaoru SUGIYAMA,31,1874
2025-03-12,All England Open 2025,Round 1,XD,Jesper TOFT / Amalie MAGELUND,10,2035,WONG Tien Ci / LIM Chiew Sien,32,1662
2025-03-12,All England Open 2025,Round 1,MD,Fajar ALFIAN / Muhammad Shohibul FIKRI,4,2064,CHEN Bo Yang / LIU Yi,14,2022
2025-03-12,All England Open 2025,Round 1,WD,Apriyani RAHAYU / Siti Fadia Silva RAMADHANTI,29,1995,HSU Yin-Hui / LIN Jhih Yong,21,1800
2025-03-12,All England Open 2025,Round 1,XD,LEE Jong Won / CHAE Yu Jung,68,1884,Mads VESTERGAARD / Christine BUSCH,24,1695
2025-03-12,All England Open 2025,Round 1,WD,Pearly TAN / THINAAH Muralitharan,5,2050,TENG Chun Hsun / YANG Ching Tun,55,1800
2025-03-12,All England Open 2025,Round 1,XD,Rehan Naufal KUSHARJANTO / Gloria Emanuelle WIDJAJA,110,1928,CHEN Tang Jie / TOH Ee Wei,4,2153
2025-03-12,All England Open 2025,Round 1,MS,LEE Chia Hao,22,2031,LEE Cheuk Yiu,21,2146
2025-03-12,All England Open 2025,Round 1,XD,Rohan KAPOOR / GADDE Ruthvika Shivani,40,1675,YE Hong / Nicole Gonzales CHAN,41,1796
2025-03-12,All England Open 2025,Round 1,MS,Yushi TANAKA,26,1964,Kodai NARAOKA,8,2225
2025-03-12,All England Open 2025,Round 1,WS,Gregoria Mariska TUNJUNG,5,2276,Michelle LI,20,2038
2025-03-12,All England Open 2025,Round 1,XD,FENG Yan Zhe / WEI Ya Xin,,2015,Pakkapon TEERARATSAKUL / Phataimas MUENWONG,19,1871
2025-03-13,All England Open 2025,Round 2,MD,KANG Min Hyuk / KI Dong Ju,45,1998,Fajar ALFIAN / Muhammad Shohibul FIKRI,4,2087
2025-03-13,All England Open 2025,Round 2,MS,Kenta NISHIMOTO,16,2162,LIN Chun-Yi,12,2281
2025-03-13,All England Open 2025,Round 2,WS,Pornpawee CHOCHUWONG,6,2300,CHIU Pin-Chian,27,1929
2025-03-13,All England Open 2025,Round 2,MD,LEE Jhe-Huei / YANG Po Hsuan,10,1922,Ben LANE / Sean VENDY,11,2036
2025-03-13,All England Open 2025,Round 2,WD,Treesa JOLLY / GAYATRI GOPICHAND,9,1925,KIM Hye Rin / KONG Hee Yong,11,2155
2025-03-13,All England Open 2025,Round 2,MD,Leo Rolly CARNANDO / Bagas MAULANA,18,2012,Muhammad Shohibul FIKRI / Daniel MARTHIN,16,2058
2025-03-13,All England Open 2025,Round 2,WD,LIU Sheng Shu / TAN Ning,2,2292,Benyapa AIMSAARD / Nuntakarn AIMSAARD,20,1941
2025-03-13,All England Open 2025,Round 2,MD,HE Ji Ting / REN Xiang Yu,6,2013,Peeratchai ROAJANAWONG / Pakkapon TEERARATSAKUL,29,1845
2025-03-13,All England Open 2025,Round 2,MS,WANG Tzu Wei,25,2099,Anders ANTONSEN,3,2406
2025-03-13,All England Open 2025,Round 2,WS,WANG Zhi Yi,2,2468,HSU Wen Chi,26,2047
2025-03-13,All England Open 2025,Round 2,WS,Gregoria Mariska TUNJUNG,5,2287,SIM Yu Jin,17,2165
2025-03-13,All England Open 2025,Round 2,MD,KIM Won Ho / SEO Seung Jae,43,2108,GOH Sze Fei / Nur IZZUDDIN,2,2216
2025-03-13,All England Open 2025,Round 2,MS,LEE Chia Hao,22,2066,Yushi TANAKA,26,2009
2025-03-13,All England Open 2025,Round 2,WD,JIA Yi Fan / ZHANG Shu Xian,27,2088,BAEK Ha Na / LEE So Hee,1,2220
2025-03-13,All England Open 2025,Round 2,WS,HAN Yue,4,2225,KIM Ga Eun,21,2201
2025-03-13,All England Open 2025,Round 2,MD,XIE Hao Nan / ZENG Wei Han,33,1887,Satwiksairaj RANKIREDDY / Chirag SHETTY,12,2143
2025-03-13,All England Open 2025,Round 2,WD,LI Yi jing / LUO Xu Min,6,2064,HSIEH Pei Lan / HUNG En-Tzu,16,1908
2025-03-13,All England Open 2025,Round 2,MD,Sabar Karyaman GUTAMA / Moh Reza Pahlevi ISFAHANI,8,2063,HUANG Di / LIU Yang,37,1846
2025-03-13,All England Open 2025,Round 2,MS,Alex LANIER,10,2278,Kunlavut VITIDSARN,5,2406
2025-03-13,All England Open 2025,Round 2,WD,Pearly TAN / THINAAH Muralitharan,5,2060,Apriyani RAHAYU / Siti Fadia Silva RAMADHANTI,29,2008
2025-03-13,All England Open 2025,Round 2,MD,LIU Kuan Han / YANG Po Hsuan,25,1765,Rasmus KJÆR / Frederik SØGAARD,15,1948
2025-03-13,All England Open 2025,Round 2,MS,LI Shi Feng,6,2259,Toma Junior POPOV,17,2159
2025-03-13,All England Open 2025,Round 2,XD,Gregory MAIRS / Jenny MAINZER,44,1746,Ruttanapon KETSAOPAR / Jhenicha SUDJAIPRAPARAT,18,1926
2025-03-13,All England Open 2025,Round 2,MS,Lakshya SEN,15,2182,Jonatan CHRISTIE,2,2358
2025-03-13,All England Open 2025,Round 2,WD,Nami MATSUYAMA / Chiharu SHIDA,3,2221,Gabriela STOEVA / Stefani STOEVA,12,1991
2025-03-13,All England Open 2025,Round 2,XD,Rehan Naufal KUSHARJANTO / Gloria Emanuelle WIDJAJA,110,1972,Jesper TOFT / Amalie MAGELUND,10,2041
2025-03-13,All England Open 2025,Round 2,WS,AN Se Young,1,2678,Kirsty GILMOUR,33,1919
2025-03-13,All England Open 2025,Round 2,WS,Tomoka MIYAZAKI,8,2110,ZHANG Beiwen,14,2201
2025-03-13,All England Open 2025,Round 2,XD,GOH Soon Huat / LAI Shevon Jemie,3,2071,Alexander DUNN / Julie MACPHERSON,33,1743
2025-03-13,All England Open 2025,Round 2,XD,GUO Xin Wa / CHEN Fang Hui,7,2083,KI Dong Ju / JEONG Na Eun,,1826
2025-03-13,All England Open 2025,Round 2,MS,LOH Kean Yew,14,2147,NG Ka Long Angus,19,2139
2025-03-13,All England Open 2025,Round 2,XD,FENG Yan Zhe / WEI Ya Xin,,2032,Rohan KAPOOR / GADDE Ruthvika Shivani,40,1734
2025-03-13,All England Open 2025,Round 2,WS,Akane YAMAGUCHI,3,2405,Malvika BANSOD,28,1949
2025-03-13,All England Open 2025,Round 2,WS,CHEN Yu Fei,13,2526,Putri Kusuma WARDANI,11,2149
2025-03-13,All England Open 2025,Round 2,XD,LEE Jong Won / CHAE Yu Jung,68,1899,YANG Po Hsuan / HU Ling Fang,6,1908
2025-03-13,All England Open 2025,Round 2,WD,Rin IWANAGA / Kie NAKANISHI,4,2111,Francesca CORBETT / Jennie GAI,,1719
2025-03-13,All England Open 2025,Round 2,XD,Thom GICQUEL / Delphine DELRUE,8,2068,CHEN Ching Chen / HSU Yin-Hui,21,1843
2025-03-13,All England Open 2025,Round 2,XD,JIANG Zhen Bang / HUANG Dong Ping,,2022,LU Ming Yang / HUNG En-Tzu,39,1793
2025-03-13,All England Open 2025,Round 2,WD,Yuki FUKUSHIMA / Mayu MATSUMOTO,24,2105,Febriana Dwipuji KUSUMA / Amallia Cahaya PRATIWI,8,1942
2025-03-13,All England Open 2025,Round 2,MS,SHI Yu Qi,1,2506,CHOU Tien Chen,9,2220
2025-03-14,All England Open 2025,Quarter final,WD,JIA Yi Fan / ZHANG Shu Xian,27,2124,LI Yi jing / LUO Xu Min,6,2079
2025-03-14,All England Open 2025,Quarter final,MD,HE Ji Ting / REN Xiang Yu,6,2028,KANG Min Hyuk / KI Dong Ju,45,2032
2025-03-14,All England Open 2025,Quarter final,WD,Yuki FUKUSHIMA / Mayu MATSUMOTO,24,2120,Rin IWANAGA / Kie NAKANISHI,4,2116
2025-03-14,All England Open 2025,Quarter final,WS,WANG Zhi Yi,2,2472,Pornpawee CHOCHUWONG,6,2305
2025-03-14,All England Open 2025,Quarter final,MS,LEE Chia Hao,22,2088,Kenta NISHIMOTO,16,2196
2025-03-14,All England Open 2025,Quarter final,MD,KIM Won Ho / SEO Seung Jae,43,2142,XIE Hao Nan / ZENG Wei Han,33,1906
2025-03-14,All England Open 2025,Quarter final,WS,HAN Yue,4,2230,Gregoria Mariska TUNJUNG,5,2304
2025-03-14,All England Open 2025,Quarter final,MS,Alex LANIER,10,2313,WANG Tzu Wei,25,2144
2025-03-14,All England Open 2025,Quarter final,MD,Leo Rolly CARNANDO / Bagas MAULANA,18,2043,LEE Jhe-Huei / YANG Po Hsuan,10,1959
2025-03-14,All England Open 2025,Quarter final,WS,AN Se Young,1,2679,CHEN Yu Fei,13,2531
2025-03-14,All England Open 2025,Quarter final,WS,Akane YAMAGUCHI,3,2408,Tomoka MIYAZAKI,8,2143
2025-03-14,All England Open 2025,Quarter final,MD,Sabar Karyaman GUTAMA / Moh Reza Pahlevi ISFAHANI,8,2075,LIU Kuan Han / YANG Po Hsuan,25,1818
2025-03-14,All England Open 2025,Quarter final,MS,SHI Yu Qi,1,2515,LOH Kean Yew,14,2172
2025-03-14,All England Open 2025,Quarter final,XD,LEE Jong Won / CHAE Yu Jung,68,1928,Gregory MAIRS / Jenny MAINZER,44,1801
2025-03-14,All England Open 2025,Quarter final,XD,FENG Yan Zhe / WEI Ya Xin,,2040,Rehan Naufal KUSHARJANTO / Gloria Emanuelle WIDJAJA,110,2005
2025-03-14,All England Open 2025,Quarter final,WD,LIU Sheng Shu / TAN Ning,2,2298,Treesa JOLLY / GAYATRI GOPICHAND,9,1970
2025-03-14,All England Open 2025,Quarter final,MS,LI Shi Feng,6,2278,Lakshya SEN,15,2220
2025-03-14,All England Open 2025,Quarter final,XD,GUO Xin Wa / CHEN Fang Hui,7,2093,Thom GICQUEL / Delphine DELRUE,8,2079
2025-03-14,All England Open 2025,Quarter final,WD,Nami MATSUYAMA / Chiharu SHIDA,3,2232,Pearly TAN / THINAAH Muralitharan,5,2083
2025-03-14,All England Open 2025,Quarter final,XD,JIANG Zhen Bang / HUANG Dong Ping,,2034,GOH Soon Huat / LAI Shevon Jemie,3,2078
2025-03-15,All England Open 2025,Semi final,MD,KIM Won Ho / SEO Seung Jae,43,2153,HE Ji Ting / REN Xiang Yu,6,2056
2025-03-15,All England Open 2025,Semi final,WS,WANG Zhi Yi,2,2487,HAN Yue,4,2263
2025-03-15,All England Open 2025,Semi final,MD,Leo Rolly CARNANDO / Bagas MAULANA,18,2064,Sabar Karyaman GUTAMA / Moh Reza Pahlevi ISFAHANI,8,2085
2025-03-15,All England Open 2025,Semi final,WS,AN Se Young,1,2695,Akane YAMAGUCHI,3,2418
2025-03-15,All England Open 2025,Semi final,WD,Yuki FUKUSHIMA / Mayu MATSUMOTO,24,2147,JIA Yi Fan / ZHANG Shu Xian,27,2148
2025-03-15,All England Open 2025,Semi final,MS,LEE Chia Hao,22,2124,Alex LANIER,10,2328
2025-03-15,All England Open 2025,Semi final,WD,Nami MATSUYAMA / Chiharu SHIDA,3,2248,LIU Sheng Shu / TAN Ning,2,2306
2025-03-15,All England Open 2025,Semi final,MS,SHI Yu Qi,1,2521,LI Shi Feng,6,2300
2025-03-15,All England Open 2025,Semi final,XD,FENG Yan Zhe / WEI Ya Xin,,2065,LEE Jong Won / CHAE Yu Jung,68,1948
2025-03-15,All England Open 2025,Semi final,XD,GUO Xin Wa / CHEN Fang Hui,7,2119,JIANG Zhen Bang / HUANG Dong Ping,,2065
2025-03-16,All England Open 2025,Final,MD,KIM Won Ho / SEO Seung Jae,43,2173,Leo Rolly CARNANDO / Bagas MAULANA,18,2094
2025-03-16,All England Open 2025,Final,WS,AN Se Young,1,2704,WANG Zhi Yi,2,2499
2025-03-16,All England Open 2025,Final,MS,SHI Yu Qi,1,2533,LEE Chia Hao,22,2167
2025-03-16,All England Open 2025,Final,WD,Nami MATSUYAMA / Chiharu SHIDA,3,2280,Yuki FUKUSHIMA / Mayu MATSUMOTO,24,2175
2025-03-16,All England Open 2025,Final,XD,GUO Xin Wa / CHEN Fang Hui,7,2143,FENG Yan Zhe / WEI Ya Xin,,2084
2025-06-03,Indonesia Open 2025,Round 1,MD,GOH Sze Fei / Nur IZZUDDIN,1,2130,LEE Fang Jen / LEE Fang Chih,21,1855
2025-06-03,Indonesia Open 2025,Round 1,MD,Junaidi ARIFFIN / YAP Roy King,23,1899,Eloi ADAM / Leo ROSSI,42,1803
2025-06-03,Indonesia Open 2025,Round 1,WS,Akane YAMAGUCHI,3,2373,Line Højmark KJAERSFELDT,16,2012
2025-06-03,Indonesia Open 2025,Round 1,WS,SUNG Shuo Yun,20,1872,ZHANG Beiwen,19,2155
2025-06-03,Indonesia Open 2025,Round 1,MS,Rasmus GEMKE,28,2029,Kodai NARAOKA,6,2218
2025-06-03,Indonesia Open 2025,Round 1,MD,Nur Mohd Azriyn Ayub / TAN Wee Kiong,28,1753,XIE Hao Nan / ZENG Wei Han,29,1887
2025-06-03,Indonesia Open 2025,Round 1,MS,WANG Zheng Xing,30,1974,Kenta NISHIMOTO,13,2171
2025-06-03,Indonesia Open 2025,Round 1,WD,JIA Yi Fan / ZHANG Shu Xian,8,2179,HU Ling Fang / JHENG Yu Chieh,25,1722
2025-06-03,Indonesia Open 2025,Round 1,MD,Satwiksairaj RANKIREDDY / Chirag SHETTY,22,2153,Leo Rolly CARNANDO / Bagas MAULANA,10,2037
2025-06-03,Indonesia Open 2025,Round 1,WD,BAEK Ha Na / LEE So Hee,3,2155,HSU Yin-Hui / LIN Jhih Yong,16,1777
2025-06-03,Indonesia Open 2025,Round 1,MD,Sabar Karyaman GUTAMA / Moh Reza Pahlevi ISFAHANI,8,2011,LEE Jhe-Huei / YANG Po Hsuan,15,1917
2025-06-03,Indonesia Open 2025,Round 1,MD,MAN Wei Chong / TEE Kai Wun,7,2104,CHEN Zhi Xian / Presley SHIN Jian Da,33,1832
2025-06-03,Indonesia Open 2025,Round 1,MS,Anders ANTONSEN,3,2292,CHI Yu Jen,31,2023
2025-06-03,Indonesia Open 2025,Round 1,MS,Jonatan CHRISTIE,5,2315,Jia Heng Jason TEH,24,2038
2025-06-03,Indonesia Open 2025,Round 1,WD,Febriana Dwipuji KUSUMA / Amallia Cahaya PRATIWI,10,1954,Paulina CHALUPSKA / Kornelia MARCHEWKA,43,1613
2025-06-03,Indonesia Open 2025,Round 1,WD,Siti Sarah AZZAHRA / Agnia Sri RAHAYU,46,1690,Julie MACPHERSON / Ciara TORRANCE,40,1622
2025-06-03,Indonesia Open 2025,Round 1,MS,Yushi TANAKA,22,2024,NG Ka Long Angus,23,2084
2025-06-03,Indonesia Open 2025,Round 1,XD,Thom GICQUEL / Delphine DELRUE,10,2001,Rehan Naufal KUSHARJANTO / Gloria Emanuelle WIDJAJA,22,1926
2025-06-03,Indonesia Open 2025,Round 1,MS,Alwi FARHAN,29,2110,PRANNOY H. S.,33,2002
2025-06-03,Indonesia Open 2025,Round 1,XD,CHENG Chi Ya / ZHANG Chi,11,1974,GUO Xin Wa / CHEN Fang Hui,7,2071
2025-06-03,Indonesia Open 2025,Round 1,MS,LEE Cheuk Yiu,21,2112,Koki WATANABE,16,2201
2025-06-03,Indonesia Open 2025,Round 1,WS,Pornpawee CHOCHUWONG,8,2286,CHIU Pin-Chian,27,1886
2025-06-03,Indonesia Open 2025,Round 1,XD,HEE Yong KWON / JIN Yu Jia,27,1593,Rinov RIVALDY / Pitha Haningtyas MENTARI,33,1981
2025-06-03,Indonesia Open 2025,Round 1,WD,Apriyani RAHAYU / Febi SETIANINGRUM,125,1842,CHANG Tak Ching / YANG Ching Tun,18,1682
2025-06-03,Indonesia Open 2025,Round 1,WS,Supanida KATETHONG,9,2114,Rakshita Sree Santosh RAMRAJ,43,1791
2025-06-03,Indonesia Open 2025,Round 1,WS,Putri Kusuma WARDANI,12,2172,Malvika BANSOD,23,1900
2025-06-03,Indonesia Open 2025,Round 1,WS,KIM Ga Eun,22,2189,Anupama UPADHYAYA,42,1769
2025-06-03,Indonesia Open 2025,Round 1,WS,PUSARLA V. Sindhu,21,2045,Nozomi OKUHARA,47,2067
2025-06-03,Indonesia Open 2025,Round 1,XD,Jafar HIDAYATULLAH / Felisha Alberta SI,15,1980,WONG Tien Ci / LIM Chiew Sien,35,1655
2025-06-03,Indonesia Open 2025,Round 1,XD,Hiroki MIDORIKAWA / Natsu SAITO,9,2022,CHEN Ching Chen / HSU Yin-Hui,19,1770
2025-06-03,Indonesia Open 2025,Round 1,WD,LIU Sheng Shu / TAN Ning,1,2330,Ornnicha JONGSATHAPORNPARN / Sukitta SUWACHAI,28,1554
2025-06-03,Indonesia Open 2025,Round 1,MS,SHI Yu Qi,2,2479,Lakshya SEN,18,2128
2025-06-03,Indonesia Open 2025,Round 1,WD,HSIEH Pei Lan / HUNG En-Tzu,13,1895,Meilysa Trias PUSPITASARI / Rachel Allessya ROSE,31,1823
2025-06-03,Indonesia Open 2025,Round 1,XD,FENG Yan Zhe / WEI Ya Xin,48,2084,Presley SHIN Jian Da / Jennie GAI,40,1783
2025-06-03,Indonesia Open 2025,Round 1,XD,Ruttanapon KETSAOPAR / Jhenicha SUDJAIPRAPARAT,18,1843,YANG Po Hsuan / HU Ling Fang,12,1811
2025-06-03,Indonesia Open 2025,Round 1,WS,AN Se Young,1,2699,Busanan ONGBAMRUNGPHAN,13,2028
2025-06-04,Indonesia Open 2025,Round 1,MS,LI Shi Feng,4,2323,Brian YANG,34,1867
2025-06-04,Indonesia Open 2025,Round 1,MS,LEONG Jun Hao,25,2143,Chico Aura DWI WARDOYO,44,1942
2025-06-04,Indonesia Open 2025,Round 1,MD,KIM Won Ho / SEO Seung Jae,6,2177,CHEN Zhi Xian / LIN Yu Chieh,36,1734
2025-06-04,Indonesia Open 2025,Round 1,MD,Takumi NOMURA / Yuichi SHIMABUKURO,35,1811,Kenya MITSUI / Hiroki OKAMURA,25,1821
2025-06-04,Indonesia Open 2025,Round 1,WS,Kirsty GILMOUR,28,1930,GOH Jin Wei,49,1865
2025-06-04,Indonesia Open 2025,Round 1,MD,Rasmus KJÆR / Frederik SØGAARD,16,1921,Aaron CHIA / SOH Wooi Yik,3,2263
2025-06-04,Indonesia Open 2025,Round 1,WD,Treesa JOLLY / GAYATRI GOPICHAND,12,1942,Polina BUHROVA / Yevheniia KANTEMYR,19,1590
2025-06-04,Indonesia Open 2025,Round 1,WD,LI Yi jing / LUO Xu Min,6,2022,TENG Chun Hsun / YANG Ching Tun,32,1805
2025-06-04,Indonesia Open 2025,Round 1,WD,KIM Hye Rin / KONG Hee Yong,7,2184,Lauren LAM / Allison Qu..,64,1876
2025-06-04,Indonesia Open 2025,Round 1,WS,WANG Zhi Yi,2,2469,HSU Wen Chi,25,2027
2025-06-04,Indonesia Open 2025,Round 1,WD,Pearly TAN / THINAAH Muralitharan,4,2112,SUNG Shuo Yun / YU Chien Hui,15,1669
2025-06-04,Indonesia Open 2025,Round 1,MD,CHEN Bo Yang / LIU Yi,13,2015,Hiroki MIDORIKAWA / Kyohei YAMASHITA,30,1875
2025-06-04,Indonesia Open 2025,Round 1,WD,ONG Xin Yee / Carmen TING,47,1584,Isyana Syahira MEIDA / Rinjani Kwinara NASTINE,59,1687
2025-06-04,Indonesia Open 2025,Round 1,MD,Dechapol PUAVARANUKROH / Kittinupong KEDREN,14,2008,Christo POPOV / Toma Junior POPOV,17,1966
2025-06-04,Indonesia Open 2025,Round 1,XD,Amri SYAHNAWI / Nita Violina MARWAH,25,1885,LU Ming Yang / HUNG En-Tzu,28,1757
2025-06-04,Indonesia Open 2025,Round 1,WD,YEUNG .. / YEUNG Pak Hon,14,1816,Arlya Nabila Thesa MUNGGARAN / Az Zahra Ditya RAMADHANI,55,1692
2025-06-04,Indonesia Open 2025,Round 1,MD,Takuro HOKI / Yugo KOBAYASHI,19,2065,CHOONG Hon Jian / Muhammad Shohibul FIKRI,39,1808
2025-06-04,Indonesia Open 2025,Round 1,MD,Fajar ALFIAN / Muhammad Shohibul FIKRI,5,2047,Daniel LUNDGAARD / Mads VESTERGAARD,27,1863
2025-06-04,Indonesia Open 2025,Round 1,XD,GOH Soon Huat / LAI Shevon Jemie,5,2029,Phuwana.. / Sapsiree TAERATTANACHAI,112,1753
2025-06-04,Indonesia Open 2025,Round 1,MD,Kim ASTRUP / Anders Skaarup RASMUSSEN,2,2098,CHIU Hsiang Chieh / WANG Chang,18,1933
2025-06-04,Indonesia Open 2025,Round 1,WD,Yuki FUKUSHIMA / Mayu MATSUMOTO,9,2130,Gronya SOMERVILLE / Angela YU,61,1788
2025-06-04,Indonesia Open 2025,Round 1,WD,Rin IWANAGA / Kie NAKANISHI,5,2146,Jackie D.. / Crystal LAI,36,1683
2025-06-04,Indonesia Open 2025,Round 1,MS,Alex LANIER,8,2299,WENG Hong Yang,12,2196
2025-06-04,Indonesia Open 2025,Round 1,WS,LIN Hsiang Ti,29,1931,Komang Ayu Cahya DEWI,36,1859
2025-06-04,Indonesia Open 2025,Round 1,WD,Lanny Tria MAYASARI / Siti Fadia Silva RAMADHANTI,20,1981,GO Pei Kee / TEOH Mei Xing,23,1835
2025-06-04,Indonesia Open 2025,Round 1,MS,LOH Kean Yew,10,2277,Kiran GEORGE,37,1951
2025-06-04,Indonesia Open 2025,Round 1,XD,Jesper TOFT / Amalie MAGELUND,8,2020,Alexander DUNN / Julie MACPHERSON,21,1770
2025-06-04,Indonesia Open 2025,Round 1,MS,Kunlavut VITIDSARN,1,2490,WANG Tzu Wei,26,2094
2025-06-04,Indonesia Open 2025,Round 1,WS,HAN Yue,4,2342,YEO Jia Min,11,2185
2025-06-04,Indonesia Open 2025,Round 1,WS,GAO Fang jie,14,2226,Polina BUHROVA,44,1699
2025-06-04,Indonesia Open 2025,Round 1,WS,Tomoka MIYAZAKI,7,2161,Michelle LI,18,2078
2025-06-04,Indonesia Open 2025,Round 1,XD,Yuichi SHIMABUKURO / Sayaka HIROTA,24,1812,Rohan KAPOOR / GADDE Ruthvika Shivani,29,1712
2025-06-04,Indonesia Open 2025,Round 1,MS,LEE Chia Hao,19,2090,LU Guang Zu,11,2318
2025-06-04,Indonesia Open 2025,Round 1,MD,LIANG Wei Keng / WANG Chang,4,2140,ONG Yew Sin / TEO Ee Yi,32,1849
2025-06-04,Indonesia Open 2025,Round 1,MS,CHOU Tien Chen,7,2101,LIN Chun-Yi,14,2277
2025-06-04,Indonesia Open 2025,Round 1,WS,CHEN Yu Fei,5,2656,Pornpicha CHOEIKEEWONG,32,1973
2025-06-04,Indonesia Open 2025,Round 1,WS,Natsuki NIDAIRA,17,2071,NGUYEN Thuy Linh,24,2033
2025-06-04,Indonesia Open 2025,Round 1,XD,Sathish Kumar KARUNAKARAN / Aadya VARIYATH,37,1652,YE Hong / Nicole Gonzales CHAN,16,1951
2025-06-04,Indonesia Open 2025,Round 1,XD,Mads VESTERGAARD / Christine BUSCH,23,1807,Ashith SURYA / Amrutha PRAMUTHESH,44,1589
2025-06-04,Indonesia Open 2025,Round 1,XD,CHEN Tang Jie / TOH Ee Wei,4,2078,Dhruv KAPILA / Tanisha CRASTO,17,1879
2025-06-04,Indonesia Open 2025,Round 1,MD,HUANG Di / LIU Yang,24,1834,LIU Kuan Han / YANG Po Hsuan,20,1888
2025-06-04,Indonesia Open 2025,Round 1,MS,Christo POPOV,20,2160,Toma Junior POPOV,17,2148
2025-06-04,Indonesia Open 2025,Round 1,XD,Dechapol PUAVARANUKROH / Supissara PACHARAMONGKOL,6,2213,Dejan FERDINANSYAH / Siti Fadia Silva RAMADHANTI,30,1904
2025-06-04,Indonesia Open 2025,Round 1,XD,Adnan MAULANA / Indah Cahya Sari JAMIL,32,1799,TANG Chun Man / TSE Ying Suet,3,2171
2025-06-05,Indonesia Open 2025,Round 2,MS,LI Shi Feng,4,2327,LEONG Jun Hao,25,2155
2025-06-05,Indonesia Open 2025,Round 2,WS,GAO Fang jie,14,2229,Tomoka MIYAZAKI,7,2180
2025-06-05,Indonesia Open 2025,Round 2,WD,Rin IWANAGA / Kie NAKANISHI,5,2149,ONG Xin Yee / Carmen TING,47,1659
2025-06-05,Indonesia Open 2025,Round 2,MS,CHOU Tien Chen,7,2139,Christo POPOV,20,2185
2025-06-05,Indonesia Open 2025,Round 2,WS,WANG Zhi Yi,2,2473,Kirsty GILMOUR,28,1952
2025-06-05,Indonesia Open 2025,Round 2,MD,Fajar ALFIAN / Muhammad Shohibul FIKRI,5,2061,CHEN Bo Yang / LIU Yi,13,2031
2025-06-05,Indonesia Open 2025,Round 2,MD,GOH Sze Fei / Nur IZZUDDIN,1,2138,Nur Mohd Azriyn Ayub / TAN Wee Kiong,28,1801
2025-06-05,Indonesia Open 2025,Round 2,MD,HUANG Di / LIU Yang,24,1869,LIANG Wei Keng / WANG Chang,4,2148
2025-06-05,Indonesia Open 2025,Round 2,WD,LIU Sheng Shu / TAN Ning,1,2331,HSIEH Pei Lan / HUNG En-Tzu,13,1918
2025-06-05,Indonesia Open 2025,Round 2,WD,KIM Hye Rin / KONG Hee Yong,7,2192,JIA Yi Fan / ZHANG Shu Xian,8,2183
2025-06-05,Indonesia Open 2025,Round 2,MD,KIM Won Ho / SEO Seung Jae,6,2180,Takumi NOMURA / Yuichi SHIMABUKURO,35,1844
2025-06-05,Indonesia Open 2025,Round 2,MD,Sabar Karyaman GUTAMA / Moh Reza Pahlevi ISFAHANI,8,2030,Dechapol PUAVARANUKROH / Kittinupong KEDREN,14,2031
2025-06-05,Indonesia Open 2025,Round 2,MD,MAN Wei Chong / TEE Kai Wun,7,2113,Junaidi ARIFFIN / YAP Roy King,23,1899
2025-06-05,Indonesia Open 2025,Round 2,MD,Satwiksairaj RANKIREDDY / Chirag SHETTY,22,2171,Rasmus KJÆR / Frederik SØGAARD,16,1969
2025-06-05,Indonesia Open 2025,Round 2,WD,Pearly TAN / THINAAH Muralitharan,4,2116,Lanny Tria MAYASARI / Siti Fadia Silva RAMADHANTI,20,1997
2025-06-05,Indonesia Open 2025,Round 2,WD,LI Yi jing / LUO Xu Min,6,2034,YEUNG .. / YEUNG Pak Hon,14,1836
2025-06-05,Indonesia Open 2025,Round 2,MD,Takuro HOKI / Yugo KOBAYASHI,19,2075,Kim ASTRUP / Anders Skaarup RASMUSSEN,2,2112
2025-06-05,Indonesia Open 2025,Round 2,MS,Anders ANTONSEN,3,2301,Alwi FARHAN,29,2128
2025-06-05,Indonesia Open 2025,Round 2,WD,Febriana Dwipuji KUSUMA / Amallia Cahaya PRATIWI,10,1961,Siti Sarah AZZAHRA / Agnia Sri RAHAYU,46,1724
2025-06-05,Indonesia Open 2025,Round 2,MS,LEE Cheuk Yiu,21,2144,Jonatan CHRISTIE,5,2323
2025-06-05,Indonesia Open 2025,Round 2,MS,Alex LANIER,8,2303,LOH Kean Yew,10,2283
2025-06-05,Indonesia Open 2025,Round 2,MS,WANG Zheng Xing,30,2014,Rasmus GEMKE,28,2068
2025-06-05,Indonesia Open 2025,Round 2,XD,CHEN Tang Jie / TOH Ee Wei,4,2090,Mads VESTERGAARD / Christine BUSCH,23,1821
2025-06-05,Indonesia Open 2025,Round 2,WD,Yuki FUKUSHIMA / Mayu MATSUMOTO,9,2136,Treesa JOLLY / GAYATRI GOPICHAND,12,1948
2025-06-05,Indonesia Open 2025,Round 2,WS,HAN Yue,4,2356,LIN Hsiang Ti,29,1953
2025-06-05,Indonesia Open 2025,Round 2,WD,BAEK Ha Na / LEE So Hee,3,2160,Apriyani RAHAYU / Febi SETIANINGRUM,125,1859
2025-06-05,Indonesia Open 2025,Round 2,XD,CHENG Chi Ya / ZHANG Chi,11,2008,FENG Yan Zhe / WEI Ya Xin,48,2091
2025-06-05,Indonesia Open 2025,Round 2,WS,Pornpawee CHOCHUWONG,8,2291,PUSARLA V. Sindhu,21,2072
2025-06-05,Indonesia Open 2025,Round 2,XD,Jesper TOFT / Amalie MAGELUND,8,2030,Yuichi SHIMABUKURO / Sayaka HIROTA,24,1835
2025-06-05,Indonesia Open 2025,Round 2,MS,SHI Yu Qi,2,2485,Yushi TANAKA,22,2055
2025-06-05,Indonesia Open 2025,Round 2,WS,Putri Kusuma WARDANI,12,2175,Supanida KATETHONG,9,2121
2025-06-05,Indonesia Open 2025,Round 2,XD,GOH Soon Huat / LAI Shevon Jemie,5,2038,Amri SYAHNAWI / Nita Violina MARWAH,25,1904
2025-06-05,Indonesia Open 2025,Round 2,MS,Kunlavut VITIDSARN,1,2495,LEE Chia Hao,19,2131
2025-06-05,Indonesia Open 2025,Round 2,XD,Hiroki MIDORIKAWA / Natsu SAITO,9,2032,Jafar HIDAYATULLAH / Felisha Alberta SI,15,1987
2025-06-05,Indonesia Open 2025,Round 2,XD,Thom GICQUEL / Delphine DELRUE,10,2022,Ruttanapon KETSAOPAR / Jhenicha SUDJAIPRAPARAT,18,1871
2025-06-05,Indonesia Open 2025,Round 2,WS,CHEN Yu Fei,5,2657,Natsuki NIDAIRA,17,2094
2025-06-05,Indonesia Open 2025,Round 2,WS,AN Se Young,1,2700,KIM Ga Eun,22,2193
2025-06-05,Indonesia Open 2025,Round 2,XD,Dechapol PUAVARANUKROH / Supissara PACHARAMONGKOL,6,2220,Sathish Kumar KARUNAKARAN / Aadya VARIYATH,37,1731
2025-06-05,Indonesia Open 2025,Round 2,XD,Adnan MAULANA / Indah Cahya Sari JAMIL,32,1857,HEE Yong KWON / JIN Yu Jia,27,1695
2025-06-05,Indonesia Open 2025,Round 2,WS,Akane YAMAGUCHI,3,2379,SUNG Shuo Yun,20,1920
2025-06-06,Indonesia Open 2025,Quarter final,MD,KIM Won Ho / SEO Seung Jae,6,2187,Takuro HOKI / Yugo KOBAYASHI,19,2104
2025-06-06,Indonesia Open 2025,Quarter final,MS,SHI Yu Qi,2,2489,WANG Zheng Xing,30,2045
2025-06-06,Indonesia Open 2025,Quarter final,MS,Anders ANTONSEN,3,2315,LEE Cheuk Yiu,21,2182
2025-06-06,Indonesia Open 2025,Quarter final,MD,Sabar Karyaman GUTAMA / Moh Reza Pahlevi ISFAHANI,8,2056,GOH Sze Fei / Nur IZZUDDIN,1,2145
2025-06-06,Indonesia Open 2025,Quarter final,MD,Fajar ALFIAN / Muhammad Shohibul FIKRI,5,2085,HUANG Di / LIU Yang,24,1918
2025-06-06,Indonesia Open 2025,Quarter final,MS,Kunlavut VITIDSARN,1,2500,Alex LANIER,8,2327
2025-06-06,Indonesia Open 2025,Quarter final,MS,CHOU Tien Chen,7,2168,LI Shi Feng,4,2340
2025-06-06,Indonesia Open 2025,Quarter final,WD,Pearly TAN / THINAAH Muralitharan,4,2133,Rin IWANAGA / Kie NAKANISHI,5,2152
2025-06-06,Indonesia Open 2025,Quarter final,MD,MAN Wei Chong / TEE Kai Wun,7,2125,Satwiksairaj RANKIREDDY / Chirag SHETTY,22,2183
2025-06-06,Indonesia Open 2025,Quarter final,WS,WANG Zhi Yi,2,2475,GAO Fang jie,14,2251
2025-06-06,Indonesia Open 2025,Quarter final,WD,LIU Sheng Shu / TAN Ning,1,2335,KIM Hye Rin / KONG Hee Yong,7,2216
2025-06-06,Indonesia Open 2025,Quarter final,WD,LI Yi jing / LUO Xu Min,6,2047,Yuki FUKUSHIMA / Mayu MATSUMOTO,9,2149
2025-06-06,Indonesia Open 2025,Quarter final,WD,BAEK Ha Na / LEE So Hee,3,2168,Febriana Dwipuji KUSUMA / Amallia Cahaya PRATIWI,10,1972
2025-06-06,Indonesia Open 2025,Quarter final,WS,HAN Yue,4,2361,CHEN Yu Fei,5,2659
2025-06-06,Indonesia Open 2025,Quarter final,XD,CHENG Chi Ya / ZHANG Chi,11,2041,Hiroki MIDORIKAWA / Natsu SAITO,9,2055
2025-06-06,Indonesia Open 2025,Quarter final,XD,Thom GICQUEL / Delphine DELRUE,10,2038,Adnan MAULANA / Indah Cahya Sari JAMIL,32,1874
2025-06-06,Indonesia Open 2025,Quarter final,WS,Akane YAMAGUCHI,3,2382,Putri Kusuma WARDANI,12,2197
2025-06-06,Indonesia Open 2025,Quarter final,XD,Dechapol PUAVARANUKROH / Supissara PACHARAMONGKOL,6,2223,GOH Soon Huat / LAI Shevon Jemie,5,2055
2025-06-06,Indonesia Open 2025,Quarter final,WS,AN Se Young,1,2703,Pornpawee CHOCHUWONG,8,2302
2025-06-06,Indonesia Open 2025,Quarter final,XD,CHEN Tang Jie / TOH Ee Wei,4,2099,Jesper TOFT / Amalie MAGELUND,8,2043
2025-06-07,Indonesia Open 2025,Semi final,MD,KIM Won Ho / SEO Seung Jae,6,2207,Fajar ALFIAN / Muhammad Shohibul FIKRI,5,2099
2025-06-07,Indonesia Open 2025,Semi final,MD,Sabar Karyaman GUTAMA / Moh Reza Pahlevi ISFAHANI,8,2090,MAN Wei Chong / TEE Kai Wun,7,2156
2025-06-07,Indonesia Open 2025,Semi final,MS,Anders ANTONSEN,3,2331,SHI Yu Qi,2,2492
2025-06-07,Indonesia Open 2025,Semi final,WD,LIU Sheng Shu / TAN Ning,1,2353,BAEK Ha Na / LEE So Hee,3,2181
2025-06-07,Indonesia Open 2025,Semi final,MS,CHOU Tien Chen,7,2206,Kunlavut VITIDSARN,1,2515
2025-06-07,Indonesia Open 2025,Semi final,WD,Pearly TAN / THINAAH Muralitharan,4,2161,LI Yi jing / LUO Xu Min,6,2082
2025-06-07,Indonesia Open 2025,Semi final,WS,WANG Zhi Yi,2,2487,HAN Yue,4,2361
2025-06-07,Indonesia Open 2025,Semi final,XD,Thom GICQUEL / Delphine DELRUE,10,2053,CHENG Chi Ya / ZHANG Chi,11,2069
2025-06-07,Indonesia Open 2025,Semi final,WS,AN Se Young,1,2708,Akane YAMAGUCHI,3,2396
2025-06-07,Indonesia Open 2025,Semi final,XD,Dechapol PUAVARANUKROH / Supissara PACHARAMONGKOL,6,2237,CHEN Tang Jie / TOH Ee Wei,4,2122
2025-06-08,Indonesia Open 2025,Final,MD,KIM Won Ho / SEO Seung Jae,6,2226,Sabar Karyaman GUTAMA / Moh Reza Pahlevi ISFAHANI,8,2123
2025-06-08,Indonesia Open 2025,Final,MS,Anders ANTONSEN,3,2370,CHOU Tien Chen,7,2253
2025-06-08,Indonesia Open 2025,Final,WD,LIU Sheng Shu / TAN Ning,1,2368,Pearly TAN / THINAAH Muralitharan,4,2182
2025-06-08,Indonesia Open 2025,Final,WS,AN Se Young,1,2715,WANG Zhi Yi,2,2504
2025-06-08,Indonesia Open 2025,Final,XD,Thom GICQUEL / Delphine DELRUE,10,2082,Dechapol PUAVARANUKROH / Supissara PACHARAMONGKOL,6,2256
2025-07-22,China Open 2025,Round 1,WD,Mizuki OTAKE / Miyu TAKAHASHI,26,1879,Annie LADDHA / Estelle VAN ZANDT,,1508
2025-07-22,China Open 2025,Round 1,MS,Nhat NGUYEN,34,2028,Rasmus GEMKE,30,2021
2025-07-22,China Open 2025,Round 1,MD,Sabar Karyaman GUTAMA / Moh Reza Pahlevi ISFAHANI,8,2062,CHEN Zhi Xian / Presley SHIN Jian Da,30,1800
2025-07-22,China Open 2025,Round 1,MD,Fajar ALFIAN / Muhammad Shohibul FIKRI,86,1930,CHOONG Hon Jian / Muhammad Shohibul FIKRI,53,1797
2025-07-22,China Open 2025,Round 1,MD,Daniel LUNDGAARD / Mads VESTERGAARD,26,1836,CHIU Hsiang Chieh / WANG Chang,18,1885
2025-07-22,China Open 2025,Round 1,WD,Lauren LAM / Allison Qu..,28,1832,Kavipriya .. / Simran SINGHI,58,1517
2025-07-22,China Open 2025,Round 1,MS,LEONG Jun Hao,26,2128,Kenta NISHIMOTO,13,2147
2025-07-22,China Open 2025,Round 1,MD,HUANG Di / LIU Yang,17,1925,LIU Kuan Han / YANG Po Hsuan,23,1945
2025-07-22,China Open 2025,Round 1,WD,HSIEH Pei Lan / HUNG En-Tzu,12,1915,Amrutha PRAMUTHESH / Sonali SINGH,102,1539
2025-07-22,China Open 2025,Round 1,WD,BAEK Ha Na / LEE So Hee,4,2152,FAN Ka Yan / YAU Mau Ying,57,1706
2025-07-22,China Open 2025,Round 1,WD,LI Yi jing / LUO Xu Min,5,2020,Francesca CORBETT / Jennie GAI,92,1684
2025-07-22,China Open 2025,Round 1,WS,Gregoria Mariska TUNJUNG,8,2197,Kaoru SUGIYAMA,36,1800
2025-07-22,China Open 2025,Round 1,MD,LIANG Wei Keng / WANG Chang,6,2102,LEE Jhe-Huei / YANG Po Hsuan,21,1873
2025-07-22,China Open 2025,Round 1,WD,LUI Lok Lok / TSANG Hiu Yan,27,1726,Polina BUHROVA / Yevheniia KANTEMYR,21,1569
2025-07-22,China Open 2025,Round 1,MS,NG Ka Long Angus,20,2063,LEE Cheuk Yiu,15,2149
2025-07-22,China Open 2025,Round 1,MS,LI Shi Feng,5,2302,Lakshya SEN,19,2120
2025-07-22,China Open 2025,Round 1,MS,CHOU Tien Chen,6,2195,WANG Tzu Wei,24,2108
2025-07-22,China Open 2025,Round 1,WS,HAN Qian Xi,34,1922,Ratchanok INTANON,9,2183
2025-07-22,China Open 2025,Round 1,MD,Takuro HOKI / Yugo KOBAYASHI,16,2080,CHEN Bo Yang / LIU Yi,11,1987
2025-07-22,China Open 2025,Round 1,XD,FENG Yan Zhe / HUANG Dong Ping,1,2395,Yuichi SHIMABUKURO / Sayaka HIROTA,21,1876
2025-07-22,China Open 2025,Round 1,WS,CHEN Yu Fei,5,2637,KIM Ga Eun,17,2193
2025-07-22,China Open 2025,Round 1,XD,WONG Tien Ci / LIM Chiew Sien,34,1617,Rohan KAPOOR / GADDE Ruthvika Shivani,33,1683
2025-07-22,China Open 2025,Round 1,WS,GAO Fang jie,12,2232,Julie Dawall JAKOBSEN,30,1914
2025-07-22,China Open 2025,Round 1,MS,PRANNOY H. S.,35,1984,Koki WATANABE,18,2225
2025-07-22,China Open 2025,Round 1,MS,Kunlavut VITIDSARN,1,2427,Alwi FARHAN,25,2127
2025-07-22,China Open 2025,Round 1,XD,Hiroki MIDORIKAWA / Natsu SAITO,8,2047,YE Hong / Nicole Gonzales CHAN,17,1933
2025-07-22,China Open 2025,Round 1,XD,GAO Jia Xuan / WU Meng Ying,39,1888,HOO Pang Ron / CHENG Su Yin,13,1847
2025-07-22,China Open 2025,Round 1,WS,HAN Yue,3,2326,Natsuki NIDAIRA,24,2073
2025-07-22,China Open 2025,Round 1,XD,Rehan Naufal KUSHARJANTO / Gloria Emanuelle WIDJAJA,16,1910,Ashith SURYA / Amrutha PRAMUTHESH,41,1564
2025-07-22,China Open 2025,Round 1,WS,LIN Hsiang Ti,22,1965,Anupama UPADHYAYA,38,1798
2025-07-22,China Open 2025,Round 1,XD,GUO Xin Wa / CHEN Fang Hui,9,2007,Jesper TOFT / Amalie MAGELUND,10,1985
2025-07-22,China Open 2025,Round 1,WS,SIM Yu Jin,14,2203,Putri Kusuma WARDANI,10,2216
2025-07-22,China Open 2025,Round 1,XD,CHEN Tang Jie / TOH Ee Wei,4,2120,Presley SHIN Jian Da / Jennie GAI,29,1791
2025-07-23,China Open 2025,Round 1,MD,MAN Wei Chong / TEE Kai Wun,7,2128,Junaidi ARIFFIN / YAP Roy King,24,1875
2025-07-23,China Open 2025,Round 1,MD,Nur Mohd Azriyn Ayub / TAN Wee Kiong,25,1862,LEE Fang Jen / LEE Fang Chih,22,1869
2025-07-23,China Open 2025,Round 1,WD,Pearly TAN / THINAAH Muralitharan,3,2223,ONG Xin Yee / Carmen TING,38,1648
2025-07-23,China Open 2025,Round 1,WD,Yuki FUKUSHIMA / Mayu MATSUMOTO,9,2074,CHANG Tak Ching / YANG Ching Tun,20,1735
2025-07-23,China Open 2025,Round 1,WD,Rui HIROKAMI / Sayaka HIROTA,99,1851,Gabriela STOEVA / Stefani STOEVA,15,2015
2025-07-23,China Open 2025,Round 1,MD,Christo POPOV / Toma Junior POPOV,20,1904,Kevin LEE / Ty Alexander LEONG,65,1662
2025-07-23,China Open 2025,Round 1,WD,Febriana Dwipuji KUSUMA / Amallia Cahaya PRATIWI,10,1966,SUNG Shuo Yun / YU Chien Hui,18,1658
2025-07-23,China Open 2025,Round 1,MD,ONG Yew Sin / TEO Ee Yi,28,1955,REN Xiang Yu / SUN Wen ..,,1763
2025-07-23,China Open 2025,Round 1,MS,LIN Chun-Yi,16,2240,CHI Yu Jen,29,2069
2025-07-23,China Open 2025,Round 1,WS,Riko GUNJI,28,2087,ZHANG Beiwen,27,2116
2025-07-23,China Open 2025,Round 1,WS,CHIU Pin-Chian,21,1901,Pornpawee CHOCHUWONG,7,2289
2025-07-23,China Open 2025,Round 1,WD,GO Pei Kee / TEOH Mei Xing,22,1809,Paulina CHALUPSKA / Kornelia MARCHEWKA,40,1600
2025-07-23,China Open 2025,Round 1,XD,LU Ming Yang / HUNG En-Tzu,35,1733,Julien MAIO / Lea PALERMO,40,1675
2025-07-23,China Open 2025,Round 1,WS,WANG Zhi Yi,2,2514,HSU Wen Chi,37,1980
2025-07-23,China Open 2025,Round 1,MS,SHI Yu Qi,2,2500,WENG Hong Yang,11,2232
2025-07-23,China Open 2025,Round 1,MS,WANG Zheng Xing,23,2021,Kodai NARAOKA,7,2187
2025-07-23,China Open 2025,Round 1,MD,Dechapol PUAVARANUKROH / Kittinupong KEDREN,13,1971,Kim ASTRUP / Anders Skaarup RASMUSSEN,4,2053
2025-07-23,China Open 2025,Round 1,WS,Busanan ONGBAMRUNGPHAN,20,1990,Polina BUHROVA,39,1721
2025-07-23,China Open 2025,Round 1,MS,Brian YANG,32,1866,Anthony Sinisuka GINTING,46,2119
2025-07-23,China Open 2025,Round 1,WD,Rin IWANAGA / Kie NAKANISHI,8,2104,JEONG Na Eun / LEE Yeon Woo,48,1933
2025-07-23,China Open 2025,Round 1,WD,LIU Sheng Shu / TAN Ning,1,2418,Gronya SOMERVILLE / Angela YU,35,1749
2025-07-23,China Open 2025,Round 1,WS,SUNG Shuo Yun,23,1873,Line Højmark KJAERSFELDT,19,1995
2025-07-23,China Open 2025,Round 1,MS,LEE Chia Hao,21,2099,LU Guang Zu,12,2250
2025-07-23,China Open 2025,Round 1,WS,Unnati HOODA,35,1865,Kirsty GILMOUR,29,1937
2025-07-23,China Open 2025,Round 1,MD,Leo Rolly CARNANDO / Bagas MAULANA,10,1981,Takumi NOMURA / Yuichi SHIMABUKURO,31,1826
2025-07-23,China Open 2025,Round 1,XD,Mads VESTERGAARD / Christine BUSCH,24,1767,Callum HEMMING / Estelle VAN ZANDT,30,1771
2025-07-23,China Open 2025,Round 1,MD,Aaron CHIA / SOH Wooi Yik,2,2173,Rasmus KJÆR / Frederik SØGAARD,19,1947
2025-07-23,China Open 2025,Round 1,MS,Christo POPOV,14,2210,LEI Lan Xi,28,2055
2025-07-23,China Open 2025,Round 1,XD,JIANG Zhen Bang / WEI Ya Xin,2,2333,Kevin LEE / Josephine WU,117,1690
2025-07-23,China Open 2025,Round 1,MS,Anders ANTONSEN,3,2343,Yushi TANAKA,27,2022
2025-07-23,China Open 2025,Round 1,WS,AN Se Young,1,2766,Michelle LI,16,2081
2025-07-23,China Open 2025,Round 1,XD,Ruttanapon KETSAOPAR / Jhenicha SUDJAIPRAPARAT,15,1890,YANG Po Hsuan / HU Ling Fang,12,1760
2025-07-23,China Open 2025,Round 1,WS,Akane YAMAGUCHI,4,2406,Mia BLICHFELDT,26,2042
2025-07-23,China Open 2025,Round 1,MD,Satwiksairaj RANKIREDDY / Chirag SHETTY,12,2137,Kenya MITSUI / Hiroki OKAMURA,33,1757
2025-07-23,China Open 2025,Round 1,WS,PUSARLA V. Sindhu,15,2045,Tomoka MIYAZAKI,6,2147
2025-07-23,China Open 2025,Round 1,MS,Toma Junior POPOV,17,2117,Alex LANIER,9,2349
2025-07-23,China Open 2025,Round 1,XD,TANG Chun Man / TSE Ying Suet,5,2122,CHEN Zhi Xian / Francesca CORBETT,91,1604
2025-07-23,China Open 2025,Round 1,XD,Jafar HIDAYATULLAH / Felisha Alberta SI,14,1978,GOH Soon Huat / LAI Shevon Jemie,6,2051
2025-07-23,China Open 2025,Round 1,WD,JIA Yi Fan / ZHANG Shu Xian,7,2196,Nami MATSUYAMA / Chiharu SHIDA,2,2280
2025-07-23,China Open 2025,Round 1,WD,YEUNG .. / YEUNG Pak Hon,17,1821,Rutaparn.. / Swetaparn DEESOM,36,1531
2025-07-23,China Open 2025,Round 1,MD,KIM Won Ho / SEO Seung Jae,1,2305,XIE Hao Nan / ZENG Wei Han,29,1831
2025-07-23,China Open 2025,Round 1,XD,WANG Chang / JEONG Na Eun,,1619,Thom GICQUEL / Delphine DELRUE,7,2082
2025-07-23,China Open 2025,Round 1,MS,Jonatan CHRISTIE,4,2251,Jia Heng Jason TEH,22,2015
2025-07-23,China Open 2025,Round 1,XD,Dechapol PUAVARANUKROH / Supissara PACHARAMONGKOL,3,2261,HEE Yong KWON / JIN Yu Jia,23,1722
2025-07-23,China Open 2025,Round 1,XD,Amri SYAHNAWI / Nita Violina MARWAH,20,1907,CHENG Chi Ya / ZHANG Chi,11,2003
2025-07-23,China Open 2025,Round 1,MD,KANG Min Hyuk / KI Dong Ju,40,1983,GOH Sze Fei / Nur IZZUDDIN,3,2137
2025-07-24,China Open 2025,Round 2,WS,AN Se Young,1,2766,SIM Yu Jin,14,2229
2025-07-24,China Open 2025,Round 2,MD,MAN Wei Chong / TEE Kai Wun,7,2138,Nur Mohd Azriyn Ayub / TAN Wee Kiong,25,1892
2025-07-24,China Open 2025,Round 2,WD,KIM Hye Rin / KONG Hee Yong,6,2191,HSIEH Pei Lan / HUNG En-Tzu,12,1921
2025-07-24,China Open 2025,Round 2,MD,Fajar ALFIAN / Muhammad Shohibul FIKRI,86,1947,Sabar Karyaman GUTAMA / Moh Reza Pahlevi ISFAHANI,8,2071
2025-07-24,China Open 2025,Round 2,MD,LIANG Wei Keng / WANG Chang,6,2113,HUANG Di / LIU Yang,17,1954
2025-07-24,China Open 2025,Round 2,MD,KANG Min Hyuk / KI Dong Ju,40,2020,Daniel LUNDGAARD / Mads VESTERGAARD,26,1871
2025-07-24,China Open 2025,Round 2,WD,Yuki FUKUSHIMA / Mayu MATSUMOTO,9,2081,Febriana Dwipuji KUSUMA / Amallia Cahaya PRATIWI,10,1974
2025-07-24,China Open 2025,Round 2,WD,BAEK Ha Na / LEE So Hee,4,2155,LUI Lok Lok / TSANG Hiu Yan,27,1748
2025-07-24,China Open 2025,Round 2,MS,SHI Yu Qi,2,2509,Nhat NGUYEN,34,2053
2025-07-24,China Open 2025,Round 2,WS,CHEN Yu Fei,5,2641,GAO Fang jie,12,2239
2025-07-24,China Open 2025,Round 2,WD,GO Pei Kee / TEOH Mei Xing,22,1824,Rin IWANAGA / Kie NAKANISHI,8,2118
2025-07-24,China Open 2025,Round 2,WD,LIU Sheng Shu / TAN Ning,1,2419,Lauren LAM / Allison Qu..,28,1840
2025-07-24,China Open 2025,Round 2,WS,HAN Yue,3,2336,HAN Qian Xi,34,1967
2025-07-24,China Open 2025,Round 2,WS,Unnati HOODA,35,1900,PUSARLA V. Sindhu,15,2078
2025-07-24,China Open 2025,Round 2,MD,Aaron CHIA / SOH Wooi Yik,2,2184,Christo POPOV / Toma Junior POPOV,20,1915
2025-07-24,China Open 2025,Round 2,MD,KIM Won Ho / SEO Seung Jae,1,2308,Takuro HOKI / Yugo KOBAYASHI,16,2099
2025-07-24,China Open 2025,Round 2,XD,WANG Chang / JEONG Na Eun,,1716,Amri SYAHNAWI / Nita Violina MARWAH,20,1943
2025-07-24,China Open 2025,Round 2,WD,LI Yi jing / LUO Xu Min,5,2027,Mizuki OTAKE / Miyu TAKAHASHI,26,1885
2025-07-24,China Open 2025,Round 2,MD,ONG Yew Sin / TEO Ee Yi,28,1968,Dechapol PUAVARANUKROH / Kittinupong KEDREN,13,2004
2025-07-24,China Open 2025,Round 2,XD,FENG Yan Zhe / HUANG Dong Ping,1,2397,WONG Tien Ci / LIM Chiew Sien,34,1679
2025-07-24,China Open 2025,Round 2,MS,Anders ANTONSEN,3,2350,LIN Chun-Yi,16,2254
2025-07-24,China Open 2025,Round 2,MS,LI Shi Feng,5,2315,NG Ka Long Angus,20,2095
2025-07-24,China Open 2025,Round 2,WD,Pearly TAN / THINAAH Muralitharan,3,2225,Rui HIROKAMI / Sayaka HIROTA,99,1894
2025-07-24,China Open 2025,Round 2,WD,JIA Yi Fan / ZHANG Shu Xian,7,2227,YEUNG .. / YEUNG Pak Hon,17,1831
2025-07-24,China Open 2025,Round 2,MS,WANG Zheng Xing,23,2059,LEE Chia Hao,21,2135
2025-07-24,China Open 2025,Round 2,WS,Gregoria Mariska TUNJUNG,8,2202,LIN Hsiang Ti,22,1980
2025-07-24,China Open 2025,Round 2,WS,Akane YAMAGUCHI,4,2411,Busanan ONGBAMRUNGPHAN,20,1999
2025-07-24,China Open 2025,Round 2,XD,TANG Chun Man / TSE Ying Suet,5,2124,Ruttanapon KETSAOPAR / Jhenicha SUDJAIPRAPARAT,15,1908
2025-07-24,China Open 2025,Round 2,XD,JIANG Zhen Bang / WEI Ya Xin,2,2334,LU Ming Yang / HUNG En-Tzu,35,1764
2025-07-24,China Open 2025,Round 2,WS,WANG Zhi Yi,2,2516,Riko GUNJI,28,2115
2025-07-24,China Open 2025,Round 2,MD,Satwiksairaj RANKIREDDY / Chirag SHETTY,12,2143,Leo Rolly CARNANDO / Bagas MAULANA,10,1997
2025-07-24,China Open 2025,Round 2,XD,Rehan Naufal KUSHARJANTO / Gloria Emanuelle WIDJAJA,16,1917,Hiroki MIDORIKAWA / Natsu SAITO,8,2065
2025-07-24,China Open 2025,Round 2,MS,Christo POPOV,14,2224,Jonatan CHRISTIE,4,2261
2025-07-24,China Open 2025,Round 2,WS,CHIU Pin-Chian,21,1932,SUNG Shuo Yun,23,1912
2025-07-24,China Open 2025,Round 2,XD,CHEN Tang Jie / TOH Ee Wei,4,2127,GAO Jia Xuan / WU Meng Ying,39,1914
2025-07-24,China Open 2025,Round 2,MS,CHOU Tien Chen,6,2214,PRANNOY H. S.,35,2026
2025-07-24,China Open 2025,Round 2,MS,Toma Junior POPOV,17,2157,Brian YANG,32,1914
2025-07-24,China Open 2025,Round 2,MS,Kunlavut VITIDSARN,1,2435,LEONG Jun Hao,26,2155
2025-07-24,China Open 2025,Round 2,XD,GUO Xin Wa / CHEN Fang Hui,9,2032,Dechapol PUAVARANUKROH / Supissara PACHARAMONGKOL,3,2263
2025-07-24,China Open 2025,Round 2,XD,Jafar HIDAYATULLAH / Felisha Alberta SI,14,2011,Mads VESTERGAARD / Christine BUSCH,24,1802
2025-07-25,China Open 2025,Quarter final,MD,Satwiksairaj RANKIREDDY / Chirag SHETTY,12,2158,ONG Yew Sin / TEO Ee Yi,28,1998
2025-07-25,China Open 2025,Quarter final,MD,Aaron CHIA / SOH Wooi Yik,2,2193,MAN Wei Chong / TEE Kai Wun,7,2148
2025-07-25,China Open 2025,Quarter final,MD,LIANG Wei Keng / WANG Chang,6,2128,KANG Min Hyuk / KI Dong Ju,40,2036
2025-07-25,China Open 2025,Quarter final,MS,Anders ANTONSEN,3,2369,Toma Junior POPOV,17,2167
2025-07-25,China Open 2025,Quarter final,WS,AN Se Young,1,2769,CHEN Yu Fei,5,2645
2025-07-25,China Open 2025,Quarter final,MD,Fajar ALFIAN / Muhammad Shohibul FIKRI,86,1984,KIM Won Ho / SEO Seung Jae,1,2320
2025-07-25,China Open 2025,Quarter final,MS,WANG Zheng Xing,23,2090,Christo POPOV,14,2252
2025-07-25,China Open 2025,Quarter final,WD,KIM Hye Rin / KONG Hee Yong,6,2200,BAEK Ha Na / LEE So Hee,4,2160
2025-07-25,China Open 2025,Quarter final,WS,HAN Yue,3,2341,Gregoria Mariska TUNJUNG,8,2213
2025-07-25,China Open 2025,Quarter final,WD,Pearly TAN / THINAAH Muralitharan,3,2232,Yuki FUKUSHIMA / Mayu MATSUMOTO,9,2099
2025-07-25,China Open 2025,Quarter final,WD,JIA Yi Fan / ZHANG Shu Xian,7,2232,GO Pei Kee / TEOH Mei Xing,22,1876
2025-07-25,China Open 2025,Quarter final,WD,LIU Sheng Shu / TAN Ning,1,2421,LI Yi jing / LUO Xu Min,5,2043
2025-07-25,China Open 2025,Quarter final,WS,Akane YAMAGUCHI,4,2416,Unnati HOODA,35,1942
2025-07-25,China Open 2025,Quarter final,MS,SHI Yu Qi,2,2513,LI Shi Feng,5,2326
2025-07-25,China Open 2025,Quarter final,XD,Jafar HIDAYATULLAH / Felisha Alberta SI,14,2023,TANG Chun Man / TSE Ying Suet,5,2136
2025-07-25,China Open 2025,Quarter final,XD,FENG Yan Zhe / HUANG Dong Ping,1,2398,Rehan Naufal KUSHARJANTO / Gloria Emanuelle WIDJAJA,16,1956
2025-07-25,China Open 2025,Quarter final,MS,CHOU Tien Chen,6,2227,Kunlavut VITIDSARN,1,2443
2025-07-25,China Open 2025,Quarter final,WS,WANG Zhi Yi,2,2520,CHIU Pin-Chian,21,1958
2025-07-25,China Open 2025,Quarter final,XD,JIANG Zhen Bang / WEI Ya Xin,2,2336,WANG Chang / JEONG Na Eun,,1777
2025-07-25,China Open 2025,Quarter final,XD,GUO Xin Wa / CHEN Fang Hui,9,2073,CHEN Tang Jie / TOH Ee Wei,4,2139
2025-07-26,China Open 2025,Semi final,MD,Aaron CHIA / SOH Wooi Yik,2,2216,Satwiksairaj RANKIREDDY / Chirag SHETTY,12,2173
2025-07-26,China Open 2025,Semi final,WS,HAN Yue,3,2358,AN Se Young,1,2786
2025-07-26,China Open 2025,Semi final,MD,Fajar ALFIAN / Muhammad Shohibul FIKRI,86,2033,LIANG Wei Keng / WANG Chang,6,2147
2025-07-26,China Open 2025,Semi final,WS,WANG Zhi Yi,2,2522,Akane YAMAGUCHI,4,2419
2025-07-26,China Open 2025,Semi final,MS,WANG Zheng Xing,23,2129,Anders ANTONSEN,3,2381
2025-07-26,China Open 2025,Semi final,MS,SHI Yu Qi,2,2526,CHOU Tien Chen,6,2268
2025-07-26,China Open 2025,Semi final,WD,LIU Sheng Shu / TAN Ning,1,2426,KIM Hye Rin / KONG Hee Yong,6,2224
2025-07-26,China Open 2025,Semi final,XD,JIANG Zhen Bang / WEI Ya Xin,2,2338,Jafar HIDAYATULLAH / Felisha Alberta SI,14,2059
2025-07-26,China Open 2025,Semi final,WD,JIA Yi Fan / ZHANG Shu Xian,7,2238,Pearly TAN / THINAAH Muralitharan,3,2249
2025-07-26,China Open 2025,Semi final,XD,FENG Yan Zhe / HUANG Dong Ping,1,2402,GUO Xin Wa / CHEN Fang Hui,9,2105
2025-07-27,China Open 2025,Final,MD,Fajar ALFIAN / Muhammad Shohibul FIKRI,86,2070,Aaron CHIA / SOH Wooi Yik,2,2240
2025-07-27,China Open 2025,Final,WS,WANG Zhi Yi,2,2541,HAN Yue,3,2378
2025-07-27,China Open 2025,Final,MS,SHI Yu Qi,2,2536,WANG Zheng Xing,23,2173
2025-07-27,China Open 2025,Final,WD,LIU Sheng Shu / TAN Ning,1,2439,JIA Yi Fan / ZHANG Shu Xian,7,2266
2025-07-27,China Open 2025,Final,XD,FENG Yan Zhe / HUANG Dong Ping,1,2410,JIANG Zhen Bang / WEI Ya Xin,2,2347
2025-08-25,BWF World Championships 2025,Round 1,MD,LIU Kuan Han / YANG Po Hsuan,23,1916,Hariharan AMSAKARUNAN / Ruban KUMAR,33,1646
2025-08-25,BWF World Championships 2025,Round 1,WD,Lauren LAM / Allison QUEK,21,1840,Sian KELLY / Annie LADDHA,68,1540
2025-08-25,BWF World Championships 2025,Round 1,WD,Abbygael NEYRA / Lizzie TOLMAN,59,1564,Nikol CAVDAROVA / Carmen MARTIN,92,1604
2025-08-25,BWF World Championships 2025,Round 1,MD,Ruben GOMEZ / Carlos PIOTTO,101,1559,Jonathan MCDERMOTT / Nyl YAKURA,52,1669
2025-08-25,BWF World Championships 2025,Round 1,WS,Yvonne LI,55,1775,Ines Lucia CASTILLO SILVA,97,1677
2025-08-25,BWF World Championships 2025,Round 1,MS,Nhat NGUYEN,30,2050,Brian YANG,31,1902
2025-08-25,BWF World Championships 2025,Round 1,WD,Julie MACPHERSON / Ciara TORRANCE,32,1580,Isuri ATTANAYAKE / Sithumi DISSANAYAKE,108,1500
2025-08-25,BWF World Championships 2025,Round 1,WD,Tea MARQUET / Flavie VANACKER,56,1682,Hasini AMBALANGODAGE / Hasara WIRATUNGA,101,1500
2025-08-25,BWF World Championships 2025,Round 1,MD,NGUYEN Tien Minh / TRAN Dinh Hoang,126,1642,Izak BAJIC / Matheus VIEIRA,116,1655
2025-08-25,BWF World Championships 2025,Round 1,MD,Christo POPOV / Toma Junior POPOV,19,1905,Keith MARTIN / Jack YU,145,1596
2025-08-25,BWF World Championships 2025,Round 1,MD,Solomon GBENGA / Julius VILLANUEVA,123,1660,Koceila MAMMERI / Youcef SABRI,122,1849
2025-08-25,BWF World Championships 2025,Round 1,MD,Eng Keat GOH / Junsuke KAWAHARA,59,1618,Agil GABI / Dicky Dwi PANGESTU,82,1507
2025-08-25,BWF World Championships 2025,Round 1,WD,SUNG Shuo Yun / YU Chien Hui,20,1644,Orla FLOYD / Moya RYAN,96,1496
2025-08-25,BWF World Championships 2025,Round 1,MS,Kodai NARAOKA,8,2150,Dumindu ABEYWICKRAMA,153,1506
2025-08-25,BWF World Championships 2025,Round 1,MD,Alexander DUNN / Adam PRICE,74,1704,Yann ORIGIN / PHAM Minh Nhat,112,1532
2025-08-25,BWF World Championships 2025,Round 1,WD,Kirsten DEBAERE / Mariia STOLIARENKO,94,1578,Fadilah Shamika MOHAMAD / Tracy NALUWOOZA,164,1577
2025-08-25,BWF World Championships 2025,Round 1,WD,Margot LAMBERT / Camille PION,42,1789,Priya KONJENGBAM / Shruti MISHRA,39,1651
2025-08-25,BWF World Championships 2025,Round 1,WD,Gronya SOMERVILLE / Angela YU,30,1748,Laksika KANLAHA / Phataimas MUENWONG,41,1812
2025-08-25,BWF World Championships 2025,Round 1,WS,SIM Yu Jin,12,2227,ZHANG Wen Yu,51,1806
2025-08-25,BWF World Championships 2025,Round 1,MD,CHEN Zhi Xian / Presley SHIN Jian Da,30,1789,Peeratchai ROAJANAWONG / Pakkapon TEERARATSAKUL,43,1842
2025-08-25,BWF World Championships 2025,Round 1,MD,Rasmus GEMKE / Frederik SØGAARD,21,1935,Ivan RUSINOV / Iliyan STOYANOV,95,1572
2025-08-25,BWF World Championships 2025,Round 1,WS,Gregoria Mariska TUNJUNG,7,2196,Petra MAIXNEROVÁ,115,1652
2025-08-25,BWF World Championships 2025,Round 1,WD,Paula LORENTE / Lucia RODRIGUEZ,75,1677,Serena ANITA / Anna HAGSTROM,72,1536
2025-08-25,BWF World Championships 2025,Round 1,WD,Polina BUGROVA / Yevheniia SKOKAN,24,1534,Mihaela ANTONESCU / Tsvetina PETRUNOVA,84,1524
2025-08-25,BWF World Championships 2025,Round 1,WS,AN Se Young,1,2766,Clara LASSAUX,100,1598
2025-08-25,BWF World Championships 2025,Round 1,WD,Gabriela STOEVA / Stefani STOEVA,19,1977,Rutaparn OBBOON / Swetaparn DEESOM,38,1509
2025-08-25,BWF World Championships 2025,Round 1,WS,Ranithma LIYANAGE,107,1607,Rachael DARRAGH,159,1491
2025-08-25,BWF World Championships 2025,Round 1,MD,HUNG Kai Xiang / LUI Chun Kit,117,1674,Kevin LEE / Ty Alexander LEONG,45,1630
2025-08-25,BWF World Championships 2025,Round 1,MS,Kalle KOLJONEN,54,1819,Harry HUANG,65,1734
2025-08-25,BWF World Championships 2025,Round 1,WD,Lucie AMET / Caroline ROHNER,63,1589,Paulina CHALUPSKA / Kornelia MARCHEWKA,36,1575
2025-08-25,BWF World Championships 2025,Round 1,MD,Malik BOGDANOV / Kenneth NIELSEN,66,1606,Jonathan MCDERMOTT / Christoph WEGNER,99,1591
2025-08-25,BWF World Championships 2025,Round 1,MS,NG Ka Long Angus,22,2076,Collins Valentine FILIMON,138,1705
2025-08-25,BWF World Championships 2025,Round 1,MS,SHI Yu Qi,1,2542,Lakshya SEN,21,2114
2025-08-25,BWF World Championships 2025,Round 1,WS,Julie Dawall JAKOBSEN,32,1906,Milena SCHNIDER,120,1576
2025-08-25,BWF World Championships 2025,Round 1,MS,Alex LANIER,7,2309,Kantaphon WANGCHAROEN,46,1831
2025-08-25,BWF World Championships 2025,Round 1,MD,Christoph WEGNER / Matthew NOTTINGHAM,40,1717,Daniel FRIIS / Rodrigo SEGURA,90,1634
2025-08-25,BWF World Championships 2025,Round 1,MD,Jiří KRÁL / Ondrej KRAPL,71,1645,Fabricio AUGUSTO / Davi SILVA,67,1723
2025-08-25,BWF World Championships 2025,Round 1,WS,NGUYEN Thuy Linh,22,1995,Ratchanok INTANON,10,2141
2025-08-25,BWF World Championships 2025,Round 1,MD,Eloi ADAM / Leo ROSSI,39,1802,Rory EASON / Alex GRECU,53,1678
2025-08-25,BWF World Championships 2025,Round 1,MS,LEE Chia Hao,20,2104,Giovanni TOTI,136,1676
2025-08-25,BWF World Championships 2025,Round 1,WS,CHEN Yu Fei,4,2630,Anna TATRANOVA,90,1631
2025-08-25,BWF World Championships 2025,Round 1,MS,Julien CARRAGGI,59,1752,LE Duc Phat,69,1726
2025-08-25,BWF World Championships 2025,Round 1,MS,Christo POPOV,10,2215,PUI Pang Fong,126,1681
2025-08-25,BWF World Championships 2025,Round 1,WS,Busanan ONGBAMRUNGPHAN,18,1997,Tereza ŠVÁBÍKOVÁ,92,1635
2025-08-25,BWF World Championships 2025,Round 1,WS,Ozge BAYRAK,106,1812,Tiffany HO,143,1801
2025-08-25,BWF World Championships 2025,Round 1,WD,Airah MAGANAKA / Eleanor CORRIGAN,99,1500,Taabia KHAN / Mysha OEHLBERG,78,1500
2025-08-25,BWF World Championships 2025,Round 1,WS,Mia BLICHFELDT,26,2036,SUNG Shuo Yun,25,1886
2025-08-25,BWF World Championships 2025,Round 1,MS,LU Guang Zu,11,2215,Jia Heng Jason TEH,24,1992
2025-08-25,BWF World Championships 2025,Round 1,MS,Victor LAI,51,1934,Edward LAU,135,1889
2025-08-25,BWF World Championships 2025,Round 1,WS,Michelle LI,16,2080,Natsuki NIDAIRA,20,2060
2025-08-25,BWF World Championships 2025,Round 1,WS,Kirsty GILMOUR,31,1904,Fadilah Shamika MOHAMAD,166,1699
2025-08-25,BWF World Championships 2025,Round 1,MD,KIM Gi Jung / KIM Sa Rang,72,1843,LAW Cheuk Him / YEUNG Shing Chit,165,1531
2025-08-25,BWF World Championships 2025,Round 1,MS,Aria DINATA,85,1795,Dicky Dwi PANGESTU,93,1710
2025-08-25,BWF World Championships 2025,Round 1,MS,LOH Kean Yew,9,2258,Georges Julien PAUL,,1764
2025-08-25,BWF World Championships 2025,Round 1,WS,YEO Jia Min,13,2169,THET Htar Thuzar,93,1586
2025-08-25,BWF World Championships 2025,Round 1,MS,JEON Hyeok Jin,38,1956,LEE Zii Jia,52,2221
2025-08-25,BWF World Championships 2025,Round 1,WD,Selin HÜSNÜOGLU / Amelie LEFEBVRE,82,1573,Jacqueline FUNAOKA / Samia LIMA,64,1598
2025-08-25,BWF World Championships 2025,Round 1,MS,WENG Hong Yang,16,2223,Jack YU,134,1810
2025-08-25,BWF World Championships 2025,Round 1,WD,LUI Lok Hang Angus / TSANG Ho Wai Ethan,26,1752,Cloé BRASTIAUX / Julie FRADET,103,1500
2025-08-25,BWF World Championships 2025,Round 1,WS,Ishika JAISWAL,67,1710,Stefani STOEVA,88,1744
2025-08-25,BWF World Championships 2025,Round 1,WS,Pornpawee CHOCHUWONG,6,2261,Yue Yann Jaslyn HOOI,98,1622
2025-08-25,BWF World Championships 2025,Round 1,MD,Junaidi ARIFFIN / YAP Roy King,22,1923,Kenya MITSUI / Hiroki OKAMURA,34,1750
2025-08-25,BWF World Championships 2025,Round 1,MS,Yushi TANAKA,27,2015,LI Shi Feng,4,2313
2025-08-26,BWF World Championships 2025,Round 2,MD,Ben LANE / Sean VENDY,14,1926,KIM Gi Jung / KIM Sa Rang,72,1852
2025-08-26,BWF World Championships 2025,Round 2,MD,MAN Wei Chong / TEE Kai Wun,7,2125,Christo POPOV / Toma Junior POPOV,19,1913
2025-08-26,BWF World Championships 2025,Round 2,WD,JIA Yi Fan / ZHANG Shu Xian,6,2251,Selin HÜSNÜOGLU / Amelie LEFEBVRE,82,1640
2025-08-26,BWF World Championships 2025,Round 2,WD,Febriana Dwipuji KUSUMA / Amallia Cahaya PRATIWI,10,1955,Julie MACPHERSON / Ciara TORRANCE,32,1627
2025-08-26,BWF World Championships 2025,Round 2,WD,BAEK Ha Na / LEE So Hee,4,2136,Margot LAMBERT / Camille PION,42,1810
2025-08-26,BWF World Championships 2025,Round 2,MD,Kim ASTRUP / Anders Skaarup RASMUSSEN,5,2021,Alexander DUNN / Adam PRICE,74,1726
2025-08-26,BWF World Championships 2025,Round 2,MD,CHIU Hsiang Chieh / WANG Chang,16,1852,Solomon GBENGA / Julius VILLANUEVA,123,1731
2025-08-26,BWF World Championships 2025,Round 2,WD,LI Yi Jing / LUO Xu Min,7,2038,Polina BUGROVA / Yevheniia SKOKAN,24,1603
2025-08-26,BWF World Championships 2025,Round 2,MD,Leo Rolly CARNANDO / Bagas MAULANA,10,1981,Eloi ADAM / Leo ROSSI,39,1824
2025-08-26,BWF World Championships 2025,Round 2,WD,HSU Yin-Hui / LIN Jhih Yong,15,1808,Airah MAGANAKA / Eleanor CORRIGAN,99,1579
2025-08-26,BWF World Championships 2025,Round 2,WD,Rin IWANAGA / Kie NAKANISHI,9,2075,Kirsten DEBAERE / Mariia STOLIARENKO,94,1640
2025-08-26,BWF World Championships 2025,Round 2,WD,LIU Sheng Shu / TAN Ning,1,2454,Lucie AMET / Caroline ROHNER,63,1646
2025-08-26,BWF World Championships 2025,Round 2,WD,CHANG Tak Ching / YANG Ching Tun,16,1726,Paula LORENTE / Lucia RODRIGUEZ,75,1704
2025-08-26,BWF World Championships 2025,Round 2,MD,KIM Won Ho / SEO Seung Jae,1,2274,Eng Keat GOH / Junsuke KAWAHARA,59,1655
2025-08-26,BWF World Championships 2025,Round 2,MD,Takuro HOKI / Yugo KOBAYASHI,13,2087,Malik BOGDANOV / Kenneth NIELSEN,66,1660
2025-08-26,BWF World Championships 2025,Round 2,MD,Fajar ALFIAN / Muhammad Shohibul FIKRI,4,2079,HUNG Kai Xiang / LUI Chun Kit,117,1714
2025-08-26,BWF World Championships 2025,Round 1,WS,LIN Hsiang Ti,21,1994,Clara AZURMENDI,79,1686
2025-08-26,BWF World Championships 2025,Round 1,MS,Fabian ROTH,95,1712,Ygor COELHO,,1780
2025-08-26,BWF World Championships 2025,Round 1,XD,Rory EASON / Lizzie TOLMAN,43,1725,Jonathan MCDERMOTT / Crystal LAI,61,1636
2025-08-26,BWF World Championships 2025,Round 1,WS,Putri Kusuma WARDANI,9,2190,LO Sin Yan Happy,45,1806
2025-08-26,BWF World Championships 2025,Round 1,MS,LEE Cheuk Yiu,13,2102,Gustav BJORKLER,97,1778
2025-08-26,BWF World Championships 2025,Round 1,XD,YE Hong / Nicole GORACZKA,19,1914,Presley SHIN Jian Da / Jennie Gail HORLADOR,26,1782
2025-08-26,BWF World Championships 2025,Round 1,XD,Yuichi SHIMABUKURO / Sayaka HIROTA,20,1873,Oleksii TIUNOV / Yevheniia SKOKAN,59,1500
2025-08-26,BWF World Championships 2025,Round 1,XD,CHEN Ching Chen / HSU Yin-Hui,21,1804,Christoph WEGNER / Diana CORTES,60,1627
2025-08-26,BWF World Championships 2025,Round 1,WS,Juliana Viana VIEIRA,68,1864,Keisha Fatimah AZ ZAHRA,59,1732
2025-08-26,BWF World Championships 2025,Round 1,WS,WANG Zhi Yi,2,2557,Agnes KOROSI,103,1647
2025-08-26,BWF World Championships 2025,Round 1,XD,Callum HEMMING / Estelle VAN ZANDT,29,1717,Ruben GOMEZ / Lucia RODRIGUEZ,44,1670
2025-08-26,BWF World Championships 2025,Round 1,XD,Mihajlo TABOROVIC / Andjela VISIC,86,1697,Misha ZILBERMAN / Svetlana ZILBERMAN,,1550
2025-08-26,BWF World Championships 2025,Round 1,XD,Joshua MAYO / Moya RYAN,80,1530,Linden WARREN / Eva WANG,123,1610
2025-08-26,BWF World Championships 2025,Round 1,MS,Ethan ROSE,106,1793,Pablo ABIAN,188,1747
2025-08-26,BWF World Championships 2025,Round 1,XD,Pakkapon TEERARATSAKUL / Phataimas MUENWONG,48,1847,Julien MAIO / Lea PALERMO,36,1639
2025-08-26,BWF World Championships 2025,Round 1,MS,Anders ANTONSEN,2,2338,Jonathan MATIAS,128,1752
2025-08-26,BWF World Championships 2025,Round 1,MS,Alwi FARHAN,23,2154,NGUYEN Hai Dang,57,1791
2025-08-26,BWF World Championships 2025,Round 1,XD,Malik BOGDANOV / Leona MIZUTANI,55,1732,Jahid ALAM / Hajar NUR SHAFIQ,106,1500
2025-08-26,BWF World Championships 2025,Round 1,XD,Mathias THYRRI / Alexandra BOE,194,1901,Ty Alexander LEONG / Josephine WU,76,1853
2025-08-26,BWF World Championships 2025,Round 1,MS,LIN Chun-Yi,12,2235,Rasmus GEMKE,29,1995
2025-08-26,BWF World Championships 2025,Round 1,XD,Rohan KAPOOR / GADDE Ruthvika Shivani,33,1617,LEONG Ing Jun / NG Weng Kit,66,1596
2025-08-26,BWF World Championships 2025,Round 1,WS,HAN Yue,3,2363,CHIU Pin-Chian,24,1942
2025-08-26,BWF World Championships 2025,Round 1,WS,LETSHANAA KARUPANNAN,40,1740,Saloni Samirbhai MEHTA,77,1729
2025-08-26,BWF World Championships 2025,Round 1,WS,Supanida KATETHONG,11,2098,Miranda WILSON,113,1664
2025-08-26,BWF World Championships 2025,Round 1,MS,PRANNOY H. S.,34,1996,Joakim OLDORFF,48,1853
2025-08-26,BWF World Championships 2025,Round 1,WS,ZHANG Beiwen,27,2089,Yasmine HAMZA,118,1613
2025-08-26,BWF World Championships 2025,Round 1,WS,Line Højmark KJAERSFELDT,19,1960,Kristin KUUBA,185,1712
2025-08-26,BWF World Championships 2025,Round 1,WS,PUSARLA V. Sindhu,15,2040,Kaloyana NALBANTOVA,69,1829
2025-08-26,BWF World Championships 2025,Round 1,MS,KIM Byung Jae,102,1720,Adriano VIALE AGUIRRE,94,1651
2025-08-26,BWF World Championships 2025,Round 1,MS,Viren NETTASINGHE,76,1753,Misha ZILBERMAN,72,1717
2025-08-26,BWF World Championships 2025,Round 1,MS,Ade Resky DWICAHYO,91,1787,Koki WATANABE,19,2185
2025-08-26,BWF World Championships 2025,Round 1,MS,Kunlavut VITIDSARN,3,2402,Uriel Francisco CANJURA,171,1747
2025-08-26,BWF World Championships 2025,Round 1,WS,HSU Wen Chi,36,1971,Vivien SANDORHAZI,89,1713
2025-08-26,BWF World Championships 2025,Round 1,MS,Toma Junior POPOV,15,2155,Anthony Sinisuka GINTING,73,2078
2025-08-26,BWF World Championships 2025,Round 1,WS,Akane YAMAGUCHI,5,2400,Kai Qi (Bernice) TEOH,138,1529
2025-08-26,BWF World Championships 2025,Round 1,XD,Fabricio AUGUSTO / Jacqueline FUNAOKA,58,1740,Miha IVANCIC / Petra POLNISEK,79,1611
2025-08-26,BWF World Championships 2025,Round 1,XD,LEE Jong Won / CHAE Yu Jung,67,1925,Adam PRYCE / Rachel ANDRIYANA,92,1626
2025-08-26,BWF World Championships 2025,Round 1,WS,Tomoka MIYAZAKI,8,2114,Neslihan ARIN,57,1878
2025-08-26,BWF World Championships 2025,Round 1,XD,Alexander DUNN / Julie MACPHERSON,25,1757,Edward LIANG / Shaunna JI,77,1749
2025-08-26,BWF World Championships 2025,Round 1,MS,Jonatan CHRISTIE,5,2233,Matthias KICKLITZ,70,1733
2025-08-26,BWF World Championships 2025,Round 1,XD,HEE Yong KWON / JIN Yu Jia,22,1702,Koceila MAMMERI / Tanina VIOLACQ,72,1737
2025-08-26,BWF World Championships 2025,Round 1,WS,KIM Ga Eun,17,2190,Polina BUHROVA,41,1708
2025-08-26,BWF World Championships 2025,Round 1,WS,VU Thi Trang,170,1770,Yevheniia KANTEMYR,129,1450
2025-08-26,BWF World Championships 2025,Round 1,WS,GAO Fang jie,14,2234,GOH Jin Wei,50,1852
2025-08-26,BWF World Championships 2025,Round 1,MS,LEONG Jun Hao,25,2146,Tobias KUENZI,148,1691
2025-08-26,BWF World Championships 2025,Round 1,MS,Kenta NISHIMOTO,14,2120,WANG Tzu Wei,28,2088
2025-08-26,BWF World Championships 2025,Round 1,XD,Rinov RIVALDY / Pitha Haningtyas MENTARI,35,1918,LU Ming Yang / HUNG En-Tzu,31,1768
2025-08-27,BWF World Championships 2025,Round 2,MS,Kunlavut VITIDSARN,3,2403,KIM Byung Jae,102,1752
2025-08-27,BWF World Championships 2025,Round 2,MS,JEON Hyeok Jin,38,2003,Yushi TANAKA,27,2061
2025-08-27,BWF World Championships 2025,Round 2,MD,LEE Jhe-Huei / YANG Po Hsuan,18,1861,NGUYEN Tien Minh / TRAN Dinh Hoang,126,1694
2025-08-27,BWF World Championships 2025,Round 2,MD,CHEN Bo Yang / LIU Yi,11,1967,Jiří KRÁL / Ondrej KRAPL,71,1706
2025-08-27,BWF World Championships 2025,Round 2,WS,GAO Fang jie,14,2240,VU Thi Trang,170,1780
2025-08-27,BWF World Championships 2025,Round 2,MS,Anders ANTONSEN,2,2339,PRANNOY H. S.,34,2012
2025-08-27,BWF World Championships 2025,Round 2,WD,KIM Hye Rin / KONG Hee Yong,5,2211,Lauren LAM / Allison QUEK,21,1850
2025-08-27,BWF World Championships 2025,Round 2,WS,HAN Yue,3,2367,ZHANG Beiwen,27,2092
2025-08-27,BWF World Championships 2025,Round 2,MD,GOH Sze Fei / Nur IZZUDDIN,3,2101,CHEN Zhi Xian / Presley SHIN Jian Da,30,1828
2025-08-27,BWF World Championships 2025,Round 2,MS,Victor LAI,51,1959,LU Guang Zu,11,2226
2025-08-27,BWF World Championships 2025,Round 2,MS,Alwi FARHAN,23,2160,LIN Chun-Yi,12,2246
2025-08-27,BWF World Championships 2025,Round 2,MD,Rasmus GEMKE / Frederik SØGAARD,21,1942,Sabar Karyaman GUTAMA / Moh Reza Pahlevi ISFAHANI,8,2037
2025-08-27,BWF World Championships 2025,Round 2,WD,Lanny Tria MAYASARI / Siti Fadia Silva RAMADHANTI,14,2005,Tea MARQUET / Flavie VANACKER,56,1705
2025-08-27,BWF World Championships 2025,Round 2,WD,HSIEH Pei Lan / HUNG En-Tzu,11,1945,Abbygael NEYRA / Lizzie TOLMAN,59,1636
2025-08-27,BWF World Championships 2025,Round 2,WS,Michelle LI,16,2105,Ozge BAYRAK,106,1844
2025-08-27,BWF World Championships 2025,Round 2,MS,Toma Junior POPOV,15,2175,Viren NETTASINGHE,76,1786
2025-08-27,BWF World Championships 2025,Round 2,WS,AN Se Young,1,2766,Yvonne LI,55,1801
2025-08-27,BWF World Championships 2025,Round 2,WS,CHEN Yu Fei,4,2630,Mia BLICHFELDT,26,2052
2025-08-27,BWF World Championships 2025,Round 2,WS,NGUYEN Thuy Linh,22,2034,Kirsty GILMOUR,31,1918
2025-08-27,BWF World Championships 2025,Round 2,MD,Aaron CHIA / SOH Wooi Yik,2,2200,Christoph WEGNER / Matthew NOTTINGHAM,40,1748
2025-08-27,BWF World Championships 2025,Round 2,MS,Alex LANIER,7,2312,Aria DINATA,85,1821
2025-08-27,BWF World Championships 2025,Round 2,XD,CHEN Tang Jie / TOH Ee Wei,4,2096,Rohan KAPOOR / GADDE Ruthvika Shivani,33,1668
2025-08-27,BWF World Championships 2025,Round 2,MS,WENG Hong Yang,16,2228,LEE Chia Hao,20,2108
2025-08-27,BWF World Championships 2025,Round 2,XD,Jafar HIDAYATULLAH / Felisha Alberta SI,11,2050,Mihajlo TABOROVIC / Andjela VISIC,86,1722
2025-08-27,BWF World Championships 2025,Round 2,MD,LIANG Wei Keng / WANG Chang,6,2112,Ruben GOMEZ / Carlos PIOTTO,101,1644
2025-08-27,BWF World Championships 2025,Round 2,WD,Pearly TAN / THINAAH Muralitharan,2,2221,LUI Lok Hang Angus / TSANG Ho Wai Ethan,26,1766
2025-08-27,BWF World Championships 2025,Round 2,MD,Satwiksairaj RANKIREDDY / Chirag SHETTY,9,2132,LIU Kuan Han / YANG Po Hsuan,23,1927
2025-08-27,BWF World Championships 2025,Round 2,XD,GOH Soon Huat / LAI Shevon Jemie,6,2020,Pakkapon TEERARATSAKUL / Phataimas MUENWONG,48,1862
2025-08-27,BWF World Championships 2025,Round 2,MD,Junaidi ARIFFIN / YAP Roy King,22,1939,Dechapol PUAVARANUKROH / Kittinupong KEDREN,12,1975
2025-08-27,BWF World Championships 2025,Round 2,WS,WANG Zhi Yi,2,2557,LIN Hsiang Ti,21,2002
2025-08-27,BWF World Championships 2025,Round 2,WS,PUSARLA V. Sindhu,15,2053,LETSHANAA KARUPANNAN,40,1777
2025-08-27,BWF World Championships 2025,Round 2,XD,HOO Pang Ron / CHENG Chi Ya,16,1821,Malik BOGDANOV / Leona MIZUTANI,55,1748
2025-08-27,BWF World Championships 2025,Round 2,XD,Thom GICQUEL / Delphine DELRUE,8,2034,Fabricio AUGUSTO / Jacqueline FUNAOKA,58,1765
2025-08-27,BWF World Championships 2025,Round 2,MS,SHI Yu Qi,1,2546,Julien CARRAGGI,59,1786
2025-08-27,BWF World Championships 2025,Round 2,XD,Jesper TOFT / Amalie MAGELUND,10,1960,LEE Jong Won / CHAE Yu Jung,67,1933
2025-08-27,BWF World Championships 2025,Round 2,XD,YE Hong / Nicole GORACZKA,19,1932,Ruttanapon KETSAOPAR / Jhenicha SUDJAIPRAPARAT,15,1895
2025-08-27,BWF World Championships 2025,Round 2,WD,YEUNG Wing Lee / YEUNG Wing Lee,17,1826,SUNG Shuo Yun / YU Chien Hui,20,1674
2025-08-27,BWF World Championships 2025,Round 2,WD,Yuki FUKUSHIMA / Mayu MATSUMOTO,8,2082,Gronya SOMERVILLE / Angela YU,30,1792
2025-08-27,BWF World Championships 2025,Round 2,WD,Nami MATSUYAMA / Chiharu SHIDA,3,2248,Bengisu ERCETIN / Nazlican INCEKARA,51,1752
2025-08-27,BWF World Championships 2025,Round 2,WS,Putri Kusuma WARDANI,9,2195,Juliana Viana VIEIRA,68,1883
2025-08-27,BWF World Championships 2025,Round 2,MS,LEE Cheuk Yiu,13,2109,Fabian ROTH,95,1761
2025-08-27,BWF World Championships 2025,Round 2,MS,Christo POPOV,10,2217,NG Ka Long Angus,22,2081
2025-08-27,BWF World Championships 2025,Round 2,XD,GUO Xin Wa / CHEN Fang Hui,7,2097,CHEN Ching Chen / HSU Yin-Hui,21,1822
2025-08-27,BWF World Championships 2025,Round 2,WS,Tomoka MIYAZAKI,8,2125,HSU Wen Chi,36,1982
2025-08-27,BWF World Championships 2025,Round 2,XD,YANG Po Hsuan / HU Ling Fang,13,1738,Rory EASON / Lizzie TOLMAN,43,1755
2025-08-27,BWF World Championships 2025,Round 2,WD,Gabriela STOEVA / Stefani STOEVA,19,1980,GO Pei Kee / TEOH Mei Xing,18,1855
2025-08-27,BWF World Championships 2025,Round 2,WS,SIM Yu Jin,12,2231,Ranithma LIYANAGE,107,1629
2025-08-27,BWF World Championships 2025,Round 2,XD,Hiroki MIDORIKAWA / Natsu SAITO,9,2028,Yuichi SHIMABUKURO / Sayaka HIROTA,20,1879
2025-08-27,BWF World Championships 2025,Round 2,WS,Gregoria Mariska TUNJUNG,7,2198,Julie Dawall JAKOBSEN,32,1914
2025-08-27,BWF World Championships 2025,Round 2,XD,JIANG Zhen Bang / WEI Ya Xin,2,2325,Callum HEMMING / Estelle VAN ZANDT,29,1752
2025-08-27,BWF World Championships 2025,Round 2,MS,Jonatan CHRISTIE,5,2236,Ade Resky DWICAHYO,91,1849
2025-08-27,BWF World Championships 2025,Round 2,MS,Kenta NISHIMOTO,14,2144,LEONG Jun Hao,25,2150
2025-08-27,BWF World Championships 2025,Round 2,MS,Kodai NARAOKA,8,2151,Nhat NGUYEN,30,2066
2025-08-27,BWF World Championships 2025,Round 2,MS,CHOU Tien Chen,6,2258,Ethan ROSE,106,1822
2025-08-27,BWF World Championships 2025,Round 2,MS,LOH Kean Yew,9,2261,Kalle KOLJONEN,54,1843
2025-08-27,BWF World Championships 2025,Round 2,XD,DHRUV RAWAT / Tanisha CRASTO,17,1817,Joshua MAYO / Moya RYAN,80,1618
2025-08-27,BWF World Championships 2025,Round 2,WS,Akane YAMAGUCHI,5,2400,KIM Ga Eun,17,2193
2025-08-27,BWF World Championships 2025,Round 2,WS,Supanida KATETHONG,11,2102,Line Højmark KJAERSFELDT,19,1971
2025-08-27,BWF World Championships 2025,Round 2,XD,TANG Chun Man / TSE Ying Suet,5,2100,Rinov RIVALDY / Pitha Haningtyas MENTARI,35,1935
2025-08-27,BWF World Championships 2025,Round 2,XD,Dechapol PUAVARANUKROH / Supissara PACHARAMONGKOL,3,2223,HEE Yong KWON / JIN Yu Jia,22,1748
2025-08-27,BWF World Championships 2025,Round 2,WS,Pornpawee CHOCHUWONG,6,2263,Ishika JAISWAL,67,1755
2025-08-27,BWF World Championships 2025,Round 2,XD,CHENG Chi Ya / ZHANG Shu Xian,12,1959,Alexander DUNN / Julie MACPHERSON,25,1792
2025-08-27,BWF World Championships 2025,Round 2,WS,Busanan ONGBAMRUNGPHAN,18,2003,YEO Jia Min,13,2171
2025-08-27,BWF World Championships 2025,Round 2,XD,Mathias THYRRI / Alexandra BOE,194,1927,FENG Yan Zhe / HUANG Dong Ping,1,2433
2025-08-28,BWF World Championships 2025,Round 3,MD,Kim ASTRUP / Anders Skaarup RASMUSSEN,5,2029,CHIU Hsiang Chieh / WANG Chang,16,1873
2025-08-28,BWF World Championships 2025,Round 3,MD,MAN Wei Chong / TEE Kai Wun,7,2137,Ben LANE / Sean VENDY,14,1949
2025-08-28,BWF World Championships 2025,Round 3,WD,LIU Sheng Shu / TAN Ning,1,2454,CHANG Tak Ching / YANG Ching Tun,16,1763
2025-08-28,BWF World Championships 2025,Round 3,MD,CHEN Bo Yang / LIU Yi,11,1977,Rasmus GEMKE / Frederik SØGAARD,21,1978
2025-08-28,BWF World Championships 2025,Round 3,WS,CHEN Yu Fei,4,2632,NGUYEN Thuy Linh,22,2052
2025-08-28,BWF World Championships 2025,Round 3,WD,JIA Yi Fan / ZHANG Shu Xian,6,2252,HSU Yin-Hui / LIN Jhih Yong,15,1822
2025-08-28,BWF World Championships 2025,Round 3,MS,CHOU Tien Chen,6,2262,Kenta NISHIMOTO,14,2171
2025-08-28,BWF World Championships 2025,Round 3,MS,Anders ANTONSEN,2,2346,Toma Junior POPOV,15,2181
2025-08-28,BWF World Championships 2025,Round 3,MD,KIM Won Ho / SEO Seung Jae,1,2275,Leo Rolly CARNANDO / Bagas MAULANA,10,1997
2025-08-28,BWF World Championships 2025,Round 3,WS,Pornpawee CHOCHUWONG,6,2265,Busanan ONGBAMRUNGPHAN,18,2043
2025-08-28,BWF World Championships 2025,Round 3,MD,Takuro HOKI / Yugo KOBAYASHI,13,2092,Fajar ALFIAN / Muhammad Shohibul FIKRI,4,2085
2025-08-28,BWF World Championships 2025,Round 3,MD,Satwiksairaj RANKIREDDY / Chirag SHETTY,9,2144,LIANG Wei Keng / WANG Chang,6,2115
2025-08-28,BWF World Championships 2025,Round 3,WD,Gabriela STOEVA / Stefani STOEVA,19,1999,Yuki FUKUSHIMA / Mayu MATSUMOTO,8,2090
2025-08-28,BWF World Championships 2025,Round 3,MD,LEE Jhe-Huei / YANG Po Hsuan,18,1878,GOH Sze Fei / Nur IZZUDDIN,3,2110
2025-08-28,BWF World Championships 2025,Round 3,WD,Pearly TAN / THINAAH Muralitharan,2,2224,Lanny Tria MAYASARI / Siti Fadia Silva RAMADHANTI,14,2014
2025-08-28,BWF World Championships 2025,Round 3,WD,Rin IWANAGA / Kie NAKANISHI,9,2079,LI Yi Jing / LUO Xu Min,7,2042
2025-08-28,BWF World Championships 2025,Round 3,WD,Febriana Dwipuji KUSUMA / Amallia Cahaya PRATIWI,10,1962,BAEK Ha Na / LEE So Hee,4,2143
2025-08-28,BWF World Championships 2025,Round 3,MD,Aaron CHIA / SOH Wooi Yik,2,2203,Junaidi ARIFFIN / YAP Roy King,22,1970
2025-08-28,BWF World Championships 2025,Round 3,MS,Kunlavut VITIDSARN,3,2405,Alwi FARHAN,23,2193
2025-08-28,BWF World Championships 2025,Round 3,MS,WENG Hong Yang,16,2245,Alex LANIER,7,2315
2025-08-28,BWF World Championships 2025,Round 3,MS,SHI Yu Qi,1,2547,Christo POPOV,10,2233
2025-08-28,BWF World Championships 2025,Round 3,MS,Victor LAI,51,2006,JEON Hyeok Jin,38,2035
2025-08-28,BWF World Championships 2025,Round 3,WS,AN Se Young,1,2766,Michelle LI,16,2115
2025-08-28,BWF World Championships 2025,Round 3,XD,Thom GICQUEL / Delphine DELRUE,8,2044,YE Hong / Nicole GORACZKA,19,1958
2025-08-28,BWF World Championships 2025,Round 3,WS,PUSARLA V. Sindhu,15,2062,WANG Zhi Yi,2,2559
2025-08-28,BWF World Championships 2025,Round 3,WS,HAN Yue,3,2376,GAO Fang jie,14,2243
2025-08-28,BWF World Championships 2025,Round 3,MS,Jonatan CHRISTIE,5,2241,LEE Cheuk Yiu,13,2115
2025-08-28,BWF World Championships 2025,Round 3,XD,DHRUV RAWAT / Tanisha CRASTO,17,1833,TANG Chun Man / TSE Ying Suet,5,2115
2025-08-28,BWF World Championships 2025,Round 3,WD,KIM Hye Rin / KONG Hee Yong,5,2217,HSIEH Pei Lan / HUNG En-Tzu,11,1953
2025-08-28,BWF World Championships 2025,Round 3,XD,CHEN Tang Jie / TOH Ee Wei,4,2100,Jafar HIDAYATULLAH / Felisha Alberta SI,11,2057
2025-08-28,BWF World Championships 2025,Round 3,WS,Akane YAMAGUCHI,5,2412,Supanida KATETHONG,11,2119
2025-08-28,BWF World Championships 2025,Round 3,WS,SIM Yu Jin,12,2233,Gregoria Mariska TUNJUNG,7,2207
2025-08-28,BWF World Championships 2025,Round 3,XD,HOO Pang Ron / CHENG Chi Ya,16,1846,GOH Soon Huat / LAI Shevon Jemie,6,2035
2025-08-28,BWF World Championships 2025,Round 3,MS,LOH Kean Yew,9,2265,Kodai NARAOKA,8,2171
2025-08-28,BWF World Championships 2025,Round 3,WS,Putri Kusuma WARDANI,9,2203,Tomoka MIYAZAKI,8,2141
2025-08-28,BWF World Championships 2025,Round 3,XD,JIANG Zhen Bang / WEI Ya Xin,2,2327,Jesper TOFT / Amalie MAGELUND,10,1986
2025-08-28,BWF World Championships 2025,Round 3,XD,GUO Xin Wa / CHEN Fang Hui,7,2106,YANG Po Hsuan / HU Ling Fang,13,1778
2025-08-28,BWF World Championships 2025,Round 3,XD,Hiroki MIDORIKAWA / Natsu SAITO,9,2045,Dechapol PUAVARANUKROH / Supissara PACHARAMONGKOL,3,2227
2025-08-28,BWF World Championships 2025,Round 3,WD,Nami MATSUYAMA / Chiharu SHIDA,3,2251,YEUNG Wing Lee / YEUNG Wing Lee,17,1845
2025-08-28,BWF World Championships 2025,Round 3,XD,CHENG Chi Ya / ZHANG Shu Xian,12,1974,Mathias THYRRI / Alexandra BOE,194,1981
2025-08-29,BWF World Championships 2025,Quarter final,MD,Satwiksairaj RANKIREDDY / Chirag SHETTY,9,2169,Aaron CHIA / SOH Wooi Yik,2,2215
2025-08-29,BWF World Championships 2025,Quarter final,MD,CHEN Bo Yang / LIU Yi,11,2006,LEE Jhe-Huei / YANG Po Hsuan,18,1926
2025-08-29,BWF World Championships 2025,Quarter final,WD,LIU Sheng Shu / TAN Ning,1,2455,JIA Yi Fan / ZHANG Shu Xian,6,2257
2025-08-29,BWF World Championships 2025,Quarter final,MD,Kim ASTRUP / Anders Skaarup RASMUSSEN,5,2045,Takuro HOKI / Yugo KOBAYASHI,13,2119
2025-08-29,BWF World Championships 2025,Quarter final,WS,CHEN Yu Fei,4,2634,Pornpawee CHOCHUWONG,6,2277
2025-08-29,BWF World Championships 2025,Quarter final,WD,Rin IWANAGA / Kie NAKANISHI,9,2103,Febriana Dwipuji KUSUMA / Amallia Cahaya PRATIWI,10,2005
2025-08-29,BWF World Championships 2025,Quarter final,MD,KIM Won Ho / SEO Seung Jae,1,2284,MAN Wei Chong / TEE Kai Wun,7,2151
2025-08-29,BWF World Championships 2025,Quarter final,MS,Kunlavut VITIDSARN,3,2417,Jonatan CHRISTIE,5,2259
2025-08-29,BWF World Championships 2025,Quarter final,WS,AN Se Young,1,2768,SIM Yu Jin,12,2258
2025-08-29,BWF World Championships 2025,Quarter final,MS,Anders ANTONSEN,2,2361,CHOU Tien Chen,6,2282
2025-08-29,BWF World Championships 2025,Quarter final,WS,Putri Kusuma WARDANI,9,2225,PUSARLA V. Sindhu,15,2114
2025-08-29,BWF World Championships 2025,Quarter final,WD,Pearly TAN / THINAAH Muralitharan,2,2237,Gabriela STOEVA / Stefani STOEVA,19,2034
2025-08-29,BWF World Championships 2025,Quarter final,XD,Thom GICQUEL / Delphine DELRUE,8,2065,CHENG Chi Ya / ZHANG Shu Xian,12,2003
2025-08-29,BWF World Championships 2025,Quarter final,XD,GUO Xin Wa / CHEN Fang Hui,7,2113,Hiroki MIDORIKAWA / Natsu SAITO,9,2086
2025-08-29,BWF World Championships 2025,Quarter final,MS,SHI Yu Qi,1,2554,WENG Hong Yang,16,2278
2025-08-29,BWF World Championships 2025,Quarter final,WS,Akane YAMAGUCHI,5,2421,HAN Yue,3,2393
2025-08-29,BWF World Championships 2025,Quarter final,XD,JIANG Zhen Bang / WEI Ya Xin,2,2333,HOO Pang Ron / CHENG Chi Ya,16,1894
2025-08-29,BWF World Championships 2025,Quarter final,WD,Nami MATSUYAMA / Chiharu SHIDA,3,2256,KIM Hye Rin / KONG Hee Yong,5,2226
2025-08-29,BWF World Championships 2025,Quarter final,XD,CHEN Tang Jie / TOH Ee Wei,4,2124,DHRUV RAWAT / Tanisha CRASTO,17,1887
2025-08-29,BWF World Championships 2025,Quarter final,MS,Victor LAI,51,2036,LOH Kean Yew,9,2285
2025-08-30,BWF World Championships 2025,Semi final,MD,CHEN Bo Yang / LIU Yi,11,2028,Satwiksairaj RANKIREDDY / Chirag SHETTY,9,2200
2025-08-30,BWF World Championships 2025,Semi final,MS,Kunlavut VITIDSARN,3,2432,Anders ANTONSEN,2,2383
2025-08-30,BWF World Championships 2025,Semi final,MD,KIM Won Ho / SEO Seung Jae,1,2302,Kim ASTRUP / Anders Skaarup RASMUSSEN,5,2079
2025-08-30,BWF World Championships 2025,Semi final,MS,SHI Yu Qi,1,2563,Victor LAI,51,2082
2025-08-30,BWF World Championships 2025,Semi final,WD,LIU Sheng Shu / TAN Ning,1,2468,Rin IWANAGA / Kie NAKANISHI,9,2124
2025-08-30,BWF World Championships 2025,Semi final,WS,CHEN Yu Fei,4,2640,AN Se Young,1,2770
2025-08-30,BWF World Championships 2025,Semi final,XD,CHEN Tang Jie / TOH Ee Wei,4,2135,Thom GICQUEL / Delphine DELRUE,8,2088
2025-08-30,BWF World Championships 2025,Semi final,WD,Pearly TAN / THINAAH Muralitharan,2,2250,Nami MATSUYAMA / Chiharu SHIDA,3,2281
2025-08-30,BWF World Championships 2025,Semi final,WS,Akane YAMAGUCHI,5,2446,Putri Kusuma WARDANI,9,2244
2025-08-30,BWF World Championships 2025,Semi final,XD,JIANG Zhen Bang / WEI Ya Xin,2,2337,GUO Xin Wa / CHEN Fang Hui,7,2139
2025-08-31,BWF World Championships 2025,Final,MD,KIM Won Ho / SEO Seung Jae,1,2314,CHEN Bo Yang / LIU Yi,11,2071
2025-08-31,BWF World Championships 2025,Final,MS,SHI Yu Qi,1,2567,Kunlavut VITIDSARN,3,2456
2025-08-31,BWF World Championships 2025,Final,WD,LIU Sheng Shu / TAN Ning,1,2475,Pearly TAN / THINAAH Muralitharan,2,2280
2025-08-31,BWF World Championships 2025,Final,WS,Akane YAMAGUCHI,5,2459,CHEN Yu Fei,4,2678
2025-08-31,BWF World Championships 2025,Final,XD,CHEN Tang Jie / TOH Ee Wei,4,2160,JIANG Zhen Bang / WEI Ya Xin,2,2351
2025-12-17,BWF World Tour Finals 2025,Group A,MD,KIM Won Ho / SEO Seung Jae,1,2417,CHIU Hsiang Chieh / WANG Chang,16,2046
2025-12-17,BWF World Tour Finals 2025,Group A,MD,Sabar Karyaman GUTAMA / Moh Reza Pahlevi ISFAHANI,10,2148,MAN Wei Chong / TEE Kai Wun,4,2065
2025-12-17,BWF World Tour Finals 2025,Group B,MS,Kodai NARAOKA,9,2215,CHOU Tien Chen,6,2232
2025-12-17,BWF World Tour Finals 2025,Group B,MD,Satwiksairaj RANKIREDDY / Chirag SHETTY,3,2137,LIANG Wei Keng / WANG Chang,5,2071
2025-12-17,BWF World Tour Finals 2025,Group B,MD,Aaron CHIA / SOH Wooi Yik,2,2085,Fajar ALFIAN / Muhammad Shohibul FIKRI,8,2207
2025-12-17,BWF World Tour Finals 2025,Group B,MS,SHI Yu Qi,1,2571,LI Shi Feng,4,2333
2025-12-17,BWF World Tour Finals 2025,Group B,WD,LIU Sheng Shu / TAN Ning,1,2367,HSIEH Pei Lan / HUNG En-Tzu,9,1865
2025-12-17,BWF World Tour Finals 2025,Group A,MS,Christo POPOV,8,2297,Anders ANTONSEN,3,2415
2025-12-17,BWF World Tour Finals 2025,Group B,WS,Pornpawee CHOCHUWONG,6,2221,Ratchanok INTANON,8,2218
2025-12-17,BWF World Tour Finals 2025,Group A,XD,JIANG Zhen Bang / WEI Ya Xin,2,2286,Thom GICQUEL / Delphine DELRUE,5,2075
2025-12-17,BWF World Tour Finals 2025,Group B,WS,WANG Zhi Yi,2,2547,HAN Yue,5,2441
2025-12-17,BWF World Tour Finals 2025,Group A,XD,Hiroki MIDORIKAWA / Natsu SAITO,8,2036,Dechapol PUAVARANUKROH / Supissara PACHARAMONGKOL,3,2248
2025-12-17,BWF World Tour Finals 2025,Group B,WD,BAEK Ha Na / LEE So Hee,7,2240,KIM Hye Rin / KONG Hee Yong,3,2235
2025-12-17,BWF World Tour Finals 2025,Group A,MS,Kunlavut VITIDSARN,2,2403,Jonatan CHRISTIE,5,2410
2025-12-17,BWF World Tour Finals 2025,Group A,WD,Pearly TAN / THINAAH Muralitharan,2,2283,JIA Yi Fan / ZHANG ..,4,2342
2025-12-17,BWF World Tour Finals 2025,Group B,XD,CHEN Tang Jie / TOH Ee Wei,4,2212,GOH Soon Huat / LAI Shevon Jemie,9,2004
2025-12-17,BWF World Tour Finals 2025,Group B,XD,FENG Yan Zhe / HUANG Dong Ping,1,2465,Jafar HIDAYATULLAH / Felisha Alberta SI,10,2053
2025-12-17,BWF World Tour Finals 2025,Group A,WS,Akane YAMAGUCHI,3,2504,Tomoka MIYAZAKI,9,2158
2025-12-17,BWF World Tour Finals 2025,Group A,WS,AN Se Young,1,2785,Putri Kusuma WARDANI,7,2238
2025-12-17,BWF World Tour Finals 2025,Group A,WD,Yuki FUKUSHIMA / Mayu MATSUMOTO,5,2201,Rin IWANAGA / Kie NAKANISHI,6,2139
2025-12-18,BWF World Tour Finals 2025,Group A,MS,Anders ANTONSEN,3,2382,Jonatan CHRISTIE,5,2384
2025-12-18,BWF World Tour Finals 2025,Group B,MD,Satwiksairaj RANKIREDDY / Chirag SHETTY,3,2158,Fajar ALFIAN / Muhammad Shohibul FIKRI,8,2173
2025-12-18,BWF World Tour Finals 2025,Group A,XD,JIANG Zhen Bang / WEI Ya Xin,2,2298,Hiroki MIDORIKAWA / Natsu SAITO,8,2077
2025-12-18,BWF World Tour Finals 2025,Group B,MD,LIANG Wei Keng / WANG Chang,5,2050,Aaron CHIA / SOH Wooi Yik,2,2120
2025-12-18,BWF World Tour Finals 2025,Group A,MD,MAN Wei Chong / TEE Kai Wun,4,2045,CHIU Hsiang Chieh / WANG Chang,16,2040
2025-12-18,BWF World Tour Finals 2025,Group B,MS,SHI Yu Qi,1,2581,CHOU Tien Chen,6,2205
2025-12-18,BWF World Tour Finals 2025,Group A,XD,Thom GICQUEL / Delphine DELRUE,5,2063,Dechapol PUAVARANUKROH / Supissara PACHARAMONGKOL,3,2209
2025-12-18,BWF World Tour Finals 2025,Group B,WD,LIU Sheng Shu / TAN Ning,1,2369,BAEK Ha Na / LEE So Hee,7,2265
2025-12-18,BWF World Tour Finals 2025,Group A,MS,Christo POPOV,8,2330,Kunlavut VITIDSARN,2,2429
2025-12-18,BWF World Tour Finals 2025,Group B,WS,WANG Zhi Yi,2,2565,Ratchanok INTANON,8,2193
2025-12-18,BWF World Tour Finals 2025,Group B,MS,Kodai NARAOKA,9,2242,LI Shi Feng,4,2323
2025-12-18,BWF World Tour Finals 2025,Group B,XD,FENG Yan Zhe / HUANG Dong Ping,1,2469,GOH Soon Huat / LAI Shevon Jemie,9,1992
2025-12-18,BWF World Tour Finals 2025,Group A,MD,KIM Won Ho / SEO Seung Jae,1,2423,Sabar Karyaman GUTAMA / Moh Reza Pahlevi ISFAHANI,10,2167
2025-12-18,BWF World Tour Finals 2025,Group B,WD,KIM Hye Rin / KONG Hee Yong,3,2210,HSIEH Pei Lan / HUNG En-Tzu,9,1862
2025-12-18,BWF World Tour Finals 2025,Group A,WD,JIA Yi Fan / ZHANG ..,4,2313,Yuki FUKUSHIMA / Mayu MATSUMOTO,5,2222
2025-12-18,BWF World Tour Finals 2025,Group B,WS,HAN Yue,5,2423,Pornpawee CHOCHUWONG,6,2247
2025-12-18,BWF World Tour Finals 2025,Group A,WS,AN Se Young,1,2787,Tomoka MIYAZAKI,9,2152
2025-12-18,BWF World Tour Finals 2025,Group B,XD,CHEN Tang Jie / TOH Ee Wei,4,2224,Jafar HIDAYATULLAH / Felisha Alberta SI,10,2049
2025-12-18,BWF World Tour Finals 2025,Group A,WD,Pearly TAN / THINAAH Muralitharan,2,2313,Rin IWANAGA / Kie NAKANISHI,6,2118
2025-12-18,BWF World Tour Finals 2025,Group A,WS,Akane YAMAGUCHI,3,2510,Putri Kusuma WARDANI,7,2236
2025-12-19,BWF World Tour Finals 2025,Group B,MD,Satwiksairaj RANKIREDDY / Chirag SHETTY,3,2184,Aaron CHIA / SOH Wooi Yik,2,2089
2025-12-19,BWF World Tour Finals 2025,Group A,MS,Kunlavut VITIDSARN,2,2397,Anders ANTONSEN,3,2407
2025-12-19,BWF World Tour Finals 2025,Group A,MD,KIM Won Ho / SEO Seung Jae,1,2432,MAN Wei Chong / TEE Kai Wun,4,2070
2025-12-19,BWF World Tour Finals 2025,Group A,MD,Sabar Karyaman GUTAMA / Moh Reza Pahlevi ISFAHANI,10,2158,CHIU Hsiang Chieh / WANG Chang,16,2015
2025-12-19,BWF World Tour Finals 2025,Group B,MD,LIANG Wei Keng / WANG Chang,5,2081,Fajar ALFIAN / Muhammad Shohibul FIKRI,8,2147
2025-12-19,BWF World Tour Finals 2025,Group B,MS,SHI Yu Qi,1,2586,Kodai NARAOKA,9,2273
2025-12-19,BWF World Tour Finals 2025,Group A,MS,Christo POPOV,8,2362,Jonatan CHRISTIE,5,2359
2025-12-19,BWF World Tour Finals 2025,Group B,WD,LIU Sheng Shu / TAN Ning,1,2387,KIM Hye Rin / KONG Hee Yong,3,2216
2025-12-19,BWF World Tour Finals 2025,Group A,XD,Hiroki MIDORIKAWA / Natsu SAITO,8,2065,Thom GICQUEL / Delphine DELRUE,5,2100
2025-12-19,BWF World Tour Finals 2025,Group A,XD,JIANG Zhen Bang / WEI Ya Xin,2,2309,Dechapol PUAVARANUKROH / Supissara PACHARAMONGKOL,3,2173
2025-12-19,BWF World Tour Finals 2025,Group B,WD,BAEK Ha Na / LEE So Hee,7,2247,HSIEH Pei Lan / HUNG En-Tzu,9,1855
2025-12-19,BWF World Tour Finals 2025,Group B,MS,CHOU Tien Chen,6,2200,LI Shi Feng,4,2292
2025-12-19,BWF World Tour Finals 2025,Group A,WD,JIA Yi Fan / ZHANG ..,4,2332,Rin IWANAGA / Kie NAKANISHI,6,2105
2025-12-19,BWF World Tour Finals 2025,Group B,XD,Jafar HIDAYATULLAH / Felisha Alberta SI,10,2035,GOH Soon Huat / LAI Shevon Jemie,9,1988
2025-12-19,BWF World Tour Finals 2025,Group A,WD,Yuki FUKUSHIMA / Mayu MATSUMOTO,5,2203,Pearly TAN / THINAAH Muralitharan,2,2325
2025-12-19,BWF World Tour Finals 2025,Group A,WS,AN Se Young,1,2788,Akane YAMAGUCHI,3,2518
2025-12-19,BWF World Tour Finals 2025,Group B,XD,FENG Yan Zhe / HUANG Dong Ping,1,2472,CHEN Tang Jie / TOH Ee Wei,4,2237
2025-12-19,BWF World Tour Finals 2025,Group A,WS,Putri Kusuma WARDANI,7,2228,Tomoka MIYAZAKI,9,2151
2025-12-19,BWF World Tour Finals 2025,Group B,WS,Ratchanok INTANON,8,2188,HAN Yue,5,2423
2025-12-20,BWF World Tour Finals 2025,Semi final,MD,LIANG Wei Keng / WANG Chang,5,2112,Satwiksairaj RANKIREDDY / Chirag SHETTY,3,2203
2025-12-20,BWF World Tour Finals 2025,Semi final,MD,KIM Won Ho / SEO Seung Jae,1,2438,Sabar Karyaman GUTAMA / Moh Reza Pahlevi ISFAHANI,10,2173
2025-12-20,BWF World Tour Finals 2025,Semi final,MS,SHI Yu Qi,1,2594,Kunlavut VITIDSARN,2,2423
2025-12-20,BWF World Tour Finals 2025,Semi final,WD,BAEK Ha Na / LEE So Hee,7,2252,LIU Sheng Shu / TAN Ning,1,2401
2025-12-20,BWF World Tour Finals 2025,Semi final,XD,JIANG Zhen Bang / WEI Ya Xin,2,2325,CHEN Tang Jie / TOH Ee Wei,4,2227
2025-12-20,BWF World Tour Finals 2025,Semi final,MS,Christo POPOV,8,2387,Kodai NARAOKA,9,2266
2025-12-20,BWF World Tour Finals 2025,Semi final,WD,Yuki FUKUSHIMA / Mayu MATSUMOTO,5,2237,Pearly TAN / THINAAH Muralitharan,2,2291
2025-12-20,BWF World Tour Finals 2025,Semi final,XD,FENG Yan Zhe / HUANG Dong Ping,1,2483,Hiroki MIDORIKAWA / Natsu SAITO,8,2094
2025-12-20,BWF World Tour Finals 2025,Semi final,WS,WANG Zhi Yi,2,2570,Ratchanok INTANON,8,2228
2025-12-20,BWF World Tour Finals 2025,Semi final,WS,AN Se Young,1,2797,Akane YAMAGUCHI,3,2509
2025-12-21,BWF World Tour Finals 2025,Final,MD,KIM Won Ho / SEO Seung Jae,1,2447,LIANG Wei Keng / WANG Chang,5,2146
2025-12-21,BWF World Tour Finals 2025,Final,MS,Christo POPOV,8,2405,SHI Yu Qi,1,2608
2025-12-21,BWF World Tour Finals 2025,Final,WS,AN Se Young,1,2805,WANG Zhi Yi,2,2576
2025-12-21,BWF World Tour Finals 2025,Final,WD,BAEK Ha Na / LEE So Hee,7,2290,Yuki FUKUSHIMA / Mayu MATSUMOTO,5,2268
2025-12-21,BWF World Tour Finals 2025,Final,XD,FENG Yan Zhe / HUANG Dong Ping,1,2488,JIANG Zhen Bang / WEI Ya Xin,2,2344
2026-01-06,Malaysia_Open_2026,Round 1,WS,CHEN Yu Fei,4,2563,Pitchamon OPATNIPUTH,37,1926
2026-01-06,Malaysia_Open_2026,Round 1,MS,Victor LAI,22,1992,Yushi TANAKA,19,2100
2026-01-06,Malaysia_Open_2026,Round 1,MD,KIM Won Ho / SEO Seung Jae,1,2455,CHEN Bo Yang / LIU Yi,9,1960
2026-01-06,Malaysia_Open_2026,Round 1,WD,Kaho OSAWA / Mai TANABE,28,1797,CHANG Tak Ching / YANG Ching Tun,15,1723
2026-01-06,Malaysia_Open_2026,Round 1,WS,Busanan ONGBAMRUNGPHAN,19,1998,Supanida KATETHONG,15,2100
2026-01-06,Malaysia_Open_2026,Round 1,MD,Ben LANE / Sean VENDY,16,2032,CHOONG Hon Jian / Muhammad Shohibul FIKRI,33,1923
2026-01-06,Malaysia_Open_2026,Round 1,MD,Nur Mohd Azriyn Ayub / TAN Wee Kiong,28,1840,ONG Yew Sin / TEO Ee Yi,29,1841
2026-01-06,Malaysia_Open_2026,Round 1,WD,KIM Hye Rin / KONG Hee Yong,3,2202,Julie MACPHERSON / Ciara TORRANCE,40,1691
2026-01-06,Malaysia_Open_2026,Round 1,WS,Line Højmark KJAERSFELDT,26,1867,HUANG Yu-Hsun,40,1849
2026-01-06,Malaysia_Open_2026,Round 1,MS,Anders ANTONSEN,3,2381,LOH Kean Yew,10,2113
2026-01-06,Malaysia_Open_2026,Round 1,WS,HAN Yue,5,2383,KIM Ga Eun,16,2239
2026-01-06,Malaysia_Open_2026,Round 1,WD,HSIEH Pei Lan / HUNG En-Tzu,9,1849,LIN Xiao Min / WANG Yu Qiao,35,1803
2026-01-06,Malaysia_Open_2026,Round 1,WD,Ririna HIRAMOTO / Kokona ISHIKAWA,37,1828,LUI Lok Lok / TSANG Hiu Yan,31,1748
2026-01-06,Malaysia_Open_2026,Round 1,MD,MAN Wei Chong / TEE Kai Wun,5,2065,Kim ASTRUP / Anders Skaarup RASMUSSEN,10,2010
2026-01-06,Malaysia_Open_2026,Round 1,MD,Hiroki MIDORIKAWA / Kyohei YAMASHITA,26,1925,Hariharan AMSAKARUNAN / M.R.ARJUN,68,1792
2026-01-06,Malaysia_Open_2026,Round 1,MS,CHOU Tien Chen,6,2213,LIN Chun-Yi,12,2165
2026-01-06,Malaysia_Open_2026,Round 1,MS,Ayush SHETTY,32,2000,LEE Zii Jia,144,2129
2026-01-06,Malaysia_Open_2026,Round 1,XD,CHEN Tang Jie / TOH Ee Wei,4,2207,Jafar HIDAYATULLAH / Felisha Alberta SI,10,2058
2026-01-06,Malaysia_Open_2026,Round 1,MS,SHI Yu Qi,1,2566,Rasmus GEMKE,27,2115
2026-01-06,Malaysia_Open_2026,Round 1,XD,Marvin SEIDEL / Thuc Phuong NGUYEN,40,1821,YANG Po Hsuan / HU Ling Fang,18,1710
2026-01-06,Malaysia_Open_2026,Round 1,MD,GOH Sze Fei / Nur IZZUDDIN,7,2033,Daniel LUNDGAARD / Mads VESTERGAARD,27,1919
2026-01-06,Malaysia_Open_2026,Round 1,MS,LEE Cheuk Yiu,18,2053,Christo POPOV,7,2447
2026-01-06,Malaysia_Open_2026,Round 1,WS,Mia BLICHFELDT,20,2212,Natsuki NIDAIRA,28,2027
2026-01-06,Malaysia_Open_2026,Round 1,MS,Kenta NISHIMOTO,14,2113,Toma Junior POPOV,15,2065
2026-01-06,Malaysia_Open_2026,Round 1,XD,GUO Xin Wa / CHEN Fang Hui,6,2120,Alexander DUNN / Julie MACPHERSON,27,1836
2026-01-06,Malaysia_Open_2026,Round 1,XD,FENG Yan Zhe / HUANG Dong Ping,1,2505,WONG Tien Ci / LIM Chiew Sien,37,1699
2026-01-06,Malaysia_Open_2026,Round 1,XD,HOO Pang Ron / CHENG Su Yin,21,1895,Mathias THYRRI / Alexandra BOE,12,2098
2026-01-06,Malaysia_Open_2026,Round 1,MD,Kakeru KUMAGAI / Hiroki NISHI,34,1897,Takumi NOMURA / Yuichi SHIMABUKURO,35,1791
2026-01-06,Malaysia_Open_2026,Round 1,WS,Ratchanok INTANON,7,2222,Malvika BANSOD,50,1857
2026-01-06,Malaysia_Open_2026,Round 1,MS,Lakshya SEN,13,2260,Jia Heng Jason TEH,21,1951
2026-01-06,Malaysia_Open_2026,Round 1,MD,Takuro HOKI / Yugo KOBAYASHI,11,2179,LIANG Wei Keng / WANG Chang,4,2138
2026-01-06,Malaysia_Open_2026,Round 1,WD,Ornnicha JONGSATHAPORNPARN / Sukitta SUWACHAI,47,1476,YEUNG .. / YEUNG ..,13,1834
2026-01-06,Malaysia_Open_2026,Round 1,XD,CHENG Chi Ya / ZHANG Chi,14,1943,Hiroki MIDORIKAWA / Nami MATSUYAMA,,1713
2026-01-06,Malaysia_Open_2026,Round 1,XD,TANG Chun Man / TSE Ying Suet,8,2100,Jimmy WONG / LAI Pei Jing,26,1812
2026-01-06,Malaysia_Open_2026,Round 1,WD,LIU Sheng Shu / TAN Ning,1,2363,Francesca CORBETT / Jennie GAI,36,1788
2026-01-06,Malaysia_Open_2026,Round 1,WS,AN Se Young,1,2817,Michelle LI,12,2192
2026-01-06,Malaysia_Open_2026,Round 1,WD,Rui HIROKAMI / Sayaka HIROTA,16,1941,ONG Xin Yee / Carmen TING,26,1776
2026-01-06,Malaysia_Open_2026,Round 1,XD,CHEN Ching Chen / HSU Yin-Hui,28,1796,Mads VESTERGAARD / Christine BUSCH,24,1773
2026-01-06,Malaysia_Open_2026,Round 1,WS,Nozomi OKUHARA,30,2085,PAI Yu Po,67,1750
2026-01-06,Malaysia_Open_2026,Round 1,WD,JEONG Na Eun / LEE Yeon Woo,19,1927,Arisa IGAKI / Chiharu SHIDA,23,2049
2026-01-07,Malaysia_Open_2026,Round 1,WD,Paulina CHALUPSKA / Kornelia MARCHEWKA,45,1564,Polina BUHROVA / Yevheniia KANTEMYR,32,1653
2026-01-07,Malaysia_Open_2026,Round 1,WS,LIN Hsiang Ti,21,1997,CHIU Pin-Chian,13,2024
2026-01-07,Malaysia_Open_2026,Round 1,WD,BAEK Ha Na / LEE So Hee,6,2316,Nanako HARA / Riko KIYOSE,50,1668
2026-01-07,Malaysia_Open_2026,Round 1,WD,Yuki FUKUSHIMA / Mayu MATSUMOTO,5,2243,Kavipriya .. / Simran SINGHI,49,1589
2026-01-07,Malaysia_Open_2026,Round 1,MD,CHEN Xu Jun / LIU Yang,,1706,LIU Kuan Han / YANG Po Hsuan,21,1853
2026-01-07,Malaysia_Open_2026,Round 1,WS,WANG Zhi Yi,2,2565,Kirsty GILMOUR,29,1936
2026-01-07,Malaysia_Open_2026,Round 1,WS,Akane YAMAGUCHI,3,2501,HSU Wen Chi,32,1916
2026-01-07,Malaysia_Open_2026,Round 1,WD,HU Ling Fang / JHENG Yu Chieh,27,1785,Margot LAMBERT / Camille PION,25,1885
2026-01-07,Malaysia_Open_2026,Round 1,MS,Nhat NGUYEN,31,2017,Brian YANG,33,1906
2026-01-07,Malaysia_Open_2026,Round 1,XD,Phuwana.. / Benyapa AIMSAARD,64,1755,Ashith SURYA / Amrutha PRAMUTHESH,46,1603
2026-01-07,Malaysia_Open_2026,Round 1,XD,JIANG Zhen Bang / WEI Ya Xin,2,2327,Rohan KAPOOR / GADDE Ruthvika Shivani,36,1658
2026-01-07,Malaysia_Open_2026,Round 1,WS,Putri Kusuma WARDANI,6,2247,Manami SUIZU,35,1925
2026-01-07,Malaysia_Open_2026,Round 1,MS,Alex LANIER,8,2313,Alwi FARHAN,17,2204
2026-01-07,Malaysia_Open_2026,Round 1,MS,Jonatan CHRISTIE,4,2334,LEE Chia Hao,20,2025
2026-01-07,Malaysia_Open_2026,Round 1,WS,GAO Fang jie,11,2198,Riko GUNJI,27,2076
2026-01-07,Malaysia_Open_2026,Round 1,MD,Aaron CHIA / SOH Wooi Yik,2,2070,CHEN Zhi Xian / Presley SHIN Jian Da,32,1795
2026-01-07,Malaysia_Open_2026,Round 1,XD,Julien MAIO / Lea PALERMO,44,1660,Marwan FAZA / Aisyah Salsabila Putri PRANATA,22,1875
2026-01-07,Malaysia_Open_2026,Round 1,WS,ZHANG Beiwen,24,1975,Line CHRISTOPHERSEN,25,2006
2026-01-07,Malaysia_Open_2026,Round 1,WD,Pearly TAN / THINAAH Muralitharan,2,2260,Rutaparn.. / Swetaparn DEESOM,53,1366
2026-01-07,Malaysia_Open_2026,Round 1,MD,Satwiksairaj RANKIREDDY / Chirag SHETTY,3,2169,LEE Jhe-Huei / YANG Po Hsuan,14,1962
2026-01-07,Malaysia_Open_2026,Round 1,MD,CHEN Zhi Xian / LIN Yu Chieh,38,1793,Christo POPOV / Toma Junior POPOV,20,1821
2026-01-07,Malaysia_Open_2026,Round 1,MD,Junaidi ARIFFIN / YAP Roy King,17,1905,CHOI Sol Gyu / GOH V Shem,44,1813
2026-01-07,Malaysia_Open_2026,Round 1,MS,LEONG Jun Hao,28,2031,WANG Zheng Xing,29,2046
2026-01-07,Malaysia_Open_2026,Round 1,MS,Koki WATANABE,25,2114,WENG Hong Yang,11,2275
2026-01-07,Malaysia_Open_2026,Round 1,XD,Jesper TOFT / Amalie MAGELUND,11,1897,Thom GICQUEL / Delphine DELRUE,5,2071
2026-01-07,Malaysia_Open_2026,Round 1,WD,HSU Yin-Hui / LIN Jhih Yong,14,1820,Jackie D.. / Crystal LAI,39,1634
2026-01-07,Malaysia_Open_2026,Round 1,MD,Fajar ALFIAN / Muhammad Shohibul FIKRI,6,2116,LEE Fang Jen / LEE Fang Chih,18,1891
2026-01-07,Malaysia_Open_2026,Round 1,WD,Febriana Dwipuji KUSUMA / Meilysa Trias PUSPITASARI,60,1890,Treesa JOLLY / GAYATRI GOPICHAND,20,1915
2026-01-07,Malaysia_Open_2026,Round 1,MD,Sabar Karyaman GUTAMA / Moh Reza Pahlevi ISFAHANI,8,2164,Raymond INDRA / Nikolaus JOAQUIN,23,2036
2026-01-07,Malaysia_Open_2026,Round 1,WD,JIA Yi Fan / ZHANG ..,4,2342,HSU Ya Ching / SUNG Yu Hsuan,18,1830
2026-01-07,Malaysia_Open_2026,Round 1,WS,Tomoka MIYAZAKI,9,2131,SIM Yu Jin,10,2227
2026-01-07,Malaysia_Open_2026,Round 1,XD,Akira KOGA / Natsu SAITO,,1788,Yuichi SHIMABUKURO / Sayaka HIROTA,20,1891
2026-01-07,Malaysia_Open_2026,Round 1,MS,Kunlavut VITIDSARN,2,2408,WANG Tzu Wei,24,2048
2026-01-07,Malaysia_Open_2026,Round 1,MD,KANG Min Hyuk / KI Dong Ju,22,1927,HUANG Di / REN Xiang Yu,,1760
2026-01-07,Malaysia_Open_2026,Round 1,MS,Kodai NARAOKA,9,2248,CHI Yu Jen,26,2030
2026-01-07,Malaysia_Open_2026,Round 1,WS,PUSARLA V. Sindhu,18,2104,SUNG Shuo Yun,31,1832
2026-01-07,Malaysia_Open_2026,Round 1,XD,Dechapol PUAVARANUKROH / Supissara PACHARAMONGKOL,3,2157,YE Hong / Nicole Gonzales CHAN,16,1927
2026-01-07,Malaysia_Open_2026,Round 1,XD,Presley SHIN Jian Da / Jennie GAI,32,1755,Dhruv KAPILA / Tanisha CRASTO,17,1872
2026-01-07,Malaysia_Open_2026,Round 1,XD,GOH Soon Huat / LAI Shevon Jemie,9,1965,WU Guan Xun / LEE Chia Hsin,38,1771
2026-01-07,Malaysia_Open_2026,Round 1,MS,LU Guang Zu,16,2125,NG Ka Long Angus,23,2056
2026-01-08,Malaysia_Open_2026,Round 2,MD,KIM Won Ho / SEO Seung Jae,1,2458,Nur Mohd Azriyn Ayub / TAN Wee Kiong,28,1870
2026-01-08,Malaysia_Open_2026,Round 2,WD,Ririna HIRAMOTO / Kokona ISHIKAWA,37,1852,HSIEH Pei Lan / HUNG En-Tzu,9,1875
2026-01-08,Malaysia_Open_2026,Round 2,MD,Sabar Karyaman GUTAMA / Moh Reza Pahlevi ISFAHANI,8,2180,KANG Min Hyuk / KI Dong Ju,22,1942
2026-01-08,Malaysia_Open_2026,Round 2,WS,WANG Zhi Yi,2,2566,LIN Hsiang Ti,21,2025
2026-01-08,Malaysia_Open_2026,Round 2,MS,Kunlavut VITIDSARN,2,2414,Koki WATANABE,25,2151
2026-01-08,Malaysia_Open_2026,Round 2,WS,Putri Kusuma WARDANI,6,2254,ZHANG Beiwen,24,2004
2026-01-08,Malaysia_Open_2026,Round 2,WD,LIU Sheng Shu / TAN Ning,1,2365,Rui HIROKAMI / Sayaka HIROTA,16,1957
2026-01-08,Malaysia_Open_2026,Round 2,MS,Kenta NISHIMOTO,14,2136,CHOU Tien Chen,6,2235
2026-01-08,Malaysia_Open_2026,Round 2,MD,Fajar ALFIAN / Muhammad Shohibul FIKRI,6,2127,CHEN Zhi Xian / LIN Yu Chieh,38,1828
2026-01-08,Malaysia_Open_2026,Round 2,WD,Yuki FUKUSHIMA / Mayu MATSUMOTO,5,2244,Paulina CHALUPSKA / Kornelia MARCHEWKA,45,1642
2026-01-08,Malaysia_Open_2026,Round 2,MD,MAN Wei Chong / TEE Kai Wun,5,2087,Hiroki MIDORIKAWA / Kyohei YAMASHITA,26,1943
2026-01-08,Malaysia_Open_2026,Round 2,MS,Alex LANIER,8,2331,Nhat NGUYEN,31,2035
2026-01-08,Malaysia_Open_2026,Round 2,WD,HSU Yin-Hui / LIN Jhih Yong,14,1836,JIA Yi Fan / ZHANG ..,4,2345
2026-01-08,Malaysia_Open_2026,Round 2,MD,Aaron CHIA / SOH Wooi Yik,2,2079,CHEN Xu Jun / LIU Yang,,1761
2026-01-08,Malaysia_Open_2026,Round 2,WS,Akane YAMAGUCHI,3,2502,GAO Fang jie,11,2214
2026-01-08,Malaysia_Open_2026,Round 2,XD,FENG Yan Zhe / HUANG Dong Ping,1,2505,CHENG Chi Ya / ZHANG Chi,14,1955
2026-01-08,Malaysia_Open_2026,Round 2,WD,BAEK Ha Na / LEE So Hee,6,2317,HU Ling Fang / JHENG Yu Chieh,27,1827
2026-01-08,Malaysia_Open_2026,Round 2,XD,GUO Xin Wa / CHEN Fang Hui,6,2129,Marvin SEIDEL / Thuc Phuong NGUYEN,40,1843
2026-01-08,Malaysia_Open_2026,Round 2,MS,Anders ANTONSEN,3,2390,Victor LAI,22,2027
2026-01-08,Malaysia_Open_2026,Round 2,XD,Jesper TOFT / Amalie MAGELUND,11,1938,Julien MAIO / Lea PALERMO,44,1731
2026-01-08,Malaysia_Open_2026,Round 2,MD,Satwiksairaj RANKIREDDY / Chirag SHETTY,3,2181,Junaidi ARIFFIN / YAP Roy King,17,1926
2026-01-08,Malaysia_Open_2026,Round 2,WS,PUSARLA V. Sindhu,18,2113,Tomoka MIYAZAKI,9,2144
2026-01-08,Malaysia_Open_2026,Round 2,WS,Ratchanok INTANON,7,2227,Mia BLICHFELDT,20,2225
2026-01-08,Malaysia_Open_2026,Round 2,MS,Kodai NARAOKA,9,2259,LU Guang Zu,16,2145
2026-01-08,Malaysia_Open_2026,Round 2,WD,Febriana Dwipuji KUSUMA / Meilysa Trias PUSPITASARI,60,1921,Pearly TAN / THINAAH Muralitharan,2,2261
2026-01-08,Malaysia_Open_2026,Round 2,MD,Takuro HOKI / Yugo KOBAYASHI,11,2202,Kakeru KUMAGAI / Hiroki NISHI,34,1917
2026-01-08,Malaysia_Open_2026,Round 2,MS,Jonatan CHRISTIE,4,2341,LEONG Jun Hao,28,2058
2026-01-08,Malaysia_Open_2026,Round 2,XD,Dechapol PUAVARANUKROH / Supissara PACHARAMONGKOL,3,2168,Akira KOGA / Natsu SAITO,,1830
2026-01-08,Malaysia_Open_2026,Round 2,MD,Ben LANE / Sean VENDY,16,2050,GOH Sze Fei / Nur IZZUDDIN,7,2051
2026-01-08,Malaysia_Open_2026,Round 2,WD,Kaho OSAWA / Mai TANABE,28,1823,KIM Hye Rin / KONG Hee Yong,3,2205
2026-01-08,Malaysia_Open_2026,Round 2,MS,LEE Cheuk Yiu,18,2100,Lakshya SEN,13,2268
2026-01-08,Malaysia_Open_2026,Round 2,XD,JIANG Zhen Bang / WEI Ya Xin,2,2329,Phuwana.. / Benyapa AIMSAARD,64,1775
2026-01-08,Malaysia_Open_2026,Round 2,WS,CHEN Yu Fei,4,2565,Busanan ONGBAMRUNGPHAN,19,2032
2026-01-08,Malaysia_Open_2026,Round 2,XD,CHEN Tang Jie / TOH Ee Wei,4,2222,HOO Pang Ron / CHENG Su Yin,21,1938
2026-01-08,Malaysia_Open_2026,Round 2,WD,JEONG Na Eun / LEE Yeon Woo,19,1964,Ornnicha JONGSATHAPORNPARN / Sukitta SUWACHAI,47,1619
2026-01-08,Malaysia_Open_2026,Round 2,WS,Line Højmark KJAERSFELDT,26,1895,HAN Yue,5,2399
2026-01-08,Malaysia_Open_2026,Round 2,MS,SHI Yu Qi,1,2570,Ayush SHETTY,32,2036
2026-01-08,Malaysia_Open_2026,Round 2,XD,Presley SHIN Jian Da / Jennie GAI,32,1801,GOH Soon Huat / LAI Shevon Jemie,9,1979
2026-01-08,Malaysia_Open_2026,Round 2,WS,AN Se Young,1,2818,Nozomi OKUHARA,30,2092
2026-01-08,Malaysia_Open_2026,Round 2,XD,TANG Chun Man / TSE Ying Suet,8,2108,CHEN Ching Chen / HSU Yin-Hui,28,1827
2026-01-09,Malaysia_Open_2026,Quarter final,MD,Aaron CHIA / SOH Wooi Yik,2,2086,Sabar Karyaman GUTAMA / Moh Reza Pahlevi ISFAHANI,8,2190
2026-01-09,Malaysia_Open_2026,Quarter final,MD,KIM Won Ho / SEO Seung Jae,1,2460,MAN Wei Chong / TEE Kai Wun,5,2102
2026-01-09,Malaysia_Open_2026,Quarter final,MS,Kunlavut VITIDSARN,2,2423,Alex LANIER,8,2338
2026-01-09,Malaysia_Open_2026,Quarter final,MD,Fajar ALFIAN / Muhammad Shohibul FIKRI,6,2135,Satwiksairaj RANKIREDDY / Chirag SHETTY,3,2190
2026-01-09,Malaysia_Open_2026,Quarter final,XD,TANG Chun Man / TSE Ying Suet,8,2117,CHEN Tang Jie / TOH Ee Wei,4,2231
2026-01-09,Malaysia_Open_2026,Quarter final,XD,FENG Yan Zhe / HUANG Dong Ping,1,2507,GUO Xin Wa / CHEN Fang Hui,6,2137
2026-01-09,Malaysia_Open_2026,Quarter final,MD,Ben LANE / Sean VENDY,16,2077,Takuro HOKI / Yugo KOBAYASHI,11,2210
2026-01-09,Malaysia_Open_2026,Quarter final,WD,JEONG Na Eun / LEE Yeon Woo,19,1971,Kaho OSAWA / Mai TANABE,28,1879
2026-01-09,Malaysia_Open_2026,Quarter final,WD,LIU Sheng Shu / TAN Ning,1,2369,Ririna HIRAMOTO / Kokona ISHIKAWA,37,1884
2026-01-09,Malaysia_Open_2026,Quarter final,MS,Jonatan CHRISTIE,4,2349,Kodai NARAOKA,9,2276
2026-01-09,Malaysia_Open_2026,Quarter final,WD,Yuki FUKUSHIMA / Mayu MATSUMOTO,5,2245,HSU Yin-Hui / LIN Jhih Yong,14,1836
2026-01-09,Malaysia_Open_2026,Quarter final,XD,Jesper TOFT / Amalie MAGELUND,11,1951,Dechapol PUAVARANUKROH / Supissara PACHARAMONGKOL,3,2174
2026-01-09,Malaysia_Open_2026,Quarter final,WS,WANG Zhi Yi,2,2568,Putri Kusuma WARDANI,6,2264
2026-01-09,Malaysia_Open_2026,Quarter final,MS,Anders ANTONSEN,3,2396,Kenta NISHIMOTO,14,2168
2026-01-09,Malaysia_Open_2026,Quarter final,XD,JIANG Zhen Bang / WEI Ya Xin,2,2331,Presley SHIN Jian Da / Jennie GAI,32,1849
2026-01-09,Malaysia_Open_2026,Quarter final,MS,SHI Yu Qi,1,2572,LEE Cheuk Yiu,18,2137
2026-01-09,Malaysia_Open_2026,Quarter final,WD,BAEK Ha Na / LEE So Hee,6,2320,Febriana Dwipuji KUSUMA / Meilysa Trias PUSPITASARI,60,1969
2026-01-09,Malaysia_Open_2026,Quarter final,WS,PUSARLA V. Sindhu,18,2141,Akane YAMAGUCHI,3,2511
2026-01-09,Malaysia_Open_2026,Quarter final,WS,CHEN Yu Fei,4,2567,Ratchanok INTANON,7,2252
2026-01-09,Malaysia_Open_2026,Quarter final,WS,AN Se Young,1,2819,Line Højmark KJAERSFELDT,26,1895
2026-01-10,Malaysia_Open_2026,Semi final,MD,Aaron CHIA / SOH Wooi Yik,2,2121,Fajar ALFIAN / Muhammad Shohibul FIKRI,6,2166
2026-01-10,Malaysia_Open_2026,Semi final,WS,AN Se Young,1,2819,CHEN Yu Fei,4,2574
2026-01-10,Malaysia_Open_2026,Semi final,MS,SHI Yu Qi,1,2576,Anders ANTONSEN,3,2407
2026-01-10,Malaysia_Open_2026,Semi final,MD,KIM Won Ho / SEO Seung Jae,1,2466,Ben LANE / Sean VENDY,16,2113
2026-01-10,Malaysia_Open_2026,Semi final,MS,Kunlavut VITIDSARN,2,2443,Jonatan CHRISTIE,4,2370
2026-01-10,Malaysia_Open_2026,Semi final,XD,JIANG Zhen Bang / WEI Ya Xin,2,2334,Jesper TOFT / Amalie MAGELUND,11,1996
2026-01-10,Malaysia_Open_2026,Semi final,XD,FENG Yan Zhe / HUANG Dong Ping,1,2512,TANG Chun Man / TSE Ying Suet,8,2152
2026-01-10,Malaysia_Open_2026,Semi final,WD,LIU Sheng Shu / TAN Ning,1,2372,JEONG Na Eun / LEE Yeon Woo,19,1991
2026-01-10,Malaysia_Open_2026,Semi final,WD,BAEK Ha Na / LEE So Hee,6,2326,Yuki FUKUSHIMA / Mayu MATSUMOTO,5,2250
2026-01-10,Malaysia_Open_2026,Semi final,WS,WANG Zhi Yi,2,2576,PUSARLA V. Sindhu,18,2151
2026-01-11,Malaysia_Open_2026,Final,MD,KIM Won Ho / SEO Seung Jae,1,2472,Aaron CHIA / SOH Wooi Yik,2,2152
2026-01-11,Malaysia_Open_2026,Final,MS,Kunlavut VITIDSARN,2,2464,SHI Yu Qi,1,2591
2026-01-11,Malaysia_Open_2026,Final,XD,FENG Yan Zhe / HUANG Dong Ping,1,2518,JIANG Zhen Bang / WEI Ya Xin,2,2340
2026-01-11,Malaysia_Open_2026,Final,WD,LIU Sheng Shu / TAN Ning,1,2378,BAEK Ha Na / LEE So Hee,6,2347
2026-01-11,Malaysia_Open_2026,Final,WS,AN Se Young,1,2819,WANG Zhi Yi,2,2580
2026-03-03,All England Open 2026,Round 1,MS,Koki WATANABE,24,2152,Anders ANTONSEN,3,2384
2026-03-03,All England Open 2026,Round 1,MS,LEONG Jun Hao,26,2022,Kenta NISHIMOTO,13,2081
2026-03-03,All England Open 2026,Round 1,XD,YANG Po Hsuan / HU Ling Fang,27,1781,Mathias THYRRI / Alexandra BOE,9,2124
2026-03-03,All England Open 2026,Round 1,WD,Rui HIROKAMI / Sayaka HIROTA,16,1952,HSU Yin-Hui / LIN Jhih Yong,14,1780
2026-03-03,All England Open 2026,Round 1,MD,LIANG Wei Keng / WANG Chang,3,2169,Takumi NOMURA / Yuichi SHIMABUKURO,31,1866
2026-03-03,All England Open 2026,Round 1,WS,Pornpawee CHOCHUWONG,8,2211,Unnati HOODA,27,2004
2026-03-03,All England Open 2026,Round 1,MD,Takuro HOKI / Yugo KOBAYASHI,9,2148,CHEN Zhi Xian / LIN Yu Chieh,36,1817
2026-03-03,All England Open 2026,Round 1,MD,Fajar ALFIAN / Muhammad Shohibul FIKRI,5,2122,ONG Yew Sin / TEO Ee Yi,32,1776
2026-03-03,All England Open 2026,Round 1,MD,Kim ASTRUP / Anders Skaarup RASMUSSEN,10,1943,CHOONG Hon Jian / Muhammad Shohibul FIKRI,29,1843
2026-03-03,All England Open 2026,Round 1,WD,Kaho OSAWA / Mai TANABE,19,1865,LUI Lok Lok / TSANG Hiu Yan,29,1751
2026-03-03,All England Open 2026,Round 1,WS,Putri Kusuma WARDANI,6,2244,Mia BLICHFELDT,20,2154
2026-03-03,All England Open 2026,Round 1,WD,Sayaka HIROTA / Ayako SAKURAMOTO,,1725,Treesa JOLLY / GAYATRI GOPICHAND,23,1893
2026-03-03,All England Open 2026,Round 1,MD,KIM Won Ho / SEO Seung Jae,1,2480,Ben LANE / Sean VENDY,15,2039
2026-03-03,All England Open 2026,Round 1,MS,Nhat NGUYEN,27,2041,LEE Chia Hao,21,1927
2026-03-03,All England Open 2026,Round 1,WD,Francesca CORBETT / Jennie GAI,32,1790,CHANG Tak Ching / YANG Ching Tun,20,1753
2026-03-03,All England Open 2026,Round 1,XD,Rasmus KJÆR / Amalie Cecilie KUDSK,34,1789,CHEN Tang Jie / TOH Ee Wei,4,2229
2026-03-03,All England Open 2026,Round 1,MS,LEE Cheuk Yiu,25,2116,WENG Hong Yang,15,2219
2026-03-03,All England Open 2026,Round 1,MD,Raymond INDRA / Nikolaus JOAQUIN,17,2011,KANG Min Hyuk / KI Dong Ju,16,2018
2026-03-03,All England Open 2026,Round 1,WD,JIA Yi Fan / ZHANG ..,3,2307,Rachel Allessya ROSE / Febi SETIANINGRUM,27,1937
2026-03-03,All England Open 2026,Round 1,MS,LI Shi Feng,6,2240,WANG Zheng Xing,30,1999
2026-03-03,All England Open 2026,Round 1,WS,KIM Ga Eun,14,2217,HUANG Yu-Hsun,32,1954
2026-03-03,All England Open 2026,Round 1,MS,Victor LAI,16,2091,Alex LANIER,8,2293
2026-03-03,All England Open 2026,Round 1,WS,Natsuki NIDAIRA,24,2072,SUNG Shuo Yun,35,1776
2026-03-03,All England Open 2026,Round 1,MS,Lakshya SEN,12,2192,SHI Yu Qi,1,2576
2026-03-03,All England Open 2026,Round 1,WS,AN Se Young,1,2847,Neslihan ARIN,34,1927
2026-03-03,All England Open 2026,Round 1,XD,Dhruv KAPILA / Tanisha CRASTO,21,1773,HOO Pang Ron / CHENG Su Yin,23,1919
2026-03-03,All England Open 2026,Round 1,XD,TANG Chun Man / TSE Ying Suet,7,2092,Ruttanapon KETSAOPAR / Jhenicha SUDJAIPRAPARAT,13,1974
2026-03-03,All England Open 2026,Round 1,XD,YE Hong / Nicole Gonzales CHAN,15,1896,Jimmy WONG / LAI Pei Jing,24,1786
2026-03-03,All England Open 2026,Round 1,WS,Michelle LI,11,2160,GAO Fang jie,10,2207
2026-03-03,All England Open 2026,Round 1,WS,CHEN Yu Fei,3,2574,Malvika BANSOD,52,1800
2026-03-03,All England Open 2026,Round 1,WD,HSIEH Pei Lan / HUNG En-Tzu,9,1872,Bengisu ERCETIN / Nazlıcan INCI,33,1774
2026-03-03,All England Open 2026,Round 1,WS,LIN Hsiang Ti,19,1957,SIM Yu Jin,15,2214
2026-03-03,All England Open 2026,Round 1,MS,NG Ka Long Angus,29,2013,Brian YANG,33,1981
2026-03-03,All England Open 2026,Round 1,XD,Pakkapon TEERARATSAKUL / Sapsiree TAERATTANACHAI,28,1885,WU Guan Xun / LEE Chia Hsin,38,1674
2026-03-03,All England Open 2026,Round 1,WD,LIU Sheng Shu / TAN Ning,1,2450,HU Ling Fang / JHENG Yu Chieh,31,1808
2026-03-03,All England Open 2026,Round 1,XD,FENG Yan Zhe / HUANG Dong Ping,1,2490,HEE Yong KWON / Gloria Emanuelle WIDJAJA,123,1881
2026-03-03,All England Open 2026,Round 1,MD,LEE Jhe-Huei / YANG Po Hsuan,14,1932,Leo Rolly CARNANDO / Bagas MAULANA,13,1959
2026-03-04,All England Open 2026,Round 1,MD,GOH Sze Fei / Nur IZZUDDIN,8,2068,Kakeru KUMAGAI / Hiroki NISHI,27,1955
2026-03-04,All England Open 2026,Round 1,WD,Rin IWANAGA / Kie NAKANISHI,7,2094,LIN Xiao Min / WANG Yu Qiao,37,1762
2026-03-04,All England Open 2026,Round 1,WD,Yuki FUKUSHIMA / Mayu MATSUMOTO,6,2256,ONG Xin Yee / Carmen TING,25,1694
2026-03-04,All England Open 2026,Round 1,WD,Febriana Dwipuji KUSUMA / Meilysa Trias PUSPITASARI,21,1963,Polina BUHROVA / Yevheniia KANTEMYR,30,1681
2026-03-04,All England Open 2026,Round 1,WD,LEE Seo .. / LEE Yeon Woo,,1799,Lauren LAM / Allison Qu..,24,1871
2026-03-04,All England Open 2026,Round 1,MS,Christo POPOV,5,2396,Rasmus GEMKE,23,2103
2026-03-04,All England Open 2026,Round 1,MD,Muhammad Shohibul FIKRI / Rahmat HIDAYAT,50,1928,LIU Kuan Han / YANG Po Hsuan,20,1859
2026-03-04,All England Open 2026,Round 1,MD,Aaron CHIA / SOH Wooi Yik,2,2062,CHEN Zhi Xian / Presley SHIN Jian Da,28,1831
2026-03-04,All England Open 2026,Round 1,WD,Pearly TAN / THINAAH Muralitharan,2,2220,Arisa IGAKI / Chiharu SHIDA,17,1986
2026-03-04,All England Open 2026,Round 1,WD,Amallia Cahaya PRATIWI / Siti Fadia Silva RAMADHANTI,78,1871,HSU Ya Ching / SUNG Yu Hsuan,15,1866
2026-03-04,All England Open 2026,Round 1,MS,CHOU Tien Chen,7,2137,CHI Yu Jen,19,2126
2026-03-04,All England Open 2026,Round 1,MD,Junaidi ARIFFIN / YAP Roy King,18,1888,Daniel LUNDGAARD / Mads VESTERGAARD,23,1898
2026-03-04,All England Open 2026,Round 1,MS,Toma Junior POPOV,17,2110,Yushi TANAKA,20,2139
2026-03-04,All England Open 2026,Round 1,WS,Supanida KATETHONG,16,2035,HSU Wen Chi,42,1863
2026-03-04,All England Open 2026,Round 1,MS,LOH Kean Yew,10,2228,Kodai NARAOKA,9,2243
2026-03-04,All England Open 2026,Round 1,MS,Alwi FARHAN,14,2233,Ayush SHETTY,22,2021
2026-03-04,All England Open 2026,Round 1,XD,Alexander DUNN / Julie MACPHERSON,32,1834,Jesper TOFT / Amalie MAGELUND,12,1946
2026-03-04,All England Open 2026,Round 1,XD,Yuichi SHIMABUKURO / Sayaka HIROTA,19,1908,CHEN Ching Chen / HSU Yin-Hui,25,1825
2026-03-04,All England Open 2026,Round 1,MS,Kunlavut VITIDSARN,2,2446,LU Guang Zu,18,2114
2026-03-04,All England Open 2026,Round 1,WS,Line CHRISTOPHERSEN,23,1961,NGUYEN Thuy Linh,25,2042
2026-03-04,All England Open 2026,Round 1,XD,GOH Soon Huat / LAI Shevon Jemie,11,1939,Callum HEMMING / Estelle VAN ZANDT,39,1702
2026-03-04,All England Open 2026,Round 1,WS,Akane YAMAGUCHI,4,2501,Busanan ONGBAMRUNGPHAN,17,1991
2026-03-04,All England Open 2026,Round 1,XD,Thom GICQUEL / Delphine DELRUE,5,2031,Rohan KAPOOR / GADDE Ruthvika Shivani,36,1625
2026-03-04,All England Open 2026,Round 1,MD,CHEN Bo Yang / LIU Yi,11,2027,HE Zhi Wei / HUANG Jui Hsuan,37,1647
2026-03-04,All England Open 2026,Round 1,MD,CHIU Hsiang Chieh / WANG Chang,12,1973,Nur Mohd Azriyn Ayub / TAN Wee Kiong,26,1869
2026-03-04,All England Open 2026,Round 1,WS,WANG Zhi Yi,2,2551,Hina AKECHI,30,1970
2026-03-04,All England Open 2026,Round 1,MS,Jonatan CHRISTIE,4,2364,Jia Heng Jason TEH,34,1930
2026-03-04,All England Open 2026,Round 1,MS,LIN Chun-Yi,11,2195,WANG Tzu Wei,28,2039
2026-03-04,All England Open 2026,Round 1,MD,MAN Wei Chong / TEE Kai Wun,6,2083,LEE Fang Jen / LEE Fang Chih,22,1874
2026-03-04,All England Open 2026,Round 1,XD,GUO Xin Wa / CHEN Fang Hui,6,2071,WONG Tien Ci / LIM Chiew Sien,37,1699
2026-03-04,All England Open 2026,Round 1,WS,YEO Jia Min,38,2059,Ratchanok INTANON,7,2281
2026-03-04,All England Open 2026,Round 1,XD,JIANG Zhen Bang / WEI Ya Xin,2,2274,Presley SHIN Jian Da / Jennie GAI,26,1807
2026-03-04,All England Open 2026,Round 1,WD,Margot LAMBERT / Camille PION,22,1843,YEUNG .. / YEUNG Pak Hon,18,1674
2026-03-04,All England Open 2026,Round 1,MD,KANG Khai Xing / Aaron TAI,33,1832,Satwiksairaj RANKIREDDY / Chirag SHETTY,4,2149
2026-03-04,All England Open 2026,Round 1,WD,Gabriela STOEVA / Stefani STOEVA,12,2003,LI Yi jing / LUO Xu Min,8,2054
2026-03-04,All England Open 2026,Round 1,XD,Jafar HIDAYATULLAH / Felisha Alberta SI,10,2065,GAO Jia Xuan / WU Meng Ying,29,1843
2026-03-04,All England Open 2026,Round 1,XD,Mads VESTERGAARD / Christine BUSCH,20,1809,CHENG Chi Ya / ZHANG Chi,14,2025
2026-03-04,All England Open 2026,Round 1,WS,Tomoka MIYAZAKI,9,2104,Nozomi OKUHARA,22,2128
2026-03-04,All England Open 2026,Round 1,WS,CHIU Pin-Chian,13,1979,ZHANG Beiwen,21,2003
2026-03-04,All England Open 2026,Round 1,WS,Riko GUNJI,26,2076,HAN Yue,5,2390
2026-03-04,All England Open 2026,Round 1,XD,Amri SYAHNAWI / Nita Violina MARWAH,17,1879,Marvin SEIDEL / Thuc Phuong NGUYEN,30,1839
2026-03-04,All England Open 2026,Round 1,MD,Christo POPOV / Toma Junior POPOV,25,1855,Sabar Karyaman GUTAMA / Moh Reza Pahlevi ISFAHANI,7,2141
2026-03-04,All England Open 2026,Round 1,WD,BAEK Ha Na / LEE So Hee,4,2308,Ririna HIRAMOTO / Kokona ISHIKAWA,26,1851
2026-03-05,All England Open 2026,Round 2,MD,Christo POPOV / Toma Junior POPOV,25,1906,Takuro HOKI / Yugo KOBAYASHI,9,2154
2026-03-05,All England Open 2026,Round 2,MD,Aaron CHIA / SOH Wooi Yik,2,2073,Junaidi ARIFFIN / YAP Roy King,18,1918
2026-03-05,All England Open 2026,Round 2,WD,Febriana Dwipuji KUSUMA / Meilysa Trias PUSPITASARI,21,1972,Rin IWANAGA / Kie NAKANISHI,7,2101
2026-03-05,All England Open 2026,Round 2,WS,Tomoka MIYAZAKI,9,2132,Riko GUNJI,26,2121
2026-03-05,All England Open 2026,Round 2,MD,KIM Won Ho / SEO Seung Jae,1,2481,Kim ASTRUP / Anders Skaarup RASMUSSEN,10,1963
2026-03-05,All England Open 2026,Round 2,WS,WANG Zhi Yi,2,2553,Supanida KATETHONG,16,2050
2026-03-05,All England Open 2026,Round 2,WD,HSIEH Pei Lan / HUNG En-Tzu,9,1894,Rui HIROKAMI / Sayaka HIROTA,16,1967
2026-03-05,All England Open 2026,Round 2,MD,Raymond INDRA / Nikolaus JOAQUIN,17,2038,Fajar ALFIAN / Muhammad Shohibul FIKRI,5,2129
2026-03-05,All England Open 2026,Round 2,WD,Pearly TAN / THINAAH Muralitharan,2,2231,LEE Seo .. / LEE Yeon Woo,,1838
2026-03-05,All England Open 2026,Round 2,MD,LIANG Wei Keng / WANG Chang,3,2176,LEE Jhe-Huei / YANG Po Hsuan,14,1963
2026-03-05,All England Open 2026,Round 2,MD,Muhammad Shohibul FIKRI / Rahmat HIDAYAT,50,1951,GOH Sze Fei / Nur IZZUDDIN,8,2086
2026-03-05,All England Open 2026,Round 2,WD,LIU Sheng Shu / TAN Ning,1,2451,Francesca CORBETT / Jennie GAI,32,1820
2026-03-05,All England Open 2026,Round 2,MD,MAN Wei Chong / TEE Kai Wun,6,2095,CHIU Hsiang Chieh / WANG Chang,12,1993
2026-03-05,All England Open 2026,Round 2,WD,Yuki FUKUSHIMA / Mayu MATSUMOTO,6,2258,Amallia Cahaya PRATIWI / Siti Fadia Silva RAMADHANTI,78,1900
2026-03-05,All England Open 2026,Round 2,WD,BAEK Ha Na / LEE So Hee,4,2312,Margot LAMBERT / Camille PION,22,1860
2026-03-05,All England Open 2026,Round 2,WD,Sayaka HIROTA / Ayako SAKURAMOTO,,1781,Gabriela STOEVA / Stefani STOEVA,12,2034
2026-03-05,All England Open 2026,Round 2,MS,Victor LAI,16,2131,LEE Cheuk Yiu,25,2149
2026-03-05,All England Open 2026,Round 2,XD,Mads VESTERGAARD / Christine BUSCH,20,1859,FENG Yan Zhe / HUANG Dong Ping,1,2491
2026-03-05,All England Open 2026,Round 2,WD,JIA Yi Fan / ZHANG ..,3,2312,Kaho OSAWA / Mai TANABE,19,1886
2026-03-05,All England Open 2026,Round 2,MD,CHEN Bo Yang / LIU Yi,11,2032,KANG Khai Xing / Aaron TAI,33,1886
2026-03-05,All England Open 2026,Round 2,WS,Line CHRISTOPHERSEN,23,1995,YEO Jia Min,38,2076
2026-03-05,All England Open 2026,Round 2,MS,Alwi FARHAN,14,2245,CHOU Tien Chen,7,2152
2026-03-05,All England Open 2026,Round 2,MS,Koki WATANABE,24,2193,LEONG Jun Hao,26,2053
2026-03-05,All England Open 2026,Round 2,XD,YE Hong / Nicole Gonzales CHAN,15,1916,Rasmus KJÆR / Amalie Cecilie KUDSK,34,1851
2026-03-05,All England Open 2026,Round 2,XD,TANG Chun Man / TSE Ying Suet,7,2110,Dhruv KAPILA / Tanisha CRASTO,21,1821
2026-03-05,All England Open 2026,Round 2,XD,GUO Xin Wa / CHEN Fang Hui,6,2077,Alexander DUNN / Julie MACPHERSON,32,1875
2026-03-05,All England Open 2026,Round 2,MS,Christo POPOV,5,2404,LOH Kean Yew,10,2255
2026-03-05,All England Open 2026,Round 2,XD,Amri SYAHNAWI / Nita Violina MARWAH,17,1906,Jafar HIDAYATULLAH / Felisha Alberta SI,10,2076
2026-03-05,All England Open 2026,Round 2,WS,Akane YAMAGUCHI,4,2504,CHIU Pin-Chian,13,2008
2026-03-05,All England Open 2026,Round 2,MS,Kunlavut VITIDSARN,2,2452,Toma Junior POPOV,17,2139
2026-03-05,All England Open 2026,Round 2,WS,AN Se Young,1,2847,LIN Hsiang Ti,19,2002
2026-03-05,All England Open 2026,Round 2,MS,LI Shi Feng,6,2250,Nhat NGUYEN,27,2059
2026-03-05,All England Open 2026,Round 2,XD,JIANG Zhen Bang / WEI Ya Xin,2,2277,GOH Soon Huat / LAI Shevon Jemie,11,1950
2026-03-05,All England Open 2026,Round 2,MS,LIN Chun-Yi,11,2210,Jonatan CHRISTIE,4,2368
2026-03-05,All England Open 2026,Round 2,XD,Pakkapon TEERARATSAKUL / Sapsiree TAERATTANACHAI,28,1899,YANG Po Hsuan / HU Ling Fang,27,1841
2026-03-05,All England Open 2026,Round 2,WS,Putri Kusuma WARDANI,6,2248,KIM Ga Eun,14,2226
2026-03-05,All England Open 2026,Round 2,XD,Thom GICQUEL / Delphine DELRUE,5,2036,Yuichi SHIMABUKURO / Sayaka HIROTA,19,1930
2026-03-05,All England Open 2026,Round 2,WS,CHEN Yu Fei,3,2574,Natsuki NIDAIRA,24,2080
2026-03-05,All England Open 2026,Round 2,MS,Lakshya SEN,12,2239,NG Ka Long Angus,29,2037
2026-03-05,All England Open 2026,Round 2,WS,Pornpawee CHOCHUWONG,8,2224,Michelle LI,11,2189
2026-03-06,All England Open 2026,Quarter final,MD,KIM Won Ho / SEO Seung Jae,1,2483,Christo POPOV / Toma Junior POPOV,25,1952
2026-03-06,All England Open 2026,Quarter final,WD,LIU Sheng Shu / TAN Ning,1,2453,HSIEH Pei Lan / HUNG En-Tzu,9,1929
2026-03-06,All England Open 2026,Quarter final,WD,JIA Yi Fan / ZHANG ..,3,2316,Sayaka HIROTA / Ayako SAKURAMOTO,,1836
2026-03-06,All England Open 2026,Quarter final,WS,WANG Zhi Yi,2,2556,Tomoka MIYAZAKI,9,2157
2026-03-06,All England Open 2026,Quarter final,WS,Akane YAMAGUCHI,4,2507,Line CHRISTOPHERSEN,23,2028
2026-03-06,All England Open 2026,Quarter final,MS,Victor LAI,16,2159,Koki WATANABE,24,2209
2026-03-06,All England Open 2026,Quarter final,XD,TANG Chun Man / TSE Ying Suet,7,2113,Mads VESTERGAARD / Christine BUSCH,20,1918
2026-03-06,All England Open 2026,Quarter final,MD,Raymond INDRA / Nikolaus JOAQUIN,17,2072,LIANG Wei Keng / WANG Chang,3,2188
2026-03-06,All England Open 2026,Quarter final,WD,Pearly TAN / THINAAH Muralitharan,2,2236,Febriana Dwipuji KUSUMA / Meilysa Trias PUSPITASARI,21,2009
2026-03-06,All England Open 2026,Quarter final,MS,Lakshya SEN,12,2251,LI Shi Feng,6,2263
2026-03-06,All England Open 2026,Quarter final,XD,YE Hong / Nicole Gonzales CHAN,15,1939,Pakkapon TEERARATSAKUL / Sapsiree TAERATTANACHAI,28,1923
2026-03-06,All England Open 2026,Quarter final,WD,BAEK Ha Na / LEE So Hee,4,2315,Yuki FUKUSHIMA / Mayu MATSUMOTO,6,2264
2026-03-06,All England Open 2026,Quarter final,MD,Aaron CHIA / SOH Wooi Yik,2,2089,MAN Wei Chong / TEE Kai Wun,6,2114
2026-03-06,All England Open 2026,Quarter final,MS,LIN Chun-Yi,11,2247,Christo POPOV,5,2419
2026-03-06,All England Open 2026,Quarter final,WS,AN Se Young,1,2848,Putri Kusuma WARDANI,6,2272
2026-03-06,All England Open 2026,Quarter final,MD,CHEN Bo Yang / LIU Yi,11,2048,Muhammad Shohibul FIKRI / Rahmat HIDAYAT,50,1989
2026-03-06,All England Open 2026,Quarter final,XD,GUO Xin Wa / CHEN Fang Hui,6,2089,Amri SYAHNAWI / Nita Violina MARWAH,17,1947
2026-03-06,All England Open 2026,Quarter final,MS,Kunlavut VITIDSARN,2,2460,Alwi FARHAN,14,2264
2026-03-06,All England Open 2026,Quarter final,WS,CHEN Yu Fei,3,2577,Pornpawee CHOCHUWONG,8,2247
2026-03-06,All England Open 2026,Quarter final,XD,Thom GICQUEL / Delphine DELRUE,5,2055,JIANG Zhen Bang / WEI Ya Xin,2,2284
2026-03-07,All England Open 2026,Semi final,MD,KIM Won Ho / SEO Seung Jae,1,2486,Raymond INDRA / Nikolaus JOAQUIN,17,2108
2026-03-07,All England Open 2026,Semi final,WS,WANG Zhi Yi,2,2560,Akane YAMAGUCHI,4,2510
2026-03-07,All England Open 2026,Semi final,MD,Aaron CHIA / SOH Wooi Yik,2,2118,CHEN Bo Yang / LIU Yi,11,2071
2026-03-07,All England Open 2026,Semi final,WS,AN Se Young,1,2850,CHEN Yu Fei,3,2584
2026-03-07,All England Open 2026,Semi final,WD,LIU Sheng Shu / TAN Ning,1,2455,JIA Yi Fan / ZHANG ..,3,2319
2026-03-07,All England Open 2026,Semi final,WD,BAEK Ha Na / LEE So Hee,4,2338,Pearly TAN / THINAAH Muralitharan,2,2247
2026-03-07,All England Open 2026,Semi final,MS,Lakshya SEN,12,2279,Victor LAI,16,2190
2026-03-07,All England Open 2026,Semi final,XD,YE Hong / Nicole Gonzales CHAN,15,1967,TANG Chun Man / TSE Ying Suet,7,2127
2026-03-07,All England Open 2026,Semi final,MS,LIN Chun-Yi,11,2286,Kunlavut VITIDSARN,2,2473
2026-03-07,All England Open 2026,Semi final,XD,Thom GICQUEL / Delphine DELRUE,5,2098,GUO Xin Wa / CHEN Fang Hui,6,2106
2026-03-08,All England Open 2026,Final,MD,KIM Won Ho / SEO Seung Jae,1,2491,Aaron CHIA / SOH Wooi Yik,2,2142
2026-03-08,All England Open 2026,Final,WS,WANG Zhi Yi,2,2584,AN Se Young,1,2859
2026-03-08,All England Open 2026,Final,WD,LIU Sheng Shu / TAN Ning,1,2472,BAEK Ha Na / LEE So Hee,4,2359
2026-03-08,All England Open 2026,Final,MS,LIN Chun-Yi,11,2327,Lakshya SEN,12,2300
2026-03-08,All England Open 2026,Final,XD,YE Hong / Nicole Gonzales CHAN,15,2009,Thom GICQUEL / Delphine DELRUE,5,2127
