date,round,type,winner_raw,score,loser_raw,duration,tournament_url,page_number,tournament_name
2025-06-08,Final,MD,KIM Won .. / SEO Seu.. (5) Rank 6 Elo 2226 (+20),18-21 / 21-19 / 21-12,Sabar Ka.. / Moh Rez.. (8) Rank 8 Elo 2123 (-20),63,https://badmintonranks.com/tournament?id=14466,1,Indonesia Open 2025
2025-06-08,Final,MS,Anders ANTONSEN (3) Rank 3 Elo 2370 (+18),22-20 / 21-14,CHOU Tien Chen (6) Rank 7 Elo 2253 (-19),60,https://badmintonranks.com/tournament?id=14466,1,Indonesia Open 2025
2025-06-08,Final,WD,LIU Shen.. / TAN Ning (1) Rank 1 Elo 2368 (+14),23-25 / 21-12 / 21-19,Pearly TA.. / THINAAH.. (4) Rank 4 Elo 2182 (-14),87,https://badmintonranks.com/tournament?id=14466,1,Indonesia Open 2025
2025-06-08,Final,WS,AN Se Young (1) Rank 1 Elo 2715 (+13),13-21 / 21-19 / 21-15,WANG Zhi Yi (2) Rank 2 Elo 2504 (-12),81,https://badmintonranks.com/tournament?id=14466,1,Indonesia Open 2025
2025-06-08,Final,XD,Thom GI.. / Delphine .. Rank 10 Elo 2082 (+41),21-16 / 21-18,Dechapol.. / Supissar.. (6) Rank 6 Elo 2256 (-41),48,https://badmintonranks.com/tournament?id=14466,1,Indonesia Open 2025
2025-06-07,Semi final,MD,KIM Won .. / SEO Seu.. (5) Rank 6 Elo 2207 (+19),21-18 / 19-21 / 23-21,Fajar ALF.. / Muhamm.. (6) Rank 5 Elo 2099 (-19),79,https://badmintonranks.com/tournament?id=14466,1,Indonesia Open 2025
2025-06-07,Semi final,MD,Sabar Ka.. / Moh Rez.. (8) Rank 8 Elo 2090 (+33),21-18 / 12-21 / 21-18,MAN Wei.. / TEE Kai .. (7) Rank 7 Elo 2156 (-33),60,https://badmintonranks.com/tournament?id=14466,1,Indonesia Open 2025
2025-06-07,Semi final,MS,Anders ANTONSEN (3) Rank 3 Elo 2331 (+39),9-21 / 21-18 / 21-19,SHI Yu Qi (1) Rank 2 Elo 2492 (-38),69,https://badmintonranks.com/tournament?id=14466,1,Indonesia Open 2025
2025-06-07,Semi final,WD,LIU Shen.. / TAN Ning (1) Rank 1 Elo 2353 (+15),21-19 / 21-18,BAEK Ha.. / LEE So H.. (3) Rank 3 Elo 2181 (-15),59,https://badmintonranks.com/tournament?id=14466,1,Indonesia Open 2025
2025-06-07,Semi final,MS,CHOU Tien Chen (6) Rank 7 Elo 2206 (+47),21-16 / 23-21,Kunlavut VITIDSARN (2) Rank 1 Elo 2515 (-46),59,https://badmintonranks.com/tournament?id=14466,1,Indonesia Open 2025
2025-06-07,Semi final,WD,Pearly TA.. / THINAAH.. (4) Rank 4 Elo 2161 (+21),12-21 / 21-17 / 21-11,LI Yi jing / LUO Xu .. (5) Rank 6 Elo 2082 (-22),64,https://badmintonranks.com/tournament?id=14466,1,Indonesia Open 2025
2025-06-07,Semi final,WS,WANG Zhi Yi (2) Rank 2 Elo 2487 (+17),21-12 / 21-13,HAN Yue (4) Rank 4 Elo 2361 (-18),39,https://badmintonranks.com/tournament?id=14466,1,Indonesia Open 2025
2025-06-07,Semi final,XD,Thom GI.. / Delphine .. Rank 10 Elo 2053 (+29),17-21 / 21-14 / 21-12,CHENG .. / ZHANG C.. Rank 11 Elo 2069 (-29),64,https://badmintonranks.com/tournament?id=14466,1,Indonesia Open 2025
2025-06-07,Semi final,WS,AN Se Young (1) Rank 1 Elo 2708 (+7),21-18 / 21-17,Akane YAMAGUCHI (3) Rank 3 Elo 2396 (-8),51,https://badmintonranks.com/tournament?id=14466,1,Indonesia Open 2025
2025-06-07,Semi final,XD,Dechapol.. / Supissar.. (6) Rank 6 Elo 2237 (+19),21-23 / 21-15 / 21-11,CHEN Ta.. / TOH Ee .. (2) Rank 4 Elo 2122 (-19),65,https://badmintonranks.com/tournament?id=14466,1,Indonesia Open 2025
2025-06-06,Quarter final,MD,KIM Won .. / SEO Seu.. (5) Rank 6 Elo 2187 (+20),21-19 / 21-9,Takuro H.. / Yugo KOB.. Rank 19 Elo 2104 (-21),36,https://badmintonranks.com/tournament?id=14466,1,Indonesia Open 2025
2025-06-06,Quarter final,MS,SHI Yu Qi (1) Rank 2 Elo 2489 (+3),21-13 / 21-6,WANG Zheng Xing Rank 30 Elo 2045 (-4),31,https://badmintonranks.com/tournament?id=14466,1,Indonesia Open 2025
2025-06-06,Quarter final,MS,Anders ANTONSEN (3) Rank 3 Elo 2315 (+16),23-21 / 21-9,LEE Cheuk Yiu Rank 21 Elo 2182 (-17),46,https://badmintonranks.com/tournament?id=14466,1,Indonesia Open 2025
2025-06-06,Quarter final,MD,Sabar Ka.. / Moh Rez.. (8) Rank 8 Elo 2056 (+34),21-19 / 9-21 / 21-19,GOH Sze.. / Nur IZZU.. (1) Rank 1 Elo 2145 (-33),57,https://badmintonranks.com/tournament?id=14466,1,Indonesia Open 2025
2025-06-06,Quarter final,MD,Fajar ALF.. / Muhamm.. (6) Rank 5 Elo 2085 (+14),21-19 / 23-21,HUANG .. / LIU Yang Rank 24 Elo 1918 (-16),52,https://badmintonranks.com/tournament?id=14466,1,Indonesia Open 2025
2025-06-06,Quarter final,MS,Kunlavut VITIDSARN (2) Rank 1 Elo 2500 (+15),21-12 / 21-16,Alex LANIER (8) Rank 8 Elo 2327 (-14),49,https://badmintonranks.com/tournament?id=14466,2,Indonesia Open 2025
2025-06-06,Quarter final,MS,CHOU Tien Chen (6) Rank 7 Elo 2168 (+38),14-21 / 21-13 / 21-17,LI Shi Feng (4) Rank 4 Elo 2340 (-38),70,https://badmintonranks.com/tournament?id=14466,2,Indonesia Open 2025
2025-06-06,Quarter final,WD,Pearly TA.. / THINAAH.. (4) Rank 4 Elo 2133 (+28),21-6 / 21-18,Rin IWAN.. / Kie NAK.. (6) Rank 5 Elo 2152 (-28),37,https://badmintonranks.com/tournament?id=14466,2,Indonesia Open 2025
2025-06-06,Quarter final,MD,MAN Wei.. / TEE Kai .. (7) Rank 7 Elo 2125 (+31),21-19 / 21-16,Satwiksai.. / Chirag SH.. Rank 22 Elo 2183 (-31),43,https://badmintonranks.com/tournament?id=14466,2,Indonesia Open 2025
2025-06-06,Quarter final,WS,WANG Zhi Yi (2) Rank 2 Elo 2475 (+12),21-18 / 23-21,GAO Fang jie Rank 14 Elo 2251 (-12),52,https://badmintonranks.com/tournament?id=14466,2,Indonesia Open 2025
2025-06-06,Quarter final,WD,LIU Shen.. / TAN Ning (1) Rank 1 Elo 2335 (+18),21-18 / 21-10,KIM Hye .. / KONG H.. (7) Rank 7 Elo 2216 (-17),45,https://badmintonranks.com/tournament?id=14466,2,Indonesia Open 2025
2025-06-06,Quarter final,WD,LI Yi jing / LUO Xu .. (5) Rank 6 Elo 2047 (+35),21-9 / 21-19,Yuki FUK.. / Mayu MAT.. Rank 9 Elo 2149 (-34),40,https://badmintonranks.com/tournament?id=14466,2,Indonesia Open 2025
2025-06-06,Quarter final,WD,BAEK Ha.. / LEE So H.. (3) Rank 3 Elo 2168 (+13),18-21 / 21-16 / 21-7,Febriana .. / Amallia C.. (8) Rank 10 Elo 1972 (-14),67,https://badmintonranks.com/tournament?id=14466,2,Indonesia Open 2025
2025-06-06,Quarter final,WS,HAN Yue (4) Rank 4 Elo 2361 (+0),W.O.,CHEN Yu Fei (5) Rank 5 Elo 2659 (-3),0,https://badmintonranks.com/tournament?id=14466,2,Indonesia Open 2025
2025-06-06,Quarter final,XD,CHENG .. / ZHANG C.. Rank 11 Elo 2041 (+28),21-19 / 21-13,Hiroki MI.. / Natsu SA.. (7) Rank 9 Elo 2055 (-29),42,https://badmintonranks.com/tournament?id=14466,2,Indonesia Open 2025
2025-06-06,Quarter final,XD,Thom GI.. / Delphine .. Rank 10 Elo 2038 (+15),21-11 / 23-21,Adnan M.. / Indah Cah.. Rank 32 Elo 1874 (-17),43,https://badmintonranks.com/tournament?id=14466,2,Indonesia Open 2025
2025-06-06,Quarter final,WS,Akane YAMAGUCHI (3) Rank 3 Elo 2382 (+14),21-19 / 22-20,Putri Kusuma WARDANI Rank 12 Elo 2197 (-14),51,https://badmintonranks.com/tournament?id=14466,2,Indonesia Open 2025
2025-06-06,Quarter final,XD,Dechapol.. / Supissar.. (6) Rank 6 Elo 2223 (+14),21-16 / 21-12,GOH Soo.. / LAI Shev.. (3) Rank 5 Elo 2055 (-15),34,https://badmintonranks.com/tournament?id=14466,2,Indonesia Open 2025
2025-06-06,Quarter final,WS,AN Se Young (1) Rank 1 Elo 2703 (+5),21-11 / 21-10,Pornpawee CHOCHU.. (6) Rank 8 Elo 2302 (-5),38,https://badmintonranks.com/tournament?id=14466,2,Indonesia Open 2025
2025-06-06,Quarter final,XD,CHEN Ta.. / TOH Ee .. (2) Rank 4 Elo 2099 (+23),17-21 / 21-16 / 21-14,Jesper T.. / Amalie M.. (5) Rank 8 Elo 2043 (-23),54,https://badmintonranks.com/tournament?id=14466,2,Indonesia Open 2025
2025-06-05,Round 2,MS,LI Shi Feng (4) Rank 4 Elo 2327 (+13),21-18 / 21-18,LEONG Jun Hao Rank 25 Elo 2155 (-14),54,https://badmintonranks.com/tournament?id=14466,2,Indonesia Open 2025
2025-06-05,Round 2,WS,GAO Fang jie Rank 14 Elo 2229 (+22),19-21 / 21-19 / 21-10,Tomoka MIYAZAKI (7) Rank 7 Elo 2180 (-22),68,https://badmintonranks.com/tournament?id=14466,2,Indonesia Open 2025
2025-06-05,Round 2,WD,Rin IWAN.. / Kie NAK.. (6) Rank 5 Elo 2149 (+3),21-15 / 21-16,ONG Xin .. / Carmen TI.. Rank 47 Elo 1659 (-5),42,https://badmintonranks.com/tournament?id=14466,2,Indonesia Open 2025
2025-06-05,Round 2,MS,CHOU Tien Chen (6) Rank 7 Elo 2139 (+29),21-18 / 9-21 / 21-17,Christo POPOV Rank 20 Elo 2185 (-29),70,https://badmintonranks.com/tournament?id=14466,2,Indonesia Open 2025
2025-06-05,Round 2,WS,WANG Zhi Yi (2) Rank 2 Elo 2473 (+2),21-13 / 19-21 / 21-14,Kirsty GILMOUR Rank 28 Elo 1952 (-2),60,https://badmintonranks.com/tournament?id=14466,2,Indonesia Open 2025
2025-06-05,Round 2,MD,Fajar ALF.. / Muhamm.. (6) Rank 5 Elo 2061 (+24),21-18 / 21-12,CHEN Bo.. / LIU Yi Rank 13 Elo 2031 (-24),45,https://badmintonranks.com/tournament?id=14466,3,Indonesia Open 2025
2025-06-05,Round 2,MD,GOH Sze.. / Nur IZZU.. (1) Rank 1 Elo 2138 (+7),21-14 / 16-21 / 21-14,Nur Mohd.. / TAN Wee .. Rank 28 Elo 1801 (-8),54,https://badmintonranks.com/tournament?id=14466,3,Indonesia Open 2025
2025-06-05,Round 2,MD,HUANG .. / LIU Yang Rank 24 Elo 1869 (+49),21-17 / 13-21 / 21-16,LIANG W.. / WANG C.. (4) Rank 4 Elo 2148 (-42),59,https://badmintonranks.com/tournament?id=14466,3,Indonesia Open 2025
2025-06-05,Round 2,WD,LIU Shen.. / TAN Ning (1) Rank 1 Elo 2331 (+4),21-10 / 22-20,HSIEH P.. / HUNG En-.. Rank 13 Elo 1918 (-5),40,https://badmintonranks.com/tournament?id=14466,3,Indonesia Open 2025
2025-06-05,Round 2,WD,KIM Hye .. / KONG H.. (7) Rank 7 Elo 2192 (+24),24-22 / 21-18,JIA Yi Fan / ZHANG S.. Rank 8 Elo 2183 (-25),49,https://badmintonranks.com/tournament?id=14466,3,Indonesia Open 2025
2025-06-05,Round 2,MD,KIM Won .. / SEO Seu.. (5) Rank 6 Elo 2180 (+7),17-21 / 21-11 / 21-19,Takumi N.. / Yuichi SHI.. Rank 35 Elo 1844 (-8),55,https://badmintonranks.com/tournament?id=14466,3,Indonesia Open 2025
2025-06-05,Round 2,MD,Sabar Ka.. / Moh Rez.. (8) Rank 8 Elo 2030 (+26),21-13 / 21-9,Dechapol.. / Kittinupon.. Rank 14 Elo 2031 (-26),32,https://badmintonranks.com/tournament?id=14466,3,Indonesia Open 2025
2025-06-05,Round 2,MD,MAN Wei.. / TEE Kai .. (7) Rank 7 Elo 2113 (+12),14-21 / 21-11 / 21-15,Junaidi A.. / YAP Roy .. Rank 23 Elo 1899 (-13),48,https://badmintonranks.com/tournament?id=14466,3,Indonesia Open 2025
2025-06-05,Round 2,MD,Satwiksai.. / Chirag SH.. Rank 22 Elo 2171 (+12),16-21 / 21-18 / 22-20,Rasmus .. / Frederik S.. Rank 16 Elo 1969 (-13),68,https://badmintonranks.com/tournament?id=14466,3,Indonesia Open 2025
2025-06-05,Round 2,WD,Pearly TA.. / THINAAH.. (4) Rank 4 Elo 2116 (+17),18-21 / 21-16 / 21-17,Lanny Tri.. / Siti Fadia .. Rank 20 Elo 1997 (-18),59,https://badmintonranks.com/tournament?id=14466,3,Indonesia Open 2025
2025-06-05,Round 2,WD,LI Yi jing / LUO Xu .. (5) Rank 6 Elo 2034 (+13),21-7 / 21-16,YEUNG .. / YEUNG P.. Rank 14 Elo 1836 (-15),35,https://badmintonranks.com/tournament?id=14466,3,Indonesia Open 2025
2025-06-05,Round 2,MD,Takuro H.. / Yugo KOB.. Rank 19 Elo 2075 (+29),29-27 / 21-11,Kim AST.. / Anders S.. (2) Rank 2 Elo 2112 (-28),46,https://badmintonranks.com/tournament?id=14466,3,Indonesia Open 2025
2025-06-05,Round 2,MS,Anders ANTONSEN (3) Rank 3 Elo 2301 (+14),21-16 / 18-21 / 21-14,Alwi FARHAN Rank 29 Elo 2128 (-14),77,https://badmintonranks.com/tournament?id=14466,3,Indonesia Open 2025
2025-06-05,Round 2,WD,Febriana .. / Amallia C.. (8) Rank 10 Elo 1961 (+11),15-21 / 21-12 / 21-9,Siti Sarah.. / Agnia Sri .. Rank 46 Elo 1724 (-16),58,https://badmintonranks.com/tournament?id=14466,3,Indonesia Open 2025
2025-06-05,Round 2,MS,LEE Cheuk Yiu Rank 21 Elo 2144 (+38),12-21 / 21-12 / 21-10,Jonatan CHRISTIE (5) Rank 5 Elo 2323 (-37),58,https://badmintonranks.com/tournament?id=14466,3,Indonesia Open 2025
2025-06-05,Round 2,MS,Alex LANIER (8) Rank 8 Elo 2303 (+24),16-21 / 21-14 / 21-8,LOH Kean Yew Rank 10 Elo 2283 (-24),57,https://badmintonranks.com/tournament?id=14466,3,Indonesia Open 2025
2025-06-05,Round 2,MS,WANG Zheng Xing Rank 30 Elo 2014 (+31),21-19 / 21-5,Rasmus GEMKE Rank 28 Elo 2068 (-30),38,https://badmintonranks.com/tournament?id=14466,3,Indonesia Open 2025
2025-06-05,Round 2,XD,CHEN Ta.. / TOH Ee .. (2) Rank 4 Elo 2090 (+9),21-9 / 21-12,Mads VE.. / Christine .. Rank 23 Elo 1821 (-11),31,https://badmintonranks.com/tournament?id=14466,3,Indonesia Open 2025
2025-06-05,Round 2,WD,Yuki FUK.. / Mayu MAT.. Rank 9 Elo 2136 (+13),21-13 / 24-22,Treesa J.. / GAYATRI .. Rank 12 Elo 1948 (-14),46,https://badmintonranks.com/tournament?id=14466,3,Indonesia Open 2025
2025-06-05,Round 2,WS,HAN Yue (4) Rank 4 Elo 2356 (+5),21-9 / 21-9,LIN Hsiang Ti Rank 29 Elo 1953 (-5),30,https://badmintonranks.com/tournament?id=14466,3,Indonesia Open 2025
2025-06-05,Round 2,WD,BAEK Ha.. / LEE So H.. (3) Rank 3 Elo 2160 (+8),16-21 / 21-16 / 21-14,Apriyani .. / Febi SETI.. Rank 125 Elo 1859 (-9),98,https://badmintonranks.com/tournament?id=14466,4,Indonesia Open 2025
2025-06-05,Round 2,XD,CHENG .. / ZHANG C.. Rank 11 Elo 2008 (+33),21-18 / 21-15,FENG Ya.. / WEI Ya Xin Rank 48 Elo 2091 (-31),32,https://badmintonranks.com/tournament?id=14466,4,Indonesia Open 2025
2025-06-05,Round 2,WS,Pornpawee CHOCHU.. (6) Rank 8 Elo 2291 (+11),20-22 / 21-10 / 21-18,PUSARLA V. Sindhu Rank 21 Elo 2072 (-11),78,https://badmintonranks.com/tournament?id=14466,4,Indonesia Open 2025
2025-06-05,Round 2,XD,Jesper T.. / Amalie M.. (5) Rank 8 Elo 2030 (+13),22-20 / 25-23,Yuichi SH.. / Sayaka H.. Rank 24 Elo 1835 (-15),49,https://badmintonranks.com/tournament?id=14466,4,Indonesia Open 2025
2025-06-05,Round 2,MS,SHI Yu Qi (1) Rank 2 Elo 2485 (+4),21-14 / 21-7,Yushi TANAKA Rank 22 Elo 2055 (-4),36,https://badmintonranks.com/tournament?id=14466,4,Indonesia Open 2025
2025-06-05,Round 2,WS,Putri Kusuma WARDANI Rank 12 Elo 2175 (+22),17-21 / 21-9 / 21-8,Supanida KATETHONG (8) Rank 9 Elo 2121 (-22),68,https://badmintonranks.com/tournament?id=14466,4,Indonesia Open 2025
2025-06-05,Round 2,XD,GOH Soo.. / LAI Shev.. (3) Rank 5 Elo 2038 (+17),21-12 / 21-17,Amri SYA.. / Nita Violin.. Rank 25 Elo 1904 (-18),33,https://badmintonranks.com/tournament?id=14466,4,Indonesia Open 2025
2025-06-05,Round 2,MS,Kunlavut VITIDSARN (2) Rank 1 Elo 2495 (+5),21-10 / 21-17,LEE Chia Hao Rank 19 Elo 2131 (-6),41,https://badmintonranks.com/tournament?id=14466,4,Indonesia Open 2025
2025-06-05,Round 2,XD,Hiroki MI.. / Natsu SA.. (7) Rank 9 Elo 2032 (+23),23-21 / 14-21 / 22-20,Jafar HID.. / Felisha Al.. Rank 15 Elo 1987 (-23),74,https://badmintonranks.com/tournament?id=14466,4,Indonesia Open 2025
2025-06-05,Round 2,XD,Thom GI.. / Delphine .. Rank 10 Elo 2022 (+16),21-19 / 21-18,Ruttanap.. / Jhenicha .. Rank 18 Elo 1871 (-18),51,https://badmintonranks.com/tournament?id=14466,4,Indonesia Open 2025
2025-06-05,Round 2,WS,CHEN Yu Fei (5) Rank 5 Elo 2657 (+2),21-9 / 21-14,Natsuki NIDAIRA Rank 17 Elo 2094 (-2),42,https://badmintonranks.com/tournament?id=14466,4,Indonesia Open 2025
2025-06-05,Round 2,WS,AN Se Young (1) Rank 1 Elo 2700 (+3),21-7 / 21-11,KIM Ga Eun Rank 22 Elo 2193 (-3),34,https://badmintonranks.com/tournament?id=14466,4,Indonesia Open 2025
2025-06-05,Round 2,XD,Dechapol.. / Supissar.. (6) Rank 6 Elo 2220 (+3),21-7 / 21-12,Sathish K.. / Aadya VA.. Rank 37 Elo 1731 (-4),25,https://badmintonranks.com/tournament?id=14466,4,Indonesia Open 2025
2025-06-05,Round 2,XD,Adnan M.. / Indah Cah.. Rank 32 Elo 1857 (+17),21-19 / 21-11,HEE Yon.. / JIN Yu Jia Rank 27 Elo 1695 (-24),35,https://badmintonranks.com/tournament?id=14466,4,Indonesia Open 2025
2025-06-05,Round 2,WS,Akane YAMAGUCHI (3) Rank 3 Elo 2379 (+3),21-12 / 21-17,SUNG Shuo Yun Rank 20 Elo 1920 (-3),39,https://badmintonranks.com/tournament?id=14466,4,Indonesia Open 2025
2025-06-04,Round 1,MS,LI Shi Feng (4) Rank 4 Elo 2323 (+4),21-15 / 21-14,Brian YANG Rank 34 Elo 1867 (-4),50,https://badmintonranks.com/tournament?id=14466,4,Indonesia Open 2025
2025-06-04,Round 1,MS,LEONG Jun Hao Rank 25 Elo 2143 (+12),21-13 / 21-12,Chico Aura DWI WARD.. Rank 44 Elo 1942 (-13),40,https://badmintonranks.com/tournament?id=14466,4,Indonesia Open 2025
2025-06-04,Round 1,MD,KIM Won .. / SEO Seu.. (5) Rank 6 Elo 2177 (+3),21-15 / 21-11,CHEN Zh.. / LIN Yu Chi.. Rank 36 Elo 1734 (-6),31,https://badmintonranks.com/tournament?id=14466,4,Indonesia Open 2025
2025-06-04,Round 1,MD,Takumi N.. / Yuichi SHI.. Rank 35 Elo 1811 (+33),11-21 / 21-17 / 23-21,Kenya MI.. / Hiroki OK.. Rank 25 Elo 1821 (-32),59,https://badmintonranks.com/tournament?id=14466,4,Indonesia Open 2025
2025-06-04,Round 1,WS,Kirsty GILMOUR Rank 28 Elo 1930 (+22),22-20 / 21-16,GOH Jin Wei Rank 49 Elo 1865 (-24),37,https://badmintonranks.com/tournament?id=14466,4,Indonesia Open 2025
2025-06-04,Round 1,MD,Rasmus .. / Frederik S.. Rank 16 Elo 1921 (+48),21-13 / 19-21 / 21-18,Aaron CH.. / SOH Wo.. (3) Rank 3 Elo 2263 (-44),59,https://badmintonranks.com/tournament?id=14466,5,Indonesia Open 2025
2025-06-04,Round 1,WD,Treesa J.. / GAYATRI .. Rank 12 Elo 1942 (+6),21-14 / 22-20,Polina B.. / Yevheniia .. Rank 19 Elo 1590 (-14),34,https://badmintonranks.com/tournament?id=14466,5,Indonesia Open 2025
2025-06-04,Round 1,WD,LI Yi jing / LUO Xu .. (5) Rank 6 Elo 2022 (+12),21-6 / 21-12,TENG Ch.. / YANG Ch.. Rank 32 Elo 1805 (-15),34,https://badmintonranks.com/tournament?id=14466,5,Indonesia Open 2025
2025-06-04,Round 1,WD,KIM Hye .. / KONG H.. (7) Rank 7 Elo 2184 (+8),21-11 / 15-21 / 21-19,Lauren L.. / Allison Qu.. Rank 64 Elo 1876 (-8),71,https://badmintonranks.com/tournament?id=14466,5,Indonesia Open 2025
2025-06-04,Round 1,WS,WANG Zhi Yi (2) Rank 2 Elo 2469 (+4),21-11 / 21-13,HSU Wen Chi Rank 25 Elo 2027 (-4),36,https://badmintonranks.com/tournament?id=14466,5,Indonesia Open 2025
2025-06-04,Round 1,WD,Pearly TA.. / THINAAH.. (4) Rank 4 Elo 2112 (+4),21-16 / 21-17,SUNG Sh.. / YU Chien .. Rank 15 Elo 1669 (-7),42,https://badmintonranks.com/tournament?id=14466,5,Indonesia Open 2025
2025-06-04,Round 1,MD,CHEN Bo.. / LIU Yi Rank 13 Elo 2015 (+16),21-17 / 22-20,Hiroki MI.. / Kyohei YA.. Rank 30 Elo 1875 (-18),42,https://badmintonranks.com/tournament?id=14466,5,Indonesia Open 2025
2025-06-04,Round 1,WD,ONG Xin .. / Carmen TI.. Rank 47 Elo 1584 (+75),10-21 / 21-14 / 21-17,Isyana Sy.. / Rinjani Kw.. Rank 59 Elo 1687 (-54),54,https://badmintonranks.com/tournament?id=14466,5,Indonesia Open 2025
2025-06-04,Round 1,MD,Dechapol.. / Kittinupon.. Rank 14 Elo 2008 (+23),21-23 / 21-17 / 21-18,Christo P.. / Toma Juni.. Rank 17 Elo 1966 (-24),71,https://badmintonranks.com/tournament?id=14466,5,Indonesia Open 2025
2025-06-04,Round 1,XD,Amri SYA.. / Nita Violin.. Rank 25 Elo 1885 (+19),14-21 / 25-23 / 21-16,LU Ming .. / HUNG En-.. Rank 28 Elo 1757 (-23),65,https://badmintonranks.com/tournament?id=14466,5,Indonesia Open 2025
2025-06-04,Round 1,WD,YEUNG .. / YEUNG P.. Rank 14 Elo 1816 (+20),21-11 / 24-22,Arlya Nab.. / Az Zahra .. Rank 55 Elo 1692 (-27),51,https://badmintonranks.com/tournament?id=14466,5,Indonesia Open 2025
2025-06-04,Round 1,MD,Takuro H.. / Yugo KOB.. Rank 19 Elo 2065 (+10),21-13 / 21-9,CHOON.. / Muhamma.. Rank 39 Elo 1808 (-11),29,https://badmintonranks.com/tournament?id=14466,5,Indonesia Open 2025
2025-06-04,Round 1,MD,Fajar ALF.. / Muhamm.. (6) Rank 5 Elo 2047 (+14),21-10 / 21-19,Daniel LU.. / Mads VES.. Rank 27 Elo 1863 (-15),35,https://badmintonranks.com/tournament?id=14466,5,Indonesia Open 2025
2025-06-04,Round 1,XD,GOH Soo.. / LAI Shev.. (3) Rank 5 Elo 2029 (+9),21-12 / 21-16,Phuwana.. / Sapsiree .. Rank 112 Elo 1753 (-12),31,https://badmintonranks.com/tournament?id=14466,5,Indonesia Open 2025
2025-06-04,Round 1,MD,Kim AST.. / Anders S.. (2) Rank 2 Elo 2098 (+14),21-18 / 11-21 / 21-15,CHIU Hsi.. / WANG Ch.. Rank 18 Elo 1933 (-15),51,https://badmintonranks.com/tournament?id=14466,5,Indonesia Open 2025
2025-06-04,Round 1,WD,Yuki FUK.. / Mayu MAT.. Rank 9 Elo 2130 (+6),21-14 / 21-23 / 21-12,Gronya S.. / Angela YU Rank 61 Elo 1788 (-9),62,https://badmintonranks.com/tournament?id=14466,5,Indonesia Open 2025
2025-06-04,Round 1,WD,Rin IWAN.. / Kie NAK.. (6) Rank 5 Elo 2146 (+3),21-15 / 21-9,Jackie D.. / Crystal LAI Rank 36 Elo 1683 (-6),35,https://badmintonranks.com/tournament?id=14466,5,Indonesia Open 2025
2025-06-04,Round 1,MS,Alex LANIER (8) Rank 8 Elo 2299 (+4),21-13 Ret.,WENG Hong Yang Rank 12 Elo 2196 (-4),27,https://badmintonranks.com/tournament?id=14466,5,Indonesia Open 2025
2025-06-04,Round 1,WS,LIN Hsiang Ti Rank 29 Elo 1931 (+22),21-19 / 21-10,Komang Ayu Cahya DE.. Rank 36 Elo 1859 (-24),42,https://badmintonranks.com/tournament?id=14466,5,Indonesia Open 2025
2025-06-04,Round 1,WD,Lanny Tri.. / Siti Fadia .. Rank 20 Elo 1981 (+16),19-21 / 21-16 / 21-19,GO Pei K.. / TEOH Mei.. Rank 23 Elo 1835 (-18),69,https://badmintonranks.com/tournament?id=14466,5,Indonesia Open 2025
2025-06-04,Round 1,MS,LOH Kean Yew Rank 10 Elo 2277 (+6),22-20 / 21-9,Kiran GEORGE Rank 37 Elo 1951 (-7),32,https://badmintonranks.com/tournament?id=14466,6,Indonesia Open 2025
2025-06-04,Round 1,XD,Jesper T.. / Amalie M.. (5) Rank 8 Elo 2020 (+10),21-15 / 21-17,Alexande.. / Julie MAC.. Rank 21 Elo 1770 (-13),34,https://badmintonranks.com/tournament?id=14466,6,Indonesia Open 2025
2025-06-04,Round 1,MS,Kunlavut VITIDSARN (2) Rank 1 Elo 2490 (+5),21-14 / 21-12,WANG Tzu Wei Rank 26 Elo 2094 (-5),38,https://badmintonranks.com/tournament?id=14466,6,Indonesia Open 2025
2025-06-04,Round 1,WS,HAN Yue (4) Rank 4 Elo 2342 (+14),21-19 / 21-19,YEO Jia Min Rank 11 Elo 2185 (-15),41,https://badmintonranks.com/tournament?id=14466,6,Indonesia Open 2025
2025-06-04,Round 1,WS,GAO Fang jie Rank 14 Elo 2226 (+3),19-21 / 21-10 / 21-15,Polina BUHROVA Rank 44 Elo 1699 (-4),66,https://badmintonranks.com/tournament?id=14466,6,Indonesia Open 2025
2025-06-04,Round 1,WS,Tomoka MIYAZAKI (7) Rank 7 Elo 2161 (+19),19-21 / 21-14 / 25-23,Michelle LI Rank 18 Elo 2078 (-19),80,https://badmintonranks.com/tournament?id=14466,6,Indonesia Open 2025
2025-06-04,Round 1,XD,Yuichi SH.. / Sayaka H.. Rank 24 Elo 1812 (+23),21-14 / 21-9,Rohan K.. / GADDE R.. Rank 29 Elo 1712 (-29),33,https://badmintonranks.com/tournament?id=14466,6,Indonesia Open 2025
2025-06-04,Round 1,MS,LEE Chia Hao Rank 19 Elo 2090 (+41),22-20 / 24-26 / 21-13,LU Guang Zu Rank 11 Elo 2318 (-39),68,https://badmintonranks.com/tournament?id=14466,6,Indonesia Open 2025
2025-06-04,Round 1,MD,LIANG W.. / WANG C.. (4) Rank 4 Elo 2140 (+8),23-21 / 22-20,ONG Yew.. / TEO Ee Yi Rank 32 Elo 1849 (-10),37,https://badmintonranks.com/tournament?id=14466,6,Indonesia Open 2025
2025-06-04,Round 1,MS,CHOU Tien Chen (6) Rank 7 Elo 2101 (+38),22-20 / 21-18,LIN Chun-Yi Rank 14 Elo 2277 (-37),42,https://badmintonranks.com/tournament?id=14466,6,Indonesia Open 2025
2025-06-04,Round 1,WS,CHEN Yu Fei (5) Rank 5 Elo 2656 (+1),21-10 / 21-15,Pornpicha CHOEIKEEW.. Rank 32 Elo 1973 (-1),36,https://badmintonranks.com/tournament?id=14466,6,Indonesia Open 2025
2025-06-04,Round 1,WS,Natsuki NIDAIRA Rank 17 Elo 2071 (+23),23-21 / 22-20,NGUYEN Thuy Linh Rank 24 Elo 2033 (-23),51,https://badmintonranks.com/tournament?id=14466,6,Indonesia Open 2025
2025-06-04,Round 1,XD,Sathish K.. / Aadya VA.. Rank 37 Elo 1652 (+79),15-21 / 21-16 / 21-17,YE Hong .. / Nicole Go.. Rank 16 Elo 1951 (-46),45,https://badmintonranks.com/tournament?id=14466,6,Indonesia Open 2025
2025-06-04,Round 1,XD,Mads VE.. / Christine .. Rank 23 Elo 1807 (+14),21-15 / 21-9,Ashith S.. / Amrutha P.. Rank 44 Elo 1589 (-25),26,https://badmintonranks.com/tournament?id=14466,6,Indonesia Open 2025
2025-06-04,Round 1,XD,CHEN Ta.. / TOH Ee .. (2) Rank 4 Elo 2078 (+12),21-11 / 16-21 / 21-14,DHRUV .. / Tanisha C.. Rank 17 Elo 1879 (-14),59,https://badmintonranks.com/tournament?id=14466,6,Indonesia Open 2025
2025-06-04,Round 1,MD,HUANG .. / LIU Yang Rank 24 Elo 1834 (+35),22-20 / 24-22,LIU Kuan.. / YANG Po .. Rank 20 Elo 1888 (-33),52,https://badmintonranks.com/tournament?id=14466,6,Indonesia Open 2025
2025-06-04,Round 1,MS,Christo POPOV Rank 20 Elo 2160 (+25),21-19 / 21-13,Toma Junior POPOV Rank 17 Elo 2148 (-25),41,https://badmintonranks.com/tournament?id=14466,6,Indonesia Open 2025
2025-06-04,Round 1,XD,Dechapol.. / Supissar.. (6) Rank 6 Elo 2213 (+7),21-18 / 21-13,Dejan FE.. / Siti Fadia .. Rank 30 Elo 1904 (-8),40,https://badmintonranks.com/tournament?id=14466,6,Indonesia Open 2025
2025-06-04,Round 1,XD,Adnan M.. / Indah Cah.. Rank 32 Elo 1799 (+58),24-22 / 21-12,TANG Ch.. / TSE Ying.. (1) Rank 3 Elo 2171 (-45),39,https://badmintonranks.com/tournament?id=14466,6,Indonesia Open 2025
2025-06-03,Round 1,MD,GOH Sze.. / Nur IZZU.. (1) Rank 1 Elo 2130 (+8),17-21 / 21-17 / 21-14,LEE Fan.. / LEE Fang-.. Rank 21 Elo 1855 (-11),58,https://badmintonranks.com/tournament?id=14466,6,Indonesia Open 2025
2025-06-03,Round 1,MD,Junaidi A.. / YAP Roy .. Rank 23 Elo 1899 (+0),W.O.,Eloi ADAM / Leo ROSS.. Rank 42 Elo 1803 (-0),0,https://badmintonranks.com/tournament?id=14466,7,Indonesia Open 2025
2025-06-03,Round 1,WS,Akane YAMAGUCHI (3) Rank 3 Elo 2373 (+6),21-9 / 21-18,Line Højmark KJAERSF.. Rank 16 Elo 2012 (-6),29,https://badmintonranks.com/tournament?id=14466,7,Indonesia Open 2025
2025-06-03,Round 1,WS,SUNG Shuo Yun Rank 20 Elo 1872 (+48),21-18 / 21-12,ZHANG Beiwen Rank 19 Elo 2155 (-43),36,https://badmintonranks.com/tournament?id=14466,7,Indonesia Open 2025
2025-06-03,Round 1,MS,Rasmus GEMKE Rank 28 Elo 2029 (+39),21-19 / 21-12,Kodai NARAOKA (7) Rank 6 Elo 2218 (-38),55,https://badmintonranks.com/tournament?id=14466,7,Indonesia Open 2025
2025-06-03,Round 1,MD,Nur Mohd.. / TAN Wee .. Rank 28 Elo 1753 (+48),21-17 / 21-12,XIE Hao .. / ZENG Wei.. Rank 29 Elo 1887 (-39),32,https://badmintonranks.com/tournament?id=14466,7,Indonesia Open 2025
2025-06-03,Round 1,MS,WANG Zheng Xing Rank 30 Elo 1974 (+40),21-15 / 21-10,Kenta NISHIMOTO Rank 13 Elo 2171 (-38),37,https://badmintonranks.com/tournament?id=14466,7,Indonesia Open 2025
2025-06-03,Round 1,WD,JIA Yi Fan / ZHANG S.. Rank 8 Elo 2179 (+4),21-16 / 9-21 / 21-5,HU Ling .. / JHENG Y.. Rank 25 Elo 1722 (-5),38,https://badmintonranks.com/tournament?id=14466,7,Indonesia Open 2025
2025-06-03,Round 1,MD,Satwiksai.. / Chirag SH.. Rank 22 Elo 2153 (+18),18-21 / 21-18 / 21-14,Leo Rolly.. / Bagas MA.. Rank 10 Elo 2037 (-18),67,https://badmintonranks.com/tournament?id=14466,7,Indonesia Open 2025
2025-06-03,Round 1,WD,BAEK Ha.. / LEE So H.. (3) Rank 3 Elo 2155 (+5),19-21 / 21-18 / 21-10,HSU Yin-.. / LIN Jhih Y.. Rank 16 Elo 1777 (-7),61,https://badmintonranks.com/tournament?id=14466,7,Indonesia Open 2025
2025-06-03,Round 1,MD,Sabar Ka.. / Moh Rez.. (8) Rank 8 Elo 2011 (+19),21-13 / 21-18,LEE Jhe-.. / YANG Po-.. Rank 15 Elo 1917 (-21),26,https://badmintonranks.com/tournament?id=14466,7,Indonesia Open 2025
2025-06-03,Round 1,MD,MAN Wei.. / TEE Kai .. (7) Rank 7 Elo 2104 (+9),21-6 / 21-11,CHEN Z.. / Presley S.. Rank 33 Elo 1832 (-11),21,https://badmintonranks.com/tournament?id=14466,7,Indonesia Open 2025
2025-06-03,Round 1,MS,Anders ANTONSEN (3) Rank 3 Elo 2292 (+9),21-11 / 21-12,CHI Yu Jen Rank 31 Elo 2023 (-9),44,https://badmintonranks.com/tournament?id=14466,7,Indonesia Open 2025
2025-06-03,Round 1,MS,Jonatan CHRISTIE (5) Rank 5 Elo 2315 (+8),8-21 / 21-11 / 21-12,Jia Heng Jason TEH Rank 24 Elo 2038 (-9),53,https://badmintonranks.com/tournament?id=14466,7,Indonesia Open 2025
2025-06-03,Round 1,WD,Febriana .. / Amallia C.. (8) Rank 10 Elo 1954 (+7),21-4 / 21-10,Paulina C.. / Kornelia M.. Rank 43 Elo 1613 (-13),26,https://badmintonranks.com/tournament?id=14466,7,Indonesia Open 2025
2025-06-03,Round 1,WD,Siti Sarah.. / Agnia Sri .. Rank 46 Elo 1690 (+34),21-16 / 21-14,Julie MA.. / Ciara TOR.. Rank 40 Elo 1622 (-42),37,https://badmintonranks.com/tournament?id=14466,7,Indonesia Open 2025
2025-06-03,Round 1,MS,Yushi TANAKA Rank 22 Elo 2024 (+31),21-15 / 20-22 / 22-20,NG Ka Long Angus Rank 23 Elo 2084 (-30),67,https://badmintonranks.com/tournament?id=14466,7,Indonesia Open 2025
2025-06-03,Round 1,XD,Thom GI.. / Delphine .. Rank 10 Elo 2001 (+21),17-21 / 21-15 / 24-22,Rehan N.. / Gloria Em.. Rank 22 Elo 1926 (-21),74,https://badmintonranks.com/tournament?id=14466,7,Indonesia Open 2025
2025-06-03,Round 1,MS,Alwi FARHAN Rank 29 Elo 2110 (+18),21-17 / 21-18,PRANNOY H. S. Rank 33 Elo 2002 (-18),45,https://badmintonranks.com/tournament?id=14466,7,Indonesia Open 2025
2025-06-03,Round 1,XD,CHENG .. / ZHANG C.. Rank 11 Elo 1974 (+34),17-21 / 21-9 / 21-18,GUO Xin .. / CHEN Fa.. (4) Rank 7 Elo 2071 (-33),53,https://badmintonranks.com/tournament?id=14466,7,Indonesia Open 2025
2025-06-03,Round 1,MS,LEE Cheuk Yiu Rank 21 Elo 2112 (+32),21-16 / 7-21 / 23-21,Koki WATANABE Rank 16 Elo 2201 (-31),60,https://badmintonranks.com/tournament?id=14466,7,Indonesia Open 2025
2025-06-03,Round 1,WS,Pornpawee CHOCHU.. (6) Rank 8 Elo 2286 (+5),21-18 / 21-12,CHIU Pin-Chian Rank 27 Elo 1886 (-5),43,https://badmintonranks.com/tournament?id=14466,8,Indonesia Open 2025
2025-06-03,Round 1,XD,HEE Yon.. / JIN Yu Jia Rank 27 Elo 1593 (+102),9-21 / 21-17 / 21-19,Rinov RI.. / Pitha Hani.. Rank 33 Elo 1981 (-49),62,https://badmintonranks.com/tournament?id=14466,8,Indonesia Open 2025
2025-06-03,Round 1,WD,Apriyani .. / Febi SETI.. Rank 125 Elo 1842 (+17),21-16 / 24-22,CHANG .. / YANG Chi.. Rank 18 Elo 1682 (-24),48,https://badmintonranks.com/tournament?id=14466,8,Indonesia Open 2025
2025-06-03,Round 1,WS,Supanida KATETHONG (8) Rank 9 Elo 2114 (+7),14-21 / 21-15 / 21-12,Rakshitha Sree SANTH.. Rank 43 Elo 1791 (-9),58,https://badmintonranks.com/tournament?id=14466,8,Indonesia Open 2025
2025-06-03,Round 1,WS,Putri Kusuma WARDANI Rank 12 Elo 2172 (+3),16-21 / 15-16 Ret.,Malvika BANSOD Rank 23 Elo 1900 (-4),54,https://badmintonranks.com/tournament?id=14466,8,Indonesia Open 2025
2025-06-03,Round 1,WS,KIM Ga Eun Rank 22 Elo 2189 (+4),21-15 / 21-9,Anupama UPADHYAYA Rank 42 Elo 1769 (-6),31,https://badmintonranks.com/tournament?id=14466,8,Indonesia Open 2025
2025-06-03,Round 1,WS,PUSARLA V. Sindhu Rank 21 Elo 2045 (+27),22-20 / 21-23 / 21-15,Nozomi OKUHARA Rank 47 Elo 2067 (-27),79,https://badmintonranks.com/tournament?id=14466,8,Indonesia Open 2025
2025-06-03,Round 1,XD,Jafar HID.. / Felisha Al.. Rank 15 Elo 1980 (+7),21-11 / 21-16,WONG Ti.. / LIM Chiew.. Rank 35 Elo 1655 (-12),31,https://badmintonranks.com/tournament?id=14466,8,Indonesia Open 2025
2025-06-03,Round 1,XD,Hiroki MI.. / Natsu SA.. (7) Rank 9 Elo 2022 (+10),21-16 / 25-23,CHEN Ch.. / HSU Yin-.. Rank 19 Elo 1770 (-13),35,https://badmintonranks.com/tournament?id=14466,8,Indonesia Open 2025
2025-06-03,Round 1,WD,LIU Shen.. / TAN Ning (1) Rank 1 Elo 2330 (+1),21-12 / 21-17,Ornnicha .. / Sukitta SU.. Rank 28 Elo 1554 (-2),36,https://badmintonranks.com/tournament?id=14466,8,Indonesia Open 2025
2025-06-03,Round 1,MS,SHI Yu Qi (1) Rank 2 Elo 2479 (+6),21-11 / 20-22 / 21-15,Lakshya SEN Rank 18 Elo 2128 (-6),65,https://badmintonranks.com/tournament?id=14466,8,Indonesia Open 2025
2025-06-03,Round 1,WD,HSIEH P.. / HUNG En-.. Rank 13 Elo 1895 (+23),21-14 / 17-21 / 21-15,Meilysa T.. / Rachel All.. Rank 31 Elo 1823 (-25),70,https://badmintonranks.com/tournament?id=14466,8,Indonesia Open 2025
2025-06-03,Round 1,XD,FENG Ya.. / WEI Ya Xin Rank 48 Elo 2084 (+7),21-14 / 22-20,Presley S.. / Jennie GA.. Rank 40 Elo 1783 (-10),34,https://badmintonranks.com/tournament?id=14466,8,Indonesia Open 2025
2025-06-03,Round 1,XD,Ruttanap.. / Jhenicha .. Rank 18 Elo 1843 (+28),21-9 / 21-14,YANG Po.. / HU Ling .. (8) Rank 12 Elo 1811 (-29),29,https://badmintonranks.com/tournament?id=14466,8,Indonesia Open 2025
2025-06-03,Round 1,WS,AN Se Young (1) Rank 1 Elo 2699 (+1),21-14 / 21-11,Busanan ONGBAMRUN.. Rank 13 Elo 2028 (-1),41,https://badmintonranks.com/tournament?id=14466,8,Indonesia Open 2025
2024-06-09,Final,MD,LIANG W.. / WANG C.. (2) Rank 2 Elo 2281 (+13),19-21 / 21-16 / 21-12,MAN Wei.. / TEE Kai .. Rank 20 Elo 2070 (-13),55,https://badmintonranks.com/tournament?id=14083,1,Indonesia Open 2024
2024-06-09,Final,MS,SHI Yu Qi (2) Rank 2 Elo 2581 (+13),21-9 / 12-21 / 21-14,Anders ANTONSEN (4) Rank 5 Elo 2389 (-14),71,https://badmintonranks.com/tournament?id=14083,1,Indonesia Open 2024
2024-06-09,Final,WS,CHEN Yu Fei (2) Rank 2 Elo 2588 (+36),21-14 / 14-21 / 21-18,AN Se Young (1) Rank 1 Elo 2706 (-36),82,https://badmintonranks.com/tournament?id=14083,1,Indonesia Open 2024
2024-06-09,Final,WD,BAEK Ha.. / LEE So H.. (2) Rank 2 Elo 2407 (+32),21-17 / 21-13,CHEN Qi.. / JIA Yi Fan (1) Rank 1 Elo 2469 (-33),57,https://badmintonranks.com/tournament?id=14083,1,Indonesia Open 2024
2024-06-09,Final,XD,JIANG Zh.. / WEI Ya X.. (5) Rank 5 Elo 2287 (+44),21-11 / 21-14,ZHENG .. / HUANG .. (1) Rank 1 Elo 2529 (-44),32,https://badmintonranks.com/tournament?id=14083,1,Indonesia Open 2024
2024-06-08,Semi final,MD,MAN Wei.. / TEE Kai .. Rank 20 Elo 2045 (+25),29-27 / 21-13,Sabar Ka.. / Moh Reza.. Rank 29 Elo 2013 (-25),45,https://badmintonranks.com/tournament?id=14083,1,Indonesia Open 2024
2024-06-08,Semi final,MS,Anders ANTONSEN (4) Rank 5 Elo 2364 (+25),21-15 / 19-21 / 21-11,Kunlavut VITIDSARN (8) Rank 8 Elo 2339 (-25),91,https://badmintonranks.com/tournament?id=14083,1,Indonesia Open 2024
2024-06-08,Semi final,MD,LIANG W.. / WANG C.. (2) Rank 2 Elo 2256 (+25),21-13 / 21-15,Kim AST.. / Anders S.. (4) Rank 4 Elo 2229 (-25),32,https://badmintonranks.com/tournament?id=14083,1,Indonesia Open 2024
2024-06-08,Semi final,MS,SHI Yu Qi (2) Rank 2 Elo 2571 (+10),19-21 / 21-19 / 21-14,LI Shi Feng (6) Rank 4 Elo 2312 (-10),79,https://badmintonranks.com/tournament?id=14083,1,Indonesia Open 2024
2024-06-08,Semi final,WD,BAEK Ha.. / LEE So H.. (2) Rank 2 Elo 2386 (+21),21-11 / 21-14,LIU Shen.. / TAN Ning (3) Rank 4 Elo 2306 (-21),46,https://badmintonranks.com/tournament?id=14083,1,Indonesia Open 2024
2024-06-08,Semi final,WD,CHEN Qi.. / JIA Yi Fan (1) Rank 1 Elo 2458 (+11),21-10 / 15-21 / 21-17,Mayu MA.. / Wakana .. (7) Rank 7 Elo 2208 (-10),67,https://badmintonranks.com/tournament?id=14083,1,Indonesia Open 2024
2024-06-08,Semi final,WS,CHEN Yu Fei (2) Rank 2 Elo 2564 (+24),21-11 / 17-21 / 21-13,Carolina MARIN (3) Rank 3 Elo 2526 (-24),74,https://badmintonranks.com/tournament?id=14083,1,Indonesia Open 2024
2024-06-08,Semi final,XD,JIANG Zh.. / WEI Ya X.. (5) Rank 5 Elo 2277 (+10),21-16 / 21-18,TAN Kian.. / LAI Pei Jin.. Rank 21 Elo 2032 (-11),39,https://badmintonranks.com/tournament?id=14083,1,Indonesia Open 2024
2024-06-08,Semi final,WS,AN Se Young (1) Rank 1 Elo 2695 (+11),23-21 / 21-13,WANG Zhi Yi (6) Rank 6 Elo 2470 (-11),57,https://badmintonranks.com/tournament?id=14083,1,Indonesia Open 2024
2024-06-08,Semi final,XD,ZHENG .. / HUANG .. (1) Rank 1 Elo 2522 (+7),21-19 / 21-19,Dechapol.. / Sapsiree .. (6) Rank 6 Elo 2187 (-7),43,https://badmintonranks.com/tournament?id=14083,1,Indonesia Open 2024
2024-06-07,Quarter final,WD,LIU Shen.. / TAN Ning (3) Rank 4 Elo 2284 (+22),21-12 / 21-10,ZHANG .. / ZHENG .. (5) Rank 5 Elo 2224 (-22),29,https://badmintonranks.com/tournament?id=14083,1,Indonesia Open 2024
2024-06-07,Quarter final,MD,Kim AST.. / Anders S.. (4) Rank 4 Elo 2213 (+16),21-16 / 15-21 / 23-21,Muhamm.. / Bagas MA.. Rank 11 Elo 2066 (-16),69,https://badmintonranks.com/tournament?id=14083,1,Indonesia Open 2024
2024-06-07,Quarter final,MD,LIANG W.. / WANG C.. (2) Rank 2 Elo 2241 (+15),18-21 / 21-18 / 21-19,GOH Sze.. / Nur IZZUD.. Rank 13 Elo 2089 (-16),58,https://badmintonranks.com/tournament?id=14083,1,Indonesia Open 2024
2024-06-07,Quarter final,WD,BAEK Ha.. / LEE So H.. (2) Rank 2 Elo 2376 (+10),21-10 / 16-21 / 21-10,KIM So Y.. / KONG H.. (6) Rank 6 Elo 2131 (-11),72,https://badmintonranks.com/tournament?id=14083,1,Indonesia Open 2024
2024-06-07,Quarter final,WD,Mayu MA.. / Wakana .. (7) Rank 7 Elo 2195 (+13),21-19 / 21-17,LI Yi jing / LUO Xu m.. Rank 22 Elo 2002 (-14),51,https://badmintonranks.com/tournament?id=14083,1,Indonesia Open 2024
2024-06-07,Quarter final,MD,Sabar Ka.. / Moh Reza.. Rank 29 Elo 1974 (+39),21-17 / 14-21 / 21-16,LEE Jhe-.. / YANG Po-.. Rank 12 Elo 2124 (-37),58,https://badmintonranks.com/tournament?id=14083,2,Indonesia Open 2024
2024-06-07,Quarter final,MS,Anders ANTONSEN (4) Rank 5 Elo 2343 (+21),24-22 / 21-18,Lakshya SEN Rank 14 Elo 2267 (-21),61,https://badmintonranks.com/tournament?id=14083,2,Indonesia Open 2024
2024-06-07,Quarter final,MD,MAN Wei.. / TEE Kai .. Rank 20 Elo 2028 (+17),21-17 / 18-21 / 21-10,LU Ching.. / YANG Po .. Rank 25 Elo 1887 (-18),57,https://badmintonranks.com/tournament?id=14083,2,Indonesia Open 2024
2024-06-07,Quarter final,WD,CHEN Qi.. / JIA Yi Fan (1) Rank 1 Elo 2454 (+4),22-20 / 21-18,Pearly TA.. / THINAAH .. Rank 13 Elo 2044 (-5),51,https://badmintonranks.com/tournament?id=14083,2,Indonesia Open 2024
2024-06-07,Quarter final,WS,AN Se Young (1) Rank 1 Elo 2686 (+9),21-17 / 21-14,HE Bing Jiao (8) Rank 8 Elo 2419 (-9),49,https://badmintonranks.com/tournament?id=14083,2,Indonesia Open 2024
2024-06-07,Quarter final,WS,WANG Zhi Yi (6) Rank 6 Elo 2450 (+20),21-8 / 21-18,Gregoria Mariska TUNJ.. Rank 9 Elo 2375 (-21),45,https://badmintonranks.com/tournament?id=14083,2,Indonesia Open 2024
2024-06-07,Quarter final,MS,Kunlavut VITIDSARN (8) Rank 8 Elo 2306 (+33),21-16 / 21-17,LEE Zii Jia Rank 7 Elo 2384 (-32),53,https://badmintonranks.com/tournament?id=14083,2,Indonesia Open 2024
2024-06-07,Quarter final,MS,LI Shi Feng (6) Rank 4 Elo 2293 (+19),21-11 / 21-12,LEONG Jun Hao Rank 32 Elo 2202 (-20),43,https://badmintonranks.com/tournament?id=14083,2,Indonesia Open 2024
2024-06-07,Quarter final,MS,SHI Yu Qi (2) Rank 2 Elo 2567 (+4),17-21 / 21-10 / 21-18,Toma Junior POPOV Rank 23 Elo 2125 (-4),65,https://badmintonranks.com/tournament?id=14083,2,Indonesia Open 2024
2024-06-07,Quarter final,XD,ZHENG .. / HUANG .. (1) Rank 1 Elo 2516 (+6),21-17 / 21-10,TANG Ch.. / TSE Ying.. (7) Rank 7 Elo 2170 (-6),30,https://badmintonranks.com/tournament?id=14083,2,Indonesia Open 2024
2024-06-07,Quarter final,XD,TAN Kian.. / LAI Pei Jin.. Rank 21 Elo 1989 (+43),21-8 / 21-19,KIM Won .. / JEONG .. (8) Rank 8 Elo 2199 (-40),39,https://badmintonranks.com/tournament?id=14083,2,Indonesia Open 2024
2024-06-07,Quarter final,XD,JIANG Zh.. / WEI Ya X.. (5) Rank 5 Elo 2241 (+36),21-17 / 11-21 / 21-16,FENG Ya.. / HUANG .. (2) Rank 2 Elo 2379 (-37),57,https://badmintonranks.com/tournament?id=14083,2,Indonesia Open 2024
2024-06-07,Quarter final,XD,Dechapol.. / Sapsiree .. (6) Rank 6 Elo 2166 (+21),21-16 / 21-17,Dejan FE.. / Gloria Em.. Rank 18 Elo 2080 (-20),41,https://badmintonranks.com/tournament?id=14083,2,Indonesia Open 2024
2024-06-07,Quarter final,WS,CHEN Yu Fei (2) Rank 2 Elo 2563 (+1),21-15 / 21-7,SUNG Shuo Yun Rank 31 Elo 1925 (-1),38,https://badmintonranks.com/tournament?id=14083,2,Indonesia Open 2024
2024-06-07,Quarter final,WS,Carolina MARIN (3) Rank 3 Elo 2513 (+13),21-8 / 21-6,HAN Yue (7) Rank 7 Elo 2314 (-13),27,https://badmintonranks.com/tournament?id=14083,2,Indonesia Open 2024
2024-06-06,Round 2,WD,LIU Shen.. / TAN Ning (3) Rank 4 Elo 2282 (+2),21-7 / 21-12,CHANG .. / YANG Chi.. Rank 33 Elo 1776 (-3),32,https://badmintonranks.com/tournament?id=14083,2,Indonesia Open 2024
2024-06-06,Round 2,MD,Kim AST.. / Anders S.. (4) Rank 4 Elo 2205 (+8),21-19 / 21-10,Kenya MI.. / Hiroki OK.. Rank 24 Elo 1929 (-10),38,https://badmintonranks.com/tournament?id=14083,2,Indonesia Open 2024
2024-06-06,Round 2,MS,LEE Zii Jia Rank 7 Elo 2369 (+15),20-22 / 21-9 / 21-16,WENG Hong Yang Rank 19 Elo 2220 (-15),72,https://badmintonranks.com/tournament?id=14083,2,Indonesia Open 2024
2024-06-06,Round 2,MS,Kunlavut VITIDSARN (8) Rank 8 Elo 2298 (+8),21-10 / 21-17,Priyanshu RAJAWAT Rank 34 Elo 2009 (-8),49,https://badmintonranks.com/tournament?id=14083,2,Indonesia Open 2024
2024-06-06,Round 2,WD,ZHANG .. / ZHENG .. (5) Rank 5 Elo 2218 (+6),21-15 / 21-19,Maiken F.. / Sara THY.. Rank 24 Elo 1875 (-7),41,https://badmintonranks.com/tournament?id=14083,2,Indonesia Open 2024
2024-06-06,Round 2,WS,AN Se Young (1) Rank 1 Elo 2685 (+1),21-13 / 21-6,Pornpicha CHOEIKEEW.. Rank 40 Elo 1808 (-0),33,https://badmintonranks.com/tournament?id=14083,3,Indonesia Open 2024
2024-06-06,Round 2,XD,KIM Won .. / JEONG .. (8) Rank 8 Elo 2183 (+16),21-15 / 21-18,Robin TA.. / Selena PI.. Rank 13 Elo 2057 (-17),34,https://badmintonranks.com/tournament?id=14083,3,Indonesia Open 2024
2024-06-06,Round 2,WS,HE Bing Jiao (8) Rank 8 Elo 2414 (+5),21-17 / 21-9,Kirsty GILMOUR Rank 22 Elo 2056 (-6),34,https://badmintonranks.com/tournament?id=14083,3,Indonesia Open 2024
2024-06-06,Round 2,WD,CHEN Qi.. / JIA Yi Fan (1) Rank 1 Elo 2450 (+4),21-17 / 21-19,Margot L.. / Anne TRAN Rank 16 Elo 2028 (-4),41,https://badmintonranks.com/tournament?id=14083,3,Indonesia Open 2024
2024-06-06,Round 2,MD,Sabar Ka.. / Moh Reza.. Rank 29 Elo 1936 (+38),21-11 / 21-18,LEE Yang / WANG Ch.. Rank 10 Elo 2076 (-36),30,https://badmintonranks.com/tournament?id=14083,3,Indonesia Open 2024
2024-06-06,Round 2,MD,Muhamm.. / Bagas MA.. Rank 11 Elo 2059 (+7),21-11 / 21-17,Christo P.. / Toma Juni.. Rank 37 Elo 1737 (-10),32,https://badmintonranks.com/tournament?id=14083,3,Indonesia Open 2024
2024-06-06,Round 2,MD,LIANG W.. / WANG C.. (2) Rank 2 Elo 2231 (+10),17-21 / 22-20 / 21-18,Hendra S.. / Mohamma.. Rank 16 Elo 1980 (-10),57,https://badmintonranks.com/tournament?id=14083,3,Indonesia Open 2024
2024-06-06,Round 2,XD,TANG Ch.. / TSE Ying.. (7) Rank 7 Elo 2156 (+14),19-21 / 21-17 / 21-13,LEE Chu.. / NG Tsz Ya.. Rank 23 Elo 1988 (-15),48,https://badmintonranks.com/tournament?id=14083,3,Indonesia Open 2024
2024-06-06,Round 2,WD,Pearly TA.. / THINAAH .. Rank 13 Elo 2008 (+36),21-18 / 21-19,Apriyani .. / Siti Fadia.. (8) Rank 9 Elo 2129 (-34),49,https://badmintonranks.com/tournament?id=14083,3,Indonesia Open 2024
2024-06-06,Round 2,XD,ZHENG .. / HUANG .. (1) Rank 1 Elo 2515 (+1),21-9 / 21-11,REDDY .. / REDDY Si.. Rank 45 Elo 1777 (-1),27,https://badmintonranks.com/tournament?id=14083,3,Indonesia Open 2024
2024-06-06,Round 2,MD,LEE Jhe-.. / YANG Po-.. Rank 12 Elo 2086 (+38),21-16 / 21-23 / 21-17,HE Ji Ting / REN Xian.. Rank 8 Elo 2266 (-37),58,https://badmintonranks.com/tournament?id=14083,3,Indonesia Open 2024
2024-06-06,Round 2,XD,TAN Kian.. / LAI Pei Jin.. Rank 21 Elo 1951 (+38),15-21 / 23-21 / 21-14,Mathias .. / Alexandra .. Rank 14 Elo 2100 (-36),60,https://badmintonranks.com/tournament?id=14083,3,Indonesia Open 2024
2024-06-06,Round 2,MS,Anders ANTONSEN (4) Rank 5 Elo 2340 (+3),21-17 / 21-11,Kantaphon WANGCHA.. Rank 51 Elo 1877 (-4),47,https://badmintonranks.com/tournament?id=14083,3,Indonesia Open 2024
2024-06-06,Round 2,MS,Lakshya SEN Rank 14 Elo 2243 (+24),21-9 / 21-15,Kenta NISHIMOTO Rank 12 Elo 2219 (-24),45,https://badmintonranks.com/tournament?id=14083,3,Indonesia Open 2024
2024-06-06,Round 2,WD,BAEK Ha.. / LEE So H.. (2) Rank 2 Elo 2374 (+2),21-13 / 19-21 / 21-13,Tanisha .. / Ashwini P.. Rank 20 Elo 1847 (-3),64,https://badmintonranks.com/tournament?id=14083,3,Indonesia Open 2024
2024-06-06,Round 2,MD,GOH Sze.. / Nur IZZUD.. Rank 13 Elo 2071 (+18),16-21 / 21-16 / 21-12,Leo Rolly.. / Daniel MA.. Rank 14 Elo 1964 (-19),59,https://badmintonranks.com/tournament?id=14083,3,Indonesia Open 2024
2024-06-06,Round 2,WS,Gregoria Mariska TUNJ.. Rank 9 Elo 2362 (+13),21-13 / 21-15,Supanida KATETHONG Rank 15 Elo 2191 (-14),34,https://badmintonranks.com/tournament?id=14083,3,Indonesia Open 2024
2024-06-06,Round 2,MD,MAN Wei.. / TEE Kai .. Rank 20 Elo 2008 (+20),21-18 / 19-21 / 21-12,Rasmus .. / Frederik S.. Rank 15 Elo 1922 (-21),61,https://badmintonranks.com/tournament?id=14083,3,Indonesia Open 2024
2024-06-06,Round 2,WS,SUNG Shuo Yun Rank 31 Elo 1880 (+45),20-22 / 21-14 / 21-17,Ratchanok INTANON Rank 13 Elo 2093 (-40),66,https://badmintonranks.com/tournament?id=14083,3,Indonesia Open 2024
2024-06-06,Round 2,WD,KIM So Y.. / KONG H.. (6) Rank 6 Elo 2125 (+6),21-13 / 21-11,YEUNG .. / YEUNG P.. Rank 21 Elo 1763 (-7),41,https://badmintonranks.com/tournament?id=14083,3,Indonesia Open 2024
2024-06-06,Round 2,XD,FENG Ya.. / HUANG .. (2) Rank 2 Elo 2375 (+4),21-10 / 22-20,Yuki KAN.. / Misaki MA.. Rank 28 Elo 1911 (-3),42,https://badmintonranks.com/tournament?id=14083,4,Indonesia Open 2024
2024-06-06,Round 2,WS,CHEN Yu Fei (2) Rank 2 Elo 2555 (+8),21-10 / 21-11,Aya OHORI Rank 11 Elo 2260 (-8),34,https://badmintonranks.com/tournament?id=14083,4,Indonesia Open 2024
2024-06-06,Round 2,MS,SHI Yu Qi (2) Rank 2 Elo 2562 (+5),21-16 / 21-16,LU Guang Zu Rank 15 Elo 2183 (-5),36,https://badmintonranks.com/tournament?id=14083,4,Indonesia Open 2024
2024-06-06,Round 2,MS,LEONG Jun Hao Rank 32 Elo 2168 (+34),21-18 / 13-21 / 21-17,CHOU Tien Chen Rank 11 Elo 2291 (-34),67,https://badmintonranks.com/tournament?id=14083,4,Indonesia Open 2024
2024-06-06,Round 2,MS,LI Shi Feng (6) Rank 4 Elo 2282 (+11),21-11 / 21-13,Christo POPOV Rank 24 Elo 2047 (-11),40,https://badmintonranks.com/tournament?id=14083,4,Indonesia Open 2024
2024-06-06,Round 2,WS,WANG Zhi Yi (6) Rank 6 Elo 2445 (+5),21-13 / 21-13,Ester Nurumi Tri WARD.. Rank 35 Elo 2046 (-4),47,https://badmintonranks.com/tournament?id=14083,4,Indonesia Open 2024
2024-06-06,Round 2,WD,LI Yi jing / LUO Xu m.. Rank 22 Elo 1955 (+47),21-19 / 21-15,Nami MA.. / Chiharu .. (4) Rank 3 Elo 2268 (-43),47,https://badmintonranks.com/tournament?id=14083,4,Indonesia Open 2024
2024-06-06,Round 2,MD,LU Ching.. / YANG Po .. Rank 25 Elo 1834 (+53),21-16 / 21-14,Aaron CH.. / SOH Wo.. (5) Rank 5 Elo 2165 (-45),38,https://badmintonranks.com/tournament?id=14083,4,Indonesia Open 2024
2024-06-06,Round 2,MS,Toma Junior POPOV Rank 23 Elo 2093 (+32),21-18 / 8-21 / 21-12,Rasmus GEMKE Rank 26 Elo 2174 (-31),73,https://badmintonranks.com/tournament?id=14083,4,Indonesia Open 2024
2024-06-06,Round 2,XD,Dechapol.. / Sapsiree .. (6) Rank 6 Elo 2162 (+4),21-8 / 21-13,Adnan M.. / Nita Violin.. Rank 46 Elo 1760 (-6),31,https://badmintonranks.com/tournament?id=14083,4,Indonesia Open 2024
2024-06-06,Round 2,XD,JIANG Zh.. / WEI Ya X.. (5) Rank 5 Elo 2231 (+10),21-12 / 21-7,YANG Po.. / HU Ling F.. Rank 24 Elo 1979 (-10),24,https://badmintonranks.com/tournament?id=14083,4,Indonesia Open 2024
2024-06-06,Round 2,WS,Carolina MARIN (3) Rank 3 Elo 2510 (+3),21-12 / 21-7,HSU Wen Chi Rank 26 Elo 2007 (-3),32,https://badmintonranks.com/tournament?id=14083,4,Indonesia Open 2024
2024-06-06,Round 2,WS,HAN Yue (7) Rank 7 Elo 2302 (+12),21-17 / 18-21 / 21-12,GAO Fang jie Rank 27 Elo 2099 (-12),66,https://badmintonranks.com/tournament?id=14083,4,Indonesia Open 2024
2024-06-06,Round 2,WD,Mayu MA.. / Wakana .. (7) Rank 7 Elo 2181 (+14),19-21 / 21-19 / 21-19,Treesa J.. / GAYATRI .. Rank 25 Elo 2014 (-14),75,https://badmintonranks.com/tournament?id=14083,4,Indonesia Open 2024
2024-06-06,Round 2,XD,Dejan FE.. / Gloria Em.. Rank 18 Elo 2036 (+44),21-15 / 15-21 / 21-4,SEO Seu.. / CHAE Yu.. (4) Rank 3 Elo 2330 (-43),54,https://badmintonranks.com/tournament?id=14083,4,Indonesia Open 2024
2024-06-05,Round 1,XD,KIM Won .. / JEONG .. (8) Rank 8 Elo 2168 (+15),21-13 / 17-21 / 21-11,Hiroki MI.. / Natsu SAI.. Rank 10 Elo 2006 (-15),46,https://badmintonranks.com/tournament?id=14083,4,Indonesia Open 2024
2024-06-05,Round 1,WS,Ratchanok INTANON Rank 13 Elo 2089 (+4),21-18 / 21-6,AAKARSHI KASHYAP Rank 41 Elo 1681 (-7),34,https://badmintonranks.com/tournament?id=14083,4,Indonesia Open 2024
2024-06-05,Round 1,WS,CHEN Yu Fei (2) Rank 2 Elo 2554 (+1),21-14 / 21-10,Yvonne LI Rank 30 Elo 1865 (-1),33,https://badmintonranks.com/tournament?id=14083,4,Indonesia Open 2024
2024-06-05,Round 1,WD,ZHANG .. / ZHENG .. (5) Rank 5 Elo 2213 (+5),21-13 / 21-11,HSU Ya .. / LIN Wan .. Rank 27 Elo 1810 (-6),33,https://badmintonranks.com/tournament?id=14083,4,Indonesia Open 2024
2024-06-05,Round 1,MD,Christo P.. / Toma Juni.. Rank 37 Elo 1695 (+42),21-18 / 23-21,Alexande.. / Adam HA.. Rank 32 Elo 1704 (-41),36,https://badmintonranks.com/tournament?id=14083,4,Indonesia Open 2024
2024-06-05,Round 1,WS,SUNG Shuo Yun Rank 31 Elo 1880 (+0),W.O.,Akane YAMAGUCHI (5) Rank 5 Elo 2451 (-0),0,https://badmintonranks.com/tournament?id=14083,5,Indonesia Open 2024
2024-06-05,Round 1,MD,LIANG W.. / WANG C.. (2) Rank 2 Elo 2228 (+3),21-16 / 21-9,XIE Hao .. / ZENG Wei.. Rank 60 Elo 1755 (-5),24,https://badmintonranks.com/tournament?id=14083,5,Indonesia Open 2024
2024-06-05,Round 1,XD,TAN Kian.. / LAI Pei Jin.. Rank 21 Elo 1924 (+27),21-9 / 21-15,Koceila M.. / Tanina Vio.. Rank 47 Elo 1916 (-27),24,https://badmintonranks.com/tournament?id=14083,5,Indonesia Open 2024
2024-06-05,Round 1,WD,Maiken F.. / Sara THY.. Rank 24 Elo 1850 (+25),21-12 / 21-18,Jesita Put.. / Febi SETI.. Rank 45 Elo 1794 (-27),41,https://badmintonranks.com/tournament?id=14083,5,Indonesia Open 2024
2024-06-05,Round 1,MD,GOH Sze.. / Nur IZZUD.. Rank 13 Elo 2063 (+8),21-6 / 21-7,DONG A.. / Nyl YAKU.. Rank 35 Elo 1746 (-10),24,https://badmintonranks.com/tournament?id=14083,5,Indonesia Open 2024
2024-06-05,Round 1,XD,Mathias .. / Alexandra .. Rank 14 Elo 2086 (+14),18-21 / 21-11 Ret.,Yuta WAT.. / Arisa IGA.. (3) Rank 4 Elo 2207 (-13),35,https://badmintonranks.com/tournament?id=14083,5,Indonesia Open 2024
2024-06-05,Round 1,WS,Aya OHORI Rank 11 Elo 2254 (+6),19-21 / 21-17 / 21-18,PAI Yu Po Rank 28 Elo 1919 (-7),69,https://badmintonranks.com/tournament?id=14083,5,Indonesia Open 2024
2024-06-05,Round 1,MS,CHOU Tien Chen Rank 11 Elo 2274 (+17),21-17 / 21-14,LIN Chun-Yi Rank 17 Elo 2151 (-17),40,https://badmintonranks.com/tournament?id=14083,5,Indonesia Open 2024
2024-06-05,Round 1,XD,Robin TA.. / Selena PI.. Rank 13 Elo 2045 (+12),19-21 / 21-18 / 21-12,Presley S.. / Allison Qu.. Rank 36 Elo 1836 (-14),54,https://badmintonranks.com/tournament?id=14083,5,Indonesia Open 2024
2024-06-05,Round 1,MD,Muhamm.. / Bagas MA.. Rank 11 Elo 2032 (+27),18-21 / 21-18 / 21-18,LIU Yu C.. / OU Xuan .. (8) Rank 9 Elo 2041 (-27),62,https://badmintonranks.com/tournament?id=14083,5,Indonesia Open 2024
2024-06-05,Round 1,WD,Tanisha .. / Ashwini P.. Rank 20 Elo 1829 (+18),21-15 / 21-15,Jackie D.. / Crystal LAI Rank 62 Elo 1679 (-25),34,https://badmintonranks.com/tournament?id=14083,5,Indonesia Open 2024
2024-06-05,Round 1,MD,Hendra S.. / Mohamma.. Rank 16 Elo 1953 (+27),19-21 / 21-12 / 21-13,Supak JO.. / Kittinupon.. Rank 22 Elo 1958 (-28),45,https://badmintonranks.com/tournament?id=14083,5,Indonesia Open 2024
2024-06-05,Round 1,WD,LIU Shen.. / TAN Ning (3) Rank 4 Elo 2276 (+6),21-13 / 21-12,Febriana .. / Amallia C.. Rank 15 Elo 1911 (-7),39,https://badmintonranks.com/tournament?id=14083,5,Indonesia Open 2024
2024-06-05,Round 1,WD,CHANG .. / YANG Chi.. Rank 33 Elo 1749 (+27),21-17 / 21-18,Polina B.. / Yevheniia .. Rank 68 Elo 1664 (-34),33,https://badmintonranks.com/tournament?id=14083,5,Indonesia Open 2024
2024-06-05,Round 1,MS,LEONG Jun Hao Rank 32 Elo 2125 (+43),21-13 / 16-21 / 21-12,Jonatan CHRISTIE (3) Rank 3 Elo 2412 (-43),62,https://badmintonranks.com/tournament?id=14083,5,Indonesia Open 2024
2024-06-05,Round 1,MS,Rasmus GEMKE Rank 26 Elo 2142 (+32),21-12 / 21-10,Kodai NARAOKA (5) Rank 6 Elo 2242 (-33),54,https://badmintonranks.com/tournament?id=14083,5,Indonesia Open 2024
2024-06-05,Round 1,MD,Leo Rolly.. / Daniel MA.. Rank 14 Elo 1918 (+46),21-14 / 21-17,Fajar ALF.. / Muhamm.. (7) Rank 7 Elo 2196 (-42),37,https://badmintonranks.com/tournament?id=14083,5,Indonesia Open 2024
2024-06-05,Round 1,MD,Kim AST.. / Anders S.. (4) Rank 4 Elo 2198 (+7),21-15 / 21-19,LEE Fan.. / LEE Fang-.. Rank 23 Elo 1861 (-7),48,https://badmintonranks.com/tournament?id=14083,5,Indonesia Open 2024
2024-06-05,Round 1,XD,JIANG Zh.. / WEI Ya X.. (5) Rank 5 Elo 2228 (+3),19-21 / 21-13 / 21-18,YAP Roy .. / Valeree SI.. Rank 52 Elo 1725 (-4),50,https://badmintonranks.com/tournament?id=14083,5,Indonesia Open 2024
2024-06-05,Round 1,XD,YANG Po.. / HU Ling F.. Rank 24 Elo 1946 (+33),21-16 / 18-21 / 21-17,Rinov RI.. / Pitha Hani.. Rank 15 Elo 2024 (-32),56,https://badmintonranks.com/tournament?id=14083,5,Indonesia Open 2024
2024-06-05,Round 1,MS,LI Shi Feng (6) Rank 4 Elo 2274 (+8),21-18 / 21-12,Brian YANG Rank 25 Elo 1997 (-9),49,https://badmintonranks.com/tournament?id=14083,6,Indonesia Open 2024
2024-06-05,Round 1,XD,FENG Ya.. / HUANG .. (2) Rank 2 Elo 2372 (+3),21-16 / 18-21 / 21-16,GUO Xin .. / CHEN Fa.. Rank 79 Elo 1923 (-3),51,https://badmintonranks.com/tournament?id=14083,6,Indonesia Open 2024
2024-06-05,Round 1,WS,HSU Wen Chi Rank 26 Elo 1961 (+46),21-15 / 15-21 / 21-14,PUSARLA V. Sindhu Rank 12 Elo 2251 (-42),70,https://badmintonranks.com/tournament?id=14083,6,Indonesia Open 2024
2024-06-05,Round 1,MS,Toma Junior POPOV Rank 23 Elo 2073 (+20),21-15 / 12-21 / 29-27,WANG Tzu Wei Rank 22 Elo 1991 (-20),85,https://badmintonranks.com/tournament?id=14083,6,Indonesia Open 2024
2024-06-05,Round 1,MS,SHI Yu Qi (2) Rank 2 Elo 2560 (+2),21-16 / 21-13,LEI Lan Xi Rank 33 Elo 1988 (-2),38,https://badmintonranks.com/tournament?id=14083,6,Indonesia Open 2024
2024-06-05,Round 1,MD,Kenya MI.. / Hiroki OK.. Rank 24 Elo 1908 (+21),21-10 / 25-23,Koceila M.. / Youcef Sa.. Rank 62 Elo 1818 (-23),35,https://badmintonranks.com/tournament?id=14083,6,Indonesia Open 2024
2024-06-05,Round 1,XD,Yuki KAN.. / Misaki MA.. Rank 28 Elo 1878 (+33),21-19 / 22-20,HEE Yon.. / TAN Wei .. Rank 17 Elo 1928 (-32),49,https://badmintonranks.com/tournament?id=14083,6,Indonesia Open 2024
2024-06-05,Round 1,WD,KIM So Y.. / KONG H.. (6) Rank 6 Elo 2123 (+2),21-12 / 21-9,Rutaparn.. / Swetaparn.. Rank 48 Elo 1585 (-5),36,https://badmintonranks.com/tournament?id=14083,6,Indonesia Open 2024
2024-06-05,Round 1,MS,Christo POPOV Rank 24 Elo 2036 (+11),21-16 / 21-10,Julien CARRAGGI Rank 45 Elo 1808 (-13),39,https://badmintonranks.com/tournament?id=14083,6,Indonesia Open 2024
2024-06-05,Round 1,WS,GAO Fang jie Rank 27 Elo 2096 (+3),21-14 / 21-8,THET Htar Thuzar Rank 43 Elo 1626 (-7),32,https://badmintonranks.com/tournament?id=14083,6,Indonesia Open 2024
2024-06-05,Round 1,WS,Carolina MARIN (3) Rank 3 Elo 2503 (+7),21-16 / 21-18,ZHANG Yi Man Rank 17 Elo 2198 (-7),46,https://badmintonranks.com/tournament?id=14083,6,Indonesia Open 2024
2024-06-05,Round 1,MS,LU Guang Zu Rank 15 Elo 2169 (+14),14-21 / 21-19 / 21-17,SU Li Yang Rank 30 Elo 2004 (-15),74,https://badmintonranks.com/tournament?id=14083,6,Indonesia Open 2024
2024-06-05,Round 1,MD,HE Ji Ting / REN Xian.. Rank 8 Elo 2244 (+22),9-21 / 21-18 / 21-12,Takuro H.. / Yugo KO.. (6) Rank 6 Elo 2205 (-22),52,https://badmintonranks.com/tournament?id=14083,6,Indonesia Open 2024
2024-06-05,Round 1,WD,YEUNG .. / YEUNG P.. Rank 21 Elo 1735 (+28),21-17 / 21-18,Vivian H.. / LIM Chiew.. Rank 39 Elo 1650 (-35),44,https://badmintonranks.com/tournament?id=14083,6,Indonesia Open 2024
2024-06-05,Round 1,XD,ZHENG .. / HUANG .. (1) Rank 1 Elo 2513 (+2),21-23 / 21-15 / 21-13,Rehan N.. / Lisa Ayu K.. Rank 19 Elo 1948 (-2),59,https://badmintonranks.com/tournament?id=14083,6,Indonesia Open 2024
2024-06-05,Round 1,WD,Nami MA.. / Chiharu .. (4) Rank 3 Elo 2264 (+4),21-14 / 21-17,Francesc.. / Allison Qu.. Rank 37 Elo 1845 (-5),46,https://badmintonranks.com/tournament?id=14083,6,Indonesia Open 2024
2024-06-05,Round 1,WS,HAN Yue (7) Rank 7 Elo 2288 (+14),21-18 / 16-21 / 21-19,ZHANG Beiwen Rank 10 Elo 2116 (-14),58,https://badmintonranks.com/tournament?id=14083,6,Indonesia Open 2024
2024-06-05,Round 1,WS,AN Se Young (1) Rank 1 Elo 2684 (+1),20-22 / 21-7 / 21-11,Tomoka MIYAZAKI Rank 24 Elo 2017 (-1),61,https://badmintonranks.com/tournament?id=14083,6,Indonesia Open 2024
2024-06-04,Round 1,MS,Priyanshu RAJAWAT Rank 34 Elo 1972 (+37),21-17 / 21-12,PRANNOY H. S. Rank 10 Elo 2117 (-35),39,https://badmintonranks.com/tournament?id=14083,6,Indonesia Open 2024
2024-06-04,Round 1,WD,Treesa J.. / GAYATRI .. Rank 25 Elo 2012 (+2),21-15 / 21-11,CHENG .. / SUN Yu H.. Rank 63 Elo 1430 (-6),29,https://badmintonranks.com/tournament?id=14083,6,Indonesia Open 2024
2024-06-04,Round 1,MD,LEE Jhe-.. / YANG Po-.. Rank 12 Elo 2082 (+4),19-21 / 21-14 / 21-14,LOW Han.. / NG Eng C.. Rank 53 Elo 1660 (-8),45,https://badmintonranks.com/tournament?id=14083,7,Indonesia Open 2024
2024-06-04,Round 1,MS,Kenta NISHIMOTO Rank 12 Elo 2190 (+29),17-21 / 21-11 / 21-8,Anthony Sinisuka GIN.. (7) Rank 9 Elo 2239 (-29),60,https://badmintonranks.com/tournament?id=14083,7,Indonesia Open 2024
2024-06-04,Round 1,WD,Mayu MA.. / Wakana .. (7) Rank 7 Elo 2179 (+2),24-22 / 18-21 / 21-15,Julie FIN.. / Mai SURR.. Rank 55 Elo 1640 (-4),67,https://badmintonranks.com/tournament?id=14083,7,Indonesia Open 2024
2024-06-04,Round 1,XD,TANG Ch.. / TSE Ying.. (7) Rank 7 Elo 2153 (+3),21-15 / 21-18,CHOON.. / GO Pei Ke.. Rank 48 Elo 1681 (-5),35,https://badmintonranks.com/tournament?id=14083,7,Indonesia Open 2024
2024-06-04,Round 1,MD,Rasmus .. / Frederik S.. Rank 15 Elo 1892 (+30),21-18 / 23-21,CHEN Bo.. / LIU Yi Rank 21 Elo 1913 (-30),46,https://badmintonranks.com/tournament?id=14083,7,Indonesia Open 2024
2024-06-04,Round 1,MD,LU Ching.. / YANG Po .. Rank 25 Elo 1816 (+18),21-15 / 21-16,Bjarne G.. / Jan Colin .. Rank 54 Elo 1657 (-26),35,https://badmintonranks.com/tournament?id=14083,7,Indonesia Open 2024
2024-06-04,Round 1,MD,Aaron CH.. / SOH Wo.. (5) Rank 5 Elo 2162 (+3),21-14 / 21-11,Vinson C.. / Joshua Y.. Rank 42 Elo 1625 (-5),26,https://badmintonranks.com/tournament?id=14083,7,Indonesia Open 2024
2024-06-04,Round 1,WD,LI Yi jing / LUO Xu m.. Rank 22 Elo 1950 (+5),21-8 / 21-7,Ornnicha .. / Sukitta SU.. Rank 158 Elo 1545 (-12),28,https://badmintonranks.com/tournament?id=14083,7,Indonesia Open 2024
2024-06-04,Round 1,MD,MAN Wei.. / TEE Kai .. Rank 20 Elo 1962 (+46),20-22 / 21-16 / 21-17,KANG Mi.. / SEO Seu.. (3) Rank 3 Elo 2257 (-42),59,https://badmintonranks.com/tournament?id=14083,7,Indonesia Open 2024
2024-06-04,Round 1,MS,Kantaphon WANGCHA.. Rank 51 Elo 1823 (+54),21-16 / 21-9,Chico Aura DWI WARD.. Rank 27 Elo 2141 (-44),37,https://badmintonranks.com/tournament?id=14083,7,Indonesia Open 2024
2024-06-04,Round 1,MS,Anders ANTONSEN (4) Rank 5 Elo 2331 (+9),21-14 / 21-10,LEE Cheuk Yiu Rank 16 Elo 2067 (-9),36,https://badmintonranks.com/tournament?id=14083,7,Indonesia Open 2024
2024-06-04,Round 1,MD,Sabar Ka.. / Moh Reza.. Rank 29 Elo 1917 (+19),24-26 / 24-22 / 26-24,Rahmat .. / Yeremia E.. Rank 101 Elo 1808 (-22),72,https://badmintonranks.com/tournament?id=14083,7,Indonesia Open 2024
2024-06-04,Round 1,WS,Gregoria Mariska TUNJ.. Rank 9 Elo 2358 (+4),21-14 / 21-17,Putri Kusuma WARDANI Rank 32 Elo 1909 (-4),36,https://badmintonranks.com/tournament?id=14083,7,Indonesia Open 2024
2024-06-04,Round 1,WS,Supanida KATETHONG Rank 15 Elo 2158 (+33),21-17 / 21-18,Pornpawee CHOCHUW.. Rank 18 Elo 2257 (-32),43,https://badmintonranks.com/tournament?id=14083,7,Indonesia Open 2024
2024-06-04,Round 1,WD,Apriyani .. / Siti Fadia.. (8) Rank 9 Elo 2107 (+22),21-17 / 16-21 / 21-14,Jongkolp.. / Rawinda .. Rank 10 Elo 2067 (-23),63,https://badmintonranks.com/tournament?id=14083,7,Indonesia Open 2024
2024-06-04,Round 1,MS,Lakshya SEN Rank 14 Elo 2233 (+10),21-12 / 21-17,Kanta TSUNEYAMA Rank 29 Elo 2003 (-11),40,https://badmintonranks.com/tournament?id=14083,7,Indonesia Open 2024
2024-06-04,Round 1,XD,Dechapol.. / Sapsiree .. (6) Rank 6 Elo 2152 (+10),21-15 / 18-21 / 23-21,Supak JO.. / Supissara .. Rank 22 Elo 1906 (-11),58,https://badmintonranks.com/tournament?id=14083,7,Indonesia Open 2024
2024-06-04,Round 1,WS,WANG Zhi Yi (6) Rank 6 Elo 2443 (+2),21-15 / 21-17,GOH Jin Wei Rank 33 Elo 1914 (-3),35,https://badmintonranks.com/tournament?id=14083,7,Indonesia Open 2024
2024-06-04,Round 1,MS,Kunlavut VITIDSARN (8) Rank 8 Elo 2282 (+16),21-13 / 21-10,LOH Kean Yew Rank 13 Elo 2156 (-17),36,https://badmintonranks.com/tournament?id=14083,7,Indonesia Open 2024
2024-06-04,Round 1,WD,Margot L.. / Anne TRAN Rank 16 Elo 1998 (+30),21-19 / 21-18,LI Wen M.. / LIU Xuan .. Rank 17 Elo 2050 (-30),40,https://badmintonranks.com/tournament?id=14083,7,Indonesia Open 2024
2024-06-04,Round 1,MD,LEE Yang / WANG Ch.. Rank 10 Elo 2061 (+15),18-21 / 21-16 / 21-17,CHOON.. / Muhamma.. Rank 26 Elo 1891 (-16),55,https://badmintonranks.com/tournament?id=14083,8,Indonesia Open 2024
2024-06-04,Round 1,MS,WENG Hong Yang Rank 19 Elo 2207 (+13),11-21 / 21-10 / 22-20,Kiran GEORGE Rank 36 Elo 2012 (-13),58,https://badmintonranks.com/tournament?id=14083,8,Indonesia Open 2024
2024-06-04,Round 1,WS,Ester Nurumi Tri WARD.. Rank 35 Elo 2006 (+40),21-17 / 21-16,Nozomi OKUHARA Rank 16 Elo 2203 (-39),43,https://badmintonranks.com/tournament?id=14083,8,Indonesia Open 2024
2024-06-04,Round 1,WS,Kirsty GILMOUR Rank 22 Elo 2034 (+22),21-10 / 21-18,NGUYEN Thuy Linh Rank 23 Elo 1971 (-22),35,https://badmintonranks.com/tournament?id=14083,8,Indonesia Open 2024
2024-06-04,Round 1,WS,Pornpicha CHOEIKEEW.. Rank 40 Elo 1747 (+61),19-21 / 21-9 / 23-21,Michelle LI Rank 36 Elo 2049 (-44),51,https://badmintonranks.com/tournament?id=14083,8,Indonesia Open 2024
2024-06-04,Round 1,MS,LEE Zii Jia Rank 7 Elo 2358 (+11),21-17 / 21-16,NG Ka Long Angus Rank 21 Elo 2141 (-11),40,https://badmintonranks.com/tournament?id=14083,8,Indonesia Open 2024
2024-06-04,Round 1,XD,Dejan FE.. / Gloria Em.. Rank 18 Elo 2004 (+32),21-19 / 21-19,YE Hong .. / LEE Chia .. Rank 11 Elo 2074 (-31),40,https://badmintonranks.com/tournament?id=14083,8,Indonesia Open 2024
2024-06-04,Round 1,XD,Adnan M.. / Nita Violin.. Rank 46 Elo 1723 (+37),21-11 / 21-19,Jan Colin.. / Isabel LO.. Rank 200 Elo 1713 (-37),35,https://badmintonranks.com/tournament?id=14083,8,Indonesia Open 2024
2024-06-04,Round 1,WD,Pearly TA.. / THINAAH .. Rank 13 Elo 1998 (+10),21-19 / 22-20,SUNG Sh.. / YU Chien .. Rank 42 Elo 1743 (-13),40,https://badmintonranks.com/tournament?id=14083,8,Indonesia Open 2024
2024-06-04,Round 1,WS,HE Bing Jiao (8) Rank 8 Elo 2410 (+4),13-21 / 21-15 / 21-17,Line Højmark KJAERSF.. Rank 21 Elo 1962 (-4),59,https://badmintonranks.com/tournament?id=14083,8,Indonesia Open 2024
2024-06-04,Round 1,XD,REDDY .. / REDDY Si.. Rank 45 Elo 1741 (+36),18-21 / 21-16 / 21-17,Vinson C.. / Jennie GA.. Rank 31 Elo 1735 (-36),57,https://badmintonranks.com/tournament?id=14083,8,Indonesia Open 2024
2024-06-04,Round 1,XD,LEE Chu.. / NG Tsz Ya.. Rank 23 Elo 1951 (+37),16-21 / 21-17 / 21-10,GOH Soo.. / LAI Shevo.. Rank 16 Elo 2088 (-35),43,https://badmintonranks.com/tournament?id=14083,8,Indonesia Open 2024
2024-06-04,Round 1,XD,SEO Seu.. / CHAE Yu.. (4) Rank 3 Elo 2318 (+12),21-13 / 21-15,CHEN Ta.. / TOH Ee W.. Rank 9 Elo 2111 (-12),32,https://badmintonranks.com/tournament?id=14083,8,Indonesia Open 2024
2023-06-18,Final,MS,Viktor AXELSEN (1) Rank 1 Elo 2567 (+18),21-14 / 21-13,Anthony Sinisuka GIN.. (2) Rank 2 Elo 2440 (-18),47,https://badmintonranks.com/tournament?id=13710,1,Indonesia Open 2023
2023-06-18,Final,MD,Satwiksai.. / Chirag S.. (7) Rank 6 Elo 2182 (+29),21-17 / 21-18,Aaron CH.. / SOH Wo.. (2) Rank 3 Elo 2193 (-29),43,https://badmintonranks.com/tournament?id=13710,1,Indonesia Open 2023
2023-06-18,Final,WD,BAEK Ha.. / LEE So H.. (5) Rank 2 Elo 2327 (+14),22-20 / 21-10,Yuki FUK.. / Sayaka H.. (7) Rank 9 Elo 2154 (-15),68,https://badmintonranks.com/tournament?id=13710,1,Indonesia Open 2023
2023-06-18,Final,WS,CHEN Yu Fei (4) Rank 4 Elo 2556 (+18),21-18 / 21-19,Carolina MARIN (6) Rank 6 Elo 2430 (-18),64,https://badmintonranks.com/tournament?id=13710,1,Indonesia Open 2023
2023-06-18,Final,XD,ZHENG .. / HUANG .. (1) Rank 1 Elo 2448 (+15),21-14 / 21-11,Yuta WAT.. / Arisa IGA.. (2) Rank 3 Elo 2281 (-15),35,https://badmintonranks.com/tournament?id=13710,1,Indonesia Open 2023
2023-06-17,Semi final,MS,Anthony Sinisuka GIN.. (2) Rank 2 Elo 2421 (+19),21-17 / 21-15,LI Shi Feng Rank 10 Elo 2313 (-19),51,https://badmintonranks.com/tournament?id=13710,1,Indonesia Open 2023
2023-06-17,Semi final,MD,Aaron CH.. / SOH Wo.. (2) Rank 3 Elo 2175 (+18),12-21 / 23-21 / 21-13,Pramudy.. / Yeremia E.. Rank 25 Elo 2048 (-18),57,https://badmintonranks.com/tournament?id=13710,1,Indonesia Open 2023
2023-06-17,Semi final,WD,Yuki FUK.. / Sayaka H.. (7) Rank 9 Elo 2124 (+30),21-16 / 12-21 / 21-13,Mayu MA.. / Wakana N.. Rank 10 Elo 2160 (-30),80,https://badmintonranks.com/tournament?id=13710,1,Indonesia Open 2023
2023-06-17,Semi final,MS,Viktor AXELSEN (1) Rank 1 Elo 2558 (+9),21-15 / 21-15,PRANNOY H. S. (7) Rank 9 Elo 2289 (-9),46,https://badmintonranks.com/tournament?id=13710,1,Indonesia Open 2023
2023-06-17,Semi final,MD,Satwiksai.. / Chirag S.. (7) Rank 6 Elo 2153 (+29),17-21 / 21-19 / 21-18,KANG Mi.. / SEO Seun.. Rank 12 Elo 2177 (-29),67,https://badmintonranks.com/tournament?id=13710,1,Indonesia Open 2023
2023-06-17,Semi final,WD,BAEK Ha.. / LEE So H.. (5) Rank 2 Elo 2316 (+11),21-13 / 21-10,JEONG .. / KIM Hye .. (6) Rank 7 Elo 2069 (-10),52,https://badmintonranks.com/tournament?id=13710,1,Indonesia Open 2023
2023-06-17,Semi final,WS,Carolina MARIN (6) Rank 6 Elo 2413 (+17),21-12 / 21-11,Ratchanok INTANON (8) Rank 8 Elo 2270 (-16),43,https://badmintonranks.com/tournament?id=13710,1,Indonesia Open 2023
2023-06-17,Semi final,XD,Yuta WAT.. / Arisa IGA.. (2) Rank 3 Elo 2271 (+10),22-20 / 11-21 / 21-16,TANG Ch.. / TSE Ying .. Rank 21 Elo 2014 (-10),60,https://badmintonranks.com/tournament?id=13710,1,Indonesia Open 2023
2023-06-17,Semi final,WS,CHEN Yu Fei (4) Rank 4 Elo 2516 (+40),21-8 / 21-17,AN Se Young (2) Rank 2 Elo 2705 (-40),46,https://badmintonranks.com/tournament?id=13710,1,Indonesia Open 2023
2023-06-17,Semi final,XD,ZHENG .. / HUANG .. (1) Rank 1 Elo 2438 (+10),21-19 / 21-10,FENG Ya.. / HUANG .. (6) Rank 5 Elo 2169 (-9),42,https://badmintonranks.com/tournament?id=13710,1,Indonesia Open 2023
2023-06-16,Quarter final,MD,Pramudy.. / Yeremia E.. Rank 25 Elo 2005 (+43),16-21 / 21-17 / 21-19,LIANG W.. / WANG C.. (6) Rank 2 Elo 2231 (-41),60,https://badmintonranks.com/tournament?id=13710,1,Indonesia Open 2023
2023-06-16,Quarter final,MD,KANG Mi.. / SEO Seun.. Rank 12 Elo 2158 (+19),21-14 / 21-10,Leo Rolly.. / Daniel MA.. Rank 10 Elo 2062 (-20),31,https://badmintonranks.com/tournament?id=13710,1,Indonesia Open 2023
2023-06-16,Quarter final,MD,Aaron CH.. / SOH Wo.. (2) Rank 3 Elo 2159 (+16),21-10 / 21-15,Akira KO.. / Taichi SAI.. Rank 24 Elo 2022 (-17),41,https://badmintonranks.com/tournament?id=13710,1,Indonesia Open 2023
2023-06-16,Quarter final,MS,Anthony Sinisuka GIN.. (2) Rank 2 Elo 2405 (+16),21-19 / 21-16,Jonatan CHRISTIE (6) Rank 7 Elo 2263 (-17),51,https://badmintonranks.com/tournament?id=13710,1,Indonesia Open 2023
2023-06-16,Quarter final,MS,Viktor AXELSEN (1) Rank 1 Elo 2552 (+6),21-5 / 21-19,CHOU Tien Chen (5) Rank 8 Elo 2188 (-6),39,https://badmintonranks.com/tournament?id=13710,1,Indonesia Open 2023
2023-06-16,Quarter final,WD,BAEK Ha.. / LEE So H.. (5) Rank 2 Elo 2282 (+34),21-18 / 21-12,CHEN Qi.. / JIA Yi Fan (1) Rank 1 Elo 2392 (-34),54,https://badmintonranks.com/tournament?id=13710,2,Indonesia Open 2023
2023-06-16,Quarter final,WD,Yuki FUK.. / Sayaka H.. (7) Rank 9 Elo 2101 (+23),21-13 / 21-13,Apriyani .. / Siti Fadia.. (4) Rank 6 Elo 2055 (-24),61,https://badmintonranks.com/tournament?id=13710,2,Indonesia Open 2023
2023-06-16,Quarter final,WD,Mayu MA.. / Wakana N.. Rank 10 Elo 2143 (+17),21-16 / 21-12,Rena MI.. / Ayako SA.. Rank 17 Elo 2016 (-18),35,https://badmintonranks.com/tournament?id=13710,2,Indonesia Open 2023
2023-06-16,Quarter final,MS,PRANNOY H. S. (7) Rank 9 Elo 2261 (+28),21-18 / 21-16,Kodai NARAOKA (3) Rank 4 Elo 2291 (-29),55,https://badmintonranks.com/tournament?id=13710,2,Indonesia Open 2023
2023-06-16,Quarter final,MD,Satwiksai.. / Chirag S.. (7) Rank 6 Elo 2123 (+30),21-13 / 21-13,Fajar ALF.. / Muhamm.. (1) Rank 1 Elo 2164 (-30),41,https://badmintonranks.com/tournament?id=13710,2,Indonesia Open 2023
2023-06-16,Quarter final,XD,ZHENG .. / HUANG .. (1) Rank 1 Elo 2436 (+2),21-14 / 21-10,Mathias T.. / Amalie M.. Rank 27 Elo 1897 (-3),31,https://badmintonranks.com/tournament?id=13710,2,Indonesia Open 2023
2023-06-16,Quarter final,WD,JEONG .. / KIM Hye .. (6) Rank 7 Elo 2037 (+32),21-19 / 12-21 / 21-18,ZHANG .. / ZHENG .. (3) Rank 3 Elo 2107 (-32),97,https://badmintonranks.com/tournament?id=13710,2,Indonesia Open 2023
2023-06-16,Quarter final,MS,LI Shi Feng Rank 10 Elo 2298 (+15),21-14 / 14-21 / 21-12,KIDAMBI Srikanth Rank 22 Elo 2139 (-16),69,https://badmintonranks.com/tournament?id=13710,2,Indonesia Open 2023
2023-06-16,Quarter final,WS,AN Se Young (2) Rank 2 Elo 2696 (+9),21-18 / 19-21 / 21-11,HE Bing Jiao (5) Rank 5 Elo 2419 (-9),82,https://badmintonranks.com/tournament?id=13710,2,Indonesia Open 2023
2023-06-16,Quarter final,WS,CHEN Yu Fei (4) Rank 4 Elo 2511 (+5),21-11 / 21-19,KIM Ga Eun Rank 27 Elo 2123 (-5),47,https://badmintonranks.com/tournament?id=13710,2,Indonesia Open 2023
2023-06-16,Quarter final,XD,FENG Ya.. / HUANG .. (6) Rank 5 Elo 2138 (+31),13-21 / 21-13 / 21-12,Dechapol.. / Sapsiree .. (3) Rank 2 Elo 2192 (-30),71,https://badmintonranks.com/tournament?id=13710,2,Indonesia Open 2023
2023-06-16,Quarter final,XD,Yuta WAT.. / Arisa IGA.. (2) Rank 3 Elo 2259 (+12),21-11 / 21-18,Rinov RI.. / Pitha Hani.. Rank 15 Elo 2052 (-13),45,https://badmintonranks.com/tournament?id=13710,2,Indonesia Open 2023
2023-06-16,Quarter final,WS,Carolina MARIN (6) Rank 6 Elo 2373 (+40),21-18 / 21-13,TAI Tzu Ying (3) Rank 3 Elo 2576 (-40),44,https://badmintonranks.com/tournament?id=13710,2,Indonesia Open 2023
2023-06-16,Quarter final,WS,Ratchanok INTANON (8) Rank 8 Elo 2224 (+46),18-21 / 25-23 / 21-16,Akane YAMAGUCHI (1) Rank 1 Elo 2579 (-47),73,https://badmintonranks.com/tournament?id=13710,2,Indonesia Open 2023
2023-06-16,Quarter final,XD,TANG Ch.. / TSE Ying .. Rank 21 Elo 1982 (+32),21-15 / 23-25 / 21-18,Robin TA.. / Selena PI.. Rank 13 Elo 2029 (-31),69,https://badmintonranks.com/tournament?id=13710,2,Indonesia Open 2023
2023-06-15,Round 2,MD,Pramudy.. / Yeremia E.. Rank 25 Elo 1970 (+35),18-21 / 21-19 / 23-21,Hendra S.. / Mohamm.. (4) Rank 7 Elo 2079 (-33),54,https://badmintonranks.com/tournament?id=13710,2,Indonesia Open 2023
2023-06-15,Round 2,MD,LIANG W.. / WANG C.. (6) Rank 2 Elo 2228 (+3),21-9 / 21-16,Keiichiro .. / Yoshinori .. Rank 36 Elo 1755 (-4),31,https://badmintonranks.com/tournament?id=13710,2,Indonesia Open 2023
2023-06-15,Round 2,WS,AN Se Young (2) Rank 2 Elo 2695 (+1),21-11 / 21-9,Kirsty GILMOUR Rank 33 Elo 1962 (-1),32,https://badmintonranks.com/tournament?id=13710,2,Indonesia Open 2023
2023-06-15,Round 2,WS,HE Bing Jiao (5) Rank 5 Elo 2417 (+2),21-16 / 21-14,Yvonne LI Rank 26 Elo 1869 (-2),39,https://badmintonranks.com/tournament?id=13710,2,Indonesia Open 2023
2023-06-15,Round 2,WS,CHEN Yu Fei (4) Rank 4 Elo 2509 (+2),21-13 / 21-19,Saena KAWAKAMI Rank 24 Elo 1966 (-2),43,https://badmintonranks.com/tournament?id=13710,2,Indonesia Open 2023
2023-06-15,Round 2,WD,Yuki FUK.. / Sayaka H.. (7) Rank 9 Elo 2094 (+7),15-21 / 21-17 / 21-8,LEE Chia.. / TENG Ch.. Rank 24 Elo 1781 (-9),70,https://badmintonranks.com/tournament?id=13710,3,Indonesia Open 2023
2023-06-15,Round 2,WD,JEONG .. / KIM Hye .. (6) Rank 7 Elo 2025 (+12),23-21 / 21-11,YEUNG .. / YEUNG P.. Rank 28 Elo 1810 (-14),51,https://badmintonranks.com/tournament?id=13710,3,Indonesia Open 2023
2023-06-15,Round 2,MS,CHOU Tien Chen (5) Rank 8 Elo 2170 (+18),21-16 / 21-8,Brian YANG Rank 26 Elo 2058 (-18),38,https://badmintonranks.com/tournament?id=13710,3,Indonesia Open 2023
2023-06-15,Round 2,MD,KANG Mi.. / SEO Seun.. Rank 12 Elo 2129 (+29),21-18 / 21-14,Takuro H.. / Yugo KO.. (3) Rank 4 Elo 2173 (-28),42,https://badmintonranks.com/tournament?id=13710,3,Indonesia Open 2023
2023-06-15,Round 2,WD,Apriyani .. / Siti Fadia.. (4) Rank 6 Elo 2048 (+7),21-13 / 21-10,Catherine.. / Josephine.. Rank 31 Elo 1718 (-10),32,https://badmintonranks.com/tournament?id=13710,3,Indonesia Open 2023
2023-06-15,Round 2,WD,ZHANG .. / ZHENG .. (3) Rank 3 Elo 2101 (+6),21-18 / 21-8,Meilysa T.. / Rachel All.. Rank 42 Elo 1744 (-9),41,https://badmintonranks.com/tournament?id=13710,3,Indonesia Open 2023
2023-06-15,Round 2,MS,Anthony Sinisuka GIN.. (2) Rank 2 Elo 2401 (+4),20-22 / 21-15 / 21-15,Priyanshu RAJAWAT Rank 34 Elo 1941 (-3),63,https://badmintonranks.com/tournament?id=13710,3,Indonesia Open 2023
2023-06-15,Round 2,MD,Fajar ALF.. / Muhamm.. (1) Rank 1 Elo 2151 (+13),21-14 / 21-17,REN Xian.. / TAN Qiang Rank 19 Elo 1969 (-14),40,https://badmintonranks.com/tournament?id=13710,3,Indonesia Open 2023
2023-06-15,Round 2,WS,KIM Ga Eun Rank 27 Elo 2086 (+37),21-19 / 22-20,WANG Zhi Yi (7) Rank 7 Elo 2236 (-35),47,https://badmintonranks.com/tournament?id=13710,3,Indonesia Open 2023
2023-06-15,Round 2,MD,Leo Rolly.. / Daniel MA.. Rank 10 Elo 2030 (+32),22-20 / 21-17,ONG Yew.. / TEO Ee .. (8) Rank 8 Elo 2105 (-31),42,https://badmintonranks.com/tournament?id=13710,3,Indonesia Open 2023
2023-06-15,Round 2,MS,Jonatan CHRISTIE (6) Rank 7 Elo 2250 (+13),19-21 / 21-11 / 21-11,Toma Junior POPOV Rank 27 Elo 2049 (-13),64,https://badmintonranks.com/tournament?id=13710,3,Indonesia Open 2023
2023-06-15,Round 2,XD,FENG Ya.. / HUANG .. (6) Rank 5 Elo 2110 (+28),21-9 / 21-19,Mathias .. / Alexandra .. Rank 9 Elo 2148 (-29),42,https://badmintonranks.com/tournament?id=13710,3,Indonesia Open 2023
2023-06-15,Round 2,MS,Viktor AXELSEN (1) Rank 1 Elo 2550 (+2),21-8 / 21-13,WANG Tzu Wei Rank 28 Elo 1983 (-2),43,https://badmintonranks.com/tournament?id=13710,3,Indonesia Open 2023
2023-06-15,Round 2,MD,Satwiksai.. / Chirag S.. (7) Rank 6 Elo 2106 (+17),21-17 / 21-15,HE Ji Ting / ZHOU Ha.. Rank 14 Elo 1983 (-18),46,https://badmintonranks.com/tournament?id=13710,3,Indonesia Open 2023
2023-06-15,Round 2,MD,Akira KO.. / Taichi SAI.. Rank 24 Elo 1988 (+34),18-21 / 24-22 / 21-16,LIU Yu C.. / OU Xuan .. (5) Rank 5 Elo 2090 (-34),71,https://badmintonranks.com/tournament?id=13710,3,Indonesia Open 2023
2023-06-15,Round 2,WD,BAEK Ha.. / LEE So H.. (5) Rank 2 Elo 2273 (+9),21-15 / 17-21 / 21-10,Rin IWAN.. / Kie NAKA.. Rank 18 Elo 1991 (-9),85,https://badmintonranks.com/tournament?id=13710,3,Indonesia Open 2023
2023-06-15,Round 2,WD,CHEN Qi.. / JIA Yi Fan (1) Rank 1 Elo 2390 (+2),21-11 / 21-12,Febriana .. / Amallia C.. Rank 13 Elo 1858 (-3),39,https://badmintonranks.com/tournament?id=13710,3,Indonesia Open 2023
2023-06-15,Round 2,MS,PRANNOY H. S. (7) Rank 9 Elo 2237 (+24),21-18 / 21-16,NG Ka Long Angus Rank 16 Elo 2216 (-24),43,https://badmintonranks.com/tournament?id=13710,3,Indonesia Open 2023
2023-06-15,Round 2,WD,Rena MI.. / Ayako SA.. Rank 17 Elo 1990 (+26),13-21 / 21-16 / 21-18,Jongkolp.. / Rawinda .. Rank 8 Elo 1984 (-26),69,https://badmintonranks.com/tournament?id=13710,3,Indonesia Open 2023
2023-06-15,Round 2,WS,Akane YAMAGUCHI (1) Rank 1 Elo 2578 (+1),21-15 / 21-11,Putri Kusuma WARDANI Rank 39 Elo 1932 (-1),36,https://badmintonranks.com/tournament?id=13710,3,Indonesia Open 2023
2023-06-15,Round 2,MS,Kodai NARAOKA (3) Rank 4 Elo 2263 (+28),17-21 / 21-12 / 21-18,SHI Yu Qi Rank 6 Elo 2297 (-28),80,https://badmintonranks.com/tournament?id=13710,4,Indonesia Open 2023
2023-06-15,Round 2,XD,Dechapol.. / Sapsiree .. (3) Rank 2 Elo 2174 (+18),21-17 / 21-19,JIANG Zh.. / WEI Ya Xin Rank 10 Elo 2075 (-18),40,https://badmintonranks.com/tournament?id=13710,4,Indonesia Open 2023
2023-06-15,Round 2,MD,Aaron CH.. / SOH Wo.. (2) Rank 3 Elo 2138 (+21),21-19 / 21-16,CHOI Sol.. / KIM Won .. Rank 9 Elo 2067 (-21),38,https://badmintonranks.com/tournament?id=13710,4,Indonesia Open 2023
2023-06-15,Round 2,WS,TAI Tzu Ying (3) Rank 3 Elo 2571 (+5),21-18 / 21-16,PUSARLA V. Sindhu Rank 14 Elo 2204 (-6),39,https://badmintonranks.com/tournament?id=13710,4,Indonesia Open 2023
2023-06-15,Round 2,XD,Robin TA.. / Selena PI.. Rank 13 Elo 1991 (+38),21-17 / 21-17,SEO Seu.. / CHAE Yu.. (4) Rank 4 Elo 2137 (-36),42,https://badmintonranks.com/tournament?id=13710,4,Indonesia Open 2023
2023-06-15,Round 2,XD,Rinov RI.. / Pitha Hani.. Rank 15 Elo 2040 (+12),21-17 / 21-16,TAN Kian.. / LAI Pei Jin.. Rank 18 Elo 1823 (-14),47,https://badmintonranks.com/tournament?id=13710,4,Indonesia Open 2023
2023-06-15,Round 2,XD,Yuta WAT.. / Arisa IGA.. (2) Rank 3 Elo 2252 (+7),16-21 / 21-13 / 21-13,LEE Chu.. / NG Tsz Ya.. Rank 23 Elo 1915 (-7),62,https://badmintonranks.com/tournament?id=13710,4,Indonesia Open 2023
2023-06-15,Round 2,MS,KIDAMBI Srikanth Rank 22 Elo 2108 (+31),21-17 / 22-20,Lakshya SEN Rank 20 Elo 2169 (-30),45,https://badmintonranks.com/tournament?id=13710,4,Indonesia Open 2023
2023-06-15,Round 2,WD,Mayu MA.. / Wakana N.. Rank 10 Elo 2121 (+22),9-21 / 21-9 / 21-12,Benyapa .. / Nuntakarn.. Rank 11 Elo 2068 (-22),49,https://badmintonranks.com/tournament?id=13710,4,Indonesia Open 2023
2023-06-15,Round 2,WS,Ratchanok INTANON (8) Rank 8 Elo 2192 (+32),21-13 / 21-17,Pornpawee CHOCHUW.. Rank 11 Elo 2276 (-31),42,https://badmintonranks.com/tournament?id=13710,4,Indonesia Open 2023
2023-06-15,Round 2,XD,TANG Ch.. / TSE Ying .. Rank 21 Elo 1952 (+30),21-17 / 21-14,Praveen .. / Melati Dae.. Rank 28 Elo 1991 (-30),35,https://badmintonranks.com/tournament?id=13710,4,Indonesia Open 2023
2023-06-15,Round 2,WS,Carolina MARIN (6) Rank 6 Elo 2367 (+6),26-24 / 23-21,YEO Jia Min Rank 28 Elo 2025 (-6),60,https://badmintonranks.com/tournament?id=13710,4,Indonesia Open 2023
2023-06-15,Round 2,XD,Mathias T.. / Amalie M.. Rank 27 Elo 1858 (+39),21-14 / 21-16,Rehan N.. / Lisa Ayu K.. Rank 12 Elo 1966 (-35),39,https://badmintonranks.com/tournament?id=13710,4,Indonesia Open 2023
2023-06-15,Round 2,XD,ZHENG .. / HUANG .. (1) Rank 1 Elo 2434 (+2),21-14 / 21-17,Hiroki MI.. / Natsu SAI.. Rank 24 Elo 1877 (-3),32,https://badmintonranks.com/tournament?id=13710,4,Indonesia Open 2023
2023-06-15,Round 2,MS,LI Shi Feng Rank 10 Elo 2280 (+18),21-19 / 21-14,LOH Kean Yew (4) Rank 5 Elo 2176 (-18),44,https://badmintonranks.com/tournament?id=13710,4,Indonesia Open 2023
2023-06-14,Round 1,WS,Yvonne LI Rank 26 Elo 1848 (+21),21-16 / 21-15,Clara AZURMENDI Rank 40 Elo 1738 (-25),36,https://badmintonranks.com/tournament?id=13710,4,Indonesia Open 2023
2023-06-14,Round 1,WS,Saena KAWAKAMI Rank 24 Elo 1940 (+26),21-15 / 21-7,Aya OHORI Rank 21 Elo 1923 (-26),30,https://badmintonranks.com/tournament?id=13710,4,Indonesia Open 2023
2023-06-14,Round 1,MD,LIANG W.. / WANG C.. (6) Rank 2 Elo 2226 (+2),21-13 / 21-13,Kevin LEE / Ty Alexan.. Rank 46 Elo 1695 (-4),23,https://badmintonranks.com/tournament?id=13710,4,Indonesia Open 2023
2023-06-14,Round 1,WS,CHEN Yu Fei (4) Rank 4 Elo 2507 (+2),21-17 / 21-11,Natsuki NIDAIRA Rank 25 Elo 1968 (-2),40,https://badmintonranks.com/tournament?id=13710,4,Indonesia Open 2023
2023-06-14,Round 1,MS,Priyanshu RAJAWAT Rank 34 Elo 1941 (+0),W.O.,Kunlavut VITIDSARN Rank 3 Elo 2406 (-0),0,https://badmintonranks.com/tournament?id=13710,4,Indonesia Open 2023
2023-06-14,Round 1,WD,Yuki FUK.. / Sayaka H.. (7) Rank 9 Elo 2088 (+6),21-11 / 21-17,Chloe CO.. / Lauren S.. Rank 25 Elo 1739 (-8),37,https://badmintonranks.com/tournament?id=13710,5,Indonesia Open 2023
2023-06-14,Round 1,WS,HE Bing Jiao (5) Rank 5 Elo 2414 (+3),21-23 / 21-10 / 21-13,PAI Yu Po Rank 23 Elo 1939 (-4),60,https://badmintonranks.com/tournament?id=13710,5,Indonesia Open 2023
2023-06-14,Round 1,MD,Keiichiro .. / Yoshinori .. Rank 36 Elo 1688 (+67),19-21 / 21-15 / 21-19,MAN Wei.. / TEE Kai .. Rank 22 Elo 1933 (-44),66,https://badmintonranks.com/tournament?id=13710,5,Indonesia Open 2023
2023-06-14,Round 1,XD,Robin TA.. / Selena PI.. Rank 13 Elo 1961 (+30),22-24 / 21-12 / 21-19,Kyohei Y.. / Naru SHI.. Rank 17 Elo 2004 (-29),71,https://badmintonranks.com/tournament?id=13710,5,Indonesia Open 2023
2023-06-14,Round 1,WD,LEE Chia.. / TENG Ch.. Rank 24 Elo 1767 (+14),21-14 / 21-19,Debora JI.. / Cheryl SEI.. Rank 32 Elo 1537 (-29),43,https://badmintonranks.com/tournament?id=13710,5,Indonesia Open 2023
2023-06-14,Round 1,MD,CHOI Sol.. / KIM Won .. Rank 9 Elo 2063 (+4),21-18 / 11-4 Ret.,SU Ching.. / YE Hong .. Rank 27 Elo 1797 (-4),27,https://badmintonranks.com/tournament?id=13710,5,Indonesia Open 2023
2023-06-14,Round 1,MD,Takuro H.. / Yugo KO.. (3) Rank 4 Elo 2168 (+5),21-19 / 21-16,Alexande.. / Adam HA.. Rank 26 Elo 1807 (-7),37,https://badmintonranks.com/tournament?id=13710,5,Indonesia Open 2023
2023-06-14,Round 1,WD,CHEN Qi.. / JIA Yi Fan (1) Rank 1 Elo 2386 (+4),21-17 / 21-16,LI Wen M.. / LIU Xuan .. Rank 15 Elo 1954 (-5),48,https://badmintonranks.com/tournament?id=13710,5,Indonesia Open 2023
2023-06-14,Round 1,WD,BAEK Ha.. / LEE So H.. (5) Rank 2 Elo 2270 (+3),21-16 / 21-12,Rui HIRO.. / Yuna KATO Rank 19 Elo 1809 (-4),48,https://badmintonranks.com/tournament?id=13710,5,Indonesia Open 2023
2023-06-14,Round 1,MD,Pramudy.. / Yeremia E.. Rank 25 Elo 1942 (+28),21-15 / 13-21 / 21-14,Ben LANE / Sean VEN.. Rank 17 Elo 1944 (-27),56,https://badmintonranks.com/tournament?id=13710,5,Indonesia Open 2023
2023-06-14,Round 1,XD,Mathias .. / Alexandra .. Rank 9 Elo 2141 (+7),21-17 / 20-22 / 21-9,YANG Po.. / HU Ling F.. Rank 30 Elo 1822 (-9),60,https://badmintonranks.com/tournament?id=13710,5,Indonesia Open 2023
2023-06-14,Round 1,WD,Catherine.. / Josephine.. Rank 31 Elo 1691 (+27),21-17 / 21-12,Ridya Aul.. / Kelly LARI.. Rank 70 Elo 1566 (-40),30,https://badmintonranks.com/tournament?id=13710,5,Indonesia Open 2023
2023-06-14,Round 1,WD,Benyapa .. / Nuntakarn.. Rank 11 Elo 2064 (+4),21-11 / 21-15,Annie XU / Kerry XU Rank 36 Elo 1661 (-8),28,https://badmintonranks.com/tournament?id=13710,5,Indonesia Open 2023
2023-06-14,Round 1,MS,Anthony Sinisuka GIN.. (2) Rank 2 Elo 2398 (+3),21-8 / 21-10,Hans-Kristian Solberg VI.. Rank 39 Elo 1927 (-4),31,https://badmintonranks.com/tournament?id=13710,5,Indonesia Open 2023
2023-06-14,Round 1,XD,SEO Seu.. / CHAE Yu.. (4) Rank 4 Elo 2125 (+12),21-15 / 21-17,Dejan FE.. / Gloria Em.. Rank 14 Elo 1922 (-13),51,https://badmintonranks.com/tournament?id=13710,5,Indonesia Open 2023
2023-06-14,Round 1,MS,Toma Junior POPOV Rank 27 Elo 2016 (+33),21-18 / 21-15,LIN Chun-Yi Rank 24 Elo 2107 (-32),51,https://badmintonranks.com/tournament?id=13710,5,Indonesia Open 2023
2023-06-14,Round 1,MD,LIU Yu C.. / OU Xuan .. (5) Rank 5 Elo 2078 (+12),16-21 / 21-19 / 21-15,Kim AST.. / Anders Sk.. Rank 11 Elo 1866 (-13),67,https://badmintonranks.com/tournament?id=13710,5,Indonesia Open 2023
2023-06-14,Round 1,WS,WANG Zhi Yi (7) Rank 7 Elo 2234 (+2),21-11 / 21-9,THET Htar Thuzar Rank 57 Elo 1730 (-4),28,https://badmintonranks.com/tournament?id=13710,5,Indonesia Open 2023
2023-06-14,Round 1,MD,Aaron CH.. / SOH Wo.. (2) Rank 3 Elo 2117 (+21),21-16 / 21-12,Muhamm.. / Bagas MA.. Rank 13 Elo 2059 (-22),33,https://badmintonranks.com/tournament?id=13710,5,Indonesia Open 2023
2023-06-14,Round 1,MS,Kodai NARAOKA (3) Rank 4 Elo 2236 (+27),14-21 / 21-7 / 21-17,Anders ANTONSEN Rank 18 Elo 2264 (-27),82,https://badmintonranks.com/tournament?id=13710,5,Indonesia Open 2023
2023-06-14,Round 1,XD,TAN Kian.. / LAI Pei Jin.. Rank 18 Elo 1792 (+31),21-14 / 21-13,Gregory .. / Jenny MAI.. Rank 29 Elo 1773 (-32),37,https://badmintonranks.com/tournament?id=13710,6,Indonesia Open 2023
2023-06-14,Round 1,MD,Hendra S.. / Mohamm.. (4) Rank 7 Elo 2074 (+5),21-16 / 21-17,Supak JO.. / Kittinupon.. Rank 29 Elo 1681 (-8),30,https://badmintonranks.com/tournament?id=13710,6,Indonesia Open 2023
2023-06-14,Round 1,WD,Apriyani .. / Siti Fadia.. (4) Rank 6 Elo 2042 (+6),26-24 / 21-15,Linda EF.. / Isabel LO.. Rank 34 Elo 1682 (-9),52,https://badmintonranks.com/tournament?id=13710,6,Indonesia Open 2023
2023-06-14,Round 1,XD,Praveen .. / Melati Dae.. Rank 28 Elo 1979 (+12),21-16 / 21-9,CHAN Pe.. / CHEAH Y.. Rank 33 Elo 1760 (-16),36,https://badmintonranks.com/tournament?id=13710,6,Indonesia Open 2023
2023-06-14,Round 1,MS,Jonatan CHRISTIE (6) Rank 7 Elo 2229 (+21),21-17 / 21-10,Kanta TSUNEYAMA Rank 15 Elo 2173 (-22),39,https://badmintonranks.com/tournament?id=13710,6,Indonesia Open 2023
2023-06-14,Round 1,WD,Mayu MA.. / Wakana N.. Rank 10 Elo 2089 (+32),21-17 / 21-16,KIM So Y.. / KONG H.. (8) Rank 4 Elo 2170 (-32),45,https://badmintonranks.com/tournament?id=13710,6,Indonesia Open 2023
2023-06-14,Round 1,MS,KIDAMBI Srikanth Rank 22 Elo 2074 (+34),21-13 / 21-19,LU Guang Zu Rank 13 Elo 2196 (-34),46,https://badmintonranks.com/tournament?id=13710,6,Indonesia Open 2023
2023-06-14,Round 1,XD,Rinov RI.. / Pitha Hani.. Rank 15 Elo 2013 (+27),21-14 / 21-15,Thom GI.. / Delphine .. (5) Rank 7 Elo 2024 (-27),38,https://badmintonranks.com/tournament?id=13710,6,Indonesia Open 2023
2023-06-14,Round 1,MD,Akira KO.. / Taichi SAI.. Rank 24 Elo 1954 (+34),21-18 / 17-21 / 21-12,LEE Yang / WANG Ch.. Rank 18 Elo 2039 (-33),66,https://badmintonranks.com/tournament?id=13710,6,Indonesia Open 2023
2023-06-14,Round 1,WD,Rena MI.. / Ayako SA.. Rank 17 Elo 1948 (+42),21-16 / 19-21 / 21-17,Nami MA.. / Chiharu .. (2) Rank 5 Elo 2153 (-39),60,https://badmintonranks.com/tournament?id=13710,6,Indonesia Open 2023
2023-06-14,Round 1,MS,Lakshya SEN Rank 20 Elo 2137 (+32),21-17 / 21-13,LEE Zii Jia (8) Rank 11 Elo 2214 (-31),33,https://badmintonranks.com/tournament?id=13710,6,Indonesia Open 2023
2023-06-14,Round 1,WS,AN Se Young (2) Rank 2 Elo 2695 (+0),21-10 / 21-4,AAKARSHI KASHYAP Rank 43 Elo 1708 (-0),28,https://badmintonranks.com/tournament?id=13710,6,Indonesia Open 2023
2023-06-14,Round 1,WS,KIM Ga Eun Rank 27 Elo 2049 (+37),22-24 / 21-17 / 23-21,Michelle LI Rank 13 Elo 2207 (-36),70,https://badmintonranks.com/tournament?id=13710,6,Indonesia Open 2023
2023-06-14,Round 1,MS,LOH Kean Yew (4) Rank 5 Elo 2157 (+19),21-15 / 23-21,Chico Aura DWI WARD.. Rank 23 Elo 2068 (-19),45,https://badmintonranks.com/tournament?id=13710,6,Indonesia Open 2023
2023-06-14,Round 1,XD,TANG Ch.. / TSE Ying .. Rank 21 Elo 1906 (+46),21-8 / 14-21 / 21-10,KIM Won .. / JEONG .. (8) Rank 6 Elo 2171 (-42),53,https://badmintonranks.com/tournament?id=13710,6,Indonesia Open 2023
2023-06-14,Round 1,XD,LEE Chu.. / NG Tsz Ya.. Rank 23 Elo 1885 (+30),18-21 / 21-19 / 23-21,YE Hong .. / LEE Chia .. Rank 22 Elo 1898 (-30),62,https://badmintonranks.com/tournament?id=13710,6,Indonesia Open 2023
2023-06-14,Round 1,WD,Jongkolp.. / Rawinda .. Rank 8 Elo 1974 (+10),21-9 / 21-8,JIN Yu Jia / WONG Jia.. Rank 23 Elo 1718 (-14),29,https://badmintonranks.com/tournament?id=13710,6,Indonesia Open 2023
2023-06-14,Round 1,WS,Kirsty GILMOUR Rank 33 Elo 1925 (+37),21-16 / 21-11,ZHANG Beiwen Rank 15 Elo 2041 (-35),31,https://badmintonranks.com/tournament?id=13710,6,Indonesia Open 2023
2023-06-14,Round 1,MS,LI Shi Feng Rank 10 Elo 2261 (+19),21-18 / 9-21 / 21-19,LEE Cheuk Yiu Rank 14 Elo 2173 (-19),70,https://badmintonranks.com/tournament?id=13710,6,Indonesia Open 2023
2023-06-14,Round 1,WS,Akane YAMAGUCHI (1) Rank 1 Elo 2575 (+3),6-21 / 21-7 / 22-20,ZHANG Yi Man Rank 17 Elo 2101 (-4),51,https://badmintonranks.com/tournament?id=13710,6,Indonesia Open 2023
2023-06-14,Round 1,XD,Yuta WAT.. / Arisa IGA.. (2) Rank 3 Elo 2244 (+8),12-21 / 21-13 / 21-7,Supak JO.. / Supissara .. Rank 11 Elo 1971 (-9),47,https://badmintonranks.com/tournament?id=13710,7,Indonesia Open 2023
2023-06-13,Round 1,WS,Carolina MARIN (6) Rank 6 Elo 2364 (+3),21-11 / 21-11,GOH Jin Wei Rank 31 Elo 1915 (-4),34,https://badmintonranks.com/tournament?id=13710,7,Indonesia Open 2023
2023-06-13,Round 1,WD,JEONG .. / KIM Hye .. (6) Rank 7 Elo 2023 (+2),21-15 / 21-7,Srivedya .. / Ishika JAI.. Rank 40 Elo 1484 (-7),31,https://badmintonranks.com/tournament?id=13710,7,Indonesia Open 2023
2023-06-13,Round 1,WD,YEUNG .. / YEUNG P.. Rank 28 Elo 1796 (+14),21-16 / 21-17,Julie MA.. / Ciara TOR.. Rank 33 Elo 1577 (-26),38,https://badmintonranks.com/tournament?id=13710,7,Indonesia Open 2023
2023-06-13,Round 1,MD,Leo Rolly.. / Daniel MA.. Rank 10 Elo 2015 (+15),23-21 / 8-21 / 21-12,Ayato EN.. / Yuta TAKE.. Rank 28 Elo 1854 (-17),63,https://badmintonranks.com/tournament?id=13710,7,Indonesia Open 2023
2023-06-13,Round 1,MD,HE Ji Ting / ZHOU Ha.. Rank 14 Elo 1972 (+11),21-12 / 21-23 / 21-9,Lucas C.. / Ronan LA.. Rank 32 Elo 1745 (-15),57,https://badmintonranks.com/tournament?id=13710,7,Indonesia Open 2023
2023-06-13,Round 1,MS,Viktor AXELSEN (1) Rank 1 Elo 2546 (+4),21-12 / 21-8,WENG Hong Yang Rank 25 Elo 2128 (-5),36,https://badmintonranks.com/tournament?id=13710,7,Indonesia Open 2023
2023-06-13,Round 1,XD,Mathias T.. / Amalie M.. Rank 27 Elo 1832 (+26),21-19 / 21-12,Marcus E.. / Lauren S.. Rank 46 Elo 1779 (-28),37,https://badmintonranks.com/tournament?id=13710,7,Indonesia Open 2023
2023-06-13,Round 1,MS,Brian YANG Rank 26 Elo 2045 (+13),21-18 / 22-20,Nhat NGUYEN Rank 32 Elo 1852 (-15),64,https://badmintonranks.com/tournament?id=13710,7,Indonesia Open 2023
2023-06-13,Round 1,MD,Satwiksai.. / Chirag S.. (7) Rank 6 Elo 2105 (+1),21-12 / 11-7 Ret.,Christo P.. / Toma Juni.. Rank 42 Elo 1607 (-2),23,https://badmintonranks.com/tournament?id=13710,7,Indonesia Open 2023
2023-06-13,Round 1,WS,Putri Kusuma WARDANI Rank 39 Elo 1909 (+23),15-21 / 22-20 / 23-21,Iris WANG Rank 36 Elo 1850 (-25),92,https://badmintonranks.com/tournament?id=13710,7,Indonesia Open 2023
2023-06-13,Round 1,XD,Hiroki MI.. / Natsu SAI.. Rank 24 Elo 1830 (+47),21-17 / 15-21 / 21-17,CHEN Ta.. / TOH Ee W.. Rank 16 Elo 2033 (-40),60,https://badmintonranks.com/tournament?id=13710,7,Indonesia Open 2023
2023-06-13,Round 1,XD,Rehan N.. / Lisa Ayu K.. Rank 12 Elo 1935 (+31),13-21 / 26-24 / 21-17,GOH Soo.. / LAI Shev.. (7) Rank 8 Elo 1986 (-31),68,https://badmintonranks.com/tournament?id=13710,7,Indonesia Open 2023
2023-06-13,Round 1,MD,Fajar ALF.. / Muhamm.. (1) Rank 1 Elo 2142 (+9),21-15 / 21-11,Jeppe BA.. / Lasse MØ.. Rank 30 Elo 1870 (-10),36,https://badmintonranks.com/tournament?id=13710,7,Indonesia Open 2023
2023-06-13,Round 1,MS,WANG Tzu Wei Rank 28 Elo 1961 (+22),21-12 / 21-9,Kantaphon WANGCHA.. Rank 29 Elo 1890 (-23),35,https://badmintonranks.com/tournament?id=13710,7,Indonesia Open 2023
2023-06-13,Round 1,WD,ZHANG .. / ZHENG .. (3) Rank 3 Elo 2095 (+6),21-14 / 21-18,Margot L.. / Anne TRAN Rank 29 Elo 1741 (-9),41,https://badmintonranks.com/tournament?id=13710,7,Indonesia Open 2023
2023-06-13,Round 1,WS,Ratchanok INTANON (8) Rank 8 Elo 2181 (+11),21-16 / 21-18,HSU Wen Chi Rank 18 Elo 1957 (-11),43,https://badmintonranks.com/tournament?id=13710,7,Indonesia Open 2023
2023-06-13,Round 1,MD,ONG Yew.. / TEO Ee .. (8) Rank 8 Elo 2096 (+9),12-21 / 21-6 / 22-20,M.R.ARJ.. / DHRUV K.. Rank 23 Elo 1826 (-11),60,https://badmintonranks.com/tournament?id=13710,7,Indonesia Open 2023
2023-06-13,Round 1,MD,REN Xian.. / TAN Qiang Rank 19 Elo 1947 (+22),21-15 / 21-16,LEE Jhe-.. / YANG Po-.. Rank 20 Elo 1886 (-23),29,https://badmintonranks.com/tournament?id=13710,7,Indonesia Open 2023
2023-06-13,Round 1,XD,Dechapol.. / Sapsiree .. (3) Rank 2 Elo 2172 (+2),21-17 / 21-9,Zacharia.. / Hediana J.. Rank 32 Elo 1653 (-4),38,https://badmintonranks.com/tournament?id=13710,7,Indonesia Open 2023
2023-06-13,Round 1,WS,PUSARLA V. Sindhu Rank 14 Elo 2169 (+35),21-19 / 21-15,Gregoria Mariska TUNJ.. Rank 9 Elo 2295 (-34),38,https://badmintonranks.com/tournament?id=13710,8,Indonesia Open 2023
2023-06-13,Round 1,MS,PRANNOY H. S. (7) Rank 9 Elo 2218 (+19),21-16 / 21-14,Kenta NISHIMOTO Rank 12 Elo 2126 (-19),50,https://badmintonranks.com/tournament?id=13710,8,Indonesia Open 2023
2023-06-13,Round 1,MS,NG Ka Long Angus Rank 16 Elo 2195 (+21),21-8 / 21-15,Kento MOMOTA Rank 33 Elo 2143 (-22),38,https://badmintonranks.com/tournament?id=13710,8,Indonesia Open 2023
2023-06-13,Round 1,WD,Meilysa T.. / Rachel All.. Rank 42 Elo 1707 (+37),21-18 / 23-21,Vivian H.. / LIM Chiew.. Rank 22 Elo 1679 (-40),59,https://badmintonranks.com/tournament?id=13710,8,Indonesia Open 2023
2023-06-13,Round 1,WS,TAI Tzu Ying (3) Rank 3 Elo 2564 (+7),21-15 / 21-17,HAN Yue Rank 10 Elo 2239 (-7),36,https://badmintonranks.com/tournament?id=13710,8,Indonesia Open 2023
2023-06-13,Round 1,MS,CHOU Tien Chen (5) Rank 8 Elo 2154 (+16),15-21 / 22-20 / 21-1,Christo POPOV Rank 30 Elo 2016 (-17),66,https://badmintonranks.com/tournament?id=13710,8,Indonesia Open 2023
2023-06-13,Round 1,WD,Rin IWAN.. / Kie NAKA.. Rank 18 Elo 1968 (+23),20-22 / 21-12 / 21-16,Treesa J.. / GAYATRI .. Rank 16 Elo 1918 (-24),72,https://badmintonranks.com/tournament?id=13710,8,Indonesia Open 2023
2023-06-13,Round 1,XD,ZHENG .. / HUANG .. (1) Rank 1 Elo 2433 (+1),21-15 / 21-9,Adnan M.. / Nita Violin.. Rank 38 Elo 1820 (-2),33,https://badmintonranks.com/tournament?id=13710,8,Indonesia Open 2023
2023-06-13,Round 1,WS,YEO Jia Min Rank 28 Elo 2018 (+7),4-6 Ret.,Nozomi OKUHARA Rank 22 Elo 2156 (-7),4,https://badmintonranks.com/tournament?id=13710,8,Indonesia Open 2023
2023-06-13,Round 1,XD,JIANG Zh.. / WEI Ya Xin Rank 10 Elo 2055 (+20),21-18 / 19-21 / 21-16,Yuki KAN.. / Misaki MA.. Rank 20 Elo 1973 (-20),54,https://badmintonranks.com/tournament?id=13710,8,Indonesia Open 2023
2023-06-13,Round 1,MD,KANG Mi.. / SEO Seun.. Rank 12 Elo 2120 (+9),15-21 / 21-11 / 21-12,LU Ching.. / YANG Po .. Rank 16 Elo 1849 (-11),56,https://badmintonranks.com/tournament?id=13710,8,Indonesia Open 2023
2023-06-13,Round 1,MS,SHI Yu Qi Rank 6 Elo 2283 (+14),21-7 / 17-21 / 21-13,NG Tze Yong Rank 21 Elo 2115 (-14),60,https://badmintonranks.com/tournament?id=13710,8,Indonesia Open 2023
2023-06-13,Round 1,WS,Pornpawee CHOCHUW.. Rank 11 Elo 2262 (+14),21-17 / 21-18,Supanida KATETHONG Rank 19 Elo 2092 (-14),47,https://badmintonranks.com/tournament?id=13710,8,Indonesia Open 2023
2023-06-13,Round 1,XD,FENG Ya.. / HUANG .. (6) Rank 5 Elo 2102 (+8),21-15 / 21-10,HEE Yon.. / TAN Wei .. Rank 25 Elo 1795 (-9),31,https://badmintonranks.com/tournament?id=13710,8,Indonesia Open 2023
2023-06-13,Round 1,WD,Febriana .. / Amallia C.. Rank 13 Elo 1832 (+26),21-15 / 21-18,Lanny Tri.. / Ribka SU.. Rank 26 Elo 1776 (-28),45,https://badmintonranks.com/tournament?id=13710,8,Indonesia Open 2023
2022-06-19,Final,MD,LIU Yu C.. / OU Xuan .. Rank 75 Elo 2045 (+20),21-17 / 23-21,CHOI Sol.. / KIM Won .. Rank 83 Elo 1937 (-20),49,https://badmintonranks.com/tournament?id=12514,1,Indonesia Open 2022
2022-06-19,Final,MS,Viktor AXELSEN (1) Rank 1 Elo 2645 (+3),21-9 / 21-10,ZHAO Jun Peng Rank 35 Elo 2165 (-4),38,https://badmintonranks.com/tournament?id=12514,1,Indonesia Open 2022
2022-06-19,Final,WD,Nami MA.. / Chiharu .. (6) Rank 7 Elo 2283 (+18),18-21 / 21-14 / 21-17,Yuki FUK.. / Sayaka H.. (4) Rank 4 Elo 2164 (-19),75,https://badmintonranks.com/tournament?id=12514,1,Indonesia Open 2022
2022-06-19,Final,WS,TAI Tzu Ying (2) Rank 2 Elo 2550 (+10),21-23 / 21-6 / 21-15,WANG Zhi Yi Rank 14 Elo 2300 (-11),60,https://badmintonranks.com/tournament?id=12514,1,Indonesia Open 2022
2022-06-19,Final,XD,ZHENG .. / HUANG .. (2) Rank 2 Elo 2372 (+25),21-14 / 21-16,Yuta WAT.. / Arisa IGA.. (3) Rank 3 Elo 2349 (-25),41,https://badmintonranks.com/tournament?id=12514,1,Indonesia Open 2022
2022-06-18,Semi final,MD,CHOI Sol.. / KIM Won .. Rank 83 Elo 1890 (+47),13-21 / 21-12 / 21-18,Kim AST.. / Anders S.. (8) Rank 9 Elo 2110 (-43),68,https://badmintonranks.com/tournament?id=12514,1,Indonesia Open 2022
2022-06-18,Semi final,MS,ZHAO Jun Peng Rank 35 Elo 2132 (+33),21-16 / 21-15,PRANNOY H. S. Rank 23 Elo 2206 (-33),40,https://badmintonranks.com/tournament?id=12514,1,Indonesia Open 2022
2022-06-18,Semi final,WD,Yuki FUK.. / Sayaka H.. (4) Rank 4 Elo 2134 (+30),9-21 / 21-14 / 21-18,LEE So H.. / SHIN Se.. (2) Rank 2 Elo 2171 (-30),68,https://badmintonranks.com/tournament?id=12514,1,Indonesia Open 2022
2022-06-18,Semi final,MD,LIU Yu C.. / OU Xuan .. Rank 75 Elo 2008 (+37),21-18 / 21-13,Aaron CH.. / SOH Wo.. (5) Rank 7 Elo 2124 (-36),38,https://badmintonranks.com/tournament?id=12514,1,Indonesia Open 2022
2022-06-18,Semi final,MS,Viktor AXELSEN (1) Rank 1 Elo 2630 (+15),19-21 / 21-11 / 23-21,LEE Zii Jia (6) Rank 5 Elo 2453 (-14),70,https://badmintonranks.com/tournament?id=12514,1,Indonesia Open 2022
2022-06-18,Semi final,WD,Nami MA.. / Chiharu .. (6) Rank 7 Elo 2273 (+10),21-15 / 21-14,Jongkolp.. / Rawinda .. (7) Rank 8 Elo 2009 (-10),42,https://badmintonranks.com/tournament?id=12514,1,Indonesia Open 2022
2022-06-18,Semi final,WS,TAI Tzu Ying (2) Rank 2 Elo 2523 (+27),10-21 / 26-24 / 21-12,CHEN Yu Fei (4) Rank 4 Elo 2524 (-27),69,https://badmintonranks.com/tournament?id=12514,1,Indonesia Open 2022
2022-06-18,Semi final,XD,ZHENG .. / HUANG .. (2) Rank 2 Elo 2352 (+20),21-6 / 21-14,WANG Yi.. / HUANG .. (4) Rank 4 Elo 2252 (-19),33,https://badmintonranks.com/tournament?id=12514,1,Indonesia Open 2022
2022-06-18,Semi final,WS,WANG Zhi Yi Rank 14 Elo 2258 (+42),21-15 / 21-10,HE Bing Jiao Rank 9 Elo 2466 (-42),42,https://badmintonranks.com/tournament?id=12514,1,Indonesia Open 2022
2022-06-18,Semi final,XD,Yuta WAT.. / Arisa IGA.. (3) Rank 3 Elo 2339 (+10),21-18 / 17-21 / 21-15,SEO Seu.. / CHAE Yu.. (6) Rank 6 Elo 2088 (-11),69,https://badmintonranks.com/tournament?id=12514,1,Indonesia Open 2022
2022-06-17,Quarter final,MD,Kim AST.. / Anders S.. (8) Rank 9 Elo 2075 (+35),21-17 / 16-21 / 21-14,Takuro H.. / Yugo KO.. (3) Rank 2 Elo 2179 (-34),63,https://badmintonranks.com/tournament?id=12514,1,Indonesia Open 2022
2022-06-17,Quarter final,MS,PRANNOY H. S. Rank 23 Elo 2183 (+23),21-14 / 21-12,Rasmus GEMKE Rank 13 Elo 2127 (-23),40,https://badmintonranks.com/tournament?id=12514,1,Indonesia Open 2022
2022-06-17,Quarter final,MD,LIU Yu C.. / OU Xuan .. Rank 75 Elo 1963 (+45),21-18 / 21-18,Fajar ALF.. / Muhamm.. (6) Rank 6 Elo 2204 (-42),45,https://badmintonranks.com/tournament?id=12514,1,Indonesia Open 2022
2022-06-17,Quarter final,MS,Viktor AXELSEN (1) Rank 1 Elo 2625 (+5),21-13 / 19-21 / 21-9,Anthony Sinisuka GIN.. (5) Rank 6 Elo 2255 (-5),67,https://badmintonranks.com/tournament?id=12514,1,Indonesia Open 2022
2022-06-17,Quarter final,MD,CHOI Sol.. / KIM Won .. Rank 83 Elo 1841 (+49),16-21 / 21-13 / 21-18,KANG Mi.. / SEO Seun.. Rank 56 Elo 2059 (-42),61,https://badmintonranks.com/tournament?id=12514,1,Indonesia Open 2022
2022-06-17,Quarter final,WS,TAI Tzu Ying (2) Rank 2 Elo 2520 (+3),21-13 / 21-13,Line Højmark KJAERSF.. Rank 33 Elo 2013 (-3),37,https://badmintonranks.com/tournament?id=12514,2,Indonesia Open 2022
2022-06-17,Quarter final,MS,ZHAO Jun Peng Rank 35 Elo 2105 (+27),21-14 / 17-21 / 21-11,LEE Cheuk Yiu Rank 17 Elo 2108 (-27),59,https://badmintonranks.com/tournament?id=12514,2,Indonesia Open 2022
2022-06-17,Quarter final,MS,LEE Zii Jia (6) Rank 5 Elo 2436 (+17),21-18 / 16-21 / 22-20,LOH Kean Yew Rank 9 Elo 2310 (-18),65,https://badmintonranks.com/tournament?id=12514,2,Indonesia Open 2022
2022-06-17,Quarter final,MD,Aaron CH.. / SOH Wo.. (5) Rank 7 Elo 2098 (+26),14-21 / 21-12 / 22-20,Pramudy.. / Yeremia E.. Rank 16 Elo 2084 (-26),56,https://badmintonranks.com/tournament?id=12514,2,Indonesia Open 2022
2022-06-17,Quarter final,WS,CHEN Yu Fei (4) Rank 4 Elo 2509 (+15),21-16 / 21-10,Nozomi OKUHARA (6) Rank 6 Elo 2342 (-14),37,https://badmintonranks.com/tournament?id=12514,2,Indonesia Open 2022
2022-06-17,Quarter final,WD,Yuki FUK.. / Sayaka H.. (4) Rank 4 Elo 2110 (+24),21-18 / 21-9,JEONG .. / KIM Hye J.. Rank 17 Elo 2069 (-24),60,https://badmintonranks.com/tournament?id=12514,2,Indonesia Open 2022
2022-06-17,Quarter final,WD,Jongkolp.. / Rawinda .. (7) Rank 8 Elo 1959 (+50),21-19 / 21-15,CHEN Qi.. / JIA Yi Fan (1) Rank 1 Elo 2311 (-46),59,https://badmintonranks.com/tournament?id=12514,2,Indonesia Open 2022
2022-06-17,Quarter final,WD,Nami MA.. / Chiharu .. (6) Rank 7 Elo 2265 (+8),21-14 / 22-20,DU Yue / LI Wen Me.. Rank 45 Elo 1960 (-8),51,https://badmintonranks.com/tournament?id=12514,2,Indonesia Open 2022
2022-06-17,Quarter final,XD,WANG Yi.. / HUANG .. (4) Rank 4 Elo 2249 (+3),21-12 / 21-14,CHEN Ta.. / Valeree SI.. Rank Elo 1751 (-4),33,https://badmintonranks.com/tournament?id=12514,2,Indonesia Open 2022
2022-06-17,Quarter final,WS,HE Bing Jiao Rank 9 Elo 2440 (+26),15-21 / 21-17 / 21-14,AN Se Young (3) Rank 3 Elo 2435 (-26),69,https://badmintonranks.com/tournament?id=12514,2,Indonesia Open 2022
2022-06-17,Quarter final,WD,LEE So H.. / SHIN Se.. (2) Rank 2 Elo 2152 (+19),21-14 / 21-19,Apriyani .. / Siti Fadia .. Rank 40 Elo 2050 (-19),52,https://badmintonranks.com/tournament?id=12514,2,Indonesia Open 2022
2022-06-17,Quarter final,XD,ZHENG .. / HUANG .. (2) Rank 2 Elo 2348 (+4),21-18 / 14-21 / 21-17,Mathias .. / Alexandra .. Rank 15 Elo 1945 (-6),62,https://badmintonranks.com/tournament?id=12514,2,Indonesia Open 2022
2022-06-17,Quarter final,WS,WANG Zhi Yi Rank 14 Elo 2215 (+43),21-19 / 21-14,Akane YAMAGUCHI (1) Rank 1 Elo 2466 (-43),43,https://badmintonranks.com/tournament?id=12514,2,Indonesia Open 2022
2022-06-17,Quarter final,XD,Yuta WAT.. / Arisa IGA.. (3) Rank 3 Elo 2329 (+10),22-24 / 21-11 / 21-13,Thom GI.. / Delphine .. Rank 10 Elo 2087 (-11),69,https://badmintonranks.com/tournament?id=12514,2,Indonesia Open 2022
2022-06-17,Quarter final,XD,SEO Seu.. / CHAE Yu.. (6) Rank 6 Elo 2077 (+11),21-16 / 21-17,HOO Pan.. / TOH Ee W.. Rank Elo 1832 (-12),35,https://badmintonranks.com/tournament?id=12514,2,Indonesia Open 2022
2022-06-16,Round 2,WS,Line Højmark KJAERSF.. Rank 33 Elo 1965 (+48),15-21 / 21-16 / 22-20,Ratchanok INTANON (8) Rank 8 Elo 2338 (-45),63,https://badmintonranks.com/tournament?id=12514,2,Indonesia Open 2022
2022-06-16,Round 2,MD,Fajar ALF.. / Muhamm.. (6) Rank 6 Elo 2192 (+12),21-10 / 10-21 / 21-15,Muhamm.. / Bagas MA.. Rank 20 Elo 1984 (-12),49,https://badmintonranks.com/tournament?id=12514,2,Indonesia Open 2022
2022-06-16,Round 2,XD,ZHENG .. / HUANG .. (2) Rank 2 Elo 2343 (+5),21-15 / 21-16,Supak JO.. / Supissara .. Rank 22 Elo 1952 (-5),31,https://badmintonranks.com/tournament?id=12514,2,Indonesia Open 2022
2022-06-16,Round 2,WS,TAI Tzu Ying (2) Rank 2 Elo 2518 (+2),15-21 / 21-16 / 21-9,Iris WANG Rank 31 Elo 1966 (-2),58,https://badmintonranks.com/tournament?id=12514,2,Indonesia Open 2022
2022-06-16,Round 2,MS,Rasmus GEMKE Rank 13 Elo 2112 (+15),21-12 / 21-15,Brice LEVERDEZ Rank 41 Elo 1960 (-15),48,https://badmintonranks.com/tournament?id=12514,2,Indonesia Open 2022
2022-06-16,Round 2,MD,Takuro H.. / Yugo KO.. (3) Rank 2 Elo 2166 (+13),21-11 / 14-21 / 21-19,ONG Yew.. / TEO Ee Yi Rank 10 Elo 1987 (-14),60,https://badmintonranks.com/tournament?id=12514,3,Indonesia Open 2022
2022-06-16,Round 2,MD,CHOI Sol.. / KIM Won .. Rank 83 Elo 1792 (+49),21-12 / 21-18,Akira KO.. / Taichi SAI.. Rank 22 Elo 1981 (-40),38,https://badmintonranks.com/tournament?id=12514,3,Indonesia Open 2022
2022-06-16,Round 2,MS,LEE Cheuk Yiu Rank 17 Elo 2066 (+42),21-18 / 21-13,CHOU Tien Chen (4) Rank 4 Elo 2323 (-41),49,https://badmintonranks.com/tournament?id=12514,3,Indonesia Open 2022
2022-06-16,Round 2,XD,Mathias .. / Alexandra .. Rank 15 Elo 1908 (+37),21-15 / 17-21 / 21-17,KO Sung .. / EOM Hye .. Rank 17 Elo 2011 (-34),80,https://badmintonranks.com/tournament?id=12514,3,Indonesia Open 2022
2022-06-16,Round 2,WD,Apriyani .. / Siti Fadia .. Rank 40 Elo 2028 (+22),21-16 / 16-21 / 21-18,ZHANG .. / ZHENG Yu Rank 38 Elo 1983 (-23),80,https://badmintonranks.com/tournament?id=12514,3,Indonesia Open 2022
2022-06-16,Round 2,MD,KANG Mi.. / SEO Seun.. Rank 56 Elo 2016 (+43),21-14 / 21-12,Marcus G.. / Kevin SU.. (1) Rank 1 Elo 2265 (-41),34,https://badmintonranks.com/tournament?id=12514,3,Indonesia Open 2022
2022-06-16,Round 2,WS,CHEN Yu Fei (4) Rank 4 Elo 2506 (+3),21-10 / 15-21 / 21-12,ZHANG Yi Man Rank 32 Elo 2028 (-4),57,https://badmintonranks.com/tournament?id=12514,3,Indonesia Open 2022
2022-06-16,Round 2,MS,ZHAO Jun Peng Rank 35 Elo 2067 (+38),21-12 / 18-21 / 21-14,Jonatan CHRISTIE (7) Rank 8 Elo 2237 (-37),65,https://badmintonranks.com/tournament?id=12514,3,Indonesia Open 2022
2022-06-16,Round 2,MS,PRANNOY H. S. Rank 23 Elo 2161 (+22),21-11 / 21-18,NG Ka Long Angus Rank 12 Elo 2121 (-23),41,https://badmintonranks.com/tournament?id=12514,3,Indonesia Open 2022
2022-06-16,Round 2,WS,HE Bing Jiao Rank 9 Elo 2430 (+10),21-9 / 21-9,Busanan ONGBAMRUN.. Rank 11 Elo 2188 (-10),32,https://badmintonranks.com/tournament?id=12514,3,Indonesia Open 2022
2022-06-16,Round 2,WS,Nozomi OKUHARA (6) Rank 6 Elo 2332 (+10),21-16 / 21-8,Lalinrat CHAIWAN Rank 21 Elo 2090 (-10),32,https://badmintonranks.com/tournament?id=12514,3,Indonesia Open 2022
2022-06-16,Round 2,MD,LIU Yu C.. / OU Xuan .. Rank 75 Elo 1950 (+13),21-19 / 21-15,M.R.ARJ.. / DHRUV K.. Rank 40 Elo 1751 (-18),41,https://badmintonranks.com/tournament?id=12514,3,Indonesia Open 2022
2022-06-16,Round 2,MD,Kim AST.. / Anders S.. (8) Rank 9 Elo 2056 (+19),21-18 / 16-21 / 21-15,Leo Rolly.. / Daniel MA.. Rank 23 Elo 1964 (-20),76,https://badmintonranks.com/tournament?id=12514,3,Indonesia Open 2022
2022-06-16,Round 2,MS,Anthony Sinisuka GIN.. (5) Rank 6 Elo 2240 (+15),21-17 / 21-9,Hans-Kristian Solberg VI.. Rank 21 Elo 2096 (-16),36,https://badmintonranks.com/tournament?id=12514,3,Indonesia Open 2022
2022-06-16,Round 2,WS,AN Se Young (3) Rank 3 Elo 2427 (+8),21-14 / 21-11,Kirsty GILMOUR Rank 17 Elo 2122 (-8),37,https://badmintonranks.com/tournament?id=12514,3,Indonesia Open 2022
2022-06-16,Round 2,WD,LEE So H.. / SHIN Se.. (2) Rank 2 Elo 2148 (+4),25-23 / 21-11,Febriana .. / Amallia C.. Rank 84 Elo 1733 (-6),48,https://badmintonranks.com/tournament?id=12514,3,Indonesia Open 2022
2022-06-16,Round 2,MD,Pramudy.. / Yeremia E.. Rank 16 Elo 2048 (+36),21-16 / 17-21 / 21-14,LEE Yang / WANG C.. (4) Rank 4 Elo 2185 (-35),55,https://badmintonranks.com/tournament?id=12514,3,Indonesia Open 2022
2022-06-16,Round 2,WD,Jongkolp.. / Rawinda .. (7) Rank 8 Elo 1943 (+16),21-12 / 21-12,Debora JI.. / Cheryl SEI.. Rank 41 Elo 1796 (-19),36,https://badmintonranks.com/tournament?id=12514,3,Indonesia Open 2022
2022-06-16,Round 2,MD,Aaron CH.. / SOH Wo.. (5) Rank 7 Elo 2089 (+9),21-17 / 16-21 / 21-6,Ruben JI.. / Ties VAN .. Rank 44 Elo 1825 (-11),44,https://badmintonranks.com/tournament?id=12514,3,Indonesia Open 2022
2022-06-16,Round 2,XD,CHEN Ta.. / Valeree SI.. Rank Elo 1751 (+0),W.O.,Praveen .. / Melati Da.. (5) Rank 5 Elo 2008 (-3),0,https://badmintonranks.com/tournament?id=12514,3,Indonesia Open 2022
2022-06-16,Round 2,MS,Viktor AXELSEN (1) Rank 1 Elo 2621 (+4),21-17 / 21-9,LU Guang Zu Rank 25 Elo 2166 (-3),45,https://badmintonranks.com/tournament?id=12514,4,Indonesia Open 2022
2022-06-16,Round 2,WD,Yuki FUK.. / Sayaka H.. (4) Rank 4 Elo 2092 (+18),21-19 / 21-12,Pearly TA.. / THINAAH .. Rank 10 Elo 1990 (-19),49,https://badmintonranks.com/tournament?id=12514,4,Indonesia Open 2022
2022-06-16,Round 2,XD,WANG Yi.. / HUANG .. (4) Rank 4 Elo 2246 (+3),21-11 / 21-14,CHAN Pe.. / CHEAH Y.. Rank Elo 1766 (-4),37,https://badmintonranks.com/tournament?id=12514,4,Indonesia Open 2022
2022-06-16,Round 2,XD,Yuta WAT.. / Arisa IGA.. (3) Rank 3 Elo 2327 (+2),21-17 / 21-12,SOONG .. / GOH Liu .. Rank Elo 1692 (-2),34,https://badmintonranks.com/tournament?id=12514,4,Indonesia Open 2022
2022-06-16,Round 2,XD,Thom GI.. / Delphine .. Rank 10 Elo 2063 (+24),22-20 / 21-23 / 21-11,Mark LA.. / Isabel LO.. Rank 12 Elo 2036 (-24),70,https://badmintonranks.com/tournament?id=12514,4,Indonesia Open 2022
2022-06-16,Round 2,WD,JEONG .. / KIM Hye J.. Rank 17 Elo 2042 (+27),18-21 / 21-12 / 21-15,Gabriela .. / Stefani S.. (8) Rank 9 Elo 2051 (-27),63,https://badmintonranks.com/tournament?id=12514,4,Indonesia Open 2022
2022-06-16,Round 2,WD,DU Yue / LI Wen Me.. Rank 45 Elo 1945 (+15),21-10 / 13-21 / 21-9,Vivian H.. / LIM Chiew.. Rank 35 Elo 1777 (-18),63,https://badmintonranks.com/tournament?id=12514,4,Indonesia Open 2022
2022-06-16,Round 2,WD,CHEN Qi.. / JIA Yi Fan (1) Rank 1 Elo 2310 (+1),21-16 / 21-13,Ashwini P.. / REDDY Si.. Rank 23 Elo 1693 (-2),39,https://badmintonranks.com/tournament?id=12514,4,Indonesia Open 2022
2022-06-16,Round 2,MS,LOH Kean Yew Rank 9 Elo 2300 (+10),21-16 / 21-9,Toma Junior POPOV Rank 26 Elo 2056 (-10),37,https://badmintonranks.com/tournament?id=12514,4,Indonesia Open 2022
2022-06-16,Round 2,XD,SEO Seu.. / CHAE Yu.. (6) Rank 6 Elo 2069 (+8),21-19 / 28-26,CHANG .. / NG Wing .. Rank 27 Elo 1775 (-10),44,https://badmintonranks.com/tournament?id=12514,4,Indonesia Open 2022
2022-06-16,Round 2,WS,WANG Zhi Yi Rank 14 Elo 2174 (+41),21-17 / 21-18,Carolina MARIN (5) Rank 5 Elo 2434 (-41),48,https://badmintonranks.com/tournament?id=12514,4,Indonesia Open 2022
2022-06-16,Round 2,XD,HOO Pan.. / TOH Ee W.. Rank Elo 1787 (+45),21-19 / 21-19,GOH Soo.. / LAI Shevo.. Rank 14 Elo 1925 (-38),39,https://badmintonranks.com/tournament?id=12514,4,Indonesia Open 2022
2022-06-16,Round 2,MS,LEE Zii Jia (6) Rank 5 Elo 2431 (+5),21-10 / 21-13,Sameer VERMA Rank 30 Elo 2039 (-5),41,https://badmintonranks.com/tournament?id=12514,4,Indonesia Open 2022
2022-06-16,Round 2,WS,Akane YAMAGUCHI (1) Rank 1 Elo 2462 (+4),21-11 / 5-1 Ret.,Sayaka TAKAHASHI Rank 13 Elo 2216 (-4),20,https://badmintonranks.com/tournament?id=12514,4,Indonesia Open 2022
2022-06-16,Round 2,WD,Nami MA.. / Chiharu .. (6) Rank 7 Elo 2261 (+4),21-17 / 21-15,LIU Xuan.. / XIA Yu Tin.. Rank 22 Elo 1853 (-5),49,https://badmintonranks.com/tournament?id=12514,4,Indonesia Open 2022
2022-06-15,Round 1,MS,Brice LEVERDEZ Rank 41 Elo 1910 (+50),23-21 / 21-10,KIDAMBI Srikanth Rank 11 Elo 2303 (-46),42,https://badmintonranks.com/tournament?id=12514,4,Indonesia Open 2022
2022-06-15,Round 1,WS,Line Højmark KJAERSF.. Rank 33 Elo 1947 (+18),21-16 / 21-8,Lianne TAN Rank 36 Elo 1825 (-20),36,https://badmintonranks.com/tournament?id=12514,4,Indonesia Open 2022
2022-06-15,Round 1,MD,LEE Yang / WANG C.. (4) Rank 4 Elo 2180 (+5),21-13 / 21-15,Supak JO.. / Kittinupon.. Rank 33 Elo 1808 (-7),31,https://badmintonranks.com/tournament?id=12514,4,Indonesia Open 2022
2022-06-15,Round 1,WS,TAI Tzu Ying (2) Rank 2 Elo 2516 (+2),21-14 / 21-14,YEO Jia Min Rank 18 Elo 1965 (-2),30,https://badmintonranks.com/tournament?id=12514,4,Indonesia Open 2022
2022-06-15,Round 1,MS,ZHAO Jun Peng Rank 35 Elo 2042 (+25),21-11 / 21-11,Mark CALJOUW Rank 27 Elo 2029 (-25),30,https://badmintonranks.com/tournament?id=12514,4,Indonesia Open 2022
2022-06-15,Round 1,XD,KO Sung .. / EOM Hye .. Rank 17 Elo 1994 (+17),21-14 / 19-21 / 21-16,Kyohei Y.. / Naru SHI.. Rank 31 Elo 1855 (-19),70,https://badmintonranks.com/tournament?id=12514,5,Indonesia Open 2022
2022-06-15,Round 1,WD,Yuki FUK.. / Sayaka H.. (4) Rank 4 Elo 2079 (+13),21-14 / 21-15,Benyapa .. / Nuntakarn.. Rank 28 Elo 1882 (-14),37,https://badmintonranks.com/tournament?id=12514,5,Indonesia Open 2022
2022-06-15,Round 1,WS,Ratchanok INTANON (8) Rank 8 Elo 2317 (+21),21-17 / 21-17,Pornpawee CHOCHUW.. Rank 10 Elo 2260 (-21),35,https://badmintonranks.com/tournament?id=12514,5,Indonesia Open 2022
2022-06-15,Round 1,MS,Rasmus GEMKE Rank 13 Elo 2072 (+40),21-19 / 19-21 / 21-14,Kento MOMOTA (2) Rank 2 Elo 2282 (-39),82,https://badmintonranks.com/tournament?id=12514,5,Indonesia Open 2022
2022-06-15,Round 1,WS,Iris WANG Rank 31 Elo 1945 (+21),21-9 / 21-15,Yvonne LI Rank 25 Elo 1860 (-23),35,https://badmintonranks.com/tournament?id=12514,5,Indonesia Open 2022
2022-06-15,Round 1,MD,Muhamm.. / Bagas MA.. Rank 20 Elo 1969 (+15),21-16 / 21-16,Alexande.. / Adam HA.. Rank 31 Elo 1806 (-18),39,https://badmintonranks.com/tournament?id=12514,5,Indonesia Open 2022
2022-06-15,Round 1,MS,PRANNOY H. S. Rank 23 Elo 2126 (+35),21-10 / 21-9,Lakshya SEN (8) Rank 10 Elo 2249 (-34),34,https://badmintonranks.com/tournament?id=12514,5,Indonesia Open 2022
2022-06-15,Round 1,XD,Mathias .. / Alexandra .. Rank 15 Elo 1871 (+37),21-15 / 21-16,TAN Kian.. / LAI Pei Ji.. (8) Rank 9 Elo 1972 (-35),46,https://badmintonranks.com/tournament?id=12514,5,Indonesia Open 2022
2022-06-15,Round 1,WD,LEE So H.. / SHIN Se.. (2) Rank 2 Elo 2142 (+6),21-16 / 22-20,Febby Va.. / Ribka SU.. Rank 81 Elo 1786 (-7),47,https://badmintonranks.com/tournament?id=12514,5,Indonesia Open 2022
2022-06-15,Round 1,WD,Pearly TA.. / THINAAH .. Rank 10 Elo 1978 (+12),21-12 / 21-16,Anna Chi.. / TEOH Mei.. Rank 44 Elo 1762 (-15),33,https://badmintonranks.com/tournament?id=12514,5,Indonesia Open 2022
2022-06-15,Round 1,MS,Jonatan CHRISTIE (7) Rank 8 Elo 2230 (+7),22-20 / 21-8,Kantaphon WANGCHA.. Rank 22 Elo 1917 (-8),42,https://badmintonranks.com/tournament?id=12514,5,Indonesia Open 2022
2022-06-15,Round 1,WD,JEONG .. / KIM Hye J.. Rank 17 Elo 2038 (+4),21-9 / 21-8,Haritha M.. / Ashna ROY Rank 111 Elo 1596 (-8),25,https://badmintonranks.com/tournament?id=12514,5,Indonesia Open 2022
2022-06-15,Round 1,WD,Febriana .. / Amallia C.. Rank 84 Elo 1695 (+38),21-19 / 17-21 / 21-15,Margot L.. / Anne TRAN Rank 55 Elo 1672 (-41),80,https://badmintonranks.com/tournament?id=12514,5,Indonesia Open 2022
2022-06-15,Round 1,WD,Apriyani .. / Siti Fadia .. Rank 40 Elo 1986 (+42),21-7 / 17-21 / 21-17,Mayu MA.. / Wakana .. (5) Rank 5 Elo 2203 (-39),68,https://badmintonranks.com/tournament?id=12514,5,Indonesia Open 2022
2022-06-15,Round 1,MD,Ruben JI.. / Ties VAN .. Rank 44 Elo 1801 (+24),18-21 / 21-17 / 21-15,Christo P.. / Toma Juni.. Rank 28 Elo 1704 (-29),59,https://badmintonranks.com/tournament?id=12514,5,Indonesia Open 2022
2022-06-15,Round 1,MS,NG Ka Long Angus Rank 12 Elo 2089 (+32),21-17 / 11-21 / 21-16,Shesar Hiren RHUSTAV.. Rank 24 Elo 2168 (-31),60,https://badmintonranks.com/tournament?id=12514,5,Indonesia Open 2022
2022-06-15,Round 1,MD,Fajar ALF.. / Muhamm.. (6) Rank 6 Elo 2175 (+17),21-19 / 21-14,GOH Sze.. / Nur IZZUD.. Rank 12 Elo 2053 (-17),39,https://badmintonranks.com/tournament?id=12514,5,Indonesia Open 2022
2022-06-15,Round 1,WD,ZHANG .. / ZHENG Yu Rank 38 Elo 1975 (+8),21-9 / 21-10,Ashwini B.. / Shikha GA.. Rank 60 Elo 1684 (-13),28,https://badmintonranks.com/tournament?id=12514,5,Indonesia Open 2022
2022-06-15,Round 1,XD,CHAN Pe.. / CHEAH Y.. Rank Elo 1711 (+55),21-15 / 21-16,Marcus E.. / Lauren S.. Rank 11 Elo 1866 (-42),40,https://badmintonranks.com/tournament?id=12514,5,Indonesia Open 2022
2022-06-15,Round 1,MS,CHOU Tien Chen (4) Rank 4 Elo 2299 (+24),22-20 / 19-21 / 21-12,Kunlavut VITIDSARN Rank 18 Elo 2281 (-24),74,https://badmintonranks.com/tournament?id=12514,5,Indonesia Open 2022
2022-06-15,Round 1,MD,M.R.ARJ.. / DHRUV K.. Rank 40 Elo 1693 (+58),27-25 / 18-21 / 21-19,Keiichiro .. / Yoshinori .. Rank 30 Elo 1839 (-42),83,https://badmintonranks.com/tournament?id=12514,6,Indonesia Open 2022
2022-06-15,Round 1,MD,Pramudy.. / Yeremia E.. Rank 16 Elo 2040 (+8),21-19 / 21-15,Ben LANE / Sean VEN.. Rank 19 Elo 1743 (-11),37,https://badmintonranks.com/tournament?id=12514,6,Indonesia Open 2022
2022-06-15,Round 1,MD,LIU Yu C.. / OU Xuan .. Rank 75 Elo 1913 (+37),21-17 / 24-22,Hendra S.. / Mohamm.. (2) Rank 3 Elo 2028 (-34),43,https://badmintonranks.com/tournament?id=12514,6,Indonesia Open 2022
2022-06-15,Round 1,XD,CHEN Ta.. / Valeree SI.. Rank Elo 1711 (+40),21-17 / 21-14,CHOON.. / PECK Yen.. Rank Elo 1715 (-39),36,https://badmintonranks.com/tournament?id=12514,6,Indonesia Open 2022
2022-06-15,Round 1,MS,LEE Cheuk Yiu Rank 17 Elo 2039 (+27),21-19 / 21-18,LIEW Daren Rank 28 Elo 2043 (-26),45,https://badmintonranks.com/tournament?id=12514,6,Indonesia Open 2022
2022-06-15,Round 1,WD,Gabriela .. / Stefani S.. (8) Rank 9 Elo 2051 (+0),W.O.,Rin IWAN.. / Kie NAKA.. Rank 19 Elo 1934 (-0),0,https://badmintonranks.com/tournament?id=12514,6,Indonesia Open 2022
2022-06-15,Round 1,WS,CHEN Yu Fei (4) Rank 4 Elo 2502 (+4),21-10 / 21-17,KIM Ga Eun Rank 19 Elo 2083 (-4),39,https://badmintonranks.com/tournament?id=12514,6,Indonesia Open 2022
2022-06-15,Round 1,WS,Nozomi OKUHARA (6) Rank 6 Elo 2330 (+2),21-14 / 21-18,PAI Yu Po Rank 41 Elo 1826 (-3),40,https://badmintonranks.com/tournament?id=12514,6,Indonesia Open 2022
2022-06-15,Round 1,XD,Praveen .. / Melati Da.. (5) Rank 5 Elo 1995 (+13),21-6 / 21-18,Adam HA.. / Julie MAC.. Rank 41 Elo 1808 (-16),30,https://badmintonranks.com/tournament?id=12514,6,Indonesia Open 2022
2022-06-15,Round 1,XD,WANG Yi.. / HUANG .. (4) Rank 4 Elo 2242 (+4),13-21 / 21-19 / 26-24,HEE Yon.. / TAN Wei .. Rank 39 Elo 1836 (-6),73,https://badmintonranks.com/tournament?id=12514,6,Indonesia Open 2022
2022-06-15,Round 1,MD,Aaron CH.. / SOH Wo.. (5) Rank 7 Elo 2081 (+8),21-18 / 11-21 / 21-11,KIM Gi Ju.. / KIM Sa R.. Rank 113 Elo 1792 (-11),48,https://badmintonranks.com/tournament?id=12514,6,Indonesia Open 2022
2022-06-15,Round 1,XD,ZHENG .. / HUANG .. (2) Rank 2 Elo 2342 (+1),21-17 / 21-19,GUO Xin .. / ZHANG S.. Rank 42 Elo 1673 (-2),36,https://badmintonranks.com/tournament?id=12514,6,Indonesia Open 2022
2022-06-15,Round 1,WS,Lalinrat CHAIWAN Rank 21 Elo 2067 (+23),21-17 / 10-21 / 21-12,Gregoria Mariska TUNJ.. Rank 30 Elo 2027 (-23),52,https://badmintonranks.com/tournament?id=12514,6,Indonesia Open 2022
2022-06-15,Round 1,WS,ZHANG Yi Man Rank 32 Elo 2023 (+5),13-6 Ret.,Supanida KATETHONG Rank 26 Elo 1996 (-5),10,https://badmintonranks.com/tournament?id=12514,6,Indonesia Open 2022
2022-06-15,Round 1,XD,Supak JO.. / Supissara .. Rank 22 Elo 1941 (+11),21-17 / 13-21 / 21-15,KIM Won .. / JEONG N.. Rank 119 Elo 1705 (-17),53,https://badmintonranks.com/tournament?id=12514,6,Indonesia Open 2022
2022-06-14,Round 1,MD,KANG Mi.. / SEO Seun.. Rank 56 Elo 2006 (+10),21-13 / 21-11,Sabar Ka.. / Moh Reza.. Rank 77 Elo 1771 (-14),35,https://badmintonranks.com/tournament?id=12514,6,Indonesia Open 2022
2022-06-14,Round 1,WD,Vivian H.. / LIM Chiew.. Rank 35 Elo 1757 (+20),21-10 / 21-5,Jaqueline.. / Samia LIM.. Rank 58 Elo 1603 (-32),26,https://badmintonranks.com/tournament?id=12514,6,Indonesia Open 2022
2022-06-14,Round 1,MD,ONG Yew.. / TEO Ee Yi Rank 10 Elo 1973 (+14),21-14 / 21-14,Jeppe BA.. / Lasse MØ.. Rank 32 Elo 1794 (-17),36,https://badmintonranks.com/tournament?id=12514,6,Indonesia Open 2022
2022-06-14,Round 1,MD,Akira KO.. / Taichi SAI.. Rank 22 Elo 1950 (+31),21-18 / 22-20,Mark LA.. / Marvin SE.. Rank 13 Elo 2000 (-31),47,https://badmintonranks.com/tournament?id=12514,6,Indonesia Open 2022
2022-06-14,Round 1,MS,Sameer VERMA Rank 30 Elo 2026 (+13),21-19 / 21-15,Thomas ROUXEL Rank 43 Elo 1829 (-15),45,https://badmintonranks.com/tournament?id=12514,6,Indonesia Open 2022
2022-06-14,Round 1,MD,Takuro H.. / Yugo KO.. (3) Rank 2 Elo 2164 (+2),21-8 / 21-11,ATTRI M.. / REDDY B... Rank 45 Elo 1562 (-4),26,https://badmintonranks.com/tournament?id=12514,7,Indonesia Open 2022
2022-06-14,Round 1,MD,Marcus G.. / Kevin SU.. (1) Rank 1 Elo 2263 (+2),21-19 / 21-16,Wahyu N.. / Ade Yusuf.. Rank 36 Elo 1716 (-4),39,https://badmintonranks.com/tournament?id=12514,7,Indonesia Open 2022
2022-06-14,Round 1,XD,Yuta WAT.. / Arisa IGA.. (3) Rank 3 Elo 2324 (+3),27-25 / 21-23 / 21-15,Robin TA.. / Selena PI.. Rank 21 Elo 1859 (-4),65,https://badmintonranks.com/tournament?id=12514,7,Indonesia Open 2022
2022-06-14,Round 1,WS,AN Se Young (3) Rank 3 Elo 2423 (+4),21-13 / 21-10,Neslihan ARIN Rank 27 Elo 2001 (-4),31,https://badmintonranks.com/tournament?id=12514,7,Indonesia Open 2022
2022-06-14,Round 1,MS,Viktor AXELSEN (1) Rank 1 Elo 2618 (+3),21-8 / 21-4,Kanta TSUNEYAMA Rank 14 Elo 2139 (-3),32,https://badmintonranks.com/tournament?id=12514,7,Indonesia Open 2022
2022-06-14,Round 1,MD,Leo Rolly.. / Daniel MA.. Rank 23 Elo 1955 (+9),21-16 / 21-17,Fabien D.. / William VI.. Rank 35 Elo 1669 (-14),40,https://badmintonranks.com/tournament?id=12514,7,Indonesia Open 2022
2022-06-14,Round 1,WD,DU Yue / LI Wen Me.. Rank 45 Elo 1938 (+7),21-10 / 21-14,LOW Yee.. / Valeree SI.. Rank 73 Elo 1601 (-14),38,https://badmintonranks.com/tournament?id=12514,7,Indonesia Open 2022
2022-06-14,Round 1,WD,Ashwini P.. / REDDY Si.. Rank 23 Elo 1653 (+40),21-15 / 21-8,Srivedya .. / Ishika JAI.. Rank 107 Elo 1605 (-47),27,https://badmintonranks.com/tournament?id=12514,7,Indonesia Open 2022
2022-06-14,Round 1,XD,HOO Pan.. / TOH Ee W.. Rank Elo 1726 (+61),21-14 / 21-19,Yuki KAN.. / Misaki MA.. Rank 16 Elo 1967 (-43),31,https://badmintonranks.com/tournament?id=12514,7,Indonesia Open 2022
2022-06-14,Round 1,XD,SOONG .. / GOH Liu .. Rank Elo 1637 (+55),21-13 / 22-20,Hafiz FAI.. / Serena K.. Rank Elo 1682 (-48),39,https://badmintonranks.com/tournament?id=12514,7,Indonesia Open 2022
2022-06-14,Round 1,WS,Kirsty GILMOUR Rank 17 Elo 2109 (+13),17-21 / 21-16 / 21-19,Line CHRISTOPHERSEN Rank 22 Elo 1924 (-14),59,https://badmintonranks.com/tournament?id=12514,7,Indonesia Open 2022
2022-06-14,Round 1,MD,CHOI Sol.. / KIM Won .. Rank 83 Elo 1764 (+28),21-18 / 21-19,Christoph.. / Matthew .. Rank 51 Elo 1692 (-33),44,https://badmintonranks.com/tournament?id=12514,7,Indonesia Open 2022
2022-06-14,Round 1,MS,LU Guang Zu Rank 25 Elo 2141 (+25),21-18 / 21-13,Kenta NISHIMOTO Rank 20 Elo 2143 (-25),57,https://badmintonranks.com/tournament?id=12514,7,Indonesia Open 2022
2022-06-14,Round 1,MD,Kim AST.. / Anders S.. (8) Rank 9 Elo 2041 (+15),21-15 / 21-16,LU Ching.. / YANG Po .. Rank 24 Elo 1880 (-17),46,https://badmintonranks.com/tournament?id=12514,7,Indonesia Open 2022
2022-06-14,Round 1,WS,WANG Zhi Yi Rank 14 Elo 2157 (+17),21-5 / 21-12,Michelle LI Rank 12 Elo 2035 (-18),31,https://badmintonranks.com/tournament?id=12514,7,Indonesia Open 2022
2022-06-14,Round 1,XD,Thom GI.. / Delphine .. Rank 10 Elo 2056 (+7),21-13 / 21-8,Fabricio .. / Jaqueline .. Rank 61 Elo 1710 (-10),29,https://badmintonranks.com/tournament?id=12514,7,Indonesia Open 2022
2022-06-14,Round 1,WD,Jongkolp.. / Rawinda .. (7) Rank 8 Elo 1915 (+28),21-18 / 16-21 / 21-12,Rachel H.. / Kristen TS.. Rank 20 Elo 1919 (-28),73,https://badmintonranks.com/tournament?id=12514,7,Indonesia Open 2022
2022-06-14,Round 1,WS,Carolina MARIN (5) Rank 5 Elo 2433 (+1),21-17 / 21-17,Julie Dawall JAKOBSEN Rank 39 Elo 1807 (-1),49,https://badmintonranks.com/tournament?id=12514,7,Indonesia Open 2022
2022-06-14,Round 1,MS,Anthony Sinisuka GIN.. (5) Rank 6 Elo 2232 (+8),21-17 / 22-20,Tommy SUGIARTO Rank 33 Elo 1947 (-9),47,https://badmintonranks.com/tournament?id=12514,7,Indonesia Open 2022
2022-06-14,Round 1,WD,CHEN Qi.. / JIA Yi Fan (1) Rank 1 Elo 2306 (+4),21-14 / 20-22 / 23-21,BAEK Ha.. / LEE Yu Lim Rank 42 Elo 1882 (-5),90,https://badmintonranks.com/tournament?id=12514,7,Indonesia Open 2022
2022-06-14,Round 1,XD,SEO Seu.. / CHAE Yu.. (6) Rank 6 Elo 2053 (+16),21-19 / 21-11,Rinov RI.. / Pitha Hani.. Rank 19 Elo 1915 (-17),37,https://badmintonranks.com/tournament?id=12514,8,Indonesia Open 2022
2022-06-14,Round 1,MS,LEE Zii Jia (6) Rank 5 Elo 2428 (+3),21-15 / 21-14,Sitthikom THAMMASIN Rank 32 Elo 1949 (-3),41,https://badmintonranks.com/tournament?id=12514,8,Indonesia Open 2022
2022-06-14,Round 1,WS,Sayaka TAKAHASHI Rank 13 Elo 2201 (+15),21-16 / 21-14,ZHANG Beiwen Rank 16 Elo 2042 (-15),32,https://badmintonranks.com/tournament?id=12514,8,Indonesia Open 2022
2022-06-14,Round 1,XD,GOH Soo.. / LAI Shevo.. Rank 14 Elo 1870 (+55),21-18 / 7-21 / 22-20,Dechapol.. / Sapsiree .. (1) Rank 1 Elo 2360 (-48),69,https://badmintonranks.com/tournament?id=12514,8,Indonesia Open 2022
2022-06-14,Round 1,XD,Mark LA.. / Isabel LO.. Rank 12 Elo 2025 (+11),21-13 / 16-21 / 21-17,Rehan N.. / Lisa Ayu K.. Rank 46 Elo 1792 (-14),60,https://badmintonranks.com/tournament?id=12514,8,Indonesia Open 2022
2022-06-14,Round 1,WS,Busanan ONGBAMRUN.. Rank 11 Elo 2176 (+12),21-15 / 12-21 / 22-20,HAN Yue Rank 23 Elo 1981 (-13),60,https://badmintonranks.com/tournament?id=12514,8,Indonesia Open 2022
2022-06-14,Round 1,MS,LOH Kean Yew Rank 9 Elo 2290 (+10),21-12 / 23-21,HEO Kwang Hee Rank 31 Elo 2032 (-10),42,https://badmintonranks.com/tournament?id=12514,8,Indonesia Open 2022
2022-06-14,Round 1,WD,Debora JI.. / Cheryl SEI.. Rank 41 Elo 1787 (+9),21-16 / 21-10,Mariia ST.. / Yelyzaveta.. Rank 68 Elo 1473 (-23),37,https://badmintonranks.com/tournament?id=12514,8,Indonesia Open 2022
2022-06-14,Round 1,MS,Toma Junior POPOV Rank 26 Elo 2039 (+17),21-15 / 21-15,Nhat NGUYEN Rank 39 Elo 1913 (-18),57,https://badmintonranks.com/tournament?id=12514,8,Indonesia Open 2022
2022-06-14,Round 1,WS,Akane YAMAGUCHI (1) Rank 1 Elo 2457 (+5),21-15 / 21-18,Mia BLICHFELDT Rank 15 Elo 2067 (-5),41,https://badmintonranks.com/tournament?id=12514,8,Indonesia Open 2022
2022-06-14,Round 1,WD,Nami MA.. / Chiharu .. (6) Rank 7 Elo 2260 (+1),21-14 / 24-22,Julie FIN.. / Mai SURR.. Rank 54 Elo 1509 (-2),48,https://badmintonranks.com/tournament?id=12514,8,Indonesia Open 2022
2022-06-14,Round 1,XD,CHANG .. / NG Wing .. Rank 27 Elo 1749 (+26),21-14 / 21-11,Ishaan B.. / Tanisha C.. Rank 47 Elo 1653 (-34),32,https://badmintonranks.com/tournament?id=12514,8,Indonesia Open 2022
2022-06-14,Round 1,WS,HE Bing Jiao Rank 9 Elo 2412 (+18),21-14 / 21-18,PUSARLA V. Sindhu (7) Rank 7 Elo 2312 (-18),47,https://badmintonranks.com/tournament?id=12514,8,Indonesia Open 2022
2022-06-14,Round 1,WD,LIU Xuan.. / XIA Yu Tin.. Rank 22 Elo 1843 (+10),21-10 / 21-8,Julie MA.. / Ciara TOR.. Rank 46 Elo 1564 (-21),33,https://badmintonranks.com/tournament?id=12514,8,Indonesia Open 2022
2022-06-14,Round 1,MS,Hans-Kristian Solberg VI.. Rank 21 Elo 2081 (+15),21-16 / 21-19,SAI PRANEETH B. Rank 19 Elo 1933 (-17),45,https://badmintonranks.com/tournament?id=12514,8,Indonesia Open 2022
2021-11-28,Final,MS,Viktor AXELSEN (2) Rank 2 Elo 2596 (+8),21-13 / 9-21 / 21-13,LOH Kean Yew Rank 26 Elo 2282 (-8),59,https://badmintonranks.com/tournament?id=12423,1,Indonesia Open 2021
2021-11-28,Final,MD,Marcus G.. / Kevin SU.. (1) Rank 1 Elo 2296 (+25),21-14 / 21-18,Takuro H.. / Yugo KOB.. Rank 7 Elo 2262 (-25),38,https://badmintonranks.com/tournament?id=12423,1,Indonesia Open 2021
2021-11-28,Final,XD,Dechapol.. / Sapsiree .. (1) Rank 2 Elo 2316 (+33),21-12 / 21-13,Yuta WAT.. / Arisa IGA.. (3) Rank 4 Elo 2386 (-33),41,https://badmintonranks.com/tournament?id=12423,1,Indonesia Open 2021
2021-11-28,Final,WD,Nami MA.. / Chiharu .. (4) Rank 9 Elo 2188 (+31),21-19 / 21-19,Greysia P.. / Apriyani .. (2) Rank 6 Elo 2227 (-31),65,https://badmintonranks.com/tournament?id=12423,1,Indonesia Open 2021
2021-11-28,Final,WS,AN Se Young (4) Rank 6 Elo 2465 (+14),21-17 / 22-20,Ratchanok INTANON (2) Rank 8 Elo 2285 (-14),46,https://badmintonranks.com/tournament?id=12423,1,Indonesia Open 2021
2021-11-27,Semi final,MS,LOH Kean Yew Rank 26 Elo 2262 (+20),21-14 / 21-7,Rasmus GEMKE Rank 13 Elo 2173 (-21),42,https://badmintonranks.com/tournament?id=12423,1,Indonesia Open 2021
2021-11-27,Semi final,MD,Takuro H.. / Yugo KOB.. Rank 7 Elo 2253 (+9),22-20 / 21-14,Akira KO.. / Taichi SAI.. Rank 24 Elo 1973 (-9),48,https://badmintonranks.com/tournament?id=12423,1,Indonesia Open 2021
2021-11-27,Semi final,MS,Viktor AXELSEN (2) Rank 2 Elo 2590 (+6),21-19 / 21-15,Jonatan CHRISTIE (6) Rank 8 Elo 2248 (-6),54,https://badmintonranks.com/tournament?id=12423,1,Indonesia Open 2021
2021-11-27,Semi final,MD,Marcus G.. / Kevin SU.. (1) Rank 1 Elo 2283 (+13),21-16 / 21-18,Satwiksai.. / Chirag S.. (6) Rank 11 Elo 2092 (-13),44,https://badmintonranks.com/tournament?id=12423,1,Indonesia Open 2021
2021-11-27,Semi final,WD,Nami MA.. / Chiharu .. (4) Rank 9 Elo 2181 (+7),21-19 / 21-18,BAEK Ha.. / LEE Yu Lim Rank 82 Elo 1867 (-9),58,https://badmintonranks.com/tournament?id=12423,1,Indonesia Open 2021
2021-11-27,Semi final,WD,Greysia P.. / Apriyani .. (2) Rank 6 Elo 2217 (+10),21-18 / 21-14,Jongkolp.. / Rawinda .. (3) Rank 8 Elo 1955 (-10),58,https://badmintonranks.com/tournament?id=12423,1,Indonesia Open 2021
2021-11-27,Semi final,XD,Yuta WAT.. / Arisa IGA.. (3) Rank 4 Elo 2380 (+6),21-16 / 21-12,Mathias .. / Alexandra .. Rank 15 Elo 2027 (-6),39,https://badmintonranks.com/tournament?id=12423,1,Indonesia Open 2021
2021-11-27,Semi final,WS,Ratchanok INTANON (2) Rank 8 Elo 2251 (+34),15-21 / 21-9 / 21-14,PUSARLA V. Sindhu (3) Rank 7 Elo 2356 (-34),54,https://badmintonranks.com/tournament?id=12423,1,Indonesia Open 2021
2021-11-27,Semi final,XD,Dechapol.. / Sapsiree .. (1) Rank 2 Elo 2308 (+8),21-17 / 18-21 / 21-14,KO Sung .. / EOM Hye .. Rank 21 Elo 2008 (-8),80,https://badmintonranks.com/tournament?id=12423,1,Indonesia Open 2021
2021-11-27,Semi final,WS,AN Se Young (4) Rank 6 Elo 2450 (+15),21-19 / 21-19,Pornpawee CHOCHU.. (5) Rank 10 Elo 2285 (-15),50,https://badmintonranks.com/tournament?id=12423,1,Indonesia Open 2021
2021-11-26,Quarter final,MD,Takuro H.. / Yugo KOB.. Rank 7 Elo 2241 (+12),14-21 / 21-15 / 21-14,Kim AST.. / Anders S.. (7) Rank 9 Elo 2037 (-13),66,https://badmintonranks.com/tournament?id=12423,1,Indonesia Open 2021
2021-11-26,Quarter final,MS,Viktor AXELSEN (2) Rank 2 Elo 2588 (+2),21-12 / 21-8,SAI PRANEETH B. Rank 16 Elo 2022 (-2),36,https://badmintonranks.com/tournament?id=12423,1,Indonesia Open 2021
2021-11-26,Quarter final,MS,Jonatan CHRISTIE (6) Rank 8 Elo 2248 (+0),W.O.,Anders ANTONSEN (3) Rank 3 Elo 2374 (-3),0,https://badmintonranks.com/tournament?id=12423,1,Indonesia Open 2021
2021-11-26,Quarter final,MD,Akira KO.. / Taichi SAI.. Rank 24 Elo 1934 (+39),21-10 / 13-21 / 21-14,Fajar ALF.. / Muhamm.. (4) Rank 8 Elo 2071 (-37),70,https://badmintonranks.com/tournament?id=12423,1,Indonesia Open 2021
2021-11-26,Quarter final,WD,Nami MA.. / Chiharu .. (4) Rank 9 Elo 2177 (+4),21-17 / 21-13,Febriana .. / Amallia C.. Rank 78 Elo 1707 (-5),43,https://badmintonranks.com/tournament?id=12423,1,Indonesia Open 2021
2021-11-26,Quarter final,MS,LOH Kean Yew Rank 26 Elo 2243 (+19),21-9 / 21-4,Hans-Kristian Solberg VI.. Rank 21 Elo 2139 (-19),25,https://badmintonranks.com/tournament?id=12423,2,Indonesia Open 2021
2021-11-26,Quarter final,WD,BAEK Ha.. / LEE Yu Lim Rank 82 Elo 1810 (+57),18-21 / 21-19 / 21-15,KIM So Y.. / KONG H.. (1) Rank 4 Elo 2143 (-47),100,https://badmintonranks.com/tournament?id=12423,2,Indonesia Open 2021
2021-11-26,Quarter final,MD,Satwiksai.. / Chirag S.. (6) Rank 11 Elo 2072 (+20),21-19 / 21-19,GOH Sze.. / Nur IZZUD.. Rank 19 Elo 1983 (-21),43,https://badmintonranks.com/tournament?id=12423,2,Indonesia Open 2021
2021-11-26,Quarter final,WD,Jongkolp.. / Rawinda .. (3) Rank 8 Elo 1923 (+32),21-10 / 21-14,Gabriela .. / Stefani S.. (5) Rank 11 Elo 1964 (-32),42,https://badmintonranks.com/tournament?id=12423,2,Indonesia Open 2021
2021-11-26,Quarter final,MS,Rasmus GEMKE Rank 13 Elo 2146 (+27),21-18 / 21-17,Kenta NISHIMOTO Rank 17 Elo 2148 (-26),64,https://badmintonranks.com/tournament?id=12423,2,Indonesia Open 2021
2021-11-26,Quarter final,MD,Marcus G.. / Kevin SU.. (1) Rank 1 Elo 2270 (+13),14-21 / 21-14 / 21-16,ONG Yew.. / TEO Ee Yi Rank 12 Elo 2081 (-13),52,https://badmintonranks.com/tournament?id=12423,2,Indonesia Open 2021
2021-11-26,Quarter final,XD,KO Sung .. / EOM Hye .. Rank 21 Elo 1989 (+19),15-21 / 21-16 / 21-18,CHAN Pe.. / GOH Liu .. (5) Rank 9 Elo 1875 (-20),72,https://badmintonranks.com/tournament?id=12423,2,Indonesia Open 2021
2021-11-26,Quarter final,XD,Dechapol.. / Sapsiree .. (1) Rank 2 Elo 2301 (+7),21-10 / 21-11,TAN Kian.. / LAI Pei Jin.. Rank 12 Elo 1971 (-7),33,https://badmintonranks.com/tournament?id=12423,2,Indonesia Open 2021
2021-11-26,Quarter final,WD,Greysia P.. / Apriyani .. (2) Rank 6 Elo 2210 (+7),21-16 / 12-21 / 21-18,Mayu MA.. / Ayako SA.. (7) Rank 82 Elo 1884 (-8),76,https://badmintonranks.com/tournament?id=12423,2,Indonesia Open 2021
2021-11-26,Quarter final,XD,Mathias .. / Alexandra .. Rank 15 Elo 2001 (+26),14-21 / 21-11 / 21-18,Hafiz FAI.. / Gloria E.. (6) Rank 10 Elo 1983 (-27),64,https://badmintonranks.com/tournament?id=12423,2,Indonesia Open 2021
2021-11-26,Quarter final,WS,Ratchanok INTANON (2) Rank 8 Elo 2245 (+6),21-17 / 21-12,Asuka TAKAHASHI Rank 71 Elo 1863 (-6),39,https://badmintonranks.com/tournament?id=12423,2,Indonesia Open 2021
2021-11-26,Quarter final,WS,Pornpawee CHOCHU.. (5) Rank 10 Elo 2242 (+43),21-6 / 21-23 / 21-11,Akane YAMAGUCHI (1) Rank 3 Elo 2506 (-43),72,https://badmintonranks.com/tournament?id=12423,2,Indonesia Open 2021
2021-11-26,Quarter final,XD,Yuta WAT.. / Arisa IGA.. (3) Rank 4 Elo 2370 (+10),21-17 / 21-8,TANG Ch.. / TSE Ying.. (8) Rank 7 Elo 2107 (-10),32,https://badmintonranks.com/tournament?id=12423,2,Indonesia Open 2021
2021-11-26,Quarter final,WS,PUSARLA V. Sindhu (3) Rank 7 Elo 2353 (+3),14-21 / 21-19 / 21-14,SIM Yu Jin Rank 54 Elo 1875 (-4),66,https://badmintonranks.com/tournament?id=12423,2,Indonesia Open 2021
2021-11-26,Quarter final,WS,AN Se Young (4) Rank 6 Elo 2442 (+8),21-13 / 21-11,Lalinrat CHAIWAN Rank 21 Elo 2125 (-7),34,https://badmintonranks.com/tournament?id=12423,2,Indonesia Open 2021
2021-11-25,Round 2,XD,Hafiz FAI.. / Gloria E.. (6) Rank 10 Elo 1974 (+9),19-21 / 21-10 / 21-18,Takuro H.. / Nami MAT.. Rank Elo 1700 (-14),50,https://badmintonranks.com/tournament?id=12423,2,Indonesia Open 2021
2021-11-25,Round 2,XD,TAN Kian.. / LAI Pei Jin.. Rank 12 Elo 1953 (+18),21-8 / 21-16,Adnan M.. / Mychelle .. Rank 35 Elo 1832 (-21),33,https://badmintonranks.com/tournament?id=12423,2,Indonesia Open 2021
2021-11-25,Round 2,MS,Viktor AXELSEN (2) Rank 2 Elo 2583 (+5),21-14 / 21-18,KIDAMBI Srikanth Rank 14 Elo 2180 (-4),37,https://badmintonranks.com/tournament?id=12423,2,Indonesia Open 2021
2021-11-25,Round 2,XD,Dechapol.. / Sapsiree .. (1) Rank 2 Elo 2298 (+3),21-15 / 21-14,CHEN Ta.. / PECK Yen.. Rank 42 Elo 1819 (-3),33,https://badmintonranks.com/tournament?id=12423,2,Indonesia Open 2021
2021-11-25,Round 2,MS,SAI PRANEETH B. Rank 16 Elo 2005 (+17),21-17 / 14-21 / 21-19,Christo POPOV Rank 70 Elo 1883 (-19),83,https://badmintonranks.com/tournament?id=12423,2,Indonesia Open 2021
2021-11-25,Round 2,MS,LOH Kean Yew Rank 26 Elo 2199 (+44),21-7 / 17-21 / 21-19,Kento MOMOTA (1) Rank 1 Elo 2521 (-44),69,https://badmintonranks.com/tournament?id=12423,3,Indonesia Open 2021
2021-11-25,Round 2,XD,CHAN Pe.. / GOH Liu .. (5) Rank 9 Elo 1858 (+17),21-9 / 21-13,Jones Ra.. / Linda EFL.. Rank 146 Elo 1708 (-23),34,https://badmintonranks.com/tournament?id=12423,3,Indonesia Open 2021
2021-11-25,Round 2,MD,Satwiksai.. / Chirag S.. (6) Rank 11 Elo 2063 (+9),21-15 / 19-21 / 23-21,KANG Mi.. / SEO Seun.. Rank Elo 1797 (-12),75,https://badmintonranks.com/tournament?id=12423,3,Indonesia Open 2021
2021-11-25,Round 2,MD,GOH Sze.. / Nur IZZUD.. Rank 19 Elo 1935 (+48),21-15 / 23-21,LEE Yang / WANG C.. (3) Rank 3 Elo 2283 (-44),37,https://badmintonranks.com/tournament?id=12423,3,Indonesia Open 2021
2021-11-25,Round 2,MS,Hans-Kristian Solberg VI.. Rank 21 Elo 2104 (+35),10-21 / 21-18 / 21-13,Kanta TSUNEYAMA Rank 10 Elo 2238 (-34),54,https://badmintonranks.com/tournament?id=12423,3,Indonesia Open 2021
2021-11-25,Round 2,MD,Akira KO.. / Taichi SAI.. Rank 24 Elo 1902 (+32),26-24 / 21-7,LU Ching.. / YANG Po .. Rank 20 Elo 1941 (-31),46,https://badmintonranks.com/tournament?id=12423,3,Indonesia Open 2021
2021-11-25,Round 2,XD,Mathias .. / Alexandra .. Rank 15 Elo 1966 (+35),23-21 / 21-14,Praveen .. / Melati Da.. (2) Rank 5 Elo 2078 (-34),44,https://badmintonranks.com/tournament?id=12423,3,Indonesia Open 2021
2021-11-25,Round 2,MS,Jonatan CHRISTIE (6) Rank 8 Elo 2240 (+8),21-11 / 21-12,Chico Aura DWI WARD.. Rank 60 Elo 1948 (-9),35,https://badmintonranks.com/tournament?id=12423,3,Indonesia Open 2021
2021-11-25,Round 2,MD,Fajar ALF.. / Muhamm.. (4) Rank 8 Elo 2058 (+13),21-11 / 21-10,Muhamm.. / Bagas MA.. Rank 30 Elo 1862 (-15),25,https://badmintonranks.com/tournament?id=12423,3,Indonesia Open 2021
2021-11-25,Round 2,MD,Kim AST.. / Anders S.. (7) Rank 9 Elo 2030 (+7),21-11 / 21-14,Mahiro K.. / Yunosuke .. Rank 60 Elo 1704 (-11),35,https://badmintonranks.com/tournament?id=12423,3,Indonesia Open 2021
2021-11-25,Round 2,XD,KO Sung .. / EOM Hye .. Rank 21 Elo 1964 (+25),12-21 / 21-17 / 21-15,Mark LA.. / Isabel LO.. Rank 14 Elo 1944 (-26),56,https://badmintonranks.com/tournament?id=12423,3,Indonesia Open 2021
2021-11-25,Round 2,MS,Anders ANTONSEN (3) Rank 3 Elo 2365 (+9),18-21 / 21-13 / 21-14,WANG Tzu Wei Rank 11 Elo 2100 (-9),82,https://badmintonranks.com/tournament?id=12423,3,Indonesia Open 2021
2021-11-25,Round 2,WS,Akane YAMAGUCHI (1) Rank 3 Elo 2503 (+3),21-15 / 19-21 / 21-14,YEO Jia Min Rank 18 Elo 2039 (-3),63,https://badmintonranks.com/tournament?id=12423,3,Indonesia Open 2021
2021-11-25,Round 2,WS,SIM Yu Jin Rank 54 Elo 1855 (+20),21-13 / 21-14,Beatriz CORRALES Rank 55 Elo 1740 (-25),36,https://badmintonranks.com/tournament?id=12423,3,Indonesia Open 2021
2021-11-25,Round 2,XD,TANG Ch.. / TSE Ying.. (8) Rank 7 Elo 2102 (+5),21-15 / 21-19,Kyohei Y.. / Naru SHI.. Rank 67 Elo 1703 (-7),41,https://badmintonranks.com/tournament?id=12423,3,Indonesia Open 2021
2021-11-25,Round 2,MD,Marcus G.. / Kevin SU.. (1) Rank 1 Elo 2267 (+3),12-21 / 21-19 / 21-18,CHOI Sol.. / KIM Won .. Rank Elo 1728 (-3),60,https://badmintonranks.com/tournament?id=12423,3,Indonesia Open 2021
2021-11-25,Round 2,MS,Kenta NISHIMOTO Rank 17 Elo 2111 (+37),18-21 / 21-15 / 21-11,CHOU Tien Chen (4) Rank 4 Elo 2283 (-37),76,https://badmintonranks.com/tournament?id=12423,3,Indonesia Open 2021
2021-11-25,Round 2,MS,Rasmus GEMKE Rank 13 Elo 2141 (+5),21-12 Ret.,Shesar Hiren RHUSTAV.. Rank 20 Elo 2127 (-5),23,https://badmintonranks.com/tournament?id=12423,3,Indonesia Open 2021
2021-11-25,Round 2,WD,Nami MA.. / Chiharu .. (4) Rank 9 Elo 2164 (+13),21-17 / 21-16,Puttita S.. / Sapsiree .. Rank 17 Elo 1982 (-14),43,https://badmintonranks.com/tournament?id=12423,3,Indonesia Open 2021
2021-11-25,Round 2,WS,PUSARLA V. Sindhu (3) Rank 7 Elo 2350 (+3),21-12 / 21-18,Yvonne LI Rank 26 Elo 1911 (-4),37,https://badmintonranks.com/tournament?id=12423,3,Indonesia Open 2021
2021-11-25,Round 2,WS,Pornpawee CHOCHU.. (5) Rank 10 Elo 2227 (+15),11-21 / 21-9 / 22-20,Gregoria Mariska TUNJ.. Rank 25 Elo 2073 (-15),60,https://badmintonranks.com/tournament?id=12423,4,Indonesia Open 2021
2021-11-25,Round 2,WS,Lalinrat CHAIWAN Rank 21 Elo 2089 (+36),21-19 / 14-21 / 21-14,Sayaka TAKAHASHI (8) Rank 13 Elo 2237 (-36),56,https://badmintonranks.com/tournament?id=12423,4,Indonesia Open 2021
2021-11-25,Round 2,MD,Takuro H.. / Yugo KOB.. Rank 7 Elo 2230 (+11),25-23 / 27-25,Pramudy.. / Yeremia E.. Rank 28 Elo 1998 (-11),53,https://badmintonranks.com/tournament?id=12423,4,Indonesia Open 2021
2021-11-25,Round 2,WD,Mayu MA.. / Ayako SA.. (7) Rank 82 Elo 1857 (+27),21-16 / 22-20,Rin IWAN.. / Kie NAKA.. Rank 36 Elo 1835 (-29),44,https://badmintonranks.com/tournament?id=12423,4,Indonesia Open 2021
2021-11-25,Round 2,XD,Yuta WAT.. / Arisa IGA.. (3) Rank 4 Elo 2369 (+1),21-17 / 21-12,CHANG .. / NG Wing .. Rank 29 Elo 1738 (-1),33,https://badmintonranks.com/tournament?id=12423,4,Indonesia Open 2021
2021-11-25,Round 2,MD,ONG Yew.. / TEO Ee Yi Rank 12 Elo 2049 (+32),21-14 / 21-17,Aaron CH.. / SOH Wo.. (5) Rank 6 Elo 2137 (-32),29,https://badmintonranks.com/tournament?id=12423,4,Indonesia Open 2021
2021-11-25,Round 2,WD,Febriana .. / Amallia C.. Rank 78 Elo 1627 (+80),14-21 / 22-20 / 21-17,Pearly TA.. / THINAAH.. (8) Rank 18 Elo 1861 (-47),81,https://badmintonranks.com/tournament?id=12423,4,Indonesia Open 2021
2021-11-25,Round 2,WD,Greysia P.. / Apriyani .. (2) Rank 6 Elo 2209 (+1),21-10 / 21-15,Fitriani FI.. / Yulia Yose.. Rank 82 Elo 1540 (-2),37,https://badmintonranks.com/tournament?id=12423,4,Indonesia Open 2021
2021-11-25,Round 2,WD,KIM So Y.. / KONG H.. (1) Rank 4 Elo 2133 (+10),21-19 / 18-21 / 21-16,JEONG .. / KIM Hye J.. Rank 87 Elo 1887 (-11),88,https://badmintonranks.com/tournament?id=12423,4,Indonesia Open 2021
2021-11-25,Round 2,WS,Ratchanok INTANON (2) Rank 8 Elo 2240 (+5),21-11 / 21-16,PAI Yu Po Rank 39 Elo 1854 (-5),36,https://badmintonranks.com/tournament?id=12423,4,Indonesia Open 2021
2021-11-25,Round 2,WD,Jongkolp.. / Rawinda .. (3) Rank 8 Elo 1912 (+11),24-26 / 21-12 / 21-11,Vivian H.. / LIM Chiew.. Rank 110 Elo 1671 (-18),78,https://badmintonranks.com/tournament?id=12423,4,Indonesia Open 2021
2021-11-25,Round 2,WS,AN Se Young (4) Rank 6 Elo 2442 (+0),21-8 / 21-10,LéOnice HUET Rank 60 Elo 1693 (-1),25,https://badmintonranks.com/tournament?id=12423,4,Indonesia Open 2021
2021-11-25,Round 2,WD,BAEK Ha.. / LEE Yu Lim Rank 82 Elo 1771 (+39),21-19 / 21-9,Chloe CO.. / Lauren S.. (6) Rank 13 Elo 1821 (-36),48,https://badmintonranks.com/tournament?id=12423,4,Indonesia Open 2021
2021-11-25,Round 2,WD,Gabriela .. / Stefani S.. (5) Rank 11 Elo 1955 (+9),21-14 / 21-15,LEE Men.. / YAP Chen.. Rank 134 Elo 1666 (-14),35,https://badmintonranks.com/tournament?id=12423,4,Indonesia Open 2021
2021-11-25,Round 2,WS,Asuka TAKAHASHI Rank 71 Elo 1805 (+58),21-7 / 22-20,Busanan ONGBAMRU.. (7) Rank 12 Elo 2193 (-46),36,https://badmintonranks.com/tournament?id=12423,4,Indonesia Open 2021
2021-11-24,Round 1,MS,Viktor AXELSEN (2) Rank 2 Elo 2582 (+1),21-14 / 21-14,Koki WATANABE Rank 40 Elo 1951 (-1),43,https://badmintonranks.com/tournament?id=12423,4,Indonesia Open 2021
2021-11-24,Round 1,XD,Mathias .. / Alexandra .. Rank 15 Elo 1938 (+28),21-14 / 13-21 / 21-16,Rinov RI.. / Pitha Hani.. Rank 20 Elo 1940 (-27),59,https://badmintonranks.com/tournament?id=12423,4,Indonesia Open 2021
2021-11-24,Round 1,MD,LU Ching.. / YANG Po .. Rank 20 Elo 1914 (+27),21-17 / 15-21 / 21-19,Vladimir I.. / Ivan SOZ.. (8) Rank 15 Elo 1903 (-28),67,https://badmintonranks.com/tournament?id=12423,4,Indonesia Open 2021
2021-11-24,Round 1,XD,Takuro H.. / Nami MAT.. Rank Elo 1655 (+45),22-24 / 21-12 / 21-19,REDDY .. / Ashwini P.. Rank 99 Elo 1645 (-46),58,https://badmintonranks.com/tournament?id=12423,4,Indonesia Open 2021
2021-11-24,Round 1,MD,Pramudy.. / Yeremia E.. Rank 28 Elo 1984 (+14),18-21 / 21-17 / 21-9,Ben LANE / Sean VEN.. Rank 17 Elo 1807 (-17),55,https://badmintonranks.com/tournament?id=12423,4,Indonesia Open 2021
2021-11-24,Round 1,XD,CHANG .. / NG Wing .. Rank 29 Elo 1711 (+27),22-20 / 16-21 / 21-16,Rehan N.. / Lisa Ayu K.. Rank 52 Elo 1605 (-38),57,https://badmintonranks.com/tournament?id=12423,5,Indonesia Open 2021
2021-11-24,Round 1,XD,Hafiz FAI.. / Gloria E.. (6) Rank 10 Elo 1968 (+6),21-17 / 21-16,Oliver LE.. / Anona PAK Rank 60 Elo 1579 (-11),39,https://badmintonranks.com/tournament?id=12423,5,Indonesia Open 2021
2021-11-24,Round 1,MS,Christo POPOV Rank 70 Elo 1825 (+58),21-17 / 21-18,Anthony Sinisuka GIN.. (5) Rank 5 Elo 2302 (-47),49,https://badmintonranks.com/tournament?id=12423,5,Indonesia Open 2021
2021-11-24,Round 1,MS,WANG Tzu Wei Rank 11 Elo 2080 (+20),21-17 / 21-17,Tommy SUGIARTO Rank 24 Elo 2005 (-21),40,https://badmintonranks.com/tournament?id=12423,5,Indonesia Open 2021
2021-11-24,Round 1,XD,Praveen .. / Melati Da.. (2) Rank 5 Elo 2077 (+1),1-0 Ret.,Yujiro NI.. / Saori OZA.. Rank 104 Elo 1627 (-1),,https://badmintonranks.com/tournament?id=12423,5,Indonesia Open 2021
2021-11-24,Round 1,MS,KIDAMBI Srikanth Rank 14 Elo 2165 (+15),21-15 / 19-21 / 21-12,PRANNOY H. S. Rank 31 Elo 2023 (-16),56,https://badmintonranks.com/tournament?id=12423,5,Indonesia Open 2021
2021-11-24,Round 1,MS,Anders ANTONSEN (3) Rank 3 Elo 2353 (+12),21-15 / 17-21 / 21-17,Kunlavut VITIDSARN Rank 22 Elo 2145 (-12),79,https://badmintonranks.com/tournament?id=12423,5,Indonesia Open 2021
2021-11-24,Round 1,MS,Jonatan CHRISTIE (6) Rank 8 Elo 2230 (+10),21-14 / 21-15,LIEW Daren Rank 36 Elo 1999 (-11),35,https://badmintonranks.com/tournament?id=12423,5,Indonesia Open 2021
2021-11-24,Round 1,MD,Takuro H.. / Yugo KOB.. Rank 7 Elo 2211 (+19),23-21 / 15-21 / 21-15,Hendra S.. / Mohamm.. (2) Rank 2 Elo 2121 (-19),60,https://badmintonranks.com/tournament?id=12423,5,Indonesia Open 2021
2021-11-24,Round 1,XD,Yuta WAT.. / Arisa IGA.. (3) Rank 4 Elo 2366 (+3),21-18 / 21-12,HOO Pan.. / CHEAH Y.. Rank 23 Elo 1868 (-3),37,https://badmintonranks.com/tournament?id=12423,5,Indonesia Open 2021
2021-11-24,Round 1,WS,Ratchanok INTANON (2) Rank 8 Elo 2226 (+14),21-19 / 21-12,KIM Ga Eun Rank 19 Elo 2064 (-15),36,https://badmintonranks.com/tournament?id=12423,5,Indonesia Open 2021
2021-11-24,Round 1,WD,Gabriela .. / Stefani S.. (5) Rank 11 Elo 1943 (+12),29-27 / 21-18,Ashwini P.. / REDDY Si.. Rank 24 Elo 1712 (-16),54,https://badmintonranks.com/tournament?id=12423,5,Indonesia Open 2021
2021-11-24,Round 1,MS,SAI PRANEETH B. Rank 16 Elo 1979 (+26),21-19 / 21-18,Toma Junior POPOV Rank 33 Elo 1962 (-26),46,https://badmintonranks.com/tournament?id=12423,5,Indonesia Open 2021
2021-11-24,Round 1,MD,Mahiro K.. / Yunosuke .. Rank 60 Elo 1667 (+37),21-14 / 21-11,Panjer Aji.. / Bryan Sid.. Rank 79 Elo 1603 (-44),30,https://badmintonranks.com/tournament?id=12423,5,Indonesia Open 2021
2021-11-24,Round 1,WD,Vivian H.. / LIM Chiew.. Rank 110 Elo 1636 (+35),15-21 / 21-8 / 21-10,Melani M.. / Tryola NA.. Rank Elo 1533 (-49),54,https://badmintonranks.com/tournament?id=12423,5,Indonesia Open 2021
2021-11-24,Round 1,MD,Akira KO.. / Taichi SAI.. Rank 24 Elo 1875 (+27),21-19 / 21-11,Supak JO.. / Kittinupon.. Rank 48 Elo 1855 (-28),36,https://badmintonranks.com/tournament?id=12423,5,Indonesia Open 2021
2021-11-24,Round 1,MD,Fajar ALF.. / Muhamm.. (4) Rank 8 Elo 2042 (+16),21-17 / 22-20,Leo Rolly.. / Daniel MA.. Rank 27 Elo 1909 (-18),40,https://badmintonranks.com/tournament?id=12423,5,Indonesia Open 2021
2021-11-24,Round 1,MS,Chico Aura DWI WARD.. Rank 60 Elo 1944 (+4),21-11 / 21-18,Henrikho Wibowo KHO Rank Elo 1500 (-11),31,https://badmintonranks.com/tournament?id=12423,5,Indonesia Open 2021
2021-11-24,Round 1,WS,PUSARLA V. Sindhu (3) Rank 7 Elo 2341 (+9),17-21 / 21-17 / 21-17,Aya OHORI Rank 22 Elo 2073 (-9),70,https://badmintonranks.com/tournament?id=12423,5,Indonesia Open 2021
2021-11-24,Round 1,MD,Kim AST.. / Anders S.. (7) Rank 9 Elo 2024 (+6),22-20 / 21-11,Lucas C.. / Ronan LA.. Rank 56 Elo 1671 (-11),39,https://badmintonranks.com/tournament?id=12423,5,Indonesia Open 2021
2021-11-24,Round 1,WS,Asuka TAKAHASHI Rank 71 Elo 1783 (+22),21-14 / 14-21 / 21-11,Fitriani FITRIANI Rank 41 Elo 1669 (-31),56,https://badmintonranks.com/tournament?id=12423,6,Indonesia Open 2021
2021-11-24,Round 1,WS,PAI Yu Po Rank 39 Elo 1812 (+42),14-21 / 21-18 / 21-11,Line CHRISTOPHERSEN Rank 27 Elo 1934 (-37),49,https://badmintonranks.com/tournament?id=12423,6,Indonesia Open 2021
2021-11-24,Round 1,XD,TANG Ch.. / TSE Ying.. (8) Rank 7 Elo 2101 (+1),21-12 / 19-21 / 21-19,SEO Seu.. / KIM Hye J.. Rank Elo 1473 (-4),63,https://badmintonranks.com/tournament?id=12423,6,Indonesia Open 2021
2021-11-24,Round 1,MD,Muhamm.. / Bagas MA.. Rank 30 Elo 1835 (+27),21-18 / 22-20,Sabar Ka.. / Moh Reza.. Rank 101 Elo 1795 (-29),36,https://badmintonranks.com/tournament?id=12423,6,Indonesia Open 2021
2021-11-24,Round 1,WS,Busanan ONGBAMRU.. (7) Rank 12 Elo 2180 (+13),21-10 / 21-13,Evgeniya KOSETSKAYA Rank 24 Elo 1985 (-13),33,https://badmintonranks.com/tournament?id=12423,6,Indonesia Open 2021
2021-11-24,Round 1,WS,Yvonne LI Rank 26 Elo 1870 (+41),19-21 / 23-21 / 21-13,Neslihan ARIN Rank 28 Elo 2015 (-37),68,https://badmintonranks.com/tournament?id=12423,6,Indonesia Open 2021
2021-11-24,Round 1,WD,LEE Men.. / YAP Chen.. Rank 134 Elo 1592 (+74),21-12 / 19-21 / 26-24,Alexandr.. / Mette PO.. Rank 31 Elo 1707 (-52),79,https://badmintonranks.com/tournament?id=12423,6,Indonesia Open 2021
2021-11-24,Round 1,WD,Mayu MA.. / Ayako SA.. (7) Rank 82 Elo 1849 (+8),21-13 / 21-4,Mariia ST.. / Yelyzaveta.. Rank 101 Elo 1523 (-19),28,https://badmintonranks.com/tournament?id=12423,6,Indonesia Open 2021
2021-11-24,Round 1,WS,SIM Yu Jin Rank 54 Elo 1798 (+57),21-11 / 21-9,Michelle LI (6) Rank 11 Elo 2137 (-45),31,https://badmintonranks.com/tournament?id=12423,6,Indonesia Open 2021
2021-11-24,Round 1,WS,Beatriz CORRALES Rank 55 Elo 1702 (+38),21-23 / 21-14 / 21-17,Marie BATOMENE Rank 59 Elo 1686 (-41),61,https://badmintonranks.com/tournament?id=12423,6,Indonesia Open 2021
2021-11-24,Round 1,XD,Kyohei Y.. / Naru SHI.. Rank 67 Elo 1641 (+62),21-7 / 21-12,DHRUV .. / REDDY Si.. Rank 124 Elo 1748 (-47),28,https://badmintonranks.com/tournament?id=12423,6,Indonesia Open 2021
2021-11-24,Round 1,WD,Rin IWAN.. / Kie NAKA.. Rank 36 Elo 1793 (+42),21-13 / 14-21 / 21-9,Chisato H.. / Aoi MATS.. Rank 37 Elo 1899 (-37),62,https://badmintonranks.com/tournament?id=12423,6,Indonesia Open 2021
2021-11-23,Round 1,XD,Dechapol.. / Sapsiree .. (1) Rank 2 Elo 2296 (+2),21-10 / 21-7,KIM Youn.. / CHAE Yu .. Rank 88 Elo 1780 (-4),27,https://badmintonranks.com/tournament?id=12423,6,Indonesia Open 2021
2021-11-23,Round 1,WS,YEO Jia Min Rank 18 Elo 2035 (+4),21-9 / 21-10,Jordan HART Rank 63 Elo 1616 (-9),31,https://badmintonranks.com/tournament?id=12423,6,Indonesia Open 2021
2021-11-23,Round 1,XD,CHAN Pe.. / GOH Liu .. (5) Rank 9 Elo 1840 (+18),21-12 / 21-17,Zacharia.. / Hediana J.. Rank 95 Elo 1683 (-24),33,https://badmintonranks.com/tournament?id=12423,6,Indonesia Open 2021
2021-11-23,Round 1,MS,Kento MOMOTA (1) Rank 1 Elo 2516 (+5),23-21 / 21-15,Lakshya SEN Rank 19 Elo 2135 (-5),54,https://badmintonranks.com/tournament?id=12423,6,Indonesia Open 2021
2021-11-23,Round 1,WS,Akane YAMAGUCHI (1) Rank 3 Elo 2502 (+1),21-13 / 21-10,Maria ULITINA Rank 65 Elo 1670 (-1),24,https://badmintonranks.com/tournament?id=12423,6,Indonesia Open 2021
2021-11-23,Round 1,MS,Kenta NISHIMOTO Rank 17 Elo 2100 (+11),21-13 / 21-13,Thomas ROUXEL Rank 38 Elo 1881 (-13),44,https://badmintonranks.com/tournament?id=12423,6,Indonesia Open 2021
2021-11-23,Round 1,WD,JEONG .. / KIM Hye J.. Rank 87 Elo 1876 (+11),20-22 / 21-6 / 21-11,Benyapa .. / Nuntakarn.. Rank 46 Elo 1635 (-20),64,https://badmintonranks.com/tournament?id=12423,6,Indonesia Open 2021
2021-11-23,Round 1,WD,Chloe CO.. / Lauren S.. (6) Rank 13 Elo 1810 (+11),21-15 / 21-11,Julie FIN.. / Mai SURR.. Rank 43 Elo 1523 (-23),40,https://badmintonranks.com/tournament?id=12423,6,Indonesia Open 2021
2021-11-23,Round 1,MD,Aaron CH.. / SOH Wo.. (5) Rank 6 Elo 2120 (+17),25-23 / 21-12,Mark LA.. / Marvin SE.. Rank 16 Elo 1991 (-17),41,https://badmintonranks.com/tournament?id=12423,7,Indonesia Open 2021
2021-11-23,Round 1,XD,CHEN Ta.. / PECK Yen.. Rank 42 Elo 1772 (+47),19-21 / 21-18 / 21-15,Yuki KAN.. / Misaki MA.. Rank 17 Elo 1912 (-38),63,https://badmintonranks.com/tournament?id=12423,7,Indonesia Open 2021
2021-11-23,Round 1,WS,LéOnice HUET Rank 60 Elo 1610 (+83),22-20 / 21-10,Clara AZURMENDI Rank 46 Elo 1823 (-48),33,https://badmintonranks.com/tournament?id=12423,7,Indonesia Open 2021
2021-11-23,Round 1,XD,Jones Ra.. / Linda EFL.. Rank 146 Elo 1686 (+22),21-12 / 21-4,Venkat G.. / Juhi DEW.. Rank 64 Elo 1508 (-39),23,https://badmintonranks.com/tournament?id=12423,7,Indonesia Open 2021
2021-11-23,Round 1,MD,ONG Yew.. / TEO Ee Yi Rank 12 Elo 2043 (+6),21-11 / 21-11,TAN Kian.. / TAN Wee .. Rank 134 Elo 1692 (-10),27,https://badmintonranks.com/tournament?id=12423,7,Indonesia Open 2021
2021-11-23,Round 1,WS,AN Se Young (4) Rank 6 Elo 2440 (+2),21-11 / 21-8,Ruselli HARTAWAN Rank 43 Elo 1866 (-3),26,https://badmintonranks.com/tournament?id=12423,7,Indonesia Open 2021
2021-11-23,Round 1,MS,LOH Kean Yew Rank 26 Elo 2188 (+11),21-11 / 21-14,PARUPALLI Kashyap Rank 34 Elo 1951 (-11),32,https://badmintonranks.com/tournament?id=12423,7,Indonesia Open 2021
2021-11-23,Round 1,WS,Pornpawee CHOCHU.. (5) Rank 10 Elo 2223 (+4),21-12 / 21-12,Lianne TAN Rank 36 Elo 1782 (-5),39,https://badmintonranks.com/tournament?id=12423,7,Indonesia Open 2021
2021-11-23,Round 1,MD,KANG Mi.. / SEO Seun.. Rank Elo 1770 (+27),9-21 / 21-14 / 21-16,Hiroki OK.. / Masayuki .. Rank 59 Elo 1690 (-32),58,https://badmintonranks.com/tournament?id=12423,7,Indonesia Open 2021
2021-11-23,Round 1,WD,Febriana .. / Amallia C.. Rank 78 Elo 1523 (+104),21-11 / 21-15,Nita Violi.. / Putri SYAI.. Rank 35 Elo 1704 (-59),55,https://badmintonranks.com/tournament?id=12423,7,Indonesia Open 2021
2021-11-23,Round 1,MS,CHOU Tien Chen (4) Rank 4 Elo 2263 (+20),21-12 / 21-14,LEE Cheuk Yiu Rank 15 Elo 2195 (-21),35,https://badmintonranks.com/tournament?id=12423,7,Indonesia Open 2021
2021-11-23,Round 1,WD,BAEK Ha.. / LEE Yu Lim Rank 82 Elo 1738 (+33),21-17 / 21-13,Linda EF.. / Isabel LO.. Rank 30 Elo 1702 (-36),47,https://badmintonranks.com/tournament?id=12423,7,Indonesia Open 2021
2021-11-23,Round 1,MD,Marcus G.. / Kevin SU.. (1) Rank 1 Elo 2265 (+2),12-21 / 21-18 / 21-15,Keiichiro .. / Yoshinori .. Rank 43 Elo 1742 (-3),65,https://badmintonranks.com/tournament?id=12423,7,Indonesia Open 2021
2021-11-23,Round 1,WS,Lalinrat CHAIWAN Rank 21 Elo 2086 (+3),21-18 / 21-19,Yulia Yosephine SUSAN.. Rank 90 Elo 1636 (-7),50,https://badmintonranks.com/tournament?id=12423,7,Indonesia Open 2021
2021-11-23,Round 1,MS,Kanta TSUNEYAMA Rank 10 Elo 2216 (+22),22-20 / 13-21 / 21-19,NG Ka Long Angus (8) Rank 9 Elo 2170 (-22),68,https://badmintonranks.com/tournament?id=12423,7,Indonesia Open 2021
2021-11-23,Round 1,WS,Gregoria Mariska TUNJ.. Rank 25 Elo 2060 (+13),21-16 / 21-15,Supanida KATETHONG Rank 33 Elo 1868 (-15),34,https://badmintonranks.com/tournament?id=12423,7,Indonesia Open 2021
2021-11-23,Round 1,MD,CHOI Sol.. / KIM Won .. Rank Elo 1683 (+45),22-20 / 21-13,M.R.ARJ.. / DHRUV K.. Rank 41 Elo 1709 (-42),41,https://badmintonranks.com/tournament?id=12423,7,Indonesia Open 2021
2021-11-23,Round 1,MD,GOH Sze.. / Nur IZZUD.. Rank 19 Elo 1923 (+12),22-20 / 21-10,Christo P.. / Toma Juni.. Rank 31 Elo 1686 (-17),38,https://badmintonranks.com/tournament?id=12423,7,Indonesia Open 2021
2021-11-23,Round 1,MS,Shesar Hiren RHUSTAV.. Rank 20 Elo 2111 (+16),21-12 / 15-21 / 21-16,Sitthikom THAMMASIN Rank 30 Elo 1976 (-17),50,https://badmintonranks.com/tournament?id=12423,7,Indonesia Open 2021
2021-11-23,Round 1,XD,KO Sung .. / EOM Hye .. Rank 21 Elo 1936 (+28),21-13 / 21-13,Marcus E.. / Lauren S.. (4) Rank 8 Elo 1939 (-28),40,https://badmintonranks.com/tournament?id=12423,7,Indonesia Open 2021
2021-11-23,Round 1,MS,Rasmus GEMKE Rank 13 Elo 2100 (+41),13-21 / 25-23 / 21-16,LEE Zii Jia (7) Rank 7 Elo 2325 (-39),67,https://badmintonranks.com/tournament?id=12423,8,Indonesia Open 2021
2021-11-23,Round 1,WD,Pearly TA.. / THINAAH.. (8) Rank 18 Elo 1847 (+14),22-20 / 21-19,Clara AZ.. / Beatriz C.. Rank 68 Elo 1640 (-23),43,https://badmintonranks.com/tournament?id=12423,8,Indonesia Open 2021
2021-11-23,Round 1,WD,Fitriani FI.. / Yulia Yose.. Rank 82 Elo 1540 (+0),W.O.,Febby Va.. / Jesita Putr.. Rank Elo 1707 (-0),0,https://badmintonranks.com/tournament?id=12423,8,Indonesia Open 2021
2021-11-23,Round 1,WD,Puttita S.. / Sapsiree .. Rank 17 Elo 1982 (+0),W.O.,Siti Fadia.. / Ribka SU.. Rank 27 Elo 1866 (-0),0,https://badmintonranks.com/tournament?id=12423,8,Indonesia Open 2021
2021-11-23,Round 1,XD,TAN Kian.. / LAI Pei Jin.. Rank 12 Elo 1923 (+30),22-20 / 21-17,GOH Soo.. / LAI Shevo.. Rank 13 Elo 1949 (-30),42,https://badmintonranks.com/tournament?id=12423,8,Indonesia Open 2021
2021-11-23,Round 1,MS,Hans-Kristian Solberg VI.. Rank 21 Elo 2085 (+19),21-18 / 21-12,Kantaphon WANGCHA.. Rank 18 Elo 1986 (-19),39,https://badmintonranks.com/tournament?id=12423,8,Indonesia Open 2021
2021-11-23,Round 1,WS,Sayaka TAKAHASHI (8) Rank 13 Elo 2230 (+7),21-14 / 21-14,Saena KAWAKAMI Rank 44 Elo 1893 (-7),37,https://badmintonranks.com/tournament?id=12423,8,Indonesia Open 2021
2021-11-23,Round 1,XD,Adnan M.. / Mychelle .. Rank 35 Elo 1781 (+51),21-17 / 21-17,Thom GI.. / Delphine .. (7) Rank 11 Elo 1974 (-41),46,https://badmintonranks.com/tournament?id=12423,8,Indonesia Open 2021
2021-11-23,Round 1,MD,LEE Yang / WANG C.. (3) Rank 3 Elo 2282 (+1),21-14 / 21-16,GOH V S.. / LOW Juan.. Rank 156 Elo 1677 (-2),30,https://badmintonranks.com/tournament?id=12423,8,Indonesia Open 2021
2021-11-23,Round 1,XD,Mark LA.. / Isabel LO.. Rank 14 Elo 1918 (+26),23-21 / 15-21 / 21-15,Supak JO.. / Supissara .. Rank 26 Elo 1886 (-26),52,https://badmintonranks.com/tournament?id=12423,8,Indonesia Open 2021
2021-11-23,Round 1,MD,Satwiksai.. / Chirag SH.. Rank 11 Elo 2063 (+0),W.O.,KIM Jae .. / NA Sung .. Rank Elo 1645 (-0),0,https://badmintonranks.com/tournament?id=12423,8,Indonesia Open 2021
